scan_time,symbol,sector,industry,current_price,day_change_pct,52w_low,52w_high,distance_pct,distance_from_high_pct,rsi,sma50,sma200,avg_volume_20,latest_volume,volume_ratio,trend,trend_score,momentum_score,reversal_score,volume_score,risk_penalty,conviction_score,score,reasons
28.08.2026 at 01:52 AM IST,LICHSGFIN,Financial Services,Unknown,524.4,3.64,449.87,586.43,16.57,10.58,60.14,522.29,523.59,2368738.8,6509187.0,2.75,Bullish,30,20,15,15,0,80,80,"Above 50 DMA, Above 200 DMA, Healthy RSI momentum, Close to 52W low with recovery potential, Strong volume expansion"
28.08.2026 at 01:52 AM IST,BOROLTD,Unknown,Unknown,255.35,-2.33,213.73,397.95,19.47,35.83,58.51,240.27,254.94,1092137.15,1640304.0,1.5,Bullish,30,20,15,10,0,75,75,"Above 50 DMA, Above 200 DMA, Healthy RSI momentum, Close to 52W low with recovery potential, Volume expansion"
28.08.2026 at 01:52 AM IST,GROBTEA,Unknown,Unknown,1017.15,5.17,803.25,1233.51,26.63,17.54,69.55,918.51,937.47,343.25,2262.0,6.59,Bullish,30,20,8,15,0,73,73,"Above 50 DMA, Above 200 DMA, Healthy RSI momentum, Within 30% of 52W low, Strong volume expansion"
28.08.2026 at 01:52 AM IST,IGIL,Services,Unknown,347.85,1.13,282.67,386.09,23.06,9.9,52.15,346.98,334.88,663144.1,1578588.0,2.38,Bullish,30,20,8,15,0,73,73,"Above 50 DMA, Above 200 DMA, Healthy RSI momentum, Within 30% of 52W low, Strong volume expansion"
28.08.2026 at 01:52 AM IST,PUNJABCHEM,Unknown,Unknown,1119.0,2.6,874.34,1529.94,27.98,26.86,50.03,1108.28,1113.54,25366.3,62029.0,2.45,Bullish,30,20,8,15,0,73,73,"Above 50 DMA, Above 200 DMA, Healthy RSI momentum, Within 30% of 52W low, Strong volume expansion"
28.08.2026 at 01:52 AM IST,CDSL,Financial Services,Unknown,1434.0,2.81,1106.21,1658.57,29.63,13.54,68.79,1350.28,1340.68,1339920.75,3818012.0,2.85,Bullish,30,20,8,15,0,73,73,"Above 50 DMA, Above 200 DMA, Healthy RSI momentum, Within 30% of 52W low, Strong volume expansion"
28.08.2026 at 01:52 AM IST,MAHSCOOTER,Unknown,Unknown,13662.0,3.37,10848.18,18282.17,25.94,25.27,58.91,13050.19,13146.99,5011.7,18050.0,3.6,Bullish,30,20,8,15,0,73,73,"Above 50 DMA, Above 200 DMA, Healthy RSI momentum, Within 30% of 52W low, Strong volume expansion"
28.08.2026 at 01:52 AM IST,ASIANHOTNR,Unknown,Unknown,306.7,2.46,247.5,402.55,23.92,23.81,52.09,305.32,305.96,46282.65,107359.0,2.32,Bullish,30,20,8,15,0,73,73,"Above 50 DMA, Above 200 DMA, Healthy RSI momentum, Within 30% of 52W low, Strong volume expansion"
28.08.2026 at 01:52 AM IST,DHARMAJ,Unknown,Unknown,269.55,-0.63,210.65,376.85,27.96,28.47,51.35,265.02,253.64,91611.1,187154.0,2.04,Bullish,30,20,8,15,0,73,73,"Above 50 DMA, Above 200 DMA, Healthy RSI momentum, Within 30% of 52W low, Strong volume expansion"
28.08.2026 at 01:52 AM IST,GODREJAGRO,Unknown,Unknown,625.75,2.57,496.45,745.51,26.04,16.06,69.14,561.67,567.11,391546.9,530373.0,1.35,Bullish,30,20,8,10,0,68,68,"Above 50 DMA, Above 200 DMA, Healthy RSI momentum, Within 30% of 52W low, Volume expansion"
28.08.2026 at 01:52 AM IST,CONCOR,Services,Unknown,517.0,0.19,420.17,561.44,23.05,7.92,55.21,494.85,493.1,1488567.3,2059514.0,1.38,Bullish,30,20,8,10,0,68,68,"Above 50 DMA, Above 200 DMA, Healthy RSI momentum, Within 30% of 52W low, Volume expansion"
28.08.2026 at 01:52 AM IST,MAZDOCK,Capital Goods,Unknown,2625.0,0.57,2053.69,3039.74,27.82,13.64,67.63,2459.68,2468.97,1063312.25,1703757.0,1.6,Bullish,30,20,8,10,0,68,68,"Above 50 DMA, Above 200 DMA, Healthy RSI momentum, Within 30% of 52W low, Volume expansion"
28.08.2026 at 01:52 AM IST,INDOCO,Unknown,Unknown,238.94,6.04,162.19,332.2,47.32,28.07,60.08,233.51,222.4,91663.15,213284.0,2.33,Bullish,30,20,0,15,0,65,65,"Above 50 DMA, Above 200 DMA, Healthy RSI momentum, Strong volume expansion"
28.08.2026 at 01:52 AM IST,KSL,Unknown,Unknown,919.3,5.16,567.48,971.39,62.0,5.36,61.69,869.11,774.35,57916.3,182924.0,3.16,Bullish,30,20,0,15,0,65,65,"Above 50 DMA, Above 200 DMA, Healthy RSI momentum, Strong volume expansion"
28.08.2026 at 01:52 AM IST,JINDALSAW,Capital Goods,Unknown,302.45,7.35,151.6,307.9,99.5,1.77,69.86,265.6,211.3,2433913.35,12337593.0,5.07,Bullish,30,20,0,15,0,65,65,"Above 50 DMA, Above 200 DMA, Healthy RSI momentum, Strong volume expansion"
28.08.2026 at 01:52 AM IST,GPPL,Unknown,Unknown,169.46,3.01,141.55,200.09,19.72,15.31,76.83,153.91,164.16,2443113.35,7853635.0,3.21,Bullish,30,5,15,15,0,65,65,"Above 50 DMA, Above 200 DMA, Strong but overbought RSI, Close to 52W low with recovery potential, Strong volume expansion"
28.08.2026 at 01:52 AM IST,KROSS,Unknown,Unknown,217.72,4.12,150.52,237.6,44.65,8.37,62.46,196.33,190.45,384102.3,859925.0,2.24,Bullish,30,20,0,15,0,65,65,"Above 50 DMA, Above 200 DMA, Healthy RSI momentum, Strong volume expansion"
28.08.2026 at 01:52 AM IST,ELECTCAST,Unknown,Unknown,77.65,1.38,59.41,102.67,30.71,24.37,67.77,74.25,74.8,1545960.25,4386901.0,2.84,Bullish,30,20,0,15,0,65,65,"Above 50 DMA, Above 200 DMA, Healthy RSI momentum, Strong volume expansion"
28.08.2026 at 01:52 AM IST,HINDCON,Unknown,Unknown,24.0,0.33,15.66,37.75,53.26,36.42,62.08,21.86,23.27,31153.2,68392.0,2.2,Bullish,30,20,0,15,0,65,65,"Above 50 DMA, Above 200 DMA, Healthy RSI momentum, Strong volume expansion"
28.08.2026 at 01:52 AM IST,HINDCOPPER,Metals & Mining,Unknown,556.05,4.39,225.18,758.83,146.94,26.72,56.46,510.71,507.19,16693302.45,56459799.0,3.38,Bullish,30,20,0,15,0,65,65,"Above 50 DMA, Above 200 DMA, Healthy RSI momentum, Strong volume expansion"
28.08.2026 at 01:52 AM IST,ULTRACEMCO,Construction Materials,Unknown,11717.0,1.53,10118.47,12847.76,15.8,8.8,52.18,11555.71,11566.19,222745.5,207929.0,0.93,Bullish,30,20,15,0,0,65,65,"Above 50 DMA, Above 200 DMA, Healthy RSI momentum, Close to 52W low with recovery potential"
28.08.2026 at 01:52 AM IST,MAHABANK,Financial Services,Unknown,85.6,4.77,50.17,94.5,70.62,9.42,66.05,82.87,71.2,12830179.8,56264531.0,4.39,Bullish,30,20,0,15,0,65,65,"Above 50 DMA, Above 200 DMA, Healthy RSI momentum, Strong volume expansion"
28.08.2026 at 01:52 AM IST,CASTROLIND,Oil Gas & Consumable Fuels,Unknown,186.75,-0.07,164.6,198.23,13.45,5.79,59.58,181.53,177.69,3238386.75,1191629.0,0.37,Bullish,30,20,15,0,0,65,65,"Above 50 DMA, Above 200 DMA, Healthy RSI momentum, Close to 52W low with recovery potential"
28.08.2026 at 01:52 AM IST,TRIGYN,Unknown,Unknown,60.66,8.22,37.55,102.4,61.54,40.76,67.08,54.36,58.23,44468.85,236730.0,5.32,Bullish,30,20,0,15,0,65,65,"Above 50 DMA, Above 200 DMA, Healthy RSI momentum, Strong volume expansion"
28.08.2026 at 01:52 AM IST,NDGL,Unknown,Unknown,2860.1,5.67,2098.16,4081.42,36.31,29.92,57.33,2734.67,2741.48,407.95,1757.0,4.31,Bullish,30,20,0,15,0,65,65,"Above 50 DMA, Above 200 DMA, Healthy RSI momentum, Strong volume expansion"
28.08.2026 at 01:52 AM IST,BVCL,Unknown,Unknown,42.83,0.05,31.2,69.99,37.28,38.81,59.06,41.71,42.39,42610.05,229050.0,5.38,Bullish,30,20,0,15,0,65,65,"Above 50 DMA, Above 200 DMA, Healthy RSI momentum, Strong volume expansion"
28.08.2026 at 01:52 AM IST,MODIRUBBER,Unknown,Unknown,136.2,-1.62,98.41,167.5,38.4,18.69,62.3,126.63,123.18,6849.3,13793.0,2.01,Bullish,30,20,0,15,0,65,65,"Above 50 DMA, Above 200 DMA, Healthy RSI momentum, Strong volume expansion"
28.08.2026 at 01:52 AM IST,MEDANTA,Healthcare,Unknown,1458.9,3.88,955.66,1490.47,52.66,2.12,61.03,1370.36,1204.69,258487.5,606668.0,2.35,Bullish,30,20,0,15,0,65,65,"Above 50 DMA, Above 200 DMA, Healthy RSI momentum, Strong volume expansion"
28.08.2026 at 01:52 AM IST,M&M,Automobile and Auto Components,Unknown,3398.2,-1.3,2865.9,3799.99,18.57,10.57,54.24,3249.34,3319.77,2153222.1,687761.0,0.32,Bullish,30,20,15,0,0,65,65,"Above 50 DMA, Above 200 DMA, Healthy RSI momentum, Close to 52W low with recovery potential"
28.08.2026 at 01:52 AM IST,UTKARSHBNK,Unknown,Unknown,14.94,1.49,10.12,22.59,47.63,33.86,63.54,14.52,14.14,5025166.8,12257833.0,2.44,Bullish,30,20,0,15,0,65,65,"Above 50 DMA, Above 200 DMA, Healthy RSI momentum, Strong volume expansion"
28.08.2026 at 01:52 AM IST,IGPL,Unknown,Unknown,523.85,7.34,311.6,532.45,68.12,1.62,67.28,456.63,405.33,121123.5,285768.0,2.36,Bullish,30,20,0,15,0,65,65,"Above 50 DMA, Above 200 DMA, Healthy RSI momentum, Strong volume expansion"
28.08.2026 at 01:52 AM IST,DCBBANK,Unknown,Unknown,213.83,3.12,118.52,220.1,80.42,2.85,69.23,189.24,181.9,2433207.85,10444131.0,4.29,Bullish,30,20,0,15,0,65,65,"Above 50 DMA, Above 200 DMA, Healthy RSI momentum, Strong volume expansion"
28.08.2026 at 01:52 AM IST,JAYSREETEA,Unknown,Unknown,102.05,-4.24,70.55,112.7,44.65,9.45,66.91,87.48,86.4,165007.8,536147.0,3.25,Bullish,30,20,0,15,0,65,65,"Above 50 DMA, Above 200 DMA, Healthy RSI momentum, Strong volume expansion"
28.08.2026 at 01:52 AM IST,JSWDULUX,Consumer Durables,Unknown,3106.0,-0.27,2626.09,3687.56,18.27,15.77,53.4,3073.55,3039.61,16622.35,9708.0,0.58,Bullish,30,20,15,0,0,65,65,"Above 50 DMA, Above 200 DMA, Healthy RSI momentum, Close to 52W low with recovery potential"
28.08.2026 at 01:52 AM IST,HCC,Unknown,Unknown,23.88,5.62,13.65,30.0,74.95,20.4,66.91,22.95,20.67,27276217.4,57217167.0,2.1,Bullish,30,20,0,15,0,65,65,"Above 50 DMA, Above 200 DMA, Healthy RSI momentum, Strong volume expansion"
28.08.2026 at 01:52 AM IST,HINDZINC,Metals & Mining,Unknown,626.5,5.72,410.5,719.85,52.62,12.97,68.49,551.64,570.2,7089717.9,19983225.0,2.82,Bullish,30,20,0,15,0,65,65,"Above 50 DMA, Above 200 DMA, Healthy RSI momentum, Strong volume expansion"
28.08.2026 at 01:52 AM IST,WABAG,Unknown,Unknown,2155.3,6.62,1030.49,2248.02,109.15,4.12,64.18,2026.21,1505.9,578912.4,2116909.0,3.66,Bullish,30,20,0,15,0,65,65,"Above 50 DMA, Above 200 DMA, Healthy RSI momentum, Strong volume expansion"
28.08.2026 at 01:52 AM IST,SPLIL,Unknown,Unknown,34.14,11.93,20.2,45.2,69.01,24.47,63.72,31.32,31.61,9161.55,47626.0,5.2,Bullish,30,20,0,15,0,65,65,"Above 50 DMA, Above 200 DMA, Healthy RSI momentum, Strong volume expansion"
28.08.2026 at 01:52 AM IST,TARMAT,Unknown,Unknown,62.54,15.32,46.26,73.9,35.19,15.37,65.43,51.45,52.71,102828.3,511513.0,4.97,Bullish,30,20,0,15,0,65,65,"Above 50 DMA, Above 200 DMA, Healthy RSI momentum, Strong volume expansion"
28.08.2026 at 01:52 AM IST,WONDERLA,Unknown,Unknown,516.05,0.45,453.13,656.29,13.89,21.37,65.72,482.24,505.31,226061.9,59250.0,0.26,Bullish,30,20,15,0,0,65,65,"Above 50 DMA, Above 200 DMA, Healthy RSI momentum, Close to 52W low with recovery potential"
28.08.2026 at 01:52 AM IST,S&SPOWER,Unknown,Unknown,350.7,3.31,193.5,468.9,81.24,25.21,59.91,340.32,326.81,7208.05,17365.0,2.41,Bullish,30,20,0,15,0,65,65,"Above 50 DMA, Above 200 DMA, Healthy RSI momentum, Strong volume expansion"
28.08.2026 at 01:52 AM IST,SHREEPUSHK,Unknown,Unknown,452.15,-0.43,272.45,476.0,65.96,5.01,65.89,404.41,368.5,71019.4,154216.0,2.17,Bullish,30,20,0,15,0,65,65,"Above 50 DMA, Above 200 DMA, Healthy RSI momentum, Strong volume expansion"
28.08.2026 at 01:52 AM IST,THEMISMED,Unknown,Unknown,126.26,5.89,64.95,148.0,94.4,14.69,66.36,111.74,98.89,258416.7,1620934.0,6.27,Bullish,30,20,0,15,0,65,65,"Above 50 DMA, Above 200 DMA, Healthy RSI momentum, Strong volume expansion"
28.08.2026 at 01:52 AM IST,FMNL,Unknown,Unknown,10.13,4.87,6.74,14.22,50.3,28.76,63.75,9.75,9.31,30998.2,73960.0,2.39,Bullish,30,20,0,15,0,65,65,"Above 50 DMA, Above 200 DMA, Healthy RSI momentum, Strong volume expansion"
28.08.2026 at 01:52 AM IST,BLKASHYAP,Unknown,Unknown,55.15,5.15,40.32,73.0,36.78,24.45,54.93,54.8,52.22,473558.5,1135277.0,2.4,Bullish,30,20,0,15,0,65,65,"Above 50 DMA, Above 200 DMA, Healthy RSI momentum, Strong volume expansion"
28.08.2026 at 01:52 AM IST,RAMANEWS,Unknown,Unknown,31.81,0.06,27.05,42.0,17.6,24.26,52.7,30.22,31.01,57631.1,19414.0,0.34,Bullish,30,20,15,0,0,65,65,"Above 50 DMA, Above 200 DMA, Healthy RSI momentum, Close to 52W low with recovery potential"
28.08.2026 at 01:52 AM IST,ROSSELLIND,Unknown,Unknown,61.77,7.78,39.72,69.01,55.53,10.48,67.13,57.31,52.34,51524.6,407805.0,7.91,Bullish,30,20,0,15,0,65,65,"Above 50 DMA, Above 200 DMA, Healthy RSI momentum, Strong volume expansion"
28.08.2026 at 01:52 AM IST,BALAMINES,Unknown,Unknown,2437.2,3.99,963.33,2461.0,153.0,0.97,67.97,2171.49,1500.38,211338.8,423382.0,2.0,Bullish,30,20,0,15,0,65,65,"Above 50 DMA, Above 200 DMA, Healthy RSI momentum, Strong volume expansion"
28.08.2026 at 01:52 AM IST,TBZ,Unknown,Unknown,305.8,9.08,110.5,309.2,176.74,1.1,66.57,242.29,177.56,1728834.0,3967359.0,2.29,Bullish,30,20,0,15,0,65,65,"Above 50 DMA, Above 200 DMA, Healthy RSI momentum, Strong volume expansion"
28.08.2026 at 01:52 AM IST,PIRAMALFIN,Financial Services,Unknown,2221.4,1.84,1252.89,2252.2,77.3,1.37,67.33,2118.98,1849.36,249806.4,856449.0,3.43,Bullish,30,20,0,15,0,65,65,"Above 50 DMA, Above 200 DMA, Healthy RSI momentum, Strong volume expansion"
28.08.2026 at 01:52 AM IST,VGUARD,Unknown,Unknown,329.65,-0.92,287.43,390.34,14.69,15.55,57.05,311.5,320.39,2722584.55,521675.0,0.19,Bullish,30,20,15,0,0,65,65,"Above 50 DMA, Above 200 DMA, Healthy RSI momentum, Close to 52W low with recovery potential"
28.08.2026 at 01:52 AM IST,CGCL,Financial Services,Unknown,256.35,6.96,151.1,264.53,69.66,3.09,67.53,234.52,195.41,5305816.85,30378465.0,5.73,Bullish,30,20,0,15,0,65,65,"Above 50 DMA, Above 200 DMA, Healthy RSI momentum, Strong volume expansion"
28.08.2026 at 01:52 AM IST,NPST,Unknown,Unknown,1660.2,3.25,846.6,2234.57,96.1,25.7,60.63,1583.04,1376.3,53446.25,297644.0,5.57,Bullish,30,20,0,15,0,65,65,"Above 50 DMA, Above 200 DMA, Healthy RSI momentum, Strong volume expansion"
28.08.2026 at 01:52 AM IST,OAL,Unknown,Unknown,401.25,14.86,227.7,413.4,76.22,2.94,66.56,350.54,307.23,50012.85,652216.0,13.04,Bullish,30,20,0,15,0,65,65,"Above 50 DMA, Above 200 DMA, Healthy RSI momentum, Strong volume expansion"
28.08.2026 at 01:52 AM IST,NATCAPSUQ,Unknown,Unknown,180.28,8.03,136.36,296.0,32.21,39.09,69.21,151.48,162.8,41023.45,108426.0,2.64,Bullish,30,20,0,15,0,65,65,"Above 50 DMA, Above 200 DMA, Healthy RSI momentum, Strong volume expansion"
28.08.2026 at 01:52 AM IST,MOLDTKPAC,Unknown,Unknown,711.1,0.61,463.35,865.47,53.47,17.84,58.59,690.61,616.35,92209.1,309136.0,3.35,Bullish,30,20,0,15,0,65,65,"Above 50 DMA, Above 200 DMA, Healthy RSI momentum, Strong volume expansion"
28.08.2026 at 01:52 AM IST,ARVEE,Unknown,Unknown,174.8,-3.98,129.11,290.78,35.39,39.89,57.33,163.0,168.22,9149.6,28671.0,3.13,Bullish,30,20,0,15,0,65,65,"Above 50 DMA, Above 200 DMA, Healthy RSI momentum, Strong volume expansion"
28.08.2026 at 01:52 AM IST,ASTRAL,Capital Goods,Unknown,1526.1,-0.9,1309.54,1765.92,16.54,13.58,57.48,1447.19,1505.0,982523.6,408686.0,0.42,Bullish,30,20,15,0,0,65,65,"Above 50 DMA, Above 200 DMA, Healthy RSI momentum, Close to 52W low with recovery potential"
28.08.2026 at 01:52 AM IST,SINDHUTRAD,Unknown,Unknown,25.3,6.3,17.64,32.74,43.42,22.72,57.33,24.92,23.58,1146628.6,7003364.0,6.11,Bullish,30,20,0,15,0,65,65,"Above 50 DMA, Above 200 DMA, Healthy RSI momentum, Strong volume expansion"
28.08.2026 at 01:52 AM IST,SIGMAADV,Unknown,Unknown,727.3,4.99,126.73,727.3,473.9,0.0,63.58,605.21,322.44,350860.8,728895.0,2.08,Bullish,30,20,0,15,0,65,65,"Above 50 DMA, Above 200 DMA, Healthy RSI momentum, Strong volume expansion"
28.08.2026 at 01:52 AM IST,BLACKBUCK,Unknown,Unknown,605.3,0.67,496.0,748.0,22.04,19.08,59.24,567.89,591.22,671237.95,707687.0,1.05,Bullish,30,20,8,5,0,63,63,"Above 50 DMA, Above 200 DMA, Healthy RSI momentum, Within 30% of 52W low, Normal volume support"
28.08.2026 at 01:52 AM IST,AMBICAAGAR,Unknown,Unknown,24.98,-1.73,20.0,29.68,24.9,15.84,52.49,24.79,24.55,5265.95,6016.0,1.14,Bullish,30,20,8,5,0,63,63,"Above 50 DMA, Above 200 DMA, Healthy RSI momentum, Within 30% of 52W low, Normal volume support"
28.08.2026 at 01:52 AM IST,MAITHANALL,Unknown,Unknown,1005.25,1.67,821.6,1210.1,22.35,16.93,56.63,1000.29,985.25,38452.95,47125.0,1.23,Bullish,30,20,8,5,0,63,63,"Above 50 DMA, Above 200 DMA, Healthy RSI momentum, Within 30% of 52W low, Normal volume support"
28.08.2026 at 01:52 AM IST,MAHSEAMLES,Unknown,Unknown,636.55,0.0,500.7,690.0,27.13,7.75,66.9,602.0,584.13,198288.3,221620.0,1.12,Bullish,30,20,8,5,0,63,63,"Above 50 DMA, Above 200 DMA, Healthy RSI momentum, Within 30% of 52W low, Normal volume support"
28.08.2026 at 01:52 AM IST,KFINTECH,Financial Services,Unknown,976.5,1.09,774.46,1198.77,26.09,18.54,60.96,909.47,946.35,963108.3,1114713.0,1.16,Bullish,30,20,8,5,0,63,63,"Above 50 DMA, Above 200 DMA, Healthy RSI momentum, Within 30% of 52W low, Normal volume support"
28.08.2026 at 01:52 AM IST,UNITDSPR,Fast Moving Consumer Goods,Unknown,1538.5,-0.74,1201.55,1563.4,28.04,1.59,59.74,1445.98,1364.17,539987.0,636713.0,1.18,Bullish,30,20,8,5,0,63,63,"Above 50 DMA, Above 200 DMA, Healthy RSI momentum, Within 30% of 52W low, Normal volume support"
28.08.2026 at 01:52 AM IST,JINDALSTEL,Metals & Mining,Unknown,1175.4,1.85,941.61,1303.87,24.83,9.85,68.83,1079.08,1123.4,793018.75,896442.0,1.13,Bullish,30,20,8,5,0,63,63,"Above 50 DMA, Above 200 DMA, Healthy RSI momentum, Within 30% of 52W low, Normal volume support"
28.08.2026 at 01:52 AM IST,JAIBALAJI,Unknown,Unknown,68.58,4.53,53.65,108.0,27.83,36.5,56.93,65.79,68.48,718255.4,780291.0,1.09,Bullish,30,20,8,5,0,63,63,"Above 50 DMA, Above 200 DMA, Healthy RSI momentum, Within 30% of 52W low, Normal volume support"
28.08.2026 at 01:52 AM IST,AJAXENGG,Unknown,Unknown,581.5,1.91,394.8,728.5,47.29,20.18,54.69,566.92,549.16,83624.05,140826.0,1.68,Bullish,30,20,0,10,0,60,60,"Above 50 DMA, Above 200 DMA, Healthy RSI momentum, Volume expansion"
28.08.2026 at 01:52 AM IST,MAMATA,Unknown,Unknown,410.15,-0.06,296.62,514.33,38.28,20.26,50.77,401.45,401.91,88346.15,116346.0,1.32,Bullish,30,20,0,10,0,60,60,"Above 50 DMA, Above 200 DMA, Healthy RSI momentum, Volume expansion"
28.08.2026 at 01:52 AM IST,KNAGRI,Unknown,Unknown,215.29,-1.25,148.3,244.0,45.17,11.77,53.25,209.68,195.55,25697.25,44433.0,1.73,Bullish,30,20,0,10,0,60,60,"Above 50 DMA, Above 200 DMA, Healthy RSI momentum, Volume expansion"
28.08.2026 at 01:52 AM IST,DATAPATTNS,Capital Goods,Unknown,4779.4,5.22,2126.36,5000.0,124.77,4.41,57.93,4493.48,3541.42,948483.0,1607503.0,1.69,Bullish,30,20,0,10,0,60,60,"Above 50 DMA, Above 200 DMA, Healthy RSI momentum, Volume expansion"
28.08.2026 at 01:52 AM IST,ETERNAL,Consumer Services,Unknown,327.0,-1.21,212.6,368.45,53.81,11.25,65.37,295.01,272.88,25238514.85,39246846.0,1.56,Bullish,30,20,0,10,0,60,60,"Above 50 DMA, Above 200 DMA, Healthy RSI momentum, Volume expansion"
28.08.2026 at 01:52 AM IST,GRAVITA,Metals & Mining,Unknown,1840.3,2.22,1266.9,1913.6,45.26,3.83,61.01,1750.25,1673.46,221119.7,288172.0,1.3,Bullish,30,20,0,10,0,60,60,"Above 50 DMA, Above 200 DMA, Healthy RSI momentum, Volume expansion"
28.08.2026 at 01:52 AM IST,ECLERX,Services,Unknown,1944.0,3.43,1319.27,2496.12,47.35,22.12,61.93,1708.8,1817.92,207515.95,390435.0,1.88,Bullish,30,20,0,10,0,60,60,"Above 50 DMA, Above 200 DMA, Healthy RSI momentum, Volume expansion"
28.08.2026 at 01:52 AM IST,AEROENTER,Unknown,Unknown,143.64,2.06,62.2,149.55,130.93,3.95,68.28,128.76,96.6,671188.05,908208.0,1.35,Bullish,30,20,0,10,0,60,60,"Above 50 DMA, Above 200 DMA, Healthy RSI momentum, Volume expansion"
28.08.2026 at 01:52 AM IST,GOKULAGRO,Unknown,Unknown,245.39,-2.95,151.0,259.8,62.51,5.55,63.73,221.99,201.62,962125.7,1677764.0,1.74,Bullish,30,20,0,10,0,60,60,"Above 50 DMA, Above 200 DMA, Healthy RSI momentum, Volume expansion"
28.08.2026 at 01:52 AM IST,ZIMLAB,Unknown,Unknown,126.4,1.28,59.31,133.9,113.12,5.6,65.33,118.13,88.82,63824.35,87941.0,1.38,Bullish,30,20,0,10,0,60,60,"Above 50 DMA, Above 200 DMA, Healthy RSI momentum, Volume expansion"
28.08.2026 at 01:52 AM IST,ADOR,Unknown,Unknown,1531.2,-3.11,833.68,1701.9,83.67,10.03,52.6,1406.58,1119.9,47620.8,89496.0,1.88,Bullish,30,20,0,10,0,60,60,"Above 50 DMA, Above 200 DMA, Healthy RSI momentum, Volume expansion"
28.08.2026 at 01:52 AM IST,ADANIENT,Metals & Mining,Unknown,3112.0,0.06,1752.22,3245.0,77.6,4.1,61.12,3065.45,2495.28,1088978.7,2044729.0,1.88,Bullish,30,20,0,10,0,60,60,"Above 50 DMA, Above 200 DMA, Healthy RSI momentum, Volume expansion"
28.08.2026 at 01:52 AM IST,COCHINSHIP,Capital Goods,Unknown,1547.0,1.88,1187.0,1970.73,30.33,21.5,65.67,1455.04,1519.06,1123024.8,1691548.0,1.51,Bullish,30,20,0,10,0,60,60,"Above 50 DMA, Above 200 DMA, Healthy RSI momentum, Volume expansion"
28.08.2026 at 01:52 AM IST,CONFIPET,Unknown,Unknown,79.69,2.36,28.06,86.4,184.0,7.77,56.96,75.14,51.9,3906658.5,7543729.0,1.93,Bullish,30,20,0,10,0,60,60,"Above 50 DMA, Above 200 DMA, Healthy RSI momentum, Volume expansion"
28.08.2026 at 01:52 AM IST,UDS,Unknown,Unknown,222.07,0.03,124.49,263.37,78.39,15.68,68.33,198.78,175.1,372375.45,523006.0,1.4,Bullish,30,20,0,10,0,60,60,"Above 50 DMA, Above 200 DMA, Healthy RSI momentum, Volume expansion"
28.08.2026 at 01:52 AM IST,MANOMAY,Unknown,Unknown,220.31,2.2,160.25,259.88,37.48,15.23,65.15,198.37,209.02,110750.65,198054.0,1.79,Bullish,30,20,0,10,0,60,60,"Above 50 DMA, Above 200 DMA, Healthy RSI momentum, Volume expansion"
28.08.2026 at 01:52 AM IST,PARASPETRO,Unknown,Unknown,2.3,4.07,1.53,3.23,50.33,28.79,51.08,2.2,2.14,297184.65,530153.0,1.78,Bullish,30,20,0,10,0,60,60,"Above 50 DMA, Above 200 DMA, Healthy RSI momentum, Volume expansion"
28.08.2026 at 01:52 AM IST,NMDC,Metals & Mining,Unknown,88.21,2.64,66.18,97.49,33.29,9.52,63.51,84.98,82.52,19448829.55,26181347.0,1.35,Bullish,30,20,0,10,0,60,60,"Above 50 DMA, Above 200 DMA, Healthy RSI momentum, Volume expansion"
28.08.2026 at 01:52 AM IST,OFSS,Information Technology,Unknown,11800.0,0.61,6060.86,12060.0,94.69,2.16,56.58,11254.35,8716.93,199259.95,291135.0,1.46,Bullish,30,20,0,10,0,60,60,"Above 50 DMA, Above 200 DMA, Healthy RSI momentum, Volume expansion"
28.08.2026 at 01:52 AM IST,OMPOWER,Unknown,Unknown,172.84,3.06,158.01,206.0,9.39,16.1,55.99,172.03,,113083.3,142944.0,1.26,Bullish,15,20,20,5,0,60,60,"Above 50 DMA, Healthy RSI momentum, Near 52W low with non-crashing RSI, Normal volume support"
28.08.2026 at 01:52 AM IST,TIJARIA,Unknown,Unknown,5.92,7.44,3.55,7.97,66.76,25.72,58.88,4.83,4.92,225006.8,364453.0,1.62,Bullish,30,20,0,10,0,60,60,"Above 50 DMA, Above 200 DMA, Healthy RSI momentum, Volume expansion"
28.08.2026 at 01:52 AM IST,PDSL,Unknown,Unknown,369.1,0.9,244.91,416.56,50.71,11.39,53.87,360.63,330.72,128690.4,222103.0,1.73,Bullish,30,20,0,10,0,60,60,"Above 50 DMA, Above 200 DMA, Healthy RSI momentum, Volume expansion"
28.08.2026 at 01:52 AM IST,RANASUG,Unknown,Unknown,14.8,-3.01,10.21,16.45,44.96,10.03,63.34,12.71,12.51,939747.55,1810621.0,1.93,Bullish,30,20,0,10,0,60,60,"Above 50 DMA, Above 200 DMA, Healthy RSI momentum, Volume expansion"
28.08.2026 at 01:52 AM IST,BCLIND,Unknown,Unknown,37.69,-0.05,25.53,44.9,47.63,16.06,57.03,35.9,32.92,1069585.5,1639069.0,1.53,Bullish,30,20,0,10,0,60,60,"Above 50 DMA, Above 200 DMA, Healthy RSI momentum, Volume expansion"
28.08.2026 at 01:52 AM IST,STYLEBAAZA,Unknown,Unknown,408.9,3.65,229.95,447.1,77.82,8.54,66.81,319.42,314.68,1524832.4,2953023.0,1.94,Bullish,30,20,0,10,0,60,60,"Above 50 DMA, Above 200 DMA, Healthy RSI momentum, Volume expansion"
28.08.2026 at 01:52 AM IST,BAJAJHIND,Unknown,Unknown,21.78,-4.52,14.85,26.0,46.67,16.23,62.83,18.29,18.17,56115112.2,79063423.0,1.41,Bullish,30,20,0,10,0,60,60,"Above 50 DMA, Above 200 DMA, Healthy RSI momentum, Volume expansion"
28.08.2026 at 01:52 AM IST,RUBICON,Unknown,Unknown,1818.8,6.44,570.19,1829.0,218.98,0.56,66.75,1517.02,987.73,456424.1,742780.0,1.63,Bullish,30,20,0,10,0,60,60,"Above 50 DMA, Above 200 DMA, Healthy RSI momentum, Volume expansion"
28.08.2026 at 01:52 AM IST,RBZJEWEL,Unknown,Unknown,149.33,5.15,100.0,179.0,49.33,16.58,57.03,143.03,137.44,147223.25,271298.0,1.84,Bullish,30,20,0,10,0,60,60,"Above 50 DMA, Above 200 DMA, Healthy RSI momentum, Volume expansion"
28.08.2026 at 01:52 AM IST,BANKINDIA,Financial Services,Unknown,145.95,1.36,106.38,172.72,37.2,15.5,58.15,142.7,144.58,6168714.2,10250692.0,1.66,Bullish,30,20,0,10,0,60,60,"Above 50 DMA, Above 200 DMA, Healthy RSI momentum, Volume expansion"
28.08.2026 at 01:52 AM IST,STEL,Unknown,Unknown,619.7,1.03,380.0,657.3,63.08,5.72,68.58,571.33,503.95,4052.4,5671.0,1.4,Bullish,30,20,0,10,0,60,60,"Above 50 DMA, Above 200 DMA, Healthy RSI momentum, Volume expansion"
28.08.2026 at 01:52 AM IST,ARIHANTCAP,Unknown,Unknown,79.91,2.2,56.97,120.0,40.27,33.41,63.0,74.37,78.04,184728.5,264494.0,1.43,Bullish,30,20,0,10,0,60,60,"Above 50 DMA, Above 200 DMA, Healthy RSI momentum, Volume expansion"
28.08.2026 at 01:52 AM IST,21STCENMGM,Unknown,Unknown,42.59,-1.34,28.25,55.15,50.76,22.77,57.56,37.31,37.73,11715.35,18104.0,1.55,Bullish,30,20,0,10,0,60,60,"Above 50 DMA, Above 200 DMA, Healthy RSI momentum, Volume expansion"
28.08.2026 at 01:52 AM IST,GENCON,Unknown,Unknown,46.77,12.7,36.35,59.96,28.67,22.0,76.13,40.85,43.15,316334.5,1350658.0,4.27,Bullish,30,5,8,15,0,58,58,"Above 50 DMA, Above 200 DMA, Strong but overbought RSI, Within 30% of 52W low, Strong volume expansion"
28.08.2026 at 01:52 AM IST,HATSUN,Unknown,Unknown,1086.55,5.44,846.17,1166.41,28.41,6.85,72.69,927.73,939.75,65543.1,145348.0,2.22,Bullish,30,5,8,15,0,58,58,"Above 50 DMA, Above 200 DMA, Strong but overbought RSI, Within 30% of 52W low, Strong volume expansion"
28.08.2026 at 01:52 AM IST,EXCELINDUS,Unknown,Unknown,1039.75,-1.66,800.05,1261.0,29.96,17.55,53.23,967.19,944.74,68065.45,13773.0,0.2,Bullish,30,20,8,0,0,58,58,"Above 50 DMA, Above 200 DMA, Healthy RSI momentum, Within 30% of 52W low"
28.08.2026 at 01:52 AM IST,HEROMOTOCO,Automobile and Auto Components,Unknown,5595.0,-0.52,4603.78,6175.52,21.53,9.4,54.95,5205.39,5309.1,703063.8,451708.0,0.64,Bullish,30,20,8,0,0,58,58,"Above 50 DMA, Above 200 DMA, Healthy RSI momentum, Within 30% of 52W low"
28.08.2026 at 01:52 AM IST,JMFINANCIL,Financial Services,Unknown,132.84,1.88,110.31,190.77,20.43,30.36,62.42,126.17,130.76,4020518.35,3013699.0,0.75,Bullish,30,20,8,0,0,58,58,"Above 50 DMA, Above 200 DMA, Healthy RSI momentum, Within 30% of 52W low"
28.08.2026 at 01:52 AM IST,VEEDOL,Unknown,Unknown,1510.1,2.76,1219.4,1960.92,23.84,22.99,59.32,1447.13,1451.75,18917.0,13234.0,0.7,Bullish,30,20,8,0,0,58,58,"Above 50 DMA, Above 200 DMA, Healthy RSI momentum, Within 30% of 52W low"
28.08.2026 at 01:52 AM IST,UNOMINDA,Automobile and Auto Components,Unknown,1260.0,0.53,992.46,1378.85,26.96,8.62,60.87,1179.6,1170.64,832748.65,798985.0,0.96,Bullish,30,20,8,0,0,58,58,"Above 50 DMA, Above 200 DMA, Healthy RSI momentum, Within 30% of 52W low"
28.08.2026 at 01:52 AM IST,ICICIBANK,Financial Services,Unknown,1430.0,0.51,1177.67,1467.63,21.43,2.56,55.29,1406.2,1343.28,9338752.15,4177066.0,0.45,Bullish,30,20,8,0,0,58,58,"Above 50 DMA, Above 200 DMA, Healthy RSI momentum, Within 30% of 52W low"
28.08.2026 at 01:52 AM IST,HDFCAMC,Financial Services,Unknown,2667.9,-1.12,2158.39,2903.74,23.61,8.12,59.53,2623.11,2581.07,745661.2,608105.0,0.82,Bullish,30,20,8,0,0,58,58,"Above 50 DMA, Above 200 DMA, Healthy RSI momentum, Within 30% of 52W low"
28.08.2026 at 01:52 AM IST,GAIL,Oil Gas & Consumable Fuels,Unknown,174.49,-0.58,134.36,182.38,29.87,4.33,51.29,173.89,165.2,11507292.0,5863526.0,0.51,Bullish,30,20,8,0,0,58,58,"Above 50 DMA, Above 200 DMA, Healthy RSI momentum, Within 30% of 52W low"
28.08.2026 at 01:52 AM IST,ASAHIINDIA,Automobile and Auto Components,Unknown,951.15,-0.5,775.1,1074.0,22.71,11.44,59.83,897.59,912.89,251251.45,40995.0,0.16,Bullish,30,20,8,0,0,58,58,"Above 50 DMA, Above 200 DMA, Healthy RSI momentum, Within 30% of 52W low"
28.08.2026 at 01:52 AM IST,CINELINE,Unknown,Unknown,89.73,-0.69,73.35,97.4,22.33,7.87,59.88,83.12,84.39,24398.55,14373.0,0.59,Bullish,30,20,8,0,0,58,58,"Above 50 DMA, Above 200 DMA, Healthy RSI momentum, Within 30% of 52W low"
28.08.2026 at 01:52 AM IST,CLEAN,Chemicals,Unknown,829.45,0.92,652.0,1214.89,27.22,31.73,60.19,779.99,801.93,580847.55,156372.0,0.27,Bullish,30,20,8,0,0,58,58,"Above 50 DMA, Above 200 DMA, Healthy RSI momentum, Within 30% of 52W low"
28.08.2026 at 01:52 AM IST,TREL,Unknown,Unknown,26.39,-0.6,21.47,34.37,22.92,23.22,53.66,25.69,25.83,145797.3,50450.0,0.35,Bullish,30,20,8,0,0,58,58,"Above 50 DMA, Above 200 DMA, Healthy RSI momentum, Within 30% of 52W low"
28.08.2026 at 01:52 AM IST,ALLDIGI,Unknown,Unknown,815.2,0.04,675.44,935.39,20.69,12.85,53.6,799.97,790.0,10357.7,4207.0,0.41,Bullish,30,20,8,0,0,58,58,"Above 50 DMA, Above 200 DMA, Healthy RSI momentum, Within 30% of 52W low"
28.08.2026 at 01:52 AM IST,MUKANDLTD,Unknown,Unknown,137.03,1.42,111.92,151.02,22.44,9.26,50.95,135.34,131.01,169566.8,74683.0,0.44,Bullish,30,20,8,0,0,58,58,"Above 50 DMA, Above 200 DMA, Healthy RSI momentum, Within 30% of 52W low"
28.08.2026 at 01:52 AM IST,MGL,Oil Gas & Consumable Fuels,Unknown,1115.3,1.26,885.65,1341.92,25.93,16.89,51.91,1113.92,1090.87,448129.45,93375.0,0.21,Bullish,30,20,8,0,0,58,58,"Above 50 DMA, Above 200 DMA, Healthy RSI momentum, Within 30% of 52W low"
28.08.2026 at 01:52 AM IST,LOYALTEX,Unknown,Unknown,215.0,2.38,170.04,333.99,26.44,35.63,52.82,209.55,214.01,1439.45,902.0,0.63,Bullish,30,20,8,0,0,58,58,"Above 50 DMA, Above 200 DMA, Healthy RSI momentum, Within 30% of 52W low"
28.08.2026 at 01:52 AM IST,LT,Construction,Unknown,4038.1,-1.96,3256.29,4397.05,24.01,8.16,51.47,4007.7,3958.85,1488418.0,1384669.0,0.93,Bullish,30,20,8,0,0,58,58,"Above 50 DMA, Above 200 DMA, Healthy RSI momentum, Within 30% of 52W low"
28.08.2026 at 01:52 AM IST,CREST,Unknown,Unknown,372.35,3.81,297.33,416.85,25.23,10.68,53.45,374.7,363.68,5727.0,18578.0,3.24,Bearish,15,20,8,15,0,58,58,"Above 200 DMA, Healthy RSI momentum, Within 30% of 52W low, Strong volume expansion"
28.08.2026 at 01:52 AM IST,CRISIL,Financial Services,Unknown,4513.4,0.75,3669.91,5038.99,22.98,10.43,57.18,4291.64,4282.25,39958.2,20984.0,0.53,Bullish,30,20,8,0,0,58,58,"Above 50 DMA, Above 200 DMA, Healthy RSI momentum, Within 30% of 52W low"
28.08.2026 at 01:52 AM IST,JUBLFOOD,Consumer Services,Unknown,499.5,-3.01,407.64,665.86,22.53,24.98,59.62,450.8,490.05,3805488.35,2351201.0,0.62,Bullish,30,20,8,0,0,58,58,"Above 50 DMA, Above 200 DMA, Healthy RSI momentum, Within 30% of 52W low"
28.08.2026 at 01:52 AM IST,KKCL,Unknown,Unknown,514.8,-0.13,406.58,590.16,26.62,12.77,50.71,507.93,482.22,72357.65,10939.0,0.15,Bullish,30,20,8,0,0,58,58,"Above 50 DMA, Above 200 DMA, Healthy RSI momentum, Within 30% of 52W low"
28.08.2026 at 01:52 AM IST,LGEINDIA,Consumer Durables,Unknown,1675.4,-0.89,1304.1,1755.0,28.47,4.54,60.56,1578.7,1543.36,1029739.8,454580.0,0.44,Bullish,30,20,8,0,0,58,58,"Above 50 DMA, Above 200 DMA, Healthy RSI momentum, Within 30% of 52W low"
28.08.2026 at 01:52 AM IST,KALYANIFRG,Unknown,Unknown,675.0,-0.44,520.57,844.73,29.67,20.09,59.73,623.04,616.52,6469.35,1173.0,0.18,Bullish,30,20,8,0,0,58,58,"Above 50 DMA, Above 200 DMA, Healthy RSI momentum, Within 30% of 52W low"
28.08.2026 at 01:52 AM IST,VRLLOG,Unknown,Unknown,286.25,-1.28,225.0,310.2,27.22,7.72,57.62,258.23,258.48,649082.7,111820.0,0.17,Bullish,30,20,8,0,0,58,58,"Above 50 DMA, Above 200 DMA, Healthy RSI momentum, Within 30% of 52W low"
28.08.2026 at 01:52 AM IST,ZFCVINDIA,Automobile and Auto Components,Unknown,2588.4,-0.56,2046.79,3038.73,26.46,14.82,53.88,2500.33,2426.31,121268.55,76049.0,0.63,Bullish,30,20,8,0,0,58,58,"Above 50 DMA, Above 200 DMA, Healthy RSI momentum, Within 30% of 52W low"
28.08.2026 at 01:52 AM IST,BDL,Capital Goods,Unknown,1363.0,0.23,1086.0,1648.13,25.51,17.3,56.91,1323.51,1354.23,1897666.95,1494007.0,0.79,Bullish,30,20,8,0,0,58,58,"Above 50 DMA, Above 200 DMA, Healthy RSI momentum, Within 30% of 52W low"
28.08.2026 at 01:52 AM IST,BASF,Unknown,Unknown,3914.0,1.08,3101.33,4797.62,26.2,18.42,52.68,3749.37,3699.67,86660.95,14043.0,0.16,Bullish,30,20,8,0,0,58,58,"Above 50 DMA, Above 200 DMA, Healthy RSI momentum, Within 30% of 52W low"
28.08.2026 at 01:52 AM IST,BANARISUG,Unknown,Unknown,3847.9,-1.33,3105.2,4338.0,23.92,11.3,60.5,3536.03,3592.88,6301.45,1889.0,0.3,Bullish,30,20,8,0,0,58,58,"Above 50 DMA, Above 200 DMA, Healthy RSI momentum, Within 30% of 52W low"
28.08.2026 at 01:52 AM IST,STEELCITY,Unknown,Unknown,87.87,-0.28,70.34,102.18,24.92,14.0,66.79,79.17,82.75,45494.65,18429.0,0.41,Bullish,30,20,8,0,0,58,58,"Above 50 DMA, Above 200 DMA, Healthy RSI momentum, Within 30% of 52W low"
28.08.2026 at 01:52 AM IST,ANUHPHR,Unknown,Unknown,79.02,2.26,65.75,91.26,20.18,13.42,57.21,77.83,76.86,48345.95,39711.0,0.82,Bullish,30,20,8,0,0,58,58,"Above 50 DMA, Above 200 DMA, Healthy RSI momentum, Within 30% of 52W low"
28.08.2026 at 01:52 AM IST,BAJAJFINSV,Financial Services,Unknown,2010.0,0.3,1595.64,2193.13,25.97,8.35,55.76,1918.11,1904.58,1272196.9,564145.0,0.44,Bullish,30,20,8,0,0,58,58,"Above 50 DMA, Above 200 DMA, Healthy RSI momentum, Within 30% of 52W low"
28.08.2026 at 01:52 AM IST,ZENITHEXPO,Unknown,Unknown,214.78,4.03,174.0,351.65,23.44,38.92,53.51,205.46,208.99,1399.15,315.0,0.23,Bullish,30,20,8,0,0,58,58,"Above 50 DMA, Above 200 DMA, Healthy RSI momentum, Within 30% of 52W low"
28.08.2026 at 01:52 AM IST,PNB,Financial Services,Unknown,116.7,0.66,95.72,131.33,21.92,11.14,59.7,110.77,112.62,12795515.2,7741983.0,0.61,Bullish,30,20,8,0,0,58,58,"Above 50 DMA, Above 200 DMA, Healthy RSI momentum, Within 30% of 52W low"
28.08.2026 at 01:52 AM IST,PETRONET,Oil Gas & Consumable Fuels,Unknown,289.0,-1.2,232.67,322.68,24.21,10.44,57.07,280.94,277.2,1927865.2,1547208.0,0.8,Bullish,30,20,8,0,0,58,58,"Above 50 DMA, Above 200 DMA, Healthy RSI momentum, Within 30% of 52W low"
28.08.2026 at 01:52 AM IST,PKTEA,Unknown,Unknown,785.0,2.89,605.0,998.0,29.75,21.34,65.95,730.16,763.8,1289.0,264.0,0.2,Bullish,30,20,8,0,0,58,58,"Above 50 DMA, Above 200 DMA, Healthy RSI momentum, Within 30% of 52W low"
28.08.2026 at 01:52 AM IST,ORIENTELEC,Unknown,Unknown,185.92,2.27,148.4,217.12,25.28,14.37,55.58,178.54,177.97,624827.4,186509.0,0.3,Bullish,30,20,8,0,0,58,58,"Above 50 DMA, Above 200 DMA, Healthy RSI momentum, Within 30% of 52W low"
28.08.2026 at 01:52 AM IST,PAR,Unknown,Unknown,99.54,-1.02,78.05,122.43,27.53,18.7,50.43,96.51,93.64,11740.6,11047.0,0.94,Bullish,30,20,8,0,0,58,58,"Above 50 DMA, Above 200 DMA, Healthy RSI momentum, Within 30% of 52W low"
28.08.2026 at 01:52 AM IST,TATACAP,Financial Services,Unknown,370.65,1.9,295.51,390.2,25.43,5.01,59.09,359.16,336.33,1675953.2,1412637.0,0.84,Bullish,30,20,8,0,0,58,58,"Above 50 DMA, Above 200 DMA, Healthy RSI momentum, Within 30% of 52W low"
28.08.2026 at 01:52 AM IST,OIL,Oil Gas & Consumable Fuels,Unknown,469.15,0.35,374.37,531.0,25.32,11.65,54.74,443.73,451.26,2934242.6,1006463.0,0.34,Bullish,30,20,8,0,0,58,58,"Above 50 DMA, Above 200 DMA, Healthy RSI momentum, Within 30% of 52W low"
28.08.2026 at 01:52 AM IST,SBFC,Financial Services,Unknown,101.14,9.02,79.6,123.0,27.06,17.77,72.82,92.58,95.73,2155574.7,17101535.0,7.93,Bullish,30,5,8,15,0,58,58,"Above 50 DMA, Above 200 DMA, Strong but overbought RSI, Within 30% of 52W low, Strong volume expansion"
28.08.2026 at 01:52 AM IST,PRAJIND,Unknown,Unknown,350.25,0.7,269.91,428.09,29.77,18.18,59.39,336.06,331.81,1327940.55,529125.0,0.4,Bullish,30,20,8,0,0,58,58,"Above 50 DMA, Above 200 DMA, Healthy RSI momentum, Within 30% of 52W low"
28.08.2026 at 01:52 AM IST,JAYNECOIND,Unknown,Unknown,102.23,1.34,57.12,117.0,78.97,12.62,66.52,89.9,85.72,4708531.75,5278836.0,1.12,Bullish,30,20,0,5,0,55,55,"Above 50 DMA, Above 200 DMA, Healthy RSI momentum, Normal volume support"
28.08.2026 at 01:52 AM IST,SOUTHBANK,Unknown,Unknown,46.32,2.14,27.84,49.41,66.4,6.26,56.13,45.78,41.29,6579669.05,8354307.0,1.27,Bullish,30,20,0,5,0,55,55,"Above 50 DMA, Above 200 DMA, Healthy RSI momentum, Normal volume support"
28.08.2026 at 01:52 AM IST,UTTAMSUGAR,Unknown,Unknown,312.82,-3.19,181.1,359.3,72.73,12.94,66.14,249.55,237.22,561297.3,602692.0,1.07,Bullish,30,20,0,5,0,55,55,"Above 50 DMA, Above 200 DMA, Healthy RSI momentum, Normal volume support"
28.08.2026 at 01:52 AM IST,INDIGO,Services,Unknown,5250.5,0.62,3895.2,5970.0,34.79,12.05,51.74,5247.85,4902.27,517638.0,584644.0,1.13,Bullish,30,20,0,5,0,55,55,"Above 50 DMA, Above 200 DMA, Healthy RSI momentum, Normal volume support"
28.08.2026 at 01:52 AM IST,INDIANHUME,Unknown,Unknown,392.8,0.82,276.34,426.66,42.14,7.94,57.07,368.59,355.37,57451.05,63725.0,1.11,Bullish,30,20,0,5,0,55,55,"Above 50 DMA, Above 200 DMA, Healthy RSI momentum, Normal volume support"
28.08.2026 at 01:52 AM IST,DYCL,Unknown,Unknown,458.9,7.16,236.47,475.0,94.06,3.39,61.02,400.46,339.27,550796.95,671640.0,1.22,Bullish,30,20,0,5,0,55,55,"Above 50 DMA, Above 200 DMA, Healthy RSI momentum, Normal volume support"
28.08.2026 at 01:52 AM IST,IDEA,Telecommunication,Unknown,15.06,-0.86,6.46,15.37,133.13,2.02,70.0,13.8,11.78,399716633.7,478735885.0,1.2,Bullish,30,20,0,5,0,55,55,"Above 50 DMA, Above 200 DMA, Healthy RSI momentum, Normal volume support"
28.08.2026 at 01:52 AM IST,IDFCFIRSTB,Financial Services,Unknown,84.4,-0.71,57.91,88.5,45.74,4.63,51.29,82.17,76.82,11922120.3,12673198.0,1.06,Bullish,30,20,0,5,0,55,55,"Above 50 DMA, Above 200 DMA, Healthy RSI momentum, Normal volume support"
28.08.2026 at 01:52 AM IST,HYUNDAI,Automobile and Auto Components,Unknown,2250.0,0.78,1642.32,2862.66,37.0,21.4,67.29,2048.05,2064.37,938987.8,1075225.0,1.15,Bullish,30,20,0,5,0,55,55,"Above 50 DMA, Above 200 DMA, Healthy RSI momentum, Normal volume support"
28.08.2026 at 01:52 AM IST,GENUSPOWER,Unknown,Unknown,341.1,1.81,206.36,363.0,65.29,6.03,65.78,317.98,296.38,2393482.15,2958140.0,1.24,Bullish,30,20,0,5,0,55,55,"Above 50 DMA, Above 200 DMA, Healthy RSI momentum, Normal volume support"
28.08.2026 at 01:52 AM IST,VINEETLAB,Unknown,Unknown,38.79,0.23,27.96,49.99,38.73,22.4,55.6,36.41,35.47,84989.75,92179.0,1.08,Bullish,30,20,0,5,0,55,55,"Above 50 DMA, Above 200 DMA, Healthy RSI momentum, Normal volume support"
28.08.2026 at 01:52 AM IST,SOMANYCERA,Unknown,Unknown,558.45,3.54,327.9,564.95,70.31,1.15,67.55,513.96,446.83,304766.7,383042.0,1.26,Bullish,30,20,0,5,0,55,55,"Above 50 DMA, Above 200 DMA, Healthy RSI momentum, Normal volume support"
28.08.2026 at 01:52 AM IST,VINCOFE,Unknown,Unknown,164.09,1.98,120.24,179.85,36.47,8.76,63.41,155.15,149.36,2379045.4,2407699.0,1.01,Bullish,30,20,0,5,0,55,55,"Above 50 DMA, Above 200 DMA, Healthy RSI momentum, Normal volume support"
28.08.2026 at 01:52 AM IST,GRASIM,Construction Materials,Unknown,3299.9,0.31,2494.73,3411.1,32.27,3.26,58.35,3179.8,2911.64,1099261.5,1112414.0,1.01,Bullish,30,20,0,5,0,55,55,"Above 50 DMA, Above 200 DMA, Healthy RSI momentum, Normal volume support"
28.08.2026 at 01:52 AM IST,JSWSTEEL,Metals & Mining,Unknown,1341.0,1.57,1016.46,1341.0,31.93,0.0,65.84,1262.33,1215.15,1677389.75,1894784.0,1.13,Bullish,30,20,0,5,0,55,55,"Above 50 DMA, Above 200 DMA, Healthy RSI momentum, Normal volume support"
28.08.2026 at 01:52 AM IST,DIXON,Consumer Durables,Unknown,14735.0,-1.7,9600.0,18471.0,53.49,20.23,60.63,13595.14,12188.28,412009.9,429021.0,1.04,Bullish,30,20,0,5,0,55,55,"Above 50 DMA, Above 200 DMA, Healthy RSI momentum, Normal volume support"
28.08.2026 at 01:52 AM IST,NETWEB,Information Technology,Unknown,5271.9,-0.03,2189.34,5813.0,140.8,9.31,58.42,4698.54,3825.28,2155370.3,2623639.0,1.22,Bullish,30,20,0,5,0,55,55,"Above 50 DMA, Above 200 DMA, Healthy RSI momentum, Normal volume support"
28.08.2026 at 01:52 AM IST,ATLANTAELE,Unknown,Unknown,1725.1,0.32,707.6,2152.6,143.8,19.86,52.5,1702.45,1310.98,156059.6,161888.0,1.04,Bullish,30,20,0,5,0,55,55,"Above 50 DMA, Above 200 DMA, Healthy RSI momentum, Normal volume support"
28.08.2026 at 01:52 AM IST,UNITEDPOLY,Unknown,Unknown,36.85,-3.18,20.6,51.16,78.88,27.97,69.63,31.81,30.88,105044.85,128010.0,1.22,Bullish,30,20,0,5,0,55,55,"Above 50 DMA, Above 200 DMA, Healthy RSI momentum, Normal volume support"
28.08.2026 at 01:52 AM IST,ATUL,Chemicals,Unknown,6526.0,0.52,5533.22,7144.77,17.94,8.66,45.53,6511.73,6370.24,44828.95,23384.0,0.52,Bullish,30,10,15,0,0,55,55,"Above 50 DMA, Above 200 DMA, RSI recovering zone, Close to 52W low with recovery potential"
28.08.2026 at 01:52 AM IST,TMB,Unknown,Unknown,897.6,3.0,405.09,917.0,121.58,2.12,64.72,816.42,661.09,184534.9,208392.0,1.13,Bullish,30,20,0,5,0,55,55,"Above 50 DMA, Above 200 DMA, Healthy RSI momentum, Normal volume support"
28.08.2026 at 01:52 AM IST,CHOLAFIN,Financial Services,Unknown,1868.1,-0.26,1298.89,1952.5,43.82,4.32,52.86,1817.33,1672.49,1201803.0,1362590.0,1.13,Bullish,30,20,0,5,0,55,55,"Above 50 DMA, Above 200 DMA, Healthy RSI momentum, Normal volume support"
28.08.2026 at 01:52 AM IST,UNIONBANK,Financial Services,Unknown,187.52,0.29,121.07,199.6,54.89,6.05,63.96,173.91,167.11,11521491.7,13973998.0,1.21,Bullish,30,20,0,5,0,55,55,"Above 50 DMA, Above 200 DMA, Healthy RSI momentum, Normal volume support"
28.08.2026 at 01:52 AM IST,DIGJAMLMTD,Unknown,Unknown,51.73,2.11,36.03,59.75,43.57,13.42,64.86,46.68,46.16,14809.05,18888.0,1.28,Bullish,30,20,0,5,0,55,55,"Above 50 DMA, Above 200 DMA, Healthy RSI momentum, Normal volume support"
28.08.2026 at 01:52 AM IST,DECCANCE,Unknown,Unknown,577.15,2.32,525.0,1164.25,9.93,50.43,58.99,566.7,660.64,32003.4,74539.0,2.33,Bullish,15,20,20,15,15,55,55,"Above 50 DMA, Healthy RSI momentum, Near 52W low with non-crashing RSI, Strong volume expansion, Below 200 DMA risk"
28.08.2026 at 01:52 AM IST,KAYNES,Consumer Durables,Unknown,4032.0,2.44,2995.0,7705.0,34.62,47.67,67.71,3490.93,3871.07,1472454.05,1736408.0,1.18,Bullish,30,20,0,5,0,55,55,"Above 50 DMA, Above 200 DMA, Healthy RSI momentum, Normal volume support"
28.08.2026 at 01:52 AM IST,CYBERMEDIA,Unknown,Unknown,18.17,-2.68,11.3,22.81,60.8,20.34,65.63,16.3,16.11,18474.2,18675.0,1.01,Bullish,30,20,0,5,0,55,55,"Above 50 DMA, Above 200 DMA, Healthy RSI momentum, Normal volume support"
28.08.2026 at 01:52 AM IST,LUMAXIND,Unknown,Unknown,6160.5,4.26,3938.18,6868.72,56.43,10.31,68.37,5425.55,5357.84,27095.25,34648.0,1.28,Bullish,30,20,0,5,0,55,55,"Above 50 DMA, Above 200 DMA, Healthy RSI momentum, Normal volume support"
28.08.2026 at 01:52 AM IST,SHRIPISTON,Unknown,Unknown,4610.0,-0.43,2477.93,4785.8,86.04,3.67,60.35,4281.96,3409.38,73774.6,93971.0,1.27,Bullish,30,20,0,5,0,55,55,"Above 50 DMA, Above 200 DMA, Healthy RSI momentum, Normal volume support"
28.08.2026 at 01:52 AM IST,SKIPPER,Unknown,Unknown,547.25,-0.36,327.05,593.0,67.33,7.72,51.97,541.71,456.98,817609.3,936696.0,1.15,Bullish,30,20,0,5,0,55,55,"Above 50 DMA, Above 200 DMA, Healthy RSI momentum, Normal volume support"
28.08.2026 at 01:52 AM IST,JTLIND,Unknown,Unknown,81.01,2.78,40.25,87.2,101.27,7.1,61.5,77.08,68.03,2500434.45,3040504.0,1.22,Bullish,30,20,0,5,0,55,55,"Above 50 DMA, Above 200 DMA, Healthy RSI momentum, Normal volume support"
28.08.2026 at 01:52 AM IST,NIITLTD,Unknown,Unknown,102.97,0.28,48.47,115.14,112.44,10.57,64.43,96.96,82.48,418329.0,468280.0,1.12,Bullish,30,20,0,5,0,55,55,"Above 50 DMA, Above 200 DMA, Healthy RSI momentum, Normal volume support"
28.08.2026 at 01:52 AM IST,ATL,Unknown,Unknown,26.71,-1.66,18.2,40.51,46.76,34.07,64.52,24.02,25.23,283059.85,302331.0,1.07,Bullish,30,20,0,5,0,55,55,"Above 50 DMA, Above 200 DMA, Healthy RSI momentum, Normal volume support"
28.08.2026 at 01:52 AM IST,AVALON,Unknown,Unknown,2226.4,5.44,777.3,2351.0,186.43,5.3,68.29,1836.9,1259.53,621391.55,707047.0,1.14,Bullish,30,20,0,5,0,55,55,"Above 50 DMA, Above 200 DMA, Healthy RSI momentum, Normal volume support"
28.08.2026 at 01:52 AM IST,ORIENTCER,Unknown,Unknown,45.29,4.0,34.0,56.64,33.21,20.04,60.29,41.61,41.35,87315.1,107893.0,1.24,Bullish,30,20,0,5,0,55,55,"Above 50 DMA, Above 200 DMA, Healthy RSI momentum, Normal volume support"
28.08.2026 at 01:52 AM IST,CANHLIFE,Financial Services,Unknown,153.88,1.1,105.72,166.25,45.56,7.44,59.1,146.39,141.13,585877.95,710172.0,1.21,Bullish,30,20,0,5,0,55,55,"Above 50 DMA, Above 200 DMA, Healthy RSI momentum, Normal volume support"
28.08.2026 at 01:52 AM IST,PARAGMILK,Unknown,Unknown,244.77,-2.09,177.84,376.95,37.63,35.07,64.65,224.99,243.14,1020090.2,1026746.0,1.01,Bullish,30,20,0,5,0,55,55,"Above 50 DMA, Above 200 DMA, Healthy RSI momentum, Normal volume support"
28.08.2026 at 01:52 AM IST,PARAS,Unknown,Unknown,1492.7,3.29,580.5,1585.0,157.14,5.82,65.32,1300.59,871.82,1690372.35,2069222.0,1.22,Bullish,30,20,0,5,0,55,55,"Above 50 DMA, Above 200 DMA, Healthy RSI momentum, Normal volume support"
28.08.2026 at 01:52 AM IST,NYKAA,Consumer Services,Unknown,340.0,1.8,225.26,348.0,50.94,2.3,61.64,322.79,275.31,6845332.1,7555264.0,1.1,Bullish,30,20,0,5,0,55,55,"Above 50 DMA, Above 200 DMA, Healthy RSI momentum, Normal volume support"
28.08.2026 at 01:52 AM IST,QPOWER,Unknown,Unknown,1298.2,-0.83,580.89,1440.72,123.49,9.89,59.1,1203.92,980.16,228550.9,245988.0,1.08,Bullish,30,20,0,5,0,55,55,"Above 50 DMA, Above 200 DMA, Healthy RSI momentum, Normal volume support"
28.08.2026 at 01:52 AM IST,PATELRMART,Unknown,Unknown,233.12,0.25,150.25,284.0,55.15,17.92,57.46,222.78,204.57,112078.45,134236.0,1.2,Bullish,30,20,0,5,0,55,55,"Above 50 DMA, Above 200 DMA, Healthy RSI momentum, Normal volume support"
28.08.2026 at 01:52 AM IST,PFIZER,Healthcare,Unknown,4802.5,0.94,4290.49,5489.44,11.93,12.51,49.39,4669.8,4730.75,57625.25,26447.0,0.46,Bullish,30,10,15,0,0,55,55,"Above 50 DMA, Above 200 DMA, RSI recovering zone, Close to 52W low with recovery potential"
28.08.2026 at 01:52 AM IST,RATNAMANI,Unknown,Unknown,2641.6,-2.58,1927.97,3330.26,37.01,20.68,63.94,2486.68,2403.6,160563.35,174190.0,1.08,Bullish,30,20,0,5,0,55,55,"Above 50 DMA, Above 200 DMA, Healthy RSI momentum, Normal volume support"
28.08.2026 at 01:52 AM IST,RAYMOND,Unknown,Unknown,621.05,-0.98,320.0,658.95,94.08,5.75,50.18,610.43,484.0,554046.5,610073.0,1.1,Bullish,30,20,0,5,0,55,55,"Above 50 DMA, Above 200 DMA, Healthy RSI momentum, Normal volume support"
28.08.2026 at 01:52 AM IST,BALKRISIND,Automobile and Auto Components,Unknown,2328.6,-1.59,1963.17,2765.38,18.61,15.79,49.13,2257.9,2285.87,563443.0,200421.0,0.36,Bullish,30,10,15,0,0,55,55,"Above 50 DMA, Above 200 DMA, RSI recovering zone, Close to 52W low with recovery potential"
28.08.2026 at 01:52 AM IST,ROSSTECH,Unknown,Unknown,1099.95,4.72,551.9,1172.0,99.3,6.15,59.05,1015.67,836.51,315008.05,361382.0,1.15,Bullish,30,20,0,5,0,55,55,"Above 50 DMA, Above 200 DMA, Healthy RSI momentum, Normal volume support"
28.08.2026 at 01:52 AM IST,KOTAKBANK,Financial Services,Unknown,416.7,3.76,344.9,452.42,20.82,7.9,71.2,391.7,399.77,10113905.2,20168995.0,1.99,Bullish,30,5,8,10,0,53,53,"Above 50 DMA, Above 200 DMA, Strong but overbought RSI, Within 30% of 52W low, Volume expansion"
28.08.2026 at 01:52 AM IST,SILINV,Unknown,Unknown,483.75,1.85,377.73,762.43,28.07,36.55,70.47,428.85,454.6,3283.7,5360.0,1.63,Bullish,30,5,8,10,0,53,53,"Above 50 DMA, Above 200 DMA, Strong but overbought RSI, Within 30% of 52W low, Volume expansion"
28.08.2026 at 01:52 AM IST,FINEORG,Unknown,Unknown,5139.1,-0.92,3847.3,5394.8,33.58,4.74,53.69,5058.01,4601.55,45677.9,25832.0,0.57,Bullish,30,20,0,0,0,50,50,"Above 50 DMA, Above 200 DMA, Healthy RSI momentum"
28.08.2026 at 01:52 AM IST,JSFB,Unknown,Unknown,547.1,-4.13,330.0,606.95,65.79,9.86,48.88,518.87,444.23,1036491.1,1589777.0,1.53,Bullish,30,10,0,10,0,50,50,"Above 50 DMA, Above 200 DMA, RSI recovering zone, Volume expansion"
28.08.2026 at 01:52 AM IST,DICIND,Unknown,Unknown,601.95,1.24,447.96,630.95,34.37,4.6,69.58,528.65,516.79,20733.25,1925.0,0.09,Bullish,30,20,0,0,0,50,50,"Above 50 DMA, Above 200 DMA, Healthy RSI momentum"
28.08.2026 at 01:52 AM IST,DHUNINV,Unknown,Unknown,1115.9,16.26,665.04,1568.25,67.79,28.84,71.48,919.73,977.74,5962.95,63610.0,10.67,Bullish,30,5,0,15,0,50,50,"Above 50 DMA, Above 200 DMA, Strong but overbought RSI, Strong volume expansion"
28.08.2026 at 01:52 AM IST,JMA,Unknown,Unknown,90.77,1.37,67.89,94.7,33.71,4.15,61.95,86.75,82.47,13643.95,10632.0,0.78,Bullish,30,20,0,0,0,50,50,"Above 50 DMA, Above 200 DMA, Healthy RSI momentum"
28.08.2026 at 01:52 AM IST,JKPAPER,Unknown,Unknown,396.55,1.97,301.69,440.18,31.44,9.91,60.31,370.09,355.99,326962.35,276982.0,0.85,Bullish,30,20,0,0,0,50,50,"Above 50 DMA, Above 200 DMA, Healthy RSI momentum"
28.08.2026 at 01:52 AM IST,JKIPL,Unknown,Unknown,106.39,2.96,45.4,126.95,134.34,16.2,61.98,100.62,88.77,33179.05,29287.0,0.88,Bullish,30,20,0,0,0,50,50,"Above 50 DMA, Above 200 DMA, Healthy RSI momentum"
28.08.2026 at 01:52 AM IST,JINDRILL,Unknown,Unknown,632.45,2.69,440.1,693.5,43.71,8.8,55.6,595.26,552.79,1306021.9,157638.0,0.12,Bullish,30,20,0,0,0,50,50,"Above 50 DMA, Above 200 DMA, Healthy RSI momentum"
28.08.2026 at 01:52 AM IST,JGCHEM,Unknown,Unknown,597.95,3.26,298.4,663.1,100.39,9.83,58.75,502.53,405.69,1003739.25,209516.0,0.21,Bullish,30,20,0,0,0,50,50,"Above 50 DMA, Above 200 DMA, Healthy RSI momentum"
28.08.2026 at 01:52 AM IST,KHAITANLTD,Unknown,Unknown,146.96,-0.01,85.0,165.0,72.89,10.93,54.25,137.16,115.99,12452.8,1990.0,0.16,Bullish,30,20,0,0,0,50,50,"Above 50 DMA, Above 200 DMA, Healthy RSI momentum"
28.08.2026 at 01:52 AM IST,DEEPINDS,Unknown,Unknown,664.65,2.31,328.75,717.27,102.18,7.34,58.83,544.45,460.36,804255.45,382203.0,0.48,Bullish,30,20,0,0,0,50,50,"Above 50 DMA, Above 200 DMA, Healthy RSI momentum"
28.08.2026 at 01:52 AM IST,DEEPAKNTR,Chemicals,Unknown,1776.7,1.47,1274.18,1895.74,39.44,6.28,58.67,1676.63,1625.45,580363.65,433959.0,0.75,Bullish,30,20,0,0,0,50,50,"Above 50 DMA, Above 200 DMA, Healthy RSI momentum"
28.08.2026 at 01:52 AM IST,KEI,Capital Goods,Unknown,5540.0,-0.86,3724.29,5899.0,48.75,6.09,53.48,5319.96,4752.19,541622.45,194870.0,0.36,Bullish,30,20,0,0,0,50,50,"Above 50 DMA, Above 200 DMA, Healthy RSI momentum"
28.08.2026 at 01:52 AM IST,KDDL,Unknown,Unknown,3941.1,0.42,1990.0,4155.5,98.05,5.16,64.24,3421.81,2670.77,87555.9,36228.0,0.41,Bullish,30,20,0,0,0,50,50,"Above 50 DMA, Above 200 DMA, Healthy RSI momentum"
28.08.2026 at 01:52 AM IST,KCP,Unknown,Unknown,172.03,-2.84,124.21,210.85,38.5,18.41,61.34,164.13,166.57,315793.9,145072.0,0.46,Bullish,30,20,0,0,0,50,50,"Above 50 DMA, Above 200 DMA, Healthy RSI momentum"
28.08.2026 at 01:52 AM IST,KARURVYSYA,Financial Services,Unknown,354.35,2.41,200.26,358.65,76.94,1.2,70.27,318.86,289.38,1750276.1,3910226.0,2.23,Bullish,30,5,0,15,0,50,50,"Above 50 DMA, Above 200 DMA, Strong but overbought RSI, Strong volume expansion"
28.08.2026 at 01:52 AM IST,KAPSTON,Unknown,Unknown,505.25,-1.22,237.2,600.0,113.01,15.79,50.5,451.63,358.83,92175.0,43906.0,0.48,Bullish,30,20,0,0,0,50,50,"Above 50 DMA, Above 200 DMA, Healthy RSI momentum"
28.08.2026 at 01:52 AM IST,KALYANKJIL,Consumer Durables,Unknown,610.6,-0.33,327.05,648.95,86.7,5.91,61.93,521.79,447.62,14932879.05,4184633.0,0.28,Bullish,30,20,0,0,0,50,50,"Above 50 DMA, Above 200 DMA, Healthy RSI momentum"
28.08.2026 at 01:52 AM IST,JUBLCPL,Unknown,Unknown,2141.7,0.1,1460.0,3013.4,46.69,28.93,54.21,2011.62,1987.58,34210.55,5507.0,0.16,Bullish,30,20,0,0,0,50,50,"Above 50 DMA, Above 200 DMA, Healthy RSI momentum"
28.08.2026 at 01:52 AM IST,KPRMILL,Textiles,Unknown,1136.0,1.43,794.35,1331.08,43.01,14.66,57.14,1116.75,980.79,266276.8,98602.0,0.37,Bullish,30,20,0,0,0,50,50,"Above 50 DMA, Above 200 DMA, Healthy RSI momentum"
28.08.2026 at 01:52 AM IST,KPIL,Construction,Unknown,1391.3,0.5,999.1,1468.0,39.26,5.22,58.39,1345.91,1219.7,346560.65,75369.0,0.22,Bullish,30,20,0,0,0,50,50,"Above 50 DMA, Above 200 DMA, Healthy RSI momentum"
28.08.2026 at 01:52 AM IST,DCMNVL,Unknown,Unknown,189.18,4.93,95.6,189.3,97.89,0.06,71.5,155.4,139.54,26013.1,54471.0,2.09,Bullish,30,5,0,15,0,50,50,"Above 50 DMA, Above 200 DMA, Strong but overbought RSI, Strong volume expansion"
28.08.2026 at 01:52 AM IST,DCMFINSERV,Unknown,Unknown,5.34,0.19,3.7,8.55,44.32,37.54,50.38,5.32,5.22,19903.1,7018.0,0.35,Bullish,30,20,0,0,0,50,50,"Above 50 DMA, Above 200 DMA, Healthy RSI momentum"
28.08.2026 at 01:52 AM IST,DCI,Unknown,Unknown,402.8,8.82,208.98,475.0,92.75,15.2,73.33,308.87,276.66,55481.0,157146.0,2.83,Bullish,30,5,0,15,0,50,50,"Above 50 DMA, Above 200 DMA, Strong but overbought RSI, Strong volume expansion"
28.08.2026 at 01:52 AM IST,JSWINFRA,Services,Unknown,344.95,0.29,232.72,355.8,48.23,3.05,60.33,330.18,283.4,2880047.25,1801827.0,0.63,Bullish,30,20,0,0,0,50,50,"Above 50 DMA, Above 200 DMA, Healthy RSI momentum"
28.08.2026 at 01:52 AM IST,ARMANFIN,Unknown,Unknown,1977.8,3.67,1301.0,2158.6,52.02,8.38,54.53,1876.11,1652.78,59845.8,40980.0,0.68,Bullish,30,20,0,0,0,50,50,"Above 50 DMA, Above 200 DMA, Healthy RSI momentum"
28.08.2026 at 01:52 AM IST,SJS,Unknown,Unknown,2485.9,-2.56,1283.81,2590.0,93.63,4.02,56.4,2315.47,1906.16,196873.95,165303.0,0.84,Bullish,30,20,0,0,0,50,50,"Above 50 DMA, Above 200 DMA, Healthy RSI momentum"
28.08.2026 at 01:52 AM IST,SIMPLEXINF,Unknown,Unknown,251.41,1.08,137.0,330.0,83.51,23.82,50.53,253.42,237.3,115546.1,541939.0,4.69,Bearish,15,20,0,15,0,50,50,"Above 200 DMA, Healthy RSI momentum, Strong volume expansion"
28.08.2026 at 01:52 AM IST,SIL,Unknown,Unknown,19.65,-1.5,11.55,22.3,70.19,11.88,58.82,16.92,15.54,220442.35,39998.0,0.18,Bullish,30,20,0,0,0,50,50,"Above 50 DMA, Above 200 DMA, Healthy RSI momentum"
28.08.2026 at 01:52 AM IST,SIGMA,Unknown,Unknown,48.57,-0.14,35.46,65.5,36.97,25.85,62.69,42.12,45.66,686369.7,136335.0,0.2,Bullish,30,20,0,0,0,50,50,"Above 50 DMA, Above 200 DMA, Healthy RSI momentum"
28.08.2026 at 01:52 AM IST,SIEMENS,Capital Goods,Unknown,4043.0,-1.16,2812.18,4149.4,43.77,2.56,62.7,3736.15,3412.24,470617.8,374331.0,0.8,Bullish,30,20,0,0,0,50,50,"Above 50 DMA, Above 200 DMA, Healthy RSI momentum"
28.08.2026 at 01:52 AM IST,STEELCAS,Unknown,Unknown,343.65,1.39,175.14,364.0,96.21,5.59,56.4,318.38,259.27,154980.35,62879.0,0.41,Bullish,30,20,0,0,0,50,50,"Above 50 DMA, Above 200 DMA, Healthy RSI momentum"
28.08.2026 at 01:52 AM IST,ARIES,Unknown,Unknown,503.7,12.75,285.35,517.9,76.52,2.74,82.59,362.07,346.97,130869.95,1074702.0,8.21,Bullish,30,5,0,15,0,50,50,"Above 50 DMA, Above 200 DMA, Strong but overbought RSI, Strong volume expansion"
28.08.2026 at 01:52 AM IST,ARE&M,Automobile and Auto Components,Unknown,920.75,-0.01,666.01,1045.66,38.25,11.95,51.31,890.28,863.67,1363316.95,241273.0,0.18,Bullish,30,20,0,0,0,50,50,"Above 50 DMA, Above 200 DMA, Healthy RSI momentum"
28.08.2026 at 01:52 AM IST,SREEL,Unknown,Unknown,260.0,0.93,165.25,270.0,57.34,3.7,69.34,222.6,208.06,23131.7,15992.0,0.69,Bullish,30,20,0,0,0,50,50,"Above 50 DMA, Above 200 DMA, Healthy RSI momentum"
28.08.2026 at 01:52 AM IST,SPORTKING,Unknown,Unknown,224.23,-1.77,78.17,241.51,186.85,7.15,61.54,198.31,138.97,1187556.55,202349.0,0.17,Bullish,30,20,0,0,0,50,50,"Above 50 DMA, Above 200 DMA, Healthy RSI momentum"
28.08.2026 at 01:52 AM IST,SOTL,Unknown,Unknown,694.95,3.16,283.72,808.88,144.94,14.09,57.14,616.05,439.71,659543.35,192960.0,0.29,Bullish,30,20,0,0,0,50,50,"Above 50 DMA, Above 200 DMA, Healthy RSI momentum"
28.08.2026 at 01:52 AM IST,IPCALAB,Healthcare,Unknown,1952.4,1.24,1247.27,1992.0,56.53,1.99,68.34,1764.83,1558.55,707225.2,455426.0,0.64,Bullish,30,20,0,0,0,50,50,"Above 50 DMA, Above 200 DMA, Healthy RSI momentum"
28.08.2026 at 01:52 AM IST,UNIVCABLES,Unknown,Unknown,1578.7,-0.7,573.9,1774.9,175.08,11.05,56.42,1353.95,978.88,259397.75,68950.0,0.27,Bullish,30,20,0,0,0,50,50,"Above 50 DMA, Above 200 DMA, Healthy RSI momentum"
28.08.2026 at 01:52 AM IST,VOLTAMP,Unknown,Unknown,10978.5,0.04,6594.35,12724.75,66.48,13.72,67.23,9871.91,8899.65,75795.4,20963.0,0.28,Bullish,30,20,0,0,0,50,50,"Above 50 DMA, Above 200 DMA, Healthy RSI momentum"
28.08.2026 at 01:52 AM IST,JAYKAY,Unknown,Unknown,168.94,6.47,115.52,219.7,46.24,23.1,58.98,166.37,,335913.25,1234616.0,3.68,Bullish,15,20,0,15,0,50,50,"Above 50 DMA, Healthy RSI momentum, Strong volume expansion"
28.08.2026 at 01:52 AM IST,JAYAGROGN,Unknown,Unknown,223.25,-2.78,144.96,252.8,54.0,11.69,52.68,215.99,200.24,12430.5,11905.0,0.96,Bullish,30,20,0,0,0,50,50,"Above 50 DMA, Above 200 DMA, Healthy RSI momentum"
28.08.2026 at 01:52 AM IST,DPABHUSHAN,Unknown,Unknown,1506.1,3.19,866.1,1670.0,73.89,9.81,60.23,1259.78,1223.94,37124.8,25272.0,0.68,Bullish,30,20,0,0,0,50,50,"Above 50 DMA, Above 200 DMA, Healthy RSI momentum"
28.08.2026 at 01:52 AM IST,DMCC,Unknown,Unknown,285.9,1.35,189.68,330.0,50.72,13.36,53.85,268.91,254.51,150584.9,45583.0,0.3,Bullish,30,20,0,0,0,50,50,"Above 50 DMA, Above 200 DMA, Healthy RSI momentum"
28.08.2026 at 01:52 AM IST,DLF,Realty,Unknown,672.5,-1.53,483.33,784.95,39.14,14.33,54.95,650.57,627.8,3182041.8,2143983.0,0.67,Bullish,30,20,0,0,0,50,50,"Above 50 DMA, Above 200 DMA, Healthy RSI momentum"
28.08.2026 at 01:52 AM IST,DIVGIITTS,Unknown,Unknown,1175.9,-1.21,573.7,1318.8,104.97,10.84,59.0,1012.28,758.97,289558.1,79413.0,0.27,Bullish,30,20,0,0,0,50,50,"Above 50 DMA, Above 200 DMA, Healthy RSI momentum"
28.08.2026 at 01:52 AM IST,JAGSNPHARM,Unknown,Unknown,242.2,0.32,155.0,264.5,56.26,8.43,61.79,230.07,202.19,823471.25,76102.0,0.09,Bullish,30,20,0,0,0,50,50,"Above 50 DMA, Above 200 DMA, Healthy RSI momentum"
28.08.2026 at 01:52 AM IST,ISFT,Unknown,Unknown,96.68,5.73,54.05,119.07,78.87,18.8,77.26,79.63,81.9,76442.45,161380.0,2.11,Bullish,30,5,0,15,0,50,50,"Above 50 DMA, Above 200 DMA, Strong but overbought RSI, Strong volume expansion"
28.08.2026 at 01:52 AM IST,IRMENERGY,Unknown,Unknown,287.5,3.6,165.4,393.0,73.82,26.84,56.68,272.51,263.83,191460.2,160080.0,0.84,Bullish,30,20,0,0,0,50,50,"Above 50 DMA, Above 200 DMA, Healthy RSI momentum"
28.08.2026 at 01:52 AM IST,IRISDOREME,Unknown,Unknown,57.85,1.69,26.35,60.2,119.54,3.9,69.23,48.78,37.7,1506419.5,539770.0,0.36,Bullish,30,20,0,0,0,50,50,"Above 50 DMA, Above 200 DMA, Healthy RSI momentum"
28.08.2026 at 01:52 AM IST,SONAMLTD,Unknown,Unknown,64.44,-0.49,37.19,68.99,73.26,6.6,68.73,55.63,49.64,120957.05,29384.0,0.24,Bullish,30,20,0,0,0,50,50,"Above 50 DMA, Above 200 DMA, Healthy RSI momentum"
28.08.2026 at 01:52 AM IST,ASKAUTOLTD,Unknown,Unknown,617.0,1.95,373.93,687.7,65.0,10.28,57.18,531.98,468.02,1807301.3,180959.0,0.1,Bullish,30,20,0,0,0,50,50,"Above 50 DMA, Above 200 DMA, Healthy RSI momentum"
28.08.2026 at 01:52 AM IST,ASIANENE,Unknown,Unknown,478.55,6.01,230.0,491.0,108.07,2.54,65.96,384.18,319.16,748287.25,688552.0,0.92,Bullish,30,20,0,0,0,50,50,"Above 50 DMA, Above 200 DMA, Healthy RSI momentum"
28.08.2026 at 01:52 AM IST,ASHOKLEY,Capital Goods,Unknown,179.05,2.5,122.91,211.81,45.68,15.47,64.64,163.94,168.3,19980071.85,17868582.0,0.89,Bullish,30,20,0,0,0,50,50,"Above 50 DMA, Above 200 DMA, Healthy RSI momentum"
28.08.2026 at 01:52 AM IST,ASHIMASYN,Unknown,Unknown,18.12,-0.71,11.5,26.0,57.57,30.31,57.19,16.59,16.57,105198.8,64443.0,0.61,Bullish,30,20,0,0,0,50,50,"Above 50 DMA, Above 200 DMA, Healthy RSI momentum"
28.08.2026 at 01:52 AM IST,SHIVAUM,Unknown,Unknown,444.45,1.0,275.0,474.05,61.62,6.24,58.1,418.17,339.16,23553.05,7003.0,0.3,Bullish,30,20,0,0,0,50,50,"Above 50 DMA, Above 200 DMA, Healthy RSI momentum"
28.08.2026 at 01:52 AM IST,SHIVATEX,Unknown,Unknown,170.99,0.33,125.6,217.13,36.13,21.25,68.0,155.15,162.44,3109.95,468.0,0.15,Bullish,30,20,0,0,0,50,50,"Above 50 DMA, Above 200 DMA, Healthy RSI momentum"
28.08.2026 at 01:52 AM IST,SHANTIGOLD,Unknown,Unknown,266.07,0.8,155.0,280.75,71.66,5.23,66.47,225.96,210.34,2181837.35,1949685.0,0.89,Bullish,30,20,0,0,0,50,50,"Above 50 DMA, Above 200 DMA, Healthy RSI momentum"
28.08.2026 at 01:52 AM IST,SMARTWORKS,Unknown,Unknown,541.85,0.3,361.5,619.0,49.89,12.46,69.4,484.57,459.5,136931.95,37036.0,0.27,Bullish,30,20,0,0,0,50,50,"Above 50 DMA, Above 200 DMA, Healthy RSI momentum"
28.08.2026 at 01:52 AM IST,ARVSMART,Unknown,Unknown,670.7,-1.91,486.8,707.85,37.78,5.25,59.53,619.87,588.37,482655.0,72270.0,0.15,Bullish,30,20,0,0,0,50,50,"Above 50 DMA, Above 200 DMA, Healthy RSI momentum"
28.08.2026 at 01:52 AM IST,ARVIND,Unknown,Unknown,541.95,0.49,274.8,600.0,97.22,9.67,51.34,538.63,414.14,849490.5,627979.0,0.74,Bullish,30,20,0,0,0,50,50,"Above 50 DMA, Above 200 DMA, Healthy RSI momentum"
28.08.2026 at 01:52 AM IST,LODHA,Realty,Unknown,1265.0,-1.26,648.52,1340.24,95.06,5.61,60.58,1146.68,1015.35,1482010.45,1402916.0,0.95,Bullish,30,20,0,0,0,50,50,"Above 50 DMA, Above 200 DMA, Healthy RSI momentum"
28.08.2026 at 01:52 AM IST,LMW,Unknown,Unknown,19204.0,-0.8,11893.88,20151.0,61.46,4.7,65.48,16856.68,15289.71,7205.55,4017.0,0.56,Bullish,30,20,0,0,0,50,50,"Above 50 DMA, Above 200 DMA, Healthy RSI momentum"
28.08.2026 at 01:52 AM IST,DBOL,Unknown,Unknown,127.73,-0.94,68.04,139.0,87.72,8.11,63.56,112.48,99.62,398842.2,169388.0,0.42,Bullish,30,20,0,0,0,50,50,"Above 50 DMA, Above 200 DMA, Healthy RSI momentum"
28.08.2026 at 01:52 AM IST,LIBAS,Unknown,Unknown,10.65,4.93,9.02,14.3,18.07,25.52,61.91,10.52,10.97,38220.85,164358.0,4.3,Bullish,15,20,15,15,15,50,50,"Above 50 DMA, Healthy RSI momentum, Close to 52W low with recovery potential, Strong volume expansion, Below 200 DMA risk"
28.08.2026 at 01:52 AM IST,AJOONI,Unknown,Unknown,3.89,7.46,3.4,5.94,14.41,34.51,52.57,3.85,4.22,291919.45,647674.0,2.22,Bullish,15,20,15,15,15,50,50,"Above 50 DMA, Healthy RSI momentum, Close to 52W low with recovery potential, Strong volume expansion, Below 200 DMA risk"
28.08.2026 at 01:52 AM IST,AJANTPHARM,Healthcare,Unknown,3551.8,-0.09,2283.14,3796.0,55.57,6.43,53.33,3408.53,2960.42,107546.85,35227.0,0.33,Bullish,30,20,0,0,0,50,50,"Above 50 DMA, Above 200 DMA, Healthy RSI momentum"
28.08.2026 at 01:52 AM IST,AIIL,Financial Services,Unknown,561.6,-0.89,400.0,683.0,40.4,17.77,52.69,543.34,520.33,495524.3,111977.0,0.23,Bullish,30,20,0,0,0,50,50,"Above 50 DMA, Above 200 DMA, Healthy RSI momentum"
28.08.2026 at 01:52 AM IST,AGI,Unknown,Unknown,744.5,1.87,465.0,939.0,60.11,20.71,61.6,706.09,651.92,140592.0,114169.0,0.81,Bullish,30,20,0,0,0,50,50,"Above 50 DMA, Above 200 DMA, Healthy RSI momentum"
28.08.2026 at 01:52 AM IST,UNIPARTS,Unknown,Unknown,806.2,-2.35,366.28,844.9,120.11,4.58,58.86,718.16,550.04,230142.3,90759.0,0.39,Bullish,30,20,0,0,0,50,50,"Above 50 DMA, Above 200 DMA, Healthy RSI momentum"
28.08.2026 at 01:52 AM IST,UNIMECH,Unknown,Unknown,1500.2,1.81,695.0,1555.0,115.86,3.52,66.28,1281.65,1019.91,281686.45,240768.0,0.85,Bullish,30,20,0,0,0,50,50,"Above 50 DMA, Above 200 DMA, Healthy RSI momentum"
28.08.2026 at 01:52 AM IST,UNICHEMLAB,Unknown,Unknown,530.3,0.81,278.2,687.2,90.62,22.83,51.85,519.78,422.35,312874.5,81667.0,0.26,Bullish,30,20,0,0,0,50,50,"Above 50 DMA, Above 200 DMA, Healthy RSI momentum"
28.08.2026 at 01:52 AM IST,UGARSUGAR,Unknown,Unknown,54.97,-1.24,33.67,62.1,63.27,11.48,66.77,43.34,40.83,1000771.7,596841.0,0.6,Bullish,30,20,0,0,0,50,50,"Above 50 DMA, Above 200 DMA, Healthy RSI momentum"
28.08.2026 at 01:52 AM IST,TVSSRICHAK,Unknown,Unknown,5311.8,10.39,2795.84,5359.3,89.99,0.89,78.9,4217.15,4062.93,84582.65,263395.0,3.11,Bullish,30,5,0,15,0,50,50,"Above 50 DMA, Above 200 DMA, Strong but overbought RSI, Strong volume expansion"
28.08.2026 at 01:52 AM IST,TVSMOTOR,Automobile and Auto Components,Unknown,4464.0,1.0,3226.72,4484.5,38.34,0.46,69.05,3941.31,3677.54,1040421.65,908142.0,0.87,Bullish,30,20,0,0,0,50,50,"Above 50 DMA, Above 200 DMA, Healthy RSI momentum"
28.08.2026 at 01:52 AM IST,CONCORDBIO,Healthcare,Unknown,1542.2,-0.37,981.13,1719.7,57.19,10.32,67.46,1363.27,1257.26,221151.55,55487.0,0.25,Bullish,30,20,0,0,0,50,50,"Above 50 DMA, Above 200 DMA, Healthy RSI momentum"
28.08.2026 at 01:52 AM IST,LINCOLN,Unknown,Unknown,612.55,-0.91,440.0,770.0,39.22,20.45,52.46,605.68,577.92,86399.8,25102.0,0.29,Bullish,30,20,0,0,0,50,50,"Above 50 DMA, Above 200 DMA, Healthy RSI momentum"
28.08.2026 at 01:52 AM IST,KOLTEPATIL,Unknown,Unknown,456.7,-0.6,292.25,554.6,56.27,17.65,56.5,405.15,377.17,871986.55,47499.0,0.05,Bullish,30,20,0,0,0,50,50,"Above 50 DMA, Above 200 DMA, Healthy RSI momentum"
28.08.2026 at 01:52 AM IST,KMSUGAR,Unknown,Unknown,31.96,-1.6,23.3,36.5,37.17,12.44,58.63,28.37,27.16,553491.0,402064.0,0.73,Bullish,30,20,0,0,0,50,50,"Above 50 DMA, Above 200 DMA, Healthy RSI momentum"
28.08.2026 at 01:52 AM IST,KMEW,Unknown,Unknown,2777.8,3.45,851.65,2999.9,226.17,7.4,64.45,2454.82,1909.77,103603.9,93743.0,0.9,Bullish,30,20,0,0,0,50,50,"Above 50 DMA, Above 200 DMA, Healthy RSI momentum"
28.08.2026 at 01:52 AM IST,KIOCL,Unknown,Unknown,388.95,2.41,290.65,634.55,33.82,38.7,53.83,382.45,370.19,331386.4,59373.0,0.18,Bullish,30,20,0,0,0,50,50,"Above 50 DMA, Above 200 DMA, Healthy RSI momentum"
28.08.2026 at 01:52 AM IST,KINGFA,Unknown,Unknown,6060.5,2.56,3649.9,6200.0,66.05,2.25,65.99,5313.07,4680.29,24576.45,16728.0,0.68,Bullish,30,20,0,0,0,50,50,"Above 50 DMA, Above 200 DMA, Healthy RSI momentum"
28.08.2026 at 01:52 AM IST,DALMIASUG,Unknown,Unknown,481.1,2.31,256.45,520.0,87.6,7.48,66.24,382.55,334.35,1370779.7,352190.0,0.26,Bullish,30,20,0,0,0,50,50,"Above 50 DMA, Above 200 DMA, Healthy RSI momentum"
28.08.2026 at 01:52 AM IST,CYIENT,Information Technology,Unknown,1047.7,7.01,750.3,1267.74,39.64,17.36,79.89,868.63,967.41,1353674.2,11712766.0,8.65,Bullish,30,5,0,15,0,50,50,"Above 50 DMA, Above 200 DMA, Strong but overbought RSI, Strong volume expansion"
28.08.2026 at 01:52 AM IST,CUPID,Unknown,Unknown,283.99,0.79,32.87,299.0,764.03,5.02,65.91,229.05,128.74,31631078.8,10330132.0,0.33,Bullish,30,20,0,0,0,50,50,"Above 50 DMA, Above 200 DMA, Healthy RSI momentum"
28.08.2026 at 01:52 AM IST,CUB,Financial Services,Unknown,226.8,2.35,143.78,243.1,57.74,6.71,59.27,214.31,202.86,3064304.65,2348389.0,0.77,Bullish,30,20,0,0,0,50,50,"Above 50 DMA, Above 200 DMA, Healthy RSI momentum"
28.08.2026 at 01:52 AM IST,LATTEYS,Unknown,Unknown,22.6,1.57,15.79,37.0,43.13,38.92,59.87,20.96,21.97,89722.3,28716.0,0.32,Bullish,30,20,0,0,0,50,50,"Above 50 DMA, Above 200 DMA, Healthy RSI momentum"
28.08.2026 at 01:52 AM IST,LANCORHOL,Unknown,Unknown,30.86,-3.98,18.12,33.9,70.31,8.97,61.18,26.38,25.35,282077.2,188316.0,0.67,Bullish,30,20,0,0,0,50,50,"Above 50 DMA, Above 200 DMA, Healthy RSI momentum"
28.08.2026 at 01:52 AM IST,LALPATHLAB,Healthcare,Unknown,1937.3,1.23,1266.16,1988.9,53.01,2.59,63.75,1780.93,1537.92,287499.15,134265.0,0.47,Bullish,30,20,0,0,0,50,50,"Above 50 DMA, Above 200 DMA, Healthy RSI momentum"
28.08.2026 at 01:52 AM IST,ASPINWALL,Unknown,Unknown,259.15,-0.56,195.38,292.51,32.64,11.41,63.25,244.43,228.95,2763.1,960.0,0.35,Bullish,30,20,0,0,0,50,50,"Above 50 DMA, Above 200 DMA, Healthy RSI momentum"
28.08.2026 at 01:52 AM IST,KRYSTAL,Unknown,Unknown,652.45,5.06,500.0,729.5,30.49,10.56,61.24,609.12,581.14,70370.2,54355.0,0.77,Bullish,30,20,0,0,0,50,50,"Above 50 DMA, Above 200 DMA, Healthy RSI momentum"
28.08.2026 at 01:52 AM IST,KRN,Unknown,Unknown,1511.9,-0.85,589.8,1598.2,156.34,5.4,68.64,1281.27,1010.12,208446.25,91119.0,0.44,Bullish,30,20,0,0,0,50,50,"Above 50 DMA, Above 200 DMA, Healthy RSI momentum"
28.08.2026 at 01:52 AM IST,KRITINUT,Unknown,Unknown,88.1,-2.53,51.36,104.53,71.53,15.72,58.05,81.58,78.3,29267.9,19985.0,0.68,Bullish,30,20,0,0,0,50,50,"Above 50 DMA, Above 200 DMA, Healthy RSI momentum"
28.08.2026 at 01:52 AM IST,KRBL,Unknown,Unknown,447.4,5.77,274.65,474.85,62.9,5.78,75.22,375.63,363.18,1074912.85,2764286.0,2.57,Bullish,30,5,0,15,0,50,50,"Above 50 DMA, Above 200 DMA, Strong but overbought RSI, Strong volume expansion"
28.08.2026 at 01:52 AM IST,LUMAXTECH,Unknown,Unknown,1927.8,-0.22,1021.28,2110.0,88.76,8.64,60.43,1648.08,1594.39,487871.25,72924.0,0.15,Bullish,30,20,0,0,0,50,50,"Above 50 DMA, Above 200 DMA, Healthy RSI momentum"
28.08.2026 at 01:52 AM IST,LTFOODS,Fast Moving Consumer Goods,Unknown,451.3,1.23,331.46,490.7,36.16,8.03,68.27,397.65,395.86,3111934.75,1169369.0,0.38,Bullish,30,20,0,0,0,50,50,"Above 50 DMA, Above 200 DMA, Healthy RSI momentum"
28.08.2026 at 01:52 AM IST,LTF,Financial Services,Unknown,322.2,0.85,213.07,338.6,51.22,4.84,57.4,311.46,291.03,4712870.75,3557857.0,0.75,Bullish,30,20,0,0,0,50,50,"Above 50 DMA, Above 200 DMA, Healthy RSI momentum"
28.08.2026 at 01:52 AM IST,LPDC,Unknown,Unknown,7.05,-1.81,5.23,9.46,34.8,25.48,54.01,6.6,6.77,139165.85,34943.0,0.25,Bullish,30,20,0,0,0,50,50,"Above 50 DMA, Above 200 DMA, Healthy RSI momentum"
28.08.2026 at 01:52 AM IST,CRAFTSMAN,Automobile and Auto Components,Unknown,10539.0,1.58,6316.29,10960.0,66.85,3.84,58.25,9765.8,8170.59,44724.6,19603.0,0.44,Bullish,30,20,0,0,0,50,50,"Above 50 DMA, Above 200 DMA, Healthy RSI momentum"
28.08.2026 at 01:52 AM IST,COSMOFIRST,Unknown,Unknown,924.3,-0.68,558.1,1008.41,65.62,8.34,55.06,863.72,734.65,139463.5,108620.0,0.78,Bullish,30,20,0,0,0,50,50,"Above 50 DMA, Above 200 DMA, Healthy RSI momentum"
28.08.2026 at 01:52 AM IST,SHREEJISPG,Unknown,Unknown,639.0,-1.01,221.44,681.55,188.56,6.24,53.98,587.1,428.43,1052157.2,736997.0,0.7,Bullish,30,20,0,0,0,50,50,"Above 50 DMA, Above 200 DMA, Healthy RSI momentum"
28.08.2026 at 01:52 AM IST,ATALREAL,Unknown,Unknown,34.6,1.59,17.75,36.7,94.93,5.72,59.69,31.66,27.26,11621318.7,7971582.0,0.69,Bullish,30,20,0,0,0,50,50,"Above 50 DMA, Above 200 DMA, Healthy RSI momentum"
28.08.2026 at 01:52 AM IST,LAL,Unknown,Unknown,8.93,1.13,5.56,12.77,60.61,30.07,57.18,8.66,8.14,171431.15,7270.0,0.04,Bullish,30,20,0,0,0,50,50,"Above 50 DMA, Above 200 DMA, Healthy RSI momentum"
28.08.2026 at 01:52 AM IST,SMCGLOBAL,Unknown,Unknown,79.26,0.48,53.99,93.46,46.81,15.19,51.47,76.96,72.17,575557.35,291869.0,0.51,Bullish,30,20,0,0,0,50,50,"Above 50 DMA, Above 200 DMA, Healthy RSI momentum"
28.08.2026 at 01:52 AM IST,FINKURVE,Unknown,Unknown,78.38,-1.83,48.02,134.9,63.22,41.9,66.89,66.14,77.31,240968.7,147482.0,0.61,Bullish,30,20,0,0,0,50,50,"Above 50 DMA, Above 200 DMA, Healthy RSI momentum"
28.08.2026 at 01:52 AM IST,GHCLTEXTIL,Unknown,Unknown,126.7,0.88,64.85,129.44,95.38,2.12,62.82,111.92,87.76,1406700.6,429256.0,0.31,Bullish,30,20,0,0,0,50,50,"Above 50 DMA, Above 200 DMA, Healthy RSI momentum"
28.08.2026 at 01:52 AM IST,GFLLIMITED,Unknown,Unknown,55.79,2.61,37.25,81.0,49.77,31.12,65.28,48.13,49.86,127509.15,51147.0,0.4,Bullish,30,20,0,0,0,50,50,"Above 50 DMA, Above 200 DMA, Healthy RSI momentum"
28.08.2026 at 01:52 AM IST,GANDHAR,Unknown,Unknown,255.39,-0.01,113.94,300.37,124.14,14.98,61.34,218.65,161.57,2125394.6,611255.0,0.29,Bullish,30,20,0,0,0,50,50,"Above 50 DMA, Above 200 DMA, Healthy RSI momentum"
28.08.2026 at 01:52 AM IST,VISAKAIND,Unknown,Unknown,91.53,0.22,48.93,103.35,87.07,11.44,53.23,84.25,69.9,1284867.0,99670.0,0.08,Bullish,30,20,0,0,0,50,50,"Above 50 DMA, Above 200 DMA, Healthy RSI momentum"
28.08.2026 at 01:52 AM IST,ADVANCE,Unknown,Unknown,122.58,2.84,84.1,154.0,45.76,20.4,57.24,115.12,115.95,564505.65,201754.0,0.36,Bullish,30,20,0,0,0,50,50,"Above 50 DMA, Above 200 DMA, Healthy RSI momentum"
28.08.2026 at 01:52 AM IST,ADROITINFO,Unknown,Unknown,10.19,0.89,7.55,12.2,34.97,16.48,56.71,9.46,9.68,38147.2,20785.0,0.54,Bullish,30,20,0,0,0,50,50,"Above 50 DMA, Above 200 DMA, Healthy RSI momentum"
28.08.2026 at 01:52 AM IST,ACMESOLAR,Power,Unknown,395.95,-0.84,195.73,411.5,102.3,3.78,60.0,373.58,286.15,2237995.65,1042690.0,0.47,Bullish,30,20,0,0,0,50,50,"Above 50 DMA, Above 200 DMA, Healthy RSI momentum"
28.08.2026 at 01:52 AM IST,VINDHYATEL,Unknown,Unknown,2396.7,0.63,960.83,2600.0,149.44,7.82,57.36,2143.62,1588.45,110372.6,39456.0,0.36,Bullish,30,20,0,0,0,50,50,"Above 50 DMA, Above 200 DMA, Healthy RSI momentum"
28.08.2026 at 01:52 AM IST,VIMTALABS,Unknown,Unknown,627.7,0.22,374.67,899.33,67.54,30.2,54.7,596.33,530.2,195778.65,123134.0,0.63,Bullish,30,20,0,0,0,50,50,"Above 50 DMA, Above 200 DMA, Healthy RSI momentum"
28.08.2026 at 01:52 AM IST,VIJAYA,Healthcare,Unknown,1472.8,-0.71,848.0,1573.0,73.68,6.37,58.31,1386.08,1139.29,237624.8,97595.0,0.41,Bullish,30,20,0,0,0,50,50,"Above 50 DMA, Above 200 DMA, Healthy RSI momentum"
28.08.2026 at 01:52 AM IST,ARTEMISMED,Unknown,Unknown,316.95,-2.02,203.01,333.7,56.13,5.02,58.13,288.89,261.5,453755.1,228372.0,0.5,Bullish,30,20,0,0,0,50,50,"Above 50 DMA, Above 200 DMA, Healthy RSI momentum"
28.08.2026 at 01:52 AM IST,FACT,Chemicals,Unknown,866.25,-1.12,652.1,1058.6,32.84,18.17,61.74,843.92,846.69,1898646.9,1835543.0,0.97,Bullish,30,20,0,0,0,50,50,"Above 50 DMA, Above 200 DMA, Healthy RSI momentum"
28.08.2026 at 01:52 AM IST,EXPLEOSOL,Unknown,Unknown,879.95,1.07,562.35,1032.52,56.48,14.78,62.56,768.87,776.72,376134.95,26491.0,0.07,Bullish,30,20,0,0,0,50,50,"Above 50 DMA, Above 200 DMA, Healthy RSI momentum"
28.08.2026 at 01:52 AM IST,HAPPSTMNDS,Unknown,Unknown,447.85,0.43,327.04,574.71,36.94,22.07,68.81,380.35,400.59,2164217.35,1673512.0,0.77,Bullish,30,20,0,0,0,50,50,"Above 50 DMA, Above 200 DMA, Healthy RSI momentum"
28.08.2026 at 01:52 AM IST,HAL,Capital Goods,Unknown,4865.5,-0.7,3472.06,5149.9,40.13,5.52,54.1,4625.77,4355.28,1142010.7,416245.0,0.36,Bullish,30,20,0,0,0,50,50,"Above 50 DMA, Above 200 DMA, Healthy RSI momentum"
28.08.2026 at 01:52 AM IST,GULPOLY,Unknown,Unknown,194.56,-0.86,121.5,227.63,60.13,14.53,51.39,193.03,167.6,614211.25,173960.0,0.28,Bullish,30,20,0,0,0,50,50,"Above 50 DMA, Above 200 DMA, Healthy RSI momentum"
28.08.2026 at 01:52 AM IST,GULFOILLUB,Unknown,Unknown,1162.8,0.73,865.0,1276.7,34.43,8.92,58.73,1087.83,1055.11,116303.2,36783.0,0.32,Bullish,30,20,0,0,0,50,50,"Above 50 DMA, Above 200 DMA, Healthy RSI momentum"
28.08.2026 at 01:52 AM IST,GUJTHEM,Unknown,Unknown,420.75,3.97,225.05,479.0,86.96,12.16,71.59,373.58,361.94,244107.65,806182.0,3.3,Bullish,30,5,0,15,0,50,50,"Above 50 DMA, Above 200 DMA, Strong but overbought RSI, Strong volume expansion"
28.08.2026 at 01:52 AM IST,GUJALKALI,Unknown,Unknown,719.85,-0.94,409.15,815.0,75.94,11.67,63.48,648.42,586.0,137048.1,83785.0,0.61,Bullish,30,20,0,0,0,50,50,"Above 50 DMA, Above 200 DMA, Healthy RSI momentum"
28.08.2026 at 01:52 AM IST,GUFICBIO,Unknown,Unknown,408.45,-1.26,268.0,448.0,52.41,8.83,50.18,394.69,335.37,109258.25,44949.0,0.41,Bullish,30,20,0,0,0,50,50,"Above 50 DMA, Above 200 DMA, Healthy RSI momentum"
28.08.2026 at 01:52 AM IST,GRWRHITECH,Unknown,Unknown,7115.5,-2.04,2671.62,7990.0,166.34,10.94,52.19,6984.21,4827.57,78999.55,37012.0,0.47,Bullish,30,20,0,0,0,50,50,"Above 50 DMA, Above 200 DMA, Healthy RSI momentum"
28.08.2026 at 01:52 AM IST,HONASA,Fast Moving Consumer Goods,Unknown,475.5,-2.06,248.4,509.8,91.43,6.73,52.71,459.73,349.83,2082799.9,552639.0,0.27,Bullish,30,20,0,0,0,50,50,"Above 50 DMA, Above 200 DMA, Healthy RSI momentum"
28.08.2026 at 01:52 AM IST,HNDFDS,Unknown,Unknown,636.5,1.23,442.0,677.75,44.0,6.09,65.29,577.36,526.18,120293.75,78223.0,0.65,Bullish,30,20,0,0,0,50,50,"Above 50 DMA, Above 200 DMA, Healthy RSI momentum"
28.08.2026 at 01:52 AM IST,HARSHA,Unknown,Unknown,428.75,0.11,312.18,467.32,37.34,8.25,53.78,419.89,389.88,192499.6,56820.0,0.3,Bullish,30,20,0,0,0,50,50,"Above 50 DMA, Above 200 DMA, Healthy RSI momentum"
28.08.2026 at 01:52 AM IST,FINCABLES,Capital Goods,Unknown,1286.35,2.1,700.8,1374.0,83.55,6.38,64.71,1112.05,927.93,2037045.95,371138.0,0.18,Bullish,30,20,0,0,0,50,50,"Above 50 DMA, Above 200 DMA, Healthy RSI momentum"
28.08.2026 at 01:52 AM IST,FILATEX,Unknown,Unknown,75.19,-8.43,36.26,87.27,107.36,13.84,45.69,69.53,52.51,4468044.25,10802933.0,2.42,Bullish,30,10,0,15,5,50,50,"Above 50 DMA, Above 200 DMA, RSI recovering zone, Strong volume expansion, Sharp daily fall"
28.08.2026 at 01:52 AM IST,FEDFINA,Unknown,Unknown,160.15,0.71,119.07,178.48,34.5,10.27,61.91,153.41,147.74,943732.1,934264.0,0.99,Bullish,30,20,0,0,0,50,50,"Above 50 DMA, Above 200 DMA, Healthy RSI momentum"
28.08.2026 at 01:52 AM IST,GOKUL,Unknown,Unknown,44.14,-1.87,31.0,46.8,42.39,5.68,68.81,40.7,39.66,189725.85,167894.0,0.88,Bullish,30,20,0,0,0,50,50,"Above 50 DMA, Above 200 DMA, Healthy RSI momentum"
28.08.2026 at 01:52 AM IST,GNFC,Unknown,Unknown,584.25,-0.64,365.0,619.0,60.07,5.61,61.63,538.65,490.52,673945.3,269624.0,0.4,Bullish,30,20,0,0,0,50,50,"Above 50 DMA, Above 200 DMA, Healthy RSI momentum"
28.08.2026 at 01:52 AM IST,GNA,Unknown,Unknown,545.8,-0.55,289.72,601.65,88.39,9.28,53.69,507.11,405.06,491541.15,146911.0,0.3,Bullish,30,20,0,0,0,50,50,"Above 50 DMA, Above 200 DMA, Healthy RSI momentum"
28.08.2026 at 01:52 AM IST,GMMPFAUDLR,Unknown,Unknown,1017.4,1.24,734.12,1304.86,38.59,22.03,66.46,864.06,936.85,487005.8,123788.0,0.25,Bullish,30,20,0,0,0,50,50,"Above 50 DMA, Above 200 DMA, Healthy RSI momentum"
28.08.2026 at 01:52 AM IST,GLOBAL,Unknown,Unknown,111.06,4.08,54.66,121.3,103.18,8.44,64.25,103.75,96.43,96140.75,93209.0,0.97,Bullish,30,20,0,0,0,50,50,"Above 50 DMA, Above 200 DMA, Healthy RSI momentum"
28.08.2026 at 01:52 AM IST,GLENMARK,Healthcare,Unknown,2438.3,1.6,1792.6,2474.0,36.02,1.44,68.04,2250.96,2141.22,507893.1,479931.0,0.94,Bullish,30,20,0,0,0,50,50,"Above 50 DMA, Above 200 DMA, Healthy RSI momentum"
28.08.2026 at 01:52 AM IST,SONACOMS,Automobile and Auto Components,Unknown,795.0,-1.71,399.84,844.0,98.83,5.81,57.27,720.76,574.18,2465512.55,890131.0,0.36,Bullish,30,20,0,0,0,50,50,"Above 50 DMA, Above 200 DMA, Healthy RSI momentum"
28.08.2026 at 01:52 AM IST,SOLARINDS,Chemicals,Unknown,20097.0,1.5,11639.12,20422.0,72.67,1.59,63.51,18672.17,15404.35,140757.2,97420.0,0.69,Bullish,30,20,0,0,0,50,50,"Above 50 DMA, Above 200 DMA, Healthy RSI momentum"
28.08.2026 at 01:52 AM IST,SOLARA,Unknown,Unknown,617.3,-1.79,422.0,712.0,46.28,13.3,66.22,553.08,528.85,560895.7,316316.0,0.56,Bullish,30,20,0,0,0,50,50,"Above 50 DMA, Above 200 DMA, Healthy RSI momentum"
28.08.2026 at 01:52 AM IST,VMART,Unknown,Unknown,852.35,-1.14,457.29,886.81,86.39,3.89,66.14,783.92,685.79,126325.05,88421.0,0.7,Bullish,30,20,0,0,0,50,50,"Above 50 DMA, Above 200 DMA, Healthy RSI momentum"
28.08.2026 at 01:52 AM IST,GIPCL,Unknown,Unknown,201.47,5.64,119.9,203.7,68.03,1.09,82.07,165.04,153.54,1143338.85,3441196.0,3.01,Bullish,30,5,0,15,0,50,50,"Above 50 DMA, Above 200 DMA, Strong but overbought RSI, Strong volume expansion"
28.08.2026 at 01:52 AM IST,VISHNU,Unknown,Unknown,639.8,-0.48,443.49,669.68,44.27,4.46,61.36,613.25,555.83,114894.35,109011.0,0.95,Bullish,30,20,0,0,0,50,50,"Above 50 DMA, Above 200 DMA, Healthy RSI momentum"
28.08.2026 at 01:52 AM IST,ZENTEC,Capital Goods,Unknown,1873.4,-0.23,1222.36,2042.63,53.26,8.28,56.33,1803.52,1545.07,540890.75,256943.0,0.48,Bullish,30,20,0,0,0,50,50,"Above 50 DMA, Above 200 DMA, Healthy RSI momentum"
28.08.2026 at 01:52 AM IST,ZEEMEDIA,Unknown,Unknown,8.92,-2.19,6.65,13.26,34.14,32.73,57.71,8.24,8.43,7113654.3,2661339.0,0.37,Bullish,30,20,0,0,0,50,50,"Above 50 DMA, Above 200 DMA, Healthy RSI momentum"
28.08.2026 at 01:52 AM IST,AARTIPHARM,Unknown,Unknown,836.65,0.2,585.0,944.1,43.02,11.38,61.19,732.7,715.11,1353374.65,432818.0,0.32,Bullish,30,20,0,0,0,50,50,"Above 50 DMA, Above 200 DMA, Healthy RSI momentum"
28.08.2026 at 01:52 AM IST,AARTIIND,Chemicals,Unknown,542.95,0.75,338.05,551.75,60.61,1.59,66.07,494.42,439.4,1951535.9,710144.0,0.36,Bullish,30,20,0,0,0,50,50,"Above 50 DMA, Above 200 DMA, Healthy RSI momentum"
28.08.2026 at 01:52 AM IST,AARTIDRUGS,Unknown,Unknown,418.0,-0.99,318.95,531.7,31.06,21.38,52.82,403.64,387.71,228713.1,61047.0,0.27,Bullish,30,20,0,0,0,50,50,"Above 50 DMA, Above 200 DMA, Healthy RSI momentum"
28.08.2026 at 01:52 AM IST,VIDHIING,Unknown,Unknown,341.0,-1.69,258.6,406.59,31.86,16.13,62.29,306.43,313.63,61412.1,17723.0,0.29,Bullish,30,20,0,0,0,50,50,"Above 50 DMA, Above 200 DMA, Healthy RSI momentum"
28.08.2026 at 01:52 AM IST,GLAND,Healthcare,Unknown,2903.2,2.78,1561.8,3039.8,85.89,4.49,67.36,2538.2,1997.6,906984.2,360874.0,0.4,Bullish,30,20,0,0,0,50,50,"Above 50 DMA, Above 200 DMA, Healthy RSI momentum"
28.08.2026 at 01:52 AM IST,FMGOETZE,Unknown,Unknown,548.7,2.73,358.0,578.0,53.27,5.07,76.55,472.58,451.43,1987983.6,18134734.0,9.12,Bullish,30,5,0,15,0,50,50,"Above 50 DMA, Above 200 DMA, Strong but overbought RSI, Strong volume expansion"
28.08.2026 at 01:52 AM IST,FLUOROCHEM,Chemicals,Unknown,4732.1,2.73,2916.6,4958.9,62.25,4.57,63.75,4292.05,3661.42,237087.0,117851.0,0.5,Bullish,30,20,0,0,0,50,50,"Above 50 DMA, Above 200 DMA, Healthy RSI momentum"
28.08.2026 at 01:52 AM IST,GCSL,Unknown,Unknown,538.0,2.85,212.86,542.8,152.75,0.88,58.34,491.8,388.55,651124.2,454463.0,0.7,Bullish,30,20,0,0,0,50,50,"Above 50 DMA, Above 200 DMA, Healthy RSI momentum"
28.08.2026 at 01:52 AM IST,SMLMAH,Unknown,Unknown,5190.5,-0.03,2703.05,5987.9,92.02,13.32,55.94,4557.46,4034.94,298138.4,50071.0,0.17,Bullish,30,20,0,0,0,50,50,"Above 50 DMA, Above 200 DMA, Healthy RSI momentum"
28.08.2026 at 01:52 AM IST,IITL,Unknown,Unknown,155.57,-3.02,108.0,216.0,44.05,27.98,61.41,137.15,148.37,144860.1,131601.0,0.91,Bullish,30,20,0,0,0,50,50,"Above 50 DMA, Above 200 DMA, Healthy RSI momentum"
28.08.2026 at 01:52 AM IST,IIFL,Financial Services,Unknown,654.05,-1.83,409.1,705.0,59.88,7.23,61.21,576.88,531.63,2548817.65,2114553.0,0.83,Bullish,30,20,0,0,0,50,50,"Above 50 DMA, Above 200 DMA, Healthy RSI momentum"
28.08.2026 at 01:52 AM IST,IOLCP,Unknown,Unknown,186.01,7.91,67.07,187.63,177.33,0.86,71.39,154.6,105.1,4019051.0,14979792.0,3.73,Bullish,30,5,0,15,0,50,50,"Above 50 DMA, Above 200 DMA, Strong but overbought RSI, Strong volume expansion"
28.08.2026 at 01:52 AM IST,EDELWEISS,Unknown,Unknown,127.47,-0.53,98.0,133.9,30.07,4.8,60.59,121.22,114.11,4592438.45,1909914.0,0.42,Bullish,30,20,0,0,0,50,50,"Above 50 DMA, Above 200 DMA, Healthy RSI momentum"
28.08.2026 at 01:52 AM IST,EBGNG,Unknown,Unknown,577.2,-1.29,239.0,689.5,141.51,16.29,51.32,574.04,411.53,672673.75,277081.0,0.41,Bullish,30,20,0,0,0,50,50,"Above 50 DMA, Above 200 DMA, Healthy RSI momentum"
28.08.2026 at 01:52 AM IST,DYNAMATECH,Unknown,Unknown,11510.0,-0.03,6393.93,12871.43,80.01,10.58,59.35,10738.74,10057.04,21258.2,10220.0,0.48,Bullish,30,20,0,0,0,50,50,"Above 50 DMA, Above 200 DMA, Healthy RSI momentum"
28.08.2026 at 01:52 AM IST,DVL,Unknown,Unknown,294.44,4.82,186.0,373.32,58.3,21.13,70.96,249.68,252.18,50039.95,124078.0,2.48,Bullish,30,5,0,15,0,50,50,"Above 50 DMA, Above 200 DMA, Strong but overbought RSI, Strong volume expansion"
28.08.2026 at 01:52 AM IST,DTIL,Unknown,Unknown,183.22,19.99,100.53,196.03,82.26,6.53,86.34,135.99,140.75,31733.05,450987.0,14.21,Bullish,30,5,0,15,0,50,50,"Above 50 DMA, Above 200 DMA, Strong but overbought RSI, Strong volume expansion"
28.08.2026 at 01:52 AM IST,DREDGECORP,Unknown,Unknown,1131.1,2.81,538.0,1286.0,110.24,12.05,54.93,1086.04,999.89,219572.8,209073.0,0.95,Bullish,30,20,0,0,0,50,50,"Above 50 DMA, Above 200 DMA, Healthy RSI momentum"
28.08.2026 at 01:52 AM IST,INNOVACAP,Unknown,Unknown,1031.25,-0.88,622.0,1120.0,65.8,7.92,54.99,985.06,802.16,86444.45,57130.0,0.66,Bullish,30,20,0,0,0,50,50,"Above 50 DMA, Above 200 DMA, Healthy RSI momentum"
28.08.2026 at 01:52 AM IST,INGERRAND,Unknown,Unknown,4576.7,-0.38,3049.54,4768.7,50.08,4.03,54.69,4466.7,3949.05,34248.95,17490.0,0.51,Bullish,30,20,0,0,0,50,50,"Above 50 DMA, Above 200 DMA, Healthy RSI momentum"
28.08.2026 at 01:52 AM IST,INDSWFTLAB,Unknown,Unknown,367.48,13.29,87.15,373.72,321.66,1.67,77.27,244.02,154.44,2088445.15,7368383.0,3.53,Bullish,30,5,0,15,0,50,50,"Above 50 DMA, Above 200 DMA, Strong but overbought RSI, Strong volume expansion"
28.08.2026 at 01:52 AM IST,ETHOSLTD,Unknown,Unknown,2879.4,-0.53,1919.4,3245.9,50.02,11.29,60.46,2641.7,2588.87,178055.45,24107.0,0.14,Bullish,30,20,0,0,0,50,50,"Above 50 DMA, Above 200 DMA, Healthy RSI momentum"
28.08.2026 at 01:52 AM IST,INDOSTAR,Unknown,Unknown,259.5,0.76,179.03,292.0,44.95,11.13,55.92,255.38,231.23,152486.0,83294.0,0.55,Bullish,30,20,0,0,0,50,50,"Above 50 DMA, Above 200 DMA, Healthy RSI momentum"
28.08.2026 at 01:52 AM IST,INDORAMA,Unknown,Unknown,61.22,1.14,29.0,75.0,111.1,18.37,60.51,52.39,44.38,594017.2,163175.0,0.27,Bullish,30,20,0,0,0,50,50,"Above 50 DMA, Above 200 DMA, Healthy RSI momentum"
28.08.2026 at 01:52 AM IST,JETFREIGHT,Unknown,Unknown,22.86,2.42,11.9,25.95,92.1,11.91,53.53,22.39,19.38,185433.15,150404.0,0.81,Bullish,30,20,0,0,0,50,50,"Above 50 DMA, Above 200 DMA, Healthy RSI momentum"
28.08.2026 at 01:52 AM IST,AFFLE,Information Technology,Unknown,1686.8,-1.4,1251.3,2185.9,34.8,22.83,55.42,1562.36,1552.39,210107.45,66652.0,0.32,Bullish,30,20,0,0,0,50,50,"Above 50 DMA, Above 200 DMA, Healthy RSI momentum"
28.08.2026 at 01:52 AM IST,AETHER,Unknown,Unknown,1655.0,1.29,726.45,1692.0,127.82,2.19,64.07,1473.66,1132.29,392805.85,151481.0,0.39,Bullish,30,20,0,0,0,50,50,"Above 50 DMA, Above 200 DMA, Healthy RSI momentum"
28.08.2026 at 01:52 AM IST,AEROFLEX,Unknown,Unknown,536.35,8.19,157.85,542.0,239.78,1.04,70.97,450.68,303.62,1445751.0,3136975.0,2.17,Bullish,30,5,0,15,0,50,50,"Above 50 DMA, Above 200 DMA, Strong but overbought RSI, Strong volume expansion"
28.08.2026 at 01:52 AM IST,AEGISLOG,Oil Gas & Consumable Fuels,Unknown,1331.7,0.76,573.05,1497.8,132.39,11.09,52.2,1277.93,852.53,1131958.8,462882.0,0.41,Bullish,30,20,0,0,0,50,50,"Above 50 DMA, Above 200 DMA, Healthy RSI momentum"
28.08.2026 at 01:52 AM IST,VENKEYS,Unknown,Unknown,1597.0,1.24,1165.0,1800.0,37.08,11.28,65.18,1493.18,1453.47,96082.5,56013.0,0.58,Bullish,30,20,0,0,0,50,50,"Above 50 DMA, Above 200 DMA, Healthy RSI momentum"
28.08.2026 at 01:52 AM IST,VARROC,Unknown,Unknown,812.15,0.23,461.06,874.85,76.15,7.17,67.38,700.39,602.05,1174770.7,153370.0,0.13,Bullish,30,20,0,0,0,50,50,"Above 50 DMA, Above 200 DMA, Healthy RSI momentum"
28.08.2026 at 01:52 AM IST,VALIANTLAB,Unknown,Unknown,107.87,2.27,49.51,110.7,117.88,2.56,93.02,70.25,67.83,164714.25,385876.0,2.34,Bullish,30,5,0,15,0,50,50,"Above 50 DMA, Above 200 DMA, Strong but overbought RSI, Strong volume expansion"
28.08.2026 at 01:52 AM IST,VAISHALI,Unknown,Unknown,8.17,2.51,4.75,12.75,72.0,35.92,55.26,7.75,7.75,152022.9,79638.0,0.52,Bullish,30,20,0,0,0,50,50,"Above 50 DMA, Above 200 DMA, Healthy RSI momentum"
28.08.2026 at 01:52 AM IST,VADILALIND,Unknown,Unknown,7423.0,-0.19,3986.82,8427.6,86.19,11.92,59.51,6848.82,5344.56,40749.9,19323.0,0.47,Bullish,30,20,0,0,0,50,50,"Above 50 DMA, Above 200 DMA, Healthy RSI momentum"
28.08.2026 at 01:52 AM IST,INDOTECH,Unknown,Unknown,3745.9,0.1,1100.0,4030.0,240.54,7.05,57.67,3377.28,2182.91,27214.55,12490.0,0.46,Bullish,30,20,0,0,0,50,50,"Above 50 DMA, Above 200 DMA, Healthy RSI momentum"
28.08.2026 at 01:52 AM IST,ESABINDIA,Unknown,Unknown,6163.0,-0.09,4646.75,7287.88,32.63,15.43,62.25,5799.44,5785.2,9423.25,4114.0,0.44,Bullish,30,20,0,0,0,50,50,"Above 50 DMA, Above 200 DMA, Healthy RSI momentum"
28.08.2026 at 01:52 AM IST,EPL,Unknown,Unknown,254.26,-1.57,176.4,274.03,44.14,7.21,58.4,237.42,218.05,2314322.3,1037066.0,0.45,Bullish,30,20,0,0,0,50,50,"Above 50 DMA, Above 200 DMA, Healthy RSI momentum"
28.08.2026 at 01:52 AM IST,HINDALCO,Metals & Mining,Unknown,1053.0,0.19,693.38,1169.9,51.86,9.99,58.89,990.59,954.76,4870845.95,2289903.0,0.47,Bullish,30,20,0,0,0,50,50,"Above 50 DMA, Above 200 DMA, Healthy RSI momentum"
28.08.2026 at 01:52 AM IST,HFCL,Telecommunication,Unknown,235.89,-0.89,59.82,244.3,294.33,3.44,62.92,213.32,122.86,21527013.2,9755858.0,0.45,Bullish,30,20,0,0,0,50,50,"Above 50 DMA, Above 200 DMA, Healthy RSI momentum"
28.08.2026 at 01:52 AM IST,HEG,Capital Goods,Unknown,713.55,-1.11,457.22,749.0,56.06,4.73,63.72,614.39,570.05,1655908.9,1134601.0,0.69,Bullish,30,20,0,0,0,50,50,"Above 50 DMA, Above 200 DMA, Healthy RSI momentum"
28.08.2026 at 01:52 AM IST,HCG,Unknown,Unknown,706.15,-2.58,513.3,804.65,37.57,12.24,52.47,669.38,636.71,182710.75,73820.0,0.4,Bullish,30,20,0,0,0,50,50,"Above 50 DMA, Above 200 DMA, Healthy RSI momentum"
28.08.2026 at 01:52 AM IST,IGCL,Unknown,Unknown,72.46,0.11,49.46,118.99,46.5,39.1,51.38,70.42,70.59,134038.15,78570.0,0.59,Bullish,30,20,0,0,0,50,50,"Above 50 DMA, Above 200 DMA, Healthy RSI momentum"
28.08.2026 at 01:52 AM IST,IFGLEXPOR,Unknown,Unknown,215.01,1.52,118.36,334.28,81.65,35.68,51.29,208.22,189.03,61332.35,27148.0,0.44,Bullish,30,20,0,0,0,50,50,"Above 50 DMA, Above 200 DMA, Healthy RSI momentum"
28.08.2026 at 01:52 AM IST,IFCI,Financial Services,Unknown,85.44,2.63,46.23,95.8,84.82,10.81,70.75,76.56,62.86,27379317.1,54932257.0,2.01,Bullish,30,5,0,15,0,50,50,"Above 50 DMA, Above 200 DMA, Strong but overbought RSI, Strong volume expansion"
28.08.2026 at 01:52 AM IST,IFBIND,Unknown,Unknown,1369.8,-0.02,883.2,2019.8,55.1,32.18,50.03,1338.34,1299.13,62687.65,13569.0,0.22,Bullish,30,20,0,0,0,50,50,"Above 50 DMA, Above 200 DMA, Healthy RSI momentum"
28.08.2026 at 01:52 AM IST,ENGINERSIN,Construction,Unknown,250.36,-0.01,162.35,267.0,54.21,6.23,59.41,238.56,216.39,2635833.55,1355001.0,0.51,Bullish,30,20,0,0,0,50,50,"Above 50 DMA, Above 200 DMA, Healthy RSI momentum"
28.08.2026 at 01:52 AM IST,ENDURANCE,Automobile and Auto Components,Unknown,2986.0,-0.05,2134.01,3072.0,39.92,2.8,60.3,2782.33,2580.23,166074.45,55542.0,0.33,Bullish,30,20,0,0,0,50,50,"Above 50 DMA, Above 200 DMA, Healthy RSI momentum"
28.08.2026 at 01:52 AM IST,IMAGICAA,Unknown,Unknown,50.18,0.78,36.84,59.2,36.21,15.24,58.57,47.7,46.72,873821.1,808813.0,0.93,Bullish,30,20,0,0,0,50,50,"Above 50 DMA, Above 200 DMA, Healthy RSI momentum"
28.08.2026 at 01:52 AM IST,EMIL,Unknown,Unknown,184.54,2.33,84.9,196.74,117.36,6.2,68.13,145.42,116.13,14970000.1,1160202.0,0.08,Bullish,30,20,0,0,0,50,50,"Above 50 DMA, Above 200 DMA, Healthy RSI momentum"
28.08.2026 at 01:52 AM IST,ELLEN,Unknown,Unknown,321.25,1.95,175.0,559.8,83.57,42.61,59.52,288.37,286.14,871994.4,579562.0,0.66,Bullish,30,20,0,0,0,50,50,"Above 50 DMA, Above 200 DMA, Healthy RSI momentum"
28.08.2026 at 01:52 AM IST,IDBI,Financial Services,Unknown,94.75,7.29,61.01,118.38,55.3,19.96,77.84,84.55,88.98,10145142.25,57839582.0,5.7,Bullish,30,5,0,15,0,50,50,"Above 50 DMA, Above 200 DMA, Strong but overbought RSI, Strong volume expansion"
28.08.2026 at 01:52 AM IST,ICIL,Unknown,Unknown,425.6,0.73,216.04,462.0,97.0,7.88,54.5,412.77,313.84,1937497.3,771072.0,0.4,Bullish,30,20,0,0,0,50,50,"Above 50 DMA, Above 200 DMA, Healthy RSI momentum"
28.08.2026 at 01:52 AM IST,HTMEDIA,Unknown,Unknown,26.88,-1.5,17.52,31.3,53.42,14.12,53.89,25.28,23.23,388588.0,40776.0,0.1,Bullish,30,20,0,0,0,50,50,"Above 50 DMA, Above 200 DMA, Healthy RSI momentum"
28.08.2026 at 01:52 AM IST,INDOBORAX,Unknown,Unknown,505.7,3.75,204.52,524.6,147.27,3.6,66.75,404.98,284.87,698520.75,590262.0,0.85,Bullish,30,20,0,0,0,50,50,"Above 50 DMA, Above 200 DMA, Healthy RSI momentum"
28.08.2026 at 01:52 AM IST,INDIQUBE,Unknown,Unknown,191.96,-0.28,131.15,243.8,46.37,21.26,63.15,176.28,178.64,78741.85,45132.0,0.57,Bullish,30,20,0,0,0,50,50,"Above 50 DMA, Above 200 DMA, Healthy RSI momentum"
28.08.2026 at 01:52 AM IST,INDIGOPNTS,Unknown,Unknown,1186.1,4.42,708.05,1345.9,67.52,11.87,65.95,1081.73,1035.36,196003.75,140776.0,0.72,Bullish,30,20,0,0,0,50,50,"Above 50 DMA, Above 200 DMA, Healthy RSI momentum"
28.08.2026 at 01:52 AM IST,ELGIEQUIP,Capital Goods,Unknown,617.55,1.2,406.35,644.0,51.97,4.11,56.72,592.9,528.19,783538.85,300039.0,0.38,Bullish,30,20,0,0,0,50,50,"Above 50 DMA, Above 200 DMA, Healthy RSI momentum"
28.08.2026 at 01:52 AM IST,EICHERMOT,Automobile and Auto Components,Unknown,8035.0,-0.25,6007.09,8165.0,33.76,1.59,61.17,7657.75,7280.44,454404.75,198320.0,0.44,Bullish,30,20,0,0,0,50,50,"Above 50 DMA, Above 200 DMA, Healthy RSI momentum"
28.08.2026 at 01:52 AM IST,INDIANB,Financial Services,Unknown,889.0,1.25,629.2,980.02,41.29,9.29,60.69,846.46,848.82,1313723.2,972910.0,0.74,Bullish,30,20,0,0,0,50,50,"Above 50 DMA, Above 200 DMA, Healthy RSI momentum"
28.08.2026 at 01:52 AM IST,INDIAGLYCO,Unknown,Unknown,1190.5,1.71,785.72,1219.0,51.52,2.34,61.86,1089.71,1000.87,303405.05,290916.0,0.96,Bullish,30,20,0,0,0,50,50,"Above 50 DMA, Above 200 DMA, Healthy RSI momentum"
28.08.2026 at 01:52 AM IST,INDGN,Healthcare,Unknown,569.7,1.09,412.19,594.19,38.21,4.12,64.13,527.89,504.96,811342.9,374825.0,0.46,Bullish,30,20,0,0,0,50,50,"Above 50 DMA, Above 200 DMA, Healthy RSI momentum"
28.08.2026 at 01:52 AM IST,EMUDHRA,Unknown,Unknown,543.8,0.06,363.56,737.94,49.58,26.31,63.34,479.77,502.42,244059.4,124345.0,0.51,Bullish,30,20,0,0,0,50,50,"Above 50 DMA, Above 200 DMA, Healthy RSI momentum"
28.08.2026 at 01:52 AM IST,PRINCEPIPE,Unknown,Unknown,298.4,3.94,205.0,353.4,45.56,15.56,70.63,274.82,262.05,299157.75,655834.0,2.19,Bullish,30,5,0,15,0,50,50,"Above 50 DMA, Above 200 DMA, Strong but overbought RSI, Strong volume expansion"
28.08.2026 at 01:52 AM IST,PRICOLLTD,Unknown,Unknown,780.7,-1.24,444.74,823.0,75.54,5.14,63.83,673.51,611.7,713155.55,302708.0,0.42,Bullish,30,20,0,0,0,50,50,"Above 50 DMA, Above 200 DMA, Healthy RSI momentum"
28.08.2026 at 01:52 AM IST,PREMIERPOL,Unknown,Unknown,90.79,0.54,38.0,94.14,138.92,3.56,69.4,72.4,56.38,743572.45,203235.0,0.27,Bullish,30,20,0,0,0,50,50,"Above 50 DMA, Above 200 DMA, Healthy RSI momentum"
28.08.2026 at 01:52 AM IST,PRECWIRE,Unknown,Unknown,432.25,4.98,169.46,474.9,155.08,8.98,54.78,402.14,332.07,888908.85,630995.0,0.71,Bullish,30,20,0,0,0,50,50,"Above 50 DMA, Above 200 DMA, Healthy RSI momentum"
28.08.2026 at 01:52 AM IST,PPLPHARMA,Healthcare,Unknown,211.29,1.72,132.3,220.36,59.71,4.12,60.42,187.78,170.95,6003787.6,2678764.0,0.45,Bullish,30,20,0,0,0,50,50,"Above 50 DMA, Above 200 DMA, Healthy RSI momentum"
28.08.2026 at 01:52 AM IST,PONNIERODE,Unknown,Unknown,391.05,-2.86,248.28,455.0,57.5,14.05,64.8,331.85,292.44,102798.55,61434.0,0.6,Bullish,30,20,0,0,0,50,50,"Above 50 DMA, Above 200 DMA, Healthy RSI momentum"
28.08.2026 at 01:52 AM IST,POLYPLEX,Unknown,Unknown,1175.4,-0.41,740.0,1264.0,58.84,7.01,56.63,1086.77,916.05,126180.7,46483.0,0.37,Bullish,30,20,0,0,0,50,50,"Above 50 DMA, Above 200 DMA, Healthy RSI momentum"
28.08.2026 at 01:52 AM IST,BBTCL,Unknown,Unknown,233.07,-1.15,156.0,262.0,49.4,11.04,52.23,222.44,200.07,27012.3,5521.0,0.2,Bullish,30,20,0,0,0,50,50,"Above 50 DMA, Above 200 DMA, Healthy RSI momentum"
28.08.2026 at 01:52 AM IST,RAMRAT,Unknown,Unknown,523.7,6.98,266.41,527.2,96.58,0.66,73.58,435.19,363.42,303716.8,724064.0,2.38,Bullish,30,5,0,15,0,50,50,"Above 50 DMA, Above 200 DMA, Strong but overbought RSI, Strong volume expansion"
28.08.2026 at 01:52 AM IST,RAMCOIND,Unknown,Unknown,349.65,0.23,229.85,396.66,52.12,11.85,52.79,340.7,305.45,1371266.7,108869.0,0.08,Bullish,30,20,0,0,0,50,50,"Above 50 DMA, Above 200 DMA, Healthy RSI momentum"
28.08.2026 at 01:52 AM IST,RAJSREESUG,Unknown,Unknown,36.59,-3.94,24.65,49.7,48.44,26.38,59.14,32.35,32.5,142735.05,142347.0,1.0,Bullish,30,20,0,0,0,50,50,"Above 50 DMA, Above 200 DMA, Healthy RSI momentum"
28.08.2026 at 01:52 AM IST,RADIOCITY,Unknown,Unknown,6.62,0.46,4.5,9.25,47.11,28.43,51.85,6.39,6.26,62149.75,18621.0,0.3,Bullish,30,20,0,0,0,50,50,"Above 50 DMA, Above 200 DMA, Healthy RSI momentum"
28.08.2026 at 01:52 AM IST,COHANCE,Healthcare,Unknown,462.35,3.81,266.7,1038.9,73.36,55.5,56.74,442.12,431.08,1438418.7,1018072.0,0.71,Bullish,30,20,0,0,0,50,50,"Above 50 DMA, Above 200 DMA, Healthy RSI momentum"
28.08.2026 at 01:52 AM IST,RADHIKAJWE,Unknown,Unknown,70.54,5.41,50.01,99.65,41.05,29.21,59.07,63.95,66.83,1592346.3,1388389.0,0.87,Bullish,30,20,0,0,0,50,50,"Above 50 DMA, Above 200 DMA, Healthy RSI momentum"
28.08.2026 at 01:52 AM IST,RACLGEAR,Unknown,Unknown,1509.4,-0.11,884.33,1690.23,70.68,10.7,64.23,1362.97,1239.45,60861.25,18110.0,0.3,Bullish,30,20,0,0,0,50,50,"Above 50 DMA, Above 200 DMA, Healthy RSI momentum"
28.08.2026 at 01:52 AM IST,QUESS,Unknown,Unknown,370.7,6.83,162.54,376.5,128.07,1.54,77.48,299.79,224.65,1789814.0,6471016.0,3.62,Bullish,30,5,0,15,0,50,50,"Above 50 DMA, Above 200 DMA, Strong but overbought RSI, Strong volume expansion"
28.08.2026 at 01:52 AM IST,QUADFUTURE,Unknown,Unknown,411.95,-1.57,248.55,502.4,65.74,18.0,58.34,397.26,329.12,2070559.75,536989.0,0.26,Bullish,30,20,0,0,0,50,50,"Above 50 DMA, Above 200 DMA, Healthy RSI momentum"
28.08.2026 at 01:52 AM IST,RITCO,Unknown,Unknown,311.2,-1.6,167.1,327.5,86.24,4.98,57.78,285.1,253.15,164451.8,62775.0,0.38,Bullish,30,20,0,0,0,50,50,"Above 50 DMA, Above 200 DMA, Healthy RSI momentum"
28.08.2026 at 01:52 AM IST,RISHABH,Unknown,Unknown,687.7,-0.12,314.0,729.85,119.01,5.78,57.5,637.35,482.67,389715.45,101918.0,0.26,Bullish,30,20,0,0,0,50,50,"Above 50 DMA, Above 200 DMA, Healthy RSI momentum"
28.08.2026 at 01:52 AM IST,BALRAMCHIN,Fast Moving Consumer Goods,Unknown,674.35,0.94,393.55,780.95,71.35,13.65,55.29,604.61,508.85,4484459.85,4191913.0,0.93,Bullish,30,20,0,0,0,50,50,"Above 50 DMA, Above 200 DMA, Healthy RSI momentum"
28.08.2026 at 01:52 AM IST,BALMLAWRIE,Unknown,Unknown,176.72,0.89,148.36,224.14,19.12,21.15,53.44,177.45,176.42,129653.45,78725.0,0.61,Bearish,15,20,15,0,0,50,50,"Above 200 DMA, Healthy RSI momentum, Close to 52W low with recovery potential"
28.08.2026 at 01:52 AM IST,RGL,Unknown,Unknown,152.58,14.83,85.0,159.0,79.51,4.04,79.27,120.04,114.92,2952321.1,39925030.0,13.52,Bullish,30,5,0,15,0,50,50,"Above 50 DMA, Above 200 DMA, Strong but overbought RSI, Strong volume expansion"
28.08.2026 at 01:52 AM IST,REGAAL,Unknown,Unknown,94.57,-0.59,57.27,119.34,65.13,20.76,62.03,83.57,77.17,402453.55,185737.0,0.46,Bullish,30,20,0,0,0,50,50,"Above 50 DMA, Above 200 DMA, Healthy RSI momentum"
28.08.2026 at 01:52 AM IST,REDINGTON,Services,Unknown,354.2,0.44,187.2,370.8,89.21,4.48,63.65,301.98,258.81,12045653.3,1619391.0,0.13,Bullish,30,20,0,0,0,50,50,"Above 50 DMA, Above 200 DMA, Healthy RSI momentum"
28.08.2026 at 01:52 AM IST,RBLBANK,Financial Services,Unknown,382.5,-0.39,241.74,394.5,58.23,3.04,52.03,374.17,330.86,3067243.9,1564195.0,0.51,Bullish,30,20,0,0,0,50,50,"Above 50 DMA, Above 200 DMA, Healthy RSI momentum"
28.08.2026 at 01:52 AM IST,RADICO,Fast Moving Consumer Goods,Unknown,4614.0,-0.35,2494.47,4747.0,84.97,2.8,62.97,4227.0,3374.95,342559.1,232813.0,0.68,Bullish,30,20,0,0,0,50,50,"Above 50 DMA, Above 200 DMA, Healthy RSI momentum"
28.08.2026 at 01:52 AM IST,PLAZACABLE,Unknown,Unknown,52.22,-0.4,27.0,65.0,93.41,19.66,59.29,46.61,42.52,69055.35,35776.0,0.52,Bullish,30,20,0,0,0,50,50,"Above 50 DMA, Above 200 DMA, Healthy RSI momentum"
28.08.2026 at 01:52 AM IST,PIDILITIND,Chemicals,Unknown,1650.0,-0.07,1250.0,1707.5,32.0,3.37,52.16,1611.94,1478.23,1017987.0,617323.0,0.61,Bullish,30,20,0,0,0,50,50,"Above 50 DMA, Above 200 DMA, Healthy RSI momentum"
28.08.2026 at 01:52 AM IST,PGIL,Unknown,Unknown,2289.6,-1.59,1167.64,2539.6,96.09,9.84,52.83,2124.3,1711.57,201397.85,79082.0,0.39,Bullish,30,20,0,0,0,50,50,"Above 50 DMA, Above 200 DMA, Healthy RSI momentum"
28.08.2026 at 01:52 AM IST,PFOCUS,Media Entertainment & Publication,Unknown,302.55,-0.07,139.04,367.0,117.6,17.56,59.93,267.2,255.2,1007164.4,384089.0,0.38,Bullish,30,20,0,0,0,50,50,"Above 50 DMA, Above 200 DMA, Healthy RSI momentum"
28.08.2026 at 01:52 AM IST,PERSISTENT,Information Technology,Unknown,5590.5,-1.14,4229.81,6552.65,32.17,14.68,58.31,5172.12,5434.16,538337.5,186654.0,0.35,Bullish,30,20,0,0,0,50,50,"Above 50 DMA, Above 200 DMA, Healthy RSI momentum"
28.08.2026 at 01:52 AM IST,PCBL,Chemicals,Unknown,325.65,1.42,223.38,413.23,45.78,21.19,54.1,317.08,295.32,2275705.8,1075479.0,0.47,Bullish,30,20,0,0,0,50,50,"Above 50 DMA, Above 200 DMA, Healthy RSI momentum"
28.08.2026 at 01:52 AM IST,BHAGCHEM,Unknown,Unknown,286.6,-0.21,170.5,316.9,68.09,9.56,54.12,281.25,241.48,178660.15,57634.0,0.32,Bullish,30,20,0,0,0,50,50,"Above 50 DMA, Above 200 DMA, Healthy RSI momentum"
28.08.2026 at 01:52 AM IST,BEPL,Unknown,Unknown,128.35,-0.98,72.87,137.35,76.14,6.55,62.74,112.61,94.03,1638313.55,1189249.0,0.73,Bullish,30,20,0,0,0,50,50,"Above 50 DMA, Above 200 DMA, Healthy RSI momentum"
28.08.2026 at 01:52 AM IST,BEML,Capital Goods,Unknown,1937.7,0.76,1353.21,2269.47,43.19,14.62,60.98,1816.72,1763.26,480252.2,203366.0,0.42,Bullish,30,20,0,0,0,50,50,"Above 50 DMA, Above 200 DMA, Healthy RSI momentum"
28.08.2026 at 01:52 AM IST,SBIN,Financial Services,Unknown,1052.0,0.38,784.36,1212.84,34.12,13.26,51.16,1042.59,1026.4,10260991.95,5858099.0,0.57,Bullish,30,20,0,0,0,50,50,"Above 50 DMA, Above 200 DMA, Healthy RSI momentum"
28.08.2026 at 01:52 AM IST,SBCL,Unknown,Unknown,1053.1,3.41,367.86,1102.84,186.27,4.51,69.87,822.53,584.03,1189171.15,394446.0,0.33,Bullish,30,20,0,0,0,50,50,"Above 50 DMA, Above 200 DMA, Healthy RSI momentum"
28.08.2026 at 01:52 AM IST,SARLAPOLY,Unknown,Unknown,100.5,-0.69,67.08,111.0,49.82,9.46,51.11,99.72,89.47,59241.8,34411.0,0.58,Bullish,30,20,0,0,0,50,50,"Above 50 DMA, Above 200 DMA, Healthy RSI momentum"
28.08.2026 at 01:52 AM IST,PRUDENT,Unknown,Unknown,3345.1,0.27,2118.41,3455.0,57.91,3.18,59.37,3114.22,2690.74,46244.8,13521.0,0.29,Bullish,30,20,0,0,0,50,50,"Above 50 DMA, Above 200 DMA, Healthy RSI momentum"
28.08.2026 at 01:52 AM IST,SANDHAR,Unknown,Unknown,661.05,-2.64,417.27,763.2,58.42,13.38,55.16,650.93,569.57,336060.9,98222.0,0.29,Bullish,30,20,0,0,0,50,50,"Above 50 DMA, Above 200 DMA, Healthy RSI momentum"
28.08.2026 at 01:52 AM IST,SAMBHV,Unknown,Unknown,128.46,-0.16,81.42,141.32,57.77,9.1,59.63,118.18,106.25,1997649.3,643347.0,0.32,Bullish,30,20,0,0,0,50,50,"Above 50 DMA, Above 200 DMA, Healthy RSI momentum"
28.08.2026 at 01:52 AM IST,SALSTEEL,Unknown,Unknown,71.64,-3.83,16.85,81.8,325.16,12.42,58.02,60.78,50.12,705695.7,559615.0,0.79,Bullish,30,20,0,0,0,50,50,"Above 50 DMA, Above 200 DMA, Healthy RSI momentum"
28.08.2026 at 01:52 AM IST,SAKHTISUG,Unknown,Unknown,20.77,-4.42,13.52,24.75,53.62,16.08,63.33,17.64,17.72,466955.7,361090.0,0.77,Bullish,30,20,0,0,0,50,50,"Above 50 DMA, Above 200 DMA, Healthy RSI momentum"
28.08.2026 at 01:52 AM IST,SAKAR,Unknown,Unknown,901.4,1.87,321.05,980.0,180.77,8.02,52.72,863.99,610.72,113596.9,54164.0,0.48,Bullish,30,20,0,0,0,50,50,"Above 50 DMA, Above 200 DMA, Healthy RSI momentum"
28.08.2026 at 01:52 AM IST,SAILIFE,Healthcare,Unknown,1461.0,0.38,783.85,1485.0,86.39,1.62,63.0,1314.86,1060.76,535394.1,232305.0,0.43,Bullish,30,20,0,0,0,50,50,"Above 50 DMA, Above 200 DMA, Healthy RSI momentum"
28.08.2026 at 01:52 AM IST,SAIL,Metals & Mining,Unknown,194.9,5.59,116.64,209.7,67.1,7.06,73.43,170.55,162.77,21691229.4,44553300.0,2.05,Bullish,30,5,0,15,0,50,50,"Above 50 DMA, Above 200 DMA, Strong but overbought RSI, Strong volume expansion"
28.08.2026 at 01:52 AM IST,SAHYADRI,Unknown,Unknown,339.35,-1.92,197.87,398.43,71.5,14.83,51.86,306.17,266.99,40339.65,12243.0,0.3,Bullish,30,20,0,0,0,50,50,"Above 50 DMA, Above 200 DMA, Healthy RSI momentum"
28.08.2026 at 01:52 AM IST,SHAILY,Unknown,Unknown,3238.3,0.33,1770.9,3615.2,82.86,10.43,53.01,3017.11,2513.29,193168.45,64155.0,0.33,Bullish,30,20,0,0,0,50,50,"Above 50 DMA, Above 200 DMA, Healthy RSI momentum"
28.08.2026 at 01:52 AM IST,SHAHALLOYS,Unknown,Unknown,76.06,-0.99,53.1,88.37,43.24,13.93,57.28,71.23,68.69,48930.0,8756.0,0.18,Bullish,30,20,0,0,0,50,50,"Above 50 DMA, Above 200 DMA, Healthy RSI momentum"
28.08.2026 at 01:52 AM IST,BECTORFOOD,Unknown,Unknown,243.24,-3.05,165.0,297.55,47.42,18.25,58.65,206.97,211.23,2676425.95,1010999.0,0.38,Bullish,30,20,0,0,0,50,50,"Above 50 DMA, Above 200 DMA, Healthy RSI momentum"
28.08.2026 at 01:52 AM IST,PTCIL,Capital Goods,Unknown,20919.0,-0.93,13400.0,21800.0,56.11,4.04,65.07,18303.18,17628.46,39792.7,31594.0,0.79,Bullish,30,20,0,0,0,50,50,"Above 50 DMA, Above 200 DMA, Healthy RSI momentum"
28.08.2026 at 01:52 AM IST,SANSERA,Unknown,Unknown,3836.6,1.22,1242.26,4040.4,208.84,5.04,59.91,3412.01,2454.67,264445.55,142018.0,0.54,Bullish,30,20,0,0,0,50,50,"Above 50 DMA, Above 200 DMA, Healthy RSI momentum"
28.08.2026 at 01:52 AM IST,YASHO,Unknown,Unknown,4369.6,4.0,1129.82,4994.0,286.75,12.5,59.73,3478.8,2068.07,117158.0,37594.0,0.32,Bullish,30,20,0,0,0,50,50,"Above 50 DMA, Above 200 DMA, Healthy RSI momentum"
28.08.2026 at 01:52 AM IST,GARUDA,Unknown,Unknown,183.22,0.04,130.0,249.3,40.94,26.51,54.5,178.65,181.15,1112081.85,316055.0,0.28,Bullish,30,20,0,0,0,50,50,"Above 50 DMA, Above 200 DMA, Healthy RSI momentum"
28.08.2026 at 01:52 AM IST,GANESHHOU,Unknown,Unknown,813.4,-3.02,500.0,902.95,62.68,9.92,52.35,799.87,738.13,37736.55,30128.0,0.8,Bullish,30,20,0,0,0,50,50,"Above 50 DMA, Above 200 DMA, Healthy RSI momentum"
28.08.2026 at 01:52 AM IST,20MICRONS,Unknown,Unknown,223.63,6.16,128.82,236.81,73.6,5.56,72.87,198.76,184.62,244611.05,1411924.0,5.77,Bullish,30,5,0,15,0,50,50,"Above 50 DMA, Above 200 DMA, Strong but overbought RSI, Strong volume expansion"
28.08.2026 at 01:52 AM IST,ZUARIIND,Unknown,Unknown,275.9,-2.01,210.0,416.0,31.38,33.68,57.31,263.62,272.21,88483.45,66620.0,0.75,Bullish,30,20,0,0,0,50,50,"Above 50 DMA, Above 200 DMA, Healthy RSI momentum"
28.08.2026 at 01:52 AM IST,GANDHITUBE,Unknown,Unknown,901.5,0.3,669.7,1014.61,34.61,11.15,57.14,865.62,813.46,13997.35,5891.0,0.42,Bullish,30,20,0,0,0,50,50,"Above 50 DMA, Above 200 DMA, Healthy RSI momentum"
28.08.2026 at 01:52 AM IST,WSTCSTPAPR,Unknown,Unknown,607.8,0.27,373.12,655.0,62.9,7.21,56.8,556.72,468.68,319418.0,80965.0,0.25,Bullish,30,20,0,0,0,50,50,"Above 50 DMA, Above 200 DMA, Healthy RSI momentum"
28.08.2026 at 01:52 AM IST,WORTHPERI,Unknown,Unknown,157.44,3.42,109.0,169.8,44.44,7.28,58.89,143.8,138.53,31552.25,10300.0,0.33,Bullish,30,20,0,0,0,50,50,"Above 50 DMA, Above 200 DMA, Healthy RSI momentum"
28.08.2026 at 01:52 AM IST,ACE,Capital Goods,Unknown,1159.0,0.36,745.1,1196.0,55.55,3.09,60.42,1050.52,936.84,405246.4,133478.0,0.33,Bullish,30,20,0,0,0,50,50,"Above 50 DMA, Above 200 DMA, Healthy RSI momentum"
28.08.2026 at 01:52 AM IST,ABSLAMC,Financial Services,Unknown,1033.5,3.16,690.69,1194.96,49.63,13.51,52.24,1065.96,924.18,182005.7,407078.0,2.24,Bearish,15,20,0,15,0,50,50,"Above 200 DMA, Healthy RSI momentum, Strong volume expansion"
28.08.2026 at 01:52 AM IST,ABCAPITAL,Financial Services,Unknown,410.0,-0.21,272.7,430.7,50.35,4.81,53.77,401.04,358.51,3997660.9,2231478.0,0.56,Bullish,30,20,0,0,0,50,50,"Above 50 DMA, Above 200 DMA, Healthy RSI momentum"
28.08.2026 at 01:52 AM IST,ABB,Capital Goods,Unknown,7609.0,-0.24,4564.87,7832.29,66.69,2.85,57.82,7262.74,6234.2,263556.65,200058.0,0.76,Bullish,30,20,0,0,0,50,50,"Above 50 DMA, Above 200 DMA, Healthy RSI momentum"
28.08.2026 at 01:52 AM IST,RBA,Unknown,Unknown,102.36,-3.72,57.15,111.15,79.11,7.91,66.13,80.89,68.59,23467699.6,5059351.0,0.22,Bullish,30,20,0,0,0,50,50,"Above 50 DMA, Above 200 DMA, Healthy RSI momentum"
28.08.2026 at 01:52 AM IST,WINDLAS,Unknown,Unknown,978.4,-1.27,692.17,1035.9,41.35,5.55,62.86,876.81,812.98,219843.0,58236.0,0.26,Bullish,30,20,0,0,0,50,50,"Above 50 DMA, Above 200 DMA, Healthy RSI momentum"
28.08.2026 at 01:52 AM IST,WESTLIFE,Unknown,Unknown,566.2,-1.79,398.12,774.46,42.22,26.89,54.12,519.39,502.43,196451.65,138065.0,0.7,Bullish,30,20,0,0,0,50,50,"Above 50 DMA, Above 200 DMA, Healthy RSI momentum"
28.08.2026 at 01:52 AM IST,WENDT,Unknown,Unknown,8148.5,-0.49,5833.99,10295.93,39.67,20.86,54.96,7944.95,7398.48,6746.25,6307.0,0.93,Bullish,30,20,0,0,0,50,50,"Above 50 DMA, Above 200 DMA, Healthy RSI momentum"
28.08.2026 at 01:52 AM IST,A2ZINFRA,Unknown,Unknown,16.0,0.19,12.0,22.64,33.33,29.33,58.58,14.34,15.29,663849.4,270888.0,0.41,Bullish,30,20,0,0,0,50,50,"Above 50 DMA, Above 200 DMA, Healthy RSI momentum"
28.08.2026 at 01:52 AM IST,5PAISA,Unknown,Unknown,376.4,-1.12,245.5,416.95,53.32,9.73,50.5,368.46,334.41,77177.3,24865.0,0.32,Bullish,30,20,0,0,0,50,50,"Above 50 DMA, Above 200 DMA, Healthy RSI momentum"
28.08.2026 at 01:52 AM IST,360ONE,Financial Services,Unknown,1197.2,-1.06,900.82,1229.07,32.9,2.59,58.73,1135.92,1105.47,885037.65,332670.0,0.38,Bullish,30,20,0,0,0,50,50,"Above 50 DMA, Above 200 DMA, Healthy RSI momentum"
28.08.2026 at 01:52 AM IST,ZYDUSLIFE,Healthcare,Unknown,1150.0,2.27,834.75,1205.0,37.77,4.56,55.57,1125.25,984.06,1591700.35,1401027.0,0.88,Bullish,30,20,0,0,0,50,50,"Above 50 DMA, Above 200 DMA, Healthy RSI momentum"
28.08.2026 at 01:52 AM IST,VISHWARAJ,Unknown,Unknown,6.15,-2.23,4.14,10.2,48.55,39.71,61.36,5.46,5.94,1081918.3,697624.0,0.64,Bullish,30,20,0,0,0,50,50,"Above 50 DMA, Above 200 DMA, Healthy RSI momentum"
28.08.2026 at 01:52 AM IST,GALAXYSURF,Unknown,Unknown,2338.8,2.39,1492.96,2648.0,56.65,11.68,63.36,2038.75,1910.53,95093.05,27355.0,0.29,Bullish,30,20,0,0,0,50,50,"Above 50 DMA, Above 200 DMA, Healthy RSI momentum"
28.08.2026 at 01:52 AM IST,GAEL,Unknown,Unknown,173.19,-2.44,101.2,184.99,71.14,6.38,52.71,163.36,144.74,1980492.35,1267377.0,0.64,Bullish,30,20,0,0,0,50,50,"Above 50 DMA, Above 200 DMA, Healthy RSI momentum"
28.08.2026 at 01:52 AM IST,FOSECOIND,Unknown,Unknown,6077.5,8.23,4278.61,6811.95,42.04,10.78,74.12,5277.82,4985.41,9614.55,28921.0,3.01,Bullish,30,5,0,15,0,50,50,"Above 50 DMA, Above 200 DMA, Strong but overbought RSI, Strong volume expansion"
28.08.2026 at 01:52 AM IST,GEOJITFSL,Unknown,Unknown,80.86,0.29,49.9,85.3,62.06,5.21,55.8,78.49,70.52,388564.5,179854.0,0.46,Bullish,30,20,0,0,0,50,50,"Above 50 DMA, Above 200 DMA, Healthy RSI momentum"
28.08.2026 at 01:52 AM IST,WINDMACHIN,Unknown,Unknown,309.15,-1.62,200.65,343.9,54.07,10.1,53.76,303.35,278.28,267401.35,38513.0,0.14,Bullish,30,20,0,0,0,50,50,"Above 50 DMA, Above 200 DMA, Healthy RSI momentum"
28.08.2026 at 01:52 AM IST,RATEGAIN,Unknown,Unknown,934.05,-1.27,437.0,1050.0,113.74,11.04,50.19,923.39,701.24,673999.8,238595.0,0.35,Bullish,30,20,0,0,0,50,50,"Above 50 DMA, Above 200 DMA, Healthy RSI momentum"
28.08.2026 at 01:52 AM IST,RVTH,Unknown,Unknown,730.15,-0.07,491.1,1300.0,48.68,43.83,51.86,722.94,686.18,1042.25,141.0,0.14,Bullish,30,20,0,0,0,50,50,"Above 50 DMA, Above 200 DMA, Healthy RSI momentum"
28.08.2026 at 01:52 AM IST,BAJFINANCE,Financial Services,Unknown,1085.0,-0.22,783.09,1176.4,38.55,7.77,51.96,1050.08,970.36,7865506.3,3234877.0,0.41,Bullish,30,20,0,0,0,50,50,"Above 50 DMA, Above 200 DMA, Healthy RSI momentum"
28.08.2026 at 01:52 AM IST,BAJEL,Unknown,Unknown,189.53,0.81,134.64,225.92,40.77,16.11,53.91,187.08,175.03,340794.15,122936.0,0.36,Bullish,30,20,0,0,0,50,50,"Above 50 DMA, Above 200 DMA, Healthy RSI momentum"
28.08.2026 at 01:52 AM IST,BAJAJHLDNG,Financial Services,Unknown,11540.0,2.21,8482.6,13642.17,36.04,15.41,60.66,10920.32,10619.81,43565.65,34213.0,0.79,Bullish,30,20,0,0,0,50,50,"Above 50 DMA, Above 200 DMA, Healthy RSI momentum"
28.08.2026 at 01:52 AM IST,BAJAJ-AUTO,Automobile and Auto Components,Unknown,11724.0,-1.7,8373.65,11927.0,40.01,1.7,59.56,10858.58,9811.19,229404.4,166838.0,0.73,Bullish,30,20,0,0,0,50,50,"Above 50 DMA, Above 200 DMA, Healthy RSI momentum"
28.08.2026 at 01:52 AM IST,AZAD,Unknown,Unknown,2825.5,0.75,1360.0,2986.6,107.76,5.39,66.27,2388.36,1907.07,677496.05,304811.0,0.45,Bullish,30,20,0,0,0,50,50,"Above 50 DMA, Above 200 DMA, Healthy RSI momentum"
28.08.2026 at 01:52 AM IST,AYMSYNTEX,Unknown,Unknown,254.95,0.14,141.53,281.22,80.14,9.34,52.15,242.96,202.2,49001.4,21536.0,0.44,Bullish,30,20,0,0,0,50,50,"Above 50 DMA, Above 200 DMA, Healthy RSI momentum"
28.08.2026 at 01:52 AM IST,RRKABEL,Capital Goods,Unknown,2810.6,0.34,1158.75,2983.8,142.56,5.8,59.76,2533.8,1801.2,397086.8,216552.0,0.55,Bullish,30,20,0,0,0,50,50,"Above 50 DMA, Above 200 DMA, Healthy RSI momentum"
28.08.2026 at 01:52 AM IST,ROLEXRINGS,Unknown,Unknown,184.45,1.11,99.79,189.4,84.84,2.61,69.11,153.57,135.32,7603738.9,1950951.0,0.26,Bullish,30,20,0,0,0,50,50,"Above 50 DMA, Above 200 DMA, Healthy RSI momentum"
28.08.2026 at 01:52 AM IST,RML,Unknown,Unknown,1144.1,0.98,599.85,1305.09,90.73,12.34,54.36,1135.57,878.14,68217.5,14890.0,0.22,Bullish,30,20,0,0,0,50,50,"Above 50 DMA, Above 200 DMA, Healthy RSI momentum"
28.08.2026 at 01:52 AM IST,RKFORGE,Automobile and Auto Components,Unknown,732.0,1.51,459.41,772.8,59.33,5.28,63.65,634.6,564.78,1379082.4,838774.0,0.61,Bullish,30,20,0,0,0,50,50,"Above 50 DMA, Above 200 DMA, Healthy RSI momentum"
28.08.2026 at 01:52 AM IST,GARFIBRES,Unknown,Unknown,792.75,-0.97,579.75,863.4,36.74,8.18,55.78,758.17,682.48,87469.25,18120.0,0.21,Bullish,30,20,0,0,0,50,50,"Above 50 DMA, Above 200 DMA, Healthy RSI momentum"
28.08.2026 at 01:52 AM IST,TAINWALCHM,Unknown,Unknown,216.7,1.93,152.71,253.21,41.9,14.42,57.02,203.81,192.09,9282.6,1618.0,0.17,Bullish,30,20,0,0,0,50,50,"Above 50 DMA, Above 200 DMA, Healthy RSI momentum"
28.08.2026 at 01:52 AM IST,APLLTD,Unknown,Unknown,824.8,2.7,626.48,983.37,31.66,16.13,53.96,807.5,779.95,113792.6,50380.0,0.44,Bullish,30,20,0,0,0,50,50,"Above 50 DMA, Above 200 DMA, Healthy RSI momentum"
28.08.2026 at 01:52 AM IST,APCOTEXIND,Unknown,Unknown,611.25,-0.97,307.18,712.0,98.99,14.15,53.77,568.34,438.71,364301.85,51702.0,0.14,Bullish,30,20,0,0,0,50,50,"Above 50 DMA, Above 200 DMA, Healthy RSI momentum"
28.08.2026 at 01:52 AM IST,APARINDS,Capital Goods,Unknown,17063.0,0.36,6801.0,18465.0,150.89,7.59,60.94,15308.98,11547.07,180556.55,105261.0,0.58,Bullish,30,20,0,0,0,50,50,"Above 50 DMA, Above 200 DMA, Healthy RSI momentum"
28.08.2026 at 01:52 AM IST,ANTHEM,Healthcare,Unknown,923.05,5.53,577.64,927.0,59.8,0.43,71.92,806.82,717.83,713330.4,1851014.0,2.59,Bullish,30,5,0,15,0,50,50,"Above 50 DMA, Above 200 DMA, Strong but overbought RSI, Strong volume expansion"
28.08.2026 at 01:52 AM IST,SYRMA,Capital Goods,Unknown,1474.1,1.1,633.85,1541.42,132.56,4.37,57.72,1406.27,1005.46,1667830.45,708242.0,0.42,Bullish,30,20,0,0,0,50,50,"Above 50 DMA, Above 200 DMA, Healthy RSI momentum"
28.08.2026 at 01:52 AM IST,SUVEN,Unknown,Unknown,372.2,3.37,124.11,393.5,199.9,5.41,63.31,318.95,216.43,853583.05,542231.0,0.64,Bullish,30,20,0,0,0,50,50,"Above 50 DMA, Above 200 DMA, Healthy RSI momentum"
28.08.2026 at 01:52 AM IST,SUPERHOUSE,Unknown,Unknown,176.14,-0.03,128.55,201.95,37.02,12.78,67.46,160.71,153.85,6740.9,5153.0,0.76,Bullish,30,20,0,0,0,50,50,"Above 50 DMA, Above 200 DMA, Healthy RSI momentum"
28.08.2026 at 01:52 AM IST,STYLAMIND,Unknown,Unknown,3570.4,0.4,1594.1,4150.0,123.98,13.97,53.95,3400.36,2592.14,44086.4,30231.0,0.69,Bullish,30,20,0,0,0,50,50,"Above 50 DMA, Above 200 DMA, Healthy RSI momentum"
28.08.2026 at 01:52 AM IST,STYL,Unknown,Unknown,396.85,0.8,207.8,434.7,90.98,8.71,56.37,361.71,288.48,173214.0,128042.0,0.74,Bullish,30,20,0,0,0,50,50,"Above 50 DMA, Above 200 DMA, Healthy RSI momentum"
28.08.2026 at 01:52 AM IST,STOVEKRAFT,Unknown,Unknown,816.6,2.67,447.05,849.8,82.66,3.91,58.53,774.88,610.78,366443.25,85438.0,0.23,Bullish,30,20,0,0,0,50,50,"Above 50 DMA, Above 200 DMA, Healthy RSI momentum"
28.08.2026 at 01:52 AM IST,WELCORP,Capital Goods,Unknown,2306.7,-1.65,707.65,2433.9,225.97,5.23,79.1,1702.36,1145.8,2274391.0,5769711.0,2.54,Bullish,30,5,0,15,0,50,50,"Above 50 DMA, Above 200 DMA, Strong but overbought RSI, Strong volume expansion"
28.08.2026 at 01:52 AM IST,WEL,Unknown,Unknown,155.92,16.34,75.01,183.4,107.87,14.98,73.11,114.6,126.34,2620696.9,16977054.0,6.48,Bullish,30,5,0,15,0,50,50,"Above 50 DMA, Above 200 DMA, Strong but overbought RSI, Strong volume expansion"
28.08.2026 at 01:52 AM IST,SEAMECLTD,Unknown,Unknown,1658.1,0.52,770.84,1717.88,115.1,3.48,69.45,1472.69,1333.21,135081.45,36037.0,0.27,Bullish,30,20,0,0,0,50,50,"Above 50 DMA, Above 200 DMA, Healthy RSI momentum"
28.08.2026 at 01:52 AM IST,MAWANASUG,Unknown,Unknown,141.12,-1.78,72.44,164.0,94.81,13.95,66.58,114.7,93.7,609251.35,404151.0,0.66,Bullish,30,20,0,0,0,50,50,"Above 50 DMA, Above 200 DMA, Healthy RSI momentum"
28.08.2026 at 01:52 AM IST,MATRIMONY,Unknown,Unknown,515.05,-0.81,359.83,566.36,43.14,9.06,59.24,449.12,460.48,117443.15,7804.0,0.07,Bullish,30,20,0,0,0,50,50,"Above 50 DMA, Above 200 DMA, Healthy RSI momentum"
28.08.2026 at 01:52 AM IST,NAHARCAP,Unknown,Unknown,258.5,-0.57,191.0,307.0,35.34,15.8,53.11,253.4,248.98,8495.8,614.0,0.07,Bullish,30,20,0,0,0,50,50,"Above 50 DMA, Above 200 DMA, Healthy RSI momentum"
28.08.2026 at 01:52 AM IST,ALKYLAMINE,Unknown,Unknown,2089.6,1.36,1205.2,2115.06,73.38,1.2,67.48,1866.64,1642.1,182156.75,83245.0,0.46,Bullish,30,20,0,0,0,50,50,"Above 50 DMA, Above 200 DMA, Healthy RSI momentum"
28.08.2026 at 01:52 AM IST,ALIVUS,Unknown,Unknown,1360.8,0.92,819.0,1418.0,66.15,4.03,62.55,1210.5,1024.32,174911.65,28914.0,0.17,Bullish,30,20,0,0,0,50,50,"Above 50 DMA, Above 200 DMA, Healthy RSI momentum"
28.08.2026 at 01:52 AM IST,ALEMBICLTD,Unknown,Unknown,98.7,4.27,68.62,105.66,43.85,6.59,70.89,88.37,89.63,498185.1,1303903.0,2.62,Bullish,30,5,0,15,0,50,50,"Above 50 DMA, Above 200 DMA, Strong but overbought RSI, Strong volume expansion"
28.08.2026 at 01:52 AM IST,AKUMS,Unknown,Unknown,766.1,2.83,407.37,783.0,88.06,2.16,64.12,679.42,529.09,418661.45,412200.0,0.98,Bullish,30,20,0,0,0,50,50,"Above 50 DMA, Above 200 DMA, Healthy RSI momentum"
28.08.2026 at 01:52 AM IST,TOTAL,Unknown,Unknown,71.57,-1.61,45.0,87.89,59.04,18.57,68.57,57.0,61.26,46679.75,4873.0,0.1,Bullish,30,20,0,0,0,50,50,"Above 50 DMA, Above 200 DMA, Healthy RSI momentum"
28.08.2026 at 01:52 AM IST,TNPETRO,Unknown,Unknown,113.27,-0.82,78.67,129.89,43.98,12.8,67.97,99.75,95.58,673304.0,149343.0,0.22,Bullish,30,20,0,0,0,50,50,"Above 50 DMA, Above 200 DMA, Healthy RSI momentum"
28.08.2026 at 01:52 AM IST,TITAN,Consumer Durables,Unknown,5100.0,-0.48,3292.3,5168.0,54.91,1.32,67.4,4729.62,4266.85,865103.7,377617.0,0.44,Bullish,30,20,0,0,0,50,50,"Above 50 DMA, Above 200 DMA, Healthy RSI momentum"
28.08.2026 at 01:52 AM IST,TIMEX,Unknown,Unknown,629.0,1.84,323.0,647.8,94.74,2.9,68.89,547.12,,365757.6,832414.0,2.28,Bullish,15,20,0,15,0,50,50,"Above 50 DMA, Healthy RSI momentum, Strong volume expansion"
28.08.2026 at 01:52 AM IST,TI,Unknown,Unknown,560.9,-2.4,381.55,594.55,47.01,5.66,66.31,480.05,455.02,1469213.35,1093282.0,0.74,Bullish,30,20,0,0,0,50,50,"Above 50 DMA, Above 200 DMA, Healthy RSI momentum"
28.08.2026 at 01:52 AM IST,BHEL,Capital Goods,Unknown,415.5,-0.36,204.46,446.5,103.22,6.94,51.68,408.63,329.25,7180056.05,3386320.0,0.47,Bullish,30,20,0,0,0,50,50,"Above 50 DMA, Above 200 DMA, Healthy RSI momentum"
28.08.2026 at 01:52 AM IST,SGIL,Unknown,Unknown,586.5,1.92,420.0,632.14,39.64,7.22,52.87,585.66,542.11,14712.25,10310.0,0.7,Bullish,30,20,0,0,0,50,50,"Above 50 DMA, Above 200 DMA, Healthy RSI momentum"
28.08.2026 at 01:52 AM IST,SGFIN,Unknown,Unknown,692.2,-1.18,323.0,727.45,114.3,4.85,56.48,656.07,501.28,265982.2,138554.0,0.52,Bullish,30,20,0,0,0,50,50,"Above 50 DMA, Above 200 DMA, Healthy RSI momentum"
28.08.2026 at 01:52 AM IST,SETL,Unknown,Unknown,330.4,4.97,104.56,330.45,215.99,0.02,72.62,273.69,172.4,1048943.55,2640125.0,2.52,Bullish,30,5,0,15,0,50,50,"Above 50 DMA, Above 200 DMA, Strong but overbought RSI, Strong volume expansion"
28.08.2026 at 01:52 AM IST,SENORES,Unknown,Unknown,1494.7,0.97,662.45,1599.0,125.63,6.52,58.65,1394.85,995.61,232931.9,147753.0,0.63,Bullish,30,20,0,0,0,50,50,"Above 50 DMA, Above 200 DMA, Healthy RSI momentum"
28.08.2026 at 01:52 AM IST,AUSOMENT,Unknown,Unknown,146.1,-1.01,93.0,178.0,57.1,17.92,62.92,130.67,119.84,5735.25,3208.0,0.56,Bullish,30,20,0,0,0,50,50,"Above 50 DMA, Above 200 DMA, Healthy RSI momentum"
28.08.2026 at 01:52 AM IST,AURUM,Unknown,Unknown,233.43,-1.28,151.9,264.64,53.67,11.79,57.38,224.94,189.02,221835.95,125655.0,0.57,Bullish,30,20,0,0,0,50,50,"Above 50 DMA, Above 200 DMA, Healthy RSI momentum"
28.08.2026 at 01:52 AM IST,AUROPHARMA,Healthcare,Unknown,1623.0,0.32,1016.1,1682.4,59.73,3.53,54.13,1577.97,1359.35,994387.75,679792.0,0.68,Bullish,30,20,0,0,0,50,50,"Above 50 DMA, Above 200 DMA, Healthy RSI momentum"
28.08.2026 at 01:52 AM IST,AUBANK,Financial Services,Unknown,1113.5,-1.34,681.49,1144.1,63.39,2.67,62.26,1052.98,991.56,1757295.05,618521.0,0.35,Bullish,30,20,0,0,0,50,50,"Above 50 DMA, Above 200 DMA, Healthy RSI momentum"
28.08.2026 at 01:52 AM IST,ATHERENERG,Automobile and Auto Components,Unknown,1494.6,3.83,421.6,1580.0,254.51,5.41,63.55,1270.81,897.55,4357806.0,4256363.0,0.98,Bullish,30,20,0,0,0,50,50,"Above 50 DMA, Above 200 DMA, Healthy RSI momentum"
28.08.2026 at 01:52 AM IST,SENCO,Unknown,Unknown,367.15,-0.41,275.2,428.76,33.41,14.37,51.36,360.79,331.54,1724754.0,754754.0,0.44,Bullish,30,20,0,0,0,50,50,"Above 50 DMA, Above 200 DMA, Healthy RSI momentum"
28.08.2026 at 01:52 AM IST,SECMARK,Unknown,Unknown,128.0,2.38,95.05,147.27,34.67,13.08,53.84,125.95,119.26,1731.05,322.0,0.19,Bullish,30,20,0,0,0,50,50,"Above 50 DMA, Above 200 DMA, Healthy RSI momentum"
28.08.2026 at 01:52 AM IST,SHYAMMETL,Capital Goods,Unknown,1040.5,3.41,742.73,1085.22,40.09,4.12,62.53,993.84,884.73,422440.5,410561.0,0.97,Bullish,30,20,0,0,0,50,50,"Above 50 DMA, Above 200 DMA, Healthy RSI momentum"
28.08.2026 at 01:52 AM IST,THYROCARE,Unknown,Unknown,605.2,1.54,338.15,662.0,78.97,8.58,55.28,566.52,467.34,830811.45,214447.0,0.26,Bullish,30,20,0,0,0,50,50,"Above 50 DMA, Above 200 DMA, Healthy RSI momentum"
28.08.2026 at 01:52 AM IST,COFORGE,Information Technology,Unknown,1880.0,-0.68,1003.45,1975.81,87.35,4.85,68.54,1619.9,1510.48,2208331.15,1622085.0,0.73,Bullish,30,20,0,0,0,50,50,"Above 50 DMA, Above 200 DMA, Healthy RSI momentum"
28.08.2026 at 01:52 AM IST,CNL,Unknown,Unknown,1215.4,2.4,525.0,1275.0,131.5,4.67,64.2,966.06,740.84,83572.35,23936.0,0.29,Bullish,30,20,0,0,0,50,50,"Above 50 DMA, Above 200 DMA, Healthy RSI momentum"
28.08.2026 at 01:52 AM IST,MAGADSUGAR,Unknown,Unknown,577.1,-0.9,406.87,634.95,41.84,9.11,59.95,505.98,473.57,94492.5,44515.0,0.47,Bullish,30,20,0,0,0,50,50,"Above 50 DMA, Above 200 DMA, Healthy RSI momentum"
28.08.2026 at 01:52 AM IST,MACPOWER,Unknown,Unknown,1850.6,-2.75,761.0,2050.0,143.18,9.73,62.03,1478.83,1103.33,73980.55,58805.0,0.79,Bullish,30,20,0,0,0,50,50,"Above 50 DMA, Above 200 DMA, Healthy RSI momentum"
28.08.2026 at 01:52 AM IST,M&MFIN,Financial Services,Unknown,385.35,1.02,247.48,415.0,55.71,7.14,54.99,353.56,335.98,2764270.45,2023499.0,0.73,Bullish,30,20,0,0,0,50,50,"Above 50 DMA, Above 200 DMA, Healthy RSI momentum"
28.08.2026 at 01:52 AM IST,MARKSANS,Unknown,Unknown,331.05,3.94,154.57,344.55,114.17,3.92,69.72,276.32,210.64,5814122.3,1989892.0,0.34,Bullish,30,20,0,0,0,50,50,"Above 50 DMA, Above 200 DMA, Healthy RSI momentum"
28.08.2026 at 01:52 AM IST,MARALOVER,Unknown,Unknown,55.7,1.27,34.11,65.79,63.3,15.34,53.14,55.13,48.57,20252.9,7916.0,0.39,Bullish,30,20,0,0,0,50,50,"Above 50 DMA, Above 200 DMA, Healthy RSI momentum"
28.08.2026 at 01:52 AM IST,MANORAMA,Unknown,Unknown,1896.9,-0.92,1060.6,2043.0,78.85,7.15,65.31,1651.18,1436.57,978574.5,139059.0,0.14,Bullish,30,20,0,0,0,50,50,"Above 50 DMA, Above 200 DMA, Healthy RSI momentum"
28.08.2026 at 01:52 AM IST,CLSEL,Unknown,Unknown,313.2,-1.83,203.75,324.8,53.72,3.57,67.61,286.4,269.3,256804.95,242724.0,0.95,Bullish,30,20,0,0,0,50,50,"Above 50 DMA, Above 200 DMA, Healthy RSI momentum"
28.08.2026 at 01:52 AM IST,CHEVIOT,Unknown,Unknown,1154.0,-0.12,878.76,1341.14,31.32,13.95,51.74,1125.74,1069.66,7680.1,1042.0,0.14,Bullish,30,20,0,0,0,50,50,"Above 50 DMA, Above 200 DMA, Healthy RSI momentum"
28.08.2026 at 01:52 AM IST,CHENNPETRO,Oil Gas & Consumable Fuels,Unknown,1375.0,-1.87,608.25,1489.7,126.06,7.7,58.07,1198.97,994.08,2754066.0,747711.0,0.27,Bullish,30,20,0,0,0,50,50,"Above 50 DMA, Above 200 DMA, Healthy RSI momentum"
28.08.2026 at 01:52 AM IST,MANINFRA,Unknown,Unknown,114.51,0.57,76.65,162.66,49.39,29.6,62.54,104.78,111.76,2363467.25,1094009.0,0.46,Bullish,30,20,0,0,0,50,50,"Above 50 DMA, Above 200 DMA, Healthy RSI momentum"
28.08.2026 at 01:52 AM IST,MAXESTATES,Unknown,Unknown,558.05,0.36,305.45,579.0,82.7,3.62,81.68,436.24,421.31,286014.6,637957.0,2.23,Bullish,30,5,0,15,0,50,50,"Above 50 DMA, Above 200 DMA, Strong but overbought RSI, Strong volume expansion"
28.08.2026 at 01:52 AM IST,MANALIPETC,Unknown,Unknown,74.26,-0.81,39.13,78.72,89.78,5.67,63.6,66.19,59.72,1537686.75,541311.0,0.35,Bullish,30,20,0,0,0,50,50,"Above 50 DMA, Above 200 DMA, Healthy RSI momentum"
28.08.2026 at 01:52 AM IST,MANAKSTEEL,Unknown,Unknown,87.02,0.32,45.11,89.9,92.91,3.2,61.89,77.7,66.33,112612.35,9038.0,0.08,Bullish,30,20,0,0,0,50,50,"Above 50 DMA, Above 200 DMA, Healthy RSI momentum"
28.08.2026 at 01:52 AM IST,MANAKCOAT,Unknown,Unknown,124.49,0.36,94.16,182.75,32.21,31.88,57.33,119.33,119.34,446586.55,67397.0,0.15,Bullish,30,20,0,0,0,50,50,"Above 50 DMA, Above 200 DMA, Healthy RSI momentum"
28.08.2026 at 01:52 AM IST,MANAKALUCO,Unknown,Unknown,39.17,-2.17,21.73,68.12,80.26,42.5,54.01,37.16,33.46,201425.4,40640.0,0.2,Bullish,30,20,0,0,0,50,50,"Above 50 DMA, Above 200 DMA, Healthy RSI momentum"
28.08.2026 at 01:52 AM IST,MODTHREAD,Unknown,Unknown,56.05,-1.32,35.61,65.65,57.4,14.62,58.73,48.53,45.84,33116.45,12707.0,0.38,Bullish,30,20,0,0,0,50,50,"Above 50 DMA, Above 200 DMA, Healthy RSI momentum"
28.08.2026 at 01:52 AM IST,MODIS,Unknown,Unknown,399.9,5.78,276.0,429.05,44.89,6.79,54.58,372.49,,87032.4,268864.0,3.09,Bullish,15,20,0,15,0,50,50,"Above 50 DMA, Healthy RSI momentum, Strong volume expansion"
28.08.2026 at 01:52 AM IST,MMFL,Unknown,Unknown,628.5,-0.23,285.51,687.95,120.13,8.64,56.61,547.89,449.17,239951.95,67661.0,0.28,Bullish,30,20,0,0,0,50,50,"Above 50 DMA, Above 200 DMA, Healthy RSI momentum"
28.08.2026 at 01:52 AM IST,CHALET,Consumer Services,Unknown,912.45,2.06,691.35,1068.92,31.98,14.64,71.13,835.03,823.19,184656.2,548294.0,2.97,Bullish,30,5,0,15,0,50,50,"Above 50 DMA, Above 200 DMA, Strong but overbought RSI, Strong volume expansion"
28.08.2026 at 01:52 AM IST,CENTEXT,Unknown,Unknown,22.45,1.22,15.67,34.75,43.27,35.4,59.18,20.18,21.03,660448.25,186685.0,0.28,Bullish,30,20,0,0,0,50,50,"Above 50 DMA, Above 200 DMA, Healthy RSI momentum"
28.08.2026 at 01:52 AM IST,MIDHANI,Unknown,Unknown,424.45,2.43,266.65,456.6,59.18,7.04,52.08,417.63,372.07,1840436.65,610271.0,0.33,Bullish,30,20,0,0,0,50,50,"Above 50 DMA, Above 200 DMA, Healthy RSI momentum"
28.08.2026 at 01:52 AM IST,METROPOLIS,Unknown,Unknown,570.3,0.64,411.44,609.05,38.61,6.36,53.94,561.4,503.88,249177.75,176364.0,0.71,Bullish,30,20,0,0,0,50,50,"Above 50 DMA, Above 200 DMA, Healthy RSI momentum"
28.08.2026 at 01:52 AM IST,MBAPL,Unknown,Unknown,167.07,-0.88,74.56,174.94,124.06,4.5,63.18,142.75,105.79,771676.05,616834.0,0.8,Bullish,30,20,0,0,0,50,50,"Above 50 DMA, Above 200 DMA, Healthy RSI momentum"
28.08.2026 at 01:52 AM IST,MANAPPURAM,Financial Services,Unknown,365.4,-0.56,244.06,380.46,49.72,3.96,59.92,343.06,303.26,7865494.45,4041776.0,0.51,Bullish,30,20,0,0,0,50,50,"Above 50 DMA, Above 200 DMA, Healthy RSI momentum"
28.08.2026 at 01:52 AM IST,NITINSPIN,Unknown,Unknown,627.0,0.54,302.2,647.85,107.48,3.22,66.03,559.22,429.53,364218.65,328908.0,0.9,Bullish,30,20,0,0,0,50,50,"Above 50 DMA, Above 200 DMA, Healthy RSI momentum"
28.08.2026 at 01:52 AM IST,NIRLON,Unknown,Unknown,640.7,-0.42,543.0,657.0,17.99,2.48,63.64,624.49,,9341.85,2842.0,0.3,Bullish,15,20,15,0,0,50,50,"Above 50 DMA, Healthy RSI momentum, Close to 52W low with recovery potential"
28.08.2026 at 01:52 AM IST,THELEELA,Consumer Services,Unknown,552.8,-0.38,384.5,576.0,43.77,4.03,67.44,497.82,441.86,774557.1,519711.0,0.67,Bullish,30,20,0,0,0,50,50,"Above 50 DMA, Above 200 DMA, Healthy RSI momentum"
28.08.2026 at 01:52 AM IST,THEJO,Unknown,Unknown,2043.9,-0.52,1440.19,2281.2,41.92,10.4,50.79,1959.22,1749.78,13693.2,6169.0,0.45,Bullish,30,20,0,0,0,50,50,"Above 50 DMA, Above 200 DMA, Healthy RSI momentum"
28.08.2026 at 01:52 AM IST,ANDHRSUGAR,Unknown,Unknown,99.02,1.31,66.5,107.23,48.9,7.66,60.4,88.22,81.26,1619888.25,543635.0,0.34,Bullish,30,20,0,0,0,50,50,"Above 50 DMA, Above 200 DMA, Healthy RSI momentum"
28.08.2026 at 01:52 AM IST,ANANDRATHI,Financial Services,Unknown,2179.4,0.69,1351.2,2230.0,61.29,2.27,62.75,2066.16,1716.21,207909.2,81717.0,0.39,Bullish,30,20,0,0,0,50,50,"Above 50 DMA, Above 200 DMA, Healthy RSI momentum"
28.08.2026 at 01:52 AM IST,AMDIND,Unknown,Unknown,52.59,-1.65,33.77,68.07,55.73,22.74,56.67,47.93,46.43,42448.5,5958.0,0.14,Bullish,30,20,0,0,0,50,50,"Above 50 DMA, Above 200 DMA, Healthy RSI momentum"
28.08.2026 at 01:52 AM IST,TEXMOPIPES,Unknown,Unknown,47.34,1.41,33.0,62.0,43.45,23.65,64.66,44.36,45.87,49936.85,24706.0,0.49,Bullish,30,20,0,0,0,50,50,"Above 50 DMA, Above 200 DMA, Healthy RSI momentum"
28.08.2026 at 01:52 AM IST,TEAMGTY,Unknown,Unknown,240.0,4.28,210.0,332.55,14.29,27.83,60.55,228.08,254.67,7797.45,23836.0,3.06,Bullish,15,20,15,15,15,50,50,"Above 50 DMA, Healthy RSI momentum, Close to 52W low with recovery potential, Strong volume expansion, Below 200 DMA risk"
28.08.2026 at 01:52 AM IST,TDPOWERSYS,Unknown,Unknown,727.8,-0.22,245.96,798.85,195.9,8.89,58.86,624.76,494.74,3962200.3,1060459.0,0.27,Bullish,30,20,0,0,0,50,50,"Above 50 DMA, Above 200 DMA, Healthy RSI momentum"
28.08.2026 at 01:52 AM IST,TCPLPACK,Unknown,Unknown,3877.1,-1.02,2183.08,4410.9,77.6,12.1,57.77,3316.38,2879.18,40855.95,4531.0,0.11,Bullish,30,20,0,0,0,50,50,"Above 50 DMA, Above 200 DMA, Healthy RSI momentum"
28.08.2026 at 01:52 AM IST,TBOTEK,Consumer Services,Unknown,1706.5,-1.08,1004.2,1764.8,69.94,3.3,63.23,1542.23,1425.5,369250.8,232371.0,0.63,Bullish,30,20,0,0,0,50,50,"Above 50 DMA, Above 200 DMA, Healthy RSI momentum"
28.08.2026 at 01:52 AM IST,SHRIRAMFIN,Financial Services,Unknown,1117.5,-1.84,559.9,1153.7,99.59,3.14,55.39,1063.73,980.37,4189526.55,3752627.0,0.9,Bullish,30,20,0,0,0,50,50,"Above 50 DMA, Above 200 DMA, Healthy RSI momentum"
28.08.2026 at 01:52 AM IST,TARSONS,Unknown,Unknown,342.65,-0.82,164.45,375.0,108.36,8.63,58.47,304.18,234.94,866958.55,82999.0,0.1,Bullish,30,20,0,0,0,50,50,"Above 50 DMA, Above 200 DMA, Healthy RSI momentum"
28.08.2026 at 01:52 AM IST,TTKHLTCARE,Unknown,Unknown,1090.6,-0.26,727.56,1210.0,49.9,9.87,54.65,1007.9,958.47,34884.0,17051.0,0.49,Bullish,30,20,0,0,0,50,50,"Above 50 DMA, Above 200 DMA, Healthy RSI momentum"
28.08.2026 at 01:52 AM IST,BLUSPRING,Unknown,Unknown,128.13,1.02,43.98,136.67,191.34,6.25,60.97,113.87,77.6,636771.35,324381.0,0.51,Bullish,30,20,0,0,0,50,50,"Above 50 DMA, Above 200 DMA, Healthy RSI momentum"
28.08.2026 at 01:52 AM IST,BLUESTONE,Unknown,Unknown,797.95,-1.57,399.8,926.0,99.59,13.83,52.05,698.43,545.9,4354052.85,477102.0,0.11,Bullish,30,20,0,0,0,50,50,"Above 50 DMA, Above 200 DMA, Healthy RSI momentum"
28.08.2026 at 01:52 AM IST,BLUEJET,Healthcare,Unknown,590.1,0.16,325.0,758.17,81.57,22.17,51.68,575.5,488.53,1148251.55,304935.0,0.27,Bullish,30,20,0,0,0,50,50,"Above 50 DMA, Above 200 DMA, Healthy RSI momentum"
28.08.2026 at 01:52 AM IST,BLSE,Unknown,Unknown,319.7,2.44,124.3,328.1,157.2,2.56,65.02,279.21,210.06,552486.35,253652.0,0.46,Bullish,30,20,0,0,0,50,50,"Above 50 DMA, Above 200 DMA, Healthy RSI momentum"
28.08.2026 at 01:52 AM IST,PANAMAPET,Unknown,Unknown,480.3,0.72,227.58,595.87,111.05,19.4,52.32,455.39,332.4,1210426.55,336047.0,0.28,Bullish,30,20,0,0,0,50,50,"Above 50 DMA, Above 200 DMA, Healthy RSI momentum"
28.08.2026 at 01:52 AM IST,ORISSAMINE,Unknown,Unknown,4572.2,1.95,3100.5,6138.9,47.47,25.52,57.44,4126.58,4276.47,55582.6,25163.0,0.45,Bullish,30,20,0,0,0,50,50,"Above 50 DMA, Above 200 DMA, Healthy RSI momentum"
28.08.2026 at 01:52 AM IST,ORIENTHOT,Unknown,Unknown,140.91,-0.48,79.62,148.78,76.99,5.29,60.52,133.19,110.39,3660701.55,2188322.0,0.6,Bullish,30,20,0,0,0,50,50,"Above 50 DMA, Above 200 DMA, Healthy RSI momentum"
28.08.2026 at 01:52 AM IST,OPTIEMUS,Unknown,Unknown,584.45,-1.9,288.0,713.0,102.93,18.03,54.74,553.26,468.41,325731.45,78626.0,0.24,Bullish,30,20,0,0,0,50,50,"Above 50 DMA, Above 200 DMA, Healthy RSI momentum"
28.08.2026 at 01:52 AM IST,PNBHOUSING,Financial Services,Unknown,1185.0,0.25,723.95,1211.5,63.69,2.19,67.05,1090.76,956.49,1178811.4,901932.0,0.77,Bullish,30,20,0,0,0,50,50,"Above 50 DMA, Above 200 DMA, Healthy RSI momentum"
28.08.2026 at 01:52 AM IST,BIL,Unknown,Unknown,840.45,-0.63,602.0,980.0,39.61,14.24,60.06,775.92,764.47,10840.85,7177.0,0.66,Bullish,30,20,0,0,0,50,50,"Above 50 DMA, Above 200 DMA, Healthy RSI momentum"
28.08.2026 at 01:52 AM IST,TASTYBITE,Unknown,Unknown,9911.5,-1.7,6423.08,10544.0,54.31,6.0,57.4,9113.68,7958.31,18250.9,2824.0,0.15,Bullish,30,20,0,0,0,50,50,"Above 50 DMA, Above 200 DMA, Healthy RSI momentum"
28.08.2026 at 01:52 AM IST,CEIGALL,Unknown,Unknown,337.85,4.16,222.61,405.7,51.77,16.72,55.76,348.02,304.33,478824.5,1327235.0,2.77,Bearish,15,20,0,15,0,50,50,"Above 200 DMA, Healthy RSI momentum, Strong volume expansion"
28.08.2026 at 01:52 AM IST,MWL,Unknown,Unknown,39.88,-0.75,18.24,43.94,118.58,9.24,50.19,38.41,31.35,1508034.75,304023.0,0.2,Bullish,30,20,0,0,0,50,50,"Above 50 DMA, Above 200 DMA, Healthy RSI momentum"
28.08.2026 at 01:52 AM IST,MUNJALAU,Unknown,Unknown,114.87,1.94,66.61,129.46,72.44,11.27,61.25,103.34,86.36,4322315.45,1581013.0,0.37,Bullish,30,20,0,0,0,50,50,"Above 50 DMA, Above 200 DMA, Healthy RSI momentum"
28.08.2026 at 01:52 AM IST,MUKKA,Unknown,Unknown,25.73,-0.19,18.27,31.23,40.83,17.61,57.71,24.11,23.54,669741.9,265732.0,0.4,Bullish,30,20,0,0,0,50,50,"Above 50 DMA, Above 200 DMA, Healthy RSI momentum"
28.08.2026 at 01:52 AM IST,MUFIN,Unknown,Unknown,136.75,-0.92,82.99,141.5,64.78,3.36,56.96,131.88,118.06,1284119.3,375175.0,0.29,Bullish,30,20,0,0,0,50,50,"Above 50 DMA, Above 200 DMA, Healthy RSI momentum"
28.08.2026 at 01:52 AM IST,MRPL,Oil Gas & Consumable Fuels,Unknown,173.61,1.03,117.96,212.0,47.18,18.11,53.04,164.42,165.45,12716464.35,3399326.0,0.27,Bullish,30,20,0,0,0,50,50,"Above 50 DMA, Above 200 DMA, Healthy RSI momentum"
28.08.2026 at 01:52 AM IST,MPSLTD,Unknown,Unknown,2704.0,-0.04,1336.1,2979.0,102.38,9.23,52.15,2370.88,1945.25,41869.25,28260.0,0.67,Bullish,30,20,0,0,0,50,50,"Above 50 DMA, Above 200 DMA, Healthy RSI momentum"
28.08.2026 at 01:52 AM IST,MOTISONS,Unknown,Unknown,16.45,0.98,10.62,20.45,54.9,19.56,63.73,14.59,14.12,65968178.0,52236426.0,0.79,Bullish,30,20,0,0,0,50,50,"Above 50 DMA, Above 200 DMA, Healthy RSI momentum"
28.08.2026 at 01:52 AM IST,MOTHERSON,Automobile and Auto Components,Unknown,165.0,-0.87,90.66,173.27,82.0,4.77,59.08,152.65,129.76,20876343.7,10016435.0,0.48,Bullish,30,20,0,0,0,50,50,"Above 50 DMA, Above 200 DMA, Healthy RSI momentum"
28.08.2026 at 01:52 AM IST,MONARCH,Unknown,Unknown,379.7,-0.93,234.85,405.91,61.68,6.46,50.6,367.01,315.26,162103.3,78238.0,0.48,Bullish,30,20,0,0,0,50,50,"Above 50 DMA, Above 200 DMA, Healthy RSI momentum"
28.08.2026 at 01:52 AM IST,MOL,Unknown,Unknown,61.84,-1.07,36.5,87.75,69.42,29.53,61.28,53.32,54.88,2447261.15,736624.0,0.3,Bullish,30,20,0,0,0,50,50,"Above 50 DMA, Above 200 DMA, Healthy RSI momentum"
28.08.2026 at 01:52 AM IST,NIACL,Financial Services,Unknown,187.09,-0.11,116.01,216.22,61.26,13.47,60.93,180.44,159.97,2878939.5,1208594.0,0.42,Bullish,30,20,0,0,0,50,50,"Above 50 DMA, Above 200 DMA, Healthy RSI momentum"
28.08.2026 at 01:52 AM IST,NORTHARC,Unknown,Unknown,293.5,0.63,206.0,334.0,42.48,12.13,53.34,295.42,267.93,602694.5,1536585.0,2.55,Bearish,15,20,0,15,0,50,50,"Above 200 DMA, Healthy RSI momentum, Strong volume expansion"
28.08.2026 at 01:52 AM IST,BTML,Unknown,Unknown,8.89,-0.78,5.06,10.5,75.69,15.33,65.16,6.91,7.23,1698399.8,606584.0,0.36,Bullish,30,20,0,0,0,50,50,"Above 50 DMA, Above 200 DMA, Healthy RSI momentum"
28.08.2026 at 01:52 AM IST,NEOGEN,Unknown,Unknown,2183.3,2.83,966.23,2483.9,125.96,12.1,53.46,2076.32,1563.41,228182.55,141701.0,0.62,Bullish,30,20,0,0,0,50,50,"Above 50 DMA, Above 200 DMA, Healthy RSI momentum"
28.08.2026 at 01:52 AM IST,NAZARA,Unknown,Unknown,356.35,-0.46,215.7,365.0,65.21,2.37,65.17,321.69,277.59,3083718.15,482255.0,0.16,Bullish,30,20,0,0,0,50,50,"Above 50 DMA, Above 200 DMA, Healthy RSI momentum"
28.08.2026 at 01:52 AM IST,NAVINFLUOR,Chemicals,Unknown,8553.0,4.19,4488.29,8775.5,90.56,2.54,65.16,7807.98,6694.09,353088.0,184735.0,0.52,Bullish,30,20,0,0,0,50,50,"Above 50 DMA, Above 200 DMA, Healthy RSI momentum"
28.08.2026 at 01:52 AM IST,NAUKRI,Consumer Services,Unknown,1323.5,-1.96,905.51,1423.55,46.16,7.03,58.54,1188.55,1147.91,1909898.95,805875.0,0.42,Bullish,30,20,0,0,0,50,50,"Above 50 DMA, Above 200 DMA, Healthy RSI momentum"
28.08.2026 at 01:52 AM IST,NATIONALUM,Metals & Mining,Unknown,399.3,0.38,175.47,443.37,127.56,9.94,60.27,362.11,357.13,8840644.9,3087665.0,0.35,Bullish,30,20,0,0,0,50,50,"Above 50 DMA, Above 200 DMA, Healthy RSI momentum"
28.08.2026 at 01:52 AM IST,NAM-INDIA,Financial Services,Unknown,1223.0,-0.11,763.94,1269.5,60.09,3.66,56.51,1181.56,989.19,1047103.9,461130.0,0.44,Bullish,30,20,0,0,0,50,50,"Above 50 DMA, Above 200 DMA, Healthy RSI momentum"
28.08.2026 at 01:52 AM IST,NAHARINDUS,Unknown,Unknown,135.92,-2.38,83.05,154.0,63.66,11.74,60.8,119.91,109.65,91294.35,41695.0,0.46,Bullish,30,20,0,0,0,50,50,"Above 50 DMA, Above 200 DMA, Healthy RSI momentum"
28.08.2026 at 01:52 AM IST,OMAXE,Unknown,Unknown,109.37,9.78,62.5,112.79,74.99,3.03,70.65,88.88,79.02,3337242.85,13794992.0,4.13,Bullish,30,5,0,15,0,50,50,"Above 50 DMA, Above 200 DMA, Strong but overbought RSI, Strong volume expansion"
28.08.2026 at 01:52 AM IST,OBEROIRLTY,Realty,Unknown,1870.0,-0.53,1387.98,1983.95,34.73,5.74,53.75,1833.22,1664.42,466923.85,269945.0,0.58,Bullish,30,20,0,0,0,50,50,"Above 50 DMA, Above 200 DMA, Healthy RSI momentum"
28.08.2026 at 01:52 AM IST,BOSCH-HCIL,Unknown,Unknown,1705.6,2.45,1021.3,1801.7,67.0,5.33,64.29,1460.25,1422.71,78304.2,36988.0,0.47,Bullish,30,20,0,0,0,50,50,"Above 50 DMA, Above 200 DMA, Healthy RSI momentum"
28.08.2026 at 01:52 AM IST,NRBBEARING,Unknown,Unknown,473.65,0.76,211.1,503.9,124.37,6.0,58.12,437.21,325.85,586402.2,144388.0,0.25,Bullish,30,20,0,0,0,50,50,"Above 50 DMA, Above 200 DMA, Healthy RSI momentum"
28.08.2026 at 01:52 AM IST,NRAIL,Unknown,Unknown,509.3,-0.07,355.92,571.79,43.09,10.93,55.96,467.84,458.34,19946.8,4705.0,0.24,Bullish,30,20,0,0,0,50,50,"Above 50 DMA, Above 200 DMA, Healthy RSI momentum"
28.08.2026 at 01:52 AM IST,NEULANDLAB,Healthcare,Unknown,23545.0,2.6,11478.79,23881.0,105.12,1.41,67.47,19993.65,16207.53,115002.4,46754.0,0.41,Bullish,30,20,0,0,0,50,50,"Above 50 DMA, Above 200 DMA, Healthy RSI momentum"
28.08.2026 at 01:52 AM IST,SUPRAJIT,Unknown,Unknown,502.7,-0.11,389.95,559.25,28.91,10.11,46.11,495.88,454.22,171007.0,35234.0,0.21,Bullish,30,10,8,0,0,48,48,"Above 50 DMA, Above 200 DMA, RSI recovering zone, Within 30% of 52W low"
28.08.2026 at 01:52 AM IST,STARPAPER,Unknown,Unknown,146.87,-0.69,119.05,178.24,23.37,17.6,49.15,144.5,146.64,8069.65,2860.0,0.35,Bullish,30,10,8,0,0,48,48,"Above 50 DMA, Above 200 DMA, RSI recovering zone, Within 30% of 52W low"
28.08.2026 at 01:52 AM IST,AGARWALEYE,Unknown,Unknown,498.55,-0.37,401.0,568.0,24.33,12.23,48.41,491.73,472.96,2712845.5,265313.0,0.1,Bullish,30,10,8,0,0,48,48,"Above 50 DMA, Above 200 DMA, RSI recovering zone, Within 30% of 52W low"
28.08.2026 at 01:52 AM IST,TCIEXP,Unknown,Unknown,549.85,3.36,447.55,770.61,22.86,28.65,49.64,548.24,541.44,125502.7,35587.0,0.28,Bullish,30,10,8,0,0,48,48,"Above 50 DMA, Above 200 DMA, RSI recovering zone, Within 30% of 52W low"
28.08.2026 at 01:52 AM IST,JSWCEMENT,Construction Materials,Unknown,124.97,-0.02,106.26,161.55,17.61,22.64,35.67,132.85,124.1,1116415.45,1655553.0,1.48,Bearish,15,8,15,10,0,48,48,"Above 200 DMA, Weak but watchable RSI, Close to 52W low with recovery potential, Volume expansion"
28.08.2026 at 01:52 AM IST,SANDESH,Unknown,Unknown,1032.2,0.99,807.23,1298.24,27.87,20.49,49.95,1005.59,1016.35,8000.6,447.0,0.06,Bullish,30,10,8,0,0,48,48,"Above 50 DMA, Above 200 DMA, RSI recovering zone, Within 30% of 52W low"
28.08.2026 at 01:52 AM IST,SHARDAMOTR,Unknown,Unknown,891.6,1.97,700.0,1189.9,27.37,25.07,49.95,873.65,882.56,110913.8,24971.0,0.23,Bullish,30,10,8,0,0,48,48,"Above 50 DMA, Above 200 DMA, RSI recovering zone, Within 30% of 52W low"
28.08.2026 at 01:52 AM IST,FEDERALBNK,Financial Services,Unknown,345.3,-0.48,187.76,370.43,83.91,6.79,44.73,342.64,292.82,4731696.1,6361778.0,1.34,Bullish,30,8,0,10,0,48,48,"Above 50 DMA, Above 200 DMA, Weak but watchable RSI, Volume expansion"
28.08.2026 at 01:52 AM IST,TECHM,Information Technology,Unknown,1571.0,-1.81,1271.07,1807.04,23.6,13.06,45.19,1530.69,1479.73,2711550.7,1639820.0,0.6,Bullish,30,10,8,0,0,48,48,"Above 50 DMA, Above 200 DMA, RSI recovering zone, Within 30% of 52W low"
28.08.2026 at 01:52 AM IST,MUNJALSHOW,Unknown,Unknown,132.39,0.41,106.86,146.19,23.89,9.44,48.0,131.0,124.63,108288.4,20891.0,0.19,Bullish,30,10,8,0,0,48,48,"Above 50 DMA, Above 200 DMA, RSI recovering zone, Within 30% of 52W low"
28.08.2026 at 01:52 AM IST,ULTRAMAR,Unknown,Unknown,432.75,5.48,358.58,455.75,20.69,5.05,68.07,385.68,,155677.65,198497.0,1.28,Bullish,15,20,8,5,0,48,48,"Above 50 DMA, Healthy RSI momentum, Within 30% of 52W low, Normal volume support"
28.08.2026 at 01:52 AM IST,JSWENERGY,Power,Unknown,543.5,-0.89,426.3,615.26,27.49,11.66,42.14,557.88,520.15,1540763.4,3267733.0,2.12,Bearish,15,8,8,15,0,46,46,"Above 200 DMA, Weak but watchable RSI, Within 30% of 52W low, Strong volume expansion"
28.08.2026 at 01:52 AM IST,GKENERGY,Unknown,Unknown,133.82,6.05,86.85,238.63,54.09,43.92,56.27,136.17,132.84,555549.7,1108362.0,2.0,Bearish,15,20,0,10,0,45,45,"Above 200 DMA, Healthy RSI momentum, Volume expansion"
28.08.2026 at 01:52 AM IST,SIGACHI,Unknown,Unknown,33.64,-0.77,16.65,46.62,102.04,27.85,75.45,25.65,25.23,3285373.9,4523577.0,1.38,Bullish,30,5,0,10,0,45,45,"Above 50 DMA, Above 200 DMA, Strong but overbought RSI, Volume expansion"
28.08.2026 at 01:52 AM IST,SAYAJIHOTL,Unknown,Unknown,320.1,-0.05,138.7,348.0,130.79,8.02,53.08,307.87,,484.55,717.0,1.48,Bullish,15,20,0,10,0,45,45,"Above 50 DMA, Healthy RSI momentum, Volume expansion"
28.08.2026 at 01:52 AM IST,SHANTIGEAR,Unknown,Unknown,561.5,0.65,384.0,585.4,46.22,4.08,85.59,432.13,447.38,854939.25,1463886.0,1.71,Bullish,30,5,0,10,0,45,45,"Above 50 DMA, Above 200 DMA, Strong but overbought RSI, Volume expansion"
28.08.2026 at 01:52 AM IST,DALBHARAT,Construction Materials,Unknown,1898.0,4.06,1600.31,2484.34,18.6,23.6,60.49,1799.69,1917.13,210904.0,332647.0,1.58,Bullish,15,20,15,10,15,45,45,"Above 50 DMA, Healthy RSI momentum, Close to 52W low with recovery potential, Volume expansion, Below 200 DMA risk"
28.08.2026 at 01:52 AM IST,JSWHL,Unknown,Unknown,11832.0,3.37,10530.0,22790.0,12.36,48.08,54.84,11654.12,14946.16,3635.15,5631.0,1.55,Bullish,15,20,15,10,15,45,45,"Above 50 DMA, Healthy RSI momentum, Close to 52W low with recovery potential, Volume expansion, Below 200 DMA risk"
28.08.2026 at 01:52 AM IST,MEESHO,Consumer Services,Unknown,208.14,0.88,125.56,254.4,65.77,18.18,67.61,189.8,,13310207.9,21895347.0,1.65,Bullish,15,20,0,10,0,45,45,"Above 50 DMA, Healthy RSI momentum, Volume expansion"
28.08.2026 at 01:52 AM IST,CYIENTDLM,Capital Goods,Unknown,797.9,3.71,265.2,804.3,200.87,0.8,73.14,610.1,440.96,620277.95,1097395.0,1.77,Bullish,30,5,0,10,0,45,45,"Above 50 DMA, Above 200 DMA, Strong but overbought RSI, Volume expansion"
28.08.2026 at 01:52 AM IST,CSLFINANCE,Unknown,Unknown,229.74,0.11,209.7,324.7,9.56,29.25,60.44,221.26,250.69,31280.55,31846.0,1.02,Bullish,15,20,20,5,15,45,45,"Above 50 DMA, Healthy RSI momentum, Near 52W low with non-crashing RSI, Normal volume support, Below 200 DMA risk"
28.08.2026 at 01:52 AM IST,WELENT,Unknown,Unknown,692.85,4.82,409.98,700.0,69.0,1.02,78.52,598.06,521.3,704852.0,1226772.0,1.74,Bullish,30,5,0,10,0,45,45,"Above 50 DMA, Above 200 DMA, Strong but overbought RSI, Volume expansion"
28.08.2026 at 01:52 AM IST,POLICYBZR,Financial Services,Unknown,1840.0,2.32,1364.0,1974.0,34.9,6.79,73.72,1640.95,1650.05,1274731.25,2221774.0,1.74,Bullish,30,5,0,10,0,45,45,"Above 50 DMA, Above 200 DMA, Strong but overbought RSI, Volume expansion"
28.08.2026 at 01:52 AM IST,ARIS,Unknown,Unknown,147.96,2.56,82.18,178.3,80.04,17.02,78.71,123.36,121.71,1583401.7,2148481.0,1.36,Bullish,30,5,0,10,0,45,45,"Above 50 DMA, Above 200 DMA, Strong but overbought RSI, Volume expansion"
28.08.2026 at 01:52 AM IST,PVP,Unknown,Unknown,56.48,9.99,20.1,56.48,181.0,0.0,89.43,31.97,31.26,3461652.6,5796445.0,1.67,Bullish,30,5,0,10,0,45,45,"Above 50 DMA, Above 200 DMA, Strong but overbought RSI, Volume expansion"
28.08.2026 at 01:52 AM IST,BALUFORGE,Unknown,Unknown,638.9,4.81,341.05,696.84,87.33,8.32,78.43,472.01,498.37,2702169.35,4929020.0,1.82,Bullish,30,5,0,10,0,45,45,"Above 50 DMA, Above 200 DMA, Strong but overbought RSI, Volume expansion"
28.08.2026 at 01:52 AM IST,KANPRPLA,Unknown,Unknown,263.27,-5.02,150.37,283.14,75.08,7.02,61.95,213.55,195.97,98243.55,47054.0,0.48,Bullish,30,20,0,0,5,45,45,"Above 50 DMA, Above 200 DMA, Healthy RSI momentum, Sharp daily fall"
28.08.2026 at 01:52 AM IST,VENUSPIPES,Unknown,Unknown,1636.6,5.59,890.0,1875.0,83.89,12.71,54.45,1669.31,1322.43,122219.5,196323.0,1.61,Bearish,15,20,0,10,0,45,45,"Above 200 DMA, Healthy RSI momentum, Volume expansion"
28.08.2026 at 01:52 AM IST,DIVISLAB,Healthcare,Unknown,9025.0,3.21,5613.35,9043.0,60.78,0.2,78.35,7564.0,6656.94,503963.55,708128.0,1.41,Bullish,30,5,0,10,0,45,45,"Above 50 DMA, Above 200 DMA, Strong but overbought RSI, Volume expansion"
28.08.2026 at 01:52 AM IST,RPEL,Unknown,Unknown,1736.7,8.33,560.83,1749.0,209.67,0.7,74.46,1321.74,960.46,101159.15,145151.0,1.43,Bullish,30,5,0,10,0,45,45,"Above 50 DMA, Above 200 DMA, Strong but overbought RSI, Volume expansion"
28.08.2026 at 01:52 AM IST,KRSNAA,Unknown,Unknown,565.55,0.13,515.0,894.4,9.82,36.77,55.26,549.49,629.5,89999.45,90915.0,1.01,Bullish,15,20,20,5,15,45,45,"Above 50 DMA, Healthy RSI momentum, Near 52W low with non-crashing RSI, Normal volume support, Below 200 DMA risk"
28.08.2026 at 01:52 AM IST,PARADEEP,Chemicals,Unknown,163.84,2.64,99.7,231.0,64.33,29.07,72.39,143.56,136.3,7497836.7,13344838.0,1.78,Bullish,30,5,0,10,0,45,45,"Above 50 DMA, Above 200 DMA, Strong but overbought RSI, Volume expansion"
28.08.2026 at 01:52 AM IST,PCJEWELLER,Unknown,Unknown,11.23,2.09,7.47,15.38,50.33,26.98,71.27,9.61,9.64,236899050.9,444682394.0,1.88,Bullish,30,5,0,10,0,45,45,"Above 50 DMA, Above 200 DMA, Strong but overbought RSI, Volume expansion"
28.08.2026 at 01:52 AM IST,TNTELE,Unknown,Unknown,9.08,0.44,7.81,17.9,16.26,49.27,51.39,9.06,9.46,22825.8,40298.0,1.77,Bullish,15,20,15,10,15,45,45,"Above 50 DMA, Healthy RSI momentum, Close to 52W low with recovery potential, Volume expansion, Below 200 DMA risk"
28.08.2026 at 01:52 AM IST,YATHARTH,Unknown,Unknown,965.3,4.58,537.93,972.0,79.45,0.69,75.25,851.62,751.71,417907.3,683118.0,1.63,Bullish,30,5,0,10,0,45,45,"Above 50 DMA, Above 200 DMA, Strong but overbought RSI, Volume expansion"
28.08.2026 at 01:52 AM IST,VIPIND,Unknown,Unknown,310.9,3.74,278.25,454.3,11.73,31.57,53.93,304.99,335.19,351227.7,526844.0,1.5,Bullish,15,20,15,10,15,45,45,"Above 50 DMA, Healthy RSI momentum, Close to 52W low with recovery potential, Volume expansion, Below 200 DMA risk"
28.08.2026 at 01:52 AM IST,HEIDELBERG,Unknown,Unknown,161.86,0.09,136.1,216.99,18.93,25.41,61.3,156.88,162.33,76607.25,105522.0,1.38,Bullish,15,20,15,10,15,45,45,"Above 50 DMA, Healthy RSI momentum, Close to 52W low with recovery potential, Volume expansion, Below 200 DMA risk"
28.08.2026 at 01:52 AM IST,MAHLOG,Unknown,Unknown,399.4,-0.08,273.28,447.11,46.15,10.67,47.41,394.09,364.12,187244.95,193124.0,1.03,Bullish,30,10,0,5,0,45,45,"Above 50 DMA, Above 200 DMA, RSI recovering zone, Normal volume support"
28.08.2026 at 01:52 AM IST,ENIL,Unknown,Unknown,106.99,4.71,98.57,172.44,8.54,37.96,59.84,105.78,111.95,50421.4,61111.0,1.21,Bullish,15,20,20,5,15,45,45,"Above 50 DMA, Healthy RSI momentum, Near 52W low with non-crashing RSI, Normal volume support, Below 200 DMA risk"
28.08.2026 at 01:52 AM IST,LAURUSLABS,Healthcare,Unknown,1887.0,1.11,821.6,1898.3,129.67,0.6,70.22,1652.9,1239.96,1883695.85,3334188.0,1.77,Bullish,30,5,0,10,0,45,45,"Above 50 DMA, Above 200 DMA, Strong but overbought RSI, Volume expansion"
28.08.2026 at 01:52 AM IST,GRSE,Capital Goods,Unknown,2630.3,0.87,1963.7,3339.0,33.95,21.22,52.2,2647.52,2574.1,523145.45,737510.0,1.41,Bearish,15,20,0,10,0,45,45,"Above 200 DMA, Healthy RSI momentum, Volume expansion"
28.08.2026 at 01:52 AM IST,PITTIENG,Unknown,Unknown,1123.45,0.01,675.0,1168.0,66.44,3.81,74.26,979.14,890.2,167251.25,321991.0,1.93,Bullish,30,5,0,10,0,45,45,"Above 50 DMA, Above 200 DMA, Strong but overbought RSI, Volume expansion"
28.08.2026 at 01:52 AM IST,MOTILALOFS,Financial Services,Unknown,1040.0,2.82,614.9,1088.32,69.13,4.44,75.34,931.94,845.98,1272290.55,1931146.0,1.52,Bullish,30,5,0,10,0,45,45,"Above 50 DMA, Above 200 DMA, Strong but overbought RSI, Volume expansion"
28.08.2026 at 01:52 AM IST,GODREJPROP,Realty,Unknown,2035.1,-0.68,1427.1,2340.69,42.6,13.06,49.98,2013.64,1863.4,565086.25,700923.0,1.24,Bullish,30,10,0,5,0,45,45,"Above 50 DMA, Above 200 DMA, RSI recovering zone, Normal volume support"
28.08.2026 at 01:52 AM IST,UJJIVANSFB,Unknown,Unknown,68.99,-0.68,41.95,73.94,64.46,6.69,47.97,66.03,58.94,13362775.0,15421346.0,1.15,Bullish,30,10,0,5,0,45,45,"Above 50 DMA, Above 200 DMA, RSI recovering zone, Normal volume support"
28.08.2026 at 01:52 AM IST,MARSONS,Unknown,Unknown,123.58,0.15,100.25,175.4,23.27,29.54,69.47,112.17,,2298634.95,1040813.0,0.45,Bullish,15,20,8,0,0,43,43,"Above 50 DMA, Healthy RSI momentum, Within 30% of 52W low"
28.08.2026 at 01:52 AM IST,RADIANTCMS,Unknown,Unknown,41.16,7.3,32.33,59.77,27.31,31.13,68.42,37.85,42.69,230884.4,1376537.0,5.96,Bullish,15,20,8,15,15,43,43,"Above 50 DMA, Healthy RSI momentum, Within 30% of 52W low, Strong volume expansion, Below 200 DMA risk"
28.08.2026 at 01:52 AM IST,PINELABS,Financial Services,Unknown,166.88,1.95,134.73,284.0,23.86,41.24,60.21,154.5,,23816671.05,13295971.0,0.56,Bullish,15,20,8,0,0,43,43,"Above 50 DMA, Healthy RSI momentum, Within 30% of 52W low"
28.08.2026 at 01:52 AM IST,MARATHON,Unknown,Unknown,419.45,4.24,344.05,685.4,21.92,38.8,61.2,392.76,460.57,402523.25,1433168.0,3.56,Bullish,15,20,8,15,15,43,43,"Above 50 DMA, Healthy RSI momentum, Within 30% of 52W low, Strong volume expansion, Below 200 DMA risk"
28.08.2026 at 01:52 AM IST,ELANTAS,Unknown,Unknown,11563.0,-0.83,8900.0,13200.0,29.92,12.4,60.45,10453.12,,6022.1,1523.0,0.25,Bullish,15,20,8,0,0,43,43,"Above 50 DMA, Healthy RSI momentum, Within 30% of 52W low"
28.08.2026 at 01:52 AM IST,OBCL,Unknown,Unknown,57.68,1.69,46.51,62.0,24.02,6.97,75.09,54.3,55.11,26218.85,7471.0,0.28,Bullish,30,5,8,0,0,43,43,"Above 50 DMA, Above 200 DMA, Strong but overbought RSI, Within 30% of 52W low"
28.08.2026 at 01:52 AM IST,WIPL,Unknown,Unknown,167.98,-1.1,133.1,193.2,26.21,13.05,51.34,169.12,156.81,2486.5,328.0,0.13,Bearish,15,20,8,0,0,43,43,"Above 200 DMA, Healthy RSI momentum, Within 30% of 52W low"
28.08.2026 at 01:52 AM IST,SAGILITY,Information Technology,Unknown,44.0,2.28,35.75,57.7,23.08,23.74,59.21,41.92,44.48,22189130.25,95051180.0,4.28,Bullish,15,20,8,15,15,43,43,"Above 50 DMA, Healthy RSI momentum, Within 30% of 52W low, Strong volume expansion, Below 200 DMA risk"
28.08.2026 at 01:52 AM IST,METROGLOBL,Unknown,Unknown,137.82,-0.81,110.0,165.0,25.29,16.47,50.25,133.95,,9423.65,4796.0,0.51,Bullish,15,20,8,0,0,43,43,"Above 50 DMA, Healthy RSI momentum, Within 30% of 52W low"
28.08.2026 at 01:52 AM IST,MERCURYEV,Unknown,Unknown,38.73,3.56,30.16,41.5,28.42,6.67,60.72,35.6,,194111.7,101938.0,0.53,Bullish,15,20,8,0,0,43,43,"Above 50 DMA, Healthy RSI momentum, Within 30% of 52W low"
28.08.2026 at 01:52 AM IST,ICICIAMC,Financial Services,Unknown,3222.8,-2.1,2506.98,3597.03,28.55,10.4,54.44,3198.37,,299066.75,150355.0,0.5,Bullish,15,20,8,0,0,43,43,"Above 50 DMA, Healthy RSI momentum, Within 30% of 52W low"
28.08.2026 at 01:52 AM IST,SUNDROP,Unknown,Unknown,660.75,0.27,556.0,897.6,18.84,26.39,51.16,655.78,666.49,30253.7,33161.0,1.1,Bullish,15,20,15,5,15,40,40,"Above 50 DMA, Healthy RSI momentum, Close to 52W low with recovery potential, Normal volume support, Below 200 DMA risk"
28.08.2026 at 01:52 AM IST,GOLDIAM,Unknown,Unknown,357.05,-0.82,198.75,398.2,79.65,10.33,47.54,355.59,294.67,1336525.85,265005.0,0.2,Bullish,30,10,0,0,0,40,40,"Above 50 DMA, Above 200 DMA, RSI recovering zone"
28.08.2026 at 01:52 AM IST,AMRUTANJAN,Unknown,Unknown,527.75,0.87,482.8,785.89,9.31,32.85,54.27,527.1,581.49,171692.2,32532.0,0.19,Bullish,15,20,20,0,15,40,40,"Above 50 DMA, Healthy RSI momentum, Near 52W low with non-crashing RSI, Below 200 DMA risk"
28.08.2026 at 01:52 AM IST,63MOONS,Unknown,Unknown,777.55,-0.66,467.0,1006.4,66.5,22.74,47.96,748.51,687.28,1622993.85,127223.0,0.08,Bullish,30,10,0,0,0,40,40,"Above 50 DMA, Above 200 DMA, RSI recovering zone"
28.08.2026 at 01:52 AM IST,DIAMONDYD,Unknown,Unknown,1167.3,0.18,858.9,1245.0,35.91,6.24,48.7,1162.53,1084.17,74824.55,14849.0,0.2,Bullish,30,10,0,0,0,40,40,"Above 50 DMA, Above 200 DMA, RSI recovering zone"
28.08.2026 at 01:52 AM IST,POLYMED,Healthcare,Unknown,1711.2,-1.18,1182.0,2141.14,44.77,20.08,47.68,1698.68,1594.03,195461.55,91740.0,0.47,Bullish,30,10,0,0,0,40,40,"Above 50 DMA, Above 200 DMA, RSI recovering zone"
28.08.2026 at 01:52 AM IST,SUDARCOLOR,Unknown,Unknown,387.45,-1.75,268.25,603.0,44.44,35.75,47.7,376.88,383.91,22660.45,18016.0,0.8,Bullish,30,10,0,0,0,40,40,"Above 50 DMA, Above 200 DMA, RSI recovering zone"
28.08.2026 at 01:52 AM IST,SUPREMEINF,Unknown,Unknown,84.81,-1.22,58.11,119.79,45.95,29.2,48.07,82.96,81.6,131974.25,68336.0,0.52,Bullish,30,10,0,0,0,40,40,"Above 50 DMA, Above 200 DMA, RSI recovering zone"
28.08.2026 at 01:52 AM IST,GHCL,Unknown,Unknown,437.85,-0.67,405.66,649.68,7.93,32.61,50.59,435.51,482.48,152649.0,77326.0,0.51,Bullish,15,20,20,0,15,40,40,"Above 50 DMA, Healthy RSI momentum, Near 52W low with non-crashing RSI, Below 200 DMA risk"
28.08.2026 at 01:52 AM IST,MRF,Automobile and Auto Components,Unknown,133520.0,0.93,121787.44,163308.49,9.63,18.24,52.41,132229.13,137684.05,4184.05,1801.0,0.43,Bullish,15,20,20,0,15,40,40,"Above 50 DMA, Healthy RSI momentum, Near 52W low with non-crashing RSI, Below 200 DMA risk"
28.08.2026 at 01:52 AM IST,UFLEX,Unknown,Unknown,650.45,7.27,327.71,656.75,98.48,0.96,81.49,479.96,455.61,695802.15,828723.0,1.19,Bullish,30,5,0,5,0,40,40,"Above 50 DMA, Above 200 DMA, Strong but overbought RSI, Normal volume support"
28.08.2026 at 01:52 AM IST,PLASTIBLEN,Unknown,Unknown,188.89,-0.13,119.19,213.03,58.48,11.33,49.03,185.71,163.04,58142.15,18028.0,0.31,Bullish,30,10,0,0,0,40,40,"Above 50 DMA, Above 200 DMA, RSI recovering zone"
28.08.2026 at 01:52 AM IST,ANANTRAJ,Realty,Unknown,606.35,-1.11,402.34,742.43,50.71,18.33,48.0,584.76,541.08,1935385.05,1356485.0,0.7,Bullish,30,10,0,0,0,40,40,"Above 50 DMA, Above 200 DMA, RSI recovering zone"
28.08.2026 at 01:52 AM IST,SSWL,Unknown,Unknown,290.4,-0.24,169.0,328.4,71.83,11.57,45.12,275.93,222.33,644884.55,422312.0,0.65,Bullish,30,10,0,0,0,40,40,"Above 50 DMA, Above 200 DMA, RSI recovering zone"
28.08.2026 at 01:52 AM IST,MUTHOOTCAP,Unknown,Unknown,241.76,-1.35,175.25,303.0,37.95,20.21,48.77,228.81,230.69,21712.5,16515.0,0.76,Bullish,30,10,0,0,0,40,40,"Above 50 DMA, Above 200 DMA, RSI recovering zone"
28.08.2026 at 01:52 AM IST,VERANDA,Unknown,Unknown,243.3,-1.9,130.02,272.5,87.13,10.72,49.03,241.94,206.61,1153111.7,261268.0,0.23,Bullish,30,10,0,0,0,40,40,"Above 50 DMA, Above 200 DMA, RSI recovering zone"
28.08.2026 at 01:52 AM IST,GRAPHITE,Capital Goods,Unknown,689.1,-2.19,500.31,793.69,37.74,13.18,47.62,658.21,643.65,1383705.35,842907.0,0.61,Bullish,30,10,0,0,0,40,40,"Above 50 DMA, Above 200 DMA, RSI recovering zone"
28.08.2026 at 01:52 AM IST,ITDC,Unknown,Unknown,684.05,0.36,368.0,822.0,85.88,16.78,46.61,683.92,580.76,295442.7,75081.0,0.25,Bullish,30,10,0,0,0,40,40,"Above 50 DMA, Above 200 DMA, RSI recovering zone"
28.08.2026 at 01:52 AM IST,KECL,Unknown,Unknown,130.44,1.09,75.47,155.0,72.84,15.85,45.71,126.76,108.4,364879.4,64611.0,0.18,Bullish,30,10,0,0,0,40,40,"Above 50 DMA, Above 200 DMA, RSI recovering zone"
28.08.2026 at 01:52 AM IST,DEVX,Unknown,Unknown,34.71,2.18,29.95,64.05,15.89,45.81,52.05,34.67,38.68,123886.6,157513.0,1.27,Bullish,15,20,15,5,15,40,40,"Above 50 DMA, Healthy RSI momentum, Close to 52W low with recovery potential, Normal volume support, Below 200 DMA risk"
28.08.2026 at 01:52 AM IST,POONAWALLA,Financial Services,Unknown,472.65,-0.69,361.2,570.4,30.86,17.14,46.3,467.31,442.54,1340058.7,972858.0,0.73,Bullish,30,10,0,0,0,40,40,"Above 50 DMA, Above 200 DMA, RSI recovering zone"
28.08.2026 at 01:52 AM IST,ONWARDTEC,Unknown,Unknown,283.4,-0.39,202.55,347.22,39.92,18.38,48.32,282.28,269.14,34135.45,25482.0,0.75,Bullish,30,10,0,0,0,40,40,"Above 50 DMA, Above 200 DMA, RSI recovering zone"
28.08.2026 at 01:52 AM IST,KSHITIJPOL,Unknown,Unknown,3.11,4.71,1.88,7.2,65.43,56.81,53.52,3.31,3.11,1237004.25,1358549.0,1.1,Bearish,15,20,0,5,0,40,40,"Above 200 DMA, Healthy RSI momentum, Normal volume support"
28.08.2026 at 01:52 AM IST,KRISHIVAL,Unknown,Unknown,396.0,-2.52,282.3,508.0,40.28,22.05,50.3,397.45,376.17,45662.8,47661.0,1.04,Bearish,15,20,0,5,0,40,40,"Above 200 DMA, Healthy RSI momentum, Normal volume support"
28.08.2026 at 01:52 AM IST,KRISHANA,Unknown,Unknown,205.16,1.71,86.14,206.13,138.18,0.47,81.21,161.67,123.51,1239739.15,1486699.0,1.2,Bullish,30,5,0,5,0,40,40,"Above 50 DMA, Above 200 DMA, Strong but overbought RSI, Normal volume support"
28.08.2026 at 01:52 AM IST,LAXMIINDIA,Unknown,Unknown,126.73,0.61,71.06,180.9,78.34,29.94,49.46,119.86,113.59,208300.75,78913.0,0.38,Bullish,30,10,0,0,0,40,40,"Above 50 DMA, Above 200 DMA, RSI recovering zone"
28.08.2026 at 01:52 AM IST,PDMJEPAPER,Unknown,Unknown,89.69,1.85,64.57,139.07,38.9,35.51,49.94,87.96,86.59,152889.25,39448.0,0.26,Bullish,30,10,0,0,0,40,40,"Above 50 DMA, Above 200 DMA, RSI recovering zone"
28.08.2026 at 01:52 AM IST,TATATECH,Information Technology,Unknown,793.5,-0.63,499.73,891.0,58.79,10.94,48.88,764.26,659.44,2355524.65,603830.0,0.26,Bullish,30,10,0,0,0,40,40,"Above 50 DMA, Above 200 DMA, RSI recovering zone"
28.08.2026 at 01:52 AM IST,TATVA,Unknown,Unknown,1606.4,1.61,975.43,1838.1,64.69,12.61,47.04,1508.24,1332.05,62319.5,27427.0,0.44,Bullish,30,10,0,0,0,40,40,"Above 50 DMA, Above 200 DMA, RSI recovering zone"
28.08.2026 at 01:52 AM IST,KOTHARIPET,Unknown,Unknown,134.4,0.26,94.08,172.76,42.86,22.21,45.99,133.63,126.21,120944.0,64736.0,0.54,Bullish,30,10,0,0,0,40,40,"Above 50 DMA, Above 200 DMA, RSI recovering zone"
28.08.2026 at 01:52 AM IST,PARKHOSPS,Unknown,Unknown,289.2,1.81,138.1,305.0,109.41,5.18,57.45,283.56,,696112.95,753551.0,1.08,Bullish,15,20,0,5,0,40,40,"Above 50 DMA, Healthy RSI momentum, Normal volume support"
28.08.2026 at 01:52 AM IST,VSSL,Unknown,Unknown,367.75,6.73,206.4,375.95,78.17,2.18,70.14,307.27,276.36,263101.0,327028.0,1.24,Bullish,30,5,0,5,0,40,40,"Above 50 DMA, Above 200 DMA, Strong but overbought RSI, Normal volume support"
28.08.2026 at 01:52 AM IST,BANARBEADS,Unknown,Unknown,111.75,1.11,96.05,164.7,16.35,32.15,46.65,111.14,115.93,2568.2,8772.0,3.42,Bullish,15,10,15,15,15,40,40,"Above 50 DMA, RSI recovering zone, Close to 52W low with recovery potential, Strong volume expansion, Below 200 DMA risk"
28.08.2026 at 01:52 AM IST,GRPLTD,Unknown,Unknown,1969.5,0.09,1497.24,2356.25,31.54,16.41,49.04,1945.75,1839.33,2248.75,1563.0,0.7,Bullish,30,10,0,0,0,40,40,"Above 50 DMA, Above 200 DMA, RSI recovering zone"
28.08.2026 at 01:52 AM IST,SKFINDUS,Unknown,Unknown,2864.8,4.86,1972.22,3018.35,45.26,5.09,62.36,2741.13,,49708.3,56490.0,1.14,Bullish,15,20,0,5,0,40,40,"Above 50 DMA, Healthy RSI momentum, Normal volume support"
28.08.2026 at 01:52 AM IST,SKMEGGPROD,Unknown,Unknown,268.41,3.49,143.1,372.0,87.57,27.85,52.13,281.92,212.31,477885.9,515588.0,1.08,Bearish,15,20,0,5,0,40,40,"Above 200 DMA, Healthy RSI momentum, Normal volume support"
28.08.2026 at 01:52 AM IST,GVT&D,Capital Goods,Unknown,4340.0,3.7,2516.97,5636.05,72.43,23.0,51.66,4514.14,3895.9,981607.2,998745.0,1.02,Bearish,15,20,0,5,0,40,40,"Above 200 DMA, Healthy RSI momentum, Normal volume support"
28.08.2026 at 01:52 AM IST,PVRINOX,Media Entertainment & Publication,Unknown,1255.3,1.97,907.4,1284.5,38.34,2.27,77.18,1077.01,1030.89,423802.15,465551.0,1.1,Bullish,30,5,0,5,0,40,40,"Above 50 DMA, Above 200 DMA, Strong but overbought RSI, Normal volume support"
28.08.2026 at 01:52 AM IST,MSTCLTD,Unknown,Unknown,737.5,1.31,362.15,753.5,103.64,2.12,71.2,649.38,509.8,383874.75,414844.0,1.08,Bullish,30,5,0,5,0,40,40,"Above 50 DMA, Above 200 DMA, Strong but overbought RSI, Normal volume support"
28.08.2026 at 01:52 AM IST,ELGIRUBCO,Unknown,Unknown,58.39,-2.39,32.72,90.5,78.45,35.48,49.85,56.34,48.77,78917.4,51961.0,0.66,Bullish,30,10,0,0,0,40,40,"Above 50 DMA, Above 200 DMA, RSI recovering zone"
28.08.2026 at 01:52 AM IST,RENUKA,Unknown,Unknown,23.94,-2.96,21.05,33.5,13.73,28.54,54.9,22.76,24.86,24571295.35,28386211.0,1.16,Bullish,15,20,15,5,15,40,40,"Above 50 DMA, Healthy RSI momentum, Close to 52W low with recovery potential, Normal volume support, Below 200 DMA risk"
28.08.2026 at 01:52 AM IST,VEDL,Metals & Mining,Unknown,286.5,4.18,249.7,795.0,14.74,63.96,60.04,273.27,490.55,13510152.4,24161109.0,1.79,Bullish,15,20,15,10,20,40,40,"Above 50 DMA, Healthy RSI momentum, Close to 52W low with recovery potential, Volume expansion, Below 200 DMA risk, Very far from 52W high"
28.08.2026 at 01:52 AM IST,BHARATSE,Unknown,Unknown,224.74,1.11,129.22,261.49,73.92,14.06,47.97,221.88,186.13,457344.65,162408.0,0.36,Bullish,30,10,0,0,0,40,40,"Above 50 DMA, Above 200 DMA, RSI recovering zone"
28.08.2026 at 01:52 AM IST,JINDWORLD,Unknown,Unknown,34.84,-0.34,17.85,42.4,95.18,17.83,45.96,34.05,28.97,10730602.6,704441.0,0.07,Bullish,30,10,0,0,0,40,40,"Above 50 DMA, Above 200 DMA, RSI recovering zone"
28.08.2026 at 01:52 AM IST,UPL,Chemicals,Unknown,589.3,0.74,557.75,804.41,5.66,26.74,54.56,587.72,660.19,2115871.9,2061911.0,0.97,Bullish,15,20,20,0,15,40,40,"Above 50 DMA, Healthy RSI momentum, Near 52W low with non-crashing RSI, Below 200 DMA risk"
28.08.2026 at 01:52 AM IST,USHAMART,Capital Goods,Unknown,496.15,1.83,371.21,523.57,33.66,5.24,49.77,494.79,452.12,397841.9,274401.0,0.69,Bullish,30,10,0,0,0,40,40,"Above 50 DMA, Above 200 DMA, RSI recovering zone"
28.08.2026 at 01:52 AM IST,PILANIINVS,Unknown,Unknown,4424.9,0.67,4083.86,5967.81,8.35,25.85,54.22,4374.51,4653.25,2363.9,1387.0,0.59,Bullish,15,20,20,0,15,40,40,"Above 50 DMA, Healthy RSI momentum, Near 52W low with non-crashing RSI, Below 200 DMA risk"
28.08.2026 at 01:52 AM IST,RAJRATAN,Unknown,Unknown,495.75,1.23,304.32,563.95,62.91,12.09,47.14,486.28,446.42,134389.1,59821.0,0.45,Bullish,30,10,0,0,0,40,40,"Above 50 DMA, Above 200 DMA, RSI recovering zone"
28.08.2026 at 01:52 AM IST,PIXTRANS,Unknown,Unknown,1810.1,1.02,1245.92,2089.0,45.28,13.35,49.66,1789.29,1539.02,96189.0,35026.0,0.36,Bullish,30,10,0,0,0,40,40,"Above 50 DMA, Above 200 DMA, RSI recovering zone"
28.08.2026 at 01:52 AM IST,SHK,Unknown,Unknown,155.62,1.23,111.98,273.92,38.97,43.19,48.19,147.17,149.59,696758.2,200084.0,0.29,Bullish,30,10,0,0,0,40,40,"Above 50 DMA, Above 200 DMA, RSI recovering zone"
28.08.2026 at 01:52 AM IST,FCL,Unknown,Unknown,50.58,3.69,19.1,51.38,164.82,1.56,72.05,41.03,29.71,13773186.75,15935783.0,1.16,Bullish,30,5,0,5,0,40,40,"Above 50 DMA, Above 200 DMA, Strong but overbought RSI, Normal volume support"
28.08.2026 at 01:52 AM IST,SANATHAN,Unknown,Unknown,462.1,2.33,352.6,551.95,31.06,16.28,49.2,460.03,437.03,69152.15,25596.0,0.37,Bullish,30,10,0,0,0,40,40,"Above 50 DMA, Above 200 DMA, RSI recovering zone"
28.08.2026 at 01:52 AM IST,NDL,Unknown,Unknown,3.01,-2.27,1.8,3.75,67.22,19.73,77.48,2.43,2.69,2261091.05,2324082.0,1.03,Bullish,30,5,0,5,0,40,40,"Above 50 DMA, Above 200 DMA, Strong but overbought RSI, Normal volume support"
28.08.2026 at 01:52 AM IST,HESTERBIO,Unknown,Unknown,2354.4,-2.78,1233.94,2683.6,90.8,12.27,45.62,2343.45,1789.64,27580.45,4297.0,0.16,Bullish,30,10,0,0,0,40,40,"Above 50 DMA, Above 200 DMA, RSI recovering zone"
28.08.2026 at 01:52 AM IST,AWL,Fast Moving Consumer Goods,Unknown,201.9,0.63,170.3,281.43,18.56,28.26,66.54,189.41,204.89,4008289.3,4581270.0,1.14,Bullish,15,20,15,5,15,40,40,"Above 50 DMA, Healthy RSI momentum, Close to 52W low with recovery potential, Normal volume support, Below 200 DMA risk"
28.08.2026 at 01:52 AM IST,OLECTRA,Automobile and Auto Components,Unknown,1326.4,2.68,866.6,1714.2,53.06,22.62,46.98,1390.34,1218.37,401250.15,1300805.0,3.24,Bearish,15,10,0,15,0,40,40,"Above 200 DMA, RSI recovering zone, Strong volume expansion"
28.08.2026 at 01:52 AM IST,NUCLEUS,Unknown,Unknown,740.1,-0.6,678.6,1066.87,9.06,30.63,56.73,735.3,807.43,46570.95,25837.0,0.55,Bullish,15,20,20,0,15,40,40,"Above 50 DMA, Healthy RSI momentum, Near 52W low with non-crashing RSI, Below 200 DMA risk"
28.08.2026 at 01:52 AM IST,OLAELEC,Automobile and Auto Components,Unknown,38.0,4.97,22.25,71.25,70.79,46.67,46.11,40.04,36.16,46539088.45,94982946.0,2.04,Bearish,15,10,0,15,0,40,40,"Above 200 DMA, RSI recovering zone, Strong volume expansion"
28.08.2026 at 01:52 AM IST,LXCHEM,Unknown,Unknown,172.21,1.0,107.42,240.59,60.32,28.42,46.93,170.34,155.08,1366741.35,313025.0,0.23,Bullish,30,10,0,0,0,40,40,"Above 50 DMA, Above 200 DMA, RSI recovering zone"
28.08.2026 at 01:52 AM IST,LAMBODHARA,Unknown,Unknown,141.88,-0.11,81.8,162.0,73.45,12.42,78.46,114.85,112.22,86092.25,86226.0,1.0,Bullish,30,5,0,5,0,40,40,"Above 50 DMA, Above 200 DMA, Strong but overbought RSI, Normal volume support"
28.08.2026 at 01:52 AM IST,LANDMARK,Unknown,Unknown,516.2,-2.32,339.5,662.8,52.05,22.12,49.44,494.79,448.67,225492.65,58778.0,0.26,Bullish,30,10,0,0,0,40,40,"Above 50 DMA, Above 200 DMA, RSI recovering zone"
28.08.2026 at 01:52 AM IST,NELCO,Unknown,Unknown,936.0,1.12,499.37,1120.0,87.44,16.43,48.54,932.53,750.59,644799.35,157469.0,0.24,Bullish,30,10,0,0,0,40,40,"Above 50 DMA, Above 200 DMA, RSI recovering zone"
28.08.2026 at 01:52 AM IST,NAHARSPING,Unknown,Unknown,294.1,-0.76,149.2,349.0,97.12,15.73,49.68,281.56,231.67,69629.15,29133.0,0.42,Bullish,30,10,0,0,0,40,40,"Above 50 DMA, Above 200 DMA, RSI recovering zone"
28.08.2026 at 01:52 AM IST,IIFLCAPS,Unknown,Unknown,336.4,0.43,240.4,407.51,39.93,17.45,52.01,337.78,325.5,208826.95,223824.0,1.07,Bearish,15,20,0,5,0,40,40,"Above 200 DMA, Healthy RSI momentum, Normal volume support"
28.08.2026 at 01:52 AM IST,INDUSINDBK,Financial Services,Unknown,1004.0,-1.08,709.45,1077.85,41.52,6.85,47.59,995.89,908.79,1107770.95,1098699.0,0.99,Bullish,30,10,0,0,0,40,40,"Above 50 DMA, Above 200 DMA, RSI recovering zone"
28.08.2026 at 01:52 AM IST,IMPAL,Unknown,Unknown,1082.4,-1.23,909.5,1214.2,19.01,10.85,47.19,1096.62,1032.75,1887.45,933.0,0.49,Bearish,15,10,15,0,0,40,40,"Above 200 DMA, RSI recovering zone, Close to 52W low with recovery potential"
28.08.2026 at 01:52 AM IST,SANGHVIMOV,Unknown,Unknown,458.5,0.02,222.9,525.87,105.7,12.81,46.56,451.42,346.89,645374.95,414376.0,0.64,Bullish,30,10,0,0,0,40,40,"Above 50 DMA, Above 200 DMA, RSI recovering zone"
28.08.2026 at 01:52 AM IST,SHAREINDIA,Unknown,Unknown,171.02,-0.93,115.03,209.36,48.67,18.31,48.04,166.15,151.32,411202.8,117800.0,0.29,Bullish,30,10,0,0,0,40,40,"Above 50 DMA, Above 200 DMA, RSI recovering zone"
28.08.2026 at 01:52 AM IST,NILASPACES,Unknown,Unknown,12.93,1.33,11.35,20.47,13.92,36.83,58.14,12.47,13.83,1096195.45,1384953.0,1.26,Bullish,15,20,15,5,15,40,40,"Above 50 DMA, Healthy RSI momentum, Close to 52W low with recovery potential, Normal volume support, Below 200 DMA risk"
28.08.2026 at 01:52 AM IST,NH,Healthcare,Unknown,1882.7,-0.39,1585.49,2092.9,18.75,10.04,49.08,1938.59,1855.64,390192.85,181443.0,0.47,Bearish,15,10,15,0,0,40,40,"Above 200 DMA, RSI recovering zone, Close to 52W low with recovery potential"
28.08.2026 at 01:52 AM IST,LENSKART,Consumer Services,Unknown,647.15,-1.34,356.1,673.9,81.73,3.97,73.1,562.59,497.89,7684650.3,9132576.0,1.19,Bullish,30,5,0,5,0,40,40,"Above 50 DMA, Above 200 DMA, Strong but overbought RSI, Normal volume support"
28.08.2026 at 01:52 AM IST,CPCAP,Unknown,Unknown,115.77,-4.1,73.51,160.9,57.49,28.05,46.94,113.73,103.62,42112.9,10116.0,0.24,Bullish,30,10,0,0,0,40,40,"Above 50 DMA, Above 200 DMA, RSI recovering zone"
28.08.2026 at 01:52 AM IST,LICI,Financial Services,Unknown,415.3,-2.05,352.49,457.74,17.82,9.27,49.55,422.61,410.33,20354818.75,15185925.0,0.75,Bearish,15,10,15,0,0,40,40,"Above 200 DMA, RSI recovering zone, Close to 52W low with recovery potential"
28.08.2026 at 01:52 AM IST,SBICARD,Financial Services,Unknown,660.1,1.4,565.45,961.63,16.74,31.36,57.71,632.83,715.83,1706518.9,2062040.0,1.21,Bullish,15,20,15,5,15,40,40,"Above 50 DMA, Healthy RSI momentum, Close to 52W low with recovery potential, Normal volume support, Below 200 DMA risk"
28.08.2026 at 01:52 AM IST,AVONMORE,Unknown,Unknown,13.97,3.94,9.05,23.9,54.36,41.55,78.97,10.93,13.52,371935.3,439384.0,1.18,Bullish,30,5,0,5,0,40,40,"Above 50 DMA, Above 200 DMA, Strong but overbought RSI, Normal volume support"
28.08.2026 at 01:52 AM IST,HIRECT,Unknown,Unknown,1246.8,0.92,564.61,1397.54,120.83,10.79,49.07,1214.82,903.12,113339.7,23456.0,0.21,Bullish,30,10,0,0,0,40,40,"Above 50 DMA, Above 200 DMA, RSI recovering zone"
28.08.2026 at 01:52 AM IST,CSBBANK,Unknown,Unknown,347.75,2.48,312.95,574.4,11.12,39.46,61.66,340.42,386.44,431284.3,483610.0,1.12,Bullish,15,20,15,5,15,40,40,"Above 50 DMA, Healthy RSI momentum, Close to 52W low with recovery potential, Normal volume support, Below 200 DMA risk"
28.08.2026 at 01:52 AM IST,HUHTAMAKI,Unknown,Unknown,270.4,1.12,147.04,330.0,83.9,18.06,49.98,250.4,201.96,222321.45,81086.0,0.36,Bullish,30,10,0,0,0,40,40,"Above 50 DMA, Above 200 DMA, RSI recovering zone"
28.08.2026 at 01:52 AM IST,TORNTPHARM,Healthcare,Unknown,4890.0,-0.85,3450.04,5250.0,41.74,6.86,48.28,4851.44,4286.54,467530.25,277585.0,0.59,Bullish,30,10,0,0,0,40,40,"Above 50 DMA, Above 200 DMA, RSI recovering zone"
28.08.2026 at 01:52 AM IST,TRACXN,Unknown,Unknown,29.98,-0.1,25.39,55.9,18.08,46.37,53.78,29.94,34.37,128685.75,139827.0,1.09,Bullish,15,20,15,5,15,40,40,"Above 50 DMA, Healthy RSI momentum, Close to 52W low with recovery potential, Normal volume support, Below 200 DMA risk"
28.08.2026 at 01:52 AM IST,GLOBUSSPR,Unknown,Unknown,915.45,-0.25,800.05,1254.2,14.42,27.01,57.75,899.15,946.64,104876.6,120423.0,1.15,Bullish,15,20,15,5,15,40,40,"Above 50 DMA, Healthy RSI momentum, Close to 52W low with recovery potential, Normal volume support, Below 200 DMA risk"
28.08.2026 at 01:52 AM IST,AARVI,Unknown,Unknown,150.04,-0.48,113.34,166.24,32.38,9.74,46.34,149.19,132.36,38876.5,14686.0,0.38,Bullish,30,10,0,0,0,40,40,"Above 50 DMA, Above 200 DMA, RSI recovering zone"
28.08.2026 at 01:52 AM IST,ALLCARGO,Unknown,Unknown,13.32,8.65,7.11,36.55,87.34,63.56,74.54,8.93,9.76,46048077.2,61257032.0,1.33,Bullish,30,5,0,10,5,40,40,"Above 50 DMA, Above 200 DMA, Strong but overbought RSI, Volume expansion, Very far from 52W high"
28.08.2026 at 01:52 AM IST,MINDACORP,Automobile and Auto Components,Unknown,707.5,0.56,467.97,769.0,51.18,8.0,48.45,697.46,597.55,800803.1,403304.0,0.5,Bullish,30,10,0,0,0,40,40,"Above 50 DMA, Above 200 DMA, RSI recovering zone"
28.08.2026 at 01:52 AM IST,SUMICHEM,Chemicals,Unknown,530.45,1.72,361.73,615.97,46.64,13.88,49.85,507.07,454.59,485865.5,151503.0,0.31,Bullish,30,10,0,0,0,40,40,"Above 50 DMA, Above 200 DMA, RSI recovering zone"
28.08.2026 at 01:52 AM IST,CENTENKA,Unknown,Unknown,557.55,1.01,364.44,659.42,52.99,15.45,44.59,550.63,464.79,75130.6,24562.0,0.33,Bullish,30,8,0,0,0,38,38,"Above 50 DMA, Above 200 DMA, Weak but watchable RSI"
28.08.2026 at 01:52 AM IST,JUBLINGREA,Chemicals,Unknown,708.15,0.19,535.5,792.33,32.24,10.62,44.6,706.04,671.01,283001.8,90746.0,0.32,Bullish,30,8,0,0,0,38,38,"Above 50 DMA, Above 200 DMA, Weak but watchable RSI"
28.08.2026 at 01:52 AM IST,NITIRAJ,Unknown,Unknown,199.42,-2.28,168.0,236.98,18.7,15.85,42.39,201.95,197.26,2737.65,1194.0,0.44,Bearish,15,8,15,0,0,38,38,"Above 200 DMA, Weak but watchable RSI, Close to 52W low with recovery potential"
28.08.2026 at 01:52 AM IST,NIMBSPROJ,Unknown,Unknown,170.18,-3.46,165.81,231.23,2.64,26.4,36.44,191.91,,49470.45,88537.0,1.79,Bearish,0,8,20,10,0,38,38,"Weak but watchable RSI, Near 52W low with non-crashing RSI, Volume expansion"
28.08.2026 at 01:52 AM IST,SCHAEFFLER,Automobile and Auto Components,Unknown,4010.2,0.19,3489.69,4445.0,14.92,9.78,42.75,4117.76,3985.97,67185.2,18384.0,0.27,Bearish,15,8,15,0,0,38,38,"Above 200 DMA, Weak but watchable RSI, Close to 52W low with recovery potential"
28.08.2026 at 01:52 AM IST,PNGJL,Unknown,Unknown,595.7,-1.63,503.0,736.4,18.43,19.11,40.79,602.66,595.48,521500.55,319379.0,0.61,Bearish,15,8,15,0,0,38,38,"Above 200 DMA, Weak but watchable RSI, Close to 52W low with recovery potential"
28.08.2026 at 01:52 AM IST,PREMIERENE,Capital Goods,Unknown,1005.0,-2.99,666.41,1134.0,50.81,11.38,42.98,1045.46,935.72,1071569.4,2553287.0,2.38,Bearish,15,8,0,15,0,38,38,"Above 200 DMA, Weak but watchable RSI, Strong volume expansion"
28.08.2026 at 01:52 AM IST,FIVESTAR,Financial Services,Unknown,515.05,2.8,336.93,663.59,52.87,22.38,42.63,534.23,493.98,449756.7,1804116.0,4.01,Bearish,15,8,0,15,0,38,38,"Above 200 DMA, Weak but watchable RSI, Strong volume expansion"
28.08.2026 at 01:52 AM IST,UEL,Unknown,Unknown,171.74,4.99,92.32,284.2,86.03,39.57,43.59,161.04,150.44,46514.4,40549.0,0.87,Bullish,30,8,0,0,0,38,38,"Above 50 DMA, Above 200 DMA, Weak but watchable RSI"
28.08.2026 at 01:52 AM IST,GRAUWEIL,Unknown,Unknown,66.43,-2.06,62.09,115.6,6.99,42.53,39.75,74.03,,402747.5,800093.0,1.99,Bearish,0,8,20,10,0,38,38,"Weak but watchable RSI, Near 52W low with non-crashing RSI, Volume expansion"
28.08.2026 at 01:52 AM IST,RAMAPHO,Unknown,Unknown,128.0,2.42,103.29,216.76,23.92,40.95,58.9,125.44,139.77,39290.9,75079.0,1.91,Bullish,15,20,8,10,15,38,38,"Above 50 DMA, Healthy RSI momentum, Within 30% of 52W low, Volume expansion, Below 200 DMA risk"
28.08.2026 at 01:52 AM IST,GPTINFRA,Unknown,Unknown,113.78,-0.48,95.41,150.0,19.26,24.15,43.12,120.96,112.58,106518.65,98971.0,0.93,Bearish,15,8,15,0,0,38,38,"Above 200 DMA, Weak but watchable RSI, Close to 52W low with recovery potential"
28.08.2026 at 01:52 AM IST,EFCIL,Unknown,Unknown,205.74,2.94,171.42,342.0,20.02,39.84,65.14,190.67,224.41,424365.65,677057.0,1.6,Bullish,15,20,8,10,15,38,38,"Above 50 DMA, Healthy RSI momentum, Within 30% of 52W low, Volume expansion, Below 200 DMA risk"
28.08.2026 at 01:52 AM IST,CAPITALSFB,Unknown,Unknown,282.6,-1.89,203.09,318.27,39.15,11.21,41.24,290.86,267.75,23781.55,48147.0,2.02,Bearish,15,8,0,15,0,38,38,"Above 200 DMA, Weak but watchable RSI, Strong volume expansion"
28.08.2026 at 01:52 AM IST,CARERATING,Unknown,Unknown,1661.0,2.62,1381.08,1822.67,20.27,8.87,45.33,1682.45,1609.18,49141.2,52487.0,1.07,Bearish,15,10,8,5,0,38,38,"Above 200 DMA, RSI recovering zone, Within 30% of 52W low, Normal volume support"
28.08.2026 at 01:52 AM IST,EXIDEIND,Automobile and Auto Components,Unknown,444.0,-1.06,285.63,496.4,55.45,10.56,43.71,434.59,369.13,4998538.05,1173750.0,0.23,Bullish,30,8,0,0,0,38,38,"Above 50 DMA, Above 200 DMA, Weak but watchable RSI"
28.08.2026 at 01:52 AM IST,DELHIVERY,Services,Unknown,449.0,0.23,374.45,524.0,19.91,14.31,38.42,477.52,442.51,3294364.6,1328722.0,0.4,Bearish,15,8,15,0,0,38,38,"Above 200 DMA, Weak but watchable RSI, Close to 52W low with recovery potential"
28.08.2026 at 01:52 AM IST,JAGRAN,Unknown,Unknown,61.74,0.15,51.89,68.81,18.98,10.28,40.51,63.42,60.17,203137.35,117870.0,0.58,Bearish,15,8,15,0,0,38,38,"Above 200 DMA, Weak but watchable RSI, Close to 52W low with recovery potential"
28.08.2026 at 01:52 AM IST,PTL,Unknown,Unknown,38.69,0.39,35.17,42.7,10.0,9.39,42.57,39.91,38.21,38443.6,23243.0,0.6,Bearish,15,8,15,0,0,38,38,"Above 200 DMA, Weak but watchable RSI, Close to 52W low with recovery potential"
28.08.2026 at 01:52 AM IST,MANKIND,Healthcare,Unknown,2393.7,1.21,1909.7,2674.0,25.34,10.48,43.09,2480.78,2277.36,463824.6,513001.0,1.11,Bearish,15,8,8,5,0,36,36,"Above 200 DMA, Weak but watchable RSI, Within 30% of 52W low, Normal volume support"
28.08.2026 at 01:52 AM IST,BERGEPAINT,Consumer Durables,Unknown,503.7,-1.21,388.17,590.09,29.76,14.64,40.01,517.25,498.26,526476.2,636414.0,1.21,Bearish,15,8,8,5,0,36,36,"Above 200 DMA, Weak but watchable RSI, Within 30% of 52W low, Normal volume support"
28.08.2026 at 01:52 AM IST,CIPLA,Healthcare,Unknown,1402.7,-1.36,1154.87,1657.45,21.46,15.37,37.31,1439.34,1386.8,812802.7,915493.0,1.13,Bearish,15,8,8,5,0,36,36,"Above 200 DMA, Weak but watchable RSI, Within 30% of 52W low, Normal volume support"
28.08.2026 at 01:52 AM IST,CREDITACC,Financial Services,Unknown,1440.2,1.74,1113.0,1634.0,29.4,11.86,37.96,1511.99,1343.79,268813.1,303214.0,1.13,Bearish,15,8,8,5,0,36,36,"Above 200 DMA, Weak but watchable RSI, Within 30% of 52W low, Normal volume support"
28.08.2026 at 01:52 AM IST,ALBERTDAVD,Unknown,Unknown,869.7,0.2,575.69,896.44,51.07,2.98,72.18,734.49,724.16,25090.4,5288.0,0.21,Bullish,30,5,0,0,0,35,35,"Above 50 DMA, Above 200 DMA, Strong but overbought RSI"
28.08.2026 at 01:52 AM IST,MANORG,Unknown,Unknown,503.55,0.63,356.25,635.0,41.35,20.7,58.57,513.32,481.57,16152.85,14046.0,0.87,Bearish,15,20,0,0,0,35,35,"Above 200 DMA, Healthy RSI momentum"
28.08.2026 at 01:52 AM IST,MANYAVAR,Unknown,Unknown,546.6,1.88,329.2,779.0,66.04,29.83,75.51,447.22,469.0,3062222.05,420758.0,0.14,Bullish,30,5,0,0,0,35,35,"Above 50 DMA, Above 200 DMA, Strong but overbought RSI"
28.08.2026 at 01:52 AM IST,MEDICAMEQ,Unknown,Unknown,240.66,1.14,212.4,447.65,13.31,46.24,51.74,239.72,298.24,19642.25,19286.0,0.98,Bullish,15,20,15,0,15,35,35,"Above 50 DMA, Healthy RSI momentum, Close to 52W low with recovery potential, Below 200 DMA risk"
28.08.2026 at 01:52 AM IST,MEIL,Unknown,Unknown,297.65,7.77,206.26,573.7,44.31,48.12,63.02,290.88,309.42,93080.55,706621.0,7.59,Bullish,15,20,0,15,15,35,35,"Above 50 DMA, Healthy RSI momentum, Strong volume expansion, Below 200 DMA risk"
28.08.2026 at 01:52 AM IST,MCX,Financial Services,Unknown,3350.0,2.13,1460.8,3480.0,129.33,3.74,75.0,2847.83,2596.57,2856879.95,2328150.0,0.81,Bullish,30,5,0,0,0,35,35,"Above 50 DMA, Above 200 DMA, Strong but overbought RSI"
28.08.2026 at 01:52 AM IST,JNKINDIA,Unknown,Unknown,453.25,-0.1,200.92,558.0,125.59,18.77,51.21,466.76,329.34,346200.7,91546.0,0.26,Bearish,15,20,0,0,0,35,35,"Above 200 DMA, Healthy RSI momentum"
28.08.2026 at 01:52 AM IST,MMP,Unknown,Unknown,400.7,2.82,185.2,429.95,116.36,6.8,75.86,307.21,266.2,138171.05,33121.0,0.24,Bullish,30,5,0,0,0,35,35,"Above 50 DMA, Above 200 DMA, Strong but overbought RSI"
28.08.2026 at 01:52 AM IST,AAREYDRUGS,Unknown,Unknown,80.75,4.99,50.31,100.0,60.5,19.25,48.95,82.59,77.32,142007.9,205193.0,1.44,Bearish,15,10,0,10,0,35,35,"Above 200 DMA, RSI recovering zone, Volume expansion"
28.08.2026 at 01:52 AM IST,TARIL,Capital Goods,Unknown,304.0,-1.25,224.05,552.0,35.68,44.93,51.1,317.25,297.45,1354117.35,951640.0,0.7,Bearish,15,20,0,0,0,35,35,"Above 200 DMA, Healthy RSI momentum"
28.08.2026 at 01:52 AM IST,ICDSLTD,Unknown,Unknown,41.09,1.86,36.4,62.32,12.88,34.07,51.21,40.83,43.3,1262.65,346.0,0.27,Bullish,15,20,15,0,15,35,35,"Above 50 DMA, Healthy RSI momentum, Close to 52W low with recovery potential, Below 200 DMA risk"
28.08.2026 at 01:52 AM IST,HERITGFOOD,Unknown,Unknown,383.3,-1.68,290.36,535.95,32.01,28.48,70.94,341.79,368.5,342344.6,127899.0,0.37,Bullish,30,5,0,0,0,35,35,"Above 50 DMA, Above 200 DMA, Strong but overbought RSI"
28.08.2026 at 01:52 AM IST,APLAPOLLO,Capital Goods,Unknown,2159.0,0.92,1578.0,2301.4,36.82,6.19,77.56,1904.02,1930.66,737537.65,595903.0,0.81,Bullish,30,5,0,0,0,35,35,"Above 50 DMA, Above 200 DMA, Strong but overbought RSI"
28.08.2026 at 01:52 AM IST,VIYASH,Unknown,Unknown,263.4,-5.37,167.95,298.0,56.83,11.61,48.35,268.75,228.59,8850709.7,115482970.0,13.05,Bearish,15,10,0,15,5,35,35,"Above 200 DMA, RSI recovering zone, Strong volume expansion, Sharp daily fall"
28.08.2026 at 01:52 AM IST,AYE,Unknown,Unknown,176.65,2.2,88.22,197.29,100.24,10.46,56.87,170.42,,643159.6,503095.0,0.78,Bullish,15,20,0,0,0,35,35,"Above 50 DMA, Healthy RSI momentum"
28.08.2026 at 01:52 AM IST,SHANKARA,Unknown,Unknown,147.61,1.24,98.25,1048.6,50.24,85.92,74.25,136.08,119.54,211208.05,236254.0,1.12,Bullish,30,5,0,5,5,35,35,"Above 50 DMA, Above 200 DMA, Strong but overbought RSI, Normal volume support, Very far from 52W high"
28.08.2026 at 01:52 AM IST,SILLYMONKS,Unknown,Unknown,16.58,0.12,14.61,28.45,13.48,41.72,56.7,16.13,18.39,20213.1,2129.0,0.11,Bullish,15,20,15,0,15,35,35,"Above 50 DMA, Healthy RSI momentum, Close to 52W low with recovery potential, Below 200 DMA risk"
28.08.2026 at 01:52 AM IST,SGMART,Unknown,Unknown,842.3,0.59,313.1,860.6,169.02,2.13,79.01,681.96,508.96,335712.95,205553.0,0.61,Bullish,30,5,0,0,0,35,35,"Above 50 DMA, Above 200 DMA, Strong but overbought RSI"
28.08.2026 at 01:52 AM IST,SGL,Unknown,Unknown,10.03,-4.29,8.4,20.79,19.4,51.76,51.39,9.99,11.5,7393.6,2418.0,0.33,Bullish,15,20,15,0,15,35,35,"Above 50 DMA, Healthy RSI momentum, Close to 52W low with recovery potential, Below 200 DMA risk"
28.08.2026 at 01:52 AM IST,ESCORTS,Capital Goods,Unknown,3067.0,0.07,2669.79,4112.49,14.88,25.42,52.46,2991.47,3231.01,108790.35,21797.0,0.2,Bullish,15,20,15,0,15,35,35,"Above 50 DMA, Healthy RSI momentum, Close to 52W low with recovery potential, Below 200 DMA risk"
28.08.2026 at 01:52 AM IST,EPIGRAL,Unknown,Unknown,1249.2,0.67,803.52,1830.98,55.47,31.77,70.2,1101.64,1144.66,80292.3,56086.0,0.7,Bullish,30,5,0,0,0,35,35,"Above 50 DMA, Above 200 DMA, Strong but overbought RSI"
28.08.2026 at 01:52 AM IST,ENTERO,Unknown,Unknown,1648.0,0.92,944.0,1667.0,74.58,1.14,81.16,1267.22,1164.99,368713.2,305867.0,0.83,Bullish,30,5,0,0,0,35,35,"Above 50 DMA, Above 200 DMA, Strong but overbought RSI"
28.08.2026 at 01:52 AM IST,AXISCADES,Unknown,Unknown,1606.7,0.16,1063.3,2211.0,51.11,27.33,52.47,1617.67,1571.61,151798.35,112155.0,0.74,Bearish,15,20,0,0,0,35,35,"Above 200 DMA, Healthy RSI momentum"
28.08.2026 at 01:52 AM IST,BPCL,Oil Gas & Consumable Fuels,Unknown,318.0,-0.03,266.6,391.65,19.28,18.81,53.83,313.41,327.63,4972116.85,3340608.0,0.67,Bullish,15,20,15,0,15,35,35,"Above 50 DMA, Healthy RSI momentum, Close to 52W low with recovery potential, Below 200 DMA risk"
28.08.2026 at 01:52 AM IST,SHADOWFAX,Unknown,Unknown,246.14,-4.19,98.55,268.65,149.76,8.38,52.05,231.84,,10549345.25,4180538.0,0.4,Bullish,15,20,0,0,0,35,35,"Above 50 DMA, Healthy RSI momentum"
28.08.2026 at 01:52 AM IST,MFSL,Financial Services,Unknown,1600.0,0.47,1433.6,1892.5,11.61,15.46,59.3,1570.62,1643.52,797241.45,189097.0,0.24,Bullish,15,20,15,0,15,35,35,"Above 50 DMA, Healthy RSI momentum, Close to 52W low with recovery potential, Below 200 DMA risk"
28.08.2026 at 01:52 AM IST,ZEEL,Media Entertainment & Publication,Unknown,104.42,-0.38,68.0,121.8,53.56,14.27,52.24,104.6,93.46,38293699.65,13145288.0,0.34,Bearish,15,20,0,0,0,35,35,"Above 200 DMA, Healthy RSI momentum"
28.08.2026 at 01:52 AM IST,GLOTTIS,Unknown,Unknown,65.77,-0.17,37.0,93.0,77.76,29.28,46.58,66.72,59.44,39742.45,72280.0,1.82,Bearish,15,10,0,10,0,35,35,"Above 200 DMA, RSI recovering zone, Volume expansion"
28.08.2026 at 01:52 AM IST,GENUSPAPER,Unknown,Unknown,12.37,2.32,8.67,19.07,42.68,35.13,57.48,11.91,12.58,119503.35,242115.0,2.03,Bullish,15,20,0,15,15,35,35,"Above 50 DMA, Healthy RSI momentum, Strong volume expansion, Below 200 DMA risk"
28.08.2026 at 01:52 AM IST,CORONA,Unknown,Unknown,2103.1,0.28,1329.32,2270.1,58.21,7.36,51.83,2045.88,,42344.7,14498.0,0.34,Bullish,15,20,0,0,0,35,35,"Above 50 DMA, Healthy RSI momentum"
28.08.2026 at 01:52 AM IST,CANTABIL,Unknown,Unknown,246.5,0.55,208.5,320.64,18.23,23.12,56.08,243.62,250.88,304948.95,102271.0,0.34,Bullish,15,20,15,0,15,35,35,"Above 50 DMA, Healthy RSI momentum, Close to 52W low with recovery potential, Below 200 DMA risk"
28.08.2026 at 01:52 AM IST,NECLIFE,Unknown,Unknown,12.46,9.97,9.3,22.4,33.98,44.37,69.7,10.99,13.35,260625.15,1472512.0,5.65,Bullish,15,20,0,15,15,35,35,"Above 50 DMA, Healthy RSI momentum, Strong volume expansion, Below 200 DMA risk"
28.08.2026 at 01:52 AM IST,CPPLUS,Capital Goods,Unknown,3530.3,4.03,1200.26,4094.0,194.13,13.77,51.06,3560.13,2324.54,259554.2,217905.0,0.84,Bearish,15,20,0,0,0,35,35,"Above 200 DMA, Healthy RSI momentum"
28.08.2026 at 01:52 AM IST,AVADHSUGAR,Unknown,Unknown,813.7,0.94,300.3,884.8,170.96,8.04,78.06,567.83,441.78,671470.2,206753.0,0.31,Bullish,30,5,0,0,0,35,35,"Above 50 DMA, Above 200 DMA, Strong but overbought RSI"
28.08.2026 at 01:52 AM IST,AVTNPL,Unknown,Unknown,86.95,-0.25,53.16,92.45,63.55,5.95,76.6,73.17,67.51,432334.2,64452.0,0.15,Bullish,30,5,0,0,0,35,35,"Above 50 DMA, Above 200 DMA, Strong but overbought RSI"
28.08.2026 at 01:52 AM IST,SEDEMAC,Unknown,Unknown,3065.0,-0.55,1413.1,3368.9,116.9,9.02,55.85,2851.84,,172303.55,47439.0,0.28,Bullish,15,20,0,0,0,35,35,"Above 50 DMA, Healthy RSI momentum"
28.08.2026 at 01:52 AM IST,NILKAMAL,Unknown,Unknown,2096.8,4.01,1034.47,2110.0,102.69,0.63,70.2,1588.85,1392.25,148010.2,53316.0,0.36,Bullish,30,5,0,0,0,35,35,"Above 50 DMA, Above 200 DMA, Strong but overbought RSI"
28.08.2026 at 01:52 AM IST,BRIGADE,Realty,Unknown,655.1,-0.88,449.2,799.25,45.84,18.04,72.8,562.12,573.35,602382.7,462198.0,0.77,Bullish,30,5,0,0,0,35,35,"Above 50 DMA, Above 200 DMA, Strong but overbought RSI"
28.08.2026 at 01:52 AM IST,ICICIPRULI,Financial Services,Unknown,515.05,0.99,459.5,704.36,12.09,26.88,56.58,503.33,568.61,1477545.95,1266598.0,0.86,Bullish,15,20,15,0,15,35,35,"Above 50 DMA, Healthy RSI momentum, Close to 52W low with recovery potential, Below 200 DMA risk"
28.08.2026 at 01:52 AM IST,MMWL,Unknown,Unknown,15.6,-1.08,9.02,16.57,72.95,5.85,58.42,14.12,,69791.05,25628.0,0.37,Bullish,15,20,0,0,0,35,35,"Above 50 DMA, Healthy RSI momentum"
28.08.2026 at 01:52 AM IST,YUKEN,Unknown,Unknown,938.85,-0.49,584.1,1035.0,60.73,9.29,71.77,779.06,769.39,20432.7,3065.0,0.15,Bullish,30,5,0,0,0,35,35,"Above 50 DMA, Above 200 DMA, Strong but overbought RSI"
28.08.2026 at 01:52 AM IST,EMMVEE,Capital Goods,Unknown,332.95,-0.22,171.51,371.55,94.13,10.39,56.15,330.71,,1870725.9,1175486.0,0.63,Bullish,15,20,0,0,0,35,35,"Above 50 DMA, Healthy RSI momentum"
28.08.2026 at 01:52 AM IST,SAPPHIRE,Consumer Services,Unknown,249.68,-0.05,139.91,347.9,78.46,28.23,77.75,199.9,202.41,3620084.7,2966863.0,0.82,Bullish,30,5,0,0,0,35,35,"Above 50 DMA, Above 200 DMA, Strong but overbought RSI"
28.08.2026 at 01:52 AM IST,SARDAEN,Metals & Mining,Unknown,514.4,1.56,451.37,637.3,13.96,19.29,53.5,505.96,518.28,1528765.7,249978.0,0.16,Bullish,15,20,15,0,15,35,35,"Above 50 DMA, Healthy RSI momentum, Close to 52W low with recovery potential, Below 200 DMA risk"
28.08.2026 at 01:52 AM IST,SHILPAMED,Unknown,Unknown,860.75,-0.09,259.5,869.0,231.7,0.95,79.5,668.7,447.45,3370682.55,732892.0,0.22,Bullish,30,5,0,0,0,35,35,"Above 50 DMA, Above 200 DMA, Strong but overbought RSI"
28.08.2026 at 01:52 AM IST,NEPHROPLUS,Unknown,Unknown,693.65,-0.53,446.0,769.75,55.53,9.89,52.68,677.86,,155436.25,110447.0,0.71,Bullish,15,20,0,0,0,35,35,"Above 50 DMA, Healthy RSI momentum"
28.08.2026 at 01:52 AM IST,BUILDPRO,Unknown,Unknown,1262.9,1.74,632.91,1380.0,99.54,8.49,53.28,1189.22,,98971.55,94970.0,0.96,Bullish,15,20,0,0,0,35,35,"Above 50 DMA, Healthy RSI momentum"
28.08.2026 at 01:52 AM IST,CALSOFT,Unknown,Unknown,32.2,4.99,10.9,32.2,195.41,0.0,80.0,23.49,17.78,239375.6,87211.0,0.36,Bullish,30,5,0,0,0,35,35,"Above 50 DMA, Above 200 DMA, Strong but overbought RSI"
28.08.2026 at 01:52 AM IST,CREATIVEYE,Unknown,Unknown,6.32,2.76,5.41,8.83,16.82,28.43,53.7,6.21,6.69,12867.2,11899.0,0.92,Bullish,15,20,15,0,15,35,35,"Above 50 DMA, Healthy RSI momentum, Close to 52W low with recovery potential, Below 200 DMA risk"
28.08.2026 at 01:52 AM IST,LTTS,Information Technology,Unknown,3543.2,-0.7,2976.44,4673.3,19.04,24.18,52.05,3416.1,3663.64,92267.05,34964.0,0.38,Bullish,15,20,15,0,15,35,35,"Above 50 DMA, Healthy RSI momentum, Close to 52W low with recovery potential, Below 200 DMA risk"
28.08.2026 at 01:52 AM IST,NCC,Construction,Unknown,147.2,-0.75,128.02,218.93,14.98,32.76,58.6,143.51,150.7,2698062.3,1027008.0,0.38,Bullish,15,20,15,0,15,35,35,"Above 50 DMA, Healthy RSI momentum, Close to 52W low with recovery potential, Below 200 DMA risk"
28.08.2026 at 01:52 AM IST,ANGELONE,Financial Services,Unknown,298.85,-0.68,206.12,359.34,44.99,16.83,48.7,316.52,282.91,5331364.0,9062432.0,1.7,Bearish,15,10,0,10,0,35,35,"Above 200 DMA, RSI recovering zone, Volume expansion"
28.08.2026 at 01:52 AM IST,EIMCOELECO,Unknown,Unknown,2205.6,-1.43,1401.82,2373.77,57.34,7.08,70.41,1867.09,1666.69,51822.15,27545.0,0.53,Bullish,30,5,0,0,0,35,35,"Above 50 DMA, Above 200 DMA, Strong but overbought RSI"
28.08.2026 at 01:52 AM IST,KTKBANK,Unknown,Unknown,337.7,0.93,164.47,341.0,105.33,0.97,72.49,288.35,238.34,3834787.25,3190171.0,0.83,Bullish,30,5,0,0,0,35,35,"Above 50 DMA, Above 200 DMA, Strong but overbought RSI"
28.08.2026 at 01:52 AM IST,AHCL,Unknown,Unknown,15.11,0.4,9.08,17.27,66.45,12.53,54.8,15.18,13.92,3596505.2,1738781.0,0.48,Bearish,15,20,0,0,0,35,35,"Above 200 DMA, Healthy RSI momentum"
28.08.2026 at 01:52 AM IST,NUVAMA,Financial Services,Unknown,1779.3,1.41,1086.51,2066.0,63.76,13.88,54.22,1795.51,1484.16,329670.7,213610.0,0.65,Bearish,15,20,0,0,0,35,35,"Above 200 DMA, Healthy RSI momentum"
28.08.2026 at 01:52 AM IST,BOSCHLTD,Automobile and Auto Components,Unknown,48895.0,0.44,28422.96,49190.0,72.03,0.6,76.57,42663.35,37440.89,48046.05,28910.0,0.6,Bullish,30,5,0,0,0,35,35,"Above 50 DMA, Above 200 DMA, Strong but overbought RSI"
28.08.2026 at 01:52 AM IST,HARRMALAYA,Unknown,Unknown,202.73,1.95,153.66,237.9,31.93,14.78,45.81,209.82,190.37,22764.3,41462.0,1.82,Bearish,15,10,0,10,0,35,35,"Above 200 DMA, RSI recovering zone, Volume expansion"
28.08.2026 at 01:52 AM IST,HAPPYFORGE,Unknown,Unknown,2212.5,2.85,859.89,2340.0,157.3,5.45,70.48,1737.77,1343.4,147244.3,124300.0,0.84,Bullish,30,5,0,0,0,35,35,"Above 50 DMA, Above 200 DMA, Strong but overbought RSI"
28.08.2026 at 01:52 AM IST,ORICONENT,Unknown,Unknown,56.65,1.51,48.81,73.12,16.06,22.52,55.55,55.52,60.91,108985.6,19412.0,0.18,Bullish,15,20,15,0,15,35,35,"Above 50 DMA, Healthy RSI momentum, Close to 52W low with recovery potential, Below 200 DMA risk"
28.08.2026 at 01:52 AM IST,ORIENTBELL,Unknown,Unknown,378.2,0.52,237.99,388.0,58.91,2.53,70.55,327.98,301.2,32051.1,21337.0,0.67,Bullish,30,5,0,0,0,35,35,"Above 50 DMA, Above 200 DMA, Strong but overbought RSI"
28.08.2026 at 01:52 AM IST,KOHINOOR,Unknown,Unknown,34.66,-3.13,19.2,38.47,80.52,9.9,77.0,25.65,25.69,396454.85,378878.0,0.96,Bullish,30,5,0,0,0,35,35,"Above 50 DMA, Above 200 DMA, Strong but overbought RSI"
28.08.2026 at 01:52 AM IST,KSHINTL,Unknown,Unknown,948.25,-2.26,330.4,1059.9,187.0,10.53,51.38,896.89,,424424.05,175015.0,0.41,Bullish,15,20,0,0,0,35,35,"Above 50 DMA, Healthy RSI momentum"
28.08.2026 at 01:52 AM IST,RUDRA,Unknown,Unknown,21.15,-0.05,14.63,29.7,44.57,28.79,59.03,18.43,,325738.7,80847.0,0.25,Bullish,15,20,0,0,0,35,35,"Above 50 DMA, Healthy RSI momentum"
28.08.2026 at 01:52 AM IST,SAHLIBHFI,Unknown,Unknown,74.51,2.08,66.6,86.89,11.88,14.25,47.11,77.39,,16313.85,28114.0,1.72,Bearish,0,10,15,10,0,35,35,"RSI recovering zone, Close to 52W low with recovery potential, Volume expansion"
28.08.2026 at 01:52 AM IST,HALDER,Unknown,Unknown,295.99,0.14,210.0,319.0,40.95,7.21,68.33,250.89,,29122.2,605.0,0.02,Bullish,15,20,0,0,0,35,35,"Above 50 DMA, Healthy RSI momentum"
28.08.2026 at 01:52 AM IST,HALEOSLABS,Unknown,Unknown,1500.9,0.04,1074.75,1774.0,39.65,15.39,51.35,1509.32,1385.96,578.4,265.0,0.46,Bearish,15,20,0,0,0,35,35,"Above 200 DMA, Healthy RSI momentum"
28.08.2026 at 01:52 AM IST,CARRARO,Unknown,Unknown,538.1,1.12,403.12,667.55,33.48,19.39,54.56,541.49,532.4,155435.8,60548.0,0.39,Bearish,15,20,0,0,0,35,35,"Above 200 DMA, Healthy RSI momentum"
28.08.2026 at 01:52 AM IST,CARTRADE,Consumer Services,Unknown,3142.2,-0.08,1600.0,3290.5,96.39,4.51,71.07,2788.26,2382.41,388661.4,233009.0,0.6,Bullish,30,5,0,0,0,35,35,"Above 50 DMA, Above 200 DMA, Strong but overbought RSI"
28.08.2026 at 01:52 AM IST,COMSYN,Unknown,Unknown,288.72,0.36,133.23,298.0,116.71,3.11,75.38,211.79,168.57,1223940.65,112948.0,0.09,Bullish,30,5,0,0,0,35,35,"Above 50 DMA, Above 200 DMA, Strong but overbought RSI"
28.08.2026 at 01:52 AM IST,ELDEHSG,Unknown,Unknown,799.55,-1.26,683.33,1044.1,17.01,23.42,51.94,791.71,842.01,9610.05,453.0,0.05,Bullish,15,20,15,0,15,35,35,"Above 50 DMA, Healthy RSI momentum, Close to 52W low with recovery potential, Below 200 DMA risk"
28.08.2026 at 01:52 AM IST,SAKUMA,Unknown,Unknown,1.79,9.82,1.1,3.1,62.73,42.26,63.95,1.71,1.91,960896.2,2329582.0,2.42,Bullish,15,20,0,15,15,35,35,"Above 50 DMA, Healthy RSI momentum, Strong volume expansion, Below 200 DMA risk"
28.08.2026 at 01:52 AM IST,ADFFOODS,Unknown,Unknown,280.7,1.45,152.76,346.19,83.75,18.92,53.98,290.95,237.15,217984.2,199711.0,0.92,Bearish,15,20,0,0,0,35,35,"Above 200 DMA, Healthy RSI momentum"
28.08.2026 at 01:52 AM IST,TIINDIA,Automobile and Auto Components,Unknown,2860.0,-0.97,2161.89,3415.14,32.29,16.26,50.0,2919.43,2771.87,530276.2,175584.0,0.33,Bearish,15,20,0,0,0,35,35,"Above 200 DMA, Healthy RSI momentum"
28.08.2026 at 01:52 AM IST,KOVAI,Unknown,Unknown,6122.0,2.28,2570.22,6324.18,138.19,3.2,58.08,5944.14,,5887.9,5077.0,0.86,Bullish,15,20,0,0,0,35,35,"Above 50 DMA, Healthy RSI momentum"
28.08.2026 at 01:52 AM IST,DCMSHRIRAM,Diversified,Unknown,1050.1,-0.27,941.52,1400.48,11.53,25.02,54.3,1030.16,1113.77,121083.1,77538.0,0.64,Bullish,15,20,15,0,15,35,35,"Above 50 DMA, Healthy RSI momentum, Close to 52W low with recovery potential, Below 200 DMA risk"
28.08.2026 at 01:52 AM IST,MONTECARLO,Unknown,Unknown,544.25,-0.16,464.0,860.95,17.3,36.78,57.64,538.21,587.51,88832.25,31626.0,0.36,Bullish,15,20,15,0,15,35,35,"Above 50 DMA, Healthy RSI momentum, Close to 52W low with recovery potential, Below 200 DMA risk"
28.08.2026 at 01:52 AM IST,SKYGOLD,Unknown,Unknown,848.1,0.69,259.0,868.8,227.45,2.38,72.83,654.18,449.33,1390150.85,915903.0,0.66,Bullish,30,5,0,0,0,35,35,"Above 50 DMA, Above 200 DMA, Strong but overbought RSI"
28.08.2026 at 01:52 AM IST,GRINFRA,Unknown,Unknown,905.2,0.35,785.0,1341.57,15.31,32.53,57.31,898.55,938.83,49229.2,25933.0,0.53,Bullish,15,20,15,0,15,35,35,"Above 50 DMA, Healthy RSI momentum, Close to 52W low with recovery potential, Below 200 DMA risk"
28.08.2026 at 01:52 AM IST,SINGERIND,Unknown,Unknown,76.96,-0.25,56.79,91.3,35.51,15.71,52.7,71.23,,316220.1,126431.0,0.4,Bullish,15,20,0,0,0,35,35,"Above 50 DMA, Healthy RSI momentum"
28.08.2026 at 01:52 AM IST,SIRCA,Unknown,Unknown,436.05,0.13,383.11,536.35,13.82,18.7,54.5,414.38,444.38,518792.9,296409.0,0.57,Bullish,15,20,15,0,15,35,35,"Above 50 DMA, Healthy RSI momentum, Close to 52W low with recovery potential, Below 200 DMA risk"
28.08.2026 at 01:52 AM IST,SYNCOMF,Unknown,Unknown,17.03,-3.02,10.21,18.7,66.8,8.93,70.03,14.2,13.92,7735497.5,4954692.0,0.64,Bullish,30,5,0,0,0,35,35,"Above 50 DMA, Above 200 DMA, Strong but overbought RSI"
28.08.2026 at 01:52 AM IST,VSTL,Unknown,Unknown,112.1,0.54,100.8,168.0,11.21,33.27,59.23,111.79,120.2,15466.6,7536.0,0.49,Bullish,15,20,15,0,15,35,35,"Above 50 DMA, Healthy RSI momentum, Close to 52W low with recovery potential, Below 200 DMA risk"
28.08.2026 at 01:52 AM IST,ELECTHERM,Unknown,Unknown,1038.3,-1.02,551.0,1277.0,88.44,18.69,52.03,1059.91,866.6,24341.7,9874.0,0.41,Bearish,15,20,0,0,0,35,35,"Above 200 DMA, Healthy RSI momentum"
28.08.2026 at 01:52 AM IST,RETAIL,Unknown,Unknown,17.81,2.36,15.81,43.79,12.65,59.33,52.09,17.56,21.79,5431.4,2758.0,0.51,Bullish,15,20,15,0,15,35,35,"Above 50 DMA, Healthy RSI momentum, Close to 52W low with recovery potential, Below 200 DMA risk"
28.08.2026 at 01:52 AM IST,DWARKESH,Unknown,Unknown,53.75,-0.35,32.05,59.9,67.73,10.27,71.11,43.74,41.17,6258284.75,6188591.0,0.99,Bullish,30,5,0,0,0,35,35,"Above 50 DMA, Above 200 DMA, Strong but overbought RSI"
28.08.2026 at 01:52 AM IST,BATLIBOI,Unknown,Unknown,86.83,0.81,15.59,106.5,457.12,18.47,50.86,85.16,,138272.25,12671.0,0.09,Bullish,15,20,0,0,0,35,35,"Above 50 DMA, Healthy RSI momentum"
28.08.2026 at 01:52 AM IST,WAKEFIT,Unknown,Unknown,145.72,0.4,111.4,224.0,30.81,34.95,68.11,128.13,,1568678.7,837985.0,0.53,Bullish,15,20,0,0,0,35,35,"Above 50 DMA, Healthy RSI momentum"
28.08.2026 at 01:52 AM IST,SOFTTECH,Unknown,Unknown,422.15,0.45,215.0,489.9,96.35,13.83,50.96,424.64,354.72,4646.1,3526.0,0.76,Bearish,15,20,0,0,0,35,35,"Above 200 DMA, Healthy RSI momentum"
28.08.2026 at 01:52 AM IST,INVENTURE,Unknown,Unknown,0.97,6.59,0.72,1.72,34.72,43.6,65.51,0.91,1.05,1367246.0,3801374.0,2.78,Bullish,15,20,0,15,15,35,35,"Above 50 DMA, Healthy RSI momentum, Strong volume expansion, Below 200 DMA risk"
28.08.2026 at 01:52 AM IST,RAMCOCEM,Construction Materials,Unknown,940.65,3.46,836.02,1211.19,12.52,22.34,58.09,918.75,983.51,324226.8,269778.0,0.83,Bullish,15,20,15,0,15,35,35,"Above 50 DMA, Healthy RSI momentum, Close to 52W low with recovery potential, Below 200 DMA risk"
28.08.2026 at 01:52 AM IST,BANG,Unknown,Unknown,33.83,-2.54,25.84,62.07,30.92,45.5,65.34,29.96,39.2,104571.2,620899.0,5.94,Bullish,15,20,0,15,15,35,35,"Above 50 DMA, Healthy RSI momentum, Strong volume expansion, Below 200 DMA risk"
28.08.2026 at 01:52 AM IST,RATNAVEER,Unknown,Unknown,279.27,6.01,130.5,286.0,114.0,2.35,80.02,199.74,166.64,10206226.0,7868883.0,0.77,Bullish,30,5,0,0,0,35,35,"Above 50 DMA, Above 200 DMA, Strong but overbought RSI"
28.08.2026 at 01:52 AM IST,GOPAL,Unknown,Unknown,284.9,1.48,247.22,396.7,15.24,28.18,60.1,273.16,293.17,237305.65,183131.0,0.77,Bullish,15,20,15,0,15,35,35,"Above 50 DMA, Healthy RSI momentum, Close to 52W low with recovery potential, Below 200 DMA risk"
28.08.2026 at 01:52 AM IST,GUJRAFFIA,Unknown,Unknown,41.0,0.27,35.1,88.0,16.81,53.41,51.4,40.43,43.38,4504.75,291.0,0.06,Bullish,15,20,15,0,15,35,35,"Above 50 DMA, Healthy RSI momentum, Close to 52W low with recovery potential, Below 200 DMA risk"
28.08.2026 at 01:52 AM IST,SURAKSHA,Unknown,Unknown,338.75,6.58,224.1,340.5,51.16,0.51,74.83,272.58,276.84,363188.25,304363.0,0.84,Bullish,30,5,0,0,0,35,35,"Above 50 DMA, Above 200 DMA, Strong but overbought RSI"
28.08.2026 at 01:52 AM IST,ONIDA,Unknown,Unknown,36.8,-2.08,21.5,49.23,71.16,25.25,45.57,39.28,33.04,384278.45,529200.0,1.38,Bearish,15,10,0,10,0,35,35,"Above 200 DMA, RSI recovering zone, Volume expansion"
28.08.2026 at 01:52 AM IST,EIDPARRY,Fast Moving Consumer Goods,Unknown,796.35,-1.73,698.2,1176.0,14.06,32.28,52.86,764.01,859.63,874419.4,482398.0,0.55,Bullish,15,20,15,0,15,35,35,"Above 50 DMA, Healthy RSI momentum, Close to 52W low with recovery potential, Below 200 DMA risk"
28.08.2026 at 01:52 AM IST,PALASHSECU,Unknown,Unknown,92.56,3.79,79.01,134.8,17.15,31.34,55.63,90.54,97.25,2737.85,222.0,0.08,Bullish,15,20,15,0,15,35,35,"Above 50 DMA, Healthy RSI momentum, Close to 52W low with recovery potential, Below 200 DMA risk"
28.08.2026 at 01:52 AM IST,PAKKA,Unknown,Unknown,80.52,-2.33,69.1,178.84,16.53,54.98,52.69,76.64,90.87,304004.7,112835.0,0.37,Bullish,15,20,15,0,15,35,35,"Above 50 DMA, Healthy RSI momentum, Close to 52W low with recovery potential, Below 200 DMA risk"
28.08.2026 at 01:52 AM IST,PAYTM,Financial Services,Unknown,1716.0,-0.12,930.6,1732.3,84.4,0.94,76.52,1359.45,1221.84,5285581.9,4917036.0,0.93,Bullish,30,5,0,0,0,35,35,"Above 50 DMA, Above 200 DMA, Strong but overbought RSI"
28.08.2026 at 01:52 AM IST,PAUSHAKLTD,Unknown,Unknown,750.55,-0.13,340.93,814.65,120.15,7.87,64.79,607.48,,158983.55,8349.0,0.05,Bullish,15,20,0,0,0,35,35,"Above 50 DMA, Healthy RSI momentum"
28.08.2026 at 01:52 AM IST,MADRASFERT,Unknown,Unknown,69.71,-0.14,52.56,96.39,32.63,27.68,65.49,67.59,70.23,117677.75,261654.0,2.22,Bullish,15,20,0,15,15,35,35,"Above 50 DMA, Healthy RSI momentum, Strong volume expansion, Below 200 DMA risk"
28.08.2026 at 01:52 AM IST,SHREERAMA,Unknown,Unknown,43.44,-1.5,37.62,71.99,15.47,39.66,54.83,42.05,49.74,149064.25,31680.0,0.21,Bullish,15,20,15,0,15,35,35,"Above 50 DMA, Healthy RSI momentum, Close to 52W low with recovery potential, Below 200 DMA risk"
28.08.2026 at 01:52 AM IST,ADANIPOWER,Power,Unknown,207.2,0.42,116.7,254.2,77.55,18.49,45.86,215.67,181.24,14501325.8,23035619.0,1.59,Bearish,15,10,0,10,0,35,35,"Above 200 DMA, RSI recovering zone, Volume expansion"
28.08.2026 at 01:52 AM IST,RAJPALAYAM,Unknown,Unknown,826.9,1.26,314.26,874.46,163.13,5.44,51.6,825.0,,1552.35,1157.0,0.75,Bullish,15,20,0,0,0,35,35,"Above 50 DMA, Healthy RSI momentum"
28.08.2026 at 01:52 AM IST,KIRIINDUS,Unknown,Unknown,516.2,3.51,333.8,779.0,54.64,33.74,79.15,411.88,452.67,1000518.2,833857.0,0.83,Bullish,30,5,0,0,0,35,35,"Above 50 DMA, Above 200 DMA, Strong but overbought RSI"
28.08.2026 at 01:52 AM IST,KIRLOSIND,Unknown,Unknown,3774.0,1.97,2454.51,4559.03,53.76,17.22,50.5,3872.36,3321.72,9801.6,3635.0,0.37,Bearish,15,20,0,0,0,35,35,"Above 200 DMA, Healthy RSI momentum"
28.08.2026 at 01:52 AM IST,URBANCO,Consumer Services,Unknown,167.53,-1.03,100.7,201.18,66.37,16.73,76.49,137.92,129.86,18663634.45,9170508.0,0.49,Bullish,30,5,0,0,0,35,35,"Above 50 DMA, Above 200 DMA, Strong but overbought RSI"
28.08.2026 at 01:52 AM IST,TIIL,Unknown,Unknown,3386.6,-1.98,1853.27,3565.3,82.74,5.01,73.51,2703.22,2407.61,86782.45,36739.0,0.42,Bullish,30,5,0,0,0,35,35,"Above 50 DMA, Above 200 DMA, Strong but overbought RSI"
28.08.2026 at 01:52 AM IST,MOREPENLAB,Unknown,Unknown,96.98,3.28,33.05,98.28,193.43,1.32,76.11,66.53,47.66,33322779.4,11701259.0,0.35,Bullish,30,5,0,0,0,35,35,"Above 50 DMA, Above 200 DMA, Strong but overbought RSI"
28.08.2026 at 01:52 AM IST,MANBA,Unknown,Unknown,131.82,3.3,97.82,153.71,34.76,14.24,49.55,134.3,126.26,83496.2,152843.0,1.83,Bearish,15,10,0,10,0,35,35,"Above 200 DMA, RSI recovering zone, Volume expansion"
28.08.2026 at 01:52 AM IST,MANGLMCEM,Unknown,Unknown,1057.7,2.24,678.22,1084.95,55.95,2.51,72.81,940.86,844.02,221452.2,154134.0,0.7,Bullish,30,5,0,0,0,35,35,"Above 50 DMA, Above 200 DMA, Strong but overbought RSI"
28.08.2026 at 01:52 AM IST,MANINDS,Unknown,Unknown,703.1,-1.18,302.05,735.0,132.78,4.34,74.38,578.62,474.85,1164069.35,550334.0,0.47,Bullish,30,5,0,0,0,35,35,"Above 50 DMA, Above 200 DMA, Strong but overbought RSI"
28.08.2026 at 01:52 AM IST,MARINE,Unknown,Unknown,375.55,0.55,150.86,395.0,148.94,4.92,71.79,295.75,231.02,1300704.05,478975.0,0.37,Bullish,30,5,0,0,0,35,35,"Above 50 DMA, Above 200 DMA, Strong but overbought RSI"
28.08.2026 at 01:52 AM IST,GREENPLY,Unknown,Unknown,292.1,1.46,176.11,333.82,65.86,12.5,51.36,298.66,259.28,138357.85,54310.0,0.39,Bearish,15,20,0,0,0,35,35,"Above 200 DMA, Healthy RSI momentum"
28.08.2026 at 01:52 AM IST,DOLATALGO,Unknown,Unknown,74.58,0.12,64.96,95.64,14.81,22.02,60.59,71.5,76.34,202136.9,166396.0,0.82,Bullish,15,20,15,0,15,35,35,"Above 50 DMA, Healthy RSI momentum, Close to 52W low with recovery potential, Below 200 DMA risk"
28.08.2026 at 01:52 AM IST,TTL,Unknown,Unknown,6.59,1.54,5.5,11.8,19.82,44.15,58.68,6.47,7.97,337708.95,254308.0,0.75,Bullish,15,20,15,0,15,35,35,"Above 50 DMA, Healthy RSI momentum, Close to 52W low with recovery potential, Below 200 DMA risk"
28.08.2026 at 01:52 AM IST,SRD,Unknown,Unknown,40.1,0.28,36.0,90.94,11.39,55.9,53.79,39.36,49.69,39633.15,14021.0,0.35,Bullish,15,20,15,0,15,35,35,"Above 50 DMA, Healthy RSI momentum, Close to 52W low with recovery potential, Below 200 DMA risk"
28.08.2026 at 01:52 AM IST,GRINDWELL,Unknown,Unknown,2055.8,2.49,1316.5,2455.0,56.16,16.26,47.3,2091.74,1733.82,34905.95,53156.0,1.52,Bearish,15,10,0,10,0,35,35,"Above 200 DMA, RSI recovering zone, Volume expansion"
28.08.2026 at 01:52 AM IST,AEQUS,Unknown,Unknown,251.66,-1.39,113.3,274.39,122.12,8.28,55.74,239.31,,3342372.65,1913666.0,0.57,Bullish,15,20,0,0,0,35,35,"Above 50 DMA, Healthy RSI momentum"
28.08.2026 at 01:52 AM IST,BHAGYANGR,Unknown,Unknown,384.75,0.38,86.0,432.3,347.38,11.0,50.4,387.89,242.51,137027.8,75604.0,0.55,Bearish,15,20,0,0,0,35,35,"Above 200 DMA, Healthy RSI momentum"
28.08.2026 at 01:52 AM IST,TFCILTD,Unknown,Unknown,140.99,2.9,50.73,143.74,177.9,1.91,86.81,95.89,75.69,16581506.85,14091841.0,0.85,Bullish,30,5,0,0,0,35,35,"Above 50 DMA, Above 200 DMA, Strong but overbought RSI"
28.08.2026 at 01:52 AM IST,TFL,Unknown,Unknown,11.71,-0.34,10.21,18.5,14.69,36.7,54.44,11.5,12.86,11157.4,3204.0,0.29,Bullish,15,20,15,0,15,35,35,"Above 50 DMA, Healthy RSI momentum, Close to 52W low with recovery potential, Below 200 DMA risk"
28.08.2026 at 01:52 AM IST,DODLA,Unknown,Unknown,1094.0,-1.48,959.93,1493.5,13.97,26.75,51.15,1089.24,1123.96,35317.75,15728.0,0.45,Bullish,15,20,15,0,15,35,35,"Above 50 DMA, Healthy RSI momentum, Close to 52W low with recovery potential, Below 200 DMA risk"
28.08.2026 at 01:52 AM IST,JBMA,Automobile and Auto Components,Unknown,653.4,0.9,477.0,790.0,36.98,17.29,50.98,670.05,618.1,915196.9,401402.0,0.44,Bearish,15,20,0,0,0,35,35,"Above 200 DMA, Healthy RSI momentum"
28.08.2026 at 01:52 AM IST,BHARTIHEXA,Telecommunication,Unknown,1579.8,-0.82,1414.44,1934.32,11.69,18.33,50.26,1550.02,1592.18,184088.3,74603.0,0.41,Bullish,15,20,15,0,15,35,35,"Above 50 DMA, Healthy RSI momentum, Close to 52W low with recovery potential, Below 200 DMA risk"
28.08.2026 at 01:52 AM IST,UTLSOLAR,Unknown,Unknown,444.2,-0.55,172.0,494.25,158.26,10.13,60.35,379.33,,493062.55,318690.0,0.65,Bullish,15,20,0,0,0,35,35,"Above 50 DMA, Healthy RSI momentum"
28.08.2026 at 01:52 AM IST,KAMATHOTEL,Unknown,Unknown,227.08,-0.05,140.2,329.8,61.97,31.15,80.46,182.34,193.72,96495.7,75358.0,0.78,Bullish,30,5,0,0,0,35,35,"Above 50 DMA, Above 200 DMA, Strong but overbought RSI"
28.08.2026 at 01:52 AM IST,KABRAEXTRU,Unknown,Unknown,601.65,-1.23,180.0,625.15,234.25,3.76,75.71,380.46,267.14,549491.7,146744.0,0.27,Bullish,30,5,0,0,0,35,35,"Above 50 DMA, Above 200 DMA, Strong but overbought RSI"
28.08.2026 at 01:52 AM IST,JYOTICNC,Capital Goods,Unknown,1012.7,2.3,580.1,1055.9,74.57,4.09,77.21,818.32,821.17,1572121.1,1279815.0,0.81,Bullish,30,5,0,0,0,35,35,"Above 50 DMA, Above 200 DMA, Strong but overbought RSI"
28.08.2026 at 01:52 AM IST,JYOTHYLAB,Unknown,Unknown,211.87,-0.36,188.1,340.94,12.64,37.86,58.71,201.1,233.86,1057905.6,777195.0,0.73,Bullish,15,20,15,0,15,35,35,"Above 50 DMA, Healthy RSI momentum, Close to 52W low with recovery potential, Below 200 DMA risk"
28.08.2026 at 01:52 AM IST,DEVYANI,Consumer Services,Unknown,149.36,-0.36,91.55,191.0,63.15,21.8,71.82,122.41,122.92,7450831.25,5229223.0,0.7,Bullish,30,5,0,0,0,35,35,"Above 50 DMA, Above 200 DMA, Strong but overbought RSI"
28.08.2026 at 01:52 AM IST,PRABHA,Unknown,Unknown,209.16,1.03,137.91,255.0,51.66,17.98,77.02,159.06,167.17,695830.45,110272.0,0.16,Bullish,30,5,0,0,0,35,35,"Above 50 DMA, Above 200 DMA, Strong but overbought RSI"
28.08.2026 at 01:52 AM IST,TTKPRESTIG,Unknown,Unknown,610.15,2.45,418.48,762.96,45.8,20.03,50.56,615.84,568.13,93348.05,92498.0,0.99,Bearish,15,20,0,0,0,35,35,"Above 200 DMA, Healthy RSI momentum"
28.08.2026 at 01:52 AM IST,MASKINVEST,Unknown,Unknown,151.72,5.0,114.94,246.09,32.0,38.35,52.54,151.74,149.18,131.1,5.0,0.04,Bearish,15,20,0,0,0,35,35,"Above 200 DMA, Healthy RSI momentum"
28.08.2026 at 01:52 AM IST,TVSSCS,Unknown,Unknown,132.16,-2.21,90.32,146.5,46.32,9.79,53.16,133.57,117.01,3137056.55,1858038.0,0.59,Bearish,15,20,0,0,0,35,35,"Above 200 DMA, Healthy RSI momentum"
28.08.2026 at 01:52 AM IST,SUBEXLTD,Unknown,Unknown,17.62,-1.12,6.61,19.39,166.57,9.13,70.17,13.29,11.07,6818161.2,2523559.0,0.37,Bullish,30,5,0,0,0,35,35,"Above 50 DMA, Above 200 DMA, Strong but overbought RSI"
28.08.2026 at 01:52 AM IST,SUDARSCHEM,Unknown,Unknown,1234.3,0.24,723.17,1595.87,70.68,22.66,70.81,1025.09,938.18,621554.05,240189.0,0.39,Bullish,30,5,0,0,0,35,35,"Above 50 DMA, Above 200 DMA, Strong but overbought RSI"
28.08.2026 at 01:52 AM IST,PRESTIGE,Realty,Unknown,1615.1,-0.49,1088.63,1802.93,48.36,10.42,51.29,1617.4,1502.48,538282.3,393894.0,0.73,Bearish,15,20,0,0,0,35,35,"Above 200 DMA, Healthy RSI momentum"
28.08.2026 at 01:52 AM IST,SUPREMEIND,Capital Goods,Unknown,3540.0,-1.48,3140.0,4596.8,12.74,22.99,52.28,3436.86,3552.85,170002.6,155752.0,0.92,Bullish,15,20,15,0,15,35,35,"Above 50 DMA, Healthy RSI momentum, Close to 52W low with recovery potential, Below 200 DMA risk"
28.08.2026 at 01:52 AM IST,FUSION,Unknown,Unknown,205.24,2.59,136.5,243.0,50.36,15.54,50.48,208.06,182.03,889668.9,482148.0,0.54,Bearish,15,20,0,0,0,35,35,"Above 200 DMA, Healthy RSI momentum"
28.08.2026 at 01:52 AM IST,GODFRYPHLP,Fast Moving Consumer Goods,Unknown,2153.3,2.2,1805.69,3868.28,19.25,44.33,51.16,2141.6,2252.3,433547.1,305495.0,0.7,Bullish,15,20,15,0,15,35,35,"Above 50 DMA, Healthy RSI momentum, Close to 52W low with recovery potential, Below 200 DMA risk"
28.08.2026 at 01:52 AM IST,ARCHIDPLY,Unknown,Unknown,112.94,-1.22,60.0,124.78,88.23,9.49,80.97,85.87,84.45,76620.8,56348.0,0.74,Bullish,30,5,0,0,0,35,35,"Above 50 DMA, Above 200 DMA, Strong but overbought RSI"
28.08.2026 at 01:52 AM IST,STLNETWORK,Unknown,Unknown,25.5,-0.62,15.75,35.4,61.9,27.97,50.63,25.66,23.78,909114.9,483355.0,0.53,Bearish,15,20,0,0,0,35,35,"Above 200 DMA, Healthy RSI momentum"
28.08.2026 at 01:52 AM IST,APOLLOPIPE,Unknown,Unknown,653.1,-1.6,251.75,668.8,159.42,2.35,79.99,513.86,408.93,655693.7,395538.0,0.6,Bullish,30,5,0,0,0,35,35,"Above 50 DMA, Above 200 DMA, Strong but overbought RSI"
28.08.2026 at 01:52 AM IST,GOKEX,Unknown,Unknown,787.1,-0.52,531.0,954.9,48.23,17.57,45.09,820.91,743.57,282559.7,399678.0,1.41,Bearish,15,10,0,10,0,35,35,"Above 200 DMA, RSI recovering zone, Volume expansion"
28.08.2026 at 01:52 AM IST,PREMEXPLN,Unknown,Unknown,671.2,0.85,378.4,829.8,77.38,19.11,52.23,692.39,569.59,264886.95,127994.0,0.48,Bearish,15,20,0,0,0,35,35,"Above 200 DMA, Healthy RSI momentum"
28.08.2026 at 01:52 AM IST,AMBER,Consumer Durables,Unknown,7466.0,0.46,5400.5,8974.0,38.25,16.8,54.25,7503.1,7229.06,331276.55,245343.0,0.74,Bearish,15,20,0,0,0,35,35,"Above 200 DMA, Healthy RSI momentum"
28.08.2026 at 01:52 AM IST,DOLPHIN,Unknown,Unknown,613.3,0.5,322.0,669.95,90.47,8.46,77.73,429.02,413.48,138695.7,44112.0,0.32,Bullish,30,5,0,0,0,35,35,"Above 50 DMA, Above 200 DMA, Strong but overbought RSI"
28.08.2026 at 01:52 AM IST,DIGIDRIVE,Unknown,Unknown,17.95,1.36,16.1,34.37,11.49,47.77,51.68,18.17,21.86,23524.55,47966.0,2.04,Bearish,0,20,15,15,15,35,35,"Healthy RSI momentum, Close to 52W low with recovery potential, Strong volume expansion, Below 200 DMA risk"
28.08.2026 at 01:52 AM IST,DHANBANK,Unknown,Unknown,33.21,0.27,19.45,36.85,70.75,9.88,51.62,33.36,28.39,897968.2,339666.0,0.38,Bearish,15,20,0,0,0,35,35,"Above 200 DMA, Healthy RSI momentum"
28.08.2026 at 01:52 AM IST,STARHEALTH,Financial Services,Unknown,583.75,0.15,416.55,624.9,40.14,6.59,51.37,585.45,507.06,475222.4,240205.0,0.51,Bearish,15,20,0,0,0,35,35,"Above 200 DMA, Healthy RSI momentum"
28.08.2026 at 01:52 AM IST,DHAMPURSUG,Unknown,Unknown,183.67,2.2,108.49,199.92,69.3,8.13,71.23,149.99,134.22,1613010.4,928474.0,0.58,Bullish,30,5,0,0,0,35,35,"Above 50 DMA, Above 200 DMA, Strong but overbought RSI"
28.08.2026 at 01:52 AM IST,PNGSREVA,Unknown,Unknown,555.65,3.49,324.25,644.0,71.36,13.72,61.28,457.34,,708500.3,147361.0,0.21,Bullish,15,20,0,0,0,35,35,"Above 50 DMA, Healthy RSI momentum"
28.08.2026 at 01:52 AM IST,PRSMJOHNSN,Unknown,Unknown,112.29,4.01,97.1,176.0,15.64,36.2,57.19,111.7,124.32,5371932.2,2352902.0,0.44,Bullish,15,20,15,0,15,35,35,"Above 50 DMA, Healthy RSI momentum, Close to 52W low with recovery potential, Below 200 DMA risk"
28.08.2026 at 01:52 AM IST,PROSTARM,Unknown,Unknown,135.88,0.97,114.64,237.0,18.53,42.67,50.51,134.13,149.37,339815.45,140518.0,0.41,Bullish,15,20,15,0,15,35,35,"Above 50 DMA, Healthy RSI momentum, Close to 52W low with recovery potential, Below 200 DMA risk"
28.08.2026 at 01:52 AM IST,JKIL,Unknown,Unknown,500.65,0.72,425.0,672.0,17.8,25.5,52.65,495.93,523.57,99496.95,79052.0,0.79,Bullish,15,20,15,0,15,35,35,"Above 50 DMA, Healthy RSI momentum, Close to 52W low with recovery potential, Below 200 DMA risk"
28.08.2026 at 01:52 AM IST,JISLJALEQS,Unknown,Unknown,30.07,7.58,26.11,59.0,15.17,49.03,55.44,31.16,34.8,3100603.1,19004357.0,6.13,Bearish,0,20,15,15,15,35,35,"Healthy RSI momentum, Close to 52W low with recovery potential, Strong volume expansion, Below 200 DMA risk"
28.08.2026 at 01:52 AM IST,JUNIPER,Unknown,Unknown,212.04,0.17,188.5,312.5,12.49,32.15,67.14,197.9,216.83,373279.5,83070.0,0.22,Bullish,15,20,15,0,15,35,35,"Above 50 DMA, Healthy RSI momentum, Close to 52W low with recovery potential, Below 200 DMA risk"
28.08.2026 at 01:52 AM IST,GANGESSECU,Unknown,Unknown,121.43,-1.6,103.31,178.15,17.54,31.84,55.46,118.67,126.67,3267.3,2501.0,0.77,Bullish,15,20,15,0,15,35,35,"Above 50 DMA, Healthy RSI momentum, Close to 52W low with recovery potential, Below 200 DMA risk"
28.08.2026 at 01:52 AM IST,GLAXO,Healthcare,Unknown,3034.4,2.4,2088.1,3054.9,45.32,0.67,74.89,2565.03,2419.58,173901.5,111084.0,0.64,Bullish,30,5,0,0,0,35,35,"Above 50 DMA, Above 200 DMA, Strong but overbought RSI"
28.08.2026 at 01:52 AM IST,WELSPUNLIV,Textiles,Unknown,190.63,0.17,107.04,195.0,78.1,2.24,72.92,167.15,140.15,10290643.3,2367484.0,0.23,Bullish,30,5,0,0,0,35,35,"Above 50 DMA, Above 200 DMA, Strong but overbought RSI"
28.08.2026 at 01:52 AM IST,GILLANDERS,Unknown,Unknown,104.07,-1.71,76.0,131.89,36.93,21.09,70.07,90.73,94.94,11323.1,2971.0,0.26,Bullish,30,5,0,0,0,35,35,"Above 50 DMA, Above 200 DMA, Strong but overbought RSI"
28.08.2026 at 01:52 AM IST,ZYDUSWELL,Fast Moving Consumer Goods,Unknown,529.2,0.71,366.82,611.85,44.27,13.51,50.81,547.29,474.8,364196.4,231187.0,0.63,Bearish,15,20,0,0,0,35,35,"Above 200 DMA, Healthy RSI momentum"
28.08.2026 at 01:52 AM IST,SUNTECK,Unknown,Unknown,312.1,-0.61,270.75,472.5,15.27,33.95,57.63,311.02,351.74,177097.6,123674.0,0.7,Bullish,15,20,15,0,15,35,35,"Above 50 DMA, Healthy RSI momentum, Close to 52W low with recovery potential, Below 200 DMA risk"
28.08.2026 at 01:52 AM IST,WHEELS,Unknown,Unknown,1487.1,-0.81,697.46,1808.0,113.22,17.75,53.49,1490.49,1142.11,88550.4,37789.0,0.43,Bearish,15,20,0,0,0,35,35,"Above 200 DMA, Healthy RSI momentum"
28.08.2026 at 01:52 AM IST,SUNDRMFAST,Unknown,Unknown,1237.95,2.56,726.53,1250.3,70.39,0.99,78.08,1020.3,915.15,257725.0,193660.0,0.75,Bullish,30,5,0,0,0,35,35,"Above 50 DMA, Above 200 DMA, Strong but overbought RSI"
28.08.2026 at 01:52 AM IST,SUNDARMFIN,Financial Services,Unknown,4539.6,0.47,3979.02,5612.41,14.09,19.11,50.41,4537.36,4768.11,57153.25,22907.0,0.4,Bullish,15,20,15,0,15,35,35,"Above 50 DMA, Healthy RSI momentum, Close to 52W low with recovery potential, Below 200 DMA risk"
28.08.2026 at 01:52 AM IST,SUNFLAG,Unknown,Unknown,350.45,0.6,192.15,428.0,82.38,18.12,44.16,354.04,296.39,238684.5,341062.0,1.43,Bearish,15,8,0,10,0,33,33,"Above 200 DMA, Weak but watchable RSI, Volume expansion"
28.08.2026 at 01:52 AM IST,RITES,Services,Unknown,218.01,0.15,173.95,272.1,25.33,19.88,47.52,218.36,217.21,719788.15,208076.0,0.29,Bearish,15,10,8,0,0,33,33,"Above 200 DMA, RSI recovering zone, Within 30% of 52W low"
28.08.2026 at 01:52 AM IST,INDHOTEL,Consumer Services,Unknown,721.0,-1.23,562.49,789.04,28.18,8.62,45.15,729.35,686.18,1471149.5,730279.0,0.5,Bearish,15,10,8,0,0,33,33,"Above 200 DMA, RSI recovering zone, Within 30% of 52W low"
28.08.2026 at 01:52 AM IST,RPTECH,Unknown,Unknown,778.95,-0.06,275.92,965.48,182.31,19.32,42.5,800.5,502.98,823641.85,1188598.0,1.44,Bearish,15,8,0,10,0,33,33,"Above 200 DMA, Weak but watchable RSI, Volume expansion"
28.08.2026 at 01:52 AM IST,SAATVIKGL,Unknown,Unknown,423.85,0.47,328.0,567.0,29.22,25.25,48.13,441.79,422.02,155520.3,61619.0,0.4,Bearish,15,10,8,0,0,33,33,"Above 200 DMA, RSI recovering zone, Within 30% of 52W low"
28.08.2026 at 01:52 AM IST,IKS,Information Technology,Unknown,1741.4,-2.76,1262.0,1933.0,37.99,9.91,41.77,1803.33,1639.24,167175.15,231100.0,1.38,Bearish,15,8,0,10,0,33,33,"Above 200 DMA, Weak but watchable RSI, Volume expansion"
28.08.2026 at 01:52 AM IST,DLINKINDIA,Unknown,Unknown,443.8,-1.1,349.13,521.54,27.11,14.91,49.75,463.02,422.49,218981.0,43506.0,0.2,Bearish,15,10,8,0,0,33,33,"Above 200 DMA, RSI recovering zone, Within 30% of 52W low"
28.08.2026 at 01:52 AM IST,ADANIGREEN,Power,Unknown,1303.2,-2.02,765.0,1631.5,70.35,20.12,37.44,1439.79,1171.52,1528152.55,2448739.0,1.6,Bearish,15,8,0,10,0,33,33,"Above 200 DMA, Weak but watchable RSI, Volume expansion"
28.08.2026 at 01:52 AM IST,ADANIENSOL,Power,Unknown,1570.5,-1.51,744.9,1789.0,110.83,12.21,44.26,1610.28,1240.39,2161569.85,3719296.0,1.72,Bearish,15,8,0,10,0,33,33,"Above 200 DMA, Weak but watchable RSI, Volume expansion"
28.08.2026 at 01:52 AM IST,PTC,Unknown,Unknown,157.28,-0.49,130.34,203.54,20.66,22.73,45.57,158.48,154.32,3521372.8,963657.0,0.27,Bearish,15,10,8,0,0,33,33,"Above 200 DMA, RSI recovering zone, Within 30% of 52W low"
28.08.2026 at 01:52 AM IST,BIOCON,Healthcare,Unknown,417.5,0.07,336.65,447.15,24.02,6.63,47.13,422.64,395.72,3408122.1,2245587.0,0.66,Bearish,15,10,8,0,0,33,33,"Above 200 DMA, RSI recovering zone, Within 30% of 52W low"
28.08.2026 at 01:52 AM IST,CANBK,Financial Services,Unknown,129.45,0.5,100.24,157.69,29.14,17.91,51.82,128.15,135.83,15014829.55,15134921.0,1.01,Bullish,15,20,8,5,15,33,33,"Above 50 DMA, Healthy RSI momentum, Within 30% of 52W low, Normal volume support, Below 200 DMA risk"
28.08.2026 at 01:52 AM IST,UMIYA-MRO,Unknown,Unknown,89.24,0.43,70.0,110.9,27.49,19.53,49.09,89.84,86.61,10182.45,2442.0,0.24,Bearish,15,10,8,0,0,33,33,"Above 200 DMA, RSI recovering zone, Within 30% of 52W low"
28.08.2026 at 01:52 AM IST,CUMMINSIND,Capital Goods,Unknown,5200.0,-0.75,3729.27,6049.82,39.44,14.05,39.77,5477.15,4900.55,495949.1,714039.0,1.44,Bearish,15,8,0,10,0,33,33,"Above 200 DMA, Weak but watchable RSI, Volume expansion"
28.08.2026 at 01:52 AM IST,INCREDIBLE,Unknown,Unknown,34.3,2.45,28.1,52.87,22.06,35.12,58.01,33.11,35.79,4087.5,4817.0,1.18,Bullish,15,20,8,5,15,33,33,"Above 50 DMA, Healthy RSI momentum, Within 30% of 52W low, Normal volume support, Below 200 DMA risk"
28.08.2026 at 01:52 AM IST,NSIL,Unknown,Unknown,5783.5,1.72,4700.0,8730.0,23.05,33.75,62.83,5538.48,5875.37,2212.6,2447.0,1.11,Bullish,15,20,8,5,15,33,33,"Above 50 DMA, Healthy RSI momentum, Within 30% of 52W low, Normal volume support, Below 200 DMA risk"
28.08.2026 at 01:52 AM IST,SANGAMIND,Unknown,Unknown,570.95,1.21,338.59,672.5,68.62,15.1,41.73,583.48,495.71,26247.8,34780.0,1.33,Bearish,15,8,0,10,0,33,33,"Above 200 DMA, Weak but watchable RSI, Volume expansion"
28.08.2026 at 01:52 AM IST,AVL,Unknown,Unknown,585.6,1.86,435.62,703.5,34.43,16.76,38.41,626.96,536.29,186972.9,292001.0,1.56,Bearish,15,8,0,10,0,33,33,"Above 200 DMA, Weak but watchable RSI, Volume expansion"
28.08.2026 at 01:52 AM IST,MMTC,Services,Unknown,64.02,0.19,50.1,78.35,27.78,18.29,49.45,65.27,63.3,3603601.5,1381619.0,0.38,Bearish,15,10,8,0,0,33,33,"Above 200 DMA, RSI recovering zone, Within 30% of 52W low"
28.08.2026 at 01:52 AM IST,MEGASTAR,Unknown,Unknown,309.8,1.37,203.0,392.0,52.61,20.97,41.99,338.22,278.56,4192.0,8091.0,1.93,Bearish,15,8,0,10,0,33,33,"Above 200 DMA, Weak but watchable RSI, Volume expansion"
28.08.2026 at 01:52 AM IST,ARIHANT,Unknown,Unknown,973.3,0.14,39.65,1225.0,2354.73,20.55,40.82,950.45,,4015.05,7801.0,1.94,Bullish,15,8,0,10,0,33,33,"Above 50 DMA, Weak but watchable RSI, Volume expansion"
28.08.2026 at 01:52 AM IST,ARKADE,Unknown,Unknown,128.02,1.32,92.62,188.25,38.22,31.99,43.03,131.64,127.09,452494.5,588707.0,1.3,Bearish,15,8,0,10,0,33,33,"Above 200 DMA, Weak but watchable RSI, Volume expansion"
28.08.2026 at 01:52 AM IST,ATLASCYCLE,Unknown,Unknown,96.63,-0.48,76.15,135.0,26.89,28.42,45.77,97.83,96.56,7065.0,1517.0,0.21,Bearish,15,10,8,0,0,33,33,"Above 200 DMA, RSI recovering zone, Within 30% of 52W low"
28.08.2026 at 01:52 AM IST,HAWKINCOOK,Unknown,Unknown,8197.5,0.55,6998.24,9450.43,17.14,13.26,44.7,8415.24,,1366.8,1934.0,1.41,Bearish,0,8,15,10,0,33,33,"Weak but watchable RSI, Close to 52W low with recovery potential, Volume expansion"
28.08.2026 at 01:52 AM IST,ANURAS,Chemicals,Unknown,1267.6,0.24,1045.2,1415.0,21.28,10.42,66.75,1246.87,1273.39,302064.4,370003.0,1.22,Bullish,15,20,8,5,15,33,33,"Above 50 DMA, Healthy RSI momentum, Within 30% of 52W low, Normal volume support, Below 200 DMA risk"
28.08.2026 at 01:52 AM IST,LORDSCHLO,Unknown,Unknown,139.54,3.75,108.0,233.0,29.2,40.11,51.06,139.15,146.18,14131.7,15542.0,1.1,Bullish,15,20,8,5,15,33,33,"Above 50 DMA, Healthy RSI momentum, Within 30% of 52W low, Normal volume support, Below 200 DMA risk"
28.08.2026 at 01:52 AM IST,PYRAMID,Unknown,Unknown,162.73,0.06,131.8,198.69,23.47,18.1,42.27,169.76,161.64,76053.9,74959.0,0.99,Bearish,15,8,8,0,0,31,31,"Above 200 DMA, Weak but watchable RSI, Within 30% of 52W low"
28.08.2026 at 01:52 AM IST,SUNPHARMA,Healthcare,Unknown,1899.5,-1.17,1533.99,2046.9,23.83,7.2,43.31,1918.52,1790.46,1919301.95,648845.0,0.34,Bearish,15,8,8,0,0,31,31,"Above 200 DMA, Weak but watchable RSI, Within 30% of 52W low"
28.08.2026 at 01:52 AM IST,GEMAROMA,Unknown,Unknown,172.35,-0.26,133.0,325.75,29.59,47.09,43.71,184.03,171.96,107041.1,68641.0,0.64,Bearish,15,8,8,0,0,31,31,"Above 200 DMA, Weak but watchable RSI, Within 30% of 52W low"
28.08.2026 at 01:52 AM IST,PGHL,Unknown,Unknown,5721.0,-1.15,4670.26,6920.56,22.5,17.33,30.45,6292.97,5562.55,18640.4,13177.0,0.71,Bearish,15,8,8,0,0,31,31,"Above 200 DMA, Weak but watchable RSI, Within 30% of 52W low"
28.08.2026 at 01:52 AM IST,AERONEU,Unknown,Unknown,82.14,-2.95,63.21,125.37,29.95,34.48,43.61,87.74,80.14,48288.15,24674.0,0.51,Bearish,15,8,8,0,0,31,31,"Above 200 DMA, Weak but watchable RSI, Within 30% of 52W low"
28.08.2026 at 01:52 AM IST,CERA,Unknown,Unknown,5717.0,-1.75,4410.18,6663.07,29.63,14.2,36.82,6143.38,5450.76,11181.5,8781.0,0.79,Bearish,15,8,8,0,0,31,31,"Above 200 DMA, Weak but watchable RSI, Within 30% of 52W low"
28.08.2026 at 01:52 AM IST,JLHL,Unknown,Unknown,298.75,0.02,235.42,340.0,26.9,12.13,37.5,303.76,274.21,208592.1,101768.0,0.49,Bearish,15,8,8,0,0,31,31,"Above 200 DMA, Weak but watchable RSI, Within 30% of 52W low"
28.08.2026 at 01:52 AM IST,TRAVELFOOD,Consumer Services,Unknown,1287.8,-0.66,1035.3,1470.9,24.39,12.45,39.69,1326.29,1243.07,116025.6,28646.0,0.25,Bearish,15,8,8,0,0,31,31,"Above 200 DMA, Weak but watchable RSI, Within 30% of 52W low"
28.08.2026 at 01:52 AM IST,PICCADIL,Unknown,Unknown,665.3,-1.71,515.0,809.7,29.18,17.83,41.95,683.59,607.5,475513.35,164015.0,0.34,Bearish,15,8,8,0,0,31,31,"Above 200 DMA, Weak but watchable RSI, Within 30% of 52W low"
28.08.2026 at 01:52 AM IST,DATAMATICS,Unknown,Unknown,798.7,-0.06,632.0,1048.31,26.38,23.81,36.46,835.36,782.97,108042.25,37855.0,0.35,Bearish,15,8,8,0,0,31,31,"Above 200 DMA, Weak but watchable RSI, Within 30% of 52W low"
28.08.2026 at 01:52 AM IST,NESTLEIND,Fast Moving Consumer Goods,Unknown,1451.5,-1.86,1133.4,1553.0,28.07,6.54,42.69,1459.06,1340.57,1993724.05,625901.0,0.31,Bearish,15,8,8,0,0,31,31,"Above 200 DMA, Weak but watchable RSI, Within 30% of 52W low"
28.08.2026 at 01:52 AM IST,MARICO,Fast Moving Consumer Goods,Unknown,833.0,-1.71,687.16,889.1,21.22,6.31,40.6,847.56,785.29,1504600.45,1411009.0,0.94,Bearish,15,8,8,0,0,31,31,"Above 200 DMA, Weak but watchable RSI, Within 30% of 52W low"
28.08.2026 at 01:52 AM IST,GREENLAM,Unknown,Unknown,247.3,-0.62,197.29,278.55,25.35,11.22,44.75,254.47,242.17,244790.05,43993.0,0.18,Bearish,15,8,8,0,0,31,31,"Above 200 DMA, Weak but watchable RSI, Within 30% of 52W low"
28.08.2026 at 01:52 AM IST,ATULAUTO,Unknown,Unknown,487.5,0.32,380.05,596.55,28.27,18.28,44.27,494.65,464.91,454055.1,35512.0,0.08,Bearish,15,8,8,0,0,31,31,"Above 200 DMA, Weak but watchable RSI, Within 30% of 52W low"
28.08.2026 at 01:52 AM IST,STAR,Unknown,Unknown,982.9,-0.38,765.07,1225.26,28.47,19.78,44.04,1043.18,974.94,547455.55,97630.0,0.18,Bearish,15,8,8,0,0,31,31,"Above 200 DMA, Weak but watchable RSI, Within 30% of 52W low"
28.08.2026 at 01:52 AM IST,ASIANPAINT,Consumer Durables,Unknown,2626.5,-0.5,2096.81,2960.02,25.26,11.27,37.51,2694.91,2592.78,778524.2,339110.0,0.44,Bearish,15,8,8,0,0,31,31,"Above 200 DMA, Weak but watchable RSI, Within 30% of 52W low"
28.08.2026 at 01:52 AM IST,NIVABUPA,Financial Services,Unknown,82.17,-1.25,67.5,91.4,21.73,10.1,37.36,85.54,79.17,1708624.65,324029.0,0.19,Bearish,15,8,8,0,0,31,31,"Above 200 DMA, Weak but watchable RSI, Within 30% of 52W low"
28.08.2026 at 01:52 AM IST,CAMS,Financial Services,Unknown,746.0,-0.53,606.32,837.88,23.04,10.97,38.14,778.44,740.98,1277989.55,617953.0,0.48,Bearish,15,8,8,0,0,31,31,"Above 200 DMA, Weak but watchable RSI, Within 30% of 52W low"
28.08.2026 at 01:52 AM IST,GVPTECH,Unknown,Unknown,7.38,4.24,5.22,11.19,41.38,34.05,60.64,6.98,7.42,63587.15,119644.0,1.88,Bullish,15,20,0,10,15,30,30,"Above 50 DMA, Healthy RSI momentum, Volume expansion, Below 200 DMA risk"
28.08.2026 at 01:52 AM IST,SILGO,Unknown,Unknown,72.85,0.66,61.0,86.2,19.43,15.49,58.02,72.96,73.58,203236.15,297563.0,1.46,Bearish,0,20,15,10,15,30,30,"Healthy RSI momentum, Close to 52W low with recovery potential, Volume expansion, Below 200 DMA risk"
28.08.2026 at 01:52 AM IST,HDFCLIFE,Financial Services,Unknown,553.0,1.15,530.5,800.15,4.24,30.89,52.99,559.29,646.9,3637773.5,3818521.0,1.05,Bearish,0,20,20,5,15,30,30,"Healthy RSI momentum, Near 52W low with non-crashing RSI, Normal volume support, Below 200 DMA risk"
28.08.2026 at 01:52 AM IST,GSPCROP,Unknown,Unknown,643.15,1.86,328.0,667.95,96.08,3.71,81.34,510.01,,315388.35,517393.0,1.64,Bullish,15,5,0,10,0,30,30,"Above 50 DMA, Strong but overbought RSI, Volume expansion"
28.08.2026 at 01:52 AM IST,CONTROLPR,Unknown,Unknown,601.3,-0.64,512.2,885.18,17.4,32.07,54.66,611.22,642.29,21319.9,36514.0,1.71,Bearish,0,20,15,10,15,30,30,"Healthy RSI momentum, Close to 52W low with recovery potential, Volume expansion, Below 200 DMA risk"
28.08.2026 at 01:52 AM IST,EMAMILTD,Fast Moving Consumer Goods,Unknown,401.45,-0.31,376.4,606.01,6.66,33.75,47.14,407.45,450.46,791179.0,2020394.0,2.55,Bearish,0,10,20,15,15,30,30,"RSI recovering zone, Near 52W low with non-crashing RSI, Strong volume expansion, Below 200 DMA risk"
28.08.2026 at 01:52 AM IST,CAPILLARY,Unknown,Unknown,506.6,-0.74,464.25,798.95,9.12,36.59,46.21,510.82,,1231553.9,147688.0,0.12,Bearish,0,10,20,0,0,30,30,"RSI recovering zone, Near 52W low with non-crashing RSI"
28.08.2026 at 01:52 AM IST,PWL,Consumer Services,Unknown,126.13,3.94,77.72,161.99,62.29,22.14,52.72,128.83,,14239954.55,27224374.0,1.91,Bearish,0,20,0,10,0,30,30,"Healthy RSI momentum, Volume expansion"
28.08.2026 at 01:52 AM IST,INNOVANA,Unknown,Unknown,316.9,2.13,290.0,564.8,9.28,43.89,46.67,323.33,375.07,7566.55,21213.0,2.8,Bearish,0,10,20,15,15,30,30,"RSI recovering zone, Near 52W low with non-crashing RSI, Strong volume expansion, Below 200 DMA risk"
28.08.2026 at 01:52 AM IST,XELPMOC,Unknown,Unknown,81.81,-0.39,74.0,155.5,10.55,47.39,51.23,82.41,108.1,11787.15,15387.0,1.31,Bearish,0,20,15,10,15,30,30,"Healthy RSI momentum, Close to 52W low with recovery potential, Volume expansion, Below 200 DMA risk"
28.08.2026 at 01:52 AM IST,PROZONER,Unknown,Unknown,43.51,-2.73,39.31,72.77,10.68,40.21,52.29,43.89,50.57,187675.4,247369.0,1.32,Bearish,0,20,15,10,15,30,30,"Healthy RSI momentum, Close to 52W low with recovery potential, Volume expansion, Below 200 DMA risk"
28.08.2026 at 01:52 AM IST,ZFSTEERING,Unknown,Unknown,669.6,-0.41,620.65,894.98,7.89,25.18,48.43,677.8,,4957.45,4400.0,0.89,Bearish,0,10,20,0,0,30,30,"RSI recovering zone, Near 52W low with non-crashing RSI"
28.08.2026 at 01:52 AM IST,V2RETAIL,Unknown,Unknown,219.79,-1.55,158.56,259.25,38.62,15.22,48.51,223.23,216.58,1099996.2,1290836.0,1.17,Bearish,15,10,0,5,0,30,30,"Above 200 DMA, RSI recovering zone, Normal volume support"
28.08.2026 at 01:52 AM IST,KEEPLEARN,Unknown,Unknown,1.98,3.13,1.51,3.21,31.13,38.32,54.16,1.9,2.1,65146.65,111714.0,1.71,Bullish,15,20,0,10,15,30,30,"Above 50 DMA, Healthy RSI momentum, Volume expansion, Below 200 DMA risk"
28.08.2026 at 01:52 AM IST,VAKRANGEE,Unknown,Unknown,6.05,2.2,4.61,9.77,31.24,38.08,57.23,6.02,6.71,830415.1,1451107.0,1.75,Bullish,15,20,0,10,15,30,30,"Above 50 DMA, Healthy RSI momentum, Volume expansion, Below 200 DMA risk"
28.08.2026 at 01:52 AM IST,SRTL,Unknown,Unknown,40.02,0.58,38.0,73.36,5.32,45.45,49.95,40.15,,30877.3,22451.0,0.73,Bearish,0,10,20,0,0,30,30,"RSI recovering zone, Near 52W low with non-crashing RSI"
28.08.2026 at 01:52 AM IST,AKSHAR,Unknown,Unknown,0.42,2.44,0.36,0.76,16.67,44.74,54.5,0.42,0.47,1119290.5,1995736.0,1.78,Bearish,0,20,15,10,15,30,30,"Healthy RSI momentum, Close to 52W low with recovery potential, Volume expansion, Below 200 DMA risk"
28.08.2026 at 01:52 AM IST,SKFINDIA,Unknown,Unknown,1587.1,1.2,1370.53,4953.04,15.8,67.96,54.33,1558.72,1659.91,135695.35,21282.0,0.16,Bullish,15,20,15,0,20,30,30,"Above 50 DMA, Healthy RSI momentum, Close to 52W low with recovery potential, Below 200 DMA risk, Very far from 52W high"
28.08.2026 at 01:52 AM IST,SURYODAY,Unknown,Unknown,158.43,4.91,114.48,218.0,38.39,27.33,46.01,170.58,148.7,668866.9,847539.0,1.27,Bearish,15,10,0,5,0,30,30,"Above 200 DMA, RSI recovering zone, Normal volume support"
28.08.2026 at 01:52 AM IST,ALGOQUANT,Unknown,Unknown,64.98,-3.2,47.8,71.01,35.94,8.49,47.63,63.25,,1280115.5,1336854.0,1.04,Bullish,15,10,0,5,0,30,30,"Above 50 DMA, RSI recovering zone, Normal volume support"
28.08.2026 at 01:52 AM IST,SIS,Unknown,Unknown,421.1,1.94,257.05,480.95,63.82,12.44,46.86,429.51,359.07,163148.85,180645.0,1.11,Bearish,15,10,0,5,0,30,30,"Above 200 DMA, RSI recovering zone, Normal volume support"
28.08.2026 at 01:52 AM IST,TECILCHEM,Unknown,Unknown,9.49,9.08,8.0,22.87,18.62,58.5,51.84,9.76,13.68,50564.2,70146.0,1.39,Bearish,0,20,15,10,15,30,30,"Healthy RSI momentum, Close to 52W low with recovery potential, Volume expansion, Below 200 DMA risk"
28.08.2026 at 01:52 AM IST,RHL,Unknown,Unknown,169.75,1.56,160.98,309.9,5.45,45.22,48.77,173.3,186.41,2976.75,8802.0,2.96,Bearish,0,10,20,15,15,30,30,"RSI recovering zone, Near 52W low with non-crashing RSI, Strong volume expansion, Below 200 DMA risk"
28.08.2026 at 01:52 AM IST,BLUEDART,Services,Unknown,5007.0,0.25,4628.5,7036.0,8.18,28.84,45.67,5006.12,5272.85,46244.15,1989.0,0.04,Bullish,15,10,20,0,15,30,30,"Above 50 DMA, RSI recovering zone, Near 52W low with non-crashing RSI, Below 200 DMA risk"
28.08.2026 at 01:52 AM IST,YATRA,Unknown,Unknown,112.89,-0.9,89.9,202.0,25.57,44.11,51.42,111.3,128.88,2469013.45,639544.0,0.26,Bullish,15,20,8,0,15,28,28,"Above 50 DMA, Healthy RSI momentum, Within 30% of 52W low, Below 200 DMA risk"
28.08.2026 at 01:52 AM IST,CENTRALBK,Financial Services,Unknown,30.83,0.33,29.32,40.26,5.15,23.42,42.34,31.77,34.49,5487778.65,12006169.0,2.19,Bearish,0,8,20,15,15,28,28,"Weak but watchable RSI, Near 52W low with non-crashing RSI, Strong volume expansion, Below 200 DMA risk"
28.08.2026 at 01:52 AM IST,RMC,Unknown,Unknown,256.75,1.28,245.4,530.0,4.63,51.56,41.71,292.08,,136430.7,24139.0,0.18,Bearish,0,8,20,0,0,28,28,"Weak but watchable RSI, Near 52W low with non-crashing RSI"
28.08.2026 at 01:52 AM IST,ELCIDIN,Unknown,Unknown,109130.0,0.12,105505.0,136968.89,3.44,20.32,41.15,112064.6,,17.1,4.0,0.23,Bearish,0,8,20,0,0,28,28,"Weak but watchable RSI, Near 52W low with non-crashing RSI"
28.08.2026 at 01:52 AM IST,OSWALSEEDS,Unknown,Unknown,12.37,2.83,9.66,20.28,28.05,39.0,58.29,11.0,12.64,309340.9,54305.0,0.18,Bullish,15,20,8,0,15,28,28,"Above 50 DMA, Healthy RSI momentum, Within 30% of 52W low, Below 200 DMA risk"
28.08.2026 at 01:52 AM IST,RAINBOW,Healthcare,Unknown,1446.7,0.1,1081.46,1610.0,33.77,10.14,43.17,1473.03,1319.36,111226.6,119965.0,1.08,Bearish,15,8,0,5,0,28,28,"Above 200 DMA, Weak but watchable RSI, Normal volume support"
28.08.2026 at 01:52 AM IST,DMART,Consumer Services,Unknown,3826.9,-2.12,3600.0,4949.5,6.3,22.68,35.65,4053.34,4029.14,500249.65,2373823.0,4.75,Bearish,0,8,20,15,15,28,28,"Weak but watchable RSI, Near 52W low with non-crashing RSI, Strong volume expansion, Below 200 DMA risk"
28.08.2026 at 01:52 AM IST,DISAQ,Unknown,Unknown,11590.0,-3.21,10676.97,12657.68,8.55,8.44,44.29,11908.81,,535.4,389.0,0.73,Bearish,0,8,20,0,0,28,28,"Weak but watchable RSI, Near 52W low with non-crashing RSI"
28.08.2026 at 01:52 AM IST,ROUTE,Unknown,Unknown,523.45,3.12,406.12,872.04,28.89,39.97,51.04,533.83,556.83,245916.4,610327.0,2.48,Bearish,0,20,8,15,15,28,28,"Healthy RSI momentum, Within 30% of 52W low, Strong volume expansion, Below 200 DMA risk"
28.08.2026 at 01:52 AM IST,VIKASECO,Unknown,Unknown,1.08,1.89,0.99,2.15,9.09,49.77,37.76,1.15,1.38,2161957.1,4688233.0,2.17,Bearish,0,8,20,15,15,28,28,"Weak but watchable RSI, Near 52W low with non-crashing RSI, Strong volume expansion, Below 200 DMA risk"
28.08.2026 at 01:52 AM IST,VIKASLIFE,Unknown,Unknown,1.32,6.45,1.05,2.37,25.71,44.3,60.92,1.34,1.55,2586735.6,10694106.0,4.13,Bearish,0,20,8,15,15,28,28,"Healthy RSI momentum, Within 30% of 52W low, Strong volume expansion, Below 200 DMA risk"
28.08.2026 at 01:52 AM IST,BLUECHIP,Unknown,Unknown,2.06,1.98,1.65,4.5,24.85,54.22,68.91,2.05,2.51,25477.9,12073.0,0.47,Bullish,15,20,8,0,15,28,28,"Above 50 DMA, Healthy RSI momentum, Within 30% of 52W low, Below 200 DMA risk"
28.08.2026 at 01:52 AM IST,CCHHL,Unknown,Unknown,12.98,3.43,10.03,19.5,29.41,33.44,55.83,12.72,13.67,17150.95,4888.0,0.28,Bullish,15,20,8,0,15,28,28,"Above 50 DMA, Healthy RSI momentum, Within 30% of 52W low, Below 200 DMA risk"
28.08.2026 at 01:52 AM IST,SWIGGY,Consumer Services,Unknown,286.55,-0.3,235.75,474.0,21.55,39.55,58.44,268.57,305.96,17822249.25,10538391.0,0.59,Bullish,15,20,8,0,15,28,28,"Above 50 DMA, Healthy RSI momentum, Within 30% of 52W low, Below 200 DMA risk"
28.08.2026 at 01:52 AM IST,UBL,Fast Moving Consumer Goods,Unknown,1353.7,0.38,1266.98,1868.7,6.84,27.56,43.61,1363.34,1486.03,103549.35,334327.0,3.23,Bearish,0,8,20,15,15,28,28,"Weak but watchable RSI, Near 52W low with non-crashing RSI, Strong volume expansion, Below 200 DMA risk"
28.08.2026 at 01:52 AM IST,MUTHOOTFIN,Financial Services,Unknown,3206.9,0.18,2582.36,4114.71,24.18,22.06,67.17,3015.13,3395.98,1498995.25,486712.0,0.32,Bullish,15,20,8,0,15,28,28,"Above 50 DMA, Healthy RSI momentum, Within 30% of 52W low, Below 200 DMA risk"
28.08.2026 at 01:52 AM IST,GICRE,Financial Services,Unknown,349.75,-0.47,346.7,417.95,0.88,16.32,38.72,359.65,375.57,611976.15,1502465.0,2.46,Bearish,0,8,20,15,15,28,28,"Weak but watchable RSI, Near 52W low with non-crashing RSI, Strong volume expansion, Below 200 DMA risk"
28.08.2026 at 01:52 AM IST,YESBANK,Financial Services,Unknown,22.38,-0.53,17.2,25.78,30.12,13.19,39.04,23.48,21.87,45153718.85,53612306.0,1.19,Bearish,15,8,0,5,0,28,28,"Above 200 DMA, Weak but watchable RSI, Normal volume support"
28.08.2026 at 01:52 AM IST,AARON,Unknown,Unknown,136.08,-2.09,106.42,229.83,27.87,40.79,52.62,126.97,146.66,19136.45,6661.0,0.35,Bullish,15,20,8,0,15,28,28,"Above 50 DMA, Healthy RSI momentum, Within 30% of 52W low, Below 200 DMA risk"
28.08.2026 at 01:52 AM IST,APOLLOTYRE,Automobile and Auto Components,Unknown,443.05,0.37,363.22,533.71,21.98,16.99,55.96,434.07,450.17,1069715.6,376674.0,0.35,Bullish,15,20,8,0,15,28,28,"Above 50 DMA, Healthy RSI momentum, Within 30% of 52W low, Below 200 DMA risk"
28.08.2026 at 01:52 AM IST,GLOBALE,Unknown,Unknown,11.49,-1.79,9.2,15.4,24.89,25.39,55.91,11.38,11.91,4367.4,3768.0,0.86,Bullish,15,20,8,0,15,28,28,"Above 50 DMA, Healthy RSI momentum, Within 30% of 52W low, Below 200 DMA risk"
28.08.2026 at 01:52 AM IST,HINDPETRO,Oil Gas & Consumable Fuels,Unknown,375.5,0.62,300.71,483.54,24.87,22.34,54.18,374.94,391.36,5779829.6,3071299.0,0.53,Bullish,15,20,8,0,15,28,28,"Above 50 DMA, Healthy RSI momentum, Within 30% of 52W low, Below 200 DMA risk"
28.08.2026 at 01:52 AM IST,ANNAPURNA,Unknown,Unknown,148.85,0.13,120.75,287.0,23.27,48.14,53.15,137.8,173.03,99011.1,25024.0,0.25,Bullish,15,20,8,0,15,28,28,"Above 50 DMA, Healthy RSI momentum, Within 30% of 52W low, Below 200 DMA risk"
28.08.2026 at 01:52 AM IST,THOMASCOOK,Unknown,Unknown,110.21,0.26,85.96,180.73,28.21,39.02,58.04,105.26,113.27,3133313.85,1309913.0,0.42,Bullish,15,20,8,0,15,28,28,"Above 50 DMA, Healthy RSI momentum, Within 30% of 52W low, Below 200 DMA risk"
28.08.2026 at 01:52 AM IST,DREAMFOLKS,Unknown,Unknown,68.77,2.0,56.0,160.0,22.8,57.02,51.78,68.49,85.28,65883.65,64740.0,0.98,Bullish,15,20,8,0,15,28,28,"Above 50 DMA, Healthy RSI momentum, Within 30% of 52W low, Below 200 DMA risk"
28.08.2026 at 01:52 AM IST,BIOFILCHEM,Unknown,Unknown,32.72,2.06,25.6,46.34,27.81,29.39,53.04,33.3,33.66,64214.8,368174.0,5.73,Bearish,0,20,8,15,15,28,28,"Healthy RSI momentum, Within 30% of 52W low, Strong volume expansion, Below 200 DMA risk"
28.08.2026 at 01:52 AM IST,DOLLAR,Unknown,Unknown,270.9,-1.35,217.93,391.39,24.3,30.79,51.17,265.94,291.07,171425.05,50245.0,0.29,Bullish,15,20,8,0,15,28,28,"Above 50 DMA, Healthy RSI momentum, Within 30% of 52W low, Below 200 DMA risk"
28.08.2026 at 01:52 AM IST,PNC,Unknown,Unknown,16.99,-4.92,16.0,40.64,6.19,58.19,31.25,20.06,22.67,14323.45,39493.0,2.76,Bearish,0,8,20,15,15,28,28,"Weak but watchable RSI, Near 52W low with non-crashing RSI, Strong volume expansion, Below 200 DMA risk"
28.08.2026 at 01:52 AM IST,AMJLAND,Unknown,Unknown,38.68,0.94,30.14,60.69,28.32,36.26,51.61,38.19,42.14,16733.45,7795.0,0.47,Bullish,15,20,8,0,15,28,28,"Above 50 DMA, Healthy RSI momentum, Within 30% of 52W low, Below 200 DMA risk"
28.08.2026 at 01:52 AM IST,TANLA,Unknown,Unknown,526.05,-5.4,361.83,750.08,45.38,29.87,32.19,566.58,516.81,706041.5,1298615.0,1.84,Bearish,15,8,0,10,5,28,28,"Above 200 DMA, Weak but watchable RSI, Volume expansion, Sharp daily fall"
28.08.2026 at 01:52 AM IST,CEINSYS,Unknown,Unknown,728.2,0.8,697.15,1249.9,4.45,41.74,30.08,862.27,,81691.95,50281.0,0.62,Bearish,0,8,20,0,0,28,28,"Weak but watchable RSI, Near 52W low with non-crashing RSI"
28.08.2026 at 01:52 AM IST,CRAMC,Unknown,Unknown,260.6,1.58,212.17,348.32,22.83,25.18,52.54,256.29,261.26,296896.5,164425.0,0.55,Bullish,15,20,8,0,15,28,28,"Above 50 DMA, Healthy RSI momentum, Within 30% of 52W low, Below 200 DMA risk"
28.08.2026 at 01:52 AM IST,SPIC,Unknown,Unknown,70.28,-0.33,55.1,125.79,27.55,44.13,64.64,67.86,71.79,433360.35,339406.0,0.78,Bullish,15,20,8,0,15,28,28,"Above 50 DMA, Healthy RSI momentum, Within 30% of 52W low, Below 200 DMA risk"
28.08.2026 at 01:52 AM IST,MAFATIND,Unknown,Unknown,120.09,-0.69,119.02,156.29,0.9,23.16,33.19,132.38,,49281.35,41096.0,0.83,Bearish,0,8,20,0,0,28,28,"Weak but watchable RSI, Near 52W low with non-crashing RSI"
28.08.2026 at 01:52 AM IST,GRANULES,Healthcare,Unknown,828.2,-2.1,465.03,908.11,78.1,8.8,42.86,841.44,680.82,566609.6,610115.0,1.08,Bearish,15,8,0,5,0,28,28,"Above 200 DMA, Weak but watchable RSI, Normal volume support"
28.08.2026 at 01:52 AM IST,GOODYEAR,Unknown,Unknown,755.4,0.17,689.62,1234.96,9.54,38.83,39.27,774.34,,19571.5,4012.0,0.2,Bearish,0,8,20,0,0,28,28,"Weak but watchable RSI, Near 52W low with non-crashing RSI"
28.08.2026 at 01:52 AM IST,EXCELSOFT,Unknown,Unknown,70.5,0.33,66.4,142.59,6.17,50.56,33.5,76.95,,591608.65,125671.0,0.21,Bearish,0,8,20,0,0,28,28,"Weak but watchable RSI, Near 52W low with non-crashing RSI"
28.08.2026 at 01:52 AM IST,BSE,Financial Services,Unknown,3325.6,0.68,2016.19,4435.12,64.94,25.02,39.29,3636.14,3257.48,4463093.85,4810246.0,1.08,Bearish,15,8,0,5,0,28,28,"Above 200 DMA, Weak but watchable RSI, Normal volume support"
28.08.2026 at 01:52 AM IST,HSCL,Chemicals,Unknown,663.85,0.62,417.93,819.5,58.84,18.99,34.89,715.65,556.86,6678260.05,6849204.0,1.03,Bearish,15,8,0,5,0,28,28,"Above 200 DMA, Weak but watchable RSI, Normal volume support"
28.08.2026 at 01:52 AM IST,HPIL,Unknown,Unknown,128.62,0.69,107.0,164.0,20.21,21.57,53.1,126.21,129.48,6101.15,1660.0,0.27,Bullish,15,20,8,0,15,28,28,"Above 50 DMA, Healthy RSI momentum, Within 30% of 52W low, Below 200 DMA risk"
28.08.2026 at 01:52 AM IST,HISARMETAL,Unknown,Unknown,151.82,1.22,124.16,193.68,22.27,21.61,52.51,151.57,156.28,2780.55,559.0,0.2,Bullish,15,20,8,0,15,28,28,"Above 50 DMA, Healthy RSI momentum, Within 30% of 52W low, Below 200 DMA risk"
28.08.2026 at 01:52 AM IST,SAREGAMA,Media Entertainment & Publication,Unknown,497.55,-1.42,307.05,574.5,62.04,13.39,44.56,501.52,398.28,865681.8,985383.0,1.14,Bearish,15,8,0,5,0,28,28,"Above 200 DMA, Weak but watchable RSI, Normal volume support"
28.08.2026 at 01:52 AM IST,ICICIGI,Financial Services,Unknown,1596.9,-1.18,1544.6,2057.09,3.39,22.37,37.09,1701.88,1821.38,1006993.1,5634591.0,5.6,Bearish,0,8,20,15,15,28,28,"Weak but watchable RSI, Near 52W low with non-crashing RSI, Strong volume expansion, Below 200 DMA risk"
28.08.2026 at 01:52 AM IST,SHOPERSTOP,Unknown,Unknown,386.0,-2.18,275.95,572.0,39.88,32.52,39.25,386.8,365.88,50309.65,52438.0,1.04,Bearish,15,8,0,5,0,28,28,"Above 200 DMA, Weak but watchable RSI, Normal volume support"
28.08.2026 at 01:52 AM IST,SANDUMA,Unknown,Unknown,209.67,2.23,140.64,272.33,49.08,23.01,59.0,203.98,210.81,745050.75,793435.0,1.06,Bullish,15,20,0,5,15,25,25,"Above 50 DMA, Healthy RSI momentum, Normal volume support, Below 200 DMA risk"
28.08.2026 at 01:52 AM IST,AEPL,Unknown,Unknown,15.1,4.79,13.25,20.25,13.96,25.43,49.09,15.7,,90825.85,65874.0,0.73,Bearish,0,10,15,0,0,25,25,"RSI recovering zone, Close to 52W low with recovery potential"
28.08.2026 at 01:52 AM IST,SBC,Unknown,Unknown,40.13,0.55,18.63,45.0,115.41,10.82,47.0,41.39,33.75,9768487.6,7394764.0,0.76,Bearish,15,10,0,0,0,25,25,"Above 200 DMA, RSI recovering zone"
28.08.2026 at 01:52 AM IST,ACUTAAS,Healthcare,Unknown,3257.8,-1.68,1302.0,3740.0,150.22,12.89,49.32,3358.5,2490.08,302896.35,144263.0,0.48,Bearish,15,10,0,0,0,25,25,"Above 200 DMA, RSI recovering zone"
28.08.2026 at 01:52 AM IST,ORKLAINDIA,Unknown,Unknown,579.8,2.49,533.25,760.0,8.73,23.71,57.93,580.95,603.7,113788.75,68491.0,0.6,Bearish,0,20,20,0,15,25,25,"Healthy RSI momentum, Near 52W low with non-crashing RSI, Below 200 DMA risk"
28.08.2026 at 01:52 AM IST,BLBLIMITED,Unknown,Unknown,15.87,-1.0,12.0,22.47,32.25,29.37,47.35,15.89,15.85,133844.6,83825.0,0.63,Bearish,15,10,0,0,0,25,25,"Above 200 DMA, RSI recovering zone"
28.08.2026 at 01:52 AM IST,TCS,Information Technology,Unknown,2270.0,-1.14,1966.02,3287.16,15.46,30.94,45.06,2236.38,2573.83,2917245.0,1660737.0,0.57,Bullish,15,10,15,0,15,25,25,"Above 50 DMA, RSI recovering zone, Close to 52W low with recovery potential, Below 200 DMA risk"
28.08.2026 at 01:52 AM IST,ORIENTCEM,Unknown,Unknown,134.48,2.79,121.85,236.38,10.37,43.11,51.39,135.49,148.54,239083.15,306045.0,1.28,Bearish,0,20,15,5,15,25,25,"Healthy RSI momentum, Close to 52W low with recovery potential, Normal volume support, Below 200 DMA risk"
28.08.2026 at 01:52 AM IST,BAJAJELEC,Unknown,Unknown,340.6,1.87,298.31,647.96,14.18,47.44,46.05,336.39,384.45,978893.85,244530.0,0.25,Bullish,15,10,15,0,15,25,25,"Above 50 DMA, RSI recovering zone, Close to 52W low with recovery potential, Below 200 DMA risk"
28.08.2026 at 01:52 AM IST,INFY,Information Technology,Unknown,1120.0,-2.1,982.4,1691.4,14.01,33.78,46.98,1099.56,1298.89,9038892.35,6323984.0,0.7,Bullish,15,10,15,0,15,25,25,"Above 50 DMA, RSI recovering zone, Close to 52W low with recovery potential, Below 200 DMA risk"
28.08.2026 at 01:52 AM IST,TIPSMUSIC,Unknown,Unknown,650.25,0.64,478.57,741.0,35.87,12.25,45.0,667.96,590.28,216488.8,97490.0,0.45,Bearish,15,10,0,0,0,25,25,"Above 200 DMA, RSI recovering zone"
28.08.2026 at 01:52 AM IST,RICOAUTO,Unknown,Unknown,130.76,2.24,78.92,157.99,65.69,17.24,45.13,136.53,123.28,2639759.0,1111026.0,0.42,Bearish,15,10,0,0,0,25,25,"Above 200 DMA, RSI recovering zone"
28.08.2026 at 01:52 AM IST,ROTO,Unknown,Unknown,65.51,0.17,47.5,85.53,37.92,23.41,45.94,68.2,62.11,480518.9,208300.0,0.43,Bearish,15,10,0,0,0,25,25,"Above 200 DMA, RSI recovering zone"
28.08.2026 at 01:52 AM IST,PAISALO,Unknown,Unknown,68.04,-1.8,29.92,77.39,127.38,12.08,45.09,68.61,46.96,8997076.55,5282298.0,0.59,Bearish,15,10,0,0,0,25,25,"Above 200 DMA, RSI recovering zone"
28.08.2026 at 01:52 AM IST,PANSARI,Unknown,Unknown,324.0,-1.47,233.3,388.9,38.88,16.69,49.07,328.09,301.27,1634.25,314.0,0.19,Bearish,15,10,0,0,0,25,25,"Above 200 DMA, RSI recovering zone"
28.08.2026 at 01:52 AM IST,JINDALPOLY,Unknown,Unknown,641.4,-0.8,365.0,1026.45,75.73,37.51,49.13,646.73,620.07,25476.5,5696.0,0.22,Bearish,15,10,0,0,0,25,25,"Above 200 DMA, RSI recovering zone"
28.08.2026 at 01:52 AM IST,BHARATCOAL,Unknown,Unknown,34.43,0.23,29.74,45.09,15.77,23.64,47.82,36.45,,5582800.4,4146491.0,0.74,Bearish,0,10,15,0,0,25,25,"RSI recovering zone, Close to 52W low with recovery potential"
28.08.2026 at 01:52 AM IST,JASH,Unknown,Unknown,489.8,1.14,326.61,572.85,49.97,14.5,49.14,506.74,436.71,104477.05,52665.0,0.5,Bearish,15,10,0,0,0,25,25,"Above 200 DMA, RSI recovering zone"
28.08.2026 at 01:52 AM IST,XPROINDIA,Unknown,Unknown,1176.3,-0.86,786.97,1572.64,49.47,25.2,46.95,1300.29,1084.71,123447.55,55168.0,0.45,Bearish,15,10,0,0,0,25,25,"Above 200 DMA, RSI recovering zone"
28.08.2026 at 01:52 AM IST,CEMPRO,Construction,Unknown,1287.1,0.56,502.02,1649.2,156.39,21.96,45.55,1373.51,907.42,442468.45,143061.0,0.32,Bearish,15,10,0,0,0,25,25,"Above 200 DMA, RSI recovering zone"
28.08.2026 at 01:52 AM IST,WOCKPHARMA,Healthcare,Unknown,1882.1,-0.92,1086.7,2422.3,73.19,22.3,47.7,1915.28,1561.31,630331.5,310259.0,0.49,Bearish,15,10,0,0,0,25,25,"Above 200 DMA, RSI recovering zone"
28.08.2026 at 01:52 AM IST,ZUARI,Unknown,Unknown,234.3,0.99,175.1,386.45,33.81,39.37,60.86,230.18,245.28,132577.35,145214.0,1.1,Bullish,15,20,0,5,15,25,25,"Above 50 DMA, Healthy RSI momentum, Normal volume support, Below 200 DMA risk"
28.08.2026 at 01:52 AM IST,AMNPLST,Unknown,Unknown,189.28,0.83,127.0,250.0,49.04,24.29,45.67,194.79,181.7,8362.45,2458.0,0.29,Bearish,15,10,0,0,0,25,25,"Above 200 DMA, RSI recovering zone"
28.08.2026 at 01:52 AM IST,DIFFNKG,Unknown,Unknown,388.8,-0.83,215.99,452.2,80.01,14.02,47.0,396.04,322.0,248681.8,46186.0,0.19,Bearish,15,10,0,0,0,25,25,"Above 200 DMA, RSI recovering zone"
28.08.2026 at 01:52 AM IST,AMBIKCO,Unknown,Unknown,1639.2,0.58,1101.0,1931.0,48.88,15.11,45.08,1705.46,1454.81,29192.55,4001.0,0.14,Bearish,15,10,0,0,0,25,25,"Above 200 DMA, RSI recovering zone"
28.08.2026 at 01:52 AM IST,POWERMECH,Unknown,Unknown,2513.3,0.4,1717.7,3233.59,46.32,22.28,48.08,2608.81,2360.96,71346.9,32967.0,0.46,Bearish,15,10,0,0,0,25,25,"Above 200 DMA, RSI recovering zone"
28.08.2026 at 01:52 AM IST,POWERINDIA,Capital Goods,Unknown,33125.0,-0.53,16107.15,38775.74,105.65,14.57,46.75,33413.06,27292.34,127827.6,43775.0,0.34,Bearish,15,10,0,0,0,25,25,"Above 200 DMA, RSI recovering zone"
28.08.2026 at 01:52 AM IST,POLYCAB,Capital Goods,Unknown,9060.0,-0.42,6631.53,10126.0,36.62,10.53,45.91,9301.81,8256.77,251771.95,239534.0,0.95,Bearish,15,10,0,0,0,25,25,"Above 200 DMA, RSI recovering zone"
28.08.2026 at 01:52 AM IST,DIGITIDE,Unknown,Unknown,101.83,1.92,69.9,209.5,45.68,51.39,54.84,98.52,105.5,386550.15,497677.0,1.29,Bullish,15,20,0,5,15,25,25,"Above 50 DMA, Healthy RSI momentum, Normal volume support, Below 200 DMA risk"
28.08.2026 at 01:52 AM IST,KAJARIACER,Consumer Durables,Unknown,1209.5,-0.36,869.6,1285.37,39.09,5.9,48.82,1211.6,1077.93,280245.05,97911.0,0.35,Bearish,15,10,0,0,0,25,25,"Above 200 DMA, RSI recovering zone"
28.08.2026 at 01:52 AM IST,DDEVPLSTIK,Unknown,Unknown,276.25,0.07,185.15,359.35,49.2,23.12,47.62,279.6,268.48,225269.5,39368.0,0.17,Bearish,15,10,0,0,0,25,25,"Above 200 DMA, RSI recovering zone"
28.08.2026 at 01:52 AM IST,DEEDEV,Unknown,Unknown,637.0,-1.67,183.0,760.0,248.09,16.18,46.94,666.31,409.8,166063.95,106385.0,0.64,Bearish,15,10,0,0,0,25,25,"Above 200 DMA, RSI recovering zone"
28.08.2026 at 01:52 AM IST,DEEPAKFERT,Chemicals,Unknown,1479.3,1.32,860.53,1669.61,71.91,11.4,45.72,1542.79,1284.87,488790.8,190453.0,0.39,Bearish,15,10,0,0,0,25,25,"Above 200 DMA, RSI recovering zone"
28.08.2026 at 01:52 AM IST,JITFINFRA,Unknown,Unknown,321.55,0.94,222.35,478.0,44.61,32.73,46.74,330.66,309.54,29730.95,16379.0,0.55,Bearish,15,10,0,0,0,25,25,"Above 200 DMA, RSI recovering zone"
28.08.2026 at 01:52 AM IST,BETA,Unknown,Unknown,2261.0,-1.15,990.1,2807.9,128.36,19.48,45.76,2278.0,1638.48,40059.0,18297.0,0.46,Bearish,15,10,0,0,0,25,25,"Above 200 DMA, RSI recovering zone"
28.08.2026 at 01:52 AM IST,BHANDARI,Unknown,Unknown,3.01,-0.99,2.0,5.25,50.5,42.67,56.19,2.94,3.39,122538.8,129667.0,1.06,Bullish,15,20,0,5,15,25,25,"Above 50 DMA, Healthy RSI momentum, Normal volume support, Below 200 DMA risk"
28.08.2026 at 01:52 AM IST,THANGAMAYL,Unknown,Unknown,5495.5,1.83,1934.09,7430.0,184.14,26.04,47.7,5876.89,4263.9,243494.3,59999.0,0.25,Bearish,15,10,0,0,0,25,25,"Above 200 DMA, RSI recovering zone"
28.08.2026 at 01:52 AM IST,BELLACASA,Unknown,Unknown,239.22,7.1,214.68,497.35,11.43,51.9,53.35,244.0,292.84,12319.55,15814.0,1.28,Bearish,0,20,15,5,15,25,25,"Healthy RSI momentum, Close to 52W low with recovery potential, Normal volume support, Below 200 DMA risk"
28.08.2026 at 01:52 AM IST,PHOENIXLTD,Realty,Unknown,1924.1,-0.31,1465.6,2169.8,31.28,11.32,46.45,1974.83,1798.82,387474.9,295329.0,0.76,Bearish,15,10,0,0,0,25,25,"Above 200 DMA, RSI recovering zone"
28.08.2026 at 01:52 AM IST,KIRLFER,Unknown,Unknown,448.3,1.31,405.4,509.73,10.58,12.05,49.77,460.27,,157815.2,54403.0,0.34,Bearish,0,10,15,0,0,25,25,"RSI recovering zone, Close to 52W low with recovery potential"
28.08.2026 at 01:52 AM IST,KIRLOSBROS,Unknown,Unknown,1900.7,0.09,1329.94,2180.91,42.92,12.85,49.24,1915.79,1692.32,79666.75,17308.0,0.22,Bearish,15,10,0,0,0,25,25,"Above 200 DMA, RSI recovering zone"
28.08.2026 at 01:52 AM IST,IOC,Oil Gas & Consumable Fuels,Unknown,139.48,0.35,129.07,184.96,8.07,24.59,51.44,139.81,149.42,8545101.4,6514034.0,0.76,Bearish,0,20,20,0,15,25,25,"Healthy RSI momentum, Near 52W low with non-crashing RSI, Below 200 DMA risk"
28.08.2026 at 01:52 AM IST,AFIL,Unknown,Unknown,9.5,-3.06,3.92,11.1,142.35,14.41,48.86,9.74,8.14,806057.05,801159.0,0.99,Bearish,15,10,0,0,0,25,25,"Above 200 DMA, RSI recovering zone"
28.08.2026 at 01:52 AM IST,REFEX,Unknown,Unknown,296.85,2.36,187.4,413.68,58.4,28.24,45.58,319.23,277.25,379771.1,334382.0,0.88,Bearish,15,10,0,0,0,25,25,"Above 200 DMA, RSI recovering zone"
28.08.2026 at 01:52 AM IST,BANSALWIRE,Unknown,Unknown,320.5,0.74,222.5,374.0,44.04,14.3,49.18,323.77,300.3,136591.5,53352.0,0.39,Bearish,15,10,0,0,0,25,25,"Above 200 DMA, RSI recovering zone"
28.08.2026 at 01:52 AM IST,BCPL,Unknown,Unknown,69.81,-0.04,59.27,90.89,17.77,23.19,46.17,71.34,,11303.8,6877.0,0.61,Bearish,0,10,15,0,0,25,25,"RSI recovering zone, Close to 52W low with recovery potential"
28.08.2026 at 01:52 AM IST,BATAINDIA,Consumer Durables,Unknown,685.55,0.12,577.4,1223.99,18.73,43.99,47.51,679.99,751.86,740612.65,124114.0,0.17,Bullish,15,10,15,0,15,25,25,"Above 50 DMA, RSI recovering zone, Close to 52W low with recovery potential, Below 200 DMA risk"
28.08.2026 at 01:52 AM IST,INOXINDIA,Unknown,Unknown,1926.7,1.41,1066.92,2119.8,80.59,9.11,49.65,1935.53,1438.76,144706.4,116625.0,0.81,Bearish,15,10,0,0,0,25,25,"Above 200 DMA, RSI recovering zone"
28.08.2026 at 01:52 AM IST,TEXINFRA,Unknown,Unknown,110.13,-0.1,82.5,118.0,33.49,6.67,47.93,111.57,101.47,131886.2,118963.0,0.9,Bearish,15,10,0,0,0,25,25,"Above 200 DMA, RSI recovering zone"
28.08.2026 at 01:52 AM IST,APEX,Unknown,Unknown,382.5,-1.7,207.06,514.5,84.73,25.66,45.3,394.81,372.75,692876.65,129048.0,0.19,Bearish,15,10,0,0,0,25,25,"Above 200 DMA, RSI recovering zone"
28.08.2026 at 01:52 AM IST,HAVELLS,Consumer Durables,Unknown,1258.7,-0.82,1123.6,1608.14,12.02,21.73,49.18,1227.72,1297.17,849991.75,455405.0,0.54,Bullish,15,10,15,0,15,25,25,"Above 50 DMA, RSI recovering zone, Close to 52W low with recovery potential, Below 200 DMA risk"
28.08.2026 at 01:52 AM IST,ANTELOPUS,Unknown,Unknown,792.05,0.69,357.0,933.65,121.86,15.17,45.52,819.82,633.16,146368.85,70230.0,0.48,Bearish,15,10,0,0,0,25,25,"Above 200 DMA, RSI recovering zone"
28.08.2026 at 01:52 AM IST,CAMPUS,Unknown,Unknown,225.17,-0.4,213.74,294.65,5.35,23.58,52.48,225.78,244.72,788578.5,293052.0,0.37,Bearish,0,20,20,0,15,25,25,"Healthy RSI momentum, Near 52W low with non-crashing RSI, Below 200 DMA risk"
28.08.2026 at 01:52 AM IST,ADVENTHTL,Unknown,Unknown,138.48,-2.36,120.02,345.05,15.38,59.87,46.27,143.64,,171359.9,167627.0,0.98,Bearish,0,10,15,0,0,25,25,"RSI recovering zone, Close to 52W low with recovery potential"
28.08.2026 at 01:52 AM IST,ADVAIT,Unknown,Unknown,2147.7,4.18,1351.0,2485.0,58.97,13.57,48.77,2217.33,,70172.0,367514.0,5.24,Bearish,0,10,0,15,0,25,25,"RSI recovering zone, Strong volume expansion"
28.08.2026 at 01:52 AM IST,SHIVAMILLS,Unknown,Unknown,60.48,-1.48,43.01,77.01,40.62,21.46,47.99,61.26,59.72,2756.1,215.0,0.08,Bearish,15,10,0,0,0,25,25,"Above 200 DMA, RSI recovering zone"
28.08.2026 at 01:52 AM IST,SHREDIGCEM,Unknown,Unknown,75.28,0.55,53.9,100.8,39.67,25.32,61.7,73.7,76.12,75179.95,86534.0,1.15,Bullish,15,20,0,5,15,25,25,"Above 50 DMA, Healthy RSI momentum, Normal volume support, Below 200 DMA risk"
28.08.2026 at 01:52 AM IST,EPACKPEB,Unknown,Unknown,232.15,-1.67,132.17,344.0,75.65,32.51,45.06,249.01,228.56,1769418.05,217850.0,0.12,Bearish,15,10,0,0,0,25,25,"Above 200 DMA, RSI recovering zone"
28.08.2026 at 01:52 AM IST,TPLPLASTEH,Unknown,Unknown,77.6,-1.42,50.01,90.33,55.17,14.09,48.17,77.71,68.9,139713.1,111457.0,0.8,Bearish,15,10,0,0,0,25,25,"Above 200 DMA, RSI recovering zone"
28.08.2026 at 01:52 AM IST,LLOYDSENGG,Unknown,Unknown,88.51,3.24,37.3,99.48,137.31,11.02,47.66,88.85,63.34,12287957.3,5665352.0,0.46,Bearish,15,10,0,0,0,25,25,"Above 200 DMA, RSI recovering zone"
28.08.2026 at 01:52 AM IST,EQUITASBNK,Unknown,Unknown,75.23,0.23,50.0,83.9,50.46,10.33,47.69,76.79,67.91,2009964.6,1480965.0,0.74,Bearish,15,10,0,0,0,25,25,"Above 200 DMA, RSI recovering zone"
28.08.2026 at 01:52 AM IST,SCI,Services,Unknown,288.5,0.14,193.0,368.75,49.48,21.76,46.77,293.48,265.17,2974480.3,1463356.0,0.49,Bearish,15,10,0,0,0,25,25,"Above 200 DMA, RSI recovering zone"
28.08.2026 at 01:52 AM IST,SDBL,Unknown,Unknown,72.62,-0.15,61.8,142.6,17.51,49.07,49.47,71.35,86.41,698226.95,209779.0,0.3,Bullish,15,10,15,0,15,25,25,"Above 50 DMA, RSI recovering zone, Close to 52W low with recovery potential, Below 200 DMA risk"
28.08.2026 at 01:52 AM IST,SELMC,Unknown,Unknown,27.9,0.65,26.0,43.36,7.31,35.65,50.16,28.34,30.02,6035.75,1157.0,0.19,Bearish,0,20,20,0,15,25,25,"Healthy RSI momentum, Near 52W low with non-crashing RSI, Below 200 DMA risk"
28.08.2026 at 01:52 AM IST,OMNI,Unknown,Unknown,578.15,0.2,176.25,764.85,228.03,24.41,49.81,560.49,,2546639.25,651393.0,0.26,Bullish,15,10,0,0,0,25,25,"Above 50 DMA, RSI recovering zone"
28.08.2026 at 01:52 AM IST,EMBDL,Unknown,Unknown,62.18,-0.88,39.46,105.7,57.58,41.17,47.87,62.8,62.07,2419224.85,832159.0,0.34,Bearish,15,10,0,0,0,25,25,"Above 200 DMA, RSI recovering zone"
28.08.2026 at 01:52 AM IST,ELIN,Unknown,Unknown,100.27,2.09,93.65,234.0,7.07,57.15,49.22,101.42,130.36,245180.95,335886.0,1.37,Bearish,0,10,20,10,15,25,25,"RSI recovering zone, Near 52W low with non-crashing RSI, Volume expansion, Below 200 DMA risk"
28.08.2026 at 01:52 AM IST,TALBROAUTO,Unknown,Unknown,407.1,-0.56,219.9,451.6,85.13,9.85,46.54,407.31,315.63,224602.55,118236.0,0.53,Bearish,15,10,0,0,0,25,25,"Above 200 DMA, RSI recovering zone"
28.08.2026 at 01:52 AM IST,IBULLSLTD,Unknown,Unknown,27.03,-0.22,8.9,32.5,203.71,16.83,47.12,28.19,18.84,11262444.3,5592070.0,0.5,Bearish,15,10,0,0,0,25,25,"Above 200 DMA, RSI recovering zone"
28.08.2026 at 01:52 AM IST,SATIA,Unknown,Unknown,58.69,1.47,50.8,85.79,15.53,31.59,46.3,58.47,62.79,78329.6,49067.0,0.63,Bullish,15,10,15,0,15,25,25,"Above 50 DMA, RSI recovering zone, Close to 52W low with recovery potential, Below 200 DMA risk"
28.08.2026 at 01:52 AM IST,SANSTAR,Unknown,Unknown,110.15,2.06,74.3,137.49,48.25,19.89,49.36,113.59,98.19,298946.55,171481.0,0.57,Bearish,15,10,0,0,0,25,25,"Above 200 DMA, RSI recovering zone"
28.08.2026 at 01:52 AM IST,ORTINGLOBE,Unknown,Unknown,15.35,1.52,10.66,21.3,44.0,27.93,47.64,15.88,14.96,17614.55,11876.0,0.67,Bearish,15,10,0,0,0,25,25,"Above 200 DMA, RSI recovering zone"
28.08.2026 at 01:52 AM IST,UMESLTD,Unknown,Unknown,5.61,-0.36,3.88,7.14,44.59,21.43,48.04,5.69,5.37,36232.8,16780.0,0.46,Bearish,15,10,0,0,0,25,25,"Above 200 DMA, RSI recovering zone"
28.08.2026 at 01:52 AM IST,NOCIL,Unknown,Unknown,165.1,0.71,124.15,202.61,32.98,18.51,49.27,169.05,159.53,1117384.55,260323.0,0.23,Bearish,15,10,0,0,0,25,25,"Above 200 DMA, RSI recovering zone"
28.08.2026 at 01:52 AM IST,NITCO,Unknown,Unknown,96.67,0.93,64.0,126.0,51.05,23.28,46.89,104.3,91.81,1698253.15,1252771.0,0.74,Bearish,15,10,0,0,0,25,25,"Above 200 DMA, RSI recovering zone"
28.08.2026 at 01:52 AM IST,HOMEFIRST,Financial Services,Unknown,1183.7,-0.64,889.54,1311.57,33.07,9.75,48.68,1192.39,1124.96,126002.25,90856.0,0.72,Bearish,15,10,0,0,0,25,25,"Above 200 DMA, RSI recovering zone"
28.08.2026 at 01:52 AM IST,HINDOILEXP,Unknown,Unknown,158.11,-0.29,117.5,188.65,34.56,16.19,49.53,158.87,152.99,508406.75,434477.0,0.85,Bearish,15,10,0,0,0,25,25,"Above 200 DMA, RSI recovering zone"
28.08.2026 at 01:52 AM IST,AUTOIND,Unknown,Unknown,88.99,-0.54,48.35,104.0,84.05,14.43,47.2,89.51,76.58,143226.75,115185.0,0.8,Bearish,15,10,0,0,0,25,25,"Above 200 DMA, RSI recovering zone"
28.08.2026 at 01:52 AM IST,AROGRANITE,Unknown,Unknown,25.49,2.95,18.67,45.63,36.53,44.14,54.07,25.35,27.21,11301.65,12303.0,1.09,Bullish,15,20,0,5,15,25,25,"Above 50 DMA, Healthy RSI momentum, Normal volume support, Below 200 DMA risk"
28.08.2026 at 01:52 AM IST,ASTRAMICRO,Unknown,Unknown,1698.7,-0.54,851.0,1960.0,99.61,13.33,47.42,1748.27,1212.93,632092.6,212880.0,0.34,Bearish,15,10,0,0,0,25,25,"Above 200 DMA, RSI recovering zone"
28.08.2026 at 01:52 AM IST,NACLIND,Unknown,Unknown,177.61,-2.22,112.62,285.8,57.71,37.86,46.19,196.61,167.92,602413.05,282890.0,0.47,Bearish,15,10,0,0,0,25,25,"Above 200 DMA, RSI recovering zone"
28.08.2026 at 01:52 AM IST,SURYALAXMI,Unknown,Unknown,57.92,2.8,43.0,69.8,34.7,17.02,49.43,58.84,57.68,5647.8,4888.0,0.87,Bearish,15,10,0,0,0,25,25,"Above 200 DMA, RSI recovering zone"
28.08.2026 at 01:52 AM IST,MANGALAM,Unknown,Unknown,31.41,-4.35,22.8,82.36,37.76,61.86,67.87,28.02,31.66,48447.4,93998.0,1.94,Bullish,15,20,0,10,20,25,25,"Above 50 DMA, Healthy RSI momentum, Volume expansion, Below 200 DMA risk, Very far from 52W high"
28.08.2026 at 01:52 AM IST,CHEMBOND,Unknown,Unknown,172.12,0.95,104.03,207.75,65.46,17.15,46.93,178.18,160.02,6054.9,5609.0,0.93,Bearish,15,10,0,0,0,25,25,"Above 200 DMA, RSI recovering zone"
28.08.2026 at 01:52 AM IST,MALLCOM,Unknown,Unknown,979.75,-3.64,929.0,1520.0,5.46,35.54,46.65,1017.87,1090.14,2510.55,4030.0,1.61,Bearish,0,10,20,10,15,25,25,"RSI recovering zone, Near 52W low with non-crashing RSI, Volume expansion, Below 200 DMA risk"
28.08.2026 at 01:52 AM IST,GROWW,Financial Services,Unknown,196.24,-3.33,112.0,227.2,75.21,13.63,48.93,199.04,,34661205.3,195088475.0,5.63,Bearish,0,10,0,15,0,25,25,"RSI recovering zone, Strong volume expansion"
28.08.2026 at 01:52 AM IST,SYNGENE,Healthcare,Unknown,411.15,1.17,375.25,677.03,9.57,39.27,52.67,415.78,485.09,1675380.45,567950.0,0.34,Bearish,0,20,20,0,15,25,25,"Healthy RSI momentum, Near 52W low with non-crashing RSI, Below 200 DMA risk"
28.08.2026 at 01:52 AM IST,ASHIANA,Unknown,Unknown,368.7,0.94,268.64,435.9,37.25,15.42,45.47,379.29,333.14,50632.45,36785.0,0.73,Bearish,15,10,0,0,0,25,25,"Above 200 DMA, RSI recovering zone"
28.08.2026 at 01:52 AM IST,SICAGEN,Unknown,Unknown,54.96,0.29,24.35,74.06,125.71,25.79,48.66,54.13,,194371.5,35697.0,0.18,Bullish,15,10,0,0,0,25,25,"Above 50 DMA, RSI recovering zone"
28.08.2026 at 01:52 AM IST,CARBORUNIV,Capital Goods,Unknown,1105.7,-0.09,733.45,1303.79,50.75,15.19,48.92,1115.38,940.98,253554.3,106839.0,0.42,Bearish,15,10,0,0,0,25,25,"Above 200 DMA, RSI recovering zone"
28.08.2026 at 01:52 AM IST,CAPLIPOINT,Healthcare,Unknown,2516.3,1.8,1497.33,2699.0,68.05,6.77,48.65,2553.81,2018.19,94182.3,59944.0,0.64,Bearish,15,10,0,0,0,25,25,"Above 200 DMA, RSI recovering zone"
28.08.2026 at 01:52 AM IST,NDLVENTURE,Unknown,Unknown,123.17,1.08,80.0,140.0,53.96,12.02,46.64,127.82,112.59,37178.95,18090.0,0.49,Bearish,15,10,0,0,0,25,25,"Above 200 DMA, RSI recovering zone"
28.08.2026 at 01:52 AM IST,CEATLTD,Automobile and Auto Components,Unknown,3584.3,1.45,3004.33,4393.16,19.3,18.41,49.93,3579.7,3584.86,80206.4,43805.0,0.55,Bullish,15,10,15,0,15,25,25,"Above 50 DMA, RSI recovering zone, Close to 52W low with recovery potential, Below 200 DMA risk"
28.08.2026 at 01:52 AM IST,EXICOM,Unknown,Unknown,155.21,-1.37,75.6,182.9,105.3,15.14,47.65,162.08,124.83,1350143.55,416681.0,0.31,Bearish,15,10,0,0,0,25,25,"Above 200 DMA, RSI recovering zone"
28.08.2026 at 01:52 AM IST,EXXARO,Unknown,Unknown,6.16,0.49,5.99,10.33,2.84,40.37,46.51,6.41,7.11,294911.1,429104.0,1.46,Bearish,0,10,20,10,15,25,25,"RSI recovering zone, Near 52W low with non-crashing RSI, Volume expansion, Below 200 DMA risk"
28.08.2026 at 01:52 AM IST,VTL,Textiles,Unknown,602.9,0.26,382.75,688.0,57.52,12.37,47.91,622.27,541.84,344677.95,132158.0,0.38,Bearish,15,10,0,0,0,25,25,"Above 200 DMA, RSI recovering zone"
28.08.2026 at 01:52 AM IST,UCOBANK,Financial Services,Unknown,26.19,0.54,21.86,33.64,19.83,22.14,51.13,26.46,27.08,3157080.75,3611760.0,1.14,Bearish,0,20,15,5,15,25,25,"Healthy RSI momentum, Close to 52W low with recovery potential, Normal volume support, Below 200 DMA risk"
28.08.2026 at 01:52 AM IST,ARFIN,Unknown,Unknown,84.21,-0.37,31.94,106.2,163.66,20.71,45.44,88.02,80.29,1427073.8,932633.0,0.65,Bearish,15,10,0,0,0,25,25,"Above 200 DMA, RSI recovering zone"
28.08.2026 at 01:52 AM IST,APOLLOHOSP,Healthcare,Unknown,8766.5,-1.38,6679.85,9039.48,31.24,3.02,48.92,8779.17,7841.08,411145.35,150629.0,0.37,Bearish,15,10,0,0,0,25,25,"Above 200 DMA, RSI recovering zone"
28.08.2026 at 01:52 AM IST,MAYURUNIQ,Unknown,Unknown,747.45,0.28,467.56,899.99,59.86,16.95,45.34,791.49,616.58,124250.55,48459.0,0.39,Bearish,15,10,0,0,0,25,25,"Above 200 DMA, RSI recovering zone"
28.08.2026 at 01:52 AM IST,APOLLO,Unknown,Unknown,388.0,-0.42,179.5,466.5,116.16,16.83,47.39,399.4,304.3,4612627.95,4551120.0,0.99,Bearish,15,10,0,0,0,25,25,"Above 200 DMA, RSI recovering zone"
28.08.2026 at 01:52 AM IST,MARKOLINES,Unknown,Unknown,171.83,-0.07,131.65,191.75,30.52,10.39,45.67,174.48,160.54,156330.95,155498.0,0.99,Bearish,15,10,0,0,0,25,25,"Above 200 DMA, RSI recovering zone"
28.08.2026 at 01:52 AM IST,SPLPETRO,Chemicals,Unknown,708.3,1.15,457.27,965.13,54.9,26.61,49.31,718.66,672.99,85031.65,49749.0,0.59,Bearish,15,10,0,0,0,25,25,"Above 200 DMA, RSI recovering zone"
28.08.2026 at 01:52 AM IST,GESHIP,Services,Unknown,1332.2,-0.77,894.22,1766.73,48.98,24.6,48.33,1377.75,1308.62,1254403.0,604972.0,0.48,Bearish,15,10,0,0,0,25,25,"Above 200 DMA, RSI recovering zone"
28.08.2026 at 01:52 AM IST,GOCLCORP,Unknown,Unknown,397.4,0.43,223.35,459.9,77.93,13.59,45.15,407.45,326.13,155192.25,39853.0,0.26,Bearish,15,10,0,0,0,25,25,"Above 200 DMA, RSI recovering zone"
28.08.2026 at 01:52 AM IST,STUDDS,Unknown,Unknown,451.35,0.13,412.3,600.0,9.47,24.77,54.33,453.76,491.19,61213.0,17926.0,0.29,Bearish,0,20,20,0,15,25,25,"Healthy RSI momentum, Near 52W low with non-crashing RSI, Below 200 DMA risk"
28.08.2026 at 01:52 AM IST,SUKHJITS,Unknown,Unknown,161.53,1.1,136.42,229.62,18.41,29.65,49.84,165.92,169.42,16650.4,74316.0,4.46,Bearish,0,10,15,15,15,25,25,"RSI recovering zone, Close to 52W low with recovery potential, Strong volume expansion, Below 200 DMA risk"
28.08.2026 at 01:52 AM IST,GALAPREC,Unknown,Unknown,1040.6,-3.34,671.2,1260.0,55.04,17.41,46.32,1109.01,862.91,55620.45,52906.0,0.95,Bearish,15,10,0,0,0,25,25,"Above 200 DMA, RSI recovering zone"
28.08.2026 at 01:52 AM IST,ALICON,Unknown,Unknown,691.65,-0.88,578.2,1018.83,19.62,32.11,45.44,677.37,727.59,65529.8,19034.0,0.29,Bullish,15,10,15,0,15,25,25,"Above 50 DMA, RSI recovering zone, Close to 52W low with recovery potential, Below 200 DMA risk"
28.08.2026 at 01:52 AM IST,FRACTAL,Unknown,Unknown,829.55,-0.56,733.7,1118.0,13.06,25.8,48.88,852.62,,338492.75,226197.0,0.67,Bearish,0,10,15,0,0,25,25,"RSI recovering zone, Close to 52W low with recovery potential"
28.08.2026 at 01:52 AM IST,SUMIT,Unknown,Unknown,51.21,-0.99,31.74,104.0,61.34,50.76,47.56,49.13,53.15,43977.35,115453.0,2.63,Bullish,15,10,0,15,15,25,25,"Above 50 DMA, RSI recovering zone, Strong volume expansion, Below 200 DMA risk"
28.08.2026 at 01:52 AM IST,ACCELYA,Unknown,Unknown,1131.8,-0.26,1012.4,1437.28,11.79,21.25,46.3,1129.7,1187.55,4944.35,3279.0,0.66,Bullish,15,10,15,0,15,25,25,"Above 50 DMA, RSI recovering zone, Close to 52W low with recovery potential, Below 200 DMA risk"
28.08.2026 at 01:52 AM IST,ABDL,Fast Moving Consumer Goods,Unknown,613.7,-3.12,378.82,711.7,62.0,13.77,49.37,628.78,558.68,378595.35,249704.0,0.66,Bearish,15,10,0,0,0,25,25,"Above 200 DMA, RSI recovering zone"
28.08.2026 at 01:52 AM IST,WILLAMAGOR,Unknown,Unknown,24.05,-1.72,21.11,37.5,13.93,35.87,39.16,25.86,27.74,3326.95,7688.0,2.31,Bearish,0,8,15,15,15,23,23,"Weak but watchable RSI, Close to 52W low with recovery potential, Strong volume expansion, Below 200 DMA risk"
28.08.2026 at 01:52 AM IST,WEWORK,Unknown,Unknown,678.3,0.5,420.0,794.5,61.5,14.63,40.3,702.16,595.38,256022.95,168601.0,0.66,Bearish,15,8,0,0,0,23,23,"Above 200 DMA, Weak but watchable RSI"
28.08.2026 at 01:52 AM IST,RPGLIFE,Unknown,Unknown,2592.7,0.32,1716.04,3082.0,51.09,15.88,41.57,2638.17,2247.28,13868.35,3847.0,0.28,Bearish,15,8,0,0,0,23,23,"Above 200 DMA, Weak but watchable RSI"
28.08.2026 at 01:52 AM IST,SAGARDEEP,Unknown,Unknown,23.64,-0.08,20.81,31.48,13.6,24.9,42.96,24.48,24.9,9911.75,24908.0,2.51,Bearish,0,8,15,15,15,23,23,"Weak but watchable RSI, Close to 52W low with recovery potential, Strong volume expansion, Below 200 DMA risk"
28.08.2026 at 01:52 AM IST,GMRP&UI,Unknown,Unknown,95.06,-1.09,89.0,136.95,6.81,30.59,41.21,98.37,106.56,847404.7,1365434.0,1.61,Bearish,0,8,20,10,15,23,23,"Weak but watchable RSI, Near 52W low with non-crashing RSI, Volume expansion, Below 200 DMA risk"
28.08.2026 at 01:52 AM IST,EIEL,Unknown,Unknown,200.69,3.07,134.71,276.1,48.98,27.31,42.98,217.14,195.44,914326.8,688902.0,0.75,Bearish,15,8,0,0,0,23,23,"Above 200 DMA, Weak but watchable RSI"
28.08.2026 at 01:52 AM IST,PRIVISCL,Unknown,Unknown,3458.4,0.39,2187.76,3774.71,58.08,8.38,40.13,3590.06,3178.89,80712.7,27231.0,0.34,Bearish,15,8,0,0,0,23,23,"Above 200 DMA, Weak but watchable RSI"
28.08.2026 at 01:52 AM IST,AVANTEL,Unknown,Unknown,156.94,-0.53,116.9,214.73,34.25,26.91,38.1,168.81,156.16,680283.7,659725.0,0.97,Bearish,15,8,0,0,0,23,23,"Above 200 DMA, Weak but watchable RSI"
28.08.2026 at 01:52 AM IST,TRITURBINE,Capital Goods,Unknown,574.4,0.31,428.35,787.6,34.1,27.07,38.5,626.26,560.09,745664.45,219909.0,0.29,Bearish,15,8,0,0,0,23,23,"Above 200 DMA, Weak but watchable RSI"
28.08.2026 at 01:52 AM IST,NCLIND,Unknown,Unknown,181.85,4.43,147.5,216.55,23.29,16.03,58.72,183.13,184.86,72917.15,107063.0,1.47,Bearish,0,20,8,10,15,23,23,"Healthy RSI momentum, Within 30% of 52W low, Volume expansion, Below 200 DMA risk"
28.08.2026 at 01:52 AM IST,HMAAGRO,Unknown,Unknown,20.96,-0.85,20.0,34.24,4.8,38.79,42.33,21.78,25.16,3057232.25,4765001.0,1.56,Bearish,0,8,20,10,15,23,23,"Weak but watchable RSI, Near 52W low with non-crashing RSI, Volume expansion, Below 200 DMA risk"
28.08.2026 at 01:52 AM IST,EMCURE,Healthcare,Unknown,1862.3,0.83,1260.0,2048.0,47.8,9.07,43.81,1875.43,1621.07,145371.35,74864.0,0.51,Bearish,15,8,0,0,0,23,23,"Above 200 DMA, Weak but watchable RSI"
28.08.2026 at 01:52 AM IST,HONAUT,Capital Goods,Unknown,36445.0,-0.8,26146.08,41495.0,39.39,12.17,40.04,38066.4,33767.46,3797.65,2233.0,0.59,Bearish,15,8,0,0,0,23,23,"Above 200 DMA, Weak but watchable RSI"
28.08.2026 at 01:52 AM IST,SUPRIYA,Unknown,Unknown,781.75,-1.25,545.5,1085.0,43.31,27.95,37.98,872.45,756.75,358844.0,206972.0,0.58,Bearish,15,8,0,0,0,23,23,"Above 200 DMA, Weak but watchable RSI"
28.08.2026 at 01:52 AM IST,ATGL,Oil Gas & Consumable Fuels,Unknown,643.7,0.54,462.64,859.55,39.14,25.11,39.46,686.23,614.24,989621.3,737105.0,0.74,Bearish,15,8,0,0,0,23,23,"Above 200 DMA, Weak but watchable RSI"
28.08.2026 at 01:52 AM IST,SCHNEIDER,Capital Goods,Unknown,1174.4,2.44,571.85,1548.0,105.37,24.13,37.38,1349.71,1023.8,526629.25,452802.0,0.86,Bearish,15,8,0,0,0,23,23,"Above 200 DMA, Weak but watchable RSI"
28.08.2026 at 01:52 AM IST,GVPIL,Unknown,Unknown,643.6,-0.14,268.34,1073.74,139.85,40.06,31.46,810.96,557.16,265829.0,204845.0,0.77,Bearish,15,8,0,0,0,23,23,"Above 200 DMA, Weak but watchable RSI"
28.08.2026 at 01:52 AM IST,RPSGVENT,Unknown,Unknown,868.5,0.35,551.9,1179.0,57.37,26.34,40.79,891.6,822.83,30334.55,15353.0,0.51,Bearish,15,8,0,0,0,23,23,"Above 200 DMA, Weak but watchable RSI"
28.08.2026 at 01:52 AM IST,SAIPARENT,Unknown,Unknown,530.9,0.57,400.0,706.0,32.73,24.8,42.74,566.84,,166934.6,789646.0,4.73,Bearish,0,8,0,15,0,23,23,"Weak but watchable RSI, Strong volume expansion"
28.08.2026 at 01:52 AM IST,CCL,Fast Moving Consumer Goods,Unknown,1095.2,-0.35,813.3,1242.2,34.66,11.83,35.89,1161.7,1066.68,159317.8,80420.0,0.5,Bearish,15,8,0,0,0,23,23,"Above 200 DMA, Weak but watchable RSI"
28.08.2026 at 01:52 AM IST,MAHLIFE,Unknown,Unknown,371.25,-1.41,284.1,423.03,30.67,12.24,41.76,374.71,361.43,136205.8,94343.0,0.69,Bearish,15,8,0,0,0,23,23,"Above 200 DMA, Weak but watchable RSI"
28.08.2026 at 01:52 AM IST,CARYSIL,Unknown,Unknown,1139.7,-0.48,732.1,1280.9,55.68,11.02,43.73,1175.11,985.16,113777.2,95531.0,0.84,Bearish,15,8,0,0,0,23,23,"Above 200 DMA, Weak but watchable RSI"
28.08.2026 at 01:52 AM IST,AKI,Unknown,Unknown,4.16,-0.24,3.8,10.48,9.47,60.31,41.08,4.47,5.52,220914.3,477464.0,2.16,Bearish,0,8,20,15,20,23,23,"Weak but watchable RSI, Near 52W low with non-crashing RSI, Strong volume expansion, Below 200 DMA risk, Very far from 52W high"
28.08.2026 at 01:52 AM IST,TRUALT,Unknown,Unknown,442.2,1.53,310.2,542.0,42.55,18.41,43.62,452.42,434.6,297403.05,185736.0,0.62,Bearish,15,8,0,0,0,23,23,"Above 200 DMA, Weak but watchable RSI"
28.08.2026 at 01:52 AM IST,IZMO,Unknown,Unknown,856.85,1.03,569.35,1374.7,50.5,37.67,31.13,999.4,830.66,97140.4,58592.0,0.6,Bearish,15,8,0,0,0,23,23,"Above 200 DMA, Weak but watchable RSI"
28.08.2026 at 01:52 AM IST,J&KBANK,Financial Services,Unknown,152.04,1.69,97.35,201.75,56.18,24.64,44.22,163.24,128.94,3450240.7,3098055.0,0.9,Bearish,15,8,0,0,0,23,23,"Above 200 DMA, Weak but watchable RSI"
28.08.2026 at 01:52 AM IST,IVALUE,Unknown,Unknown,271.5,-3.35,207.35,340.0,30.94,20.15,40.95,282.39,261.54,312533.45,124450.0,0.4,Bearish,15,8,0,0,0,23,23,"Above 200 DMA, Weak but watchable RSI"
28.08.2026 at 01:52 AM IST,IVC,Unknown,Unknown,8.07,-0.12,6.02,9.8,34.05,17.65,41.34,8.26,7.86,225793.85,157198.0,0.7,Bearish,15,8,0,0,0,23,23,"Above 200 DMA, Weak but watchable RSI"
28.08.2026 at 01:52 AM IST,LUXIND,Unknown,Unknown,1207.1,-1.63,824.05,1823.35,46.48,33.8,43.25,1243.16,1173.02,24165.1,8652.0,0.36,Bearish,15,8,0,0,0,23,23,"Above 200 DMA, Weak but watchable RSI"
28.08.2026 at 01:52 AM IST,JUSTDIAL,Unknown,Unknown,647.65,-1.19,480.5,878.6,34.79,26.29,40.5,652.85,626.73,201985.0,109367.0,0.54,Bearish,15,8,0,0,0,23,23,"Above 200 DMA, Weak but watchable RSI"
28.08.2026 at 01:52 AM IST,ADANIPORTS,Services,Unknown,1691.5,-0.66,1286.58,1891.1,31.47,10.55,44.56,1763.94,1596.92,1996419.5,1937255.0,0.97,Bearish,15,8,0,0,0,23,23,"Above 200 DMA, Weak but watchable RSI"
28.08.2026 at 01:52 AM IST,RTNPOWER,Unknown,Unknown,7.95,1.66,7.52,12.84,5.72,38.08,33.5,8.71,9.06,13996665.45,19404967.0,1.39,Bearish,0,8,20,10,15,23,23,"Weak but watchable RSI, Near 52W low with non-crashing RSI, Volume expansion, Below 200 DMA risk"
28.08.2026 at 01:52 AM IST,GOODLUCK,Unknown,Unknown,441.1,-3.31,305.0,557.37,44.62,20.86,39.77,489.08,413.31,1054434.8,794754.0,0.75,Bearish,15,8,0,0,0,23,23,"Above 200 DMA, Weak but watchable RSI"
28.08.2026 at 01:52 AM IST,BAJAJCON,Unknown,Unknown,463.5,1.86,220.1,692.0,110.59,33.02,33.04,556.11,424.63,637764.85,445556.0,0.7,Bearish,15,8,0,0,0,23,23,"Above 200 DMA, Weak but watchable RSI"
28.08.2026 at 01:52 AM IST,KICL,Unknown,Unknown,5260.5,0.43,4003.65,6542.89,31.39,19.6,44.97,5399.53,4984.07,1419.9,552.0,0.39,Bearish,15,8,0,0,0,23,23,"Above 200 DMA, Weak but watchable RSI"
28.08.2026 at 01:52 AM IST,KIMS,Healthcare,Unknown,756.1,-2.12,575.8,858.0,31.31,11.88,33.23,802.52,709.94,655360.3,519861.0,0.79,Bearish,15,8,0,0,0,23,23,"Above 200 DMA, Weak but watchable RSI"
28.08.2026 at 01:52 AM IST,PGEL,Consumer Durables,Unknown,587.15,-1.21,436.55,644.4,34.5,8.88,44.16,589.07,557.23,2090316.9,878124.0,0.42,Bearish,15,8,0,0,0,23,23,"Above 200 DMA, Weak but watchable RSI"
28.08.2026 at 01:52 AM IST,BIKAJI,Fast Moving Consumer Goods,Unknown,612.1,2.05,591.39,817.1,3.5,25.09,42.33,635.05,662.6,111506.95,170484.0,1.53,Bearish,0,8,20,10,15,23,23,"Weak but watchable RSI, Near 52W low with non-crashing RSI, Volume expansion, Below 200 DMA risk"
28.08.2026 at 01:52 AM IST,BHARATFORG,Automobile and Auto Components,Unknown,2005.0,-2.31,1095.92,2295.0,82.95,12.64,35.86,2127.47,1783.22,1239409.7,456259.0,0.37,Bearish,15,8,0,0,0,23,23,"Above 200 DMA, Weak but watchable RSI"
28.08.2026 at 01:52 AM IST,DENORA,Unknown,Unknown,811.6,-1.55,560.25,960.35,44.86,15.49,37.67,873.53,745.28,7542.4,2536.0,0.34,Bearish,15,8,0,0,0,23,23,"Above 200 DMA, Weak but watchable RSI"
28.08.2026 at 01:52 AM IST,BANKA,Unknown,Unknown,78.44,-1.83,41.0,97.88,91.32,19.86,40.32,87.78,73.94,4161.45,3612.0,0.87,Bearish,15,8,0,0,0,23,23,"Above 200 DMA, Weak but watchable RSI"
28.08.2026 at 01:52 AM IST,RANEHOLDIN,Unknown,Unknown,1581.6,-0.66,955.96,1846.13,65.45,14.33,38.3,1680.44,1361.92,26445.8,4928.0,0.19,Bearish,15,8,0,0,0,23,23,"Above 200 DMA, Weak but watchable RSI"
28.08.2026 at 01:52 AM IST,AEROPLANE,Unknown,Unknown,174.99,-2.99,117.02,206.9,49.54,15.42,44.15,172.66,,549714.25,317113.0,0.58,Bullish,15,8,0,0,0,23,23,"Above 50 DMA, Weak but watchable RSI"
28.08.2026 at 01:52 AM IST,CROMPTON,Consumer Durables,Unknown,238.25,-1.95,214.82,333.49,10.91,28.56,35.36,258.15,256.51,4365213.95,11453734.0,2.62,Bearish,0,8,15,15,15,23,23,"Weak but watchable RSI, Close to 52W low with recovery potential, Strong volume expansion, Below 200 DMA risk"
28.08.2026 at 01:52 AM IST,SPARC,Unknown,Unknown,194.36,-0.05,108.0,289.0,79.96,32.75,35.74,223.79,166.2,789652.7,305096.0,0.39,Bearish,15,8,0,0,0,23,23,"Above 200 DMA, Weak but watchable RSI"
28.08.2026 at 01:52 AM IST,BANDHANBNK,Financial Services,Unknown,173.5,0.0,133.1,218.86,30.36,20.73,43.8,187.86,172.03,7511119.4,3786900.0,0.5,Bearish,15,8,0,0,0,23,23,"Above 200 DMA, Weak but watchable RSI"
28.08.2026 at 01:52 AM IST,BALPHARMA,Unknown,Unknown,83.57,-1.94,60.0,98.85,39.28,15.46,42.7,85.35,78.1,16528.7,10024.0,0.61,Bearish,15,8,0,0,0,23,23,"Above 200 DMA, Weak but watchable RSI"
28.08.2026 at 01:52 AM IST,TEJASNET,Telecommunication,Unknown,505.05,0.14,294.0,644.75,71.79,21.67,41.01,547.47,468.32,1109724.5,484905.0,0.44,Bearish,15,8,0,0,0,23,23,"Above 200 DMA, Weak but watchable RSI"
28.08.2026 at 01:52 AM IST,SUYOG,Unknown,Unknown,755.8,1.83,528.0,921.15,43.14,17.95,34.1,836.95,717.81,27549.1,13356.0,0.48,Bearish,15,8,0,0,0,23,23,"Above 200 DMA, Weak but watchable RSI"
28.08.2026 at 01:52 AM IST,SVPGLOB,Unknown,Unknown,3.74,0.27,2.18,6.89,71.56,45.72,44.89,3.87,3.68,34330.65,17977.0,0.52,Bearish,15,8,0,0,0,23,23,"Above 200 DMA, Weak but watchable RSI"
28.08.2026 at 01:52 AM IST,SPAL,Unknown,Unknown,949.7,-0.01,600.0,1221.9,58.28,22.28,44.5,1029.66,813.13,86722.8,27653.0,0.32,Bearish,15,8,0,0,0,23,23,"Above 200 DMA, Weak but watchable RSI"
28.08.2026 at 01:52 AM IST,GPTHEALTH,Unknown,Unknown,152.05,1.42,113.97,175.0,33.41,13.11,44.18,154.66,139.5,195280.15,119886.0,0.61,Bearish,15,8,0,0,0,23,23,"Above 200 DMA, Weak but watchable RSI"
28.08.2026 at 01:52 AM IST,GREAVESCOT,Unknown,Unknown,195.62,1.79,119.01,269.69,64.37,27.46,40.59,218.77,181.88,1992578.0,704383.0,0.35,Bearish,15,8,0,0,0,23,23,"Above 200 DMA, Weak but watchable RSI"
28.08.2026 at 01:52 AM IST,MUTHOOTMF,Unknown,Unknown,213.85,0.85,141.2,262.77,51.45,18.62,43.98,224.41,189.4,707278.85,158170.0,0.22,Bearish,15,8,0,0,0,23,23,"Above 200 DMA, Weak but watchable RSI"
28.08.2026 at 01:52 AM IST,LLOYDSME,Metals & Mining,Unknown,1845.7,0.05,1042.28,2125.0,77.08,13.14,40.4,1882.33,1520.67,537068.5,286620.0,0.53,Bearish,15,8,0,0,0,23,23,"Above 200 DMA, Weak but watchable RSI"
28.08.2026 at 01:52 AM IST,LLOYDSENT,Unknown,Unknown,74.36,0.39,40.66,84.7,82.87,12.21,41.21,77.7,64.68,3931289.75,2316948.0,0.59,Bearish,15,8,0,0,0,23,23,"Above 200 DMA, Weak but watchable RSI"
28.08.2026 at 01:52 AM IST,TCC,Unknown,Unknown,231.75,-1.45,223.4,526.4,3.74,55.97,25.04,290.9,,327979.45,617665.0,1.88,Bearish,0,5,8,10,0,23,23,"Oversold RSI, Within 30% of 52W low, Volume expansion"
28.08.2026 at 01:52 AM IST,CHOICEIN,Financial Services,Unknown,781.85,-0.87,568.7,860.5,37.48,9.14,38.88,792.87,746.13,490806.4,338222.0,0.69,Bearish,15,8,0,0,0,23,23,"Above 200 DMA, Weak but watchable RSI"
28.08.2026 at 01:52 AM IST,CLEANMAX,Unknown,Unknown,1182.3,-4.17,727.1,1536.0,62.6,23.03,35.84,1317.24,,184450.3,689745.0,3.74,Bearish,0,8,0,15,0,23,23,"Weak but watchable RSI, Strong volume expansion"
28.08.2026 at 01:52 AM IST,CGPOWER,Capital Goods,Unknown,865.05,-1.53,524.34,980.9,64.98,11.81,44.73,901.05,771.4,2551904.7,922161.0,0.36,Bearish,15,8,0,0,0,23,23,"Above 200 DMA, Weak but watchable RSI"
28.08.2026 at 01:52 AM IST,MANCREDIT,Unknown,Unknown,221.62,-0.25,152.06,287.27,45.75,22.85,43.76,231.99,188.16,293468.45,132821.0,0.45,Bearish,15,8,0,0,0,23,23,"Above 200 DMA, Weak but watchable RSI"
28.08.2026 at 01:52 AM IST,MOSCHIP,Unknown,Unknown,205.54,0.09,146.8,288.45,40.01,28.74,42.89,216.95,202.77,1145790.85,557540.0,0.49,Bearish,15,8,0,0,0,23,23,"Above 200 DMA, Weak but watchable RSI"
28.08.2026 at 01:52 AM IST,CINEVISTA,Unknown,Unknown,14.53,1.11,12.16,22.8,19.49,36.27,44.03,15.31,15.56,10563.05,22717.0,2.15,Bearish,0,8,15,15,15,23,23,"Weak but watchable RSI, Close to 52W low with recovery potential, Strong volume expansion, Below 200 DMA risk"
28.08.2026 at 01:52 AM IST,MEDIASSIST,Unknown,Unknown,340.05,-3.17,293.0,575.55,16.06,40.92,39.63,357.42,387.52,215871.1,459025.0,2.13,Bearish,0,8,15,15,15,23,23,"Weak but watchable RSI, Close to 52W low with recovery potential, Strong volume expansion, Below 200 DMA risk"
28.08.2026 at 01:52 AM IST,INDNIPPON,Unknown,Unknown,1066.1,-0.42,675.0,1278.2,57.94,16.59,38.92,1100.33,875.18,32120.4,7307.0,0.23,Bearish,15,8,0,0,0,23,23,"Above 200 DMA, Weak but watchable RSI"
28.08.2026 at 01:52 AM IST,CENTUM,Unknown,Unknown,3334.5,1.82,2041.23,3968.8,63.36,15.98,39.08,3604.33,2898.52,58617.8,33857.0,0.58,Bearish,15,8,0,0,0,23,23,"Above 200 DMA, Weak but watchable RSI"
28.08.2026 at 01:52 AM IST,GEEKAYWIRE,Unknown,Unknown,23.1,2.21,18.51,40.26,24.8,42.63,50.46,23.95,26.42,101244.25,148794.0,1.47,Bearish,0,20,8,10,15,23,23,"Healthy RSI momentum, Within 30% of 52W low, Volume expansion, Below 200 DMA risk"
28.08.2026 at 01:52 AM IST,IMFA,Unknown,Unknown,1380.5,0.2,829.61,1670.79,66.4,17.37,44.83,1389.17,1357.78,232399.5,147196.0,0.63,Bearish,15,8,0,0,0,23,23,"Above 200 DMA, Weak but watchable RSI"
28.08.2026 at 01:52 AM IST,PRECOT,Unknown,Unknown,695.45,-1.17,298.55,899.0,132.94,22.64,40.72,769.1,571.68,11020.65,3328.0,0.3,Bearish,15,8,0,0,0,23,23,"Above 200 DMA, Weak but watchable RSI"
28.08.2026 at 01:52 AM IST,GANECOS,Unknown,Unknown,1045.2,-0.61,653.55,1392.76,59.93,24.95,41.68,1076.08,932.07,122227.15,29751.0,0.24,Bearish,15,8,0,0,0,23,23,"Above 200 DMA, Weak but watchable RSI"
28.08.2026 at 01:52 AM IST,RAJMET,Unknown,Unknown,3.18,-0.62,2.72,5.28,16.91,39.77,40.11,3.47,3.85,575698.9,1677065.0,2.91,Bearish,0,8,15,15,15,23,23,"Weak but watchable RSI, Close to 52W low with recovery potential, Strong volume expansion, Below 200 DMA risk"
28.08.2026 at 01:52 AM IST,RAIN,Unknown,Unknown,195.78,-2.35,99.43,250.82,96.9,21.94,40.15,206.63,155.45,6061567.5,4779754.0,0.79,Bearish,15,8,0,0,0,23,23,"Above 200 DMA, Weak but watchable RSI"
28.08.2026 at 01:52 AM IST,NGIL,Unknown,Unknown,38.81,-1.2,22.01,43.89,76.33,11.57,44.44,39.6,32.92,39057.2,13133.0,0.34,Bearish,15,8,0,0,0,23,23,"Above 200 DMA, Weak but watchable RSI"
28.08.2026 at 01:52 AM IST,BONLON,Unknown,Unknown,39.6,-1.15,34.51,57.0,14.75,30.53,40.21,41.68,,14944.55,6553.0,0.44,Bearish,0,8,15,0,0,23,23,"Weak but watchable RSI, Close to 52W low with recovery potential"
28.08.2026 at 01:52 AM IST,LIKHITHA,Unknown,Unknown,210.89,0.05,131.45,272.0,60.43,22.47,40.71,235.04,200.02,44473.2,19983.0,0.45,Bearish,15,8,0,0,0,23,23,"Above 200 DMA, Weak but watchable RSI"
28.08.2026 at 01:52 AM IST,ONEPOINT,Unknown,Unknown,55.51,0.49,40.58,65.85,36.79,15.7,42.5,56.74,53.87,1315442.95,588045.0,0.45,Bearish,15,8,0,0,0,23,23,"Above 200 DMA, Weak but watchable RSI"
28.08.2026 at 01:52 AM IST,TREJHARA,Unknown,Unknown,148.54,-4.68,128.4,284.85,15.69,47.85,44.49,146.31,180.98,51776.15,22150.0,0.43,Bullish,15,8,15,0,15,23,23,"Above 50 DMA, Weak but watchable RSI, Close to 52W low with recovery potential, Below 200 DMA risk"
28.08.2026 at 01:52 AM IST,COROMANDEL,Chemicals,Unknown,1949.7,1.89,1704.84,2486.77,14.36,21.6,37.74,2032.81,2098.91,135381.25,292075.0,2.16,Bearish,0,8,15,15,15,23,23,"Weak but watchable RSI, Close to 52W low with recovery potential, Strong volume expansion, Below 200 DMA risk"
28.08.2026 at 01:52 AM IST,NESCO,Unknown,Unknown,1018.9,-1.16,989.63,1628.41,2.96,37.43,35.64,1070.19,1146.83,23957.55,40691.0,1.7,Bearish,0,8,20,10,15,23,23,"Weak but watchable RSI, Near 52W low with non-crashing RSI, Volume expansion, Below 200 DMA risk"
28.08.2026 at 01:52 AM IST,BFINVEST,Unknown,Unknown,447.7,-0.28,308.16,584.7,45.28,23.43,43.22,459.05,414.16,44137.25,10997.0,0.25,Bearish,15,8,0,0,0,23,23,"Above 200 DMA, Weak but watchable RSI"
28.08.2026 at 01:52 AM IST,RAYMONDREL,Unknown,Unknown,575.2,-0.36,347.9,734.9,65.34,21.73,37.76,644.62,523.6,334090.75,90231.0,0.27,Bearish,15,8,0,0,0,23,23,"Above 200 DMA, Weak but watchable RSI"
28.08.2026 at 01:52 AM IST,RELAXO,Unknown,Unknown,367.4,-0.31,236.5,526.0,55.35,30.15,35.81,396.87,361.06,291288.15,107297.0,0.37,Bearish,15,8,0,0,0,23,23,"Above 200 DMA, Weak but watchable RSI"
28.08.2026 at 01:52 AM IST,BELRISE,Automobile and Auto Components,Unknown,229.66,0.75,135.16,268.2,69.92,14.37,41.83,237.32,200.96,5299555.6,3663654.0,0.69,Bearish,15,8,0,0,0,23,23,"Above 200 DMA, Weak but watchable RSI"
28.08.2026 at 01:52 AM IST,SONATSOFTW,Information Technology,Unknown,299.45,0.34,203.58,411.03,47.09,27.15,44.14,300.05,293.91,1531183.8,1104843.0,0.72,Bearish,15,8,0,0,0,23,23,"Above 200 DMA, Weak but watchable RSI"
28.08.2026 at 01:52 AM IST,WANBURY,Unknown,Unknown,261.15,-1.21,161.5,358.85,61.7,27.23,42.31,287.3,255.71,470563.15,80350.0,0.17,Bearish,15,8,0,0,0,23,23,"Above 200 DMA, Weak but watchable RSI"
28.08.2026 at 01:52 AM IST,WALCHANNAG,Unknown,Unknown,220.94,0.42,131.15,315.8,68.46,30.04,38.61,245.11,202.9,631610.65,255116.0,0.4,Bearish,15,8,0,0,0,23,23,"Above 200 DMA, Weak but watchable RSI"
28.08.2026 at 01:52 AM IST,NIBE,Unknown,Unknown,1392.2,-0.18,809.6,1848.0,71.96,24.66,42.28,1530.95,1221.85,85223.6,52850.0,0.62,Bearish,15,8,0,0,0,23,23,"Above 200 DMA, Weak but watchable RSI"
28.08.2026 at 01:52 AM IST,NGLFINE,Unknown,Unknown,2877.3,2.62,1270.24,3599.83,126.52,20.07,37.58,3158.3,2289.87,16237.8,3316.0,0.2,Bearish,15,8,0,0,0,23,23,"Above 200 DMA, Weak but watchable RSI"
28.08.2026 at 01:52 AM IST,HIKAL,Unknown,Unknown,207.63,-0.36,146.25,282.43,41.97,26.48,40.96,220.86,207.53,400331.6,105536.0,0.26,Bearish,15,8,0,0,0,23,23,"Above 200 DMA, Weak but watchable RSI"
28.08.2026 at 01:52 AM IST,AIAENG,Capital Goods,Unknown,4235.5,-0.75,2985.49,5180.0,41.87,18.23,31.63,4656.4,4092.71,57727.7,25577.0,0.44,Bearish,15,8,0,0,0,23,23,"Above 200 DMA, Weak but watchable RSI"
28.08.2026 at 01:52 AM IST,EVEREADY,Unknown,Unknown,345.65,1.14,257.82,471.86,34.06,26.75,45.0,354.22,328.61,106527.1,58003.0,0.54,Bearish,15,8,0,0,0,23,23,"Above 200 DMA, Weak but watchable RSI"
28.08.2026 at 01:52 AM IST,ASAL,Unknown,Unknown,489.3,-0.09,374.5,654.65,30.65,25.26,41.22,512.24,484.61,20185.75,7994.0,0.4,Bearish,15,8,0,0,0,23,23,"Above 200 DMA, Weak but watchable RSI"
28.08.2026 at 01:52 AM IST,NINSYS,Unknown,Unknown,713.4,-0.49,281.05,935.0,153.83,23.7,33.69,799.77,528.89,5585.25,2130.0,0.38,Bearish,15,8,0,0,0,23,23,"Above 200 DMA, Weak but watchable RSI"
28.08.2026 at 01:52 AM IST,ASTERDM,Healthcare,Unknown,762.1,-0.41,516.84,891.3,47.45,14.5,35.55,802.93,695.41,5628438.8,1673373.0,0.3,Bearish,15,8,0,0,0,23,23,"Above 200 DMA, Weak but watchable RSI"
28.08.2026 at 01:52 AM IST,AEGISVOPAK,Oil Gas & Consumable Fuels,Unknown,264.15,-1.33,157.89,311.49,67.3,15.2,43.04,271.59,231.32,903126.25,282319.0,0.31,Bearish,15,8,0,0,0,23,23,"Above 200 DMA, Weak but watchable RSI"
28.08.2026 at 01:52 AM IST,VESUVIUS,Unknown,Unknown,422.9,-1.34,420.35,606.13,0.61,30.23,36.22,455.21,474.72,74025.75,138680.0,1.87,Bearish,0,8,20,10,15,23,23,"Weak but watchable RSI, Near 52W low with non-crashing RSI, Volume expansion, Below 200 DMA risk"
28.08.2026 at 01:52 AM IST,DBCORP,Unknown,Unknown,203.71,-0.84,180.2,279.0,13.04,26.99,38.9,203.69,218.92,88805.45,64818.0,0.73,Bullish,15,8,15,0,15,23,23,"Above 50 DMA, Weak but watchable RSI, Close to 52W low with recovery potential, Below 200 DMA risk"
28.08.2026 at 01:52 AM IST,THERMAX,Capital Goods,Unknown,3968.5,-0.78,2731.54,5256.33,45.28,24.5,37.28,4449.89,3701.91,378395.65,57760.0,0.15,Bearish,15,8,0,0,0,23,23,"Above 200 DMA, Weak but watchable RSI"
28.08.2026 at 01:52 AM IST,ENRIN,Capital Goods,Unknown,3325.9,-1.88,2111.59,3968.0,57.51,16.18,42.68,3465.66,3082.68,806299.8,554182.0,0.69,Bearish,15,8,0,0,0,23,23,"Above 200 DMA, Weak but watchable RSI"
28.08.2026 at 01:52 AM IST,ESSENTIA,Unknown,Unknown,1.08,-4.42,1.01,2.08,6.93,48.08,36.83,1.24,1.42,4891859.75,8859713.0,1.81,Bearish,0,8,20,10,15,23,23,"Weak but watchable RSI, Near 52W low with non-crashing RSI, Volume expansion, Below 200 DMA risk"
28.08.2026 at 01:52 AM IST,SHARDACROP,Unknown,Unknown,795.8,3.7,743.43,1282.81,7.04,37.96,44.87,846.55,926.25,203097.65,372087.0,1.83,Bearish,0,8,20,10,15,23,23,"Weak but watchable RSI, Near 52W low with non-crashing RSI, Volume expansion, Below 200 DMA risk"
28.08.2026 at 01:52 AM IST,SHRINGARMS,Unknown,Unknown,220.78,-2.44,166.0,266.5,33.0,17.16,42.31,224.17,217.15,513702.0,426149.0,0.83,Bearish,15,8,0,0,0,23,23,"Above 200 DMA, Weak but watchable RSI"
28.08.2026 at 01:52 AM IST,PARACABLES,Unknown,Unknown,60.08,-2.36,28.3,75.7,112.3,20.63,36.02,66.29,47.73,1675206.05,1197628.0,0.71,Bearish,15,8,0,0,0,23,23,"Above 200 DMA, Weak but watchable RSI"
28.08.2026 at 01:52 AM IST,ORCHPHARMA,Unknown,Unknown,973.35,-6.28,480.0,1133.0,102.78,14.09,44.63,1002.91,780.04,85519.75,101085.0,1.18,Bearish,15,8,0,5,5,23,23,"Above 200 DMA, Weak but watchable RSI, Normal volume support, Sharp daily fall"
28.08.2026 at 01:52 AM IST,RELTD,Unknown,Unknown,156.7,-1.45,114.59,196.45,36.75,20.23,38.2,168.33,150.45,201070.95,85310.0,0.42,Bearish,15,8,0,0,0,23,23,"Above 200 DMA, Weak but watchable RSI"
28.08.2026 at 01:52 AM IST,RAMCOSYS,Unknown,Unknown,553.1,-0.9,342.1,967.5,61.68,42.83,37.38,687.09,539.86,245600.0,90396.0,0.37,Bearish,15,8,0,0,0,23,23,"Above 200 DMA, Weak but watchable RSI"
28.08.2026 at 01:52 AM IST,BBOX,Unknown,Unknown,754.8,1.06,435.05,1103.0,73.5,31.57,43.01,846.5,673.15,461367.3,180021.0,0.39,Bearish,15,8,0,0,0,23,23,"Above 200 DMA, Weak but watchable RSI"
28.08.2026 at 01:52 AM IST,OMAXAUTO,Unknown,Unknown,186.84,-3.2,82.52,260.1,126.41,28.17,40.18,212.03,148.17,92556.45,54565.0,0.59,Bearish,15,8,0,0,0,23,23,"Above 200 DMA, Weak but watchable RSI"
28.08.2026 at 01:52 AM IST,SIGNPOST,Unknown,Unknown,261.2,1.87,191.41,336.8,36.46,22.45,37.55,283.9,250.96,89581.55,42620.0,0.48,Bearish,15,8,0,0,0,23,23,"Above 200 DMA, Weak but watchable RSI"
28.08.2026 at 01:52 AM IST,TATASTEEL,Metals & Mining,Unknown,188.01,0.57,149.96,219.87,25.38,14.49,52.39,188.12,189.64,23198198.6,32199274.0,1.39,Bearish,0,20,8,10,15,23,23,"Healthy RSI momentum, Within 30% of 52W low, Volume expansion, Below 200 DMA risk"
28.08.2026 at 01:52 AM IST,SASKEN,Unknown,Unknown,1863.0,-0.44,983.97,2760.49,89.33,32.51,44.8,2004.62,1558.13,22577.2,18676.0,0.83,Bearish,15,8,0,0,0,23,23,"Above 200 DMA, Weak but watchable RSI"
28.08.2026 at 01:52 AM IST,SATIN,Unknown,Unknown,227.06,2.57,133.01,274.14,70.71,17.17,43.8,242.7,186.17,467554.3,222094.0,0.48,Bearish,15,8,0,0,0,23,23,"Above 200 DMA, Weak but watchable RSI"
28.08.2026 at 01:52 AM IST,TITAGARH,Capital Goods,Unknown,825.4,-0.82,568.7,971.0,45.14,14.99,44.83,854.98,796.52,381760.4,323021.0,0.85,Bearish,15,8,0,0,0,23,23,"Above 200 DMA, Weak but watchable RSI"
28.08.2026 at 01:52 AM IST,KIRLOSENG,Capital Goods,Unknown,2036.6,0.36,852.49,2714.26,138.9,24.97,40.21,2236.08,1611.79,459164.9,130801.0,0.28,Bearish,15,8,0,0,0,23,23,"Above 200 DMA, Weak but watchable RSI"
28.08.2026 at 01:52 AM IST,KIRLPNU,Unknown,Unknown,728.6,0.93,491.29,1093.54,48.3,33.37,39.53,826.19,664.95,215137.65,119282.0,0.55,Bearish,15,8,0,0,0,23,23,"Above 200 DMA, Weak but watchable RSI"
28.08.2026 at 01:52 AM IST,TINNARUBR,Unknown,Unknown,1016.4,-0.62,527.45,1322.0,92.7,23.12,43.45,1026.56,815.91,62961.1,45562.0,0.72,Bearish,15,8,0,0,0,23,23,"Above 200 DMA, Weak but watchable RSI"
28.08.2026 at 01:52 AM IST,KERNEX,Unknown,Unknown,1860.4,-2.05,850.0,2580.0,118.87,27.89,40.47,2150.85,1477.81,536496.2,146398.0,0.27,Bearish,15,8,0,0,0,23,23,"Above 200 DMA, Weak but watchable RSI"
28.08.2026 at 01:52 AM IST,DCW,Unknown,Unknown,46.78,3.09,37.11,77.95,26.06,39.99,55.66,47.02,49.8,1040746.0,1911314.0,1.84,Bearish,0,20,8,10,15,23,23,"Healthy RSI momentum, Within 30% of 52W low, Volume expansion, Below 200 DMA risk"
28.08.2026 at 01:52 AM IST,VBL,Fast Moving Consumer Goods,Unknown,421.25,-3.82,379.74,555.18,10.93,24.12,36.49,465.83,470.88,5269867.15,31112914.0,5.9,Bearish,0,8,15,15,15,23,23,"Weak but watchable RSI, Close to 52W low with recovery potential, Strong volume expansion, Below 200 DMA risk"
28.08.2026 at 01:52 AM IST,SFL,Unknown,Unknown,648.05,0.23,456.18,832.45,42.06,22.15,32.1,731.69,611.92,311493.25,133527.0,0.43,Bearish,15,8,0,0,0,23,23,"Above 200 DMA, Weak but watchable RSI"
28.08.2026 at 01:52 AM IST,IDEAFORGE,Unknown,Unknown,805.95,2.17,366.0,992.25,120.2,18.78,44.17,852.04,613.66,469129.05,264128.0,0.56,Bearish,15,8,0,0,0,23,23,"Above 200 DMA, Weak but watchable RSI"
28.08.2026 at 01:52 AM IST,IGARASHI,Unknown,Unknown,426.5,-0.25,270.26,556.37,57.81,23.34,39.33,457.51,405.15,489316.2,57951.0,0.12,Bearish,15,8,0,0,0,23,23,"Above 200 DMA, Weak but watchable RSI"
28.08.2026 at 01:52 AM IST,IKIO,Unknown,Unknown,192.08,0.23,103.53,248.88,85.53,22.82,43.94,193.68,166.8,181146.65,77786.0,0.43,Bearish,15,8,0,0,0,23,23,"Above 200 DMA, Weak but watchable RSI"
28.08.2026 at 01:52 AM IST,EMSLIMITED,Unknown,Unknown,375.75,-1.39,256.05,592.32,46.75,36.56,43.06,404.81,368.66,475279.35,184374.0,0.39,Bearish,15,8,0,0,0,23,23,"Above 200 DMA, Weak but watchable RSI"
28.08.2026 at 01:52 AM IST,SIGNATURE,Realty,Unknown,773.65,-2.14,705.2,1158.0,9.71,33.19,40.3,795.43,900.14,209171.2,285338.0,1.36,Bearish,0,8,20,10,15,23,23,"Weak but watchable RSI, Near 52W low with non-crashing RSI, Volume expansion, Below 200 DMA risk"
28.08.2026 at 01:52 AM IST,STEELXIND,Unknown,Unknown,10.85,0.46,7.0,13.95,55.0,22.22,43.61,11.73,9.75,1855680.5,765039.0,0.41,Bearish,15,8,0,0,0,23,23,"Above 200 DMA, Weak but watchable RSI"
28.08.2026 at 01:52 AM IST,GABRIEL,Automobile and Auto Components,Unknown,1342.6,-0.25,794.06,1596.7,69.08,15.91,41.14,1358.05,1085.75,334266.65,326437.0,0.98,Bearish,15,8,0,0,0,23,23,"Above 200 DMA, Weak but watchable RSI"
28.08.2026 at 01:52 AM IST,INDOUS,Unknown,Unknown,80.96,-1.26,74.98,159.0,7.98,49.08,41.57,85.73,108.28,19073.55,36665.0,1.92,Bearish,0,8,20,10,15,23,23,"Weak but watchable RSI, Near 52W low with non-crashing RSI, Volume expansion, Below 200 DMA risk"
28.08.2026 at 01:52 AM IST,JAYBARMARU,Unknown,Unknown,123.85,0.71,73.75,205.89,67.93,39.85,33.96,157.84,111.75,469882.75,188310.0,0.4,Bearish,15,8,0,0,0,23,23,"Above 200 DMA, Weak but watchable RSI"
28.08.2026 at 01:52 AM IST,PSPPROJECT,Unknown,Unknown,904.65,-0.49,569.2,1143.0,58.93,20.85,38.9,991.13,849.13,99003.15,23710.0,0.24,Bearish,15,8,0,0,0,23,23,"Above 200 DMA, Weak but watchable RSI"
28.08.2026 at 01:52 AM IST,GLOBECIVIL,Unknown,Unknown,45.85,0.35,33.5,80.97,36.87,43.37,63.17,42.05,48.98,103333.05,56297.0,0.54,Bullish,15,20,0,0,15,20,20,"Above 50 DMA, Healthy RSI momentum, Below 200 DMA risk"
28.08.2026 at 01:52 AM IST,PRIMESECU,Unknown,Unknown,283.8,2.01,244.5,325.0,16.07,12.68,51.56,284.14,283.92,43901.85,19889.0,0.45,Bearish,0,20,15,0,15,20,20,"Healthy RSI momentum, Close to 52W low with recovery potential, Below 200 DMA risk"
28.08.2026 at 01:52 AM IST,AVROIND,Unknown,Unknown,9.17,0.33,8.0,15.99,14.63,42.65,51.94,9.38,11.51,582012.3,140526.0,0.24,Bearish,0,20,15,0,15,20,20,"Healthy RSI momentum, Close to 52W low with recovery potential, Below 200 DMA risk"
28.08.2026 at 01:52 AM IST,INDOWIND,Unknown,Unknown,9.34,0.76,7.0,18.94,33.43,50.69,57.8,9.17,11.15,151006.3,108944.0,0.72,Bullish,15,20,0,0,15,20,20,"Above 50 DMA, Healthy RSI momentum, Below 200 DMA risk"
28.08.2026 at 01:52 AM IST,ARIHANTSUP,Unknown,Unknown,259.45,3.78,188.8,465.0,37.42,44.2,52.87,259.62,277.51,22601.15,268152.0,11.86,Bearish,0,20,0,15,15,20,20,"Healthy RSI momentum, Strong volume expansion, Below 200 DMA risk"
28.08.2026 at 01:52 AM IST,LGBBROSLTD,Unknown,Unknown,1688.9,4.8,1229.39,2019.89,37.38,16.39,76.34,1554.89,1692.94,26942.35,83712.0,3.11,Bullish,15,5,0,15,15,20,20,"Above 50 DMA, Strong but overbought RSI, Strong volume expansion, Below 200 DMA risk"
28.08.2026 at 01:52 AM IST,BEL,Capital Goods,Unknown,406.9,-1.54,359.18,472.81,13.29,13.94,50.35,407.93,418.34,10962242.6,7631016.0,0.7,Bearish,0,20,15,0,15,20,20,"Healthy RSI momentum, Close to 52W low with recovery potential, Below 200 DMA risk"
28.08.2026 at 01:52 AM IST,PLATIND,Unknown,Unknown,218.31,2.62,183.5,342.4,18.97,36.24,48.43,225.33,231.06,72609.95,129933.0,1.79,Bearish,0,10,15,10,15,20,20,"RSI recovering zone, Close to 52W low with recovery potential, Volume expansion, Below 200 DMA risk"
28.08.2026 at 01:52 AM IST,PRAKASH,Unknown,Unknown,129.94,1.76,110.24,177.0,17.87,26.59,51.57,130.78,134.46,599419.7,240287.0,0.4,Bearish,0,20,15,0,15,20,20,"Healthy RSI momentum, Close to 52W low with recovery potential, Below 200 DMA risk"
28.08.2026 at 01:52 AM IST,MASTERTR,Unknown,Unknown,84.96,2.57,55.6,164.5,52.81,48.35,57.92,81.78,90.55,387344.25,190755.0,0.49,Bullish,15,20,0,0,15,20,20,"Above 50 DMA, Healthy RSI momentum, Below 200 DMA risk"
28.08.2026 at 01:52 AM IST,RSL,Unknown,Unknown,166.59,1.38,101.7,174.0,63.81,4.26,75.36,141.3,,812093.7,529804.0,0.65,Bullish,15,5,0,0,0,20,20,"Above 50 DMA, Strong but overbought RSI"
28.08.2026 at 01:52 AM IST,SALONA,Unknown,Unknown,262.01,-2.99,200.0,320.0,31.01,18.12,52.72,256.16,264.48,1180.9,68.0,0.06,Bullish,15,20,0,0,15,20,20,"Above 50 DMA, Healthy RSI momentum, Below 200 DMA risk"
28.08.2026 at 01:52 AM IST,BAJAJINDEF,Unknown,Unknown,229.65,1.65,205.46,438.79,11.77,47.66,53.24,235.16,275.67,30168.55,14759.0,0.49,Bearish,0,20,15,0,15,20,20,"Healthy RSI momentum, Close to 52W low with recovery potential, Below 200 DMA risk"
28.08.2026 at 01:52 AM IST,GODREJIND,Diversified,Unknown,1138.0,-2.39,744.2,1443.0,52.92,21.14,29.32,1256.0,1063.84,128410.4,100282.0,0.78,Bearish,15,5,0,0,0,20,20,"Above 200 DMA, Oversold RSI"
28.08.2026 at 01:52 AM IST,AKG,Unknown,Unknown,9.58,6.56,8.06,15.07,18.86,36.43,55.28,9.94,11.5,75292.8,44293.0,0.59,Bearish,0,20,15,0,15,20,20,"Healthy RSI momentum, Close to 52W low with recovery potential, Below 200 DMA risk"
28.08.2026 at 01:52 AM IST,ACC,Construction Materials,Unknown,1331.7,1.98,1244.5,1975.57,7.01,32.59,49.04,1350.35,1508.78,158969.1,179602.0,1.13,Bearish,0,10,20,5,15,20,20,"RSI recovering zone, Near 52W low with non-crashing RSI, Normal volume support, Below 200 DMA risk"
28.08.2026 at 01:52 AM IST,GPIL,Capital Goods,Unknown,245.83,0.64,220.3,318.68,11.59,22.86,50.27,249.15,261.94,1893728.45,1152073.0,0.61,Bearish,0,20,15,0,15,20,20,"Healthy RSI momentum, Close to 52W low with recovery potential, Below 200 DMA risk"
28.08.2026 at 01:52 AM IST,MAHAPEXLTD,Unknown,Unknown,57.28,-2.67,42.0,117.89,36.38,51.41,61.41,48.16,69.04,44829.1,14271.0,0.32,Bullish,15,20,0,0,15,20,20,"Above 50 DMA, Healthy RSI momentum, Below 200 DMA risk"
28.08.2026 at 01:52 AM IST,BALAJITELE,Unknown,Unknown,95.43,0.36,69.52,141.32,37.27,32.47,64.43,89.03,96.7,380439.0,52956.0,0.14,Bullish,15,20,0,0,15,20,20,"Above 50 DMA, Healthy RSI momentum, Below 200 DMA risk"
28.08.2026 at 01:52 AM IST,CORALFINAC,Unknown,Unknown,34.18,0.18,25.01,50.9,36.67,32.85,55.14,33.01,34.65,189132.2,53930.0,0.29,Bullish,15,20,0,0,15,20,20,"Above 50 DMA, Healthy RSI momentum, Below 200 DMA risk"
28.08.2026 at 01:52 AM IST,LOVABLE,Unknown,Unknown,74.0,3.82,55.0,104.7,34.55,29.32,55.16,74.2,74.89,8196.6,19946.0,2.43,Bearish,0,20,0,15,15,20,20,"Healthy RSI momentum, Strong volume expansion, Below 200 DMA risk"
28.08.2026 at 01:52 AM IST,NORBTEAEXP,Unknown,Unknown,70.02,0.01,39.0,99.35,79.54,29.52,55.81,68.7,77.63,1884.6,990.0,0.53,Bullish,15,20,0,0,15,20,20,"Above 50 DMA, Healthy RSI momentum, Below 200 DMA risk"
28.08.2026 at 01:52 AM IST,HAVISHA,Unknown,Unknown,1.39,0.0,1.03,2.42,34.95,42.56,55.41,1.3,1.55,90974.8,28075.0,0.31,Bullish,15,20,0,0,15,20,20,"Above 50 DMA, Healthy RSI momentum, Below 200 DMA risk"
28.08.2026 at 01:52 AM IST,ANIKINDS,Unknown,Unknown,47.21,1.46,32.5,97.55,45.26,51.6,66.16,43.85,47.36,10997.5,5483.0,0.5,Bullish,15,20,0,0,15,20,20,"Above 50 DMA, Healthy RSI momentum, Below 200 DMA risk"
28.08.2026 at 01:52 AM IST,ALMONDZ,Unknown,Unknown,14.74,-3.34,10.68,22.1,38.01,33.3,57.06,13.6,15.02,194074.65,161839.0,0.83,Bullish,15,20,0,0,15,20,20,"Above 50 DMA, Healthy RSI momentum, Below 200 DMA risk"
28.08.2026 at 01:52 AM IST,APCL,Unknown,Unknown,101.97,0.32,98.02,148.78,4.03,31.46,45.25,104.76,117.8,9850.3,10629.0,1.08,Bearish,0,10,20,5,15,20,20,"RSI recovering zone, Near 52W low with non-crashing RSI, Normal volume support, Below 200 DMA risk"
28.08.2026 at 01:52 AM IST,IREDA,Financial Services,Unknown,118.8,-1.5,108.08,162.49,9.92,26.89,49.79,121.97,127.91,5386077.45,5656258.0,1.05,Bearish,0,10,20,5,15,20,20,"RSI recovering zone, Near 52W low with non-crashing RSI, Normal volume support, Below 200 DMA risk"
28.08.2026 at 01:52 AM IST,RKDL,Unknown,Unknown,18.88,1.18,16.3,32.48,15.83,41.87,51.54,18.92,20.8,11868.45,6950.0,0.59,Bearish,0,20,15,0,15,20,20,"Healthy RSI momentum, Close to 52W low with recovery potential, Below 200 DMA risk"
28.08.2026 at 01:52 AM IST,NIRAJISPAT,Unknown,Unknown,216.0,0.0,155.0,485.75,39.35,55.53,56.69,203.71,219.43,49.8,5.0,0.1,Bullish,15,20,0,0,15,20,20,"Above 50 DMA, Healthy RSI momentum, Below 200 DMA risk"
28.08.2026 at 01:52 AM IST,NETWORK18,Unknown,Unknown,30.45,0.3,27.38,58.1,11.21,47.59,55.57,30.61,35.33,5139635.7,1859200.0,0.36,Bearish,0,20,15,0,15,20,20,"Healthy RSI momentum, Close to 52W low with recovery potential, Below 200 DMA risk"
28.08.2026 at 01:52 AM IST,KWIL,Unknown,Unknown,46.48,-1.5,22.24,50.68,108.99,8.29,73.53,35.22,,41601473.9,20823420.0,0.5,Bullish,15,5,0,0,0,20,20,"Above 50 DMA, Strong but overbought RSI"
28.08.2026 at 01:52 AM IST,IRB,Construction,Unknown,19.46,3.46,18.76,23.84,3.73,18.36,48.8,20.09,20.77,10926079.75,14163719.0,1.3,Bearish,0,10,20,5,15,20,20,"RSI recovering zone, Near 52W low with non-crashing RSI, Normal volume support, Below 200 DMA risk"
28.08.2026 at 01:52 AM IST,AFCONS,Construction,Unknown,285.05,-0.23,259.1,476.09,10.02,40.13,54.08,290.47,326.23,1230082.5,245244.0,0.2,Bearish,0,20,15,0,15,20,20,"Healthy RSI momentum, Close to 52W low with recovery potential, Below 200 DMA risk"
28.08.2026 at 01:52 AM IST,TREEHOUSE,Unknown,Unknown,6.29,3.45,5.52,11.0,13.95,42.82,50.49,6.42,7.54,19758.95,18478.0,0.94,Bearish,0,20,15,0,15,20,20,"Healthy RSI momentum, Close to 52W low with recovery potential, Below 200 DMA risk"
28.08.2026 at 01:52 AM IST,DRREDDY,Healthcare,Unknown,1182.0,-0.96,1101.0,1405.98,7.36,15.93,46.04,1230.09,1250.64,1763895.45,1993156.0,1.13,Bearish,0,10,20,5,15,20,20,"RSI recovering zone, Near 52W low with non-crashing RSI, Normal volume support, Below 200 DMA risk"
28.08.2026 at 01:52 AM IST,NFL,Unknown,Unknown,71.8,-0.83,63.35,101.34,13.34,29.15,50.09,72.95,77.89,939141.8,705884.0,0.75,Bearish,0,20,15,0,15,20,20,"Healthy RSI momentum, Close to 52W low with recovery potential, Below 200 DMA risk"
28.08.2026 at 01:52 AM IST,KSR,Unknown,Unknown,29.13,1.68,14.04,39.1,107.48,25.5,50.62,29.86,,26181.9,2845.0,0.11,Bearish,0,20,0,0,0,20,20,Healthy RSI momentum
28.08.2026 at 01:52 AM IST,KENNAMET,Unknown,Unknown,4325.5,4.68,2373.15,4369.0,82.27,1.0,80.25,3130.26,,64967.9,62176.0,0.96,Bullish,15,5,0,0,0,20,20,"Above 50 DMA, Strong but overbought RSI"
28.08.2026 at 01:52 AM IST,PAVNAIND,Unknown,Unknown,18.51,1.59,14.11,43.8,31.18,57.74,52.65,17.77,20.76,67597.65,19171.0,0.28,Bullish,15,20,0,0,15,20,20,"Above 50 DMA, Healthy RSI momentum, Below 200 DMA risk"
28.08.2026 at 01:52 AM IST,VMM,Consumer Services,Unknown,109.62,-2.56,98.77,155.32,10.99,29.42,50.9,112.31,120.53,16829233.8,9830770.0,0.58,Bearish,0,20,15,0,15,20,20,"Healthy RSI momentum, Close to 52W low with recovery potential, Below 200 DMA risk"
28.08.2026 at 01:52 AM IST,ODIGMA,Unknown,Unknown,22.53,2.97,20.0,56.09,12.65,59.83,47.37,23.4,26.95,11820.8,22694.0,1.92,Bearish,0,10,15,10,15,20,20,"RSI recovering zone, Close to 52W low with recovery potential, Volume expansion, Below 200 DMA risk"
28.08.2026 at 01:52 AM IST,HERANBA,Unknown,Unknown,174.06,-0.12,155.38,362.89,12.02,52.03,50.53,178.56,205.85,66828.7,16709.0,0.25,Bearish,0,20,15,0,15,20,20,"Healthy RSI momentum, Close to 52W low with recovery potential, Below 200 DMA risk"
28.08.2026 at 01:52 AM IST,PURVA,Unknown,Unknown,218.87,0.44,160.69,305.0,36.21,28.24,52.25,217.94,221.67,1408583.65,83504.0,0.06,Bullish,15,20,0,0,15,20,20,"Above 50 DMA, Healthy RSI momentum, Below 200 DMA risk"
28.08.2026 at 01:52 AM IST,BSHSL,Unknown,Unknown,89.88,1.44,59.16,149.5,51.93,39.88,54.87,88.72,94.8,7308.45,3407.0,0.47,Bullish,15,20,0,0,15,20,20,"Above 50 DMA, Healthy RSI momentum, Below 200 DMA risk"
28.08.2026 at 01:52 AM IST,TMCV,Capital Goods,Unknown,483.75,1.86,302.88,503.32,59.72,3.89,71.29,435.0,,9019501.2,8416088.0,0.93,Bullish,15,5,0,0,0,20,20,"Above 50 DMA, Strong but overbought RSI"
28.08.2026 at 01:52 AM IST,UNITEDTEA,Unknown,Unknown,460.15,1.6,409.26,587.25,12.44,21.64,46.56,469.94,484.83,2673.3,3725.0,1.39,Bearish,0,10,15,10,15,20,20,"RSI recovering zone, Close to 52W low with recovery potential, Volume expansion, Below 200 DMA risk"
28.08.2026 at 01:52 AM IST,KHAICHEM,Unknown,Unknown,56.92,0.3,42.88,135.67,32.75,58.05,59.33,52.45,61.89,343515.35,196359.0,0.57,Bullish,15,20,0,0,15,20,20,"Above 50 DMA, Healthy RSI momentum, Below 200 DMA risk"
28.08.2026 at 01:52 AM IST,PSB,Unknown,Unknown,23.5,0.69,20.18,31.95,16.46,26.45,46.78,23.99,25.25,1111530.65,1744527.0,1.57,Bearish,0,10,15,10,15,20,20,"RSI recovering zone, Close to 52W low with recovery potential, Volume expansion, Below 200 DMA risk"
28.08.2026 at 01:52 AM IST,JHS,Unknown,Unknown,9.0,1.24,6.26,13.9,43.77,35.25,63.75,7.85,9.12,148124.55,27986.0,0.19,Bullish,15,20,0,0,15,20,20,"Above 50 DMA, Healthy RSI momentum, Below 200 DMA risk"
28.08.2026 at 01:52 AM IST,ADL,Unknown,Unknown,72.47,-4.52,50.26,109.9,44.19,34.06,51.53,70.87,72.84,1286.95,189.0,0.15,Bullish,15,20,0,0,15,20,20,"Above 50 DMA, Healthy RSI momentum, Below 200 DMA risk"
28.08.2026 at 01:52 AM IST,SUDEEPPHRM,Unknown,Unknown,1129.1,0.17,523.12,1180.0,115.84,4.31,70.71,920.15,,388015.45,92746.0,0.24,Bullish,15,5,0,0,0,20,20,"Above 50 DMA, Strong but overbought RSI"
28.08.2026 at 01:52 AM IST,GKSL,Unknown,Unknown,152.34,-0.08,98.36,162.22,54.88,6.09,73.21,133.87,,744450.75,130347.0,0.18,Bullish,15,5,0,0,0,20,20,"Above 50 DMA, Strong but overbought RSI"
28.08.2026 at 01:52 AM IST,MCL,Unknown,Unknown,59.59,3.2,42.0,93.2,41.88,36.06,60.19,56.04,60.64,70034.95,49558.0,0.71,Bullish,15,20,0,0,15,20,20,"Above 50 DMA, Healthy RSI momentum, Below 200 DMA risk"
28.08.2026 at 01:52 AM IST,MCLOUD,Unknown,Unknown,28.87,-0.45,19.4,87.0,48.81,66.82,49.59,29.08,28.12,3729847.35,1006808.0,0.27,Bearish,15,10,0,0,5,20,20,"Above 200 DMA, RSI recovering zone, Very far from 52W high"
28.08.2026 at 01:52 AM IST,CHAMBLFERT,Chemicals,Unknown,427.55,-0.01,394.44,566.87,8.39,24.58,35.34,448.45,444.36,535059.5,565043.0,1.06,Bearish,0,8,20,5,15,18,18,"Weak but watchable RSI, Near 52W low with non-crashing RSI, Normal volume support, Below 200 DMA risk"
28.08.2026 at 01:52 AM IST,ACI,Unknown,Unknown,489.9,-1.87,480.73,722.59,1.91,32.2,38.28,529.63,550.57,322195.05,368281.0,1.14,Bearish,0,8,20,5,15,18,18,"Weak but watchable RSI, Near 52W low with non-crashing RSI, Normal volume support, Below 200 DMA risk"
28.08.2026 at 01:52 AM IST,MPHASIS,Information Technology,Unknown,2400.0,-1.31,1960.44,2957.9,22.42,18.86,47.75,2343.62,2408.89,434996.15,378910.0,0.87,Bullish,15,10,8,0,15,18,18,"Above 50 DMA, RSI recovering zone, Within 30% of 52W low, Below 200 DMA risk"
28.08.2026 at 01:52 AM IST,ABREL,Realty,Unknown,1392.3,-1.12,1078.22,1961.88,29.13,29.03,48.31,1392.07,1416.21,222242.0,120050.0,0.54,Bullish,15,10,8,0,15,18,18,"Above 50 DMA, RSI recovering zone, Within 30% of 52W low, Below 200 DMA risk"
28.08.2026 at 01:52 AM IST,GILLETTE,Fast Moving Consumer Goods,Unknown,7403.5,-0.48,7148.34,10437.38,3.57,29.07,35.21,7649.91,7887.72,19793.35,19999.0,1.01,Bearish,0,8,20,5,15,18,18,"Weak but watchable RSI, Near 52W low with non-crashing RSI, Normal volume support, Below 200 DMA risk"
28.08.2026 at 01:52 AM IST,MHRIL,Unknown,Unknown,218.19,-0.42,207.9,368.9,4.95,40.85,41.09,227.88,263.61,94013.65,96958.0,1.03,Bearish,0,8,20,5,15,18,18,"Weak but watchable RSI, Near 52W low with non-crashing RSI, Normal volume support, Below 200 DMA risk"
28.08.2026 at 01:52 AM IST,ORCHASP,Unknown,Unknown,1.39,5.3,1.25,4.16,11.2,66.59,40.03,1.68,2.25,452736.0,1109778.0,2.45,Bearish,0,8,15,15,20,18,18,"Weak but watchable RSI, Close to 52W low with recovery potential, Strong volume expansion, Below 200 DMA risk, Very far from 52W high"
28.08.2026 at 01:52 AM IST,ASHOKAMET,Unknown,Unknown,13.5,-3.02,12.13,21.0,11.29,35.71,36.84,14.41,15.05,14837.7,21705.0,1.46,Bearish,0,8,15,10,15,18,18,"Weak but watchable RSI, Close to 52W low with recovery potential, Volume expansion, Below 200 DMA risk"
28.08.2026 at 01:52 AM IST,IEX,Financial Services,Unknown,122.0,-1.77,112.82,155.9,8.14,21.74,40.85,124.65,127.02,3412321.15,3923536.0,1.15,Bearish,0,8,20,5,15,18,18,"Weak but watchable RSI, Near 52W low with non-crashing RSI, Normal volume support, Below 200 DMA risk"
28.08.2026 at 01:52 AM IST,VOLTAS,Consumer Durables,Unknown,1217.0,-2.09,1183.08,1577.54,2.87,22.85,35.91,1300.7,1356.35,958076.65,1046584.0,1.09,Bearish,0,8,20,5,15,18,18,"Weak but watchable RSI, Near 52W low with non-crashing RSI, Normal volume support, Below 200 DMA risk"
28.08.2026 at 01:52 AM IST,LCCINFOTEC,Unknown,Unknown,3.75,9.97,3.3,5.89,13.64,36.33,43.56,4.31,4.64,91800.1,182473.0,1.99,Bearish,0,8,15,10,15,18,18,"Weak but watchable RSI, Close to 52W low with recovery potential, Volume expansion, Below 200 DMA risk"
28.08.2026 at 01:52 AM IST,PVSL,Unknown,Unknown,106.53,-1.34,82.41,163.0,29.27,34.64,45.67,103.0,107.34,65817.2,40578.0,0.62,Bullish,15,10,8,0,15,18,18,"Above 50 DMA, RSI recovering zone, Within 30% of 52W low, Below 200 DMA risk"
28.08.2026 at 01:52 AM IST,NEXTMEDIA,Unknown,Unknown,3.58,-8.44,3.16,8.48,13.29,57.78,40.44,3.93,4.85,11939.05,80986.0,6.78,Bearish,0,8,15,15,20,18,18,"Weak but watchable RSI, Close to 52W low with recovery potential, Strong volume expansion, Below 200 DMA risk, Sharp daily fall"
28.08.2026 at 01:52 AM IST,RADAAN,Unknown,Unknown,3.02,0.67,2.35,3.99,28.51,24.31,49.79,3.02,3.13,21980.2,11648.0,0.53,Bullish,15,10,8,0,15,18,18,"Above 50 DMA, RSI recovering zone, Within 30% of 52W low, Below 200 DMA risk"
28.08.2026 at 01:52 AM IST,HDBFS,Financial Services,Unknown,687.5,-0.01,553.72,796.67,24.16,13.7,47.22,710.89,699.45,614243.65,2726973.0,4.44,Bearish,0,10,8,15,15,18,18,"RSI recovering zone, Within 30% of 52W low, Strong volume expansion, Below 200 DMA risk"
28.08.2026 at 01:52 AM IST,SHREECEM,Construction Materials,Unknown,24865.0,1.74,22491.54,30583.61,10.55,18.7,43.53,25889.38,25632.92,32746.3,50283.0,1.54,Bearish,0,8,15,10,15,18,18,"Weak but watchable RSI, Close to 52W low with recovery potential, Volume expansion, Below 200 DMA risk"
28.08.2026 at 01:52 AM IST,SHREYANIND,Unknown,Unknown,124.99,0.99,120.7,244.59,3.55,48.9,34.63,135.75,154.89,6918.2,8744.0,1.26,Bearish,0,8,20,5,15,18,18,"Weak but watchable RSI, Near 52W low with non-crashing RSI, Normal volume support, Below 200 DMA risk"
28.08.2026 at 01:52 AM IST,DAMCAPITAL,Unknown,Unknown,150.02,0.43,119.22,286.0,25.83,47.55,49.64,152.91,168.94,307846.65,734604.0,2.39,Bearish,0,10,8,15,15,18,18,"RSI recovering zone, Within 30% of 52W low, Strong volume expansion, Below 200 DMA risk"
28.08.2026 at 01:52 AM IST,SAURASHCEM,Unknown,Unknown,59.01,3.64,47.65,125.35,23.84,52.92,49.33,58.64,67.43,589018.1,112538.0,0.19,Bullish,15,10,8,0,15,18,18,"Above 50 DMA, RSI recovering zone, Within 30% of 52W low, Below 200 DMA risk"
28.08.2026 at 01:52 AM IST,BLAL,Unknown,Unknown,166.76,-0.14,155.5,233.8,7.24,28.67,31.39,177.63,188.01,19059.55,19436.0,1.02,Bearish,0,8,20,5,15,18,18,"Weak but watchable RSI, Near 52W low with non-crashing RSI, Normal volume support, Below 200 DMA risk"
28.08.2026 at 01:52 AM IST,BIRLANU,Unknown,Unknown,1480.5,-3.18,1177.16,2064.21,25.77,28.28,49.45,1407.78,1483.68,45291.35,18977.0,0.42,Bullish,15,10,8,0,15,18,18,"Above 50 DMA, RSI recovering zone, Within 30% of 52W low, Below 200 DMA risk"
28.08.2026 at 01:52 AM IST,HEADSUP,Unknown,Unknown,6.46,-3.58,5.69,12.95,13.53,50.12,40.05,6.9,7.82,24162.25,34786.0,1.44,Bearish,0,8,15,10,15,18,18,"Weak but watchable RSI, Close to 52W low with recovery potential, Volume expansion, Below 200 DMA risk"
28.08.2026 at 01:52 AM IST,MASFIN,Unknown,Unknown,297.25,-0.78,276.64,357.93,7.45,16.95,42.1,311.43,313.47,154737.3,156766.0,1.01,Bearish,0,8,20,5,15,18,18,"Weak but watchable RSI, Near 52W low with non-crashing RSI, Normal volume support, Below 200 DMA risk"
28.08.2026 at 01:52 AM IST,SAMPANN,Unknown,Unknown,26.1,-1.4,23.75,43.44,9.89,39.92,41.49,27.33,29.8,18303.2,18801.0,1.03,Bearish,0,8,20,5,15,18,18,"Weak but watchable RSI, Near 52W low with non-crashing RSI, Normal volume support, Below 200 DMA risk"
28.08.2026 at 01:52 AM IST,CANFINHOME,Financial Services,Unknown,802.75,-0.33,696.85,962.69,15.2,16.61,39.4,850.48,864.16,187728.35,365074.0,1.94,Bearish,0,8,15,10,15,18,18,"Weak but watchable RSI, Close to 52W low with recovery potential, Volume expansion, Below 200 DMA risk"
28.08.2026 at 01:52 AM IST,MAPMYINDIA,Information Technology,Unknown,1008.5,4.58,792.67,1992.15,27.23,49.38,47.69,1015.63,1167.98,271203.15,798903.0,2.95,Bearish,0,10,8,15,15,18,18,"RSI recovering zone, Within 30% of 52W low, Strong volume expansion, Below 200 DMA risk"
28.08.2026 at 01:52 AM IST,SECURKLOUD,Unknown,Unknown,17.77,-0.11,16.01,34.18,10.99,48.01,43.69,18.38,21.63,17404.05,24416.0,1.4,Bearish,0,8,15,10,15,18,18,"Weak but watchable RSI, Close to 52W low with recovery potential, Volume expansion, Below 200 DMA risk"
28.08.2026 at 01:52 AM IST,AXITA,Unknown,Unknown,8.05,0.88,6.57,12.2,22.53,34.02,81.52,7.46,8.51,991000.0,1280809.0,1.29,Bullish,15,5,8,5,15,18,18,"Above 50 DMA, Strong but overbought RSI, Within 30% of 52W low, Normal volume support, Below 200 DMA risk"
28.08.2026 at 01:52 AM IST,SBILIFE,Financial Services,Unknown,1768.2,0.75,1700.4,2129.04,3.99,16.95,37.56,1819.61,1914.05,885303.25,1042686.0,1.18,Bearish,0,8,20,5,15,18,18,"Weak but watchable RSI, Near 52W low with non-crashing RSI, Normal volume support, Below 200 DMA risk"
28.08.2026 at 01:52 AM IST,TARC,Unknown,Unknown,119.45,-1.08,109.1,186.3,9.49,35.88,37.27,126.24,138.48,533608.55,567180.0,1.06,Bearish,0,8,20,5,15,18,18,"Weak but watchable RSI, Near 52W low with non-crashing RSI, Normal volume support, Below 200 DMA risk"
28.08.2026 at 01:52 AM IST,TRANSRAILL,Unknown,Unknown,462.25,-1.2,447.37,818.09,3.33,43.5,40.62,490.39,528.94,318668.55,337662.0,1.06,Bearish,0,8,20,5,15,18,18,"Weak but watchable RSI, Near 52W low with non-crashing RSI, Normal volume support, Below 200 DMA risk"
28.08.2026 at 01:52 AM IST,LOTUSEYE,Unknown,Unknown,111.61,-2.09,97.59,147.0,14.37,24.07,35.9,120.05,116.04,11174.4,15711.0,1.41,Bearish,0,8,15,10,15,18,18,"Weak but watchable RSI, Close to 52W low with recovery potential, Volume expansion, Below 200 DMA risk"
28.08.2026 at 01:52 AM IST,LTM,Information Technology,Unknown,4460.0,-1.5,3528.0,6344.47,26.42,29.7,49.76,4194.37,4798.82,444602.4,190869.0,0.43,Bullish,15,10,8,0,15,18,18,"Above 50 DMA, RSI recovering zone, Within 30% of 52W low, Below 200 DMA risk"
28.08.2026 at 01:52 AM IST,REPCOHOME,Unknown,Unknown,362.3,2.14,333.6,453.71,8.6,20.15,42.28,391.62,393.39,119406.95,142761.0,1.2,Bearish,0,8,20,5,15,18,18,"Weak but watchable RSI, Near 52W low with non-crashing RSI, Normal volume support, Below 200 DMA risk"
28.08.2026 at 01:52 AM IST,TIGERLOGS,Unknown,Unknown,29.54,-3.15,22.9,56.69,29.0,47.89,51.64,31.48,33.31,350994.75,437213.0,1.25,Bearish,0,20,8,5,15,18,18,"Healthy RSI momentum, Within 30% of 52W low, Normal volume support, Below 200 DMA risk"
28.08.2026 at 01:52 AM IST,TGBHOTELS,Unknown,Unknown,9.27,-2.01,7.5,13.4,23.6,30.82,49.89,9.1,9.4,28011.55,9390.0,0.34,Bullish,15,10,8,0,15,18,18,"Above 50 DMA, RSI recovering zone, Within 30% of 52W low, Below 200 DMA risk"
28.08.2026 at 01:52 AM IST,HCLTECH,Information Technology,Unknown,1298.5,-1.31,1019.59,1729.01,27.36,24.9,48.93,1234.55,1362.91,1977316.05,834925.0,0.42,Bullish,15,10,8,0,15,18,18,"Above 50 DMA, RSI recovering zone, Within 30% of 52W low, Below 200 DMA risk"
28.08.2026 at 01:52 AM IST,SSDL,Unknown,Unknown,57.25,-0.56,46.15,92.48,24.05,38.09,48.79,56.35,64.82,87783.65,18390.0,0.21,Bullish,15,10,8,0,15,18,18,"Above 50 DMA, RSI recovering zone, Within 30% of 52W low, Below 200 DMA risk"
28.08.2026 at 01:52 AM IST,WCIL,Unknown,Unknown,86.21,-1.12,77.02,147.29,11.93,41.47,39.32,93.09,104.31,53995.9,74559.0,1.38,Bearish,0,8,15,10,15,18,18,"Weak but watchable RSI, Close to 52W low with recovery potential, Volume expansion, Below 200 DMA risk"
28.08.2026 at 01:52 AM IST,GOYALALUM,Unknown,Unknown,6.36,-0.93,5.34,11.37,19.1,44.06,42.54,6.62,6.9,66655.2,97739.0,1.47,Bearish,0,8,15,10,15,18,18,"Weak but watchable RSI, Close to 52W low with recovery potential, Volume expansion, Below 200 DMA risk"
28.08.2026 at 01:52 AM IST,TENNIND,Automobile and Auto Components,Unknown,539.6,-1.2,438.05,657.0,23.18,17.87,43.2,565.34,,4304494.4,765835.0,0.18,Bearish,0,8,8,0,0,16,16,"Weak but watchable RSI, Within 30% of 52W low"
28.08.2026 at 01:52 AM IST,HCL-INSYS,Unknown,Unknown,10.87,-1.36,9.01,16.5,20.64,34.12,34.24,11.71,12.57,196716.05,424407.0,2.16,Bearish,0,8,8,15,15,16,16,"Weak but watchable RSI, Within 30% of 52W low, Strong volume expansion, Below 200 DMA risk"
28.08.2026 at 01:52 AM IST,SEPC,Unknown,Unknown,5.78,0.17,4.65,13.73,24.3,57.9,42.29,6.26,7.69,18409031.5,71528587.0,3.89,Bearish,0,8,8,15,15,16,16,"Weak but watchable RSI, Within 30% of 52W low, Strong volume expansion, Below 200 DMA risk"
28.08.2026 at 01:52 AM IST,BANSWRAS,Unknown,Unknown,114.88,-3.93,93.01,142.9,23.51,19.61,37.43,125.7,117.51,38156.6,86864.0,2.28,Bearish,0,8,8,15,15,16,16,"Weak but watchable RSI, Within 30% of 52W low, Strong volume expansion, Below 200 DMA risk"
28.08.2026 at 01:52 AM IST,ROML,Unknown,Unknown,42.44,-0.66,35.11,62.0,20.88,31.55,32.05,44.98,46.0,2134.7,7766.0,3.64,Bearish,0,8,8,15,15,16,16,"Weak but watchable RSI, Within 30% of 52W low, Strong volume expansion, Below 200 DMA risk"
28.08.2026 at 01:52 AM IST,SHAH,Unknown,Unknown,3.16,-1.25,2.56,5.88,23.44,46.26,35.2,4.23,4.69,10560028.55,73588161.0,6.97,Bearish,0,8,8,15,15,16,16,"Weak but watchable RSI, Within 30% of 52W low, Strong volume expansion, Below 200 DMA risk"
28.08.2026 at 01:52 AM IST,PARKHOTELS,Unknown,Unknown,113.64,-1.86,95.1,163.59,19.5,30.53,33.93,122.08,123.93,139248.2,315270.0,2.26,Bearish,0,8,8,15,15,16,16,"Weak but watchable RSI, Within 30% of 52W low, Strong volume expansion, Below 200 DMA risk"
28.08.2026 at 01:52 AM IST,PEARLPOLY,Unknown,Unknown,15.52,-2.63,12.75,35.02,21.73,55.68,35.58,17.39,19.44,8339.95,22098.0,2.65,Bearish,0,8,8,15,15,16,16,"Weak but watchable RSI, Within 30% of 52W low, Strong volume expansion, Below 200 DMA risk"
28.08.2026 at 01:52 AM IST,CEWATER,Unknown,Unknown,271.75,2.37,235.0,556.4,15.64,51.16,45.04,305.05,338.99,148278.7,178373.0,1.2,Bearish,0,10,15,5,15,15,15,"RSI recovering zone, Close to 52W low with recovery potential, Normal volume support, Below 200 DMA risk"
28.08.2026 at 01:52 AM IST,VPRPL,Unknown,Unknown,32.98,-2.17,23.94,146.69,37.76,77.52,53.1,29.75,44.74,842923.45,326478.0,0.39,Bullish,15,20,0,0,20,15,15,"Above 50 DMA, Healthy RSI momentum, Below 200 DMA risk, Very far from 52W high"
28.08.2026 at 01:52 AM IST,CELLO,Unknown,Unknown,354.45,-0.01,335.12,670.83,5.77,47.16,45.08,363.96,443.03,2290976.05,469461.0,0.2,Bearish,0,10,20,0,15,15,15,"RSI recovering zone, Near 52W low with non-crashing RSI, Below 200 DMA risk"
28.08.2026 at 01:52 AM IST,STARTECK,Unknown,Unknown,257.0,1.9,215.1,349.95,19.48,26.56,46.9,268.79,267.61,7495.85,7973.0,1.06,Bearish,0,10,15,5,15,15,15,"RSI recovering zone, Close to 52W low with recovery potential, Normal volume support, Below 200 DMA risk"
28.08.2026 at 01:52 AM IST,MEDPLUS,Unknown,Unknown,692.1,2.06,648.0,1022.2,6.81,32.29,46.6,751.52,818.13,231525.95,153251.0,0.66,Bearish,0,10,20,0,15,15,15,"RSI recovering zone, Near 52W low with non-crashing RSI, Below 200 DMA risk"
28.08.2026 at 01:52 AM IST,ALANKIT,Unknown,Unknown,8.06,-0.49,6.8,14.49,18.53,44.38,48.02,8.1,9.1,119586.4,126537.0,1.06,Bearish,0,10,15,5,15,15,15,"RSI recovering zone, Close to 52W low with recovery potential, Normal volume support, Below 200 DMA risk"
28.08.2026 at 01:52 AM IST,HEALTHX,Unknown,Unknown,298.2,0.52,252.5,363.0,18.1,17.85,45.48,312.34,298.51,7054.85,7470.0,1.06,Bearish,0,10,15,5,15,15,15,"RSI recovering zone, Close to 52W low with recovery potential, Normal volume support, Below 200 DMA risk"
28.08.2026 at 01:52 AM IST,HEXATRADEX,Unknown,Unknown,158.5,-2.4,147.26,194.89,7.63,18.67,48.6,159.33,162.2,2375.85,1116.0,0.47,Bearish,0,10,20,0,15,15,15,"RSI recovering zone, Near 52W low with non-crashing RSI, Below 200 DMA risk"
28.08.2026 at 01:52 AM IST,GICL,Unknown,Unknown,23.51,-1.01,15.61,169.95,50.61,86.17,69.7,19.47,36.35,282631.85,195200.0,0.69,Bullish,15,20,0,0,20,15,15,"Above 50 DMA, Healthy RSI momentum, Below 200 DMA risk, Very far from 52W high"
28.08.2026 at 01:52 AM IST,SINCLAIR,Unknown,Unknown,74.86,0.36,68.82,114.75,8.78,34.76,47.82,75.65,78.25,24866.3,19034.0,0.77,Bearish,0,10,20,0,15,15,15,"RSI recovering zone, Near 52W low with non-crashing RSI, Below 200 DMA risk"
28.08.2026 at 01:52 AM IST,RNBDENIMS,Unknown,Unknown,8.93,4.94,7.72,67.67,15.67,86.8,50.05,9.6,27.52,215772.05,43155.0,0.2,Bearish,0,20,15,0,20,15,15,"Healthy RSI momentum, Close to 52W low with recovery potential, Below 200 DMA risk, Very far from 52W high"
28.08.2026 at 01:52 AM IST,RELIANCE,Oil Gas & Consumable Fuels,Unknown,1298.0,-1.44,1249.8,1604.38,3.86,19.1,45.73,1305.72,1392.17,10111376.15,5744474.0,0.57,Bearish,0,10,20,0,15,15,15,"RSI recovering zone, Near 52W low with non-crashing RSI, Below 200 DMA risk"
28.08.2026 at 01:52 AM IST,UNIECOM,Unknown,Unknown,85.4,0.25,78.51,155.8,8.78,45.19,46.74,87.0,99.97,477048.05,161176.0,0.34,Bearish,0,10,20,0,15,15,15,"RSI recovering zone, Near 52W low with non-crashing RSI, Below 200 DMA risk"
28.08.2026 at 01:52 AM IST,KAVDEFENCE,Unknown,Unknown,58.41,-1.85,51.51,162.87,13.4,64.14,50.83,60.06,67.2,120544.0,75758.0,0.63,Bearish,0,20,15,0,20,15,15,"Healthy RSI momentum, Close to 52W low with recovery potential, Below 200 DMA risk, Very far from 52W high"
28.08.2026 at 01:52 AM IST,ANDHRAPAP,Unknown,Unknown,60.46,1.34,57.53,86.19,5.09,29.85,48.78,61.27,64.05,202456.85,112644.0,0.56,Bearish,0,10,20,0,15,15,15,"RSI recovering zone, Near 52W low with non-crashing RSI, Below 200 DMA risk"
28.08.2026 at 01:52 AM IST,VSTTILLERS,Unknown,Unknown,4418.5,-0.71,4275.0,6374.0,3.36,30.68,45.05,4498.08,5160.57,12332.3,4317.0,0.35,Bearish,0,10,20,0,15,15,15,"RSI recovering zone, Near 52W low with non-crashing RSI, Below 200 DMA risk"
28.08.2026 at 01:52 AM IST,UTIAMC,Financial Services,Unknown,897.2,0.81,861.62,1362.82,4.13,34.17,46.04,915.1,971.23,108797.3,63816.0,0.59,Bearish,0,10,20,0,15,15,15,"RSI recovering zone, Near 52W low with non-crashing RSI, Below 200 DMA risk"
28.08.2026 at 01:52 AM IST,BAYERCROP,Chemicals,Unknown,4089.3,-0.0,3974.17,5305.22,2.9,22.92,45.36,4132.7,4388.15,21450.25,11131.0,0.52,Bearish,0,10,20,0,15,15,15,"RSI recovering zone, Near 52W low with non-crashing RSI, Below 200 DMA risk"
28.08.2026 at 01:52 AM IST,VENTIVE,Unknown,Unknown,594.6,0.09,542.6,793.95,9.58,25.11,46.89,616.19,668.32,27517.85,17374.0,0.63,Bearish,0,10,20,0,15,15,15,"RSI recovering zone, Near 52W low with non-crashing RSI, Below 200 DMA risk"
28.08.2026 at 01:52 AM IST,SESHAPAPER,Unknown,Unknown,227.27,0.05,209.75,290.56,8.35,21.78,47.07,227.32,240.65,60193.55,14287.0,0.24,Bearish,0,10,20,0,15,15,15,"RSI recovering zone, Near 52W low with non-crashing RSI, Below 200 DMA risk"
28.08.2026 at 01:52 AM IST,THEINVEST,Unknown,Unknown,96.34,1.09,89.0,159.29,8.25,39.52,45.79,97.76,105.36,6488.8,1047.0,0.16,Bearish,0,10,20,0,15,15,15,"RSI recovering zone, Near 52W low with non-crashing RSI, Below 200 DMA risk"
28.08.2026 at 01:52 AM IST,SOMICONVEY,Unknown,Unknown,91.85,-2.35,80.16,169.4,14.58,45.78,46.79,97.32,109.17,62826.95,63097.0,1.0,Bearish,0,10,15,5,15,15,15,"RSI recovering zone, Close to 52W low with recovery potential, Normal volume support, Below 200 DMA risk"
28.08.2026 at 01:52 AM IST,VINATIORGA,Unknown,Unknown,1321.5,-0.88,1203.0,1849.9,9.85,28.56,47.79,1327.29,1421.69,57289.55,35917.0,0.63,Bearish,0,10,20,0,15,15,15,"RSI recovering zone, Near 52W low with non-crashing RSI, Below 200 DMA risk"
28.08.2026 at 01:52 AM IST,SALASAR,Unknown,Unknown,5.95,0.68,5.59,10.99,6.44,45.86,47.48,6.09,7.52,3696863.45,2523937.0,0.68,Bearish,0,10,20,0,15,15,15,"RSI recovering zone, Near 52W low with non-crashing RSI, Below 200 DMA risk"
28.08.2026 at 01:52 AM IST,FINPIPE,Unknown,Unknown,161.39,-0.87,147.54,222.5,9.39,27.47,46.28,167.29,173.36,540261.35,435439.0,0.81,Bearish,0,10,20,0,15,15,15,"RSI recovering zone, Near 52W low with non-crashing RSI, Below 200 DMA risk"
28.08.2026 at 01:52 AM IST,FLAIR,Unknown,Unknown,250.25,-0.28,242.42,347.55,3.23,28.0,45.07,257.62,293.92,154336.05,26985.0,0.17,Bearish,0,10,20,0,15,15,15,"RSI recovering zone, Near 52W low with non-crashing RSI, Below 200 DMA risk"
28.08.2026 at 01:52 AM IST,KALAMANDIR,Unknown,Unknown,87.8,1.04,84.5,219.28,3.91,59.96,46.87,93.99,113.07,418592.65,246814.0,0.59,Bearish,0,10,20,0,15,15,15,"RSI recovering zone, Near 52W low with non-crashing RSI, Below 200 DMA risk"
28.08.2026 at 01:52 AM IST,GLOBE,Unknown,Unknown,2.04,0.99,1.86,3.29,9.68,37.99,47.91,2.12,2.47,533227.75,212737.0,0.4,Bearish,0,10,20,0,15,15,15,"RSI recovering zone, Near 52W low with non-crashing RSI, Below 200 DMA risk"
28.08.2026 at 01:52 AM IST,TRF,Unknown,Unknown,229.94,-0.76,215.5,405.0,6.7,43.22,45.82,235.57,260.01,20941.6,5042.0,0.24,Bearish,0,10,20,0,15,15,15,"RSI recovering zone, Near 52W low with non-crashing RSI, Below 200 DMA risk"
28.08.2026 at 01:52 AM IST,AFSL,Unknown,Unknown,201.0,0.0,194.41,229.0,3.39,12.23,45.67,202.04,202.28,23069.25,4378.0,0.19,Bearish,0,10,20,0,15,15,15,"RSI recovering zone, Near 52W low with non-crashing RSI, Below 200 DMA risk"
28.08.2026 at 01:52 AM IST,PRAENG,Unknown,Unknown,19.44,4.07,17.0,33.88,14.35,42.62,46.25,20.15,22.87,40144.6,48151.0,1.2,Bearish,0,10,15,5,15,15,15,"RSI recovering zone, Close to 52W low with recovery potential, Normal volume support, Below 200 DMA risk"
28.08.2026 at 01:52 AM IST,AMBUJACEM,Construction Materials,Unknown,419.2,1.48,392.06,597.84,6.92,29.88,47.45,427.35,473.14,2852470.3,2740269.0,0.96,Bearish,0,10,20,0,15,15,15,"RSI recovering zone, Near 52W low with non-crashing RSI, Below 200 DMA risk"
28.08.2026 at 01:52 AM IST,JSL,Metals & Mining,Unknown,712.95,1.65,649.53,879.22,9.76,18.91,46.07,714.69,746.31,370705.6,322891.0,0.87,Bearish,0,10,20,0,15,15,15,"RSI recovering zone, Near 52W low with non-crashing RSI, Below 200 DMA risk"
28.08.2026 at 01:52 AM IST,INDRAMEDCO,Unknown,Unknown,369.3,-0.98,342.0,640.85,7.98,42.37,46.47,376.14,409.9,605924.75,103543.0,0.17,Bearish,0,10,20,0,15,15,15,"RSI recovering zone, Near 52W low with non-crashing RSI, Below 200 DMA risk"
28.08.2026 at 01:52 AM IST,GENESYS,Unknown,Unknown,246.3,14.96,168.5,647.9,46.17,61.98,57.77,270.84,311.31,1765410.55,18229833.0,10.33,Bearish,0,20,0,15,20,15,15,"Healthy RSI momentum, Strong volume expansion, Below 200 DMA risk, Very far from 52W high"
28.08.2026 at 01:52 AM IST,RUSTOMJEE,Unknown,Unknown,379.1,1.31,358.8,662.75,5.66,42.8,45.1,398.52,440.86,481620.1,33093.0,0.07,Bearish,0,10,20,0,15,15,15,"RSI recovering zone, Near 52W low with non-crashing RSI, Below 200 DMA risk"
28.08.2026 at 01:52 AM IST,WSI,Unknown,Unknown,60.74,-0.13,53.8,95.0,12.9,36.06,48.46,62.76,72.45,62439.0,70404.0,1.13,Bearish,0,10,15,5,15,15,15,"RSI recovering zone, Close to 52W low with recovery potential, Normal volume support, Below 200 DMA risk"
28.08.2026 at 01:52 AM IST,ABCOTS,Unknown,Unknown,205.36,0.37,196.81,504.0,4.34,59.25,48.67,210.33,324.34,16037.25,3375.0,0.21,Bearish,0,10,20,0,15,15,15,"RSI recovering zone, Near 52W low with non-crashing RSI, Below 200 DMA risk"
28.08.2026 at 01:52 AM IST,ABBOTINDIA,Healthcare,Unknown,26555.0,0.53,24574.94,32025.59,8.06,17.08,42.35,26713.22,26679.3,9131.85,6271.0,0.69,Bearish,0,8,20,0,15,13,13,"Weak but watchable RSI, Near 52W low with non-crashing RSI, Below 200 DMA risk"
28.08.2026 at 01:52 AM IST,AADHARHFC,Financial Services,Unknown,470.35,-0.98,430.15,563.0,9.35,16.46,37.2,506.28,485.09,390890.85,197278.0,0.5,Bearish,0,8,20,0,15,13,13,"Weak but watchable RSI, Near 52W low with non-crashing RSI, Below 200 DMA risk"
28.08.2026 at 01:52 AM IST,WHIRLPOOL,Consumer Durables,Unknown,771.7,0.57,751.0,1437.0,2.76,46.3,44.38,791.19,873.95,346948.15,162307.0,0.47,Bearish,0,8,20,0,15,13,13,"Weak but watchable RSI, Near 52W low with non-crashing RSI, Below 200 DMA risk"
28.08.2026 at 01:52 AM IST,WEWIN,Unknown,Unknown,45.4,-3.2,35.38,78.0,28.32,41.79,45.86,46.78,48.07,1328.75,2535.0,1.91,Bearish,0,10,8,10,15,13,13,"RSI recovering zone, Within 30% of 52W low, Volume expansion, Below 200 DMA risk"
28.08.2026 at 01:52 AM IST,GODAVARIB,Unknown,Unknown,243.15,0.81,227.42,353.0,6.92,31.12,40.84,265.93,279.16,603069.25,72877.0,0.12,Bearish,0,8,20,0,15,13,13,"Weak but watchable RSI, Near 52W low with non-crashing RSI, Below 200 DMA risk"
28.08.2026 at 01:52 AM IST,ABLBL,Consumer Services,Unknown,86.04,0.7,84.24,150.53,2.14,42.84,31.26,93.59,106.02,1029739.45,419982.0,0.41,Bearish,0,8,20,0,15,13,13,"Weak but watchable RSI, Near 52W low with non-crashing RSI, Below 200 DMA risk"
28.08.2026 at 01:52 AM IST,SUMMITSEC,Unknown,Unknown,1433.3,0.77,1312.0,2495.0,9.25,42.55,38.94,1499.41,1676.9,4921.15,1640.0,0.33,Bearish,0,8,20,0,15,13,13,"Weak but watchable RSI, Near 52W low with non-crashing RSI, Below 200 DMA risk"
28.08.2026 at 01:52 AM IST,SUNTV,Media Entertainment & Publication,Unknown,465.15,-0.8,464.05,653.93,0.24,28.87,31.79,492.96,541.76,421395.4,180005.0,0.43,Bearish,0,8,20,0,15,13,13,"Weak but watchable RSI, Near 52W low with non-crashing RSI, Below 200 DMA risk"
28.08.2026 at 01:52 AM IST,SUPREME,Unknown,Unknown,39.44,-0.15,38.55,97.84,2.31,59.69,33.25,45.06,57.22,34560.15,11236.0,0.33,Bearish,0,8,20,0,15,13,13,"Weak but watchable RSI, Near 52W low with non-crashing RSI, Below 200 DMA risk"
28.08.2026 at 01:52 AM IST,METROBRAND,Unknown,Unknown,945.3,2.52,883.0,1336.57,7.06,29.27,41.36,1009.8,1043.82,57972.5,26761.0,0.46,Bearish,0,8,20,0,15,13,13,"Weak but watchable RSI, Near 52W low with non-crashing RSI, Below 200 DMA risk"
28.08.2026 at 01:52 AM IST,MFML,Unknown,Unknown,18.71,-0.48,17.3,36.99,8.15,49.42,44.72,19.83,23.41,4083.3,294.0,0.07,Bearish,0,8,20,0,15,13,13,"Weak but watchable RSI, Near 52W low with non-crashing RSI, Below 200 DMA risk"
28.08.2026 at 01:52 AM IST,WIPRO,Information Technology,Unknown,177.35,-1.52,167.09,263.22,6.14,32.62,41.74,177.91,207.22,10718792.5,9355776.0,0.87,Bearish,0,8,20,0,15,13,13,"Weak but watchable RSI, Near 52W low with non-crashing RSI, Below 200 DMA risk"
28.08.2026 at 01:52 AM IST,PRAKASHSTL,Unknown,Unknown,3.87,0.26,3.82,6.57,1.31,41.1,33.83,4.09,4.43,100256.1,49026.0,0.49,Bearish,0,8,20,0,15,13,13,"Weak but watchable RSI, Near 52W low with non-crashing RSI, Below 200 DMA risk"
28.08.2026 at 01:52 AM IST,AWHCL,Unknown,Unknown,384.5,1.3,372.03,615.21,3.35,37.5,30.99,435.3,469.5,151166.05,77515.0,0.51,Bearish,0,8,20,0,15,13,13,"Weak but watchable RSI, Near 52W low with non-crashing RSI, Below 200 DMA risk"
28.08.2026 at 01:52 AM IST,AXISBANK,Financial Services,Unknown,1255.0,1.62,1041.7,1417.21,20.48,11.45,51.56,1284.78,1287.26,4992176.05,3298266.0,0.66,Bearish,0,20,8,0,15,13,13,"Healthy RSI momentum, Within 30% of 52W low, Below 200 DMA risk"
28.08.2026 at 01:52 AM IST,TARACHAND,Unknown,Unknown,47.72,-0.31,46.01,103.3,3.72,53.8,34.05,53.84,62.87,186351.5,31447.0,0.17,Bearish,0,8,20,0,15,13,13,"Weak but watchable RSI, Near 52W low with non-crashing RSI, Below 200 DMA risk"
28.08.2026 at 01:52 AM IST,INA,Unknown,Unknown,93.21,-0.28,79.75,161.81,16.88,42.4,28.9,110.53,,656930.05,343211.0,0.52,Bearish,0,5,8,0,0,13,13,"Oversold RSI, Within 30% of 52W low"
28.08.2026 at 01:52 AM IST,ICRA,Unknown,Unknown,4907.8,-3.89,4692.0,6839.02,4.6,28.24,44.12,5070.02,5456.37,48034.95,46649.0,0.97,Bearish,0,8,20,0,15,13,13,"Weak but watchable RSI, Near 52W low with non-crashing RSI, Below 200 DMA risk"
28.08.2026 at 01:52 AM IST,EUREKAFORB,Unknown,Unknown,425.45,3.68,403.2,668.3,5.52,36.34,42.76,451.43,506.62,191471.05,184973.0,0.97,Bearish,0,8,20,0,15,13,13,"Weak but watchable RSI, Near 52W low with non-crashing RSI, Below 200 DMA risk"
28.08.2026 at 01:52 AM IST,HIMATSEIDE,Unknown,Unknown,72.67,0.36,69.06,134.44,5.23,45.95,37.77,81.74,94.08,519981.55,192382.0,0.37,Bearish,0,8,20,0,15,13,13,"Weak but watchable RSI, Near 52W low with non-crashing RSI, Below 200 DMA risk"
28.08.2026 at 01:52 AM IST,HINDCOMPOS,Unknown,Unknown,408.25,-1.26,347.1,550.0,17.62,25.77,39.59,426.86,425.75,3661.8,3808.0,1.04,Bearish,0,8,15,5,15,13,13,"Weak but watchable RSI, Close to 52W low with recovery potential, Normal volume support, Below 200 DMA risk"
28.08.2026 at 01:52 AM IST,SCHAND,Unknown,Unknown,138.46,1.91,127.01,195.33,9.01,29.11,41.55,145.37,153.26,40210.7,20215.0,0.5,Bearish,0,8,20,0,15,13,13,"Weak but watchable RSI, Near 52W low with non-crashing RSI, Below 200 DMA risk"
28.08.2026 at 01:52 AM IST,DOMS,Fast Moving Consumer Goods,Unknown,2200.35,-0.38,2020.55,2762.06,8.9,20.34,41.62,2261.44,2347.94,45758.85,30106.0,0.66,Bearish,0,8,20,0,15,13,13,"Weak but watchable RSI, Near 52W low with non-crashing RSI, Below 200 DMA risk"
28.08.2026 at 01:52 AM IST,DONEAR,Unknown,Unknown,84.25,-0.57,77.6,116.51,8.57,27.69,42.37,86.26,90.65,22596.2,10819.0,0.48,Bearish,0,8,20,0,15,13,13,"Weak but watchable RSI, Near 52W low with non-crashing RSI, Below 200 DMA risk"
28.08.2026 at 01:52 AM IST,JAINREC,Metals & Mining,Unknown,289.1,0.24,286.6,593.95,0.87,51.33,34.75,331.73,392.87,1859442.7,1342029.0,0.72,Bearish,0,8,20,0,15,13,13,"Weak but watchable RSI, Near 52W low with non-crashing RSI, Below 200 DMA risk"
28.08.2026 at 01:52 AM IST,JAIPURKURT,Unknown,Unknown,26.64,1.22,24.4,42.74,9.18,37.67,44.66,27.53,31.11,44174.95,1249.0,0.03,Bearish,0,8,20,0,15,13,13,"Weak but watchable RSI, Near 52W low with non-crashing RSI, Below 200 DMA risk"
28.08.2026 at 01:52 AM IST,KEC,Construction,Unknown,430.15,0.89,418.0,927.0,2.91,53.6,36.08,478.38,573.34,1143278.1,427698.0,0.37,Bearish,0,8,20,0,15,13,13,"Weak but watchable RSI, Near 52W low with non-crashing RSI, Below 200 DMA risk"
28.08.2026 at 01:52 AM IST,BHARATRAS,Unknown,Unknown,1278.4,0.41,1203.0,2987.5,6.27,57.21,40.88,1332.33,1678.83,12689.6,5025.0,0.4,Bearish,0,8,20,0,15,13,13,"Weak but watchable RSI, Near 52W low with non-crashing RSI, Below 200 DMA risk"
28.08.2026 at 01:52 AM IST,JSLL,Unknown,Unknown,514.25,-0.4,492.0,849.5,4.52,39.46,40.1,561.68,642.59,678665.0,296437.0,0.44,Bearish,0,8,20,0,15,13,13,"Weak but watchable RSI, Near 52W low with non-crashing RSI, Below 200 DMA risk"
28.08.2026 at 01:52 AM IST,JTEKTINDIA,Unknown,Unknown,126.53,0.73,116.39,187.5,8.71,32.52,34.51,136.44,137.08,275969.4,85257.0,0.31,Bearish,0,8,20,0,15,13,13,"Weak but watchable RSI, Near 52W low with non-crashing RSI, Below 200 DMA risk"
28.08.2026 at 01:52 AM IST,POWERGRID,Power,Unknown,265.2,-2.14,247.22,324.95,7.27,18.39,37.21,280.71,284.07,8565518.95,5303523.0,0.62,Bearish,0,8,20,0,15,13,13,"Weak but watchable RSI, Near 52W low with non-crashing RSI, Below 200 DMA risk"
28.08.2026 at 01:52 AM IST,JWL,Capital Goods,Unknown,246.85,-0.02,235.65,358.25,4.75,31.1,37.45,257.71,280.58,827095.15,384161.0,0.46,Bearish,0,8,20,0,15,13,13,"Weak but watchable RSI, Near 52W low with non-crashing RSI, Below 200 DMA risk"
28.08.2026 at 01:52 AM IST,KALPATARU,Unknown,Unknown,277.0,-0.77,258.0,429.3,7.36,35.48,43.44,290.42,321.42,85488.85,26733.0,0.31,Bearish,0,8,20,0,15,13,13,"Weak but watchable RSI, Near 52W low with non-crashing RSI, Below 200 DMA risk"
28.08.2026 at 01:52 AM IST,JKLAKSHMI,Unknown,Unknown,549.85,1.36,540.45,978.64,1.74,43.81,40.54,569.15,660.01,312652.1,127947.0,0.41,Bearish,0,8,20,0,15,13,13,"Weak but watchable RSI, Near 52W low with non-crashing RSI, Below 200 DMA risk"
28.08.2026 at 01:52 AM IST,ERIS,Healthcare,Unknown,1310.7,0.08,1193.59,1803.02,9.81,27.31,33.92,1406.67,1420.83,92680.45,84947.0,0.92,Bearish,0,8,20,0,15,13,13,"Weak but watchable RSI, Near 52W low with non-crashing RSI, Below 200 DMA risk"
28.08.2026 at 01:52 AM IST,ADVANIHOTR,Unknown,Unknown,49.88,-0.91,46.3,63.41,7.73,21.34,43.3,51.79,53.15,35627.8,19620.0,0.55,Bearish,0,8,20,0,15,13,13,"Weak but watchable RSI, Near 52W low with non-crashing RSI, Below 200 DMA risk"
28.08.2026 at 01:52 AM IST,AURIONPRO,Unknown,Unknown,700.7,-1.5,680.15,1343.93,3.02,47.86,35.49,798.99,898.86,181044.4,106720.0,0.59,Bearish,0,8,20,0,15,13,13,"Weak but watchable RSI, Near 52W low with non-crashing RSI, Below 200 DMA risk"
28.08.2026 at 01:52 AM IST,SHAKTIPUMP,Unknown,Unknown,490.35,-0.33,455.47,912.2,7.66,46.25,32.43,539.41,579.73,324552.9,189482.0,0.58,Bearish,0,8,20,0,15,13,13,"Weak but watchable RSI, Near 52W low with non-crashing RSI, Below 200 DMA risk"
28.08.2026 at 01:52 AM IST,VASWANI,Unknown,Unknown,48.3,4.57,44.5,69.99,8.54,30.99,41.33,52.54,55.75,34244.6,24336.0,0.71,Bearish,0,8,20,0,15,13,13,"Weak but watchable RSI, Near 52W low with non-crashing RSI, Below 200 DMA risk"
28.08.2026 at 01:52 AM IST,HINDUNILVR,Fast Moving Consumer Goods,Unknown,2021.0,-0.16,2002.14,2701.08,0.94,25.18,38.98,2117.49,2224.35,1208599.8,765343.0,0.63,Bearish,0,8,20,0,15,13,13,"Weak but watchable RSI, Near 52W low with non-crashing RSI, Below 200 DMA risk"
28.08.2026 at 01:52 AM IST,DBL,Unknown,Unknown,413.9,-0.23,381.55,585.0,8.48,29.25,43.24,429.43,443.39,381551.25,73488.0,0.19,Bearish,0,8,20,0,15,13,13,"Weak but watchable RSI, Near 52W low with non-crashing RSI, Below 200 DMA risk"
28.08.2026 at 01:52 AM IST,KELLTONTEC,Unknown,Unknown,13.51,-0.88,13.0,28.13,3.92,51.97,36.45,14.58,16.43,1448625.6,1190023.0,0.82,Bearish,0,8,20,0,15,13,13,"Weak but watchable RSI, Near 52W low with non-crashing RSI, Below 200 DMA risk"
28.08.2026 at 01:52 AM IST,PIIND,Chemicals,Unknown,2508.3,0.01,2453.1,3812.93,2.25,34.22,38.62,2642.74,2979.97,298916.85,200712.0,0.67,Bearish,0,8,20,0,15,13,13,"Weak but watchable RSI, Near 52W low with non-crashing RSI, Below 200 DMA risk"
28.08.2026 at 01:52 AM IST,JIOFIN,Financial Services,Unknown,241.0,-0.88,222.78,320.85,8.18,24.89,42.44,243.56,257.38,16435737.15,6814531.0,0.41,Bearish,0,8,20,0,15,13,13,"Weak but watchable RSI, Near 52W low with non-crashing RSI, Below 200 DMA risk"
28.08.2026 at 01:52 AM IST,IGL,Oil Gas & Consumable Fuels,Unknown,148.72,0.03,141.74,219.29,4.92,32.18,41.31,155.06,167.74,1967728.8,683725.0,0.35,Bearish,0,8,20,0,15,13,13,"Weak but watchable RSI, Near 52W low with non-crashing RSI, Below 200 DMA risk"
28.08.2026 at 01:52 AM IST,TATACONSUM,Fast Moving Consumer Goods,Unknown,1047.1,-1.26,998.75,1271.94,4.84,17.68,40.43,1092.15,1127.8,1337172.2,1069304.0,0.8,Bearish,0,8,20,0,15,13,13,"Weak but watchable RSI, Near 52W low with non-crashing RSI, Below 200 DMA risk"
28.08.2026 at 01:52 AM IST,BLS,Services,Unknown,237.76,-2.29,218.9,372.3,8.62,36.14,37.95,250.59,276.2,3739961.85,2161537.0,0.58,Bearish,0,8,20,0,15,13,13,"Weak but watchable RSI, Near 52W low with non-crashing RSI, Below 200 DMA risk"
28.08.2026 at 01:52 AM IST,BLUESTARCO,Consumer Durables,Unknown,1485.0,-1.98,1442.92,2030.04,2.92,26.85,34.75,1612.1,1723.2,632399.1,259007.0,0.41,Bearish,0,8,20,0,15,13,13,"Weak but watchable RSI, Near 52W low with non-crashing RSI, Below 200 DMA risk"
28.08.2026 at 01:52 AM IST,ONGC,Oil Gas & Consumable Fuels,Unknown,232.21,-0.76,219.45,307.5,5.81,24.48,32.1,241.38,256.23,12446486.75,6500323.0,0.52,Bearish,0,8,20,0,15,13,13,"Weak but watchable RSI, Near 52W low with non-crashing RSI, Below 200 DMA risk"
28.08.2026 at 01:52 AM IST,KPEL,Unknown,Unknown,250.35,-1.22,237.9,462.65,5.23,45.89,31.12,308.37,326.74,449457.65,260368.0,0.58,Bearish,0,8,20,0,15,13,13,"Weak but watchable RSI, Near 52W low with non-crashing RSI, Below 200 DMA risk"
28.08.2026 at 01:52 AM IST,KPIGREEN,Unknown,Unknown,322.0,0.86,301.2,541.7,6.91,40.56,32.7,377.39,410.42,1655203.05,573662.0,0.35,Bearish,0,8,20,0,15,13,13,"Weak but watchable RSI, Near 52W low with non-crashing RSI, Below 200 DMA risk"
28.08.2026 at 01:52 AM IST,HGM,Unknown,Unknown,43.76,-0.16,42.0,82.4,4.19,46.89,32.52,49.26,57.23,5983.3,901.0,0.15,Bearish,0,8,20,0,15,13,13,"Weak but watchable RSI, Near 52W low with non-crashing RSI, Below 200 DMA risk"
28.08.2026 at 01:52 AM IST,ASIANTILES,Unknown,Unknown,46.72,0.75,42.5,79.06,9.93,40.91,40.43,51.48,63.04,7378494.85,1399853.0,0.19,Bearish,0,8,20,0,15,13,13,"Weak but watchable RSI, Near 52W low with non-crashing RSI, Below 200 DMA risk"
28.08.2026 at 01:52 AM IST,KPITTECH,Information Technology,Unknown,590.0,-0.34,538.45,1313.89,9.57,55.1,44.69,608.87,837.43,2565471.6,918198.0,0.36,Bearish,0,8,20,0,15,13,13,"Weak but watchable RSI, Near 52W low with non-crashing RSI, Below 200 DMA risk"
28.08.2026 at 01:52 AM IST,OSWALGREEN,Unknown,Unknown,20.79,-0.91,19.76,43.79,5.21,52.52,41.8,21.83,26.88,286322.3,132699.0,0.46,Bearish,0,8,20,0,15,13,13,"Weak but watchable RSI, Near 52W low with non-crashing RSI, Below 200 DMA risk"
28.08.2026 at 01:52 AM IST,BRITANNIA,Fast Moving Consumer Goods,Unknown,5310.0,-1.35,4952.52,6232.21,7.22,14.8,42.9,5342.05,5574.93,350114.5,119636.0,0.34,Bearish,0,8,20,0,15,13,13,"Weak but watchable RSI, Near 52W low with non-crashing RSI, Below 200 DMA risk"
28.08.2026 at 01:52 AM IST,PATANJALI,Fast Moving Consumer Goods,Unknown,348.15,-0.78,326.06,606.9,6.78,42.63,38.99,372.03,467.02,3490423.0,1866976.0,0.53,Bearish,0,8,20,0,15,13,13,"Weak but watchable RSI, Near 52W low with non-crashing RSI, Below 200 DMA risk"
28.08.2026 at 01:52 AM IST,TATAELXSI,Information Technology,Unknown,3650.0,-0.43,3353.9,5845.18,8.83,37.56,44.8,3722.14,4437.25,204662.5,110627.0,0.54,Bearish,0,8,20,0,15,13,13,"Weak but watchable RSI, Near 52W low with non-crashing RSI, Below 200 DMA risk"
28.08.2026 at 01:52 AM IST,SANOFI,Unknown,Unknown,3191.2,-0.22,3054.0,5038.61,4.49,36.67,38.32,3353.73,3652.07,21042.8,16437.0,0.78,Bearish,0,8,20,0,15,13,13,"Weak but watchable RSI, Near 52W low with non-crashing RSI, Below 200 DMA risk"
28.08.2026 at 01:52 AM IST,REMSONSIND,Unknown,Unknown,81.09,-0.47,75.23,152.11,7.79,46.69,42.59,82.89,101.67,111370.25,47139.0,0.42,Bearish,0,8,20,0,15,13,13,"Weak but watchable RSI, Near 52W low with non-crashing RSI, Below 200 DMA risk"
28.08.2026 at 01:52 AM IST,RALLIS,Unknown,Unknown,213.93,0.47,207.53,367.2,3.08,41.74,44.26,222.12,246.09,717426.9,557658.0,0.78,Bearish,0,8,20,0,15,13,13,"Weak but watchable RSI, Near 52W low with non-crashing RSI, Below 200 DMA risk"
28.08.2026 at 01:52 AM IST,RAMKY,Unknown,Unknown,366.2,-1.8,364.25,705.0,0.54,48.06,31.87,393.33,474.93,39593.65,39575.0,1.0,Bearish,0,8,20,0,15,13,13,"Weak but watchable RSI, Near 52W low with non-crashing RSI, Below 200 DMA risk"
28.08.2026 at 01:52 AM IST,BBTC,Fast Moving Consumer Goods,Unknown,1426.2,0.27,1314.6,2114.67,8.49,32.56,32.98,1502.79,1623.63,33814.1,9011.0,0.27,Bearish,0,8,20,0,15,13,13,"Weak but watchable RSI, Near 52W low with non-crashing RSI, Below 200 DMA risk"
28.08.2026 at 01:52 AM IST,LAOPALA,Unknown,Unknown,170.17,-0.42,157.77,255.0,7.86,33.27,34.81,179.83,185.62,642715.6,120870.0,0.19,Bearish,0,8,20,0,15,13,13,"Weak but watchable RSI, Near 52W low with non-crashing RSI, Below 200 DMA risk"
28.08.2026 at 01:52 AM IST,BRNL,Unknown,Unknown,17.3,0.0,16.66,26.5,3.84,34.72,40.9,17.89,20.17,23168.65,16911.0,0.73,Bearish,0,8,20,0,15,13,13,"Weak but watchable RSI, Near 52W low with non-crashing RSI, Below 200 DMA risk"
28.08.2026 at 01:52 AM IST,NUVOCO,Construction Materials,Unknown,324.65,1.03,276.25,477.5,17.52,32.01,43.21,331.64,330.66,245319.5,260072.0,1.06,Bearish,0,8,15,5,15,13,13,"Weak but watchable RSI, Close to 52W low with recovery potential, Normal volume support, Below 200 DMA risk"
28.08.2026 at 01:52 AM IST,OMINFRAL,Unknown,Unknown,82.1,-1.97,71.5,144.0,14.83,42.99,35.68,87.85,90.65,82535.85,88186.0,1.07,Bearish,0,8,15,5,15,13,13,"Weak but watchable RSI, Close to 52W low with recovery potential, Normal volume support, Below 200 DMA risk"
28.08.2026 at 01:52 AM IST,HDFCBANK,Financial Services,Unknown,727.2,-0.04,714.83,1003.9,1.73,27.56,38.57,766.74,837.73,25102727.7,21156463.0,0.84,Bearish,0,8,20,0,15,13,13,"Weak but watchable RSI, Near 52W low with non-crashing RSI, Below 200 DMA risk"
28.08.2026 at 01:52 AM IST,ANTGRAPHIC,Unknown,Unknown,0.73,0.0,0.64,1.22,14.06,40.16,42.62,0.76,0.86,140465.8,140784.0,1.0,Bearish,0,8,15,5,15,13,13,"Weak but watchable RSI, Close to 52W low with recovery potential, Normal volume support, Below 200 DMA risk"
28.08.2026 at 01:52 AM IST,CUBEXTUB,Unknown,Unknown,77.87,-1.52,73.1,143.69,6.53,45.81,43.21,80.38,93.18,49880.8,41153.0,0.83,Bearish,0,8,20,0,15,13,13,"Weak but watchable RSI, Near 52W low with non-crashing RSI, Below 200 DMA risk"
28.08.2026 at 01:52 AM IST,WAAREEENER,Capital Goods,Unknown,2635.0,-0.75,2403.0,3862.83,9.65,31.79,36.72,2794.34,2961.66,718424.85,310622.0,0.43,Bearish,0,8,20,0,15,13,13,"Weak but watchable RSI, Near 52W low with non-crashing RSI, Below 200 DMA risk"
28.08.2026 at 01:52 AM IST,ARSSBL,Unknown,Unknown,526.3,-2.06,412.33,787.83,27.64,33.2,54.32,531.97,559.66,173828.1,142146.0,0.82,Bearish,0,20,8,0,15,13,13,"Healthy RSI momentum, Within 30% of 52W low, Below 200 DMA risk"
28.08.2026 at 01:52 AM IST,SYMPHONY,Unknown,Unknown,602.5,1.18,592.05,963.12,1.77,37.44,31.68,668.29,775.31,98873.6,45314.0,0.46,Bearish,0,8,20,0,15,13,13,"Weak but watchable RSI, Near 52W low with non-crashing RSI, Below 200 DMA risk"
28.08.2026 at 01:52 AM IST,AHLEAST,Unknown,Unknown,138.66,-1.11,127.25,175.3,8.97,20.9,41.93,144.55,148.2,2256.1,1923.0,0.85,Bearish,0,8,20,0,15,13,13,"Weak but watchable RSI, Near 52W low with non-crashing RSI, Below 200 DMA risk"
28.08.2026 at 01:52 AM IST,INTLCONV,Unknown,Unknown,76.72,1.72,60.0,114.54,27.87,33.02,51.6,77.71,79.99,64595.6,35415.0,0.55,Bearish,0,20,8,0,15,13,13,"Healthy RSI momentum, Within 30% of 52W low, Below 200 DMA risk"
28.08.2026 at 01:52 AM IST,IOB,Financial Services,Unknown,33.1,0.21,31.2,41.8,6.09,20.81,40.37,34.07,34.86,2179375.4,1576094.0,0.72,Bearish,0,8,20,0,15,13,13,"Weak but watchable RSI, Near 52W low with non-crashing RSI, Below 200 DMA risk"
28.08.2026 at 01:52 AM IST,IRCON,Construction,Unknown,124.05,0.57,114.5,188.01,8.34,34.02,41.57,129.68,144.28,1354608.05,943301.0,0.7,Bearish,0,8,20,0,15,13,13,"Weak but watchable RSI, Near 52W low with non-crashing RSI, Below 200 DMA risk"
28.08.2026 at 01:52 AM IST,IRCTC,Consumer Services,Unknown,491.75,1.91,481.0,729.66,2.23,32.61,44.3,503.05,571.81,988674.55,917802.0,0.93,Bearish,0,8,20,0,15,13,13,"Weak but watchable RSI, Near 52W low with non-crashing RSI, Below 200 DMA risk"
28.08.2026 at 01:52 AM IST,IRFC,Financial Services,Unknown,85.7,0.29,85.0,135.73,0.82,36.86,36.91,89.52,103.15,7637868.55,7078598.0,0.93,Bearish,0,8,20,0,15,13,13,"Weak but watchable RSI, Near 52W low with non-crashing RSI, Below 200 DMA risk"
28.08.2026 at 01:52 AM IST,REGENCERAM,Unknown,Unknown,33.0,-1.81,30.0,54.99,10.0,39.99,43.07,36.99,42.59,29653.8,12546.0,0.42,Bearish,0,8,20,0,15,13,13,"Weak but watchable RSI, Near 52W low with non-crashing RSI, Below 200 DMA risk"
28.08.2026 at 01:52 AM IST,RELCHEMQ,Unknown,Unknown,114.19,1.32,105.01,171.35,8.74,33.36,32.63,127.62,127.66,4762.55,4084.0,0.86,Bearish,0,8,20,0,15,13,13,"Weak but watchable RSI, Near 52W low with non-crashing RSI, Below 200 DMA risk"
28.08.2026 at 01:52 AM IST,UNIINFO,Unknown,Unknown,10.93,-3.19,9.36,20.7,16.77,47.2,29.27,11.99,13.49,3532.95,14070.0,3.98,Bearish,0,5,8,15,15,13,13,"Oversold RSI, Within 30% of 52W low, Strong volume expansion, Below 200 DMA risk"
28.08.2026 at 01:52 AM IST,CAPACITE,Unknown,Unknown,227.38,1.79,180.0,334.0,26.32,31.92,58.56,228.74,238.92,476658.15,372076.0,0.78,Bearish,0,20,8,0,15,13,13,"Healthy RSI momentum, Within 30% of 52W low, Below 200 DMA risk"
28.08.2026 at 01:52 AM IST,LGHL,Unknown,Unknown,176.1,0.72,168.0,399.58,4.82,55.93,30.76,205.37,251.77,16525.7,9205.0,0.56,Bearish,0,8,20,0,15,13,13,"Weak but watchable RSI, Near 52W low with non-crashing RSI, Below 200 DMA risk"
28.08.2026 at 01:52 AM IST,NTPC,Power,Unknown,334.6,-1.54,313.19,414.4,6.84,19.26,38.06,347.82,357.3,8276942.9,5903358.0,0.71,Bearish,0,8,20,0,15,13,13,"Weak but watchable RSI, Near 52W low with non-crashing RSI, Below 200 DMA risk"
28.08.2026 at 01:52 AM IST,NTPCGREEN,Power,Unknown,91.27,-0.41,84.0,119.95,8.65,23.91,42.61,93.19,95.95,2428245.25,952214.0,0.39,Bearish,0,8,20,0,15,13,13,"Weak but watchable RSI, Near 52W low with non-crashing RSI, Below 200 DMA risk"
28.08.2026 at 01:52 AM IST,LEMONTREE,Consumer Services,Unknown,108.75,-0.42,99.61,180.68,9.18,39.81,43.29,113.11,125.07,2869545.65,2140318.0,0.75,Bearish,0,8,20,0,15,13,13,"Weak but watchable RSI, Near 52W low with non-crashing RSI, Below 200 DMA risk"
28.08.2026 at 01:52 AM IST,NHPC,Power,Unknown,76.24,-0.5,71.42,87.4,6.74,12.77,41.39,78.32,77.46,8841819.6,3865233.0,0.44,Bearish,0,8,20,0,15,13,13,"Weak but watchable RSI, Near 52W low with non-crashing RSI, Below 200 DMA risk"
28.08.2026 at 01:52 AM IST,TMPV,Automobile and Auto Components,Unknown,313.1,-0.37,291.88,733.61,7.27,57.32,30.36,338.26,350.41,9733415.95,5791487.0,0.6,Bearish,0,8,20,0,15,13,13,"Weak but watchable RSI, Near 52W low with non-crashing RSI, Below 200 DMA risk"
28.08.2026 at 01:52 AM IST,GRMOVER,Unknown,Unknown,88.84,-0.33,81.95,185.45,8.41,52.09,44.28,91.76,140.87,1441103.8,1065581.0,0.74,Bearish,0,8,20,0,15,13,13,"Weak but watchable RSI, Near 52W low with non-crashing RSI, Below 200 DMA risk"
28.08.2026 at 01:52 AM IST,GTPL,Unknown,Unknown,54.5,-0.6,50.85,118.25,7.18,53.91,38.77,59.32,72.93,80461.45,40724.0,0.51,Bearish,0,8,20,0,15,13,13,"Weak but watchable RSI, Near 52W low with non-crashing RSI, Below 200 DMA risk"
28.08.2026 at 01:52 AM IST,SJVN,Power,Unknown,65.85,-0.02,62.69,97.93,5.05,32.76,31.89,69.07,72.68,1625027.85,1270331.0,0.78,Bearish,0,8,20,0,15,13,13,"Weak but watchable RSI, Near 52W low with non-crashing RSI, Below 200 DMA risk"
28.08.2026 at 01:52 AM IST,RESPONIND,Unknown,Unknown,151.71,-1.3,117.18,240.76,29.47,36.99,27.29,181.3,178.72,130882.0,673967.0,5.15,Bearish,0,5,8,15,15,13,13,"Oversold RSI, Within 30% of 52W low, Strong volume expansion, Below 200 DMA risk"
28.08.2026 at 01:52 AM IST,RHETAN,Unknown,Unknown,21.94,0.41,20.32,34.87,7.97,37.08,35.81,27.22,26.28,17727342.25,14269491.0,0.8,Bearish,0,8,20,0,15,13,13,"Weak but watchable RSI, Near 52W low with non-crashing RSI, Below 200 DMA risk"
28.08.2026 at 01:52 AM IST,RAYMONDLSL,Unknown,Unknown,709.75,-0.8,677.0,1348.3,4.84,47.36,40.91,745.53,864.42,202022.7,102578.0,0.51,Bearish,0,8,20,0,15,13,13,"Weak but watchable RSI, Near 52W low with non-crashing RSI, Below 200 DMA risk"
28.08.2026 at 01:52 AM IST,ITC,Fast Moving Consumer Goods,Unknown,270.25,-0.42,265.0,407.14,1.98,33.62,37.85,282.41,311.61,14182208.1,11693367.0,0.82,Bearish,0,8,20,0,15,13,13,"Weak but watchable RSI, Near 52W low with non-crashing RSI, Below 200 DMA risk"
28.08.2026 at 01:52 AM IST,INOXWIND,Capital Goods,Unknown,73.2,-0.73,72.7,159.3,0.69,54.05,38.51,80.53,99.08,13341943.05,6365111.0,0.48,Bearish,0,8,20,0,15,13,13,"Weak but watchable RSI, Near 52W low with non-crashing RSI, Below 200 DMA risk"
28.08.2026 at 01:52 AM IST,INTERARCH,Unknown,Unknown,1691.2,0.3,1600.0,2762.6,5.7,38.78,37.35,1814.53,1989.45,65196.35,45440.0,0.7,Bearish,0,8,20,0,15,13,13,"Weak but watchable RSI, Near 52W low with non-crashing RSI, Below 200 DMA risk"
28.08.2026 at 01:52 AM IST,TORNTPOWER,Power,Unknown,1258.4,1.17,1171.76,1817.8,7.39,30.77,30.13,1379.14,1406.81,297928.2,163396.0,0.55,Bearish,0,8,20,0,15,13,13,"Weak but watchable RSI, Near 52W low with non-crashing RSI, Below 200 DMA risk"
28.08.2026 at 01:52 AM IST,TOUCHWOOD,Unknown,Unknown,62.65,1.46,60.01,128.0,4.4,51.05,40.1,67.42,80.92,2673.4,97.0,0.04,Bearish,0,8,20,0,15,13,13,"Weak but watchable RSI, Near 52W low with non-crashing RSI, Below 200 DMA risk"
28.08.2026 at 01:52 AM IST,CRIZAC,Unknown,Unknown,178.83,0.99,170.29,375.59,5.01,52.39,43.14,191.15,223.75,355849.35,196336.0,0.55,Bearish,0,8,20,0,15,13,13,"Weak but watchable RSI, Near 52W low with non-crashing RSI, Below 200 DMA risk"
28.08.2026 at 01:52 AM IST,CROWN,Unknown,Unknown,105.28,0.93,100.62,191.0,4.63,44.88,39.23,111.56,122.67,8573.05,5491.0,0.64,Bearish,0,8,20,0,15,13,13,"Weak but watchable RSI, Near 52W low with non-crashing RSI, Below 200 DMA risk"
28.08.2026 at 01:52 AM IST,CIEINDIA,Automobile and Auto Components,Unknown,397.0,0.27,375.7,518.55,5.67,23.44,31.3,437.9,437.53,462262.05,322958.0,0.7,Bearish,0,8,20,0,15,13,13,"Weak but watchable RSI, Near 52W low with non-crashing RSI, Below 200 DMA risk"
28.08.2026 at 01:52 AM IST,CIFL,Unknown,Unknown,20.75,-0.57,19.56,39.69,6.08,47.72,43.44,22.06,28.11,90095.2,24444.0,0.27,Bearish,0,8,20,0,15,13,13,"Weak but watchable RSI, Near 52W low with non-crashing RSI, Below 200 DMA risk"
28.08.2026 at 01:52 AM IST,MAHEPC,Unknown,Unknown,107.34,1.07,91.91,182.5,16.79,41.18,44.07,112.46,118.36,22063.25,28583.0,1.3,Bearish,0,8,15,5,15,13,13,"Weak but watchable RSI, Close to 52W low with recovery potential, Normal volume support, Below 200 DMA risk"
28.08.2026 at 01:52 AM IST,SURANAT&P,Unknown,Unknown,16.2,-0.25,15.5,26.78,4.52,39.51,32.0,18.0,18.55,81431.45,28286.0,0.35,Bearish,0,8,20,0,15,13,13,"Weak but watchable RSI, Near 52W low with non-crashing RSI, Below 200 DMA risk"
28.08.2026 at 01:52 AM IST,SWANCORP,Chemicals,Unknown,300.15,0.25,295.65,506.0,1.52,40.68,37.37,312.49,367.24,850364.6,524147.0,0.62,Bearish,0,8,20,0,15,13,13,"Weak but watchable RSI, Near 52W low with non-crashing RSI, Below 200 DMA risk"
28.08.2026 at 01:52 AM IST,SRF,Chemicals,Unknown,2583.0,0.31,2350.53,3198.01,9.89,19.23,41.54,2691.27,2728.09,288833.2,223327.0,0.77,Bearish,0,8,20,0,15,13,13,"Weak but watchable RSI, Near 52W low with non-crashing RSI, Below 200 DMA risk"
28.08.2026 at 01:52 AM IST,DUCON,Unknown,Unknown,2.35,-2.08,2.13,6.45,10.16,63.57,35.71,3.01,3.39,1017195.0,1585760.0,1.56,Bearish,0,8,15,10,20,13,13,"Weak but watchable RSI, Close to 52W low with recovery potential, Volume expansion, Below 200 DMA risk, Very far from 52W high"
28.08.2026 at 01:52 AM IST,EASEMYTRIP,Unknown,Unknown,6.14,0.49,5.77,10.6,6.41,42.08,37.02,6.79,7.32,20440768.4,6416247.0,0.31,Bearish,0,8,20,0,15,13,13,"Weak but watchable RSI, Near 52W low with non-crashing RSI, Below 200 DMA risk"
28.08.2026 at 01:52 AM IST,BANKBARODA,Financial Services,Unknown,242.5,0.62,223.58,315.3,8.46,23.09,43.18,253.02,270.16,7903507.45,4759203.0,0.6,Bearish,0,8,20,0,15,13,13,"Weak but watchable RSI, Near 52W low with non-crashing RSI, Below 200 DMA risk"
28.08.2026 at 01:52 AM IST,RIIL,Unknown,Unknown,762.5,-0.14,614.55,960.53,24.07,20.62,51.94,778.82,766.5,99403.75,25737.0,0.26,Bearish,0,20,8,0,15,13,13,"Healthy RSI momentum, Within 30% of 52W low, Below 200 DMA risk"
28.08.2026 at 01:52 AM IST,GODREJCP,Fast Moving Consumer Goods,Unknown,922.8,-0.69,902.81,1284.14,2.21,28.14,32.44,1023.89,1086.3,2567615.75,704451.0,0.27,Bearish,0,8,20,0,15,13,13,"Weak but watchable RSI, Near 52W low with non-crashing RSI, Below 200 DMA risk"
28.08.2026 at 01:52 AM IST,GLOBALVECT,Unknown,Unknown,147.31,-1.07,129.0,248.0,14.19,40.6,36.65,158.13,174.56,8114.9,8897.0,1.1,Bearish,0,8,15,5,15,13,13,"Weak but watchable RSI, Close to 52W low with recovery potential, Normal volume support, Below 200 DMA risk"
28.08.2026 at 01:52 AM IST,GUJENERGY,Unknown,Unknown,253.95,-0.99,252.0,452.0,0.77,43.82,30.2,291.65,365.07,2018568.8,1336298.0,0.66,Bearish,0,8,20,0,15,13,13,"Weak but watchable RSI, Near 52W low with non-crashing RSI, Below 200 DMA risk"
28.08.2026 at 01:52 AM IST,NAGREEKCAP,Unknown,Unknown,23.52,2.04,19.3,42.75,21.87,44.98,51.56,23.79,26.52,5742.85,1483.0,0.26,Bearish,0,20,8,0,15,13,13,"Healthy RSI momentum, Within 30% of 52W low, Below 200 DMA risk"
28.08.2026 at 01:52 AM IST,NATCOPHARM,Healthcare,Unknown,863.4,-0.33,784.91,1224.73,10.0,29.5,35.49,920.7,946.37,478747.35,371204.0,0.78,Bearish,0,8,20,0,15,13,13,"Weak but watchable RSI, Near 52W low with non-crashing RSI, Below 200 DMA risk"
28.08.2026 at 01:52 AM IST,AKASH,Unknown,Unknown,24.63,-0.57,22.8,36.0,8.03,31.58,33.16,26.4,26.15,8930.8,4015.0,0.45,Bearish,0,8,20,0,15,13,13,"Weak but watchable RSI, Near 52W low with non-crashing RSI, Below 200 DMA risk"
28.08.2026 at 01:52 AM IST,CMSINFO,Unknown,Unknown,246.15,0.53,240.5,429.13,2.35,42.64,37.52,271.63,305.16,793278.65,455029.0,0.57,Bearish,0,8,20,0,15,13,13,"Weak but watchable RSI, Near 52W low with non-crashing RSI, Below 200 DMA risk"
28.08.2026 at 01:52 AM IST,UGROCAP,Unknown,Unknown,87.05,-1.17,80.12,192.5,8.65,54.78,32.39,95.2,121.38,586503.15,208163.0,0.35,Bearish,0,8,20,0,15,13,13,"Weak but watchable RSI, Near 52W low with non-crashing RSI, Below 200 DMA risk"
28.08.2026 at 01:52 AM IST,SULA,Unknown,Unknown,148.02,0.84,136.87,293.09,8.15,49.5,42.63,153.56,176.0,475249.75,386806.0,0.81,Bearish,0,8,20,0,15,13,13,"Weak but watchable RSI, Near 52W low with non-crashing RSI, Below 200 DMA risk"
28.08.2026 at 01:52 AM IST,GODIGIT,Financial Services,Unknown,259.1,0.12,244.2,381.4,6.1,32.07,42.69,283.17,316.67,737170.0,185562.0,0.25,Bearish,0,8,20,0,15,13,13,"Weak but watchable RSI, Near 52W low with non-crashing RSI, Below 200 DMA risk"
28.08.2026 at 01:52 AM IST,ALKEM,Healthcare,Unknown,5303.5,-1.2,5065.93,5875.53,4.69,9.74,36.52,5534.4,5511.51,131195.8,44001.0,0.34,Bearish,0,8,20,0,15,13,13,"Weak but watchable RSI, Near 52W low with non-crashing RSI, Below 200 DMA risk"
28.08.2026 at 01:52 AM IST,MIDWESTLTD,Unknown,Unknown,1135.4,-1.18,1048.5,1859.9,8.29,38.95,37.83,1237.65,1319.38,19623.5,14093.0,0.72,Bearish,0,8,20,0,15,13,13,"Weak but watchable RSI, Near 52W low with non-crashing RSI, Below 200 DMA risk"
28.08.2026 at 01:52 AM IST,MSUMI,Automobile and Auto Components,Unknown,37.67,2.31,35.19,52.82,7.05,28.69,35.27,39.87,41.4,11385895.8,11292234.0,0.99,Bearish,0,8,20,0,15,13,13,"Weak but watchable RSI, Near 52W low with non-crashing RSI, Below 200 DMA risk"
28.08.2026 at 01:52 AM IST,TCI,Unknown,Unknown,903.15,1.05,867.12,1230.61,4.16,26.61,43.32,925.18,982.94,37102.45,8241.0,0.22,Bearish,0,8,20,0,15,13,13,"Weak but watchable RSI, Near 52W low with non-crashing RSI, Below 200 DMA risk"
28.08.2026 at 01:52 AM IST,INDIACEM,Construction Materials,Unknown,371.85,2.07,342.35,485.8,8.62,23.46,41.15,385.25,404.12,130539.15,78876.0,0.6,Bearish,0,8,20,0,15,13,13,"Weak but watchable RSI, Near 52W low with non-crashing RSI, Below 200 DMA risk"
28.08.2026 at 01:52 AM IST,INDIAMART,Consumer Services,Unknown,1751.9,0.09,1722.3,2581.36,1.72,32.13,40.02,1852.78,2036.07,116848.85,34787.0,0.3,Bearish,0,8,20,0,15,13,13,"Weak but watchable RSI, Near 52W low with non-crashing RSI, Below 200 DMA risk"
28.08.2026 at 01:52 AM IST,INDIASHLTR,Unknown,Unknown,659.0,0.48,640.0,956.14,2.97,31.08,35.93,740.88,770.68,154242.95,36856.0,0.24,Bearish,0,8,20,0,15,13,13,"Weak but watchable RSI, Near 52W low with non-crashing RSI, Below 200 DMA risk"
28.08.2026 at 01:52 AM IST,RUCHIRA,Unknown,Unknown,103.42,-0.03,95.17,167.91,8.67,38.41,43.32,106.97,113.77,34053.75,13741.0,0.4,Bearish,0,8,20,0,15,13,13,"Weak but watchable RSI, Near 52W low with non-crashing RSI, Below 200 DMA risk"
28.08.2026 at 01:52 AM IST,RVNL,Construction,Unknown,221.39,1.37,217.02,398.2,2.01,44.4,41.79,229.64,281.28,4277285.3,3616707.0,0.85,Bearish,0,8,20,0,15,13,13,"Weak but watchable RSI, Near 52W low with non-crashing RSI, Below 200 DMA risk"
28.08.2026 at 01:52 AM IST,SAFARI,Unknown,Unknown,1496.1,-0.38,1361.43,2504.02,9.89,40.25,42.01,1570.0,1778.58,44184.0,14727.0,0.33,Bearish,0,8,20,0,15,13,13,"Weak but watchable RSI, Near 52W low with non-crashing RSI, Below 200 DMA risk"
28.08.2026 at 01:52 AM IST,ABFRL,Consumer Services,Unknown,54.52,0.07,53.51,94.95,1.89,42.58,36.8,58.63,65.58,7932487.05,4108969.0,0.52,Bearish,0,8,20,0,15,13,13,"Weak but watchable RSI, Near 52W low with non-crashing RSI, Below 200 DMA risk"
28.08.2026 at 01:52 AM IST,GKWLIMITED,Unknown,Unknown,1580.0,-1.01,1375.0,1985.4,14.91,20.42,32.24,1687.83,1678.94,523.8,991.0,1.89,Bearish,0,8,8,10,15,11,11,"Weak but watchable RSI, Within 30% of 52W low, Volume expansion, Below 200 DMA risk"
28.08.2026 at 01:52 AM IST,SCODATUBES,Unknown,Unknown,128.86,-0.78,110.0,187.7,17.15,31.35,34.46,142.56,143.84,198923.25,324700.0,1.63,Bearish,0,8,8,10,15,11,11,"Weak but watchable RSI, Within 30% of 52W low, Volume expansion, Below 200 DMA risk"
28.08.2026 at 01:52 AM IST,SBGLP,Unknown,Unknown,23.64,-2.92,18.35,40.9,28.83,42.2,37.03,25.11,28.57,19002.85,31913.0,1.68,Bearish,0,8,8,10,15,11,11,"Weak but watchable RSI, Within 30% of 52W low, Volume expansion, Below 200 DMA risk"
28.08.2026 at 01:52 AM IST,MITTAL,Unknown,Unknown,0.85,0.0,0.7,1.82,21.43,53.3,31.24,0.93,1.02,479905.1,722365.0,1.51,Bearish,0,8,8,10,15,11,11,"Weak but watchable RSI, Within 30% of 52W low, Volume expansion, Below 200 DMA risk"
28.08.2026 at 01:52 AM IST,NIBL,Unknown,Unknown,30.65,-2.51,24.06,40.8,27.39,24.88,38.41,32.71,31.14,23148.15,36858.0,1.59,Bearish,0,8,8,10,15,11,11,"Weak but watchable RSI, Within 30% of 52W low, Volume expansion, Below 200 DMA risk"
28.08.2026 at 01:52 AM IST,BSL,Unknown,Unknown,121.56,-0.39,98.0,208.0,24.04,41.56,42.18,125.98,136.38,2816.05,5065.0,1.8,Bearish,0,8,8,10,15,11,11,"Weak but watchable RSI, Within 30% of 52W low, Volume expansion, Below 200 DMA risk"
28.08.2026 at 01:52 AM IST,DANGEE,Unknown,Unknown,2.82,-0.35,2.54,5.08,11.02,44.49,32.86,3.05,3.3,47243.35,81776.0,1.73,Bearish,0,8,8,10,15,11,11,"Weak but watchable RSI, Within 30% of 52W low, Volume expansion, Below 200 DMA risk"
28.08.2026 at 01:52 AM IST,DBREALTY,Unknown,Unknown,106.34,-0.88,83.5,184.8,27.35,42.46,41.2,113.15,114.49,813928.2,1573921.0,1.93,Bearish,0,8,8,10,15,11,11,"Weak but watchable RSI, Within 30% of 52W low, Volume expansion, Below 200 DMA risk"
28.08.2026 at 01:52 AM IST,TIMETECHNO,Unknown,Unknown,185.3,0.25,154.0,249.15,20.32,25.63,38.07,192.94,185.62,3233560.6,4255906.0,1.32,Bearish,0,8,8,10,15,11,11,"Weak but watchable RSI, Within 30% of 52W low, Volume expansion, Below 200 DMA risk"
28.08.2026 at 01:52 AM IST,MUFTI,Unknown,Unknown,78.63,3.0,63.06,127.6,24.69,38.38,43.62,84.03,87.27,127545.2,194353.0,1.52,Bearish,0,8,8,10,15,11,11,"Weak but watchable RSI, Within 30% of 52W low, Volume expansion, Below 200 DMA risk"
28.08.2026 at 01:52 AM IST,GSLSU,Unknown,Unknown,28.69,-3.82,23.06,139.67,24.41,79.46,40.9,34.1,69.73,108583.5,305683.0,2.82,Bearish,0,8,8,15,20,11,11,"Weak but watchable RSI, Within 30% of 52W low, Strong volume expansion, Below 200 DMA risk, Very far from 52W high"
28.08.2026 at 01:52 AM IST,NDTV,Unknown,Unknown,74.35,-0.56,58.75,145.9,26.55,49.04,38.42,78.53,81.42,87295.55,154475.0,1.77,Bearish,0,8,8,10,15,11,11,"Weak but watchable RSI, Within 30% of 52W low, Volume expansion, Below 200 DMA risk"
28.08.2026 at 01:52 AM IST,SRHHYPOLTD,Unknown,Unknown,470.95,-0.2,382.4,636.84,23.16,26.05,38.08,489.65,489.3,9978.6,15143.0,1.52,Bearish,0,8,8,10,15,11,11,"Weak but watchable RSI, Within 30% of 52W low, Volume expansion, Below 200 DMA risk"
28.08.2026 at 01:52 AM IST,GRADIENTE,Unknown,Unknown,2.7,-4.93,2.08,9.4,29.81,71.28,42.51,2.92,,1777552.7,481280.0,0.27,Bearish,0,8,8,0,5,11,11,"Weak but watchable RSI, Within 30% of 52W low, Very far from 52W high"
28.08.2026 at 01:52 AM IST,MTNL,Unknown,Unknown,26.79,0.83,21.26,46.44,26.01,42.31,42.75,28.34,31.04,839726.7,1526525.0,1.82,Bearish,0,8,8,10,15,11,11,"Weak but watchable RSI, Within 30% of 52W low, Volume expansion, Below 200 DMA risk"
28.08.2026 at 01:52 AM IST,APOLSINHOT,Unknown,Unknown,1190.7,-1.61,950.0,1476.9,25.34,19.38,44.75,1233.96,1215.45,1044.4,1925.0,1.84,Bearish,0,8,8,10,15,11,11,"Weak but watchable RSI, Within 30% of 52W low, Volume expansion, Below 200 DMA risk"
28.08.2026 at 01:52 AM IST,FILATFASH,Unknown,Unknown,0.18,0.0,0.14,0.68,28.57,73.53,34.28,0.18,0.25,25664982.15,70784238.0,2.76,Bearish,0,8,8,15,20,11,11,"Weak but watchable RSI, Within 30% of 52W low, Strong volume expansion, Below 200 DMA risk, Very far from 52W high"
28.08.2026 at 01:52 AM IST,AAVAS,Financial Services,Unknown,1285.8,-2.09,1060.4,1771.9,21.26,27.43,30.3,1434.92,1395.16,79408.75,139634.0,1.76,Bearish,0,8,8,10,15,11,11,"Weak but watchable RSI, Within 30% of 52W low, Volume expansion, Below 200 DMA risk"
28.08.2026 at 01:52 AM IST,BEARDSELL,Unknown,Unknown,27.35,2.09,20.02,38.6,36.61,29.15,57.37,27.76,27.65,20522.75,24084.0,1.17,Bearish,0,20,0,5,15,10,10,"Healthy RSI momentum, Normal volume support, Below 200 DMA risk"
28.08.2026 at 01:52 AM IST,TEGA,Capital Goods,Unknown,1652.1,-1.34,1473.0,2125.0,12.16,22.25,48.65,1652.39,1746.31,238877.55,71199.0,0.3,Bearish,0,10,15,0,15,10,10,"RSI recovering zone, Close to 52W low with recovery potential, Below 200 DMA risk"
28.08.2026 at 01:52 AM IST,TECHNOE,Construction,Unknown,1004.25,1.0,870.0,1565.32,15.43,35.84,49.36,1029.47,1094.43,252576.8,140034.0,0.55,Bearish,0,10,15,0,15,10,10,"RSI recovering zone, Close to 52W low with recovery potential, Below 200 DMA risk"
28.08.2026 at 01:52 AM IST,SUNCLAY,Unknown,Unknown,1267.9,-0.03,1108.76,1934.95,14.35,34.47,46.91,1313.72,1310.48,6453.15,2434.0,0.38,Bearish,0,10,15,0,15,10,10,"RSI recovering zone, Close to 52W low with recovery potential, Below 200 DMA risk"
28.08.2026 at 01:52 AM IST,SUNDARAM,Unknown,Unknown,1.23,-0.81,1.03,2.2,19.42,44.09,49.37,1.27,1.48,1091077.25,165164.0,0.15,Bearish,0,10,15,0,15,10,10,"RSI recovering zone, Close to 52W low with recovery potential, Below 200 DMA risk"
28.08.2026 at 01:52 AM IST,BAIDFIN,Unknown,Unknown,9.79,0.93,8.8,12.98,11.25,24.58,46.52,9.98,10.62,55793.5,44262.0,0.79,Bearish,0,10,15,0,15,10,10,"RSI recovering zone, Close to 52W low with recovery potential, Below 200 DMA risk"
28.08.2026 at 01:52 AM IST,INFOMEDIA,Unknown,Unknown,5.22,-1.14,4.5,8.05,16.0,35.16,45.36,5.53,5.79,16300.5,6773.0,0.42,Bearish,0,10,15,0,15,10,10,"RSI recovering zone, Close to 52W low with recovery potential, Below 200 DMA risk"
28.08.2026 at 01:52 AM IST,JISLDVREQS,Unknown,Unknown,21.61,3.15,18.5,35.48,16.81,39.09,48.57,22.6,24.16,52294.2,45323.0,0.87,Bearish,0,10,15,0,15,10,10,"RSI recovering zone, Close to 52W low with recovery potential, Below 200 DMA risk"
28.08.2026 at 01:52 AM IST,BIMETAL,Unknown,Unknown,630.1,1.13,462.01,736.57,36.38,14.46,46.07,645.84,,520.35,262.0,0.5,Bearish,0,10,0,0,0,10,10,RSI recovering zone
28.08.2026 at 01:52 AM IST,POWERICA,Unknown,Unknown,532.0,0.04,365.1,676.95,45.71,21.41,46.39,565.5,,193619.8,78679.0,0.41,Bearish,0,10,0,0,0,10,10,RSI recovering zone
28.08.2026 at 01:52 AM IST,HITECH,Unknown,Unknown,81.92,0.94,70.14,127.5,16.79,35.75,48.48,85.65,87.42,614235.6,508595.0,0.83,Bearish,0,10,15,0,15,10,10,"RSI recovering zone, Close to 52W low with recovery potential, Below 200 DMA risk"
28.08.2026 at 01:52 AM IST,DCMSIL,Unknown,Unknown,75.25,-3.28,49.22,104.67,52.89,28.11,45.94,76.55,,80328.95,36610.0,0.46,Bearish,0,10,0,0,0,10,10,RSI recovering zone
28.08.2026 at 01:52 AM IST,BOHRAIND,Unknown,Unknown,13.86,0.95,12.02,29.0,15.31,52.21,45.48,14.31,17.31,15115.2,14889.0,0.99,Bearish,0,10,15,0,15,10,10,"RSI recovering zone, Close to 52W low with recovery potential, Below 200 DMA risk"
28.08.2026 at 01:52 AM IST,VMSTMT,Unknown,Unknown,46.7,-0.62,33.5,105.0,39.4,55.52,47.28,46.04,48.57,95608.75,25722.0,0.27,Bullish,15,10,0,0,15,10,10,"Above 50 DMA, RSI recovering zone, Below 200 DMA risk"
28.08.2026 at 01:52 AM IST,HEXT,Information Technology,Unknown,554.95,-0.35,392.78,792.77,41.29,30.0,49.46,548.01,569.76,499386.25,81663.0,0.16,Bullish,15,10,0,0,15,10,10,"Above 50 DMA, RSI recovering zone, Below 200 DMA risk"
28.08.2026 at 01:52 AM IST,AURUS,Unknown,Unknown,4.61,0.44,4.1,7.49,12.44,38.45,46.03,4.7,4.99,17230.45,11495.0,0.67,Bearish,0,10,15,0,15,10,10,"RSI recovering zone, Close to 52W low with recovery potential, Below 200 DMA risk"
28.08.2026 at 01:52 AM IST,KOTHARIPRO,Unknown,Unknown,68.06,-1.25,58.0,109.0,17.34,37.56,47.6,68.87,70.77,11436.25,11256.0,0.98,Bearish,0,10,15,0,15,10,10,"RSI recovering zone, Close to 52W low with recovery potential, Below 200 DMA risk"
28.08.2026 at 01:52 AM IST,KISSHT,Unknown,Unknown,306.55,-1.21,190.0,351.5,61.34,12.79,49.35,308.45,,1516307.15,603145.0,0.4,Bearish,0,10,0,0,0,10,10,RSI recovering zone
28.08.2026 at 01:52 AM IST,MAGNUM,Unknown,Unknown,19.19,-0.36,16.25,30.25,18.09,36.56,46.18,19.44,20.95,27949.4,18770.0,0.67,Bearish,0,10,15,0,15,10,10,"RSI recovering zone, Close to 52W low with recovery potential, Below 200 DMA risk"
28.08.2026 at 01:52 AM IST,BORANA,Unknown,Unknown,318.1,3.63,211.0,420.0,50.76,24.26,49.58,317.26,326.37,35083.85,21782.0,0.62,Bullish,15,10,0,0,15,10,10,"Above 50 DMA, RSI recovering zone, Below 200 DMA risk"
28.08.2026 at 01:52 AM IST,BPL,Unknown,Unknown,51.67,2.89,37.61,91.28,37.38,43.39,48.21,54.2,55.73,52773.1,122529.0,2.32,Bearish,0,10,0,15,15,10,10,"RSI recovering zone, Strong volume expansion, Below 200 DMA risk"
28.08.2026 at 01:52 AM IST,KSCL,Unknown,Unknown,785.25,-0.2,705.1,1218.71,11.37,35.57,45.76,835.68,886.81,174478.85,144896.0,0.83,Bearish,0,10,15,0,15,10,10,"RSI recovering zone, Close to 52W low with recovery potential, Below 200 DMA risk"
28.08.2026 at 01:52 AM IST,DCXINDIA,Unknown,Unknown,176.11,1.35,153.3,286.0,14.88,38.42,45.25,187.03,185.09,456682.25,318726.0,0.7,Bearish,0,10,15,0,15,10,10,"RSI recovering zone, Close to 52W low with recovery potential, Below 200 DMA risk"
28.08.2026 at 01:52 AM IST,SURAJLTD,Unknown,Unknown,213.51,2.62,192.0,346.39,11.2,38.36,47.3,222.84,237.15,2204.65,1356.0,0.62,Bearish,0,10,15,0,15,10,10,"RSI recovering zone, Close to 52W low with recovery potential, Below 200 DMA risk"
28.08.2026 at 01:52 AM IST,MAANALU,Unknown,Unknown,118.98,0.56,100.0,184.74,18.98,35.6,45.34,121.42,137.79,59467.95,15278.0,0.26,Bearish,0,10,15,0,15,10,10,"RSI recovering zone, Close to 52W low with recovery potential, Below 200 DMA risk"
28.08.2026 at 01:52 AM IST,APTUS,Financial Services,Unknown,258.5,1.61,191.24,347.6,35.17,25.63,45.13,272.82,261.29,1470483.4,3986248.0,2.71,Bearish,0,10,0,15,15,10,10,"RSI recovering zone, Strong volume expansion, Below 200 DMA risk"
28.08.2026 at 01:52 AM IST,COMPUSOFT,Unknown,Unknown,13.29,0.76,12.0,20.54,10.75,35.3,49.05,13.29,14.35,37729.3,22238.0,0.59,Bearish,0,10,15,0,15,10,10,"RSI recovering zone, Close to 52W low with recovery potential, Below 200 DMA risk"
28.08.2026 at 01:52 AM IST,FSL,Services,Unknown,270.05,-1.94,202.0,371.59,33.69,27.33,46.99,265.4,272.54,4015906.95,913632.0,0.23,Bullish,15,10,0,0,15,10,10,"Above 50 DMA, RSI recovering zone, Below 200 DMA risk"
28.08.2026 at 01:52 AM IST,3PLAND,Unknown,Unknown,32.0,0.03,28.51,47.7,12.24,32.91,49.9,32.1,34.25,5552.05,813.0,0.15,Bearish,0,10,15,0,15,10,10,"RSI recovering zone, Close to 52W low with recovery potential, Below 200 DMA risk"
28.08.2026 at 01:52 AM IST,MOIL,Unknown,Unknown,268.3,5.51,242.35,398.62,10.71,32.69,48.84,274.68,305.96,2679501.4,2163774.0,0.81,Bearish,0,10,15,0,15,10,10,"RSI recovering zone, Close to 52W low with recovery potential, Below 200 DMA risk"
28.08.2026 at 01:52 AM IST,MALUPAPER,Unknown,Unknown,31.72,-0.91,27.0,44.11,17.48,28.09,48.5,31.8,33.1,14322.9,862.0,0.06,Bearish,0,10,15,0,15,10,10,"RSI recovering zone, Close to 52W low with recovery potential, Below 200 DMA risk"
28.08.2026 at 01:52 AM IST,GUJAPOLLO,Unknown,Unknown,351.75,0.63,300.5,537.63,17.05,34.57,48.12,356.77,398.11,8563.3,1630.0,0.19,Bearish,0,10,15,0,15,10,10,"RSI recovering zone, Close to 52W low with recovery potential, Below 200 DMA risk"
28.08.2026 at 01:52 AM IST,GSFC,Unknown,Unknown,160.07,0.57,138.83,215.43,15.3,25.7,49.4,160.66,168.97,869616.55,616096.0,0.71,Bearish,0,10,15,0,15,10,10,"RSI recovering zone, Close to 52W low with recovery potential, Below 200 DMA risk"
28.08.2026 at 01:52 AM IST,NAVA,Power,Unknown,567.95,0.18,497.01,732.56,14.27,22.47,48.88,580.83,579.28,346259.1,232901.0,0.67,Bearish,0,10,15,0,15,10,10,"RSI recovering zone, Close to 52W low with recovery potential, Below 200 DMA risk"
28.08.2026 at 01:52 AM IST,CHOLAHLDNG,Financial Services,Unknown,1559.4,0.7,1303.97,2062.37,19.59,24.39,47.3,1592.38,1660.34,188318.7,112919.0,0.6,Bearish,0,10,15,0,15,10,10,"RSI recovering zone, Close to 52W low with recovery potential, Below 200 DMA risk"
28.08.2026 at 01:52 AM IST,NIITMTS,Unknown,Unknown,232.51,1.08,200.5,437.8,15.96,46.89,47.29,234.53,304.44,139285.15,59305.0,0.43,Bearish,0,10,15,0,15,10,10,"RSI recovering zone, Close to 52W low with recovery potential, Below 200 DMA risk"
28.08.2026 at 01:52 AM IST,NEWGEN,Information Technology,Unknown,524.35,-0.23,396.61,1030.41,32.21,49.11,47.14,517.65,581.73,840444.65,317123.0,0.38,Bullish,15,10,0,0,15,10,10,"Above 50 DMA, RSI recovering zone, Below 200 DMA risk"
28.08.2026 at 01:52 AM IST,NKIND,Unknown,Unknown,59.09,0.05,49.66,87.78,18.99,32.68,46.79,61.63,64.54,19334.1,3397.0,0.18,Bearish,0,10,15,0,15,10,10,"RSI recovering zone, Close to 52W low with recovery potential, Below 200 DMA risk"
28.08.2026 at 01:52 AM IST,LIBERTSHOE,Unknown,Unknown,248.1,0.38,210.5,404.95,17.86,38.73,46.51,259.48,259.45,32696.0,9822.0,0.3,Bearish,0,10,15,0,15,10,10,"RSI recovering zone, Close to 52W low with recovery potential, Below 200 DMA risk"
28.08.2026 at 01:52 AM IST,VIRINCHI,Unknown,Unknown,15.28,-1.61,13.81,32.69,10.64,53.26,47.44,15.77,18.8,53134.8,34930.0,0.66,Bearish,0,10,15,0,15,10,10,"RSI recovering zone, Close to 52W low with recovery potential, Below 200 DMA risk"
28.08.2026 at 01:52 AM IST,TIRUMALCHM,Unknown,Unknown,160.97,2.31,143.5,328.8,12.17,51.04,48.26,166.77,195.94,648875.7,412220.0,0.64,Bearish,0,10,15,0,15,10,10,"RSI recovering zone, Close to 52W low with recovery potential, Below 200 DMA risk"
28.08.2026 at 01:52 AM IST,DCMSRIND,Unknown,Unknown,47.84,-5.27,31.56,179.95,51.6,73.41,56.53,41.82,60.5,345572.65,269328.0,0.78,Bullish,15,20,0,0,25,10,10,"Above 50 DMA, Healthy RSI momentum, Below 200 DMA risk, Sharp daily fall, Very far from 52W high"
28.08.2026 at 01:52 AM IST,KEYFINSERV,Unknown,Unknown,256.65,0.08,220.0,382.1,16.66,32.83,47.58,258.84,277.83,1437.0,230.0,0.16,Bearish,0,10,15,0,15,10,10,"RSI recovering zone, Close to 52W low with recovery potential, Below 200 DMA risk"
28.08.2026 at 01:52 AM IST,DIAMINESQ,Unknown,Unknown,245.24,-1.18,208.01,418.8,17.9,41.44,49.68,249.87,252.89,19052.85,4702.0,0.25,Bearish,0,10,15,0,15,10,10,"RSI recovering zone, Close to 52W low with recovery potential, Below 200 DMA risk"
28.08.2026 at 01:52 AM IST,ESTER,Unknown,Unknown,93.31,-2.66,68.55,132.45,36.12,29.55,48.83,91.74,95.73,315118.1,81849.0,0.26,Bullish,15,10,0,0,15,10,10,"Above 50 DMA, RSI recovering zone, Below 200 DMA risk"
28.08.2026 at 01:52 AM IST,HUBTOWN,Unknown,Unknown,188.5,-0.07,168.15,362.8,12.1,48.04,48.62,196.81,219.81,659716.2,275615.0,0.42,Bearish,0,10,15,0,15,10,10,"RSI recovering zone, Close to 52W low with recovery potential, Below 200 DMA risk"
28.08.2026 at 01:52 AM IST,AMAGI,Unknown,Unknown,583.9,0.44,310.2,727.4,88.23,19.73,45.66,588.45,,1507042.1,233735.0,0.16,Bearish,0,10,0,0,0,10,10,RSI recovering zone
28.08.2026 at 01:52 AM IST,VIKRAMSOLR,Unknown,Unknown,171.85,1.09,155.38,407.95,10.6,57.87,47.02,181.88,210.87,7096790.25,2231160.0,0.31,Bearish,0,10,15,0,15,10,10,"RSI recovering zone, Close to 52W low with recovery potential, Below 200 DMA risk"
28.08.2026 at 01:52 AM IST,VHL,Unknown,Unknown,3428.9,-0.5,2870.0,4275.0,19.47,19.79,46.15,3513.36,3450.38,1007.15,269.0,0.27,Bearish,0,10,15,0,15,10,10,"RSI recovering zone, Close to 52W low with recovery potential, Below 200 DMA risk"
28.08.2026 at 01:52 AM IST,TEMBO,Unknown,Unknown,58.4,3.73,43.33,83.55,34.76,30.1,49.86,57.21,59.63,2968594.6,1994181.0,0.67,Bullish,15,10,0,0,15,10,10,"Above 50 DMA, RSI recovering zone, Below 200 DMA risk"
28.08.2026 at 01:52 AM IST,BRIGHOTEL,Unknown,Unknown,60.06,1.2,54.36,89.4,10.49,32.82,46.78,61.88,64.64,159018.2,89243.0,0.56,Bearish,0,10,15,0,15,10,10,"RSI recovering zone, Close to 52W low with recovery potential, Below 200 DMA risk"
28.08.2026 at 01:52 AM IST,HILINFRA,Unknown,Unknown,45.32,0.11,40.6,98.68,11.63,54.07,48.11,45.74,52.42,73765.55,39849.0,0.54,Bearish,0,10,15,0,15,10,10,"RSI recovering zone, Close to 52W low with recovery potential, Below 200 DMA risk"
28.08.2026 at 01:52 AM IST,FCSSOFT,Unknown,Unknown,1.51,4.86,1.05,2.53,43.81,40.32,53.27,1.51,1.66,2165977.05,2452215.0,1.13,Bearish,0,20,0,5,15,10,10,"Healthy RSI momentum, Normal volume support, Below 200 DMA risk"
28.08.2026 at 01:52 AM IST,AIROLAM,Unknown,Unknown,87.99,-1.08,78.0,123.3,12.81,28.64,46.45,89.63,91.47,3785.95,387.0,0.1,Bearish,0,10,15,0,15,10,10,"RSI recovering zone, Close to 52W low with recovery potential, Below 200 DMA risk"
28.08.2026 at 01:52 AM IST,LAXMICOT,Unknown,Unknown,13.74,0.51,11.7,26.04,17.44,47.24,45.12,14.5,15.81,34805.4,13811.0,0.4,Bearish,0,10,15,0,15,10,10,"RSI recovering zone, Close to 52W low with recovery potential, Below 200 DMA risk"
28.08.2026 at 01:52 AM IST,USK,Unknown,Unknown,21.56,1.08,18.97,35.17,13.65,38.7,45.49,22.42,23.2,21168.45,6744.0,0.32,Bearish,0,10,15,0,15,10,10,"RSI recovering zone, Close to 52W low with recovery potential, Below 200 DMA risk"
28.08.2026 at 01:52 AM IST,BESTAGRO,Unknown,Unknown,17.85,0.9,12.3,34.4,45.12,48.11,48.4,16.93,19.1,5418869.5,330220.0,0.06,Bullish,15,10,0,0,15,10,10,"Above 50 DMA, RSI recovering zone, Below 200 DMA risk"
28.08.2026 at 01:52 AM IST,ELPROINTL,Unknown,Unknown,174.6,0.05,102.0,180.89,71.18,3.48,46.66,174.74,,71736.75,10307.0,0.14,Bearish,0,10,0,0,0,10,10,RSI recovering zone
28.08.2026 at 01:52 AM IST,JAICORPLTD,Unknown,Unknown,101.98,0.58,88.0,177.68,15.89,42.6,45.61,107.47,115.46,393487.9,160115.0,0.41,Bearish,0,10,15,0,15,10,10,"RSI recovering zone, Close to 52W low with recovery potential, Below 200 DMA risk"
28.08.2026 at 01:52 AM IST,RUCHINFRA,Unknown,Unknown,5.76,1.05,4.05,8.25,42.22,30.18,46.4,5.93,6.14,43335.8,92187.0,2.13,Bearish,0,10,0,15,15,10,10,"RSI recovering zone, Strong volume expansion, Below 200 DMA risk"
28.08.2026 at 01:52 AM IST,VINNY,Unknown,Unknown,1.06,0.0,0.94,1.53,12.77,30.72,47.42,1.09,1.15,280387.95,77131.0,0.28,Bearish,0,10,15,0,15,10,10,"RSI recovering zone, Close to 52W low with recovery potential, Below 200 DMA risk"
28.08.2026 at 01:52 AM IST,GANESHCP,Unknown,Unknown,166.07,-0.1,149.66,302.58,10.96,45.12,47.46,176.25,197.94,225249.9,121189.0,0.54,Bearish,0,10,15,0,15,10,10,"RSI recovering zone, Close to 52W low with recovery potential, Below 200 DMA risk"
28.08.2026 at 01:52 AM IST,BAJAJHCARE,Unknown,Unknown,326.45,1.98,272.35,515.9,19.86,36.72,48.52,333.33,348.81,94362.05,42455.0,0.45,Bearish,0,10,15,0,15,10,10,"RSI recovering zone, Close to 52W low with recovery potential, Below 200 DMA risk"
28.08.2026 at 01:52 AM IST,EIHAHOTELS,Unknown,Unknown,301.95,0.38,263.71,430.1,14.5,29.79,48.82,311.07,323.76,20308.7,9498.0,0.47,Bearish,0,10,15,0,15,10,10,"RSI recovering zone, Close to 52W low with recovery potential, Below 200 DMA risk"
28.08.2026 at 01:52 AM IST,FORCEMOT,Automobile and Auto Components,Unknown,17450.0,0.11,14911.0,26450.0,17.03,34.03,40.89,18150.3,19583.38,87129.9,46619.0,0.54,Bearish,0,8,15,0,15,8,8,"Weak but watchable RSI, Close to 52W low with recovery potential, Below 200 DMA risk"
28.08.2026 at 01:52 AM IST,ZODIAC,Unknown,Unknown,245.8,-2.01,205.55,415.0,19.58,40.77,43.52,260.26,283.32,23274.4,10402.0,0.45,Bearish,0,8,15,0,15,8,8,"Weak but watchable RSI, Close to 52W low with recovery potential, Below 200 DMA risk"
28.08.2026 at 01:52 AM IST,XTGLOBAL,Unknown,Unknown,29.29,0.24,25.2,46.19,16.23,36.59,44.93,29.82,31.67,104289.3,34132.0,0.33,Bearish,0,8,15,0,15,8,8,"Weak but watchable RSI, Close to 52W low with recovery potential, Below 200 DMA risk"
28.08.2026 at 01:52 AM IST,3MINDIA,Diversified,Unknown,33570.0,-0.37,28319.86,37487.1,18.54,10.45,37.55,34568.64,33662.33,4046.25,1465.0,0.36,Bearish,0,8,15,0,15,8,8,"Weak but watchable RSI, Close to 52W low with recovery potential, Below 200 DMA risk"
28.08.2026 at 01:52 AM IST,GANGAFORGE,Unknown,Unknown,1.77,-4.84,1.59,4.15,11.32,57.35,36.06,2.08,2.75,9805056.5,1441108.0,0.15,Bearish,0,8,15,0,15,8,8,"Weak but watchable RSI, Close to 52W low with recovery potential, Below 200 DMA risk"
28.08.2026 at 01:52 AM IST,INDBANK,Unknown,Unknown,31.94,0.25,28.25,47.15,13.06,32.26,43.75,33.01,34.25,28133.5,13154.0,0.47,Bearish,0,8,15,0,15,8,8,"Weak but watchable RSI, Close to 52W low with recovery potential, Below 200 DMA risk"
28.08.2026 at 01:52 AM IST,FORTIS,Healthcare,Unknown,913.85,-1.09,765.99,1103.13,19.3,17.16,44.55,945.5,913.99,1525692.0,586874.0,0.38,Bearish,0,8,15,0,15,8,8,"Weak but watchable RSI, Close to 52W low with recovery potential, Below 200 DMA risk"
28.08.2026 at 01:52 AM IST,BIRLACORPN,Unknown,Unknown,895.3,1.73,759.72,1328.83,17.85,32.62,43.76,940.96,982.38,49392.85,24810.0,0.5,Bearish,0,8,15,0,15,8,8,"Weak but watchable RSI, Close to 52W low with recovery potential, Below 200 DMA risk"
28.08.2026 at 01:52 AM IST,JUBLPHARMA,Healthcare,Unknown,887.4,-1.03,782.0,1178.7,13.48,24.71,40.25,948.06,964.97,369457.25,108892.0,0.29,Bearish,0,8,15,0,15,8,8,"Weak but watchable RSI, Close to 52W low with recovery potential, Below 200 DMA risk"
28.08.2026 at 01:52 AM IST,DEVIT,Unknown,Unknown,25.46,0.2,22.25,47.88,14.43,46.82,41.22,26.97,30.53,42432.3,26298.0,0.62,Bearish,0,8,15,0,15,8,8,"Weak but watchable RSI, Close to 52W low with recovery potential, Below 200 DMA risk"
28.08.2026 at 01:52 AM IST,JKCEMENT,Construction Materials,Unknown,5277.0,1.53,4654.18,7098.08,13.38,25.66,43.16,5441.63,5464.87,28054.2,15808.0,0.56,Bearish,0,8,15,0,15,8,8,"Weak but watchable RSI, Close to 52W low with recovery potential, Below 200 DMA risk"
28.08.2026 at 01:52 AM IST,KARMAENG,Unknown,Unknown,38.0,-0.52,34.38,73.7,10.53,48.44,43.9,39.61,44.5,6359.8,2342.0,0.37,Bearish,0,8,15,0,15,8,8,"Weak but watchable RSI, Close to 52W low with recovery potential, Below 200 DMA risk"
28.08.2026 at 01:52 AM IST,SCILAL,Unknown,Unknown,40.15,0.22,34.3,55.0,17.06,27.0,37.43,42.21,44.74,200991.45,104813.0,0.52,Bearish,0,8,15,0,15,8,8,"Weak but watchable RSI, Close to 52W low with recovery potential, Below 200 DMA risk"
28.08.2026 at 01:52 AM IST,VARDMNPOLY,Unknown,Unknown,6.03,0.5,5.1,9.49,18.24,36.46,41.82,6.43,6.75,309790.75,283777.0,0.92,Bearish,0,8,15,0,15,8,8,"Weak but watchable RSI, Close to 52W low with recovery potential, Below 200 DMA risk"
28.08.2026 at 01:52 AM IST,DIGISPICE,Unknown,Unknown,16.93,0.42,14.82,35.5,14.24,52.31,39.91,18.57,20.29,78623.8,31197.0,0.4,Bearish,0,8,15,0,15,8,8,"Weak but watchable RSI, Close to 52W low with recovery potential, Below 200 DMA risk"
28.08.2026 at 01:52 AM IST,HONDAPOWER,Unknown,Unknown,2062.3,-0.54,1796.81,2932.71,14.78,29.68,42.07,2108.71,2184.39,4484.75,3115.0,0.69,Bearish,0,8,15,0,15,8,8,"Weak but watchable RSI, Close to 52W low with recovery potential, Below 200 DMA risk"
28.08.2026 at 01:52 AM IST,IXIGO,Unknown,Unknown,168.26,-0.07,151.27,339.15,11.23,50.39,36.37,191.81,199.81,1035930.15,545839.0,0.53,Bearish,0,8,15,0,15,8,8,"Weak but watchable RSI, Close to 52W low with recovery potential, Below 200 DMA risk"
28.08.2026 at 01:52 AM IST,HUDCO,Financial Services,Unknown,186.95,0.39,156.74,239.22,19.27,21.85,37.37,198.54,200.27,1719126.9,737037.0,0.43,Bearish,0,8,15,0,15,8,8,"Weak but watchable RSI, Close to 52W low with recovery potential, Below 200 DMA risk"
28.08.2026 at 01:52 AM IST,ICEMAKE,Unknown,Unknown,734.0,1.08,660.3,920.0,11.16,20.22,36.43,788.91,771.34,33944.7,6484.0,0.19,Bearish,0,8,15,0,15,8,8,"Weak but watchable RSI, Close to 52W low with recovery potential, Below 200 DMA risk"
28.08.2026 at 01:52 AM IST,AWFIS,Unknown,Unknown,268.35,-1.54,229.05,639.4,17.16,58.03,43.41,286.03,360.83,252735.0,166166.0,0.66,Bearish,0,8,15,0,15,8,8,"Weak but watchable RSI, Close to 52W low with recovery potential, Below 200 DMA risk"
28.08.2026 at 01:52 AM IST,JARO,Unknown,Unknown,461.1,-1.59,381.17,884.59,20.97,47.87,49.11,483.53,494.71,116997.7,123805.0,1.06,Bearish,0,10,8,5,15,8,8,"RSI recovering zone, Within 30% of 52W low, Normal volume support, Below 200 DMA risk"
28.08.2026 at 01:52 AM IST,DHANUKA,Unknown,Unknown,985.2,0.15,887.89,1651.22,10.96,40.34,39.68,1029.48,1086.45,41872.85,16627.0,0.4,Bearish,0,8,15,0,15,8,8,"Weak but watchable RSI, Close to 52W low with recovery potential, Below 200 DMA risk"
28.08.2026 at 01:52 AM IST,ATAM,Unknown,Unknown,56.79,2.34,48.5,111.0,17.09,48.84,38.59,65.62,71.46,22315.85,9601.0,0.43,Bearish,0,8,15,0,15,8,8,"Weak but watchable RSI, Close to 52W low with recovery potential, Below 200 DMA risk"
28.08.2026 at 01:52 AM IST,RAILTEL,Telecommunication,Unknown,280.9,0.04,243.93,408.55,15.16,31.25,42.83,296.37,315.54,1211598.8,411923.0,0.34,Bearish,0,8,15,0,15,8,8,"Weak but watchable RSI, Close to 52W low with recovery potential, Below 200 DMA risk"
28.08.2026 at 01:52 AM IST,ALOKINDS,Unknown,Unknown,11.28,-0.09,11.11,19.34,1.53,41.68,28.46,12.25,13.97,2528556.45,3811080.0,1.51,Bearish,0,5,8,10,15,8,8,"Oversold RSI, Within 30% of 52W low, Volume expansion, Below 200 DMA risk"
28.08.2026 at 01:52 AM IST,ADVENZYMES,Unknown,Unknown,297.2,-0.85,250.87,417.2,18.47,28.76,38.12,320.75,315.44,370979.45,168342.0,0.45,Bearish,0,8,15,0,15,8,8,"Weak but watchable RSI, Close to 52W low with recovery potential, Below 200 DMA risk"
28.08.2026 at 01:52 AM IST,ITI,Telecommunication,Unknown,278.55,0.14,237.0,372.85,17.53,25.29,43.95,287.41,290.87,338443.75,98308.0,0.29,Bearish,0,8,15,0,15,8,8,"Weak but watchable RSI, Close to 52W low with recovery potential, Below 200 DMA risk"
28.08.2026 at 01:52 AM IST,RCF,Unknown,Unknown,122.33,-1.72,106.0,161.77,15.41,24.38,44.75,127.84,130.47,1595739.1,1263180.0,0.79,Bearish,0,8,15,0,15,8,8,"Weak but watchable RSI, Close to 52W low with recovery potential, Below 200 DMA risk"
28.08.2026 at 01:52 AM IST,IPL,Unknown,Unknown,140.47,0.58,124.33,238.97,12.98,41.22,38.46,151.23,158.35,156286.4,52027.0,0.33,Bearish,0,8,15,0,15,8,8,"Weak but watchable RSI, Close to 52W low with recovery potential, Below 200 DMA risk"
28.08.2026 at 01:52 AM IST,IONEXCHANG,Unknown,Unknown,371.05,0.42,312.7,486.0,18.66,23.65,37.98,404.51,377.34,383497.8,106587.0,0.28,Bearish,0,8,15,0,15,8,8,"Weak but watchable RSI, Close to 52W low with recovery potential, Below 200 DMA risk"
28.08.2026 at 01:52 AM IST,REDTAPE,Unknown,Unknown,122.56,1.38,105.92,161.06,15.71,23.9,41.11,130.11,125.43,546239.25,465513.0,0.85,Bearish,0,8,15,0,15,8,8,"Weak but watchable RSI, Close to 52W low with recovery potential, Below 200 DMA risk"
28.08.2026 at 01:52 AM IST,DNAMEDIA,Unknown,Unknown,2.58,0.78,2.28,5.44,13.16,52.57,41.63,2.77,3.28,66793.0,52366.0,0.78,Bearish,0,8,15,0,15,8,8,"Weak but watchable RSI, Close to 52W low with recovery potential, Below 200 DMA risk"
28.08.2026 at 01:52 AM IST,BCONCEPTS,Unknown,Unknown,160.48,0.53,152.84,449.0,5.0,64.26,36.99,181.73,247.22,14505.95,2765.0,0.19,Bearish,0,8,20,0,20,8,8,"Weak but watchable RSI, Near 52W low with non-crashing RSI, Below 200 DMA risk, Very far from 52W high"
28.08.2026 at 01:52 AM IST,BBL,Unknown,Unknown,2338.9,-0.42,2025.25,3367.03,15.49,30.54,41.03,2561.12,2622.87,37863.2,15409.0,0.41,Bearish,0,8,15,0,15,8,8,"Weak but watchable RSI, Close to 52W low with recovery potential, Below 200 DMA risk"
28.08.2026 at 01:52 AM IST,BCG,Unknown,Unknown,9.07,-0.22,7.7,16.72,17.79,45.75,40.13,9.62,10.27,6381873.05,3510098.0,0.55,Bearish,0,8,15,0,15,8,8,"Weak but watchable RSI, Close to 52W low with recovery potential, Below 200 DMA risk"
28.08.2026 at 01:52 AM IST,RELIGARE,Unknown,Unknown,227.85,-0.26,196.51,280.0,15.95,18.62,35.4,253.47,238.05,1157598.75,321623.0,0.28,Bearish,0,8,15,0,15,8,8,"Weak but watchable RSI, Close to 52W low with recovery potential, Below 200 DMA risk"
28.08.2026 at 01:52 AM IST,TATAPOWER,Power,Unknown,364.0,-1.78,340.39,462.04,6.94,21.22,29.24,380.67,387.71,3838633.5,5101404.0,1.33,Bearish,0,5,8,10,15,8,8,"Oversold RSI, Within 30% of 52W low, Volume expansion, Below 200 DMA risk"
28.08.2026 at 01:52 AM IST,BEDMUTHA,Unknown,Unknown,107.3,-0.76,94.55,154.9,13.48,30.73,43.54,109.93,113.96,3716.7,1278.0,0.34,Bearish,0,8,15,0,15,8,8,"Weak but watchable RSI, Close to 52W low with recovery potential, Below 200 DMA risk"
28.08.2026 at 01:52 AM IST,RAJTV,Unknown,Unknown,10.58,3.73,9.93,46.9,6.55,77.44,44.45,11.47,27.67,65166.1,17391.0,0.27,Bearish,0,8,20,0,20,8,8,"Weak but watchable RSI, Near 52W low with non-crashing RSI, Below 200 DMA risk, Very far from 52W high"
28.08.2026 at 01:52 AM IST,RUBFILA,Unknown,Unknown,65.9,0.72,57.31,87.17,14.99,24.4,37.52,71.62,71.75,37967.35,33171.0,0.87,Bearish,0,8,15,0,15,8,8,"Weak but watchable RSI, Close to 52W low with recovery potential, Below 200 DMA risk"
28.08.2026 at 01:52 AM IST,DRCSYSTEMS,Unknown,Unknown,12.76,-1.09,11.5,23.68,10.96,46.11,42.25,13.53,15.36,53044.5,38842.0,0.73,Bearish,0,8,15,0,15,8,8,"Weak but watchable RSI, Close to 52W low with recovery potential, Below 200 DMA risk"
28.08.2026 at 01:52 AM IST,RHIM,Capital Goods,Unknown,370.6,0.11,323.05,508.3,14.72,27.09,38.06,392.31,413.83,747176.7,131256.0,0.18,Bearish,0,8,15,0,15,8,8,"Weak but watchable RSI, Close to 52W low with recovery potential, Below 200 DMA risk"
28.08.2026 at 01:52 AM IST,EIHOTEL,Consumer Services,Unknown,303.5,0.25,269.93,432.84,12.44,29.88,42.31,320.32,329.04,190057.55,47993.0,0.25,Bearish,0,8,15,0,15,8,8,"Weak but watchable RSI, Close to 52W low with recovery potential, Below 200 DMA risk"
28.08.2026 at 01:52 AM IST,VIDYAWIRES,Unknown,Unknown,86.92,2.26,44.06,117.35,97.28,25.93,40.69,94.23,,888122.5,827995.0,0.93,Bearish,0,8,0,0,0,8,8,Weak but watchable RSI
28.08.2026 at 01:52 AM IST,RPOWER,Power,Unknown,22.7,0.0,20.17,50.73,12.54,55.25,42.03,24.25,28.38,21347931.6,10207973.0,0.48,Bearish,0,8,15,0,15,8,8,"Weak but watchable RSI, Close to 52W low with recovery potential, Below 200 DMA risk"
28.08.2026 at 01:52 AM IST,RPPINFRA,Unknown,Unknown,57.18,-1.21,55.04,169.28,3.89,66.22,38.48,61.87,78.46,348713.25,54715.0,0.16,Bearish,0,8,20,0,20,8,8,"Weak but watchable RSI, Near 52W low with non-crashing RSI, Below 200 DMA risk, Very far from 52W high"
28.08.2026 at 01:52 AM IST,SAGCEM,Unknown,Unknown,167.67,2.62,148.7,299.4,12.76,44.0,44.2,174.54,187.74,35562.5,26514.0,0.75,Bearish,0,8,15,0,15,8,8,"Weak but watchable RSI, Close to 52W low with recovery potential, Below 200 DMA risk"
28.08.2026 at 01:52 AM IST,ISGEC,Unknown,Unknown,769.3,0.69,683.95,1113.9,12.48,30.94,40.27,857.08,889.53,93004.0,38561.0,0.41,Bearish,0,8,15,0,15,8,8,"Weak but watchable RSI, Close to 52W low with recovery potential, Below 200 DMA risk"
28.08.2026 at 01:52 AM IST,ROHLTD,Unknown,Unknown,306.2,0.82,269.4,593.4,13.66,48.4,43.68,319.64,351.98,27047.25,16813.0,0.62,Bearish,0,8,15,0,15,8,8,"Weak but watchable RSI, Close to 52W low with recovery potential, Below 200 DMA risk"
28.08.2026 at 01:52 AM IST,INSECTICID,Unknown,Unknown,579.5,0.01,518.6,833.38,11.74,30.46,27.04,642.0,662.49,31212.3,56960.0,1.82,Bearish,0,5,8,10,15,8,8,"Oversold RSI, Within 30% of 52W low, Volume expansion, Below 200 DMA risk"
28.08.2026 at 01:52 AM IST,INTELLECT,Information Technology,Unknown,684.0,0.18,589.52,1232.73,16.03,44.51,37.48,728.77,793.15,445483.95,189048.0,0.42,Bearish,0,8,15,0,15,8,8,"Weak but watchable RSI, Close to 52W low with recovery potential, Below 200 DMA risk"
28.08.2026 at 01:52 AM IST,TEAMLEASE,Unknown,Unknown,1248.8,0.97,1065.2,1944.3,17.24,35.77,39.87,1337.98,1385.92,25234.9,19308.0,0.77,Bearish,0,8,15,0,15,8,8,"Weak but watchable RSI, Close to 52W low with recovery potential, Below 200 DMA risk"
28.08.2026 at 01:52 AM IST,IRIS,Unknown,Unknown,237.61,-0.3,203.0,388.1,17.05,38.78,43.02,252.8,265.01,30007.45,13599.0,0.45,Bearish,0,8,15,0,15,8,8,"Weak but watchable RSI, Close to 52W low with recovery potential, Below 200 DMA risk"
28.08.2026 at 01:52 AM IST,BAJAJHFL,Financial Services,Unknown,84.07,0.06,72.65,117.0,15.72,28.15,41.18,86.46,89.08,2949781.75,1525563.0,0.52,Bearish,0,8,15,0,15,8,8,"Weak but watchable RSI, Close to 52W low with recovery potential, Below 200 DMA risk"
28.08.2026 at 01:52 AM IST,RSYSTEMS,Unknown,Unknown,240.1,-1.25,213.52,475.33,12.45,49.49,43.71,246.78,303.87,277107.75,121279.0,0.44,Bearish,0,8,15,0,15,8,8,"Weak but watchable RSI, Close to 52W low with recovery potential, Below 200 DMA risk"
28.08.2026 at 01:52 AM IST,GATEWAY,Unknown,Unknown,53.43,0.94,47.06,64.19,13.53,16.77,39.83,56.87,56.12,1557392.9,778800.0,0.5,Bearish,0,8,15,0,15,8,8,"Weak but watchable RSI, Close to 52W low with recovery potential, Below 200 DMA risk"
28.08.2026 at 01:52 AM IST,CELEBRITY,Unknown,Unknown,6.7,-2.76,5.65,13.25,18.58,49.43,38.18,7.26,7.94,21731.5,12239.0,0.56,Bearish,0,8,15,0,15,8,8,"Weak but watchable RSI, Close to 52W low with recovery potential, Below 200 DMA risk"
28.08.2026 at 01:52 AM IST,CENTRUM,Unknown,Unknown,23.12,-0.6,19.66,38.5,17.6,39.95,42.58,23.97,25.52,455665.25,419246.0,0.92,Bearish,0,8,15,0,15,8,8,"Weak but watchable RSI, Close to 52W low with recovery potential, Below 200 DMA risk"
28.08.2026 at 01:52 AM IST,CESC,Power,Unknown,153.33,-0.44,133.19,197.2,15.12,22.24,38.17,159.4,160.06,1660497.4,1596604.0,0.96,Bearish,0,8,15,0,15,8,8,"Weak but watchable RSI, Close to 52W low with recovery potential, Below 200 DMA risk"
28.08.2026 at 01:52 AM IST,ZENSARTECH,Information Technology,Unknown,471.85,-0.05,412.97,845.39,14.26,44.19,40.09,483.12,565.43,820052.0,462669.0,0.56,Bearish,0,8,15,0,15,8,8,"Weak but watchable RSI, Close to 52W low with recovery potential, Below 200 DMA risk"
28.08.2026 at 01:52 AM IST,BMWVENTLTD,Unknown,Unknown,56.9,-0.12,48.0,76.11,18.54,25.24,44.17,57.96,58.81,84337.9,56772.0,0.67,Bearish,0,8,15,0,15,8,8,"Weak but watchable RSI, Close to 52W low with recovery potential, Below 200 DMA risk"
28.08.2026 at 01:52 AM IST,SHILCTECH,Unknown,Unknown,3947.8,0.72,2844.56,5383.98,38.78,26.68,40.08,4345.22,,38005.4,15065.0,0.4,Bearish,0,8,0,0,0,8,8,Weak but watchable RSI
28.08.2026 at 01:52 AM IST,HEMIPROP,Unknown,Unknown,129.63,-0.71,111.2,190.69,16.57,32.02,37.7,136.18,135.97,370967.9,188908.0,0.51,Bearish,0,8,15,0,15,8,8,"Weak but watchable RSI, Close to 52W low with recovery potential, Below 200 DMA risk"
28.08.2026 at 01:52 AM IST,AGROPHOS,Unknown,Unknown,26.75,0.98,23.9,47.47,11.92,43.65,40.39,29.06,33.4,21992.45,8564.0,0.39,Bearish,0,8,15,0,15,8,8,"Weak but watchable RSI, Close to 52W low with recovery potential, Below 200 DMA risk"
28.08.2026 at 01:52 AM IST,PIGL,Unknown,Unknown,101.41,-1.19,88.05,189.7,15.17,46.54,39.81,109.51,114.92,81307.55,62224.0,0.77,Bearish,0,8,15,0,15,8,8,"Weak but watchable RSI, Close to 52W low with recovery potential, Below 200 DMA risk"
28.08.2026 at 01:52 AM IST,URJA,Unknown,Unknown,9.22,-0.65,8.0,14.45,15.25,36.19,40.41,9.54,10.32,931616.3,567225.0,0.61,Bearish,0,8,15,0,15,8,8,"Weak but watchable RSI, Close to 52W low with recovery potential, Below 200 DMA risk"
28.08.2026 at 01:52 AM IST,PIONEEREMB,Unknown,Unknown,21.92,-0.27,19.61,39.2,11.78,44.08,40.12,23.09,25.96,22589.75,4992.0,0.22,Bearish,0,8,15,0,15,8,8,"Weak but watchable RSI, Close to 52W low with recovery potential, Below 200 DMA risk"
28.08.2026 at 01:52 AM IST,EMKAY,Unknown,Unknown,239.24,-1.0,184.85,407.36,29.43,41.27,46.18,252.6,250.33,21310.3,22380.0,1.05,Bearish,0,10,8,5,15,8,8,"RSI recovering zone, Within 30% of 52W low, Normal volume support, Below 200 DMA risk"
28.08.2026 at 01:52 AM IST,VASCONEQ,Unknown,Unknown,31.11,0.35,26.75,74.59,16.3,58.29,43.41,32.94,38.58,441215.75,184351.0,0.42,Bearish,0,8,15,0,15,8,8,"Weak but watchable RSI, Close to 52W low with recovery potential, Below 200 DMA risk"
28.08.2026 at 01:52 AM IST,ESSARSHPNG,Unknown,Unknown,16.91,1.74,15.71,43.26,7.64,60.91,33.36,20.6,24.84,366779.9,160535.0,0.44,Bearish,0,8,20,0,20,8,8,"Weak but watchable RSI, Near 52W low with non-crashing RSI, Below 200 DMA risk, Very far from 52W high"
28.08.2026 at 01:52 AM IST,BIGBLOC,Unknown,Unknown,43.27,-1.05,38.0,80.0,13.87,45.91,36.05,46.97,54.0,48848.15,24527.0,0.5,Bearish,0,8,15,0,15,8,8,"Weak but watchable RSI, Close to 52W low with recovery potential, Below 200 DMA risk"
28.08.2026 at 01:52 AM IST,NSLNISP,Metals & Mining,Unknown,41.44,3.73,33.01,53.75,25.54,22.9,45.21,43.15,42.17,4868959.55,4971650.0,1.02,Bearish,0,10,8,5,15,8,8,"RSI recovering zone, Within 30% of 52W low, Normal volume support, Below 200 DMA risk"
28.08.2026 at 01:52 AM IST,NILAINFRA,Unknown,Unknown,6.97,0.87,5.9,11.55,18.14,39.65,37.1,7.39,8.22,198287.05,158974.0,0.8,Bearish,0,8,15,0,15,8,8,"Weak but watchable RSI, Close to 52W low with recovery potential, Below 200 DMA risk"
28.08.2026 at 01:52 AM IST,CURAA,Unknown,Unknown,69.11,-4.41,63.0,323.65,9.7,78.65,42.33,75.96,97.58,787.4,601.0,0.76,Bearish,0,8,20,0,20,8,8,"Weak but watchable RSI, Near 52W low with non-crashing RSI, Below 200 DMA risk, Very far from 52W high"
28.08.2026 at 01:52 AM IST,LEXUS,Unknown,Unknown,13.75,3.62,12.74,39.25,7.93,64.97,44.17,14.61,22.81,17692.5,16573.0,0.94,Bearish,0,8,20,0,20,8,8,"Weak but watchable RSI, Near 52W low with non-crashing RSI, Below 200 DMA risk, Very far from 52W high"
28.08.2026 at 01:52 AM IST,FABTECH,Unknown,Unknown,146.99,-0.43,132.16,261.73,11.22,43.84,43.83,152.21,169.57,83426.85,30338.0,0.36,Bearish,0,8,15,0,15,8,8,"Weak but watchable RSI, Close to 52W low with recovery potential, Below 200 DMA risk"
28.08.2026 at 01:52 AM IST,ANMOL,Unknown,Unknown,10.03,-0.59,8.4,17.74,19.4,43.46,43.22,10.59,11.97,31361.4,22992.0,0.73,Bearish,0,8,15,0,15,8,8,"Weak but watchable RSI, Close to 52W low with recovery potential, Below 200 DMA risk"
28.08.2026 at 01:52 AM IST,ASALCBR,Unknown,Unknown,727.95,0.75,660.65,1277.0,10.19,43.0,39.9,793.92,848.64,31701.8,23310.0,0.74,Bearish,0,8,15,0,15,8,8,"Weak but watchable RSI, Close to 52W low with recovery potential, Below 200 DMA risk"
28.08.2026 at 01:52 AM IST,ARVINDFASN,Unknown,Unknown,443.5,1.26,364.92,576.98,21.53,23.13,46.39,459.17,461.28,224923.8,286735.0,1.27,Bearish,0,10,8,5,15,8,8,"RSI recovering zone, Within 30% of 52W low, Normal volume support, Below 200 DMA risk"
28.08.2026 at 01:52 AM IST,AIRAN,Unknown,Unknown,14.9,-0.67,12.63,27.49,17.97,45.8,39.64,15.48,16.69,45806.25,43121.0,0.94,Bearish,0,8,15,0,15,8,8,"Weak but watchable RSI, Close to 52W low with recovery potential, Below 200 DMA risk"
28.08.2026 at 01:52 AM IST,HGS,Unknown,Unknown,401.95,0.16,342.05,546.35,17.51,26.43,38.21,419.07,419.55,19805.9,7601.0,0.38,Bearish,0,8,15,0,15,8,8,"Weak but watchable RSI, Close to 52W low with recovery potential, Below 200 DMA risk"
28.08.2026 at 01:52 AM IST,ORIENTALTL,Unknown,Unknown,5.13,-0.19,4.4,11.99,16.59,57.21,42.74,5.44,6.79,66493.1,37330.0,0.56,Bearish,0,8,15,0,15,8,8,"Weak but watchable RSI, Close to 52W low with recovery potential, Below 200 DMA risk"
28.08.2026 at 01:52 AM IST,KSOLVES,Unknown,Unknown,273.4,-0.27,242.47,349.26,12.76,21.72,43.96,282.15,285.14,29591.6,17712.0,0.6,Bearish,0,8,15,0,15,8,8,"Weak but watchable RSI, Close to 52W low with recovery potential, Below 200 DMA risk"
28.08.2026 at 01:52 AM IST,ANUP,Unknown,Unknown,1786.2,0.78,1413.13,2559.39,26.4,30.21,29.26,2088.64,1999.34,62451.35,84750.0,1.36,Bearish,0,5,8,10,15,8,8,"Oversold RSI, Within 30% of 52W low, Volume expansion, Below 200 DMA risk"
28.08.2026 at 01:52 AM IST,VIVIDHA,Unknown,Unknown,0.51,-1.92,0.43,0.91,18.6,43.96,41.07,0.53,0.58,282379.95,110838.0,0.39,Bearish,0,8,15,0,15,8,8,"Weak but watchable RSI, Close to 52W low with recovery potential, Below 200 DMA risk"
28.08.2026 at 01:52 AM IST,HBLENGINE,Capital Goods,Unknown,683.9,-1.54,613.0,1119.11,11.57,38.89,41.26,743.14,778.66,981250.45,456103.0,0.46,Bearish,0,8,15,0,15,8,8,"Weak but watchable RSI, Close to 52W low with recovery potential, Below 200 DMA risk"
28.08.2026 at 01:52 AM IST,KUANTUM,Unknown,Unknown,72.35,0.32,62.94,117.44,14.94,38.39,36.68,75.39,81.28,183819.15,105918.0,0.58,Bearish,0,8,15,0,15,8,8,"Weak but watchable RSI, Close to 52W low with recovery potential, Below 200 DMA risk"
28.08.2026 at 01:52 AM IST,OSWALAGRO,Unknown,Unknown,36.79,-1.23,33.4,81.0,10.15,54.58,39.19,39.9,48.13,56855.1,14513.0,0.26,Bearish,0,8,15,0,15,8,8,"Weak but watchable RSI, Close to 52W low with recovery potential, Below 200 DMA risk"
28.08.2026 at 01:52 AM IST,OSWALPUMPS,Unknown,Unknown,295.35,-1.37,283.1,846.0,4.33,65.09,32.26,365.27,408.9,703849.25,254056.0,0.36,Bearish,0,8,20,0,20,8,8,"Weak but watchable RSI, Near 52W low with non-crashing RSI, Below 200 DMA risk, Very far from 52W high"
28.08.2026 at 01:52 AM IST,AGRITECH,Unknown,Unknown,103.36,2.17,92.52,187.19,11.72,44.78,41.95,110.41,121.7,2697.25,996.0,0.37,Bearish,0,8,15,0,15,8,8,"Weak but watchable RSI, Close to 52W low with recovery potential, Below 200 DMA risk"
28.08.2026 at 01:52 AM IST,ORIENTTECH,Unknown,Unknown,245.55,0.04,220.8,466.73,11.21,47.39,39.55,257.7,292.25,176972.85,60887.0,0.34,Bearish,0,8,15,0,15,8,8,"Weak but watchable RSI, Close to 52W low with recovery potential, Below 200 DMA risk"
28.08.2026 at 01:52 AM IST,KOKUYOCMLN,Unknown,Unknown,79.93,1.04,70.8,127.55,12.9,37.33,41.77,85.34,86.49,59799.9,23666.0,0.4,Bearish,0,8,15,0,15,8,8,"Weak but watchable RSI, Close to 52W low with recovery potential, Below 200 DMA risk"
28.08.2026 at 01:52 AM IST,KNRCON,Unknown,Unknown,123.42,-0.3,108.65,220.0,13.59,43.9,39.87,129.53,136.29,1754662.15,840335.0,0.48,Bearish,0,8,15,0,15,8,8,"Weak but watchable RSI, Close to 52W low with recovery potential, Below 200 DMA risk"
28.08.2026 at 01:52 AM IST,AUTOAXLES,Unknown,Unknown,1745.4,0.82,1513.85,2078.82,15.3,16.04,42.71,1776.84,1782.79,15262.15,5539.0,0.36,Bearish,0,8,15,0,15,8,8,"Weak but watchable RSI, Close to 52W low with recovery potential, Below 200 DMA risk"
28.08.2026 at 01:52 AM IST,SHALBY,Unknown,Unknown,156.92,1.44,125.82,274.7,24.72,42.88,45.0,164.52,171.16,69080.5,72774.0,1.05,Bearish,0,10,8,5,15,8,8,"RSI recovering zone, Within 30% of 52W low, Normal volume support, Below 200 DMA risk"
28.08.2026 at 01:52 AM IST,BHARTIARTL,Telecommunication,Unknown,1902.1,-2.31,1718.87,2147.47,10.66,11.43,44.16,1910.13,1921.6,6356132.75,4552921.0,0.72,Bearish,0,8,15,0,15,8,8,"Weak but watchable RSI, Close to 52W low with recovery potential, Below 200 DMA risk"
28.08.2026 at 01:52 AM IST,ASHOKA,Unknown,Unknown,114.07,0.05,101.0,214.5,12.94,46.82,37.92,123.62,139.08,670113.4,339117.0,0.51,Bearish,0,8,15,0,15,8,8,"Weak but watchable RSI, Close to 52W low with recovery potential, Below 200 DMA risk"
28.08.2026 at 01:52 AM IST,TIMKEN,Capital Goods,Unknown,3098.7,-1.05,2798.24,3921.83,10.74,20.99,38.46,3287.08,3277.34,41916.15,16966.0,0.4,Bearish,0,8,15,0,15,8,8,"Weak but watchable RSI, Close to 52W low with recovery potential, Below 200 DMA risk"
28.08.2026 at 01:52 AM IST,DGCONTENT,Unknown,Unknown,24.23,-1.42,21.61,39.57,12.12,38.77,44.16,25.42,28.29,33452.75,9267.0,0.28,Bearish,0,8,15,0,15,8,8,"Weak but watchable RSI, Close to 52W low with recovery potential, Below 200 DMA risk"
28.08.2026 at 01:52 AM IST,TNPL,Unknown,Unknown,140.67,-0.3,121.51,175.75,15.77,19.96,39.69,146.6,143.03,209702.5,54710.0,0.26,Bearish,0,8,15,0,15,8,8,"Weak but watchable RSI, Close to 52W low with recovery potential, Below 200 DMA risk"
28.08.2026 at 01:52 AM IST,TOKYOPLAST,Unknown,Unknown,75.15,-1.84,53.86,140.85,39.53,46.65,38.62,81.85,92.07,1312.35,6005.0,4.58,Bearish,0,8,0,15,15,8,8,"Weak but watchable RSI, Strong volume expansion, Below 200 DMA risk"
28.08.2026 at 01:52 AM IST,NOVARTIND,Unknown,Unknown,1490.1,0.26,672.25,1780.0,121.66,16.29,43.61,1541.09,,15875.55,7165.0,0.45,Bearish,0,8,0,0,0,8,8,Weak but watchable RSI
28.08.2026 at 01:52 AM IST,LINC,Unknown,Unknown,97.2,1.13,85.01,137.99,14.34,29.56,42.13,104.43,106.49,25165.25,11058.0,0.44,Bearish,0,8,15,0,15,8,8,"Weak but watchable RSI, Close to 52W low with recovery potential, Below 200 DMA risk"
28.08.2026 at 01:52 AM IST,NAVNETEDUL,Unknown,Unknown,133.11,-0.25,120.21,164.13,10.73,18.9,41.01,140.19,141.89,229900.85,97902.0,0.43,Bearish,0,8,15,0,15,8,8,"Weak but watchable RSI, Close to 52W low with recovery potential, Below 200 DMA risk"
28.08.2026 at 01:52 AM IST,NBCC,Construction,Unknown,89.21,-0.32,77.05,125.48,15.78,28.9,37.55,97.14,99.54,5899164.55,5343033.0,0.91,Bearish,0,8,15,0,15,8,8,"Weak but watchable RSI, Close to 52W low with recovery potential, Below 200 DMA risk"
28.08.2026 at 01:52 AM IST,SURYAROSNI,Unknown,Unknown,219.62,-0.28,185.21,308.07,18.58,28.71,35.91,241.11,242.2,888276.6,412912.0,0.46,Bearish,0,8,15,0,15,8,8,"Weak but watchable RSI, Close to 52W low with recovery potential, Below 200 DMA risk"
28.08.2026 at 01:52 AM IST,SWARAJENG,Unknown,Unknown,3549.0,-0.08,3212.8,4423.17,10.46,19.76,35.63,3694.76,3622.73,6168.25,4486.0,0.73,Bearish,0,8,15,0,15,8,8,"Weak but watchable RSI, Close to 52W low with recovery potential, Below 200 DMA risk"
28.08.2026 at 01:52 AM IST,CAMLINFINE,Unknown,Unknown,106.57,0.11,96.21,235.0,10.77,54.65,36.69,124.86,135.35,1669900.65,325404.0,0.19,Bearish,0,8,15,0,15,8,8,"Weak but watchable RSI, Close to 52W low with recovery potential, Below 200 DMA risk"
28.08.2026 at 01:52 AM IST,LINDEINDIA,Chemicals,Unknown,6598.5,1.62,5663.4,8035.37,16.51,17.88,39.5,6954.06,6678.87,27523.0,27522.0,1.0,Bearish,0,8,15,0,15,8,8,"Weak but watchable RSI, Close to 52W low with recovery potential, Below 200 DMA risk"
28.08.2026 at 01:52 AM IST,BSOFT,Information Technology,Unknown,293.55,0.88,266.27,467.1,10.25,37.16,40.46,298.57,358.27,1232373.7,843426.0,0.68,Bearish,0,8,15,0,15,8,8,"Weak but watchable RSI, Close to 52W low with recovery potential, Below 200 DMA risk"
28.08.2026 at 01:52 AM IST,WAAREERTL,Unknown,Unknown,885.75,1.66,779.5,1358.0,13.63,34.78,36.69,954.36,952.77,103264.45,101399.0,0.98,Bearish,0,8,15,0,15,8,8,"Weak but watchable RSI, Close to 52W low with recovery potential, Below 200 DMA risk"
28.08.2026 at 01:52 AM IST,SOBHA,Realty,Unknown,1292.2,0.98,1125.39,1724.93,14.82,25.09,37.47,1387.59,1410.07,86113.1,65926.0,0.77,Bearish,0,8,15,0,15,8,8,"Weak but watchable RSI, Close to 52W low with recovery potential, Below 200 DMA risk"
28.08.2026 at 01:52 AM IST,UNIENTER,Unknown,Unknown,95.08,-0.55,84.69,156.59,12.26,39.28,40.48,100.17,111.7,4800.35,3054.0,0.64,Bearish,0,8,15,0,15,8,8,"Weak but watchable RSI, Close to 52W low with recovery potential, Below 200 DMA risk"
28.08.2026 at 01:52 AM IST,NITTAGELA,Unknown,Unknown,1567.8,0.4,878.79,2079.59,78.41,24.61,39.29,1733.76,,8274.55,2057.0,0.25,Bearish,0,8,0,0,0,8,8,Weak but watchable RSI
28.08.2026 at 01:52 AM IST,SMLT,Unknown,Unknown,68.45,-0.93,56.61,122.85,20.92,44.28,47.58,69.0,75.63,7867.75,8040.0,1.02,Bearish,0,10,8,5,15,8,8,"RSI recovering zone, Within 30% of 52W low, Normal volume support, Below 200 DMA risk"
28.08.2026 at 01:52 AM IST,WEIZMANIND,Unknown,Unknown,75.63,0.11,64.8,121.17,16.72,37.58,37.68,79.45,85.87,884.75,216.0,0.24,Bearish,0,8,15,0,15,8,8,"Weak but watchable RSI, Close to 52W low with recovery potential, Below 200 DMA risk"
28.08.2026 at 01:52 AM IST,TOLINS,Unknown,Unknown,96.58,-0.21,83.04,202.0,16.31,52.19,36.67,102.57,115.65,42037.2,21093.0,0.5,Bearish,0,8,15,0,15,8,8,"Weak but watchable RSI, Close to 52W low with recovery potential, Below 200 DMA risk"
28.08.2026 at 01:52 AM IST,CHEMFAB,Unknown,Unknown,367.1,0.62,290.35,703.0,26.43,47.78,47.53,370.57,405.55,3660.6,4111.0,1.12,Bearish,0,10,8,5,15,8,8,"RSI recovering zone, Within 30% of 52W low, Normal volume support, Below 200 DMA risk"
28.08.2026 at 01:52 AM IST,SURAJEST,Unknown,Unknown,196.01,-0.3,171.3,320.4,14.42,38.82,41.17,200.17,223.15,118418.1,80299.0,0.68,Bearish,0,8,15,0,15,8,8,"Weak but watchable RSI, Close to 52W low with recovery potential, Below 200 DMA risk"
28.08.2026 at 01:52 AM IST,TRU,Unknown,Unknown,4.13,0.49,4.0,13.82,3.25,70.12,32.47,4.89,6.47,154091.0,98409.0,0.64,Bearish,0,8,20,0,20,8,8,"Weak but watchable RSI, Near 52W low with non-crashing RSI, Below 200 DMA risk, Very far from 52W high"
28.08.2026 at 01:52 AM IST,MARUTI,Automobile and Auto Components,Unknown,13520.0,-1.16,12079.68,17197.29,11.92,21.38,42.12,13722.31,14244.64,344677.05,197113.0,0.57,Bearish,0,8,15,0,15,8,8,"Weak but watchable RSI, Close to 52W low with recovery potential, Below 200 DMA risk"
28.08.2026 at 01:52 AM IST,CMPDI,Unknown,Unknown,231.79,-0.66,148.9,281.32,55.66,17.61,40.25,249.38,,1396774.55,661452.0,0.47,Bearish,0,8,0,0,0,8,8,Weak but watchable RSI
28.08.2026 at 01:52 AM IST,COALINDIA,Oil Gas & Consumable Fuels,Unknown,403.5,-0.12,349.57,484.77,15.43,16.77,37.3,420.24,422.16,6901288.45,5118183.0,0.74,Bearish,0,8,15,0,15,8,8,"Weak but watchable RSI, Close to 52W low with recovery potential, Below 200 DMA risk"
28.08.2026 at 01:52 AM IST,COCKERILL,Unknown,Unknown,8024.5,1.71,5015.25,10871.5,60.0,26.19,39.89,8936.53,,16109.8,4575.0,0.28,Bearish,0,8,0,0,0,8,8,Weak but watchable RSI
28.08.2026 at 01:52 AM IST,CCAVENUE,Unknown,Unknown,15.28,1.46,12.92,20.5,18.27,25.46,42.02,16.39,15.98,16240030.9,4849185.0,0.3,Bearish,0,8,15,0,15,8,8,"Weak but watchable RSI, Close to 52W low with recovery potential, Below 200 DMA risk"
28.08.2026 at 01:52 AM IST,CCCL,Unknown,Unknown,15.07,0.2,12.76,28.87,18.1,47.8,42.97,16.01,16.67,194418.95,166168.0,0.85,Bearish,0,8,15,0,15,8,8,"Weak but watchable RSI, Close to 52W low with recovery potential, Below 200 DMA risk"
28.08.2026 at 01:52 AM IST,CHEMPLASTS,Unknown,Unknown,177.84,0.01,170.02,451.3,4.6,60.59,40.27,195.74,241.69,332114.7,89079.0,0.27,Bearish,0,8,20,0,20,8,8,"Weak but watchable RSI, Near 52W low with non-crashing RSI, Below 200 DMA risk, Very far from 52W high"
28.08.2026 at 01:52 AM IST,MAXHEALTH,Healthcare,Unknown,1005.0,-1.08,901.4,1219.73,11.49,17.6,38.48,1079.3,1044.2,1957556.45,1348082.0,0.69,Bearish,0,8,15,0,15,8,8,"Weak but watchable RSI, Close to 52W low with recovery potential, Below 200 DMA risk"
28.08.2026 at 01:52 AM IST,MKPL,Unknown,Unknown,4.11,-0.24,3.56,8.85,15.45,53.56,36.46,4.42,5.18,85052.3,83129.0,0.98,Bearish,0,8,15,0,15,8,8,"Weak but watchable RSI, Close to 52W low with recovery potential, Below 200 DMA risk"
28.08.2026 at 01:52 AM IST,TRIDENT,Textiles,Unknown,24.44,0.08,21.53,30.31,13.5,19.37,41.24,25.29,25.37,3379956.6,1965823.0,0.58,Bearish,0,8,15,0,15,8,8,"Weak but watchable RSI, Close to 52W low with recovery potential, Below 200 DMA risk"
28.08.2026 at 01:52 AM IST,GREENPOWER,Unknown,Unknown,9.53,1.17,7.98,14.93,19.42,36.17,39.18,10.09,10.8,1744867.25,1742474.0,1.0,Bearish,0,8,15,0,15,8,8,"Weak but watchable RSI, Close to 52W low with recovery potential, Below 200 DMA risk"
28.08.2026 at 01:52 AM IST,GICHSGFIN,Unknown,Unknown,141.75,0.93,126.54,179.03,12.02,20.83,43.37,149.45,153.06,107848.1,69066.0,0.64,Bearish,0,8,15,0,15,8,8,"Weak but watchable RSI, Close to 52W low with recovery potential, Below 200 DMA risk"
28.08.2026 at 01:52 AM IST,STCINDIA,Unknown,Unknown,118.29,-2.72,97.04,150.7,21.9,21.51,46.29,122.13,119.2,49509.9,51615.0,1.04,Bearish,0,10,8,5,15,8,8,"RSI recovering zone, Within 30% of 52W low, Normal volume support, Below 200 DMA risk"
28.08.2026 at 01:52 AM IST,STANLEY,Unknown,Unknown,137.01,1.43,123.0,320.45,11.39,57.24,37.15,149.93,169.59,125411.4,84628.0,0.67,Bearish,0,8,15,0,15,8,8,"Weak but watchable RSI, Close to 52W low with recovery potential, Below 200 DMA risk"
28.08.2026 at 01:52 AM IST,GALLANTT,Capital Goods,Unknown,583.5,0.34,496.25,948.0,17.58,38.45,43.51,633.2,628.43,106542.5,29997.0,0.28,Bearish,0,8,15,0,15,8,8,"Weak but watchable RSI, Close to 52W low with recovery potential, Below 200 DMA risk"
28.08.2026 at 01:52 AM IST,HATHWAY,Unknown,Unknown,10.57,0.09,8.76,15.25,20.66,30.69,42.58,11.02,11.24,1428841.1,1434718.0,1.0,Bearish,0,8,8,5,15,6,6,"Weak but watchable RSI, Within 30% of 52W low, Normal volume support, Below 200 DMA risk"
28.08.2026 at 01:52 AM IST,WEALTH,Unknown,Unknown,856.05,-0.57,771.33,1283.77,10.98,33.32,34.12,943.4,934.1,2077.4,2378.0,1.14,Bearish,0,8,8,5,15,6,6,"Weak but watchable RSI, Within 30% of 52W low, Normal volume support, Below 200 DMA risk"
28.08.2026 at 01:52 AM IST,GAYAHWS,Unknown,Unknown,1.9,-1.55,1.51,4.76,25.83,60.08,42.68,1.98,2.42,246167.75,323059.0,1.31,Bearish,0,8,8,10,20,6,6,"Weak but watchable RSI, Within 30% of 52W low, Volume expansion, Below 200 DMA risk, Very far from 52W high"
28.08.2026 at 01:52 AM IST,AGIIL,Unknown,Unknown,287.9,1.73,224.7,434.4,28.13,33.72,32.18,325.62,312.31,1382567.35,1419501.0,1.03,Bearish,0,8,8,5,15,6,6,"Weak but watchable RSI, Within 30% of 52W low, Normal volume support, Below 200 DMA risk"
28.08.2026 at 01:52 AM IST,UNITECH,Unknown,Unknown,3.96,-1.25,3.1,7.93,27.74,50.06,35.59,4.41,4.98,3865601.95,4256949.0,1.1,Bearish,0,8,8,5,15,6,6,"Weak but watchable RSI, Within 30% of 52W low, Normal volume support, Below 200 DMA risk"
28.08.2026 at 01:52 AM IST,ALLTIME,Unknown,Unknown,206.18,0.76,186.0,317.4,10.85,35.04,34.67,228.88,239.4,76354.9,92037.0,1.21,Bearish,0,8,8,5,15,6,6,"Weak but watchable RSI, Within 30% of 52W low, Normal volume support, Below 200 DMA risk"
28.08.2026 at 01:52 AM IST,MOKSH,Unknown,Unknown,10.41,2.76,8.11,16.65,28.36,37.48,44.87,11.14,12.52,74972.65,96463.0,1.29,Bearish,0,8,8,5,15,6,6,"Weak but watchable RSI, Within 30% of 52W low, Normal volume support, Below 200 DMA risk"
28.08.2026 at 01:52 AM IST,GMRAIRPORT,Services,Unknown,98.85,-1.0,84.11,115.64,17.52,14.52,31.41,107.63,100.64,9524368.4,11713751.0,1.23,Bearish,0,8,8,5,15,6,6,"Weak but watchable RSI, Within 30% of 52W low, Normal volume support, Below 200 DMA risk"
28.08.2026 at 01:52 AM IST,TATACOMM,Telecommunication,Unknown,1649.3,-2.98,1310.58,2110.0,25.84,21.83,35.27,1821.12,1711.15,243003.55,310370.0,1.28,Bearish,0,8,8,5,15,6,6,"Weak but watchable RSI, Within 30% of 52W low, Normal volume support, Below 200 DMA risk"
28.08.2026 at 01:52 AM IST,GLFL,Unknown,Unknown,5.73,0.35,3.66,9.34,56.56,38.65,50.46,5.85,5.91,4644.2,436.0,0.09,Bearish,0,20,0,0,15,5,5,"Healthy RSI momentum, Below 200 DMA risk"
28.08.2026 at 01:52 AM IST,NIRAJ,Unknown,Unknown,29.12,1.82,20.15,51.98,44.52,43.98,52.89,29.41,31.08,56336.45,16845.0,0.3,Bearish,0,20,0,0,15,5,5,"Healthy RSI momentum, Below 200 DMA risk"
28.08.2026 at 01:52 AM IST,SARVESHWAR,Unknown,Unknown,3.48,0.29,2.5,8.25,39.2,57.82,52.36,3.55,3.87,1160064.2,917804.0,0.79,Bearish,0,20,0,0,15,5,5,"Healthy RSI momentum, Below 200 DMA risk"
28.08.2026 at 01:52 AM IST,POCL,Unknown,Unknown,512.45,1.55,392.2,647.6,30.66,20.87,50.53,530.37,516.49,512267.7,419200.0,0.82,Bearish,0,20,0,0,15,5,5,"Healthy RSI momentum, Below 200 DMA risk"
28.08.2026 at 01:52 AM IST,DHRUV,Unknown,Unknown,24.5,4.39,22.02,68.95,11.26,64.47,48.09,25.67,34.3,6942.95,5484.0,0.79,Bearish,0,10,15,0,20,5,5,"RSI recovering zone, Close to 52W low with recovery potential, Below 200 DMA risk, Very far from 52W high"
28.08.2026 at 01:52 AM IST,KHANDSE,Unknown,Unknown,17.05,-0.23,12.2,26.88,39.75,36.57,46.84,17.44,18.43,1975.15,3242.0,1.64,Bearish,0,10,0,10,15,5,5,"RSI recovering zone, Volume expansion, Below 200 DMA risk"
28.08.2026 at 01:52 AM IST,GMDCLTD,Metals & Mining,Unknown,578.95,2.04,392.62,771.9,47.46,25.0,50.36,583.11,590.49,1482347.7,923022.0,0.62,Bearish,0,20,0,0,15,5,5,"Healthy RSI momentum, Below 200 DMA risk"
28.08.2026 at 01:52 AM IST,GOCOLORS,Unknown,Unknown,343.6,0.98,237.05,760.9,44.95,54.84,53.05,345.16,365.62,363674.9,127954.0,0.35,Bearish,0,20,0,0,15,5,5,"Healthy RSI momentum, Below 200 DMA risk"
28.08.2026 at 01:52 AM IST,TEXRAIL,Unknown,Unknown,109.04,0.91,78.05,153.0,39.71,28.73,52.15,110.65,113.12,1372473.5,889251.0,0.65,Bearish,0,20,0,0,15,5,5,"Healthy RSI momentum, Below 200 DMA risk"
28.08.2026 at 01:52 AM IST,ITCHOTELS,Consumer Services,Unknown,166.67,0.26,136.41,252.02,22.19,33.87,49.68,170.93,173.42,1594586.2,664997.0,0.42,Bearish,0,10,8,0,15,3,3,"RSI recovering zone, Within 30% of 52W low, Below 200 DMA risk"
28.08.2026 at 01:52 AM IST,KAMOPAINTS,Unknown,Unknown,4.53,-1.09,3.6,10.31,25.83,56.06,46.62,4.74,5.42,278740.85,185432.0,0.67,Bearish,0,10,8,0,15,3,3,"RSI recovering zone, Within 30% of 52W low, Below 200 DMA risk"
28.08.2026 at 01:52 AM IST,INNOVISION,Unknown,Unknown,254.8,-1.03,254.2,470.0,0.24,45.79,21.47,283.77,,20590.65,11055.0,0.54,Bearish,0,5,8,0,10,3,3,"Oversold RSI, Within 30% of 52W low, Extreme RSI weakness"
28.08.2026 at 01:52 AM IST,INTENTECH,Unknown,Unknown,82.92,1.89,66.3,149.9,25.07,44.68,46.04,90.49,103.0,39008.1,13149.0,0.34,Bearish,0,10,8,0,15,3,3,"RSI recovering zone, Within 30% of 52W low, Below 200 DMA risk"
28.08.2026 at 01:52 AM IST,INDUSTOWER,Telecommunication,Unknown,377.7,-2.47,301.21,464.04,25.39,18.61,49.69,379.84,402.89,5237258.3,4874991.0,0.93,Bearish,0,10,8,0,15,3,3,"RSI recovering zone, Within 30% of 52W low, Below 200 DMA risk"
28.08.2026 at 01:52 AM IST,SINTERCOM,Unknown,Unknown,79.06,0.0,62.99,130.0,25.51,39.18,45.11,79.93,87.35,12903.35,1785.0,0.14,Bearish,0,10,8,0,15,3,3,"RSI recovering zone, Within 30% of 52W low, Below 200 DMA risk"
28.08.2026 at 01:52 AM IST,SOMATEX,Unknown,Unknown,84.78,-2.66,61.86,160.5,37.05,47.18,30.6,96.52,107.61,11312.35,17196.0,1.52,Bearish,0,8,0,10,15,3,3,"Weak but watchable RSI, Volume expansion, Below 200 DMA risk"
28.08.2026 at 01:52 AM IST,SPCENET,Unknown,Unknown,3.34,0.0,2.99,11.21,11.64,70.2,39.29,3.62,4.85,733241.0,606362.0,0.83,Bearish,0,8,15,0,20,3,3,"Weak but watchable RSI, Close to 52W low with recovery potential, Below 200 DMA risk, Very far from 52W high"
28.08.2026 at 01:52 AM IST,EKC,Unknown,Unknown,110.15,-0.95,90.25,154.55,22.05,28.73,46.69,113.55,114.91,217488.8,102675.0,0.47,Bearish,0,10,8,0,15,3,3,"RSI recovering zone, Within 30% of 52W low, Below 200 DMA risk"
28.08.2026 at 01:52 AM IST,AAKASH,Unknown,Unknown,8.73,-0.8,7.21,13.4,21.08,34.85,45.96,8.94,8.76,134755.85,71834.0,0.53,Bearish,0,10,8,0,15,3,3,"RSI recovering zone, Within 30% of 52W low, Below 200 DMA risk"
28.08.2026 at 01:52 AM IST,AAATECH,Unknown,Unknown,91.49,-0.6,76.11,136.0,20.21,32.73,46.14,93.62,96.52,28971.4,9186.0,0.32,Bearish,0,10,8,0,15,3,3,"RSI recovering zone, Within 30% of 52W low, Below 200 DMA risk"
28.08.2026 at 01:52 AM IST,FOODSIN,Unknown,Unknown,53.33,-2.2,44.0,95.59,21.2,44.21,45.07,56.26,61.47,99328.55,55858.0,0.56,Bearish,0,10,8,0,15,3,3,"RSI recovering zone, Within 30% of 52W low, Below 200 DMA risk"
28.08.2026 at 01:52 AM IST,ZAGGLE,Unknown,Unknown,190.76,0.73,154.36,409.2,23.58,53.38,45.74,203.38,258.78,6004818.2,1193081.0,0.2,Bearish,0,10,8,0,15,3,3,"RSI recovering zone, Within 30% of 52W low, Below 200 DMA risk"
28.08.2026 at 01:52 AM IST,MADHAV,Unknown,Unknown,34.84,-1.75,29.0,49.95,20.14,30.25,47.65,35.58,37.51,2845.3,1741.0,0.61,Bearish,0,10,8,0,15,3,3,"RSI recovering zone, Within 30% of 52W low, Below 200 DMA risk"
28.08.2026 at 01:52 AM IST,LEMERITE,Unknown,Unknown,21.9,-4.37,19.52,107.57,12.19,79.64,37.29,22.95,69.63,337838.25,324971.0,0.96,Bearish,0,8,15,0,20,3,3,"Weak but watchable RSI, Close to 52W low with recovery potential, Below 200 DMA risk, Very far from 52W high"
28.08.2026 at 01:52 AM IST,AHLADA,Unknown,Unknown,37.95,2.57,31.22,72.0,21.56,47.29,48.73,38.47,44.45,25831.2,21585.0,0.84,Bearish,0,10,8,0,15,3,3,"RSI recovering zone, Within 30% of 52W low, Below 200 DMA risk"
28.08.2026 at 01:52 AM IST,AHLUCONT,Unknown,Unknown,635.1,-2.55,620.0,1077.95,2.44,41.08,20.91,814.85,845.93,94116.95,338939.0,3.6,Bearish,0,5,8,15,25,3,3,"Oversold RSI, Within 30% of 52W low, Strong volume expansion, Below 200 DMA risk, Extreme RSI weakness"
28.08.2026 at 01:52 AM IST,TARAPUR,Unknown,Unknown,14.65,-3.81,12.21,39.99,19.98,63.37,41.14,16.87,24.37,66268.85,27626.0,0.42,Bearish,0,8,15,0,20,3,3,"Weak but watchable RSI, Close to 52W low with recovery potential, Below 200 DMA risk, Very far from 52W high"
28.08.2026 at 01:52 AM IST,SWSOLAR,Unknown,Unknown,200.12,1.53,148.0,281.7,35.22,28.96,43.73,219.36,205.62,697140.6,948833.0,1.36,Bearish,0,8,0,10,15,3,3,"Weak but watchable RSI, Volume expansion, Below 200 DMA risk"
28.08.2026 at 01:52 AM IST,DELTAMAGNT,Unknown,Unknown,57.83,2.12,45.51,93.45,27.07,38.12,48.14,59.05,62.25,4411.75,399.0,0.09,Bearish,0,10,8,0,15,3,3,"RSI recovering zone, Within 30% of 52W low, Below 200 DMA risk"
28.08.2026 at 01:52 AM IST,DELTACORP,Unknown,Unknown,60.72,-1.3,47.9,96.38,26.76,37.0,46.04,62.88,65.18,1005258.05,691986.0,0.69,Bearish,0,10,8,0,15,3,3,"RSI recovering zone, Within 30% of 52W low, Below 200 DMA risk"
28.08.2026 at 01:52 AM IST,JKTYRE,Automobile and Auto Components,Unknown,383.55,0.76,314.88,605.8,21.81,36.69,45.94,395.22,434.94,855909.8,376267.0,0.44,Bearish,0,10,8,0,15,3,3,"RSI recovering zone, Within 30% of 52W low, Below 200 DMA risk"
28.08.2026 at 01:52 AM IST,KANSAINER,Unknown,Unknown,201.33,0.45,156.05,260.89,29.02,22.83,46.15,204.83,209.45,357198.85,107286.0,0.3,Bearish,0,10,8,0,15,3,3,"RSI recovering zone, Within 30% of 52W low, Below 200 DMA risk"
28.08.2026 at 01:52 AM IST,DEN,Unknown,Unknown,27.68,-1.56,22.52,37.35,22.91,25.89,48.61,28.58,28.73,301566.4,270369.0,0.9,Bearish,0,10,8,0,15,3,3,"RSI recovering zone, Within 30% of 52W low, Below 200 DMA risk"
28.08.2026 at 01:52 AM IST,TRIVENI,Unknown,Unknown,285.76,-2.43,220.05,490.1,29.86,41.69,47.12,347.06,367.87,1428355.6,954261.0,0.67,Bearish,0,10,8,0,15,3,3,"RSI recovering zone, Within 30% of 52W low, Below 200 DMA risk"
28.08.2026 at 01:52 AM IST,MURUDCERA,Unknown,Unknown,30.62,-0.1,25.16,47.5,21.7,35.54,45.63,31.22,32.78,18667.65,16113.0,0.86,Bearish,0,10,8,0,15,3,3,"RSI recovering zone, Within 30% of 52W low, Below 200 DMA risk"
28.08.2026 at 01:52 AM IST,TVTODAY,Unknown,Unknown,115.16,2.54,93.5,154.29,23.17,25.36,49.35,118.11,121.19,37502.9,21593.0,0.58,Bearish,0,10,8,0,15,3,3,"RSI recovering zone, Within 30% of 52W low, Below 200 DMA risk"
28.08.2026 at 01:52 AM IST,UFO,Unknown,Unknown,66.51,1.56,53.75,92.97,23.74,28.46,46.95,68.9,73.21,39076.05,19318.0,0.49,Bearish,0,10,8,0,15,3,3,"RSI recovering zone, Within 30% of 52W low, Below 200 DMA risk"
28.08.2026 at 01:52 AM IST,LUPIN,Healthcare,Unknown,2185.0,0.44,1861.5,2523.7,17.38,13.42,29.38,2364.27,2241.18,1127523.55,1230081.0,1.09,Bearish,0,5,8,5,15,3,3,"Oversold RSI, Within 30% of 52W low, Normal volume support, Below 200 DMA risk"
28.08.2026 at 01:52 AM IST,NIPPOBATRY,Unknown,Unknown,325.45,0.26,257.0,500.63,26.63,34.99,45.04,335.47,358.7,2272.15,532.0,0.23,Bearish,0,10,8,0,15,3,3,"RSI recovering zone, Within 30% of 52W low, Below 200 DMA risk"
28.08.2026 at 01:52 AM IST,NAHARPOLY,Unknown,Unknown,245.5,0.33,200.0,338.8,22.75,27.54,46.4,254.38,249.07,28598.3,6543.0,0.23,Bearish,0,10,8,0,15,3,3,"RSI recovering zone, Within 30% of 52W low, Below 200 DMA risk"
28.08.2026 at 01:52 AM IST,BURNPUR,Unknown,Unknown,13.36,9.96,11.13,33.0,20.04,59.52,9.59,29.02,32.01,50727.1,301209.0,5.94,Bearish,0,5,8,15,25,3,3,"Oversold RSI, Within 30% of 52W low, Strong volume expansion, Below 200 DMA risk, Extreme RSI weakness"
28.08.2026 at 01:52 AM IST,RVHL,Unknown,Unknown,40.96,2.3,28.5,71.36,43.72,42.6,39.63,44.49,45.13,10633.15,14619.0,1.37,Bearish,0,8,0,10,15,3,3,"Weak but watchable RSI, Volume expansion, Below 200 DMA risk"
28.08.2026 at 01:52 AM IST,MVGJL,Unknown,Unknown,155.19,2.64,129.1,214.79,20.21,27.75,47.79,156.36,166.67,65233.75,63530.0,0.97,Bearish,0,10,8,0,15,3,3,"RSI recovering zone, Within 30% of 52W low, Below 200 DMA risk"
28.08.2026 at 01:52 AM IST,MOHITIND,Unknown,Unknown,23.48,-2.41,18.6,39.89,26.24,41.14,47.12,23.82,24.99,82549.95,15074.0,0.18,Bearish,0,10,8,0,15,3,3,"RSI recovering zone, Within 30% of 52W low, Below 200 DMA risk"
28.08.2026 at 01:52 AM IST,PODDARMENT,Unknown,Unknown,248.3,-0.5,201.1,295.8,23.47,16.06,45.09,251.17,249.59,4286.6,978.0,0.23,Bearish,0,10,8,0,15,3,3,"RSI recovering zone, Within 30% of 52W low, Below 200 DMA risk"
28.08.2026 at 01:52 AM IST,PROTEAN,Unknown,Unknown,565.7,-0.47,444.0,945.5,27.41,40.17,46.95,586.61,627.74,244840.75,155201.0,0.63,Bearish,0,10,8,0,15,3,3,"RSI recovering zone, Within 30% of 52W low, Below 200 DMA risk"
28.08.2026 at 01:52 AM IST,BAGFILMS,Unknown,Unknown,4.45,1.6,3.61,8.0,23.27,44.38,49.47,4.52,5.27,99715.05,57544.0,0.58,Bearish,0,10,8,0,15,3,3,"RSI recovering zone, Within 30% of 52W low, Below 200 DMA risk"
28.08.2026 at 01:52 AM IST,RKEC,Unknown,Unknown,23.24,4.45,21.12,81.5,10.04,71.48,40.23,26.31,39.12,40651.15,20325.0,0.5,Bearish,0,8,15,0,20,3,3,"Weak but watchable RSI, Close to 52W low with recovery potential, Below 200 DMA risk, Very far from 52W high"
28.08.2026 at 01:52 AM IST,BANCOINDIA,Unknown,Unknown,627.85,1.8,502.0,859.79,25.07,26.98,46.57,650.2,639.65,156526.9,63504.0,0.41,Bearish,0,10,8,0,15,3,3,"RSI recovering zone, Within 30% of 52W low, Below 200 DMA risk"
28.08.2026 at 01:52 AM IST,RACE,Unknown,Unknown,100.77,0.5,84.11,252.0,19.81,60.01,40.5,108.37,122.51,11121.05,3170.0,0.29,Bearish,0,8,15,0,20,3,3,"Weak but watchable RSI, Close to 52W low with recovery potential, Below 200 DMA risk, Very far from 52W high"
28.08.2026 at 01:52 AM IST,FISCHER,Unknown,Unknown,36.05,-2.38,31.05,124.7,16.1,71.09,41.1,38.02,39.64,1656635.45,449440.0,0.27,Bearish,0,8,15,0,20,3,3,"Weak but watchable RSI, Close to 52W low with recovery potential, Below 200 DMA risk, Very far from 52W high"
28.08.2026 at 01:52 AM IST,SPANDANA,Unknown,Unknown,247.1,1.98,181.1,319.4,36.44,22.64,43.26,269.35,252.27,188629.1,302710.0,1.6,Bearish,0,8,0,10,15,3,3,"Weak but watchable RSI, Volume expansion, Below 200 DMA risk"
28.08.2026 at 01:52 AM IST,AQYLON,Unknown,Unknown,23.95,-4.96,20.87,1714.9,14.76,98.6,37.95,32.48,320.66,4675404.2,1652410.0,0.35,Bearish,0,8,15,0,20,3,3,"Weak but watchable RSI, Close to 52W low with recovery potential, Below 200 DMA risk, Very far from 52W high"
28.08.2026 at 01:52 AM IST,STARCEMENT,Unknown,Unknown,191.16,-1.89,190.8,307.54,0.19,37.84,26.35,204.09,214.67,213411.25,231489.0,1.08,Bearish,0,5,8,5,15,3,3,"Oversold RSI, Within 30% of 52W low, Normal volume support, Below 200 DMA risk"
28.08.2026 at 01:52 AM IST,ACEINTEG,Unknown,Unknown,17.72,2.96,14.2,29.94,24.79,40.81,39.97,19.78,19.97,4425.05,3071.0,0.69,Bearish,0,8,8,0,15,1,1,"Weak but watchable RSI, Within 30% of 52W low, Below 200 DMA risk"
28.08.2026 at 01:52 AM IST,ARCHIES,Unknown,Unknown,13.51,0.82,10.86,24.38,24.4,44.59,42.96,14.0,15.58,11794.25,2427.0,0.21,Bearish,0,8,8,0,15,1,1,"Weak but watchable RSI, Within 30% of 52W low, Below 200 DMA risk"
28.08.2026 at 01:52 AM IST,SUBROS,Unknown,Unknown,730.3,0.11,622.1,1213.7,17.39,39.83,31.01,796.36,789.14,63508.85,39685.0,0.62,Bearish,0,8,8,0,15,1,1,"Weak but watchable RSI, Within 30% of 52W low, Below 200 DMA risk"
28.08.2026 at 01:52 AM IST,GLOSTERLTD,Unknown,Unknown,595.35,0.05,481.79,736.26,23.57,19.14,33.23,664.05,613.34,2350.75,482.0,0.21,Bearish,0,8,8,0,15,1,1,"Weak but watchable RSI, Within 30% of 52W low, Below 200 DMA risk"
28.08.2026 at 01:52 AM IST,GTLINFRA,Unknown,Unknown,1.21,0.0,0.96,1.67,26.04,27.54,40.42,1.29,1.24,34864306.8,16762075.0,0.48,Bearish,0,8,8,0,15,1,1,"Weak but watchable RSI, Within 30% of 52W low, Below 200 DMA risk"
28.08.2026 at 01:52 AM IST,SUZLON,Capital Goods,Unknown,46.94,0.41,38.19,61.5,22.91,23.67,37.69,51.85,50.61,47883153.9,28238916.0,0.59,Bearish,0,8,8,0,15,1,1,"Weak but watchable RSI, Within 30% of 52W low, Below 200 DMA risk"
28.08.2026 at 01:52 AM IST,SUVIDHAA,Unknown,Unknown,2.3,-0.43,1.91,4.25,20.42,45.88,31.48,2.56,3.0,117712.95,94358.0,0.8,Bearish,0,8,8,0,15,1,1,"Weak but watchable RSI, Within 30% of 52W low, Below 200 DMA risk"
28.08.2026 at 01:52 AM IST,ARENTERP,Unknown,Unknown,36.49,0.03,30.01,60.79,21.59,39.97,44.1,37.8,41.28,3482.25,2185.0,0.63,Bearish,0,8,8,0,15,1,1,"Weak but watchable RSI, Within 30% of 52W low, Below 200 DMA risk"
28.08.2026 at 01:52 AM IST,NLCINDIA,Power,Unknown,271.4,0.04,217.6,387.8,24.72,30.02,35.13,298.51,281.55,1952795.55,644448.0,0.33,Bearish,0,8,8,0,15,1,1,"Weak but watchable RSI, Within 30% of 52W low, Below 200 DMA risk"
28.08.2026 at 01:52 AM IST,TATAINVEST,Financial Services,Unknown,644.45,0.02,536.09,1178.62,20.21,45.32,38.79,667.56,671.71,382522.1,171203.0,0.45,Bearish,0,8,8,0,15,1,1,"Weak but watchable RSI, Within 30% of 52W low, Below 200 DMA risk"
28.08.2026 at 01:52 AM IST,BALAJEE,Unknown,Unknown,26.21,-0.72,21.1,59.9,24.22,56.24,35.57,28.0,32.23,29234.35,19686.0,0.67,Bearish,0,8,8,0,15,1,1,"Weak but watchable RSI, Within 30% of 52W low, Below 200 DMA risk"
28.08.2026 at 01:52 AM IST,RTNINDIA,Unknown,Unknown,30.22,0.7,24.4,64.0,23.85,52.78,41.25,32.18,35.08,1387343.7,532554.0,0.38,Bearish,0,8,8,0,15,1,1,"Weak but watchable RSI, Within 30% of 52W low, Below 200 DMA risk"
28.08.2026 at 01:52 AM IST,SAMMAANCAP,Financial Services,Unknown,149.45,-0.35,116.7,192.95,28.06,22.54,36.39,163.47,154.39,8325879.5,3824669.0,0.46,Bearish,0,8,8,0,15,1,1,"Weak but watchable RSI, Within 30% of 52W low, Below 200 DMA risk"
28.08.2026 at 01:52 AM IST,FIEMIND,Unknown,Unknown,2110.0,-2.57,1836.75,2674.8,14.88,21.12,34.69,2285.08,2210.4,146168.2,106791.0,0.73,Bearish,0,8,8,0,15,1,1,"Weak but watchable RSI, Within 30% of 52W low, Below 200 DMA risk"
28.08.2026 at 01:52 AM IST,POKARNA,Unknown,Unknown,869.6,-1.01,692.17,1145.49,25.63,24.08,33.38,974.87,897.63,108988.5,29241.0,0.27,Bearish,0,8,8,0,15,1,1,"Weak but watchable RSI, Within 30% of 52W low, Below 200 DMA risk"
28.08.2026 at 01:52 AM IST,PNCINFRA,Unknown,Unknown,201.32,-0.9,158.17,324.36,27.28,37.93,30.22,231.53,224.19,772209.8,418165.0,0.54,Bearish,0,8,8,0,15,1,1,"Weak but watchable RSI, Within 30% of 52W low, Below 200 DMA risk"
28.08.2026 at 01:52 AM IST,BOMDYEING,Unknown,Unknown,111.22,0.87,91.69,194.8,21.3,42.9,31.6,122.79,122.32,459101.9,177963.0,0.39,Bearish,0,8,8,0,15,1,1,"Weak but watchable RSI, Within 30% of 52W low, Below 200 DMA risk"
28.08.2026 at 01:52 AM IST,PASHUPATI,Unknown,Unknown,84.09,-2.61,66.35,118.35,26.73,28.95,38.92,86.43,87.93,109248.45,50367.0,0.46,Bearish,0,8,8,0,15,1,1,"Weak but watchable RSI, Within 30% of 52W low, Below 200 DMA risk"
28.08.2026 at 01:52 AM IST,PENIND,Unknown,Unknown,156.5,-0.53,129.1,279.9,21.22,44.09,43.7,164.25,171.81,414097.5,365870.0,0.88,Bearish,0,8,8,0,15,1,1,"Weak but watchable RSI, Within 30% of 52W low, Below 200 DMA risk"
28.08.2026 at 01:52 AM IST,PACEDIGITK,Unknown,Unknown,181.47,-0.43,139.81,231.95,29.8,21.76,42.38,196.01,186.37,1074175.65,300666.0,0.28,Bearish,0,8,8,0,15,1,1,"Weak but watchable RSI, Within 30% of 52W low, Below 200 DMA risk"
28.08.2026 at 01:52 AM IST,TIPSFILMS,Unknown,Unknown,342.1,-0.98,276.75,522.0,23.61,34.46,43.87,349.69,370.3,12163.5,7710.0,0.63,Bearish,0,8,8,0,15,1,1,"Weak but watchable RSI, Within 30% of 52W low, Below 200 DMA risk"
28.08.2026 at 01:52 AM IST,THOMASCOTT,Unknown,Unknown,281.1,0.72,230.0,459.8,22.22,38.86,41.18,312.22,306.77,139863.4,16144.0,0.12,Bearish,0,8,8,0,15,1,1,"Weak but watchable RSI, Within 30% of 52W low, Below 200 DMA risk"
28.08.2026 at 01:52 AM IST,PFS,Unknown,Unknown,27.66,-1.14,23.85,40.5,15.97,31.7,34.2,29.52,31.03,504033.55,462549.0,0.92,Bearish,0,8,8,0,15,1,1,"Weak but watchable RSI, Within 30% of 52W low, Below 200 DMA risk"
28.08.2026 at 01:52 AM IST,SALZERELEC,Unknown,Unknown,556.5,-1.41,488.8,952.5,13.85,41.57,34.98,599.88,633.59,64924.6,32230.0,0.5,Bearish,0,8,8,0,15,1,1,"Weak but watchable RSI, Within 30% of 52W low, Below 200 DMA risk"
28.08.2026 at 01:52 AM IST,BHARATWIRE,Unknown,Unknown,186.06,-1.69,148.01,262.0,25.71,28.98,40.18,201.27,191.79,133309.3,122139.0,0.92,Bearish,0,8,8,0,15,1,1,"Weak but watchable RSI, Within 30% of 52W low, Below 200 DMA risk"
28.08.2026 at 01:52 AM IST,SAMHI,Unknown,Unknown,159.1,0.23,127.0,222.0,25.28,28.33,37.24,171.53,168.25,926633.4,409539.0,0.44,Bearish,0,8,8,0,15,1,1,"Weak but watchable RSI, Within 30% of 52W low, Below 200 DMA risk"
28.08.2026 at 01:52 AM IST,SAMBHAAV,Unknown,Unknown,6.24,-1.58,5.07,11.53,23.08,45.88,44.8,6.37,7.41,36986.65,31939.0,0.86,Bearish,0,8,8,0,15,1,1,"Weak but watchable RSI, Within 30% of 52W low, Below 200 DMA risk"
28.08.2026 at 01:52 AM IST,ORIENTPPR,Unknown,Unknown,17.03,0.77,13.25,29.0,28.53,41.28,44.85,17.34,19.22,281667.0,111624.0,0.4,Bearish,0,8,8,0,15,1,1,"Weak but watchable RSI, Within 30% of 52W low, Below 200 DMA risk"
28.08.2026 at 01:52 AM IST,EUROBOND,Unknown,Unknown,155.54,1.29,126.3,253.9,23.15,38.74,41.68,164.24,172.64,8562.4,4469.0,0.52,Bearish,0,8,8,0,15,1,1,"Weak but watchable RSI, Within 30% of 52W low, Below 200 DMA risk"
28.08.2026 at 01:52 AM IST,EUROPRATIK,Unknown,Unknown,259.95,-0.5,204.92,389.66,26.85,33.29,32.97,295.18,277.52,197263.5,193012.0,0.98,Bearish,0,8,8,0,15,1,1,"Weak but watchable RSI, Within 30% of 52W low, Below 200 DMA risk"
28.08.2026 at 01:52 AM IST,ZENITHSTL,Unknown,Unknown,5.38,-0.19,4.41,10.33,22.0,47.92,43.61,5.58,6.09,72601.8,19250.0,0.27,Bearish,0,8,8,0,15,1,1,"Weak but watchable RSI, Within 30% of 52W low, Below 200 DMA risk"
28.08.2026 at 01:52 AM IST,FDC,Unknown,Unknown,347.25,1.05,312.95,521.15,10.96,33.37,30.51,396.77,384.6,304941.0,134656.0,0.44,Bearish,0,8,8,0,15,1,1,"Weak but watchable RSI, Within 30% of 52W low, Below 200 DMA risk"
28.08.2026 at 01:52 AM IST,ZODIACLOTH,Unknown,Unknown,73.56,1.31,58.5,119.45,25.74,38.42,40.42,77.78,79.73,3767.45,894.0,0.24,Bearish,0,8,8,0,15,1,1,"Weak but watchable RSI, Within 30% of 52W low, Below 200 DMA risk"
28.08.2026 at 01:52 AM IST,SWELECTES,Unknown,Unknown,605.55,0.6,480.3,971.34,26.08,37.66,43.2,626.52,612.69,32362.55,8268.0,0.26,Bearish,0,8,8,0,15,1,1,"Weak but watchable RSI, Within 30% of 52W low, Below 200 DMA risk"
28.08.2026 at 01:52 AM IST,SNOWMAN,Unknown,Unknown,37.13,-0.64,30.5,59.13,21.74,37.21,43.6,37.73,38.98,329850.85,157668.0,0.48,Bearish,0,8,8,0,15,1,1,"Weak but watchable RSI, Within 30% of 52W low, Below 200 DMA risk"
28.08.2026 at 01:52 AM IST,SRM,Unknown,Unknown,462.5,0.12,361.35,649.95,27.99,28.84,36.23,499.04,490.83,93076.75,78790.0,0.85,Bearish,0,8,8,0,15,1,1,"Weak but watchable RSI, Within 30% of 52W low, Below 200 DMA risk"
28.08.2026 at 01:52 AM IST,SPMLINFRA,Unknown,Unknown,186.71,-0.75,151.01,302.0,23.64,38.18,42.56,195.63,189.95,181446.65,112838.0,0.62,Bearish,0,8,8,0,15,1,1,"Weak but watchable RSI, Within 30% of 52W low, Below 200 DMA risk"
28.08.2026 at 01:52 AM IST,SRGHFL,Unknown,Unknown,260.0,1.33,224.4,335.0,15.86,22.39,33.36,291.41,278.19,4793.85,460.0,0.1,Bearish,0,8,8,0,15,1,1,"Weak but watchable RSI, Within 30% of 52W low, Below 200 DMA risk"
28.08.2026 at 01:52 AM IST,VLSFINANCE,Unknown,Unknown,245.35,0.16,198.81,339.0,23.41,27.63,37.47,254.68,255.73,16779.45,11104.0,0.66,Bearish,0,8,8,0,15,1,1,"Weak but watchable RSI, Within 30% of 52W low, Below 200 DMA risk"
28.08.2026 at 01:52 AM IST,SPENCERS,Unknown,Unknown,30.1,0.1,24.38,64.0,23.46,52.97,31.82,33.88,36.1,52209.5,33619.0,0.64,Bearish,0,8,8,0,15,1,1,"Weak but watchable RSI, Within 30% of 52W low, Below 200 DMA risk"
28.08.2026 at 01:52 AM IST,AJMERA,Unknown,Unknown,117.86,0.36,98.03,221.4,20.23,46.77,41.49,126.95,143.37,328660.65,125018.0,0.38,Bearish,0,8,8,0,15,1,1,"Weak but watchable RSI, Within 30% of 52W low, Below 200 DMA risk"
28.08.2026 at 01:52 AM IST,ASTEC,Unknown,Unknown,593.5,-0.63,513.4,941.75,15.6,36.98,34.89,665.82,677.69,40888.65,17920.0,0.44,Bearish,0,8,8,0,15,1,1,"Weak but watchable RSI, Within 30% of 52W low, Below 200 DMA risk"
28.08.2026 at 01:52 AM IST,SHRIRAMPPS,Unknown,Unknown,77.54,-0.54,60.57,99.44,28.02,22.02,36.69,85.44,82.8,465181.25,301511.0,0.65,Bearish,0,8,8,0,15,1,1,"Weak but watchable RSI, Within 30% of 52W low, Below 200 DMA risk"
28.08.2026 at 01:52 AM IST,SHRADHA,Unknown,Unknown,32.44,0.4,25.87,63.24,25.41,48.71,43.21,33.59,36.25,22959.05,15297.0,0.67,Bearish,0,8,8,0,15,1,1,"Weak but watchable RSI, Within 30% of 52W low, Below 200 DMA risk"
28.08.2026 at 01:52 AM IST,ATLANTAA,Unknown,Unknown,37.41,-1.01,29.41,73.39,27.2,49.03,43.18,38.8,41.13,135177.5,39948.0,0.3,Bearish,0,8,8,0,15,1,1,"Weak but watchable RSI, Within 30% of 52W low, Below 200 DMA risk"
28.08.2026 at 01:52 AM IST,TAJGVK,Unknown,Unknown,339.4,-2.81,281.35,512.65,20.63,33.79,39.98,352.01,354.68,111965.05,77523.0,0.69,Bearish,0,8,8,0,15,1,1,"Weak but watchable RSI, Within 30% of 52W low, Below 200 DMA risk"
28.08.2026 at 01:52 AM IST,LASA,Unknown,Unknown,6.94,-1.84,5.67,14.08,22.4,50.71,40.93,7.32,8.29,40575.85,20756.0,0.51,Bearish,0,8,8,0,15,1,1,"Weak but watchable RSI, Within 30% of 52W low, Below 200 DMA risk"
28.08.2026 at 01:52 AM IST,JYOTISTRUC,Unknown,Unknown,10.32,-1.71,7.94,17.42,29.97,40.76,35.25,11.3,11.28,5123131.65,4089539.0,0.8,Bearish,0,8,8,0,15,1,1,"Weak but watchable RSI, Within 30% of 52W low, Below 200 DMA risk"
28.08.2026 at 01:52 AM IST,KRITIKA,Unknown,Unknown,5.5,0.18,4.5,11.1,22.22,50.45,43.59,5.69,6.35,196416.6,132248.0,0.67,Bearish,0,8,8,0,15,1,1,"Weak but watchable RSI, Within 30% of 52W low, Below 200 DMA risk"
28.08.2026 at 01:52 AM IST,KSB,Unknown,Unknown,796.45,-0.8,663.37,1023.25,20.06,22.16,38.82,873.78,808.15,193932.4,133590.0,0.69,Bearish,0,8,8,0,15,1,1,"Weak but watchable RSI, Within 30% of 52W low, Below 200 DMA risk"
28.08.2026 at 01:52 AM IST,DENTA,Unknown,Unknown,285.6,0.3,222.0,479.6,28.65,40.45,33.17,325.74,298.99,294574.0,69345.0,0.24,Bearish,0,8,8,0,15,1,1,"Weak but watchable RSI, Within 30% of 52W low, Below 200 DMA risk"
28.08.2026 at 01:52 AM IST,KRITI,Unknown,Unknown,64.14,-0.33,53.0,155.9,21.02,58.86,37.6,68.52,78.13,28646.9,11985.0,0.42,Bearish,0,8,8,0,15,1,1,"Weak but watchable RSI, Within 30% of 52W low, Below 200 DMA risk"
28.08.2026 at 01:52 AM IST,LAXMIDENTL,Unknown,Unknown,196.21,1.61,155.88,377.05,25.87,47.96,35.61,215.62,221.86,142086.45,74193.0,0.52,Bearish,0,8,8,0,15,1,1,"Weak but watchable RSI, Within 30% of 52W low, Below 200 DMA risk"
28.08.2026 at 01:52 AM IST,LATENTVIEW,Information Technology,Unknown,273.7,-2.02,248.0,517.5,10.36,47.11,34.76,294.33,353.37,604942.9,390347.0,0.65,Bearish,0,8,8,0,15,1,1,"Weak but watchable RSI, Within 30% of 52W low, Below 200 DMA risk"
28.08.2026 at 01:52 AM IST,TATACHEM,Chemicals,Unknown,637.65,1.8,571.51,1011.1,11.57,36.94,34.51,687.39,715.68,641598.0,416347.0,0.65,Bearish,0,8,8,0,15,1,1,"Weak but watchable RSI, Within 30% of 52W low, Below 200 DMA risk"
28.08.2026 at 01:52 AM IST,LFIC,Unknown,Unknown,136.65,-1.01,111.0,237.56,23.11,42.48,40.89,142.65,149.06,2599.85,950.0,0.37,Bearish,0,8,8,0,15,1,1,"Weak but watchable RSI, Within 30% of 52W low, Below 200 DMA risk"
28.08.2026 at 01:52 AM IST,CENTURYPLY,Unknown,Unknown,743.05,-1.91,618.5,859.0,20.14,13.5,40.57,770.54,767.28,109132.5,69889.0,0.64,Bearish,0,8,8,0,15,1,1,"Weak but watchable RSI, Within 30% of 52W low, Below 200 DMA risk"
28.08.2026 at 01:52 AM IST,MAXIND,Unknown,Unknown,150.98,0.21,120.0,241.57,25.82,37.5,39.41,163.24,166.62,103469.1,39393.0,0.38,Bearish,0,8,8,0,15,1,1,"Weak but watchable RSI, Within 30% of 52W low, Below 200 DMA risk"
28.08.2026 at 01:52 AM IST,MBEL,Unknown,Unknown,273.2,0.42,223.05,535.9,22.48,49.02,39.45,300.2,323.69,292446.75,74640.0,0.26,Bearish,0,8,8,0,15,1,1,"Weak but watchable RSI, Within 30% of 52W low, Below 200 DMA risk"
28.08.2026 at 01:52 AM IST,MBLINFRA,Unknown,Unknown,23.68,0.0,18.37,52.48,28.91,54.88,38.08,25.28,27.66,19257.8,13977.0,0.73,Bearish,0,8,8,0,15,1,1,"Weak but watchable RSI, Within 30% of 52W low, Below 200 DMA risk"
28.08.2026 at 01:52 AM IST,TSFINV,Unknown,Unknown,410.65,-0.11,328.5,684.57,25.01,40.01,37.65,437.22,423.26,60327.7,29949.0,0.5,Bearish,0,8,8,0,15,1,1,"Weak but watchable RSI, Within 30% of 52W low, Below 200 DMA risk"
28.08.2026 at 01:52 AM IST,MASTEK,Unknown,Unknown,1644.5,-1.32,1334.2,2587.07,23.26,36.43,34.62,1716.39,1806.36,77576.35,62327.0,0.8,Bearish,0,8,8,0,15,1,1,"Weak but watchable RSI, Within 30% of 52W low, Below 200 DMA risk"
28.08.2026 at 01:52 AM IST,TVSHLTD,Unknown,Unknown,13542.0,-0.18,11579.53,16198.42,16.95,16.4,30.13,14144.0,14208.49,5264.1,2610.0,0.5,Bearish,0,8,8,0,15,1,1,"Weak but watchable RSI, Within 30% of 52W low, Below 200 DMA risk"
28.08.2026 at 01:52 AM IST,TTML,Telecommunication,Unknown,37.41,-0.37,31.22,60.62,19.83,38.29,32.69,40.4,43.58,1472133.7,1074088.0,0.73,Bearish,0,8,8,0,15,1,1,"Weak but watchable RSI, Within 30% of 52W low, Below 200 DMA risk"
28.08.2026 at 01:52 AM IST,NATHBIOGEN,Unknown,Unknown,152.81,-0.09,126.15,204.0,21.13,25.09,38.96,161.34,157.47,21164.7,12732.0,0.6,Bearish,0,8,8,0,15,1,1,"Weak but watchable RSI, Within 30% of 52W low, Below 200 DMA risk"
28.08.2026 at 01:52 AM IST,NBIFIN,Unknown,Unknown,1990.0,-0.03,1538.45,2989.94,29.35,33.44,39.47,2056.0,2043.02,390.85,101.0,0.26,Bearish,0,8,8,0,15,1,1,"Weak but watchable RSI, Within 30% of 52W low, Below 200 DMA risk"
28.08.2026 at 01:52 AM IST,MONEYBOXX,Unknown,Unknown,56.0,-0.69,44.02,91.5,27.21,38.8,38.93,61.05,65.12,16658.15,3615.0,0.22,Bearish,0,8,8,0,15,1,1,"Weak but watchable RSI, Within 30% of 52W low, Below 200 DMA risk"
28.08.2026 at 01:52 AM IST,MOBIKWIK,Unknown,Unknown,194.88,-1.1,151.46,334.0,28.67,41.65,41.52,204.56,209.23,1933680.35,461009.0,0.24,Bearish,0,8,8,0,15,1,1,"Weak but watchable RSI, Within 30% of 52W low, Below 200 DMA risk"
28.08.2026 at 01:52 AM IST,MIRZAINT,Unknown,Unknown,31.96,-1.05,24.95,44.0,28.1,27.36,41.41,34.48,34.4,181800.05,121132.0,0.67,Bearish,0,8,8,0,15,1,1,"Weak but watchable RSI, Within 30% of 52W low, Below 200 DMA risk"
28.08.2026 at 01:52 AM IST,NAGREEKEXP,Unknown,Unknown,22.06,-2.78,17.5,40.0,26.06,44.85,40.32,23.93,25.31,133718.55,9269.0,0.07,Bearish,0,8,8,0,15,1,1,"Weak but watchable RSI, Within 30% of 52W low, Below 200 DMA risk"
28.08.2026 at 01:52 AM IST,BUTTERFLY,Unknown,Unknown,639.25,1.04,565.8,823.85,12.98,22.41,34.27,697.07,655.52,26741.2,11737.0,0.44,Bearish,0,8,8,0,15,1,1,"Weak but watchable RSI, Within 30% of 52W low, Below 200 DMA risk"
28.08.2026 at 01:52 AM IST,NDRAUTO,Unknown,Unknown,744.3,2.2,602.13,1180.88,23.61,36.97,33.67,818.49,783.36,31139.05,26429.0,0.85,Bearish,0,8,8,0,15,1,1,"Weak but watchable RSI, Within 30% of 52W low, Below 200 DMA risk"
28.08.2026 at 01:52 AM IST,INDTERRAIN,Unknown,Unknown,30.15,0.27,24.56,42.62,22.76,29.26,44.82,31.22,32.65,70875.5,6501.0,0.09,Bearish,0,8,8,0,15,1,1,"Weak but watchable RSI, Within 30% of 52W low, Below 200 DMA risk"
28.08.2026 at 01:52 AM IST,ENERGYDEV,Unknown,Unknown,16.12,0.69,13.15,29.69,22.59,45.71,41.64,16.77,17.56,29274.5,13496.0,0.46,Bearish,0,8,8,0,15,1,1,"Weak but watchable RSI, Within 30% of 52W low, Below 200 DMA risk"
28.08.2026 at 01:52 AM IST,HLVLTD,Unknown,Unknown,6.62,2.32,5.6,12.6,18.21,47.46,33.9,7.29,8.23,213197.4,183160.0,0.86,Bearish,0,8,8,0,15,1,1,"Weak but watchable RSI, Within 30% of 52W low, Below 200 DMA risk"
28.08.2026 at 01:52 AM IST,DYNPRO,Unknown,Unknown,231.1,0.94,190.8,403.0,21.12,42.66,42.11,239.38,240.1,19687.8,2421.0,0.12,Bearish,0,8,8,0,15,1,1,"Weak but watchable RSI, Within 30% of 52W low, Below 200 DMA risk"
28.08.2026 at 01:52 AM IST,HINDWAREAP,Unknown,Unknown,196.29,1.16,170.5,392.7,15.13,50.02,32.17,226.72,240.0,201326.7,61381.0,0.3,Bearish,0,8,8,0,15,1,1,"Weak but watchable RSI, Within 30% of 52W low, Below 200 DMA risk"
28.08.2026 at 01:52 AM IST,HPL,Unknown,Unknown,313.5,1.05,255.55,506.85,22.68,38.15,37.73,342.8,355.15,97648.9,68838.0,0.7,Bearish,0,8,8,0,15,1,1,"Weak but watchable RSI, Within 30% of 52W low, Below 200 DMA risk"
28.08.2026 at 01:52 AM IST,HLEGLAS,Unknown,Unknown,313.45,-0.74,250.0,661.95,25.38,52.65,33.68,389.58,377.4,451860.6,71268.0,0.16,Bearish,0,8,8,0,15,1,1,"Weak but watchable RSI, Within 30% of 52W low, Below 200 DMA risk"
28.08.2026 at 01:52 AM IST,ADSL,Unknown,Unknown,109.48,0.89,86.27,209.53,26.9,47.75,37.71,117.89,126.86,94904.65,66238.0,0.7,Bearish,0,8,8,0,15,1,1,"Weak but watchable RSI, Within 30% of 52W low, Below 200 DMA risk"
28.08.2026 at 01:52 AM IST,ELECON,Capital Goods,Unknown,425.3,-0.22,351.0,632.51,21.17,32.76,40.27,470.52,464.09,409478.65,230208.0,0.56,Bearish,0,8,8,0,15,1,1,"Weak but watchable RSI, Within 30% of 52W low, Below 200 DMA risk"
28.08.2026 at 01:52 AM IST,INDOFARM,Unknown,Unknown,139.67,0.76,110.7,271.69,26.17,48.59,39.42,151.82,157.3,184758.4,47143.0,0.26,Bearish,0,8,8,0,15,1,1,"Weak but watchable RSI, Within 30% of 52W low, Below 200 DMA risk"
28.08.2026 at 01:52 AM IST,JPPOWER,Power,Unknown,16.98,0.06,13.15,24.5,29.13,30.69,39.01,17.51,17.32,58176419.3,23590325.0,0.41,Bearish,0,8,8,0,15,1,1,"Weak but watchable RSI, Within 30% of 52W low, Below 200 DMA risk"
28.08.2026 at 01:52 AM IST,JINDALPHOT,Unknown,Unknown,1042.6,-0.82,845.15,1616.6,23.36,35.51,42.55,1093.87,1224.35,2061.2,842.0,0.41,Bearish,0,8,8,0,15,1,1,"Weak but watchable RSI, Within 30% of 52W low, Below 200 DMA risk"
28.08.2026 at 01:52 AM IST,HARIOMPIPE,Unknown,Unknown,346.55,-0.69,268.05,571.56,29.29,39.37,31.36,388.13,367.07,125143.6,85670.0,0.68,Bearish,0,8,8,0,15,1,1,"Weak but watchable RSI, Within 30% of 52W low, Below 200 DMA risk"
28.08.2026 at 01:52 AM IST,HBSL,Unknown,Unknown,52.24,-0.06,42.63,108.8,22.54,51.99,43.17,52.33,60.85,5427.15,4908.0,0.9,Bearish,0,8,8,0,15,1,1,"Weak but watchable RSI, Within 30% of 52W low, Below 200 DMA risk"
28.08.2026 at 01:52 AM IST,HGINFRA,Unknown,Unknown,501.9,-0.19,427.93,1046.12,17.29,52.02,31.78,546.8,622.02,312927.15,64491.0,0.21,Bearish,0,8,8,0,15,1,1,"Weak but watchable RSI, Within 30% of 52W low, Below 200 DMA risk"
28.08.2026 at 01:52 AM IST,HECPROJECT,Unknown,Unknown,118.8,-1.99,92.1,160.5,28.99,25.98,41.11,129.95,124.07,18213.8,3783.0,0.21,Bearish,0,8,8,0,15,1,1,"Weak but watchable RSI, Within 30% of 52W low, Below 200 DMA risk"
28.08.2026 at 01:52 AM IST,RUPA,Unknown,Unknown,149.25,-0.89,109.21,212.84,36.66,29.88,35.71,162.7,154.51,108162.8,82948.0,0.77,Bearish,0,8,0,0,15,0,0,"Weak but watchable RSI, Below 200 DMA risk"
28.08.2026 at 01:52 AM IST,SAKSOFT,Unknown,Unknown,161.36,1.11,107.24,223.51,50.47,27.81,43.71,167.96,162.92,473303.8,138451.0,0.29,Bearish,0,8,0,0,15,0,0,"Weak but watchable RSI, Below 200 DMA risk"
28.08.2026 at 01:52 AM IST,BORORENEW,Unknown,Unknown,527.0,-0.39,374.4,721.0,40.76,26.91,32.32,586.24,530.04,416668.75,277503.0,0.67,Bearish,0,8,0,0,15,0,0,"Weak but watchable RSI, Below 200 DMA risk"
28.08.2026 at 01:52 AM IST,ONESOURCE,Healthcare,Unknown,1483.6,-2.14,1057.0,1925.0,40.36,22.93,33.7,1608.72,1592.97,175611.55,130037.0,0.74,Bearish,0,8,0,0,15,0,0,"Weak but watchable RSI, Below 200 DMA risk"
28.08.2026 at 01:52 AM IST,BOROSCI,Unknown,Unknown,127.07,1.28,96.64,180.8,31.49,29.72,28.68,150.53,127.58,103665.5,36646.0,0.35,Bearish,0,5,0,0,15,0,0,"Oversold RSI, Below 200 DMA risk"
28.08.2026 at 01:52 AM IST,NOIDATOLL,Unknown,Unknown,4.13,1.23,2.87,7.43,43.9,44.41,41.8,4.5,4.26,95525.55,64827.0,0.68,Bearish,0,8,0,0,15,0,0,"Weak but watchable RSI, Below 200 DMA risk"
28.08.2026 at 01:52 AM IST,TRENT,Consumer Services,Unknown,2908.2,-0.74,2180.44,5665.63,33.38,48.67,41.62,3028.43,3035.05,1026119.35,467317.0,0.46,Bearish,0,8,0,0,15,0,0,"Weak but watchable RSI, Below 200 DMA risk"
28.08.2026 at 01:52 AM IST,SANOFICONR,Unknown,Unknown,4158.5,-0.44,3914.76,5275.81,6.23,21.18,21.62,4543.54,4458.85,3462.3,2463.0,0.71,Bearish,0,5,8,0,25,0,0,"Oversold RSI, Within 30% of 52W low, Below 200 DMA risk, Extreme RSI weakness"
28.08.2026 at 01:52 AM IST,PGHH,Unknown,Unknown,8136.5,0.59,8066.0,14273.41,0.87,43.0,27.53,8716.99,10501.9,14540.55,11241.0,0.77,Bearish,0,5,8,0,15,0,0,"Oversold RSI, Within 30% of 52W low, Below 200 DMA risk"
28.08.2026 at 01:52 AM IST,PILITA,Unknown,Unknown,8.14,2.65,6.2,15.9,31.29,48.81,42.65,8.63,8.87,50872.05,59708.0,1.17,Bearish,0,8,0,5,15,0,0,"Weak but watchable RSI, Normal volume support, Below 200 DMA risk"
28.08.2026 at 01:52 AM IST,BIRLAMONEY,Unknown,Unknown,128.15,0.67,95.0,197.39,34.89,35.08,38.56,136.9,136.71,34100.85,40957.0,1.2,Bearish,0,8,0,5,15,0,0,"Weak but watchable RSI, Normal volume support, Below 200 DMA risk"
28.08.2026 at 01:52 AM IST,PFC,Financial Services,Unknown,360.2,-0.79,317.66,476.83,13.39,24.46,26.09,400.56,392.77,8731861.85,4908282.0,0.56,Bearish,0,5,8,0,15,0,0,"Oversold RSI, Within 30% of 52W low, Below 200 DMA risk"
28.08.2026 at 01:52 AM IST,PRECAM,Unknown,Unknown,129.27,-0.87,103.24,260.14,25.21,50.31,26.44,142.16,148.08,120248.2,88532.0,0.74,Bearish,0,5,8,0,15,0,0,"Oversold RSI, Within 30% of 52W low, Below 200 DMA risk"
28.08.2026 at 01:52 AM IST,PRAXIS,Unknown,Unknown,5.13,-2.29,5.05,14.44,1.58,64.47,27.52,7.11,7.85,206924.3,235360.0,1.14,Bearish,0,5,8,5,20,0,0,"Oversold RSI, Within 30% of 52W low, Normal volume support, Below 200 DMA risk, Very far from 52W high"
28.08.2026 at 01:52 AM IST,PRIMO,Unknown,Unknown,21.28,2.31,16.1,26.99,32.17,21.16,36.97,23.59,22.51,294071.8,76462.0,0.26,Bearish,0,8,0,0,15,0,0,"Weak but watchable RSI, Below 200 DMA risk"
28.08.2026 at 01:52 AM IST,PNBGILTS,Unknown,Unknown,79.4,-0.24,58.6,106.0,35.49,25.09,40.04,85.51,80.13,250713.1,206050.0,0.82,Bearish,0,8,0,0,15,0,0,"Weak but watchable RSI, Below 200 DMA risk"
28.08.2026 at 01:52 AM IST,GREENPANEL,Unknown,Unknown,157.98,1.05,155.01,332.93,1.92,52.55,26.13,186.76,208.54,296791.35,227873.0,0.77,Bearish,0,5,8,0,15,0,0,"Oversold RSI, Within 30% of 52W low, Below 200 DMA risk"
28.08.2026 at 01:52 AM IST,SURANASOL,Unknown,Unknown,25.77,-0.81,18.31,39.08,40.74,34.06,46.83,26.31,25.91,54897.75,41637.0,0.76,Bearish,0,10,0,0,15,0,0,"RSI recovering zone, Below 200 DMA risk"
28.08.2026 at 01:52 AM IST,FIRSTCRY,Consumer Services,Unknown,191.96,-0.04,191.13,438.7,0.43,56.24,25.39,212.15,245.06,922126.95,673891.0,0.73,Bearish,0,5,8,0,15,0,0,"Oversold RSI, Within 30% of 52W low, Below 200 DMA risk"
28.08.2026 at 01:52 AM IST,FINOPB,Unknown,Unknown,145.54,0.01,110.03,339.0,32.27,57.07,41.14,154.25,185.0,391347.25,94020.0,0.24,Bearish,0,8,0,0,15,0,0,"Weak but watchable RSI, Below 200 DMA risk"
28.08.2026 at 01:52 AM IST,GSS,Unknown,Unknown,12.55,0.64,8.68,33.97,44.59,63.06,44.96,12.86,14.54,47847.6,2802.0,0.06,Bearish,0,8,0,0,20,0,0,"Weak but watchable RSI, Below 200 DMA risk, Very far from 52W high"
28.08.2026 at 01:52 AM IST,FIBERWEB,Unknown,Unknown,26.0,-0.27,25.17,49.9,3.3,47.9,29.99,29.69,34.74,41138.0,17968.0,0.44,Bearish,0,5,8,0,15,0,0,"Oversold RSI, Within 30% of 52W low, Below 200 DMA risk"
28.08.2026 at 01:52 AM IST,GTL,Unknown,Unknown,7.34,-0.27,4.91,11.26,49.49,34.81,46.44,7.5,7.54,262674.35,203374.0,0.77,Bearish,0,10,0,0,15,0,0,"RSI recovering zone, Below 200 DMA risk"
28.08.2026 at 01:52 AM IST,SUMEETINDS,Unknown,Unknown,13.0,0.39,12.24,40.5,6.21,67.9,19.57,24.36,27.8,7462965.65,1666289.0,0.22,Bearish,0,5,8,0,30,0,0,"Oversold RSI, Within 30% of 52W low, Below 200 DMA risk, Extreme RSI weakness, Very far from 52W high"
28.08.2026 at 01:52 AM IST,XCHANGING,Unknown,Unknown,61.51,1.05,46.05,99.87,33.56,38.41,41.96,62.65,67.11,110696.8,38493.0,0.35,Bearish,0,8,0,0,15,0,0,"Weak but watchable RSI, Below 200 DMA risk"
28.08.2026 at 01:52 AM IST,ACL,Unknown,Unknown,44.38,0.18,40.5,109.99,9.58,59.65,23.92,48.85,57.37,13756.9,5556.0,0.4,Bearish,0,5,8,0,25,0,0,"Oversold RSI, Within 30% of 52W low, Below 200 DMA risk, Extreme RSI weakness"
28.08.2026 at 01:52 AM IST,STYRENIX,Unknown,Unknown,2064.4,-1.45,1761.86,2678.51,17.17,22.93,28.74,2280.23,2094.47,86496.65,35286.0,0.41,Bearish,0,5,8,0,15,0,0,"Oversold RSI, Within 30% of 52W low, Below 200 DMA risk"
28.08.2026 at 01:52 AM IST,ZOTA,Unknown,Unknown,1077.1,0.03,1026.2,1740.0,4.96,38.1,28.83,1291.38,1326.53,93140.85,41282.0,0.44,Bearish,0,5,8,0,15,0,0,"Oversold RSI, Within 30% of 52W low, Below 200 DMA risk"
28.08.2026 at 01:52 AM IST,PAGEIND,Textiles,Unknown,35155.0,-0.97,29525.28,45150.85,19.07,22.14,28.92,39371.29,36379.73,34144.25,22437.0,0.66,Bearish,0,5,8,0,15,0,0,"Oversold RSI, Within 30% of 52W low, Below 200 DMA risk"
28.08.2026 at 01:52 AM IST,PATELENG,Unknown,Unknown,28.64,1.06,22.0,42.77,30.18,33.04,48.56,30.25,28.92,3511676.7,3132291.0,0.89,Bearish,0,10,0,0,15,0,0,"RSI recovering zone, Below 200 DMA risk"
28.08.2026 at 01:52 AM IST,PANACEABIO,Unknown,Unknown,397.95,-1.96,292.4,647.0,36.1,38.49,35.97,477.6,401.53,155420.05,81923.0,0.53,Bearish,0,8,0,0,15,0,0,"Weak but watchable RSI, Below 200 DMA risk"
28.08.2026 at 01:52 AM IST,SOUTHWEST,Unknown,Unknown,211.66,3.51,121.0,275.0,74.93,23.03,40.54,227.71,215.25,283538.65,296876.0,1.05,Bearish,0,8,0,5,15,0,0,"Weak but watchable RSI, Normal volume support, Below 200 DMA risk"
28.08.2026 at 01:52 AM IST,GOACARBON,Unknown,Unknown,358.1,0.18,272.85,494.9,31.24,27.64,40.14,381.72,379.81,9493.95,4023.0,0.42,Bearish,0,8,0,0,15,0,0,"Weak but watchable RSI, Below 200 DMA risk"
28.08.2026 at 01:52 AM IST,GMBREW,Unknown,Unknown,893.3,0.65,659.56,1315.86,35.44,32.11,47.28,916.2,975.72,21894.9,22004.0,1.0,Bearish,0,10,0,5,15,0,0,"RSI recovering zone, Normal volume support, Below 200 DMA risk"
28.08.2026 at 01:52 AM IST,TERASOFT,Unknown,Unknown,306.3,1.59,285.0,598.0,7.47,48.78,28.12,385.74,396.35,32623.1,12863.0,0.39,Bearish,0,5,8,0,15,0,0,"Oversold RSI, Within 30% of 52W low, Below 200 DMA risk"
28.08.2026 at 01:52 AM IST,RKSWAMY,Unknown,Unknown,93.2,-1.47,65.86,160.75,41.5,42.02,37.61,99.65,100.37,55448.85,41329.0,0.75,Bearish,0,8,0,0,15,0,0,"Weak but watchable RSI, Below 200 DMA risk"
28.08.2026 at 01:52 AM IST,BALAXI,Unknown,Unknown,22.41,-1.84,15.2,47.87,47.43,53.19,34.93,23.76,25.49,36236.95,10631.0,0.29,Bearish,0,8,0,0,15,0,0,"Weak but watchable RSI, Below 200 DMA risk"
28.08.2026 at 01:52 AM IST,BALKRISHNA,Unknown,Unknown,17.18,-0.17,12.0,25.97,43.17,33.85,42.33,17.91,18.0,15765.25,3509.0,0.22,Bearish,0,8,0,0,15,0,0,"Weak but watchable RSI, Below 200 DMA risk"
28.08.2026 at 01:52 AM IST,ROSSARI,Unknown,Unknown,500.05,-0.66,374.64,689.63,33.48,27.49,45.71,516.45,522.23,82127.65,31324.0,0.38,Bearish,0,10,0,0,15,0,0,"RSI recovering zone, Below 200 DMA risk"
28.08.2026 at 01:52 AM IST,REPRO,Unknown,Unknown,307.65,-0.85,305.0,590.0,0.87,47.86,27.57,359.04,398.6,29115.35,24191.0,0.83,Bearish,0,5,8,0,15,0,0,"Oversold RSI, Within 30% of 52W low, Below 200 DMA risk"
28.08.2026 at 01:52 AM IST,RELIABLE,Unknown,Unknown,140.45,-0.92,104.74,175.0,34.09,19.74,46.75,144.87,141.75,60349.65,34780.0,0.58,Bearish,0,10,0,0,15,0,0,"RSI recovering zone, Below 200 DMA risk"
28.08.2026 at 01:52 AM IST,RECLTD,Financial Services,Unknown,322.2,-1.17,299.26,381.34,7.67,15.51,29.08,351.43,344.81,5821284.35,3061499.0,0.53,Bearish,0,5,8,0,15,0,0,"Oversold RSI, Within 30% of 52W low, Below 200 DMA risk"
28.08.2026 at 01:52 AM IST,BFUTILITIE,Unknown,Unknown,514.2,-1.1,368.7,898.7,39.46,42.78,31.44,581.06,565.92,63311.6,38089.0,0.6,Bearish,0,8,0,0,15,0,0,"Weak but watchable RSI, Below 200 DMA risk"
28.08.2026 at 01:52 AM IST,ALPA,Unknown,Unknown,61.45,-1.03,46.1,99.0,33.3,37.93,33.38,67.03,69.66,16404.25,10657.0,0.65,Bearish,0,8,0,0,15,0,0,"Weak but watchable RSI, Below 200 DMA risk"
28.08.2026 at 01:52 AM IST,CPEDU,Unknown,Unknown,185.09,3.96,141.0,335.81,31.27,44.88,37.22,201.14,212.83,13562.05,5806.0,0.43,Bearish,0,8,0,0,15,0,0,"Weak but watchable RSI, Below 200 DMA risk"
28.08.2026 at 01:52 AM IST,COLPAL,Fast Moving Consumer Goods,Unknown,1860.0,-0.9,1761.24,2448.35,5.61,24.03,28.56,2018.81,2060.73,342837.7,227479.0,0.66,Bearish,0,5,8,0,15,0,0,"Oversold RSI, Within 30% of 52W low, Below 200 DMA risk"
28.08.2026 at 01:52 AM IST,COASTCORP,Unknown,Unknown,40.69,0.59,29.64,66.26,37.29,38.59,30.31,47.7,47.98,238132.1,62545.0,0.26,Bearish,0,8,0,0,15,0,0,"Weak but watchable RSI, Below 200 DMA risk"
28.08.2026 at 01:52 AM IST,MANAKSIA,Unknown,Unknown,57.09,-1.06,42.1,73.4,35.61,22.22,43.71,57.72,59.66,21050.05,21308.0,1.01,Bearish,0,8,0,5,15,0,0,"Weak but watchable RSI, Normal volume support, Below 200 DMA risk"
28.08.2026 at 01:52 AM IST,DCAL,Unknown,Unknown,175.27,1.87,128.5,321.95,36.4,45.56,42.54,184.26,198.42,399853.15,419632.0,1.05,Bearish,0,8,0,5,15,0,0,"Weak but watchable RSI, Normal volume support, Below 200 DMA risk"
28.08.2026 at 01:52 AM IST,VAIBHAVGBL,Unknown,Unknown,223.6,1.04,171.95,286.08,30.04,21.84,37.83,242.51,228.55,437814.75,199928.0,0.46,Bearish,0,8,0,0,15,0,0,"Weak but watchable RSI, Below 200 DMA risk"
28.08.2026 at 01:52 AM IST,KITEX,Unknown,Unknown,126.8,0.19,123.15,232.7,2.96,45.51,29.91,147.02,168.55,551517.25,259764.0,0.47,Bearish,0,5,8,0,15,0,0,"Oversold RSI, Within 30% of 52W low, Below 200 DMA risk"
28.08.2026 at 01:52 AM IST,DAVANGERE,Unknown,Unknown,2.65,-7.99,2.56,5.5,3.52,51.82,23.36,3.32,3.81,11391357.5,24777676.0,2.18,Bearish,0,5,8,15,30,0,0,"Oversold RSI, Within 30% of 52W low, Strong volume expansion, Below 200 DMA risk, Extreme RSI weakness, Sharp daily fall"
28.08.2026 at 01:52 AM IST,KREBSBIO,Unknown,Unknown,53.0,-1.45,38.33,82.49,38.27,35.75,42.88,56.69,60.19,5837.4,6423.0,1.1,Bearish,0,8,0,5,15,0,0,"Weak but watchable RSI, Normal volume support, Below 200 DMA risk"
28.08.2026 at 01:52 AM IST,LANDSMILL,Unknown,Unknown,0.7,0.0,0.69,1.74,1.45,59.77,26.75,0.79,1.06,2144006.45,1812399.0,0.85,Bearish,0,5,8,0,15,0,0,"Oversold RSI, Within 30% of 52W low, Below 200 DMA risk"
28.08.2026 at 01:52 AM IST,KRISHNADEF,Unknown,Unknown,1025.9,-0.46,664.35,1398.64,54.42,26.65,33.29,1218.73,1029.39,118377.7,77370.0,0.65,Bearish,0,8,0,0,15,0,0,"Weak but watchable RSI, Below 200 DMA risk"
28.08.2026 at 01:52 AM IST,DABUR,Fast Moving Consumer Goods,Unknown,392.2,-0.72,392.15,566.62,0.01,30.78,28.36,420.02,459.61,2019962.0,1276848.0,0.63,Bearish,0,5,8,0,15,0,0,"Oversold RSI, Within 30% of 52W low, Below 200 DMA risk"
28.08.2026 at 01:52 AM IST,SHANTI,Unknown,Unknown,6.22,-1.43,4.7,12.26,32.34,49.27,40.11,6.66,7.33,43793.75,7487.0,0.17,Bearish,0,8,0,0,15,0,0,"Weak but watchable RSI, Below 200 DMA risk"
28.08.2026 at 01:52 AM IST,SHYAMTEL,Unknown,Unknown,13.15,-5.12,7.07,25.42,86.0,48.27,34.33,16.66,14.15,5126.95,7708.0,1.5,Bearish,0,8,0,10,20,0,0,"Weak but watchable RSI, Volume expansion, Below 200 DMA risk, Sharp daily fall"
28.08.2026 at 01:52 AM IST,ASTRAZEN,Unknown,Unknown,7153.0,0.1,7110.0,9805.7,0.6,27.05,22.91,8021.49,8453.73,20927.85,3427.0,0.16,Bearish,0,5,8,0,25,0,0,"Oversold RSI, Within 30% of 52W low, Below 200 DMA risk, Extreme RSI weakness"
28.08.2026 at 01:52 AM IST,SERVOTECH,Unknown,Unknown,81.44,-0.11,57.51,142.95,41.61,43.03,32.52,92.57,85.55,647418.5,199794.0,0.31,Bearish,0,8,0,0,15,0,0,"Weak but watchable RSI, Below 200 DMA risk"
28.08.2026 at 01:52 AM IST,SEMAC,Unknown,Unknown,285.15,-1.57,205.0,560.05,39.1,49.08,37.42,318.67,298.66,586.0,131.0,0.22,Bearish,0,8,0,0,15,0,0,"Weak but watchable RSI, Below 200 DMA risk"
28.08.2026 at 01:52 AM IST,SEJALLTD,Unknown,Unknown,666.95,-2.5,381.0,1036.7,75.05,35.67,37.06,728.8,727.32,8093.35,4145.0,0.51,Bearish,0,8,0,0,15,0,0,"Weak but watchable RSI, Below 200 DMA risk"
28.08.2026 at 01:52 AM IST,AVANTIFEED,Unknown,Unknown,839.6,-0.51,607.36,1575.93,38.24,46.72,33.84,921.73,1037.01,441503.75,234168.0,0.53,Bearish,0,8,0,0,15,0,0,"Weak but watchable RSI, Below 200 DMA risk"
28.08.2026 at 01:52 AM IST,TAKE,Unknown,Unknown,17.87,-5.0,9.9,50.14,80.51,64.36,21.61,23.11,33.81,1003624.5,82918.0,0.08,Bearish,0,5,0,0,30,0,0,"Oversold RSI, Below 200 DMA risk, Extreme RSI weakness, Very far from 52W high"
28.08.2026 at 01:52 AM IST,LAGNAM,Unknown,Unknown,75.55,-0.5,58.6,96.98,28.92,22.1,29.82,82.26,75.79,13126.7,4907.0,0.37,Bearish,0,5,8,0,15,0,0,"Oversold RSI, Within 30% of 52W low, Below 200 DMA risk"
28.08.2026 at 01:52 AM IST,MINDTECK,Unknown,Unknown,170.6,0.74,144.37,306.08,18.17,44.26,28.65,194.54,202.1,41766.9,17471.0,0.42,Bearish,0,5,8,0,15,0,0,"Oversold RSI, Within 30% of 52W low, Below 200 DMA risk"
28.08.2026 at 01:52 AM IST,NAVKARCORP,Unknown,Unknown,98.44,1.41,74.05,132.5,32.94,25.71,43.39,104.19,98.9,252301.35,205655.0,0.82,Bearish,0,8,0,0,15,0,0,"Weak but watchable RSI, Below 200 DMA risk"
28.08.2026 at 01:52 AM IST,RUSHIL,Unknown,Unknown,16.8,0.12,12.49,33.99,34.51,50.57,47.21,16.94,18.43,697080.0,765332.0,1.1,Bearish,0,10,0,5,15,0,0,"RSI recovering zone, Normal volume support, Below 200 DMA risk"
28.08.2026 at 01:52 AM IST,RSSOFTWARE,Unknown,Unknown,31.38,4.98,21.93,82.0,43.09,61.73,48.89,33.06,38.07,26196.25,31810.0,1.21,Bearish,0,10,0,5,20,0,0,"RSI recovering zone, Normal volume support, Below 200 DMA risk, Very far from 52W high"
28.08.2026 at 01:52 AM IST,SADBHAV,Unknown,Unknown,8.07,-0.12,6.05,15.48,33.39,47.87,42.06,8.56,9.15,228733.3,161742.0,0.71,Bearish,0,8,0,0,15,0,0,"Weak but watchable RSI, Below 200 DMA risk"
28.08.2026 at 01:52 AM IST,NELCAST,Unknown,Unknown,115.34,0.37,85.51,172.26,34.88,33.04,37.3,128.14,121.25,101408.4,54210.0,0.53,Bearish,0,8,0,0,15,0,0,"Weak but watchable RSI, Below 200 DMA risk"
28.08.2026 at 01:52 AM IST,NARMADA,Unknown,Unknown,13.97,-0.21,9.95,22.58,40.4,38.14,39.07,16.9,15.58,2238497.9,257633.0,0.12,Bearish,0,8,0,0,15,0,0,"Weak but watchable RSI, Below 200 DMA risk"
28.08.2026 at 01:52 AM IST,MSPL,Unknown,Unknown,34.64,3.53,26.25,46.12,31.96,24.89,45.54,37.72,35.71,940987.45,1143985.0,1.22,Bearish,0,10,0,5,15,0,0,"RSI recovering zone, Normal volume support, Below 200 DMA risk"
28.08.2026 at 01:52 AM IST,MEDICO,Unknown,Unknown,42.2,0.33,30.22,56.88,39.64,25.81,43.22,42.33,45.03,484532.0,63597.0,0.13,Bearish,0,8,0,0,15,0,0,"Weak but watchable RSI, Below 200 DMA risk"
28.08.2026 at 01:52 AM IST,MCLEODRUSS,Unknown,Unknown,49.55,-1.94,28.5,78.41,73.86,36.81,47.24,53.57,51.06,272701.15,171498.0,0.63,Bearish,0,10,0,0,15,0,0,"RSI recovering zone, Below 200 DMA risk"
28.08.2026 at 01:52 AM IST,TVSELECT,Unknown,Unknown,443.15,0.72,336.2,739.35,31.81,40.06,35.14,485.84,457.79,58117.7,14041.0,0.24,Bearish,0,8,0,0,15,0,0,"Weak but watchable RSI, Below 200 DMA risk"
28.08.2026 at 01:52 AM IST,DJML,Unknown,Unknown,75.16,2.59,51.94,124.65,44.72,39.7,26.65,109.45,90.08,549585.2,492250.0,0.9,Bearish,0,5,0,0,15,0,0,"Oversold RSI, Below 200 DMA risk"
28.08.2026 at 01:52 AM IST,JPOLYINVST,Unknown,Unknown,992.2,4.05,716.05,1487.7,38.57,33.31,43.93,1058.53,1068.04,24999.45,20528.0,0.82,Bearish,0,8,0,0,15,0,0,"Weak but watchable RSI, Below 200 DMA risk"
28.08.2026 at 01:52 AM IST,KAKATCEM,Unknown,Unknown,113.99,-1.41,82.92,161.49,37.48,29.41,48.62,115.84,118.03,3962.9,1450.0,0.37,Bearish,0,10,0,0,15,0,0,"RSI recovering zone, Below 200 DMA risk"
28.08.2026 at 01:52 AM IST,KANANIIND,Unknown,Unknown,1.49,2.76,1.02,2.27,46.08,34.36,48.56,1.51,1.58,108588.8,65612.0,0.6,Bearish,0,10,0,0,15,0,0,"RSI recovering zone, Below 200 DMA risk"
28.08.2026 at 01:52 AM IST,VINYLINDIA,Unknown,Unknown,234.53,-1.1,157.1,317.13,49.29,26.05,39.9,247.72,235.34,11764.35,5233.0,0.44,Bearish,0,8,0,0,15,0,0,"Weak but watchable RSI, Below 200 DMA risk"
28.08.2026 at 01:52 AM IST,EPACK,Unknown,Unknown,199.16,-0.38,196.15,409.5,1.53,51.37,25.93,228.68,246.41,414298.9,363387.0,0.88,Bearish,0,5,8,0,15,0,0,"Oversold RSI, Within 30% of 52W low, Below 200 DMA risk"
28.08.2026 at 01:52 AM IST,HPAL,Unknown,Unknown,34.72,-1.11,26.52,53.0,30.92,34.49,48.99,34.87,37.8,142212.2,50504.0,0.36,Bearish,0,10,0,0,15,0,0,"RSI recovering zone, Below 200 DMA risk"
28.08.2026 at 01:52 AM IST,INFOBEAN,Unknown,Unknown,155.54,-0.21,115.81,255.98,34.3,39.24,39.78,161.68,171.83,238183.6,176333.0,0.74,Bearish,0,8,0,0,15,0,0,"Weak but watchable RSI, Below 200 DMA risk"
28.08.2026 at 01:52 AM IST,VGL,Unknown,Unknown,57.56,-2.41,43.7,95.9,31.72,39.98,41.43,62.23,65.61,30480.5,19392.0,0.64,Bearish,0,8,0,0,15,0,0,"Weak but watchable RSI, Below 200 DMA risk"
28.08.2026 at 01:52 AM IST,VIKRAN,Unknown,Unknown,59.21,-1.28,51.1,118.4,15.87,49.99,28.47,70.59,77.97,1607670.9,1134798.0,0.71,Bearish,0,5,8,0,15,0,0,"Oversold RSI, Within 30% of 52W low, Below 200 DMA risk"
28.08.2026 at 01:52 AM IST,IFBAGRO,Unknown,Unknown,959.2,-0.01,679.15,1790.0,41.24,46.41,42.9,967.24,1059.51,5088.2,4109.0,0.81,Bearish,0,8,0,0,15,0,0,"Weak but watchable RSI, Below 200 DMA risk"
28.08.2026 at 01:52 AM IST,EMAMIREAL,Unknown,Unknown,68.22,0.01,48.2,122.14,41.54,44.15,28.07,78.97,78.58,12568.75,19709.0,1.57,Bearish,0,5,0,10,15,0,0,"Oversold RSI, Volume expansion, Below 200 DMA risk"
28.08.2026 at 01:52 AM IST,INDIANCARD,Unknown,Unknown,208.67,0.32,153.0,303.05,36.39,31.14,40.41,220.76,220.81,1858.75,538.0,0.29,Bearish,0,8,0,0,15,0,0,"Weak but watchable RSI, Below 200 DMA risk"
28.08.2026 at 01:52 AM IST,JAMNAAUTO,Unknown,Unknown,120.96,0.26,88.92,152.6,36.03,20.73,38.98,131.61,125.66,2715022.8,1134397.0,0.42,Bearish,0,8,0,0,15,0,0,"Weak but watchable RSI, Below 200 DMA risk"
28.08.2026 at 01:52 AM IST,DISHTV,Unknown,Unknown,2.75,0.73,1.82,5.99,51.1,54.09,38.79,2.92,3.32,738348.15,735011.0,1.0,Bearish,0,8,0,0,15,0,0,"Weak but watchable RSI, Below 200 DMA risk"
28.08.2026 at 01:52 AM IST,AGARIND,Unknown,Unknown,470.2,-0.34,360.0,1006.0,30.61,53.26,35.65,513.74,564.39,37961.95,29876.0,0.79,Bearish,0,8,0,0,15,0,0,"Weak but watchable RSI, Below 200 DMA risk"
28.08.2026 at 01:52 AM IST,DSSL,Unknown,Unknown,1073.5,-1.44,780.66,1923.96,37.51,44.2,30.92,1254.64,1108.68,28163.2,27862.0,0.99,Bearish,0,8,0,0,15,0,0,"Weak but watchable RSI, Below 200 DMA risk"
28.08.2026 at 01:52 AM IST,INOXGREEN,Unknown,Unknown,174.48,0.56,132.58,279.0,31.6,37.46,40.8,189.01,184.28,884761.95,862163.0,0.97,Bearish,0,8,0,0,15,0,0,"Weak but watchable RSI, Below 200 DMA risk"
28.08.2026 at 01:52 AM IST,ISHANCH,Unknown,Unknown,43.23,-1.75,41.71,83.37,3.64,48.15,24.26,52.78,59.38,117856.3,79299.0,0.67,Bearish,0,5,8,0,25,0,0,"Oversold RSI, Within 30% of 52W low, Below 200 DMA risk, Extreme RSI weakness"
28.08.2026 at 01:52 AM IST,INDOTHAI,Unknown,Unknown,51.16,-5.0,51.16,466.35,0.0,89.03,5.76,174.98,265.14,2055308.4,30273546.0,14.73,Bearish,0,5,8,15,30,0,0,"Oversold RSI, Within 30% of 52W low, Strong volume expansion, Below 200 DMA risk, Extreme RSI weakness, Very far from 52W high"
28.08.2026 at 01:52 AM IST,ASHAPURMIN,Unknown,Unknown,592.45,3.85,455.1,924.9,30.18,35.94,37.76,665.79,662.81,639155.1,549376.0,0.86,Bearish,0,8,0,0,15,0,0,"Weak but watchable RSI, Below 200 DMA risk"
28.08.2026 at 01:52 AM IST,ARTNIRMAN,Unknown,Unknown,39.7,-1.12,29.39,66.97,35.08,40.72,43.96,40.6,42.76,2325.6,1716.0,0.74,Bearish,0,8,0,0,15,0,0,"Weak but watchable RSI, Below 200 DMA risk"
28.08.2026 at 01:52 AM IST,SIYSIL,Unknown,Unknown,570.9,0.65,426.93,827.16,33.72,30.98,34.37,624.69,592.53,71418.4,34898.0,0.49,Bearish,0,8,0,0,15,0,0,"Weak but watchable RSI, Below 200 DMA risk"
28.08.2026 at 01:52 AM IST,SILVERTUC,Unknown,Unknown,178.96,-1.48,100.45,1116.92,78.15,83.98,35.32,192.57,278.14,596935.65,390206.0,0.65,Bearish,0,8,0,0,20,0,0,"Weak but watchable RSI, Below 200 DMA risk, Very far from 52W high"
28.08.2026 at 01:52 AM IST,SOLARWORLD,Unknown,Unknown,149.27,0.34,139.19,388.5,7.24,61.58,25.31,183.8,215.32,433318.7,121113.0,0.28,Bearish,0,5,8,0,20,0,0,"Oversold RSI, Within 30% of 52W low, Below 200 DMA risk, Very far from 52W high"
28.08.2026 at 01:52 AM IST,SOLEX,Unknown,Unknown,781.45,-0.95,766.15,1985.0,2.0,60.63,27.36,959.75,1161.07,42482.2,28116.0,0.66,Bearish,0,5,8,0,20,0,0,"Oversold RSI, Within 30% of 52W low, Below 200 DMA risk, Very far from 52W high"
28.08.2026 at 01:52 AM IST,VIPCLOTHNG,Unknown,Unknown,20.53,-0.19,14.05,41.2,46.12,50.17,42.16,22.54,25.16,46103.7,42399.0,0.92,Bearish,0,8,0,0,15,0,0,"Weak but watchable RSI, Below 200 DMA risk"
28.08.2026 at 01:52 AM IST,SMSPHARMA,Unknown,Unknown,357.7,0.27,220.72,447.8,62.06,20.12,41.1,381.51,362.09,189069.65,83587.0,0.44,Bearish,0,8,0,0,15,0,0,"Weak but watchable RSI, Below 200 DMA risk"
28.08.2026 at 01:52 AM IST,VISACHROME,Unknown,Unknown,37.3,-1.66,27.05,73.68,37.89,49.38,44.56,39.29,42.72,15837.75,14262.0,0.9,Bearish,0,8,0,0,15,0,0,"Weak but watchable RSI, Below 200 DMA risk"
28.08.2026 at 01:52 AM IST,HARDWYN,Unknown,Unknown,9.03,0.0,7.76,20.2,16.3,55.3,18.85,13.31,13.9,2436625.15,493142.0,0.2,Bearish,0,5,8,0,25,0,0,"Oversold RSI, Within 30% of 52W low, Below 200 DMA risk, Extreme RSI weakness"
28.08.2026 at 01:52 AM IST,HILTON,Unknown,Unknown,20.0,0.81,13.43,56.65,48.92,64.7,41.14,21.94,26.17,77395.55,39142.0,0.51,Bearish,0,8,0,0,20,0,0,"Weak but watchable RSI, Below 200 DMA risk, Very far from 52W high"
28.08.2026 at 01:52 AM IST,FAZE3Q,Unknown,Unknown,488.7,-0.07,322.1,650.05,51.72,24.82,37.44,558.72,490.47,48773.7,11072.0,0.23,Bearish,0,8,0,0,15,0,0,"Weak but watchable RSI, Below 200 DMA risk"
28.08.2026 at 01:52 AM IST,VSTIND,Unknown,Unknown,210.95,0.52,190.94,273.79,10.48,22.95,28.65,232.23,233.06,163559.9,119333.0,0.73,Bearish,0,5,8,0,15,0,0,"Oversold RSI, Within 30% of 52W low, Below 200 DMA risk"
28.08.2026 at 01:52 AM IST,VRAJ,Unknown,Unknown,122.66,1.1,93.0,159.99,31.89,23.33,48.09,123.23,125.11,20300.3,19654.0,0.97,Bearish,0,10,0,0,15,0,0,"RSI recovering zone, Below 200 DMA risk"
28.08.2026 at 01:52 AM IST,WEBELSOLAR,Unknown,Unknown,78.27,-1.78,50.4,141.5,55.3,44.69,27.69,96.19,91.44,2289565.85,2772669.0,1.21,Bearish,0,5,0,5,15,0,0,"Oversold RSI, Normal volume support, Below 200 DMA risk"
28.08.2026 at 01:52 AM IST,WAAREEINDO,Unknown,Unknown,275.15,0.18,273.0,725.0,0.79,62.05,27.37,350.9,414.93,103539.1,70061.0,0.68,Bearish,0,5,8,0,20,0,0,"Oversold RSI, Within 30% of 52W low, Below 200 DMA risk, Very far from 52W high"
