change_scan_time,symbol,sector,industry,current_price,current_rsi,current_risk,current_final_score,current_score_band,technical_score,fundamental_score,relative_strength_score,volume_ratio,distance_pct,distance_from_high_pct,trend,previous_rsi,previous_risk,previous_final_score,previous_score_band,score_change,rsi_change,risk_change,change_signal
07.10.2026 at 10:09 AM IST,AIROLAM,Consumer Cyclical,"Furnishings, Fixtures & Appliances",90.7,54.07,0,37.48,D Weak,60,26.0,38,0.45,16.28,22.81,Bullish,49.16,15.0,6.82,E Avoid,30.66,4.91,-15.0,"Score Improved Sharply, Risk Reduced Sharply, Band Changed: E Avoid → D Weak"
07.10.2026 at 10:09 AM IST,WALCHANNAG,Industrials,Engineering & Construction,218.47,58.63,0,29.64,E Avoid,65,6.0,18,1.4,66.58,30.82,Bullish,46.66,15.0,2.12,E Avoid,27.52,11.97,-15.0,"Score Improved Sharply, Risk Reduced Sharply"
07.10.2026 at 10:09 AM IST,DANGEE,Consumer Cyclical,Restaurants,3.29,64.83,0,30.28,E Avoid,55,0.0,45,0.09,29.53,35.24,Bullish,58.73,15.0,3.62,E Avoid,26.66,6.1,-15.0,"Score Improved Sharply, Fresh Momentum, Risk Reduced Sharply"
07.10.2026 at 10:09 AM IST,BTML,Communication Services,Entertainment,7.23,45.11,0,26.19,E Avoid,32,19.0,30,0.36,42.89,28.56,Bearish,38.13,15.0,2.77,E Avoid,23.42,6.98,-15.0,"Score Improved Sharply, Risk Reduced Sharply"
07.10.2026 at 10:09 AM IST,SHIVAMILLS,Consumer Cyclical,Textile Manufacturing,60.65,51.17,0,22.94,E Avoid,40,13.0,18,0.98,41.01,18.04,Bearish,44.91,15.0,0.0,E Avoid,22.94,6.26,-15.0,"Score Improved Sharply, RSI Recovery, Risk Reduced Sharply"
07.10.2026 at 10:09 AM IST,SUPREMEIND,Industrials,Building Products & Equipment,3611.8,58.63,0,38.54,D Weak,60,36.0,18,0.8,15.03,15.05,Bullish,52.45,15.0,16.77,E Avoid,21.77,6.18,-15.0,"Score Improved Sharply, Risk Reduced Sharply, Band Changed: E Avoid → D Weak"
07.10.2026 at 10:09 AM IST,PINELABS,Technology,Software - Infrastructure,178.6,53.43,0,32.41,E Avoid,55,30.0,18,0.29,32.56,37.11,Bullish,48.38,15.0,11.83,E Avoid,20.58,5.05,-15.0,"Score Improved Sharply, Risk Reduced Sharply"
07.10.2026 at 10:09 AM IST,ATL,Industrials,Integrated Freight & Logistics,24.8,50.53,0,23.44,E Avoid,55,2.0,20,0.25,36.26,35.9,Bullish,49.97,15.0,2.92,E Avoid,20.52,0.56,-15.0,"Score Improved Sharply, Risk Reduced Sharply"
07.10.2026 at 10:09 AM IST,CCAVENUE,Technology,Software - Infrastructure,15.69,51.3,0,33.41,E Avoid,45,40.0,18,0.3,21.44,23.46,Bearish,46.12,15.0,13.33,E Avoid,20.08,5.18,-15.0,"Score Improved Sharply, Risk Reduced Sharply"
07.10.2026 at 10:09 AM IST,SURYALAXMI,Consumer Cyclical,Textile Manufacturing,57.5,49.24,0,21.38,E Avoid,32,20.0,10,0.73,33.72,15.07,Bearish,47.57,15.0,1.47,E Avoid,19.91,1.67,-15.0,"Score Improved Sharply, Risk Reduced Sharply"
07.10.2026 at 10:09 AM IST,SUPERHOUSE,Consumer Cyclical,Footwear & Accessories,156.49,36.89,0,19.88,E Avoid,33,12.0,10,0.03,21.73,17.2,Bearish,35.0,15.0,0.0,E Avoid,19.88,1.89,-15.0,"Score Improved Sharply, Risk Reduced Sharply"
07.10.2026 at 10:09 AM IST,BAJFINANCE,Financial Services,Credit Services,974.5,41.51,0,27.67,E Avoid,33,30.0,10,0.27,24.44,17.16,Bearish,37.87,15.0,7.8,E Avoid,19.87,3.64,-15.0,"Score Improved Sharply, Risk Reduced Sharply"
07.10.2026 at 10:09 AM IST,SUNDRMBRAK,Consumer Cyclical,Auto Parts,689.9,43.25,0,18.98,E Avoid,28,13.0,10,0.08,50.1,25.01,Bearish,39.84,15.0,0.0,E Avoid,18.98,3.41,-15.0,"Score Improved Sharply, Risk Reduced Sharply"
07.10.2026 at 10:09 AM IST,DOLLAR,Consumer Cyclical,Apparel Manufacturing,282.45,61.09,0,38.34,D Weak,55,29.0,38,0.26,29.6,25.77,Bullish,57.25,15.0,19.67,E Avoid,18.67,3.84,-15.0,"Score Improved Sharply, Fresh Momentum, Risk Reduced Sharply, Band Changed: E Avoid → D Weak"
07.10.2026 at 10:09 AM IST,VGL,Consumer Cyclical,Textile Manufacturing,64.78,53.67,0,31.34,E Avoid,55,4.0,45,0.01,48.24,23.56,Bullish,51.1,15.0,12.67,E Avoid,18.67,2.57,-15.0,"Score Improved Sharply, Risk Reduced Sharply"
07.10.2026 at 10:09 AM IST,LGBBROSLTD,Consumer Cyclical,Auto Parts,1680.8,44.89,0,32.53,E Avoid,43,37.0,10,0.15,29.61,16.79,Bullish,37.47,15.0,13.87,E Avoid,18.66,7.42,-15.0,"Score Improved Sharply, Risk Reduced Sharply"
07.10.2026 at 10:09 AM IST,CHALET,Consumer Cyclical,Lodging,822.1,37.87,0,20.78,E Avoid,28,8.0,20,0.08,19.05,16.69,Bearish,37.01,15.0,2.12,E Avoid,18.66,0.86,-15.0,"Score Improved Sharply, Risk Reduced Sharply"
07.10.2026 at 10:09 AM IST,LAXMIINDIA,Financial Services,Credit Services,112.5,36.14,0,29.07,E Avoid,23,34.0,20,0.08,58.32,29.51,Bearish,35.32,15.0,10.45,E Avoid,18.62,0.82,-15.0,"Score Improved Sharply, Risk Reduced Sharply"
07.10.2026 at 10:09 AM IST,RELIABLE,Technology,Information Technology Services,140.71,48.19,0,26.56,E Avoid,27,39.0,10,0.02,34.39,19.56,Bearish,45.76,15.0,7.98,E Avoid,18.58,2.43,-15.0,"Score Improved Sharply, Risk Reduced Sharply"
07.10.2026 at 10:09 AM IST,JSWDULUX,Basic Materials,Specialty Chemicals,3025.0,42.87,0,31.17,E Avoid,33,37.0,20,0.08,15.19,17.97,Bearish,40.85,15.0,12.72,E Avoid,18.45,2.02,-15.0,"Score Improved Sharply, Risk Reduced Sharply"
07.10.2026 at 10:09 AM IST,DHANBANK,Financial Services,Banks - Regional,29.43,48.22,0,29.57,E Avoid,42,42.0,10,1.66,51.31,20.14,Bearish,44.56,15.0,11.2,E Avoid,18.37,3.66,-15.0,"Score Improved Sharply, Risk Reduced Sharply"
07.10.2026 at 10:09 AM IST,CARRARO,Unknown,Unknown,532.7,51.25,0,18.3,E Avoid,55,0.0,10,0.25,29.67,19.19,Bullish,47.95,15.0,0.0,E Avoid,18.3,3.3,-15.0,"Score Improved Sharply, Risk Reduced Sharply"
07.10.2026 at 10:09 AM IST,KESORAMIND,Basic Materials,Building Materials,11.01,45.23,0,18.32,E Avoid,32,0.0,20,0.27,141.98,22.79,Bearish,41.48,15.0,0.12,E Avoid,18.2,3.75,-15.0,"Score Improved Sharply, Risk Reduced Sharply"
07.10.2026 at 10:09 AM IST,KREBSBIO,Healthcare,Drug Manufacturers - Specialty & Generic,60.5,53.04,5,18.65,E Avoid,50,2.0,18,0.23,57.84,21.28,Bullish,49.99,20.0,0.67,E Avoid,17.98,3.05,-15.0,"Score Improved Sharply, Risk Reduced Sharply"
07.10.2026 at 10:09 AM IST,PALREDTEC,Technology,Consumer Electronics,43.67,37.43,0,17.76,E Avoid,28,6.0,20,0.11,59.09,40.67,Bearish,33.63,15.0,0.0,E Avoid,17.76,3.8,-15.0,"Score Improved Sharply, Risk Reduced Sharply"
07.10.2026 at 10:09 AM IST,NIBE,Industrials,Aerospace & Defense,1270.4,44.87,0,17.04,E Avoid,28,0.0,20,0.51,57.07,31.19,Bearish,39.79,15.0,0.0,E Avoid,17.04,5.08,-15.0,"Score Improved Sharply, Risk Reduced Sharply"
07.10.2026 at 10:09 AM IST,CHEMPLASTS,Basic Materials,Chemicals,227.8,74.05,0,23.17,E Avoid,52,0.0,25,1.85,41.49,44.8,Bullish,66.56,15.0,6.72,E Avoid,16.45,7.49,-15.0,"Score Improved Sharply, RSI Overbought, Risk Reduced Sharply"
07.10.2026 at 10:09 AM IST,SJS,Consumer Cyclical,Auto Parts,1997.2,28.95,0,32.14,E Avoid,19,50.0,10,0.51,38.24,22.89,Bearish,28.32,15.0,15.97,E Avoid,16.17,0.63,-15.0,"Score Improved Sharply, Risk Reduced Sharply"
07.10.2026 at 10:09 AM IST,PNGJL,Consumer Cyclical,Luxury Goods,596.75,49.78,0,26.78,E Avoid,37,35.0,0,0.17,18.64,18.96,Bearish,45.29,15.0,10.62,E Avoid,16.16,4.49,-15.0,"Score Improved Sharply, Risk Reduced Sharply"
07.10.2026 at 10:09 AM IST,RAJOOENG,Unknown,Unknown,57.73,67.04,0,20.3,E Avoid,55,0.0,18,0.87,25.84,39.1,Bullish,65.0,15.0,6.81,E Avoid,13.49,2.04,-15.0,"Score Improved Sharply, Risk Reduced Sharply"
07.10.2026 at 10:09 AM IST,RIR,Unknown,Unknown,182.32,52.24,0,12.05,E Avoid,40,0.0,0,0.07,18.45,14.74,Bullish,0.0,0.0,0.0,New Stock,12.05,52.24,0.0,"Score Improved Sharply, RSI Recovery, Band Changed: New Stock → E Avoid"
07.10.2026 at 10:09 AM IST,OLAELEC,Consumer Cyclical,Auto Manufacturers,36.38,43.18,0,11.94,E Avoid,28,0.0,0,0.27,63.51,37.22,Bearish,41.04,15.0,0.0,E Avoid,11.94,2.14,-15.0,"Score Improved Sharply, Risk Reduced Sharply"
07.10.2026 at 10:09 AM IST,RPSGVENT,Technology,Information Technology Services,895.8,63.41,0,26.66,E Avoid,70,10.0,8,2.77,62.31,24.02,Bullish,44.62,0.0,15.08,E Avoid,11.58,18.79,0.0,"Score Improved Sharply, RSI Recovery, Fresh Momentum"
07.10.2026 at 10:09 AM IST,DISAQ,Unknown,Unknown,11898.0,51.84,0,30.05,E Avoid,55,33.0,8,0.06,11.44,6.0,Bullish,43.85,0.0,19.81,E Avoid,10.24,7.99,0.0,"Score Improved Sharply, RSI Recovery"
07.10.2026 at 10:09 AM IST,MAHESHWARI,Industrials,Integrated Freight & Logistics,72.48,51.43,0,29.14,E Avoid,75,4.0,20,1.44,85.66,5.64,Bullish,48.4,0.0,19.87,E Avoid,9.27,3.03,0.0,Score Improved
07.10.2026 at 10:09 AM IST,ORCHPHARMA,Healthcare,Drug Manufacturers - Specialty & Generic,1043.65,55.45,0,36.65,D Weak,65,9.0,48,0.82,117.43,8.73,Bullish,49.65,0.0,27.42,E Avoid,9.23,5.8,0.0,"Score Improved, Band Changed: E Avoid → D Weak"
07.10.2026 at 10:09 AM IST,ASKAUTOLTD,Consumer Cyclical,Auto Parts,623.35,49.14,0,42.74,D Weak,47,29.0,58,0.3,66.7,9.36,Bullish,45.1,0.0,34.57,E Avoid,8.17,4.04,0.0,"Score Improved, Band Changed: E Avoid → D Weak"
07.10.2026 at 10:09 AM IST,MODTHREAD,Consumer Cyclical,Textile Manufacturing,50.97,53.99,0,24.74,E Avoid,55,6.0,20,0.12,43.13,22.36,Bullish,49.07,0.0,16.57,E Avoid,8.17,4.92,0.0,Score Improved
07.10.2026 at 10:09 AM IST,BELRISE,Consumer Cyclical,Auto Parts,241.75,54.64,0,38.38,D Weak,65,18.0,38,0.27,69.95,9.64,Bullish,49.52,0.0,30.22,E Avoid,8.16,5.12,0.0,"Score Improved, Band Changed: E Avoid → D Weak"
07.10.2026 at 10:09 AM IST,ORIENTTECH,Technology,Information Technology Services,248.6,58.32,15,8.16,E Avoid,60,0.0,18,2.88,12.59,46.74,Bullish,37.8,15.0,0.0,E Avoid,8.16,20.52,0.0,"Score Improved, RSI Recovery"
07.10.2026 at 10:09 AM IST,ANANTRAJ,Real Estate,Real Estate - Development,616.0,54.72,0,42.97,D Weak,55,40.0,38,0.69,53.1,17.03,Bullish,51.49,0.0,34.9,E Avoid,8.07,3.23,0.0,"Score Improved, Band Changed: E Avoid → D Weak"
07.10.2026 at 10:09 AM IST,SINGERIND,Unknown,Unknown,76.0,49.56,0,30.05,E Avoid,32,26.0,38,0.06,33.81,16.76,Bullish,45.8,0.0,22.06,E Avoid,7.99,3.76,0.0,Score Improved
07.10.2026 at 10:09 AM IST,KEYFINSERV,Financial Services,Capital Markets,251.71,55.9,15,14.47,E Avoid,45,36.0,8,0.51,14.88,33.86,Bullish,48.84,15.0,6.85,E Avoid,7.62,7.06,0.0,Score Improved
07.10.2026 at 10:09 AM IST,HAVISHA,Consumer Cyclical,Lodging,1.45,63.02,15,8.38,E Avoid,50,0.0,28,1.95,40.78,40.08,Bullish,51.03,15.0,0.97,E Avoid,7.41,11.99,0.0,"Score Improved, Fresh Momentum"
07.10.2026 at 10:09 AM IST,AKSHAR,Consumer Cyclical,Textile Manufacturing,0.42,55.03,15,7.38,E Avoid,45,8.0,8,0.97,16.67,44.74,Bullish,47.23,15.0,0.0,E Avoid,7.38,7.8,0.0,Score Improved
07.10.2026 at 10:09 AM IST,UNIDT,Energy,Oil & Gas Equipment & Services,227.34,49.05,0,35.16,D Weak,47,35.0,20,0.04,56.56,16.42,Bullish,48.84,0.0,27.82,E Avoid,7.34,0.21,0.0,"Score Improved, Band Changed: E Avoid → D Weak"
07.10.2026 at 10:09 AM IST,LASERPOWER,Unknown,Unknown,274.75,46.51,0,7.05,E Avoid,20,0.0,0,0.09,9.9,20.01,Bearish,0.0,0.0,0.0,New Stock,7.05,46.51,0.0,"Score Improved, Band Changed: New Stock → E Avoid"
07.10.2026 at 10:09 AM IST,TBOTEK,Consumer Cyclical,Travel Services,1728.4,58.41,0,53.04,C Neutral,80,39.0,48,2.24,72.12,2.49,Bullish,53.35,0.0,46.12,C Neutral,6.92,5.06,0.0,Score Improved
07.10.2026 at 10:09 AM IST,DHUNINV,Financial Services,Capital Markets,989.0,52.3,0,40.92,D Weak,55,49.0,20,0.6,48.71,36.94,Bullish,46.37,0.0,34.05,E Avoid,6.87,5.93,0.0,"Score Improved, Band Changed: E Avoid → D Weak"
07.10.2026 at 10:09 AM IST,SGMART,Industrials,Industrial Distribution,764.65,55.38,0,41.39,D Weak,55,32.0,40,0.31,144.22,11.15,Bullish,48.66,0.0,34.62,E Avoid,6.77,6.72,0.0,"Score Improved, Band Changed: E Avoid → D Weak"
07.10.2026 at 10:09 AM IST,NITTAGELA,Basic Materials,Specialty Chemicals,1678.3,49.11,0,30.02,E Avoid,32,39.0,8,0.08,90.98,19.3,Bullish,47.32,0.0,23.32,E Avoid,6.7,1.79,0.0,Score Improved
07.10.2026 at 10:09 AM IST,JAIBALAJI,Basic Materials,Steel,67.37,56.02,15,16.17,E Avoid,40,31.0,20,0.66,25.57,32.23,Bullish,47.9,15.0,9.47,E Avoid,6.7,8.12,0.0,Score Improved
07.10.2026 at 10:09 AM IST,MASFIN,Financial Services,Credit Services,273.1,36.29,15,11.62,E Avoid,36,32.0,0,3.4,3.49,23.7,Bearish,28.09,15.0,5.0,E Avoid,6.62,8.2,0.0,Score Improved
07.10.2026 at 10:09 AM IST,COALINDIA,Energy,Thermal Coal,413.35,45.48,15,18.26,E Avoid,37,48.0,0,0.28,16.38,13.65,Bullish,43.86,15.0,12.42,E Avoid,5.84,1.62,0.0,Score Improved
07.10.2026 at 10:09 AM IST,OMPOWER,Industrials,Engineering & Construction,166.88,50.87,0,29.59,E Avoid,45,33.0,0,5.98,11.11,18.99,Bearish,34.36,0.0,23.82,E Avoid,5.77,16.51,0.0,"Score Improved, RSI Recovery"
07.10.2026 at 10:09 AM IST,NYKAA,Consumer Cyclical,Internet Retail,342.45,57.6,0,41.24,D Weak,65,22.0,48,0.16,47.61,2.03,Bullish,54.62,0.0,35.57,D Weak,5.67,2.98,0.0,Score Improved
07.10.2026 at 10:09 AM IST,ABSLAMC,Financial Services,Asset Management,1034.5,51.78,0,34.92,E Avoid,55,43.0,10,0.26,49.78,13.43,Bullish,46.9,0.0,29.3,E Avoid,5.62,4.88,0.0,Score Improved
07.10.2026 at 10:09 AM IST,UTLSOLAR,Technology,Solar,426.65,51.86,0,36.41,D Weak,55,20.0,48,0.24,148.05,13.68,Bullish,48.96,0.0,30.83,E Avoid,5.58,2.9,0.0,"Score Improved, Band Changed: E Avoid → D Weak"
07.10.2026 at 10:09 AM IST,PTCIL,Industrials,Metal Fabrication,23950.0,65.0,0,52.64,C Neutral,75,40.0,58,1.93,65.18,1.36,Bullish,59.84,0.0,47.12,C Neutral,5.52,5.16,0.0,"Score Improved, Fresh Momentum"
07.10.2026 at 10:09 AM IST,CYIENTDLM,Industrials,Aerospace & Defense,961.6,62.61,0,51.89,C Neutral,65,37.0,58,0.38,262.59,4.7,Bullish,59.58,0.0,46.37,C Neutral,5.52,3.03,0.0,"Score Improved, Fresh Momentum"
07.10.2026 at 10:09 AM IST,KAJARIACER,Industrials,Building Products & Equipment,1225.3,53.06,0,42.74,D Weak,65,38.0,20,0.07,41.61,4.2,Bullish,49.97,0.0,37.22,D Weak,5.52,3.09,0.0,Score Improved
07.10.2026 at 10:09 AM IST,WELENT,Industrials,Engineering & Construction,744.9,52.06,0,32.99,E Avoid,55,12.0,40,0.21,81.69,11.52,Bullish,45.44,0.0,27.47,E Avoid,5.52,6.62,0.0,Score Improved
07.10.2026 at 10:09 AM IST,VARDHACRLC,Unknown,Unknown,43.9,50.27,0,26.55,E Avoid,60,0.0,38,0.36,68.1,6.48,Bullish,48.2,0.0,21.06,E Avoid,5.49,2.07,0.0,Score Improved
07.10.2026 at 10:09 AM IST,WCIL,Industrials,Integrated Freight & Logistics,89.9,46.57,15,5.49,E Avoid,37,12.0,8,0.17,16.72,34.99,Bullish,41.61,15.0,0.0,E Avoid,5.49,4.96,0.0,Score Improved
07.10.2026 at 10:09 AM IST,MEGASTAR,Consumer Defensive,Packaged Foods,300.25,60.29,0,30.9,E Avoid,55,26.0,18,0.32,46.89,23.41,Bullish,55.85,0.0,25.42,E Avoid,5.48,4.44,0.0,"Score Improved, Fresh Momentum"
07.10.2026 at 10:09 AM IST,AVL,Consumer Cyclical,Specialty Retail,608.5,50.04,0,28.88,E Avoid,40,26.0,18,0.09,39.69,13.5,Bearish,45.35,0.0,23.72,E Avoid,5.16,4.69,0.0,Score Improved
07.10.2026 at 10:09 AM IST,TEAMGTY,Financial Services,Asset Management,239.94,55.14,15,16.62,E Avoid,45,31.0,18,0.22,14.26,27.85,Bullish,47.77,15.0,11.5,E Avoid,5.12,7.37,0.0,Score Improved
07.10.2026 at 10:09 AM IST,LUXIND,Consumer Cyclical,Apparel Manufacturing,1193.4,57.2,0,27.68,E Avoid,55,20.0,8,0.12,45.1,34.42,Bullish,54.87,0.0,22.77,E Avoid,4.91,2.33,0.0,No Major Change
07.10.2026 at 10:09 AM IST,TTL,Consumer Cyclical,Textile Manufacturing,7.41,55.99,15,5.28,E Avoid,35,10.0,18,0.04,34.73,30.03,Bullish,55.3,20.0,0.37,E Avoid,4.91,0.69,-5.0,Risk Reduced
07.10.2026 at 10:09 AM IST,TRUALT,Energy,Oil & Gas Refining & Marketing,447.0,54.3,0,39.22,D Weak,55,31.0,38,0.06,44.1,17.53,Bullish,53.14,0.0,34.37,E Avoid,4.85,1.16,0.0,Band Changed: E Avoid → D Weak
07.10.2026 at 10:09 AM IST,GTPL,Communication Services,Entertainment,55.47,50.88,15,4.84,E Avoid,45,13.0,0,0.09,13.06,51.38,Bullish,47.35,15.0,0.0,E Avoid,4.84,3.53,0.0,No Major Change
07.10.2026 at 10:09 AM IST,GMBREW,Consumer Defensive,Beverages - Wineries & Distilleries,992.75,67.9,0,44.0,D Weak,65,39.0,38,1.47,37.33,24.55,Bullish,65.38,0.0,39.27,D Weak,4.73,2.52,0.0,No Major Change
07.10.2026 at 10:09 AM IST,INFOMEDIA,Financial Services,Shell Companies,5.42,53.02,15,4.67,E Avoid,45,8.0,8,0.63,20.44,32.67,Bullish,46.38,15.0,0.0,E Avoid,4.67,6.64,0.0,No Major Change
07.10.2026 at 10:09 AM IST,BLBLIMITED,Financial Services,Capital Markets,16.27,47.06,0,26.27,E Avoid,47,24.0,10,0.02,35.58,27.59,Bullish,43.94,0.0,21.65,E Avoid,4.62,3.12,0.0,No Major Change
07.10.2026 at 10:09 AM IST,ASIANENE,Energy,Oil & Gas Equipment & Services,470.6,47.34,0,39.47,D Weak,47,33.0,40,0.16,105.13,16.6,Bullish,44.65,0.0,34.87,E Avoid,4.6,2.69,0.0,Band Changed: E Avoid → D Weak
07.10.2026 at 10:09 AM IST,UMIYA-MRO,Technology,Communication Equipment,93.65,46.49,0,29.86,E Avoid,47,22.0,20,0.04,33.79,15.55,Bullish,43.45,0.0,25.28,E Avoid,4.58,3.04,0.0,No Major Change
07.10.2026 at 10:09 AM IST,NELCAST,Industrials,Metal Fabrication,139.54,75.62,0,31.24,E Avoid,57,4.0,45,6.47,63.18,18.99,Bullish,63.75,0.0,26.72,E Avoid,4.52,11.87,0.0,RSI Overbought
07.10.2026 at 10:09 AM IST,AEPL,Industrials,Electrical Equipment & Parts,15.64,48.55,0,19.89,E Avoid,37,16.0,0,0.12,18.04,22.77,Bullish,44.19,0.0,15.37,E Avoid,4.52,4.36,0.0,No Major Change
07.10.2026 at 10:09 AM IST,TFCILTD,Financial Services,Credit Services,147.6,68.11,0,49.77,C Neutral,65,40.0,58,0.44,190.93,1.54,Bullish,57.69,0.0,45.4,C Neutral,4.37,10.42,0.0,Fresh Momentum
07.10.2026 at 10:09 AM IST,SURYODAY,Financial Services,Banks - Regional,153.84,57.4,0,38.52,D Weak,60,44.0,18,1.11,34.39,29.43,Bullish,53.09,0.0,34.15,E Avoid,4.37,4.31,0.0,Band Changed: E Avoid → D Weak
07.10.2026 at 10:09 AM IST,SUMICHEM,Basic Materials,Agricultural Inputs,418.7,25.26,15,4.32,E Avoid,14,32.0,0,0.1,15.75,26.81,Bearish,24.64,25.0,0.0,E Avoid,4.32,0.62,-10.0,Risk Reduced Sharply
07.10.2026 at 10:09 AM IST,NKIND,Consumer Defensive,Household & Personal Products,60.0,52.69,15,4.3,E Avoid,45,0.0,18,0.02,20.82,23.46,Bullish,45.28,15.0,0.0,E Avoid,4.3,7.41,0.0,No Major Change
07.10.2026 at 10:09 AM IST,SGIL,Industrials,Metal Fabrication,608.0,48.07,0,25.94,E Avoid,47,0.0,38,0.04,44.76,12.89,Bullish,46.69,0.0,21.67,E Avoid,4.27,1.38,0.0,No Major Change
07.10.2026 at 10:09 AM IST,CORDELIA,Industrials,Marine Shipping,109.34,57.73,0,24.89,E Avoid,50,4.0,28,0.52,75.48,7.75,Bullish,50.51,0.0,20.62,E Avoid,4.27,7.22,0.0,No Major Change
07.10.2026 at 10:09 AM IST,RADICO,Consumer Defensive,Beverages - Wineries & Distilleries,4498.4,53.83,0,45.45,C Neutral,65,32.0,48,0.17,80.34,5.24,Bullish,51.95,0.0,41.22,D Weak,4.23,1.88,0.0,Band Changed: D Weak → C Neutral
07.10.2026 at 10:09 AM IST,SUDARSCHEM,Basic Materials,Specialty Chemicals,1240.7,55.81,0,41.67,D Weak,65,17.0,58,0.08,71.56,7.89,Bullish,55.43,0.0,37.47,D Weak,4.2,0.38,0.0,No Major Change
07.10.2026 at 10:09 AM IST,PODDARMENT,Basic Materials,Specialty Chemicals,257.0,44.63,0,31.27,E Avoid,28,28.0,38,0.0,29.53,21.87,Bearish,42.0,0.0,27.07,E Avoid,4.2,2.63,0.0,No Major Change
07.10.2026 at 10:09 AM IST,MANGALAM,Healthcare,Drug Manufacturers - Specialty & Generic,33.3,57.07,0,32.05,E Avoid,55,0.0,55,0.37,46.05,54.38,Bullish,52.57,0.0,28.07,E Avoid,3.98,4.5,0.0,No Major Change
07.10.2026 at 10:09 AM IST,ELLEN,Basic Materials,Chemicals,357.35,53.19,0,53.87,C Neutral,55,46.0,65,0.12,104.2,24.54,Bullish,50.12,0.0,49.92,C Neutral,3.95,3.07,0.0,No Major Change
07.10.2026 at 10:09 AM IST,DHARMAJ,Basic Materials,Agricultural Inputs,270.6,46.14,0,32.62,E Avoid,32,30.0,38,0.07,28.46,15.38,Bearish,42.41,0.0,28.67,E Avoid,3.95,3.73,0.0,No Major Change
07.10.2026 at 10:09 AM IST,BHARTIARTL,Communication Services,Telecom Services,1821.2,50.49,15,24.14,E Avoid,33,67.0,8,0.36,5.95,15.19,Bearish,48.45,15.0,20.22,E Avoid,3.92,2.04,0.0,No Major Change
07.10.2026 at 10:09 AM IST,SHREERAMA,Consumer Cyclical,Packaging & Containers,43.86,50.35,15,20.74,E Avoid,45,36.0,18,0.01,16.59,39.07,Bullish,49.0,15.0,16.82,E Avoid,3.92,1.35,0.0,No Major Change
07.10.2026 at 10:09 AM IST,RIIL,Industrials,Engineering & Construction,725.05,57.41,15,3.79,E Avoid,45,7.0,10,3.29,17.98,24.44,Bearish,37.8,15.0,0.0,E Avoid,3.79,19.61,0.0,RSI Recovery
07.10.2026 at 10:09 AM IST,MARSONS,Industrials,Electrical Equipment & Parts,132.5,61.88,0,28.89,E Avoid,55,16.0,18,3.6,32.17,24.46,Bullish,47.7,0.0,25.12,E Avoid,3.77,14.18,0.0,Fresh Momentum
07.10.2026 at 10:09 AM IST,CARTRADE,Consumer Cyclical,Auto & Truck Dealerships,2933.4,49.79,0,41.14,D Weak,42,45.0,30,0.15,83.34,10.85,Bullish,48.33,0.0,37.47,D Weak,3.67,1.46,0.0,No Major Change
07.10.2026 at 10:09 AM IST,MATRIMONY,Communication Services,Internet Content & Information,514.45,47.9,0,37.64,D Weak,47,41.0,30,0.01,42.97,9.16,Bullish,46.04,0.0,33.97,E Avoid,3.67,1.86,0.0,Band Changed: E Avoid → D Weak
07.10.2026 at 10:09 AM IST,CINELINE,Communication Services,Entertainment,88.5,49.29,0,30.09,E Avoid,52,23.0,20,0.05,22.32,14.06,Bullish,47.05,0.0,26.42,E Avoid,3.67,2.24,0.0,No Major Change
07.10.2026 at 10:09 AM IST,NAHARINDUS,Consumer Cyclical,Textile Manufacturing,128.99,48.39,0,27.28,E Avoid,47,13.0,20,0.03,55.32,16.24,Bullish,46.0,0.0,23.62,E Avoid,3.66,2.39,0.0,No Major Change
07.10.2026 at 10:09 AM IST,SAYAJIHOTL,Consumer Cyclical,Lodging,306.5,44.13,0,13.38,E Avoid,28,0.0,10,2.76,120.98,16.07,Bearish,44.8,0.0,9.72,E Avoid,3.66,-0.67,0.0,No Major Change
07.10.2026 at 10:09 AM IST,SAHLIBHFI,Financial Services,Credit Services,78.0,49.73,0,25.87,E Avoid,37,30.0,10,0.06,17.88,14.62,Bullish,46.42,0.0,22.25,E Avoid,3.62,3.31,0.0,No Major Change
07.10.2026 at 10:09 AM IST,AVONMORE,Financial Services,Capital Markets,12.8,48.14,15,21.97,E Avoid,32,47.0,30,0.05,41.44,37.22,Bullish,45.15,15.0,18.35,E Avoid,3.62,2.99,0.0,No Major Change
07.10.2026 at 10:09 AM IST,CIFL,Financial Services,Credit Services,20.81,49.51,15,6.17,E Avoid,37,18.0,8,0.05,12.12,47.57,Bullish,47.87,15.0,2.55,E Avoid,3.62,1.64,0.0,No Major Change
07.10.2026 at 10:09 AM IST,SYRMA,Technology,Electronic Components,1740.1,60.01,0,48.41,C Neutral,65,40.0,58,0.3,174.53,4.53,Bullish,55.34,0.0,44.83,D Weak,3.58,4.67,0.0,"Fresh Momentum, Band Changed: D Weak → C Neutral"
07.10.2026 at 10:09 AM IST,KRN,Technology,Electronic Components,1492.6,55.37,0,41.96,D Weak,60,38.0,40,1.01,153.07,11.52,Bullish,52.12,0.0,38.38,D Weak,3.58,3.25,0.0,No Major Change
07.10.2026 at 10:09 AM IST,KSHINTL,Industrials,Electrical Equipment & Parts,1061.3,55.31,0,43.14,D Weak,55,32.0,40,0.56,221.22,11.41,Bullish,50.44,0.0,39.62,D Weak,3.52,4.87,0.0,No Major Change
07.10.2026 at 10:09 AM IST,SEJALLTD,Industrials,Building Products & Equipment,686.9,52.9,15,18.54,E Avoid,40,34.0,18,0.15,80.29,33.74,Bullish,50.94,15.0,15.02,E Avoid,3.52,1.96,0.0,No Major Change
07.10.2026 at 10:09 AM IST,TARSONS,Healthcare,Medical Instruments & Supplies,338.6,56.35,0,40.15,D Weak,65,14.0,48,0.06,105.9,9.71,Bullish,52.64,0.0,36.67,D Weak,3.48,3.71,0.0,No Major Change
07.10.2026 at 10:09 AM IST,GOKULAGRO,Consumer Defensive,Packaged Foods,216.53,43.86,0,28.35,E Avoid,33,30.0,20,1.07,43.4,16.66,Bearish,36.58,0.0,24.87,E Avoid,3.48,7.28,0.0,No Major Change
07.10.2026 at 10:09 AM IST,INDIAGLYCO,Basic Materials,Chemicals,341.3,36.53,20,7.97,E Avoid,28,35.0,15,2.86,57.28,72.0,Bearish,32.4,20.0,4.52,E Avoid,3.45,4.13,0.0,No Major Change
07.10.2026 at 10:09 AM IST,BOROSCI,Consumer Cyclical,Packaging & Containers,113.78,31.3,15,6.74,E Avoid,18,28.0,10,0.1,17.74,37.07,Bearish,29.42,15.0,3.32,E Avoid,3.42,1.88,0.0,No Major Change
07.10.2026 at 10:09 AM IST,LAL,Consumer Cyclical,Apparel Manufacturing,8.64,48.34,0,35.43,D Weak,32,43.0,20,0.02,55.4,21.6,Bearish,44.59,0.0,32.02,E Avoid,3.41,3.75,0.0,Band Changed: E Avoid → D Weak
07.10.2026 at 10:09 AM IST,JSFB,Financial Services,Banks - Regional,503.1,45.12,0,34.17,E Avoid,32,43.0,30,0.12,52.45,17.11,Bearish,43.94,0.0,30.8,E Avoid,3.37,1.18,0.0,No Major Change
07.10.2026 at 10:09 AM IST,ESABINDIA,Industrials,Tools & Accessories,5689.0,48.41,15,18.04,E Avoid,22,41.0,20,0.18,22.43,21.94,Bearish,42.26,15.0,14.77,E Avoid,3.27,6.15,0.0,No Major Change
07.10.2026 at 10:09 AM IST,VINNY,Consumer Cyclical,Textile Manufacturing,0.91,30.0,15,3.23,E Avoid,21,19.0,0,0.17,3.41,40.52,Bearish,23.9,25.0,0.0,E Avoid,3.23,6.1,-10.0,Risk Reduced Sharply
07.10.2026 at 10:09 AM IST,TGBHOTELS,Consumer Cyclical,Lodging,9.7,55.12,0,30.64,E Avoid,55,27.0,10,0.08,29.33,21.71,Bullish,48.06,0.0,27.47,E Avoid,3.17,7.06,0.0,No Major Change
07.10.2026 at 10:09 AM IST,TALBROAUTO,Consumer Cyclical,Auto Parts,425.35,47.09,0,45.98,C Neutral,42,46.0,48,0.06,93.68,12.44,Bullish,48.66,0.0,42.82,D Weak,3.16,-1.57,0.0,Band Changed: D Weak → C Neutral
07.10.2026 at 10:09 AM IST,EDELWEISS,Financial Services,Financial Conglomerates,135.0,51.64,0,41.07,D Weak,60,29.0,38,0.05,39.28,7.53,Bullish,52.48,0.0,37.95,D Weak,3.12,-0.84,0.0,No Major Change
07.10.2026 at 10:09 AM IST,BLACKBUCK,Technology,Software - Application,603.7,50.34,0,43.56,D Weak,60,44.0,38,0.08,21.71,19.29,Bullish,47.39,0.0,40.48,D Weak,3.08,2.95,0.0,No Major Change
07.10.2026 at 10:09 AM IST,ARVSMART,Real Estate,Real Estate - Development,609.35,50.58,0,34.02,E Avoid,40,38.0,20,0.05,25.61,13.62,Bearish,49.02,0.0,30.95,E Avoid,3.07,1.56,0.0,No Major Change
07.10.2026 at 10:09 AM IST,ROML,Consumer Defensive,Packaged Foods,43.0,52.94,15,3.05,E Avoid,40,0.0,18,2.58,22.47,30.65,Bearish,52.87,15.0,0.0,E Avoid,3.05,0.07,0.0,No Major Change
07.10.2026 at 10:09 AM IST,ATLANTAELE,Industrials,Electrical Equipment & Parts,1930.3,66.29,0,45.34,C Neutral,60,33.0,48,1.04,172.8,10.33,Bullish,62.14,0.0,42.32,D Weak,3.02,4.15,0.0,Band Changed: D Weak → C Neutral
07.10.2026 at 10:09 AM IST,SECMARK,Industrials,Consulting Services,141.9,52.82,0,33.24,E Avoid,55,22.0,20,0.0,49.29,20.95,Bullish,47.78,0.0,30.22,E Avoid,3.02,5.04,0.0,No Major Change
07.10.2026 at 10:09 AM IST,TARIL,Industrials,Electrical Equipment & Parts,289.6,53.58,15,7.14,E Avoid,25,31.0,0,0.33,29.37,41.98,Bearish,48.44,15.0,4.12,E Avoid,3.02,5.14,0.0,No Major Change
07.10.2026 at 10:09 AM IST,DAVANGERE,Consumer Defensive,Confectioners,2.37,52.27,15,5.9,E Avoid,25,17.0,15,0.12,36.21,56.91,Bearish,47.63,15.0,2.92,E Avoid,2.98,4.64,0.0,No Major Change
07.10.2026 at 10:09 AM IST,KIRIINDUS,Basic Materials,Specialty Chemicals,557.05,57.94,0,48.42,C Neutral,50,43.0,58,0.13,66.88,28.49,Bullish,60.71,0.0,45.47,C Neutral,2.95,-2.77,0.0,No Major Change
07.10.2026 at 10:09 AM IST,CINEVISTA,Communication Services,Entertainment,14.2,51.43,15,10.19,E Avoid,30,39.0,0,0.01,16.78,32.06,Bearish,42.74,15.0,7.27,E Avoid,2.92,8.69,0.0,RSI Recovery
07.10.2026 at 10:09 AM IST,GANECOS,Consumer Cyclical,Textile Manufacturing,1006.8,47.91,0,29.98,E Avoid,32,36.0,8,0.15,54.58,20.33,Bearish,44.2,0.0,27.07,E Avoid,2.91,3.71,0.0,No Major Change
07.10.2026 at 10:09 AM IST,REPCOHOME,Financial Services,Mortgage Finance,337.35,40.41,15,3.32,E Avoid,21,23.0,0,0.47,3.59,25.03,Bearish,27.06,15.0,0.45,E Avoid,2.87,13.35,0.0,No Major Change
07.10.2026 at 10:09 AM IST,AJMERA,Real Estate,Real Estate - Development,116.96,46.18,15,12.57,E Avoid,22,41.0,8,0.16,20.36,46.71,Bearish,44.11,15.0,9.75,E Avoid,2.82,2.07,0.0,No Major Change
07.10.2026 at 10:09 AM IST,DELTAMAGNT,Consumer Cyclical,Textile Manufacturing,57.35,53.29,15,2.78,E Avoid,40,0.0,10,0.02,26.02,33.31,Bullish,49.68,15.0,0.0,E Avoid,2.78,3.61,0.0,No Major Change
07.10.2026 at 10:09 AM IST,GANESHCP,Consumer Defensive,Packaged Foods,156.01,42.79,15,8.55,E Avoid,31,32.0,0,1.37,7.97,48.01,Bearish,25.72,15.0,5.82,E Avoid,2.73,17.07,0.0,No Major Change
07.10.2026 at 10:09 AM IST,RPEL,Basic Materials,Chemicals,1877.7,64.97,0,55.87,B Watchlist,70,41.0,65,1.05,234.81,3.4,Bullish,62.36,0.0,53.17,C Neutral,2.7,2.61,0.0,Band Changed: C Neutral → B Watchlist
07.10.2026 at 10:09 AM IST,RATNAVEER,Basic Materials,Steel,342.25,67.91,0,45.87,C Neutral,65,23.0,65,0.21,162.26,4.32,Bullish,64.23,0.0,43.17,D Weak,2.7,3.68,0.0,Band Changed: D Weak → C Neutral
07.10.2026 at 10:09 AM IST,NOCIL,Basic Materials,Specialty Chemicals,172.95,45.58,0,31.47,E Avoid,32,36.0,18,0.08,39.31,18.11,Bearish,44.65,0.0,28.77,E Avoid,2.7,0.93,0.0,No Major Change
07.10.2026 at 10:09 AM IST,ALOKINDS,Consumer Cyclical,Textile Manufacturing,8.29,56.81,15,2.63,E Avoid,40,0.0,15,1.59,19.8,55.07,Bearish,47.32,15.0,0.0,E Avoid,2.63,9.49,0.0,No Major Change
07.10.2026 at 10:09 AM IST,PVRINOX,Communication Services,Entertainment,1297.1,57.92,0,45.69,C Neutral,75,24.0,58,1.42,42.95,4.47,Bullish,52.27,0.0,43.27,D Weak,2.42,5.65,0.0,Band Changed: D Weak → C Neutral
07.10.2026 at 10:09 AM IST,SANSERA,Consumer Cyclical,Auto Parts,4276.0,52.99,0,51.58,C Neutral,60,42.0,58,0.13,209.56,9.86,Bullish,51.27,0.0,49.17,C Neutral,2.41,1.72,0.0,No Major Change
07.10.2026 at 10:09 AM IST,NDL,Consumer Cyclical,Textile Manufacturing,2.62,44.38,15,4.13,E Avoid,13,17.0,20,0.1,45.56,24.71,Bearish,40.81,15.0,1.72,E Avoid,2.41,3.57,0.0,No Major Change
07.10.2026 at 10:09 AM IST,PASHUPATI,Consumer Cyclical,Textile Manufacturing,73.3,41.97,15,2.53,E Avoid,21,21.0,0,0.26,8.26,38.03,Bearish,37.42,20.0,0.12,E Avoid,2.41,4.55,-5.0,Risk Reduced
07.10.2026 at 10:09 AM IST,MANCREDIT,Financial Services,Credit Services,242.3,65.4,0,43.72,D Weak,55,37.0,48,0.16,59.89,15.36,Bullish,58.6,0.0,41.35,D Weak,2.37,6.8,0.0,Fresh Momentum
07.10.2026 at 10:09 AM IST,CUB,Financial Services,Banks - Regional,223.29,47.7,0,33.82,E Avoid,42,42.0,20,0.1,42.02,10.27,Bullish,48.12,0.0,31.45,E Avoid,2.37,-0.42,0.0,No Major Change
07.10.2026 at 10:09 AM IST,CAPITALSFB,Financial Services,Banks - Regional,267.95,39.65,15,12.92,E Avoid,13,48.0,10,0.16,31.94,15.81,Bearish,35.52,20.0,10.55,E Avoid,2.37,4.13,-5.0,Risk Reduced
07.10.2026 at 10:09 AM IST,NPST,Technology,Software - Application,1854.3,59.19,0,46.96,C Neutral,65,43.0,48,0.03,119.27,9.8,Bullish,58.02,0.0,44.63,D Weak,2.33,1.17,0.0,Band Changed: D Weak → C Neutral
07.10.2026 at 10:09 AM IST,MOBIKWIK,Technology,Software - Infrastructure,258.63,80.38,0,33.76,E Avoid,57,6.0,55,6.67,70.76,12.83,Bullish,76.35,0.0,31.43,E Avoid,2.33,4.03,0.0,No Major Change
07.10.2026 at 10:09 AM IST,TREL,Real Estate,Real Estate Services,26.91,46.82,0,32.77,E Avoid,42,37.0,20,0.02,25.34,15.91,Bullish,45.41,0.0,30.45,E Avoid,2.32,1.41,0.0,No Major Change
07.10.2026 at 10:09 AM IST,PROZONER,Real Estate,Real Estate - Diversified,53.75,57.27,0,25.77,E Avoid,55,5.0,28,0.1,35.9,26.14,Bullish,53.92,0.0,23.45,E Avoid,2.32,3.35,0.0,No Major Change
07.10.2026 at 10:09 AM IST,SMLT,Industrials,Metal Fabrication,72.3,61.12,0,43.49,D Weak,50,39.0,45,0.22,27.72,40.25,Bullish,65.11,5.0,41.22,D Weak,2.27,-3.99,-5.0,Risk Reduced
07.10.2026 at 10:09 AM IST,APOLLO,Industrials,Aerospace & Defense,418.8,59.97,0,41.69,D Weak,55,35.0,30,0.53,133.46,10.17,Bullish,55.5,0.0,39.42,D Weak,2.27,4.47,0.0,No Major Change
07.10.2026 at 10:09 AM IST,SKIPPER,Industrials,Engineering & Construction,557.0,52.48,0,39.64,D Weak,65,27.0,30,0.29,70.34,9.7,Bullish,50.69,0.0,37.37,D Weak,2.27,1.79,0.0,No Major Change
07.10.2026 at 10:09 AM IST,GARUDA,Industrials,Engineering & Construction,173.65,44.57,15,19.64,E Avoid,13,52.0,20,0.04,33.58,30.34,Bearish,44.11,15.0,17.37,E Avoid,2.27,0.46,0.0,No Major Change
07.10.2026 at 10:09 AM IST,JAGSNPHARM,Healthcare,Drug Manufacturers - Specialty & Generic,238.55,55.24,0,43.65,D Weak,65,44.0,20,0.13,56.48,8.3,Bullish,50.72,0.0,41.42,D Weak,2.23,4.52,0.0,No Major Change
07.10.2026 at 10:09 AM IST,SOLARA,Healthcare,Drug Manufacturers - Specialty & Generic,687.9,48.15,0,34.35,E Avoid,47,16.0,40,0.09,63.01,11.12,Bullish,46.77,0.0,32.12,E Avoid,2.23,1.38,0.0,No Major Change
07.10.2026 at 10:09 AM IST,LTFOODS,Consumer Defensive,Packaged Foods,409.75,43.2,0,26.95,E Avoid,33,26.0,20,0.12,23.62,16.3,Bearish,42.05,0.0,24.72,E Avoid,2.23,1.15,0.0,No Major Change
07.10.2026 at 10:09 AM IST,SARVESHWAR,Consumer Defensive,Packaged Foods,3.66,54.57,15,8.75,E Avoid,40,22.0,10,0.37,46.4,44.88,Bullish,50.25,15.0,6.52,E Avoid,2.23,4.32,0.0,No Major Change
07.10.2026 at 10:09 AM IST,BHAGYANGR,Basic Materials,Copper,454.55,62.86,0,46.22,C Neutral,65,28.0,65,0.81,383.15,2.85,Bullish,57.43,0.0,44.02,D Weak,2.2,5.43,0.0,"Fresh Momentum, Band Changed: D Weak → C Neutral"
07.10.2026 at 10:09 AM IST,STARPAPER,Basic Materials,Paper & Paper Products,154.99,52.07,0,33.22,E Avoid,65,21.0,20,0.02,32.24,8.74,Bullish,50.62,0.0,31.02,E Avoid,2.2,1.45,0.0,No Major Change
07.10.2026 at 10:09 AM IST,JMA,Consumer Cyclical,Auto Parts,88.01,46.04,0,29.84,E Avoid,32,33.0,20,0.36,29.64,15.13,Bearish,42.78,0.0,27.67,E Avoid,2.17,3.26,0.0,No Major Change
07.10.2026 at 10:09 AM IST,GKENERGY,Utilities,Utilities - Renewable,115.35,36.5,15,9.51,E Avoid,13,43.0,10,0.17,32.82,51.66,Bearish,34.33,15.0,7.35,E Avoid,2.16,2.17,0.0,No Major Change
07.10.2026 at 10:09 AM IST,PNBHOUSING,Financial Services,Mortgage Finance,1117.8,48.98,0,26.82,E Avoid,32,18.0,30,0.09,54.4,7.73,Bearish,44.79,0.0,24.7,E Avoid,2.12,4.19,0.0,No Major Change
07.10.2026 at 10:09 AM IST,IZMO,Technology,Software - Application,879.05,45.54,0,32.01,E Avoid,32,46.0,10,0.49,54.4,25.21,Bearish,40.95,0.0,29.93,E Avoid,2.08,4.59,0.0,No Major Change
07.10.2026 at 10:09 AM IST,TARACHAND,Industrials,Farm & Heavy Construction Machinery,46.95,45.92,15,14.14,E Avoid,25,48.0,0,0.48,3.96,54.55,Bearish,42.47,15.0,12.12,E Avoid,2.02,3.45,0.0,No Major Change
07.10.2026 at 10:09 AM IST,PSPPROJECT,Industrials,Engineering & Construction,777.75,36.98,15,12.59,E Avoid,13,39.0,10,0.27,36.64,31.96,Bearish,29.57,15.0,10.57,E Avoid,2.02,7.41,0.0,No Major Change
07.10.2026 at 10:09 AM IST,HARDWYN,Industrials,Building Products & Equipment,9.3,45.26,15,6.99,E Avoid,22,23.0,8,0.05,22.21,53.96,Bearish,41.06,15.0,4.97,E Avoid,2.02,4.2,0.0,No Major Change
07.10.2026 at 10:09 AM IST,SICAGEN,Basic Materials,Steel,52.7,47.89,0,26.07,E Avoid,17,40.0,10,0.01,120.34,27.56,Bearish,44.69,0.0,24.12,E Avoid,1.95,3.2,0.0,No Major Change
07.10.2026 at 10:09 AM IST,IFGLEXPOR,Basic Materials,Building Materials,183.46,34.25,15,9.37,E Avoid,13,38.0,10,0.26,55.0,39.85,Bearish,29.75,15.0,7.42,E Avoid,1.95,4.5,0.0,No Major Change
07.10.2026 at 10:09 AM IST,JAICORPLTD,Basic Materials,Specialty Chemicals,92.77,45.0,15,3.97,E Avoid,35,15.0,0,1.7,6.01,46.21,Bearish,35.48,15.0,2.02,E Avoid,1.95,9.52,0.0,No Major Change
07.10.2026 at 10:09 AM IST,SUKHJITS,Basic Materials,Specialty Chemicals,151.39,32.99,15,2.52,E Avoid,18,23.0,0,0.14,10.97,34.07,Bearish,27.65,15.0,0.57,E Avoid,1.95,5.34,0.0,No Major Change
07.10.2026 at 10:09 AM IST,VIVIDHA,Consumer Cyclical,Textile Manufacturing,0.51,45.98,15,1.94,E Avoid,17,14.0,10,0.14,18.6,37.8,Bearish,45.98,15.0,0.0,E Avoid,1.94,0.0,0.0,No Major Change
07.10.2026 at 10:09 AM IST,JAGRAN,Communication Services,Publishing,61.93,48.32,0,28.29,E Avoid,37,30.0,18,0.06,19.35,10.0,Bearish,46.23,0.0,26.37,E Avoid,1.92,2.09,0.0,No Major Change
07.10.2026 at 10:09 AM IST,GABRIEL,Consumer Cyclical,Auto Parts,1353.5,50.02,0,35.03,D Weak,40,32.0,30,0.07,70.45,15.23,Bearish,49.64,0.0,33.12,E Avoid,1.91,0.38,0.0,Band Changed: E Avoid → D Weak
07.10.2026 at 10:09 AM IST,BLUESTONE,Consumer Cyclical,Luxury Goods,824.0,50.41,0,28.78,E Avoid,40,10.0,40,0.1,106.1,15.04,Bearish,48.81,0.0,26.87,E Avoid,1.91,1.6,0.0,No Major Change
07.10.2026 at 10:09 AM IST,FIBERWEB,Consumer Cyclical,Textile Manufacturing,26.82,50.96,15,2.98,E Avoid,33,8.0,8,0.02,6.98,42.32,Bearish,47.78,15.0,1.07,E Avoid,1.91,3.18,0.0,No Major Change
07.10.2026 at 10:09 AM IST,UJJIVANSFB,Financial Services,Banks - Regional,66.12,51.13,0,33.87,E Avoid,40,45.0,18,0.17,39.76,10.58,Bearish,48.38,0.0,32.0,E Avoid,1.87,2.75,0.0,No Major Change
07.10.2026 at 10:09 AM IST,ADSL,Technology,Information Technology Services,103.45,47.68,15,6.11,E Avoid,17,32.0,8,0.05,21.61,48.22,Bearish,48.55,15.0,4.28,E Avoid,1.83,-0.87,0.0,No Major Change
07.10.2026 at 10:09 AM IST,ARIHANT,Real Estate,Real Estate - Development,930.0,51.74,0,28.12,E Avoid,25,43.0,10,0.0,2245.52,24.08,Bearish,48.81,0.0,26.3,E Avoid,1.82,2.93,0.0,No Major Change
07.10.2026 at 10:09 AM IST,WABAG,Industrials,Engineering & Construction,2009.2,46.33,0,36.14,D Weak,32,37.0,28,0.15,94.98,13.36,Bearish,46.1,0.0,34.37,E Avoid,1.77,0.23,0.0,Band Changed: E Avoid → D Weak
07.10.2026 at 10:09 AM IST,PATINTLOG,Industrials,Integrated Freight & Logistics,13.34,48.12,0,35.74,D Weak,32,43.0,18,0.02,68.99,16.7,Bearish,45.17,0.0,33.97,E Avoid,1.77,2.95,0.0,Band Changed: E Avoid → D Weak
07.10.2026 at 10:09 AM IST,INOXINDIA,Industrials,Specialty Industrial Machinery,2099.4,50.11,0,35.39,D Weak,55,30.0,30,0.33,96.77,10.26,Bullish,48.63,0.0,33.62,E Avoid,1.77,1.48,0.0,Band Changed: E Avoid → D Weak
07.10.2026 at 10:09 AM IST,ASTRAL,Industrials,Building Products & Equipment,1436.0,53.55,15,15.49,E Avoid,33,33.0,10,0.39,9.66,18.68,Bearish,47.19,15.0,13.72,E Avoid,1.77,6.36,0.0,No Major Change
07.10.2026 at 10:09 AM IST,STERTOOLS,Industrials,Tools & Accessories,220.5,48.57,15,1.89,E Avoid,17,16.0,8,0.15,44.04,33.35,Bearish,46.51,15.0,0.12,E Avoid,1.77,2.06,0.0,No Major Change
07.10.2026 at 10:09 AM IST,EMCURE,Healthcare,Drug Manufacturers - Specialty & Generic,1913.7,45.3,0,36.55,D Weak,27,38.0,38,0.04,46.76,8.9,Bearish,47.19,0.0,34.82,E Avoid,1.73,-1.89,0.0,Band Changed: E Avoid → D Weak
07.10.2026 at 10:09 AM IST,KAMDHENU,Basic Materials,Steel,38.82,53.11,0,44.47,D Weak,55,44.0,40,0.81,142.83,11.17,Bullish,45.46,0.0,42.77,D Weak,1.7,7.65,0.0,No Major Change
07.10.2026 at 10:09 AM IST,BVCL,Basic Materials,Building Materials,41.8,50.31,15,5.32,E Avoid,25,25.0,0,0.07,33.97,23.86,Bearish,48.36,15.0,3.62,E Avoid,1.7,1.95,0.0,No Major Change
07.10.2026 at 10:09 AM IST,RGL,Consumer Cyclical,Luxury Goods,164.26,60.27,0,51.78,C Neutral,65,37.0,65,0.07,93.25,5.49,Bullish,59.71,0.0,50.12,C Neutral,1.66,0.56,0.0,Fresh Momentum
07.10.2026 at 10:09 AM IST,FIEMIND,Consumer Cyclical,Auto Parts,1792.0,30.6,15,13.03,E Avoid,21,44.0,0,0.12,2.28,33.0,Bearish,28.73,15.0,11.37,E Avoid,1.66,1.87,0.0,No Major Change
07.10.2026 at 10:09 AM IST,IEX,Financial Services,Capital Markets,107.08,35.3,15,9.62,E Avoid,21,45.0,0,0.67,3.02,31.31,Bearish,26.49,15.0,8.0,E Avoid,1.62,8.81,0.0,No Major Change
07.10.2026 at 10:09 AM IST,PFC,Financial Services,Credit Services,326.75,34.89,15,8.92,E Avoid,21,39.0,0,0.32,4.28,31.47,Bearish,29.26,15.0,7.3,E Avoid,1.62,5.63,0.0,No Major Change
07.10.2026 at 10:09 AM IST,XELPMOC,Technology,Information Technology Services,88.8,59.66,15,9.81,E Avoid,40,14.0,25,0.14,24.89,42.89,Bullish,55.29,15.0,8.23,E Avoid,1.58,4.37,0.0,No Major Change
07.10.2026 at 10:09 AM IST,DRREDDY,Unknown,Unknown,1212.9,55.86,15,2.8,E Avoid,45,0.0,18,0.14,10.16,13.73,Bullish,54.39,15.0,1.31,E Avoid,1.49,1.47,0.0,No Major Change
07.10.2026 at 10:09 AM IST,RPGLIFE,Healthcare,Drug Manufacturers - Specialty & Generic,2942.0,55.38,0,52.4,C Neutral,65,40.0,55,0.05,71.44,5.94,Bullish,54.99,0.0,50.92,C Neutral,1.48,0.39,0.0,No Major Change
07.10.2026 at 10:09 AM IST,KOPRAN,Healthcare,Drug Manufacturers - General,272.5,58.43,0,47.2,C Neutral,65,22.0,65,0.03,159.05,7.89,Bullish,57.55,0.0,45.72,C Neutral,1.48,0.88,0.0,No Major Change
07.10.2026 at 10:09 AM IST,PGHH,Consumer Defensive,Household & Personal Products,6943.5,31.86,15,4.3,E Avoid,21,23.0,0,0.14,5.54,50.99,Bearish,27.16,15.0,2.82,E Avoid,1.48,4.7,0.0,No Major Change
07.10.2026 at 10:09 AM IST,PREMIERPOL,Basic Materials,Specialty Chemicals,99.55,61.13,0,52.67,C Neutral,60,43.0,65,0.18,162.45,6.13,Bullish,58.16,0.0,51.22,C Neutral,1.45,2.97,0.0,Fresh Momentum
07.10.2026 at 10:09 AM IST,YASHO,Basic Materials,Specialty Chemicals,4393.0,60.96,0,45.82,C Neutral,55,26.0,65,0.61,288.82,12.03,Bullish,57.97,0.0,44.37,D Weak,1.45,2.99,0.0,"Fresh Momentum, Band Changed: D Weak → C Neutral"
07.10.2026 at 10:09 AM IST,NEOGEN,Basic Materials,Specialty Chemicals,2431.3,57.42,0,44.77,D Weak,65,23.0,55,0.09,151.63,2.74,Bullish,57.29,0.0,43.32,D Weak,1.45,0.13,0.0,No Major Change
07.10.2026 at 10:09 AM IST,SATIA,Basic Materials,Paper & Paper Products,69.4,64.49,0,32.12,E Avoid,55,0.0,55,0.24,37.43,15.47,Bullish,64.1,0.0,30.67,E Avoid,1.45,0.39,0.0,No Major Change
07.10.2026 at 10:09 AM IST,LUMAXTECH,Consumer Cyclical,Auto Parts,1845.7,38.38,0,31.84,E Avoid,23,32.0,30,0.33,65.33,15.72,Bearish,39.7,5.0,30.67,E Avoid,1.17,-1.32,-5.0,Risk Reduced
07.10.2026 at 10:09 AM IST,SHEMAROO,Communication Services,Entertainment,110.56,32.22,0,13.74,E Avoid,33,0.0,10,1.77,51.45,22.69,Bearish,34.99,0.0,12.57,E Avoid,1.17,-2.77,0.0,No Major Change
07.10.2026 at 10:09 AM IST,LGHL,Consumer Cyclical,Luxury Goods,214.9,68.56,15,9.34,E Avoid,40,5.0,25,0.14,27.92,45.59,Bullish,67.87,15.0,8.17,E Avoid,1.17,0.69,0.0,No Major Change
07.10.2026 at 10:09 AM IST,COFFEEDAY,Consumer Cyclical,Restaurants,30.14,46.88,15,3.34,E Avoid,17,19.0,10,0.21,43.52,32.72,Bearish,46.11,15.0,2.17,E Avoid,1.17,0.77,0.0,No Major Change
07.10.2026 at 10:09 AM IST,MOTISONS,Consumer Cyclical,Luxury Goods,17.72,55.44,0,47.48,C Neutral,55,41.0,48,0.05,66.85,10.41,Bullish,54.56,0.0,46.32,C Neutral,1.16,0.88,0.0,No Major Change
07.10.2026 at 10:09 AM IST,TIMEX,Consumer Cyclical,Luxury Goods,739.25,65.09,0,41.93,D Weak,50,38.0,35,0.12,128.87,1.17,Bullish,63.41,0.0,40.77,D Weak,1.16,1.68,0.0,No Major Change
07.10.2026 at 10:09 AM IST,NILKAMAL,Consumer Cyclical,"Furnishings, Fixtures & Appliances",1821.1,38.0,0,32.08,E Avoid,28,29.0,40,0.12,76.04,15.28,Bearish,36.31,0.0,30.92,E Avoid,1.16,1.69,0.0,No Major Change
07.10.2026 at 10:09 AM IST,MUNJALAU,Consumer Cyclical,Auto Parts,107.29,49.82,0,31.98,E Avoid,32,29.0,30,0.13,61.06,17.13,Bearish,46.76,0.0,30.82,E Avoid,1.16,3.06,0.0,No Major Change
07.10.2026 at 10:09 AM IST,DEVYANI,Consumer Cyclical,Restaurants,130.15,41.22,0,17.28,E Avoid,28,0.0,20,0.06,42.16,23.33,Bearish,39.28,0.0,16.12,E Avoid,1.16,1.94,0.0,No Major Change
07.10.2026 at 10:09 AM IST,AASTHA,Consumer Cyclical,Textile Manufacturing,30.27,35.77,0,17.18,E Avoid,21,20.0,0,0.16,3.35,56.7,Bearish,33.82,0.0,16.02,E Avoid,1.16,1.95,0.0,No Major Change
07.10.2026 at 10:09 AM IST,MOKSH,Consumer Cyclical,Luxury Goods,9.4,37.08,15,9.48,E Avoid,18,39.0,0,0.01,15.91,43.54,Bearish,34.43,15.0,8.32,E Avoid,1.16,2.65,0.0,No Major Change
07.10.2026 at 10:09 AM IST,NDRAUTO,Consumer Cyclical,Auto Parts,713.2,44.08,15,6.68,E Avoid,18,31.0,0,0.12,18.45,33.49,Bearish,41.17,15.0,5.52,E Avoid,1.16,2.91,0.0,No Major Change
07.10.2026 at 10:09 AM IST,BYKE,Consumer Cyclical,Lodging,29.75,42.43,15,4.23,E Avoid,18,25.0,0,0.07,13.33,59.28,Bearish,39.75,15.0,3.07,E Avoid,1.16,2.68,0.0,No Major Change
07.10.2026 at 10:09 AM IST,SAFARI,Consumer Cyclical,Footwear & Accessories,1333.9,25.62,15,1.13,E Avoid,14,22.0,0,0.18,2.61,46.73,Bearish,21.02,25.0,0.0,E Avoid,1.13,4.6,-10.0,Risk Reduced Sharply
07.10.2026 at 10:09 AM IST,AIIL,Financial Services,Capital Markets,552.5,53.35,0,42.27,D Weak,55,40.0,38,0.06,38.12,19.11,Bullish,52.41,0.0,41.15,D Weak,1.12,0.94,0.0,No Major Change
07.10.2026 at 10:09 AM IST,IIFLCAPS,Financial Services,Capital Markets,345.7,57.0,0,36.67,D Weak,55,28.0,38,0.04,43.8,15.17,Bullish,56.03,0.0,35.55,D Weak,1.12,0.97,0.0,No Major Change
07.10.2026 at 10:09 AM IST,5PAISA,Financial Services,Capital Markets,351.75,60.33,0,30.62,E Avoid,55,25.0,18,0.07,43.28,15.64,Bullish,59.52,0.0,29.5,E Avoid,1.12,0.81,0.0,Fresh Momentum
07.10.2026 at 10:09 AM IST,MANAPPURAM,Financial Services,Credit Services,313.25,41.44,0,29.22,E Avoid,28,38.0,10,0.25,28.35,17.66,Bearish,38.76,0.0,28.1,E Avoid,1.12,2.68,0.0,No Major Change
07.10.2026 at 10:09 AM IST,CARERATING,Financial Services,Financial Data & Stock Exchanges,1606.2,41.83,15,15.22,E Avoid,18,52.0,10,0.16,16.3,11.88,Bearish,36.84,15.0,14.1,E Avoid,1.12,4.99,0.0,No Major Change
07.10.2026 at 10:09 AM IST,INDIASHLTR,Financial Services,Mortgage Finance,636.6,39.06,15,9.97,E Avoid,21,42.0,0,0.05,2.65,30.2,Bearish,39.13,15.0,8.85,E Avoid,1.12,-0.07,0.0,No Major Change
07.10.2026 at 10:09 AM IST,CSBBANK,Financial Services,Banks - Regional,307.0,39.04,15,9.62,E Avoid,21,45.0,0,0.07,4.07,46.55,Bearish,37.78,15.0,8.5,E Avoid,1.12,1.26,0.0,No Major Change
07.10.2026 at 10:09 AM IST,AFSL,Financial Services,Capital Markets,201.05,45.41,15,9.22,E Avoid,25,37.0,0,0.05,3.42,11.43,Bearish,45.2,15.0,8.1,E Avoid,1.12,0.21,0.0,No Major Change
07.10.2026 at 10:09 AM IST,BANDHANBNK,Financial Services,Banks - Regional,165.44,39.84,15,6.42,E Avoid,18,38.0,0,0.21,24.3,24.41,Bearish,38.27,15.0,5.3,E Avoid,1.12,1.57,0.0,No Major Change
07.10.2026 at 10:09 AM IST,BAIDFIN,Financial Services,Credit Services,10.35,48.14,15,4.82,E Avoid,37,7.0,18,0.01,18.79,19.46,Bullish,47.57,15.0,3.7,E Avoid,1.12,0.57,0.0,No Major Change
07.10.2026 at 10:09 AM IST,DIGISPICE,Financial Services,Financial Conglomerates,15.28,37.58,15,1.92,E Avoid,21,23.0,0,0.11,6.11,46.37,Bearish,33.9,15.0,0.8,E Avoid,1.12,3.68,0.0,No Major Change
07.10.2026 at 10:09 AM IST,TECILCHEM,Financial Services,Shell Companies,9.56,53.06,15,1.12,E Avoid,50,0.0,0,1.13,19.5,56.7,Bullish,48.43,15.0,0.0,E Avoid,1.12,4.63,0.0,No Major Change
07.10.2026 at 10:09 AM IST,ANTELOPUS,Energy,Oil & Gas E&P,1138.9,56.75,0,60.32,B Watchlist,55,73.0,58,0.06,219.02,11.77,Bullish,53.25,0.0,59.22,B Watchlist,1.1,3.5,0.0,No Major Change
07.10.2026 at 10:09 AM IST,CHENNPETRO,Energy,Oil & Gas Refining & Marketing,1480.4,58.42,0,43.76,D Weak,60,36.0,40,1.27,117.24,11.75,Bullish,50.23,0.0,42.67,D Weak,1.09,8.19,0.0,No Major Change
07.10.2026 at 10:09 AM IST,DCI,Technology,Electronics & Computer Distribution,344.35,61.25,0,29.06,E Avoid,55,19.0,20,0.03,64.84,27.48,Bullish,60.83,0.0,27.98,E Avoid,1.08,0.42,0.0,No Major Change
07.10.2026 at 10:09 AM IST,HAPPSTMNDS,Technology,Information Technology Services,303.65,26.23,15,9.66,E Avoid,14,50.0,0,0.13,1.22,42.33,Bearish,25.83,15.0,8.58,E Avoid,1.08,0.4,0.0,No Major Change
07.10.2026 at 10:09 AM IST,TATAELXSI,Technology,Software - Application,3095.0,25.7,15,9.31,E Avoid,14,44.0,0,0.22,1.6,47.05,Bearish,25.35,15.0,8.23,E Avoid,1.08,0.35,0.0,No Major Change
07.10.2026 at 10:09 AM IST,KFINTECH,Technology,Software - Application,868.55,44.17,15,8.91,E Avoid,18,40.0,0,0.18,12.15,27.55,Bearish,42.59,15.0,7.83,E Avoid,1.08,1.58,0.0,No Major Change
07.10.2026 at 10:09 AM IST,TREJHARA,Technology,Software - Application,131.62,39.25,15,5.81,E Avoid,21,34.0,0,0.07,3.61,53.79,Bearish,37.97,15.0,4.73,E Avoid,1.08,1.28,0.0,No Major Change
07.10.2026 at 10:09 AM IST,FMNL,Real Estate,Real Estate Services,8.0,37.44,15,1.87,E Avoid,18,26.0,0,0.0,18.69,39.8,Bearish,36.79,15.0,0.8,E Avoid,1.07,0.65,0.0,No Major Change
07.10.2026 at 10:09 AM IST,GESHIP,Industrials,Marine Shipping,1549.1,66.58,0,52.79,C Neutral,55,56.0,45,0.13,59.4,12.32,Bullish,64.37,0.0,51.77,C Neutral,1.02,2.21,0.0,No Major Change
07.10.2026 at 10:09 AM IST,INTLCONV,Industrials,Specialty Industrial Machinery,80.48,58.28,0,43.69,D Weak,55,40.0,38,0.08,35.03,29.27,Bullish,56.64,0.0,42.67,D Weak,1.02,1.64,0.0,No Major Change
07.10.2026 at 10:09 AM IST,EPACKPEB,Industrials,Engineering & Construction,255.69,62.13,0,37.69,D Weak,55,29.0,28,0.53,93.46,25.67,Bullish,56.53,0.0,36.67,D Weak,1.02,5.6,0.0,Fresh Momentum
07.10.2026 at 10:09 AM IST,PVP,Industrials,Conglomerates,52.85,44.88,0,36.64,D Weak,43,22.0,40,0.04,129.78,26.64,Bullish,41.0,0.0,35.62,D Weak,1.02,3.88,0.0,No Major Change
07.10.2026 at 10:09 AM IST,QUESS,Industrials,Staffing & Employment Services,336.55,44.83,0,34.59,E Avoid,28,39.0,30,0.16,107.06,13.43,Bearish,43.18,0.0,33.57,E Avoid,1.02,1.65,0.0,No Major Change
07.10.2026 at 10:09 AM IST,METROGLOBL,Industrials,Conglomerates,132.97,49.64,0,29.79,E Avoid,22,46.0,0,0.87,23.06,17.96,Bearish,45.06,0.0,28.77,E Avoid,1.02,4.58,0.0,No Major Change
07.10.2026 at 10:09 AM IST,JKIPL,Industrials,Industrial Distribution,95.1,42.76,0,25.29,E Avoid,23,15.0,30,0.32,109.47,23.92,Bearish,43.81,0.0,24.27,E Avoid,1.02,-1.05,0.0,No Major Change
07.10.2026 at 10:09 AM IST,GLOBECIVIL,Industrials,Engineering & Construction,41.81,41.81,15,8.24,E Avoid,18,27.0,10,0.03,24.81,47.74,Bearish,44.86,15.0,7.22,E Avoid,1.02,-3.05,0.0,No Major Change
07.10.2026 at 10:09 AM IST,SADBHAV,Industrials,Engineering & Construction,7.01,38.45,15,4.34,E Avoid,18,27.0,0,0.31,15.87,52.31,Bearish,33.56,15.0,3.32,E Avoid,1.02,4.89,0.0,No Major Change
07.10.2026 at 10:09 AM IST,NIBL,Industrials,Tools & Accessories,31.34,47.03,15,3.99,E Avoid,22,0.0,38,0.07,23.87,23.19,Bearish,46.25,15.0,2.97,E Avoid,1.02,0.78,0.0,No Major Change
07.10.2026 at 10:09 AM IST,INNOVACAP,Healthcare,Drug Manufacturers - Specialty & Generic,1142.3,45.66,0,38.5,D Weak,47,35.0,30,0.07,83.65,15.6,Bullish,45.84,0.0,37.52,D Weak,0.98,-0.18,0.0,No Major Change
07.10.2026 at 10:09 AM IST,MGEL,Consumer Defensive,Farm Products,15.85,55.19,0,35.15,D Weak,55,31.0,28,0.0,66.42,11.35,Bullish,54.15,0.0,34.17,E Avoid,0.98,1.04,0.0,Band Changed: E Avoid → D Weak
07.10.2026 at 10:09 AM IST,DOLLEX,Consumer Defensive,Confectioners,37.5,54.62,0,32.45,E Avoid,55,9.0,48,0.01,44.23,12.69,Bullish,52.0,0.0,31.47,E Avoid,0.98,2.62,0.0,No Major Change
07.10.2026 at 10:09 AM IST,NGIL,Consumer Defensive,Packaged Foods,36.9,44.37,0,24.95,E Avoid,28,31.0,10,0.02,67.65,15.93,Bearish,41.77,0.0,23.97,E Avoid,0.98,2.6,0.0,No Major Change
07.10.2026 at 10:09 AM IST,KOHINOOR,Consumer Defensive,Packaged Foods,29.07,41.93,0,23.95,E Avoid,28,24.0,20,0.14,51.41,24.43,Bearish,40.85,0.0,22.97,E Avoid,0.98,1.08,0.0,No Major Change
07.10.2026 at 10:09 AM IST,FABTECH,Healthcare,Health Information Services,142.81,39.81,15,5.3,E Avoid,21,27.0,0,0.13,8.06,45.44,Bearish,34.67,15.0,4.32,E Avoid,0.98,5.14,0.0,No Major Change
07.10.2026 at 10:09 AM IST,ALPA,Healthcare,Drug Manufacturers - Specialty & Generic,59.24,39.85,15,2.25,E Avoid,13,25.0,0,0.05,28.5,36.88,Bearish,37.05,15.0,1.27,E Avoid,0.98,2.8,0.0,No Major Change
07.10.2026 at 10:09 AM IST,UNITECH,Real Estate,Real Estate - Diversified,4.09,51.86,15,0.97,E Avoid,40,2.0,8,0.35,31.94,46.68,Bullish,47.36,15.0,0.0,E Avoid,0.97,4.5,0.0,No Major Change
07.10.2026 at 10:09 AM IST,MUKANDLTD,Basic Materials,Steel,186.73,79.28,0,45.77,C Neutral,52,36.0,65,0.57,66.85,2.08,Bullish,76.5,0.0,44.82,D Weak,0.95,2.78,0.0,Band Changed: D Weak → C Neutral
07.10.2026 at 10:09 AM IST,FLUOROCHEM,Basic Materials,Specialty Chemicals,4594.4,55.49,0,44.12,D Weak,65,36.0,30,0.1,57.63,7.29,Bullish,54.5,0.0,43.17,D Weak,0.95,0.99,0.0,No Major Change
07.10.2026 at 10:09 AM IST,SHIVAUM,Basic Materials,Steel,558.95,86.22,0,39.82,D Weak,52,19.0,65,0.22,103.25,0.88,Bullish,80.54,0.0,38.87,D Weak,0.95,5.68,0.0,No Major Change
07.10.2026 at 10:09 AM IST,MIDWESTLTD,Basic Materials,Building Materials,1040.7,56.1,15,20.47,E Avoid,45,51.0,0,2.59,21.01,44.05,Bearish,51.41,15.0,19.52,E Avoid,0.95,4.69,0.0,No Major Change
07.10.2026 at 10:09 AM IST,JSWCEMENT,Basic Materials,Building Materials,112.48,33.25,15,6.62,E Avoid,26,28.0,0,1.42,5.86,21.56,Bearish,34.96,15.0,5.67,E Avoid,0.95,-1.71,0.0,No Major Change
07.10.2026 at 10:09 AM IST,CENTURYPLY,Basic Materials,Lumber & Wood Production,683.1,40.15,15,6.37,E Avoid,18,33.0,0,0.13,10.59,20.37,Bearish,38.0,15.0,5.42,E Avoid,0.95,2.15,0.0,No Major Change
07.10.2026 at 10:09 AM IST,JKCEMENT,Basic Materials,Building Materials,4992.5,47.92,15,2.17,E Avoid,25,16.0,0,0.05,7.27,25.92,Bearish,46.12,15.0,1.22,E Avoid,0.95,1.8,0.0,No Major Change
07.10.2026 at 10:09 AM IST,JAIPURKURT,Consumer Cyclical,Apparel Manufacturing,29.06,70.65,15,16.34,E Avoid,47,20.0,25,5.48,21.54,32.01,Bullish,62.67,15.0,15.42,E Avoid,0.92,7.98,0.0,RSI Overbought
07.10.2026 at 10:09 AM IST,ENRIN,Utilities,Utilities - Renewable,3320.3,56.03,0,38.41,D Weak,55,47.0,18,0.13,57.24,16.32,Bullish,54.94,0.0,37.5,D Weak,0.91,1.09,0.0,No Major Change
07.10.2026 at 10:09 AM IST,SUNDRMFAST,Consumer Cyclical,Auto Parts,1154.6,45.86,0,36.58,D Weak,32,32.0,40,0.12,58.92,14.3,Bearish,41.58,0.0,35.67,D Weak,0.91,4.28,0.0,No Major Change
07.10.2026 at 10:09 AM IST,RAJPALAYAM,Consumer Cyclical,Textile Manufacturing,768.0,48.46,0,25.98,E Avoid,17,44.0,0,0.0,144.39,12.17,Bearish,40.63,0.0,25.07,E Avoid,0.91,7.83,0.0,No Major Change
07.10.2026 at 10:09 AM IST,IGARASHI,Consumer Cyclical,Auto Parts,409.15,45.64,0,25.93,E Avoid,32,26.0,10,0.03,51.39,26.46,Bearish,40.63,0.0,25.02,E Avoid,0.91,5.01,0.0,No Major Change
07.10.2026 at 10:09 AM IST,SRTL,Consumer Cyclical,Textile Manufacturing,37.3,45.69,0,23.78,E Avoid,25,32.0,0,0.28,4.34,49.15,Bearish,40.36,0.0,22.87,E Avoid,0.91,5.33,0.0,No Major Change
07.10.2026 at 10:09 AM IST,ADANIENSOL,Utilities,Utilities - Independent Power Producers,1355.5,44.03,0,23.71,E Avoid,28,33.0,10,0.16,68.78,24.23,Bearish,42.91,0.0,22.8,E Avoid,0.91,1.12,0.0,No Major Change
07.10.2026 at 10:09 AM IST,IGL,Utilities,Utilities - Regulated Gas,141.73,37.9,15,4.46,E Avoid,21,30.0,0,0.12,2.88,34.7,Bearish,36.57,15.0,3.55,E Avoid,0.91,1.33,0.0,No Major Change
07.10.2026 at 10:09 AM IST,RELCHEMQ,Consumer Cyclical,Textile Manufacturing,114.89,47.45,15,3.78,E Avoid,25,19.0,8,0.0,9.87,29.22,Bearish,44.28,15.0,2.87,E Avoid,0.91,3.17,0.0,No Major Change
07.10.2026 at 10:09 AM IST,SOMATEX,Consumer Cyclical,Textile Manufacturing,81.01,46.96,15,2.78,E Avoid,22,17.0,0,0.24,19.08,49.53,Bearish,42.91,15.0,1.87,E Avoid,0.91,4.05,0.0,No Major Change
07.10.2026 at 10:09 AM IST,FEDFINA,Financial Services,Credit Services,150.93,45.18,0,29.87,E Avoid,32,37.0,10,0.12,26.76,15.44,Bearish,44.67,0.0,29.0,E Avoid,0.87,0.51,0.0,No Major Change
07.10.2026 at 10:09 AM IST,THEINVEST,Financial Services,Capital Markets,92.4,45.49,15,10.27,E Avoid,25,40.0,0,0.03,3.82,39.35,Bearish,40.38,15.0,9.4,E Avoid,0.87,5.11,0.0,No Major Change
07.10.2026 at 10:09 AM IST,RECLTD,Financial Services,Credit Services,303.0,45.36,15,6.42,E Avoid,25,29.0,0,0.23,5.87,20.54,Bearish,42.69,15.0,5.55,E Avoid,0.87,2.67,0.0,No Major Change
07.10.2026 at 10:09 AM IST,KICL,Financial Services,Asset Management,4905.0,46.24,15,2.92,E Avoid,22,18.0,10,0.28,22.51,25.03,Bearish,40.76,15.0,2.05,E Avoid,0.87,5.48,0.0,No Major Change
07.10.2026 at 10:09 AM IST,JINDRILL,Energy,Oil & Gas Equipment & Services,605.0,49.01,0,27.86,E Avoid,32,32.0,10,0.11,37.69,14.11,Bearish,44.69,0.0,27.02,E Avoid,0.84,4.32,0.0,No Major Change
07.10.2026 at 10:09 AM IST,TOUCHWOOD,Communication Services,Advertising Agencies,58.53,38.0,15,0.84,E Avoid,36,11.0,0,5.98,2.68,48.2,Bearish,40.46,15.0,0.0,E Avoid,0.84,-2.46,0.0,Fresh Weakness
07.10.2026 at 10:09 AM IST,CAMS,Technology,Information Technology Services,698.4,45.3,15,11.66,E Avoid,22,45.0,0,0.3,15.19,16.65,Bearish,42.57,15.0,10.83,E Avoid,0.83,2.73,0.0,No Major Change
07.10.2026 at 10:09 AM IST,UNIECOM,Technology,Software - Application,82.31,46.11,15,6.11,E Avoid,25,32.0,0,0.03,4.84,42.78,Bearish,44.86,15.0,5.28,E Avoid,0.83,1.25,0.0,No Major Change
07.10.2026 at 10:09 AM IST,ALANKIT,Technology,Information Technology Services,7.77,47.25,15,0.81,E Avoid,22,19.0,0,0.46,14.26,40.64,Bearish,40.51,15.0,0.0,E Avoid,0.81,6.74,0.0,No Major Change
07.10.2026 at 10:09 AM IST,REPRO,Industrials,Specialty Business Services,301.0,45.49,15,7.84,E Avoid,25,28.0,0,0.03,9.02,48.98,Bearish,43.33,15.0,7.07,E Avoid,0.77,2.16,0.0,No Major Change
07.10.2026 at 10:09 AM IST,PRINCEPIPE,Industrials,Building Products & Equipment,259.95,45.17,15,5.19,E Avoid,17,24.0,10,0.31,27.25,25.93,Bearish,43.47,15.0,4.42,E Avoid,0.77,1.7,0.0,No Major Change
07.10.2026 at 10:09 AM IST,AVANTIFEED,Consumer Defensive,Packaged Foods,721.4,32.65,15,4.25,E Avoid,18,29.0,0,0.3,14.71,54.22,Bearish,28.91,15.0,3.52,E Avoid,0.73,3.74,0.0,No Major Change
07.10.2026 at 10:09 AM IST,TAINWALCHM,Basic Materials,Specialty Chemicals,204.49,45.66,0,19.02,E Avoid,32,10.0,20,0.0,33.91,19.24,Bearish,41.69,0.0,18.32,E Avoid,0.7,3.97,0.0,No Major Change
07.10.2026 at 10:09 AM IST,RESPONIND,Basic Materials,Specialty Chemicals,159.26,47.21,15,11.32,E Avoid,17,36.0,18,0.04,35.91,33.85,Bearish,44.19,15.0,10.62,E Avoid,0.7,3.02,0.0,No Major Change
07.10.2026 at 10:09 AM IST,BONLON,Basic Materials,Other Industrial Metals & Mining,39.76,46.97,0,10.27,E Avoid,17,2.0,0,0.54,15.21,30.25,Bearish,44.62,0.0,9.57,E Avoid,0.7,2.35,0.0,No Major Change
07.10.2026 at 10:09 AM IST,KUANTUM,Basic Materials,Paper & Paper Products,76.05,46.21,15,3.37,E Avoid,17,18.0,10,0.02,20.82,29.43,Bearish,44.02,15.0,2.67,E Avoid,0.7,2.19,0.0,No Major Change
07.10.2026 at 10:09 AM IST,MCL,Basic Materials,Copper,55.79,47.18,15,3.37,E Avoid,17,22.0,10,0.18,32.83,40.14,Bearish,44.55,15.0,2.67,E Avoid,0.7,2.63,0.0,No Major Change
07.10.2026 at 10:09 AM IST,GKWLIMITED,Industrials,Specialty Business Services,1550.0,45.57,15,0.69,E Avoid,37,4.0,0,3.56,12.73,20.01,Bearish,44.78,15.0,0.0,E Avoid,0.69,0.79,0.0,No Major Change
07.10.2026 at 10:09 AM IST,MENONBE,Consumer Cyclical,Auto Parts,311.15,60.5,0,52.14,C Neutral,65,40.0,58,0.54,209.36,5.71,Bullish,57.37,0.0,51.47,C Neutral,0.67,3.13,0.0,Fresh Momentum
07.10.2026 at 10:09 AM IST,STYLEBAAZA,Consumer Cyclical,Apparel Retail,381.95,51.17,0,29.68,E Avoid,55,9.0,30,0.13,66.1,14.57,Bullish,48.7,0.0,29.02,E Avoid,0.66,2.47,0.0,No Major Change
07.10.2026 at 10:09 AM IST,HEROMOTOCO,Consumer Cyclical,Auto Manufacturers,5013.5,34.01,15,10.43,E Avoid,16,33.0,10,0.13,8.9,18.82,Bearish,36.89,15.0,9.77,E Avoid,0.66,-2.88,0.0,No Major Change
07.10.2026 at 10:09 AM IST,SURANAT&P,Utilities,Utilities - Independent Power Producers,15.92,45.62,15,3.36,E Avoid,25,27.0,0,0.07,2.71,34.0,Bearish,41.72,15.0,2.7,E Avoid,0.66,3.9,0.0,No Major Change
07.10.2026 at 10:09 AM IST,MUFIN,Financial Services,Credit Services,136.0,58.09,0,41.27,D Weak,65,26.0,38,0.55,59.76,3.89,Bullish,56.04,0.0,40.65,D Weak,0.62,2.05,0.0,No Major Change
07.10.2026 at 10:09 AM IST,SPCENET,Financial Services,Capital Markets,3.34,51.23,20,3.37,E Avoid,30,31.0,0,0.49,11.64,70.2,Bearish,49.61,20.0,2.75,E Avoid,0.62,1.62,0.0,No Major Change
07.10.2026 at 10:09 AM IST,TATAINVEST,Financial Services,Asset Management,621.7,40.77,15,3.32,E Avoid,13,27.0,8,0.03,15.97,42.25,Bearish,41.26,15.0,2.7,E Avoid,0.62,-0.49,0.0,No Major Change
07.10.2026 at 10:09 AM IST,AMJLAND,Real Estate,Real Estate - Development,37.95,50.57,15,5.77,E Avoid,25,22.0,10,0.02,25.9,33.53,Bearish,48.16,15.0,5.2,E Avoid,0.57,2.41,0.0,No Major Change
07.10.2026 at 10:09 AM IST,ERIS,Healthcare,Drug Manufacturers - Specialty & Generic,1188.1,23.09,25,0.55,E Avoid,14,39.0,0,0.6,2.17,31.35,Bearish,21.33,25.0,0.0,E Avoid,0.55,1.76,0.0,No Major Change
07.10.2026 at 10:09 AM IST,DIFFNKG,Industrials,Specialty Industrial Machinery,447.7,52.84,0,47.74,C Neutral,50,43.0,48,0.06,107.28,13.89,Bullish,56.12,0.0,47.22,C Neutral,0.52,-3.28,0.0,No Major Change
07.10.2026 at 10:09 AM IST,INTERARCH,Industrials,Engineering & Construction,1711.0,53.02,15,10.19,E Avoid,33,29.0,0,0.26,7.74,37.6,Bearish,46.8,15.0,9.67,E Avoid,0.52,6.22,0.0,No Major Change
07.10.2026 at 10:09 AM IST,TI,Consumer Defensive,Beverages - Wineries & Distilleries,554.5,52.42,0,32.85,E Avoid,65,3.0,48,0.25,45.61,8.77,Bullish,49.61,0.0,32.37,E Avoid,0.48,2.81,0.0,No Major Change
07.10.2026 at 10:09 AM IST,DWARKESH,Consumer Defensive,Confectioners,46.88,58.66,0,28.9,E Avoid,55,4.0,38,0.45,46.29,21.74,Bullish,58.6,0.0,28.42,E Avoid,0.48,0.06,0.0,No Major Change
07.10.2026 at 10:09 AM IST,BROOKS,Healthcare,Drug Manufacturers - Specialty & Generic,60.58,50.83,15,8.25,E Avoid,30,29.0,0,1.09,66.89,54.07,Bearish,48.68,15.0,7.77,E Avoid,0.48,2.15,0.0,No Major Change
07.10.2026 at 10:09 AM IST,PRAKASH,Basic Materials,Steel,118.7,45.49,15,0.92,E Avoid,20,21.0,0,0.1,9.32,30.3,Bearish,47.25,15.0,0.47,E Avoid,0.45,-1.76,0.0,No Major Change
07.10.2026 at 10:09 AM IST,EMIL,Consumer Cyclical,Specialty Retail,208.66,66.48,0,47.93,C Neutral,65,29.0,65,0.41,145.77,1.42,Bullish,60.12,0.0,47.52,C Neutral,0.41,6.36,0.0,No Major Change
07.10.2026 at 10:09 AM IST,THOMASCOTT,Consumer Cyclical,Textile Manufacturing,283.55,58.8,15,21.58,E Avoid,40,37.0,25,0.05,27.84,38.33,Bullish,57.82,15.0,21.17,E Avoid,0.41,0.98,0.0,No Major Change
07.10.2026 at 10:09 AM IST,TCC,Unknown,Unknown,46.0,40.86,0,21.65,E Avoid,13,32.0,15,0.01,16.84,56.31,Bearish,43.01,0.0,21.41,E Avoid,0.24,-2.15,0.0,No Major Change
07.10.2026 at 10:09 AM IST,WSTCSTPAPR,Basic Materials,Paper & Paper Products,760.8,64.35,0,49.37,C Neutral,65,35.0,65,0.35,103.9,2.08,Bullish,63.03,0.0,49.17,C Neutral,0.2,1.32,0.0,No Major Change
07.10.2026 at 10:09 AM IST,USK,Industrials,Engineering & Construction,18.8,32.08,15,0.19,E Avoid,21,14.0,0,0.09,5.8,39.16,Bearish,29.06,15.0,0.0,E Avoid,0.19,3.02,0.0,No Major Change
07.10.2026 at 10:09 AM IST,KHANDSE,Financial Services,Capital Markets,16.92,44.34,15,0.17,E Avoid,18,13.0,10,1.05,38.69,33.65,Bearish,44.93,15.0,0.0,E Avoid,0.17,-0.59,0.0,No Major Change
07.10.2026 at 10:09 AM IST,RADIANTCMS,Industrials,Specialty Business Services,35.06,44.22,15,0.14,E Avoid,18,16.0,0,0.03,15.63,34.98,Bearish,42.61,15.0,0.0,E Avoid,0.14,1.61,0.0,No Major Change
07.10.2026 at 10:09 AM IST,EMBDL,Real Estate,Real Estate - Diversified,56.97,47.32,15,0.0,E Avoid,12,0.0,10,0.1,44.37,41.52,Bearish,48.37,15.0,0.0,E Avoid,0.0,-1.05,0.0,No Major Change
07.10.2026 at 10:09 AM IST,ITI,Technology,Communication Equipment,245.39,34.86,15,0.0,E Avoid,21,6.0,0,0.17,3.54,34.19,Bearish,38.93,15.0,0.0,E Avoid,0.0,-4.07,0.0,No Major Change
07.10.2026 at 10:09 AM IST,RKDL,Consumer Defensive,Beverages - Wineries & Distilleries,17.0,32.02,15,0.0,E Avoid,16,11.0,0,0.08,4.29,38.83,Bearish,36.51,15.0,0.0,E Avoid,0.0,-4.49,0.0,No Major Change
07.10.2026 at 10:09 AM IST,BLAL,Financial Services,Shell Companies,157.99,36.89,15,0.0,E Avoid,21,0.0,0,0.12,2.93,27.49,Bearish,35.38,15.0,0.0,E Avoid,0.0,1.51,0.0,No Major Change
07.10.2026 at 10:09 AM IST,TTML,Communication Services,Telecom Services,33.95,37.08,15,0.0,E Avoid,16,5.0,0,0.08,8.74,43.49,Bearish,38.28,15.0,0.0,E Avoid,0.0,-1.2,0.0,No Major Change
07.10.2026 at 10:09 AM IST,MADHAV,Industrials,Building Products & Equipment,34.08,44.33,15,0.0,E Avoid,18,3.0,10,1.18,17.52,27.16,Bearish,43.51,15.0,0.0,E Avoid,0.0,0.82,0.0,No Major Change
07.10.2026 at 10:09 AM IST,MADHUCON,Industrials,Engineering & Construction,3.9,34.98,15,0.0,E Avoid,21,0.0,0,0.02,8.03,52.38,Bearish,37.37,15.0,0.0,E Avoid,0.0,-2.39,0.0,No Major Change
07.10.2026 at 10:09 AM IST,DCMSRIND,Consumer Defensive,Confectioners,40.18,47.88,20,0.0,E Avoid,17,0.0,0,0.17,27.32,77.42,Bearish,46.14,20.0,0.0,E Avoid,0.0,1.74,0.0,No Major Change
07.10.2026 at 10:09 AM IST,TCIFINANCE,Financial Services,Credit Services,14.47,40.6,20,0.0,E Avoid,13,8.0,0,0.02,44.7,62.38,Bearish,34.86,20.0,0.0,E Avoid,0.0,5.74,0.0,No Major Change
07.10.2026 at 10:09 AM IST,UBL,Consumer Defensive,Beverages - Brewers,1188.7,37.51,15,0.0,E Avoid,21,9.0,0,0.08,4.24,35.08,Bearish,35.39,15.0,0.0,E Avoid,0.0,2.12,0.0,No Major Change
07.10.2026 at 10:09 AM IST,SRGHFL,Financial Services,Mortgage Finance,123.05,22.58,30,0.0,E Avoid,9,30.0,0,0.19,3.75,63.27,Bearish,22.46,30.0,0.0,E Avoid,0.0,0.12,0.0,No Major Change
07.10.2026 at 10:09 AM IST,GLFL,Financial Services,Shell Companies,5.31,49.1,15,0.0,E Avoid,17,0.0,10,0.0,45.08,43.15,Bearish,51.36,15.0,0.0,E Avoid,0.0,-2.26,0.0,No Major Change
07.10.2026 at 10:09 AM IST,LEXUS,Industrials,Building Products & Equipment,10.76,28.44,20,0.0,E Avoid,9,0.0,0,0.12,12.32,72.59,Bearish,28.76,20.0,0.0,E Avoid,0.0,-0.32,0.0,No Major Change
07.10.2026 at 10:09 AM IST,ELECTHERM,Basic Materials,Steel,715.7,14.56,25,0.0,E Avoid,9,0.0,10,0.1,29.89,43.95,Bearish,20.73,25.0,0.0,E Avoid,0.0,-6.17,0.0,No Major Change
07.10.2026 at 10:09 AM IST,LIBERTSHOE,Consumer Cyclical,Footwear & Accessories,218.23,40.85,15,0.0,E Avoid,21,2.0,0,0.04,3.67,36.56,Bearish,41.21,15.0,0.0,E Avoid,0.0,-0.36,0.0,No Major Change
07.10.2026 at 10:09 AM IST,CLEDUCATE,Consumer Defensive,Education & Training Services,53.97,40.53,15,0.0,E Avoid,8,0.0,10,0.0,52.11,42.88,Bearish,40.56,15.0,0.0,E Avoid,0.0,-0.03,0.0,No Major Change
07.10.2026 at 10:09 AM IST,ELIN,Industrials,Electrical Equipment & Parts,77.81,22.38,30,0.0,E Avoid,9,14.0,0,0.08,0.39,65.11,Bearish,23.5,30.0,0.0,E Avoid,0.0,-1.12,0.0,No Major Change
07.10.2026 at 10:09 AM IST,THERMAX,Industrials,Conglomerates,3250.5,27.91,15,0.0,E Avoid,14,4.0,0,0.2,19.0,38.16,Bearish,25.51,15.0,0.0,E Avoid,0.0,2.4,0.0,No Major Change
07.10.2026 at 10:09 AM IST,CERA,Unknown,Unknown,5090.5,26.62,15,0.0,E Avoid,9,0.0,0,0.05,15.43,23.6,Bearish,27.82,15.0,0.0,E Avoid,0.0,-1.2,0.0,No Major Change
07.10.2026 at 10:09 AM IST,SUPREMEINF,Industrials,Engineering & Construction,58.22,19.04,30,0.0,E Avoid,9,18.0,0,0.23,0.38,47.49,Bearish,20.98,25.0,0.0,E Avoid,0.0,-1.94,5.0,Risk Increased
07.10.2026 at 10:09 AM IST,ZEEL,Communication Services,Broadcasting,71.31,27.27,15,0.0,E Avoid,9,19.0,0,0.23,7.37,38.31,Bearish,28.9,15.0,0.0,E Avoid,0.0,-1.63,0.0,No Major Change
07.10.2026 at 10:09 AM IST,SUPREME,Real Estate,Real Estate - Development,30.16,26.92,20,0.0,E Avoid,9,31.0,0,0.06,3.79,69.17,Bearish,27.27,20.0,0.0,E Avoid,0.0,-0.35,0.0,No Major Change
07.10.2026 at 10:09 AM IST,EMAMIREAL,Real Estate,Real Estate - Development,68.06,46.75,15,0.0,E Avoid,17,0.0,18,0.54,41.2,40.97,Bearish,48.14,15.0,0.0,E Avoid,0.0,-1.39,0.0,No Major Change
07.10.2026 at 10:09 AM IST,MINDTECK,Technology,Information Technology Services,139.7,19.22,25,0.0,E Avoid,14,22.0,0,1.19,0.84,54.36,Bearish,22.04,30.0,0.0,E Avoid,0.0,-2.82,-5.0,Risk Reduced
07.10.2026 at 10:09 AM IST,MIRZAINT,Consumer Cyclical,Footwear & Accessories,27.93,28.37,15,0.0,E Avoid,14,6.0,0,0.09,11.94,35.5,Bearish,25.88,15.0,0.0,E Avoid,0.0,2.49,0.0,No Major Change
07.10.2026 at 10:09 AM IST,HEMIPROP,Real Estate,Real Estate - Diversified,113.11,30.94,15,0.0,E Avoid,21,1.0,0,0.11,3.01,30.97,Bearish,32.36,15.0,0.0,E Avoid,0.0,-1.42,0.0,No Major Change
07.10.2026 at 10:09 AM IST,ACL,Basic Materials,Building Materials,39.56,25.46,15,0.0,E Avoid,9,0.0,0,0.02,3.02,53.77,Bearish,25.94,15.0,0.0,E Avoid,0.0,-0.48,0.0,No Major Change
07.10.2026 at 10:09 AM IST,VIKASECO,Basic Materials,Specialty Chemicals,1.03,41.31,15,0.0,E Avoid,21,8.0,0,0.22,4.04,49.51,Bearish,36.2,15.0,0.0,E Avoid,0.0,5.11,0.0,No Major Change
07.10.2026 at 10:09 AM IST,ACC,Basic Materials,Building Materials,1172.8,25.93,15,0.0,E Avoid,9,14.0,0,0.13,0.57,40.63,Bearish,26.83,15.0,0.0,E Avoid,0.0,-0.9,0.0,No Major Change
07.10.2026 at 10:09 AM IST,RADIOCITY,Communication Services,Broadcasting,5.97,40.51,15,0.0,E Avoid,13,9.0,0,0.01,32.67,30.58,Bearish,42.98,15.0,0.0,E Avoid,0.0,-2.47,0.0,No Major Change
07.10.2026 at 10:09 AM IST,RAINBOW,Healthcare,Medical Care Facilities,1210.6,16.04,25,0.0,E Avoid,9,33.0,0,0.17,11.94,24.81,Bearish,17.86,25.0,0.0,E Avoid,0.0,-1.82,0.0,No Major Change
07.10.2026 at 10:09 AM IST,GSS,Technology,Information Technology Services,10.08,34.62,20,0.0,E Avoid,13,1.0,0,0.06,16.13,63.35,Bearish,35.3,20.0,0.0,E Avoid,0.0,-0.68,0.0,No Major Change
07.10.2026 at 10:09 AM IST,MCLEODRUSS,Consumer Defensive,Packaged Foods,43.17,44.45,15,0.0,E Avoid,13,0.0,10,0.07,51.47,44.94,Bearish,42.55,15.0,0.0,E Avoid,0.0,1.9,0.0,No Major Change
07.10.2026 at 10:09 AM IST,METROBRAND,Consumer Cyclical,Apparel Retail,816.3,20.48,25,0.0,E Avoid,14,21.0,0,0.03,1.13,35.98,Bearish,21.8,25.0,0.0,E Avoid,0.0,-1.32,0.0,No Major Change
07.10.2026 at 10:09 AM IST,FAZE3Q,Consumer Cyclical,Textile Manufacturing,453.5,48.37,15,0.0,E Avoid,17,9.0,0,0.27,40.79,30.24,Bearish,45.65,15.0,0.0,E Avoid,0.0,2.72,0.0,No Major Change
07.10.2026 at 10:09 AM IST,TAKE,Healthcare,Health Information Services,12.12,25.78,20,0.0,E Avoid,14,15.0,0,0.69,5.03,75.83,Bearish,23.69,30.0,0.0,E Avoid,0.0,2.09,-10.0,Risk Reduced Sharply
07.10.2026 at 10:09 AM IST,INDOSTAR,Financial Services,Credit Services,199.34,26.93,15,0.0,E Avoid,9,0.0,0,0.12,11.34,31.73,Bearish,27.23,15.0,0.0,E Avoid,0.0,-0.3,0.0,No Major Change
07.10.2026 at 10:09 AM IST,M&M,Consumer Cyclical,Auto Manufacturers,2816.7,20.42,25,0.0,E Avoid,9,37.0,0,0.24,0.35,25.88,Bearish,22.68,25.0,0.0,E Avoid,0.0,-2.26,0.0,No Major Change
07.10.2026 at 10:09 AM IST,MANAKSIA,Unknown,Unknown,58.91,42.13,15,0.0,E Avoid,13,0.0,20,0.01,39.93,19.74,Bearish,42.53,15.0,0.0,E Avoid,0.0,-0.4,0.0,No Major Change
07.10.2026 at 10:09 AM IST,MAMATA,Industrials,Specialty Industrial Machinery,392.8,42.55,15,0.0,E Avoid,8,11.0,20,0.13,32.43,14.45,Bearish,44.36,15.0,0.0,E Avoid,0.0,-1.81,0.0,No Major Change
07.10.2026 at 10:09 AM IST,DIGITIDE,Industrials,Specialty Business Services,74.63,25.26,15,0.0,E Avoid,14,0.0,0,0.13,6.77,59.31,Bearish,23.07,30.0,0.0,E Avoid,0.0,2.19,-15.0,Risk Reduced Sharply
07.10.2026 at 10:09 AM IST,INDOUS,Unknown,Unknown,75.89,37.76,15,0.0,E Avoid,21,0.0,0,0.09,8.41,52.27,Bearish,35.88,15.0,0.0,E Avoid,0.0,1.88,0.0,No Major Change
07.10.2026 at 10:09 AM IST,MEDICO,Healthcare,Drug Manufacturers - Specialty & Generic,22.32,19.23,30,0.0,E Avoid,14,37.0,0,0.03,9.04,60.76,Bearish,18.47,30.0,0.0,E Avoid,0.0,0.76,0.0,No Major Change
07.10.2026 at 10:09 AM IST,TORNTPOWER,Utilities,Utilities - Independent Power Producers,1223.4,38.0,15,0.0,E Avoid,16,12.0,0,0.09,3.35,32.7,Bearish,40.95,15.0,0.0,E Avoid,0.0,-2.95,0.0,Fresh Weakness
07.10.2026 at 10:09 AM IST,SHREECEM,Unknown,Unknown,21980.0,38.28,15,0.0,E Avoid,16,0.0,0,0.19,2.93,27.03,Bearish,41.86,15.0,0.0,E Avoid,0.0,-3.58,0.0,Fresh Weakness
07.10.2026 at 10:09 AM IST,ARKADE,Real Estate,Real Estate - Development,120.99,45.37,15,0.0,E Avoid,17,1.0,10,0.23,30.63,32.78,Bearish,45.88,15.0,0.0,E Avoid,0.0,-0.51,0.0,No Major Change
07.10.2026 at 10:09 AM IST,DUCON,Industrials,Specialty Industrial Machinery,1.49,41.98,20,0.0,E Avoid,13,6.0,0,0.28,29.57,74.18,Bearish,37.47,20.0,0.0,E Avoid,0.0,4.51,0.0,No Major Change
07.10.2026 at 10:09 AM IST,HINDWAREAP,Consumer Cyclical,"Furnishings, Fixtures & Appliances",169.74,35.53,15,0.0,E Avoid,16,4.0,0,0.28,2.87,56.78,Bearish,36.61,15.0,0.0,E Avoid,0.0,-1.08,0.0,No Major Change
07.10.2026 at 10:09 AM IST,INDIACEM,Basic Materials,Building Materials,294.3,20.82,25,0.0,E Avoid,9,16.0,0,0.22,1.76,39.42,Bearish,20.92,25.0,0.0,E Avoid,0.0,-0.1,0.0,No Major Change
07.10.2026 at 10:09 AM IST,BRNL,Industrials,Infrastructure Operations,15.95,34.66,15,0.0,E Avoid,16,0.0,0,0.11,2.18,39.81,Bearish,35.92,15.0,0.0,E Avoid,0.0,-1.26,0.0,No Major Change
07.10.2026 at 10:09 AM IST,VIPIND,Consumer Cyclical,Footwear & Accessories,283.95,38.74,15,0.0,E Avoid,16,0.0,0,0.06,2.2,36.52,Bearish,41.37,15.0,0.0,E Avoid,0.0,-2.63,0.0,Fresh Weakness
07.10.2026 at 10:09 AM IST,VIRINCHI,Technology,Software - Application,13.05,31.76,15,0.0,E Avoid,21,0.0,0,0.62,3.98,55.72,Bearish,34.35,15.0,0.0,E Avoid,0.0,-2.59,0.0,No Major Change
07.10.2026 at 10:09 AM IST,DBEIL,Unknown,Unknown,6.5,42.23,20,0.0,E Avoid,13,5.0,0,0.1,26.19,62.84,Bearish,42.87,20.0,0.0,E Avoid,0.0,-0.64,0.0,No Major Change
07.10.2026 at 10:09 AM IST,MCLOUD,Technology,Information Technology Services,24.89,42.65,20,0.0,E Avoid,13,26.0,0,0.07,28.3,68.17,Bearish,42.23,20.0,0.0,E Avoid,0.0,0.42,0.0,No Major Change
07.10.2026 at 10:09 AM IST,SECURKLOUD,Technology,Software - Application,15.71,30.04,15,0.0,E Avoid,16,6.0,0,0.2,1.35,54.04,Bearish,30.04,15.0,0.0,E Avoid,0.0,0.0,0.0,No Major Change
07.10.2026 at 10:09 AM IST,MALLCOM,Industrials,Security & Protection Services,910.0,37.54,15,0.0,E Avoid,16,0.0,0,0.07,0.85,39.95,Bearish,36.26,15.0,0.0,E Avoid,0.0,1.28,0.0,No Major Change
07.10.2026 at 10:09 AM IST,VASWANI,Basic Materials,Steel,43.5,32.81,15,0.0,E Avoid,16,0.0,0,0.02,0.55,37.85,Bearish,32.43,15.0,0.0,E Avoid,0.0,0.38,0.0,No Major Change
07.10.2026 at 10:09 AM IST,FORTIS,Healthcare,Medical Care Facilities,758.0,21.11,25,0.0,E Avoid,9,30.0,0,0.08,1.7,31.29,Bearish,21.91,25.0,0.0,E Avoid,0.0,-0.8,0.0,No Major Change
07.10.2026 at 10:09 AM IST,SUNCLAY,Unknown,Unknown,1148.0,20.54,25,0.0,E Avoid,9,0.0,0,0.04,3.54,31.78,Bearish,21.13,25.0,0.0,E Avoid,0.0,-0.59,0.0,No Major Change
07.10.2026 at 10:09 AM IST,FINOPB,Financial Services,Banks - Regional,127.95,31.78,20,0.0,E Avoid,13,5.0,0,0.07,16.29,62.26,Bearish,32.33,20.0,0.0,E Avoid,0.0,-0.55,0.0,No Major Change
07.10.2026 at 10:09 AM IST,HIMATSEIDE,Consumer Cyclical,Textile Manufacturing,64.21,39.94,15,0.0,E Avoid,16,4.0,0,0.37,5.11,50.22,Bearish,43.29,15.0,0.0,E Avoid,0.0,-3.35,0.0,Fresh Weakness
07.10.2026 at 10:09 AM IST,ASHOKA,Industrials,Engineering & Construction,105.44,31.37,15,0.0,E Avoid,16,12.0,0,0.16,4.4,50.84,Bearish,34.2,15.0,0.0,E Avoid,0.0,-2.83,0.0,No Major Change
07.10.2026 at 10:09 AM IST,SUDARCOLOR,Unknown,Unknown,368.4,41.47,15,0.0,E Avoid,13,0.0,20,0.02,37.33,31.83,Bearish,41.4,15.0,0.0,E Avoid,0.0,0.07,0.0,No Major Change
07.10.2026 at 10:09 AM IST,MAHEPC,Industrials,Farm & Heavy Construction Machinery,98.76,43.19,15,0.0,E Avoid,21,9.0,0,0.08,7.45,35.32,Bearish,44.11,15.0,0.0,E Avoid,0.0,-0.92,0.0,No Major Change
07.10.2026 at 10:09 AM IST,HPL,Unknown,Unknown,269.05,34.29,15,0.0,E Avoid,16,0.0,0,0.12,5.66,43.73,Bearish,37.1,15.0,0.0,E Avoid,0.0,-2.81,0.0,No Major Change
07.10.2026 at 10:09 AM IST,SGL,Consumer Cyclical,Textile Manufacturing,9.0,44.04,15,0.0,E Avoid,21,0.0,0,0.06,7.14,41.9,Bearish,41.03,15.0,0.0,E Avoid,0.0,3.01,0.0,No Major Change
07.10.2026 at 10:09 AM IST,HGINFRA,Unknown,Unknown,418.5,32.23,15,0.0,E Avoid,21,0.0,0,0.06,4.08,55.46,Bearish,31.46,15.0,0.0,E Avoid,0.0,0.77,0.0,No Major Change
07.10.2026 at 10:09 AM IST,EMSLIMITED,Industrials,Engineering & Construction,329.3,27.08,15,0.0,E Avoid,9,6.0,10,0.2,29.14,40.87,Bearish,32.13,15.0,0.0,E Avoid,0.0,-5.05,0.0,No Major Change
07.10.2026 at 10:09 AM IST,HGM,Technology,Information Technology Services,41.44,40.11,15,0.0,E Avoid,21,0.0,0,0.07,8.65,48.84,Bearish,31.71,15.0,0.0,E Avoid,0.0,8.4,0.0,No Major Change
07.10.2026 at 10:09 AM IST,SIGNATURE,Real Estate,Real Estate - Development,713.05,31.48,15,0.0,E Avoid,16,10.0,0,0.16,1.11,38.21,Bearish,33.34,15.0,0.0,E Avoid,0.0,-1.86,0.0,No Major Change
07.10.2026 at 10:09 AM IST,TVTODAY,Unknown,Unknown,101.96,31.98,15,0.0,E Avoid,21,0.0,0,0.13,9.05,32.97,Bearish,29.76,15.0,0.0,E Avoid,0.0,2.22,0.0,No Major Change
07.10.2026 at 10:09 AM IST,AXITA,Consumer Cyclical,Textile Manufacturing,7.58,29.01,15,0.0,E Avoid,9,0.0,10,0.04,16.1,37.48,Bearish,25.84,15.0,0.0,E Avoid,0.0,3.17,0.0,No Major Change
07.10.2026 at 10:09 AM IST,HPAL,Basic Materials,Specialty Chemicals,34.23,44.58,15,0.0,E Avoid,13,12.0,0,0.06,30.45,34.73,Bearish,45.77,15.0,0.0,E Avoid,0.0,-1.19,0.0,No Major Change
07.10.2026 at 10:09 AM IST,HPIL,Basic Materials,Specialty Chemicals,110.64,26.6,15,0.0,E Avoid,9,6.0,0,0.65,4.72,28.37,Bearish,44.89,15.0,0.0,E Avoid,0.0,-18.29,0.0,Fresh Weakness
07.10.2026 at 10:09 AM IST,HTMEDIA,Communication Services,Publishing,23.25,43.08,15,0.0,E Avoid,13,15.0,0,0.06,32.71,25.72,Bearish,41.13,15.0,0.0,E Avoid,0.0,1.95,0.0,No Major Change
07.10.2026 at 10:09 AM IST,KIMS,Healthcare,Medical Care Facilities,691.45,24.98,25,0.0,E Avoid,9,3.0,10,0.2,20.09,19.41,Bearish,25.83,15.0,0.0,E Avoid,0.0,-0.85,10.0,"Risk Increased Sharply, New Risk Warning"
07.10.2026 at 10:09 AM IST,RVHL,Real Estate,Real Estate - Development,37.11,32.9,15,0.0,E Avoid,8,22.0,0,0.18,30.21,40.29,Bearish,33.62,15.0,0.0,E Avoid,0.0,-0.72,0.0,No Major Change
07.10.2026 at 10:09 AM IST,EUROBOND,Industrials,Building Products & Equipment,144.99,39.39,15,0.0,E Avoid,18,9.0,0,0.74,14.8,35.81,Bearish,36.64,15.0,0.0,E Avoid,0.0,2.75,0.0,No Major Change
07.10.2026 at 10:09 AM IST,SUMEETINDS,Consumer Cyclical,Textile Manufacturing,12.0,51.29,20,0.0,E Avoid,25,7.0,8,0.56,29.59,70.37,Bearish,46.56,20.0,0.0,E Avoid,0.0,4.73,0.0,No Major Change
07.10.2026 at 10:09 AM IST,THOMASCOOK,Consumer Cyclical,Travel Services,100.29,39.82,15,0.0,E Avoid,13,12.0,0,0.14,16.67,40.39,Bearish,41.44,15.0,0.0,E Avoid,0.0,-1.62,0.0,Fresh Weakness
07.10.2026 at 10:09 AM IST,SWSOLAR,Technology,Solar,171.73,41.28,15,0.0,E Avoid,13,2.0,0,0.16,16.03,34.15,Bearish,42.18,15.0,0.0,E Avoid,0.0,-0.9,0.0,No Major Change
07.10.2026 at 10:09 AM IST,PILITA,Consumer Cyclical,"Furnishings, Fixtures & Appliances",7.3,37.03,15,0.0,E Avoid,13,1.0,10,0.01,17.74,47.1,Bearish,38.22,15.0,0.0,E Avoid,0.0,-1.19,0.0,No Major Change
07.10.2026 at 10:09 AM IST,AERONEU,Consumer Cyclical,Packaging & Containers,69.84,42.51,15,0.0,E Avoid,18,0.0,0,0.01,10.49,33.8,Bearish,42.78,15.0,0.0,E Avoid,0.0,-0.27,0.0,No Major Change
07.10.2026 at 10:09 AM IST,PENINLAND,Real Estate,Real Estate - Development,14.69,41.09,20,0.0,E Avoid,21,0.0,0,0.06,6.3,60.3,Bearish,40.77,20.0,0.0,E Avoid,0.0,0.32,0.0,No Major Change
07.10.2026 at 10:09 AM IST,ASIANPAINT,Unknown,Unknown,2374.2,36.94,15,0.0,E Avoid,13,0.0,0,0.21,13.23,19.79,Bearish,42.89,15.0,0.0,E Avoid,0.0,-5.95,0.0,Fresh Weakness
07.10.2026 at 10:09 AM IST,ARCHIES,Consumer Cyclical,Specialty Retail,12.35,40.34,15,0.0,E Avoid,13,0.0,0,0.35,13.72,41.88,Bearish,38.31,15.0,0.0,E Avoid,0.0,2.03,0.0,No Major Change
07.10.2026 at 10:09 AM IST,BCG,Unknown,Unknown,9.08,40.99,15,0.0,E Avoid,13,0.0,0,0.07,17.92,39.91,Bearish,40.82,15.0,0.0,E Avoid,0.0,0.17,0.0,No Major Change
07.10.2026 at 10:09 AM IST,BCONCEPTS,Consumer Cyclical,Footwear & Accessories,143.85,37.06,20,0.0,E Avoid,21,0.0,0,0.03,5.38,62.14,Bearish,41.67,20.0,0.0,E Avoid,0.0,-4.61,0.0,Fresh Weakness
07.10.2026 at 10:09 AM IST,TRU,Financial Services,Credit Services,4.25,52.67,20,0.0,E Avoid,33,0.0,8,0.04,8.97,61.33,Bearish,45.72,20.0,0.0,E Avoid,0.0,6.95,0.0,No Major Change
07.10.2026 at 10:09 AM IST,PNC,Communication Services,Entertainment,17.43,51.55,15,0.0,E Avoid,30,0.0,8,0.08,11.02,45.53,Bearish,51.35,15.0,0.0,E Avoid,0.0,0.2,0.0,No Major Change
07.10.2026 at 10:09 AM IST,PILANIINVS,Financial Services,Asset Management,4075.0,47.01,15,0.0,E Avoid,25,0.0,0,0.15,5.43,31.72,Bearish,46.4,15.0,0.0,E Avoid,0.0,0.61,0.0,No Major Change
07.10.2026 at 10:09 AM IST,BASML,Unknown,Unknown,22.91,38.62,15,0.0,E Avoid,13,0.0,10,0.34,35.63,27.51,Bearish,38.27,15.0,0.0,E Avoid,0.0,0.35,0.0,No Major Change
07.10.2026 at 10:09 AM IST,PLATIND,Basic Materials,Specialty Chemicals,203.5,35.67,15,0.0,E Avoid,13,18.0,0,0.07,10.9,31.94,Bearish,35.74,15.0,0.0,E Avoid,0.0,-0.07,0.0,No Major Change
07.10.2026 at 10:09 AM IST,VERTOZ,Unknown,Unknown,34.0,28.55,15,0.0,E Avoid,4,0.0,0,0.16,26.14,55.62,Bearish,26.62,15.0,0.0,E Avoid,0.0,1.93,0.0,No Major Change
07.10.2026 at 10:09 AM IST,ASMS,Technology,Information Technology Services,5.93,21.47,30,0.0,E Avoid,14,39.0,0,0.15,16.27,64.49,Bearish,24.81,30.0,0.0,E Avoid,0.0,-3.34,0.0,No Major Change
07.10.2026 at 10:09 AM IST,ASTERDM,Healthcare,Medical Care Facilities,679.75,27.71,15,0.0,E Avoid,4,10.0,0,0.11,31.52,23.73,Bearish,28.58,15.0,0.0,E Avoid,0.0,-0.87,0.0,No Major Change
07.10.2026 at 10:09 AM IST,ASTRAZEN,Healthcare,Drug Manufacturers - Specialty & Generic,5920.0,17.13,25,0.0,E Avoid,9,14.0,0,0.06,0.65,39.63,Bearish,18.2,25.0,0.0,E Avoid,0.0,-1.07,0.0,No Major Change
07.10.2026 at 10:09 AM IST,NORBTEAEXP,Consumer Defensive,Farm Products,65.59,47.4,15,0.0,E Avoid,12,9.0,0,0.94,38.08,33.98,Bearish,44.61,15.0,0.0,E Avoid,0.0,2.79,0.0,No Major Change
07.10.2026 at 10:09 AM IST,NIACL,Financial Services,Insurance - Diversified,159.87,34.35,15,0.0,E Avoid,8,9.0,0,0.06,37.8,34.1,Bearish,34.84,15.0,0.0,E Avoid,0.0,-0.49,0.0,No Major Change
07.10.2026 at 10:09 AM IST,IGCL,Basic Materials,Agricultural Inputs,56.72,29.01,15,0.0,E Avoid,14,3.0,0,0.08,14.68,49.08,Bearish,31.42,15.0,0.0,E Avoid,0.0,-2.41,0.0,No Major Change
07.10.2026 at 10:09 AM IST,UTKARSHBNK,Financial Services,Banks - Regional,13.89,48.0,15,0.0,E Avoid,22,4.0,10,1.19,37.25,36.95,Bearish,41.19,15.0,0.0,E Avoid,0.0,6.81,0.0,No Major Change
07.10.2026 at 10:09 AM IST,V2RETAIL,Consumer Cyclical,Apparel Retail,169.78,17.62,25,0.0,E Avoid,9,27.0,0,0.25,4.59,34.51,Bearish,18.38,25.0,0.0,E Avoid,0.0,-0.76,0.0,No Major Change
07.10.2026 at 10:09 AM IST,A2ZINFRA,Industrials,Engineering & Construction,14.09,39.49,15,0.0,E Avoid,18,0.0,10,0.48,17.42,27.33,Bearish,38.04,15.0,0.0,E Avoid,0.0,1.45,0.0,No Major Change
07.10.2026 at 10:09 AM IST,NUCLEUS,Technology,Software - Application,641.5,21.71,25,0.0,E Avoid,14,23.0,0,0.56,0.86,38.74,Bearish,18.25,25.0,0.0,E Avoid,0.0,3.46,0.0,No Major Change
07.10.2026 at 10:09 AM IST,RUSTOMJEE,Unknown,Unknown,366.65,52.76,15,0.0,E Avoid,25,0.0,0,0.05,10.47,42.17,Bearish,54.66,15.0,0.0,E Avoid,0.0,-1.9,0.0,No Major Change
07.10.2026 at 10:09 AM IST,MTNL,Communication Services,Telecom Services,23.55,41.88,15,0.0,E Avoid,18,12.0,0,0.14,10.77,47.28,Bearish,39.08,15.0,0.0,E Avoid,0.0,2.8,0.0,No Major Change
07.10.2026 at 10:09 AM IST,RAJMET,Basic Materials,Copper,3.1,44.2,15,0.0,E Avoid,18,0.0,0,0.07,13.97,41.29,Bearish,41.68,15.0,0.0,E Avoid,0.0,2.52,0.0,No Major Change
07.10.2026 at 10:09 AM IST,ABLBL,Consumer Cyclical,Apparel Retail,74.0,19.32,25,0.0,E Avoid,14,7.0,0,0.13,2.49,50.0,Bearish,14.11,25.0,0.0,E Avoid,0.0,5.21,0.0,No Major Change
07.10.2026 at 10:09 AM IST,ABREL,Real Estate,Real Estate Services,1073.3,20.2,25,0.0,E Avoid,9,0.0,0,0.16,0.67,43.83,Bearish,20.7,25.0,0.0,E Avoid,0.0,-0.5,0.0,No Major Change
07.10.2026 at 10:09 AM IST,OMINFRAL,Industrials,Engineering & Construction,73.48,22.66,25,0.0,E Avoid,9,27.0,0,0.12,3.39,45.12,Bearish,22.37,25.0,0.0,E Avoid,0.0,0.29,0.0,No Major Change
07.10.2026 at 10:09 AM IST,ONIDA,Consumer Cyclical,"Furnishings, Fixtures & Appliances",31.07,33.85,15,0.0,E Avoid,13,12.0,0,0.05,44.51,36.89,Bearish,34.2,15.0,0.0,E Avoid,0.0,-0.35,0.0,No Major Change
07.10.2026 at 10:09 AM IST,AFFORDABLE,Industrials,Specialty Industrial Machinery,163.73,43.71,15,0.0,E Avoid,13,6.0,8,0.04,36.77,44.87,Bearish,43.63,15.0,0.0,E Avoid,0.0,0.08,0.0,No Major Change
07.10.2026 at 10:09 AM IST,AGRITECH,Consumer Defensive,Farm Products,88.0,22.35,25,0.0,E Avoid,9,0.0,0,0.36,2.21,52.99,Bearish,21.94,25.0,0.0,E Avoid,0.0,0.41,0.0,No Major Change
07.10.2026 at 10:09 AM IST,KANANIIND,Consumer Cyclical,Luxury Goods,1.35,36.83,15,0.0,E Avoid,13,16.0,0,0.15,32.35,33.82,Bearish,36.83,15.0,0.0,E Avoid,0.0,0.0,0.0,No Major Change
07.10.2026 at 10:09 AM IST,JLHL,Healthcare,Medical Care Facilities,252.1,24.04,25,0.0,E Avoid,9,26.0,10,0.06,7.09,25.85,Bearish,24.96,25.0,0.0,E Avoid,0.0,-0.92,0.0,No Major Change
07.10.2026 at 10:09 AM IST,ZFCVINDIA,Consumer Cyclical,Auto Parts,2167.9,23.49,25,0.0,E Avoid,9,20.0,0,0.06,5.92,28.66,Bearish,24.68,25.0,0.0,E Avoid,0.0,-1.19,0.0,No Major Change
07.10.2026 at 10:09 AM IST,FILATFASH,Consumer Cyclical,Apparel Manufacturing,0.18,53.99,20,0.0,E Avoid,20,0.0,8,0.11,28.57,67.86,Bullish,53.99,20.0,0.0,E Avoid,0.0,0.0,0.0,No Major Change
07.10.2026 at 10:09 AM IST,ZENITHEXPO,Consumer Cyclical,Textile Manufacturing,194.9,43.26,15,0.0,E Avoid,28,5.0,10,4.08,12.01,24.72,Bearish,37.77,15.0,0.0,E Avoid,0.0,5.49,0.0,No Major Change
07.10.2026 at 10:09 AM IST,INOXGREEN,Utilities,Utilities - Renewable,136.88,17.78,30,0.0,E Avoid,14,26.0,0,1.17,3.24,50.94,Bearish,22.29,25.0,0.0,E Avoid,0.0,-4.51,5.0,Risk Increased
07.10.2026 at 10:09 AM IST,SHYAMTEL,Technology,Communication Equipment,11.25,44.41,15,0.0,E Avoid,13,5.0,10,0.01,59.12,55.74,Bearish,38.43,15.0,0.0,E Avoid,0.0,5.98,0.0,No Major Change
07.10.2026 at 10:09 AM IST,HCC,Unknown,Unknown,20.09,36.07,15,0.0,E Avoid,8,0.0,10,0.25,47.18,31.9,Bearish,37.29,15.0,0.0,E Avoid,0.0,-1.22,0.0,No Major Change
07.10.2026 at 10:09 AM IST,GSLSU,Basic Materials,Building Materials,28.17,43.7,20,0.0,E Avoid,13,0.0,8,0.26,22.16,79.83,Bearish,46.26,20.0,0.0,E Avoid,0.0,-2.56,0.0,No Major Change
07.10.2026 at 10:09 AM IST,ZEEMEDIA,Communication Services,Broadcasting,7.19,37.63,15,0.0,E Avoid,16,3.0,0,0.09,8.12,37.75,Bearish,38.29,15.0,0.0,E Avoid,0.0,-0.66,0.0,No Major Change
07.10.2026 at 10:09 AM IST,ZODIAC,Unknown,Unknown,213.51,35.32,15,0.0,E Avoid,21,18.0,0,0.15,6.04,48.38,Bearish,34.12,15.0,0.0,E Avoid,0.0,1.2,0.0,No Major Change
07.10.2026 at 10:09 AM IST,RSSOFTWARE,Technology,Information Technology Services,30.0,47.09,20,0.0,E Avoid,17,8.0,10,0.12,36.8,60.13,Bearish,49.98,15.0,0.0,E Avoid,0.0,-2.89,5.0,Risk Increased
07.10.2026 at 10:09 AM IST,RTNPOWER,Utilities,Utilities - Independent Power Producers,6.71,23.81,25,0.0,E Avoid,9,12.0,0,0.11,0.75,43.8,Bearish,24.99,25.0,0.0,E Avoid,0.0,-1.18,0.0,No Major Change
07.10.2026 at 10:09 AM IST,TOKYOPLAST,Consumer Cyclical,Packaging & Containers,71.06,36.8,15,0.0,E Avoid,18,8.0,10,1.04,31.93,47.36,Bearish,36.94,15.0,0.0,E Avoid,0.0,-0.14,0.0,No Major Change
07.10.2026 at 10:09 AM IST,TRF,Industrials,Specialty Industrial Machinery,195.84,27.78,15,0.0,E Avoid,14,0.0,0,0.01,2.43,49.5,Bearish,28.61,15.0,0.0,E Avoid,0.0,-0.83,0.0,No Major Change
07.10.2026 at 10:09 AM IST,TVSHLTD,Consumer Cyclical,Auto Parts,11745.0,23.82,25,0.0,E Avoid,9,17.0,0,0.07,0.72,27.49,Bearish,24.03,25.0,0.0,E Avoid,0.0,-0.21,0.0,No Major Change
07.10.2026 at 10:09 AM IST,GREENLAM,Unknown,Unknown,210.49,25.85,15,0.0,E Avoid,9,0.0,0,0.13,6.69,24.43,Bearish,27.05,15.0,0.0,E Avoid,0.0,-1.2,0.0,No Major Change
07.10.2026 at 10:09 AM IST,GODREJIND,Industrials,Conglomerates,1034.4,31.78,15,0.0,E Avoid,8,0.0,10,0.08,38.99,28.32,Bearish,33.08,15.0,0.0,E Avoid,0.0,-1.3,0.0,No Major Change
07.10.2026 at 10:09 AM IST,NDTV,Communication Services,Broadcasting,66.43,27.1,15,0.0,E Avoid,9,0.0,0,0.34,13.07,43.61,Bearish,28.89,15.0,0.0,E Avoid,0.0,-1.79,0.0,No Major Change
07.10.2026 at 10:09 AM IST,AFCONS,Unknown,Unknown,241.68,31.26,15,0.0,E Avoid,21,0.0,0,0.02,7.25,49.24,Bearish,31.91,15.0,0.0,E Avoid,0.0,-0.65,0.0,No Major Change
07.10.2026 at 10:09 AM IST,DCXINDIA,Industrials,Aerospace & Defense,158.72,39.04,15,0.0,E Avoid,16,0.0,0,0.1,3.54,36.1,Bearish,41.01,15.0,0.0,E Avoid,0.0,-1.97,0.0,Fresh Weakness
07.10.2026 at 10:09 AM IST,DBL,Industrials,Engineering & Construction,398.55,42.16,15,0.0,E Avoid,21,9.0,8,0.01,4.72,25.76,Bearish,44.12,15.0,0.0,E Avoid,0.0,-1.96,0.0,No Major Change
07.10.2026 at 10:09 AM IST,JKTYRE,Consumer Cyclical,Auto Parts,336.35,35.2,15,0.0,E Avoid,16,10.0,0,0.25,0.98,44.48,Bearish,37.28,15.0,0.0,E Avoid,0.0,-2.08,0.0,No Major Change
07.10.2026 at 10:09 AM IST,KARMAENG,Utilities,Utilities - Renewable,36.0,37.12,15,0.0,E Avoid,21,12.0,0,0.03,5.88,45.66,Bearish,38.9,15.0,0.0,E Avoid,0.0,-1.78,0.0,No Major Change
07.10.2026 at 10:09 AM IST,SWANCORP,Industrials,Conglomerates,274.75,39.4,15,0.0,E Avoid,21,11.0,0,0.21,4.99,44.31,Bearish,32.68,15.0,0.0,E Avoid,0.0,6.72,0.0,No Major Change
07.10.2026 at 10:09 AM IST,MOSCHIP,Technology,Semiconductor Equipment & Materials,196.24,38.14,15,0.0,E Avoid,8,0.0,10,0.17,33.68,31.97,Bearish,39.8,15.0,0.0,E Avoid,0.0,-1.66,0.0,No Major Change
07.10.2026 at 10:09 AM IST,BUTTERFLY,Consumer Cyclical,"Furnishings, Fixtures & Appliances",543.35,20.84,25,0.0,E Avoid,9,35.0,0,0.11,4.04,34.05,Bearish,20.82,25.0,0.0,E Avoid,0.0,0.02,0.0,No Major Change
07.10.2026 at 10:09 AM IST,SJVN,Utilities,Utilities - Renewable,56.77,14.87,25,0.0,E Avoid,9,26.0,0,0.19,0.71,36.56,Bearish,16.65,25.0,0.0,E Avoid,0.0,-1.78,0.0,No Major Change
07.10.2026 at 10:09 AM IST,LATENTVIEW,Industrials,Consulting Services,231.8,22.5,25,0.0,E Avoid,9,39.0,0,0.12,0.78,55.21,Bearish,23.41,25.0,0.0,E Avoid,0.0,-0.91,0.0,No Major Change
07.10.2026 at 10:09 AM IST,ZODIACLOTH,Consumer Cyclical,Apparel Manufacturing,66.7,32.8,15,0.0,E Avoid,18,0.0,0,0.06,14.02,35.87,Bearish,32.39,15.0,0.0,E Avoid,0.0,0.41,0.0,No Major Change
07.10.2026 at 10:09 AM IST,NARMADA,Basic Materials,Agricultural Inputs,11.9,25.5,15,0.0,E Avoid,9,19.0,0,0.07,19.6,47.31,Bearish,27.25,15.0,0.0,E Avoid,0.0,-1.75,0.0,No Major Change
07.10.2026 at 10:09 AM IST,BALAJITELE,Communication Services,Entertainment,90.84,45.12,15,0.0,E Avoid,17,19.0,0,0.02,30.67,31.82,Bearish,44.05,15.0,0.0,E Avoid,0.0,1.07,0.0,No Major Change
07.10.2026 at 10:09 AM IST,BALAXI,Healthcare,Drug Manufacturers - Specialty & Generic,22.9,47.42,15,0.0,E Avoid,17,0.0,0,0.0,50.66,48.69,Bearish,45.13,15.0,0.0,E Avoid,0.0,2.29,0.0,No Major Change
07.10.2026 at 10:09 AM IST,BALKRISHNA,Consumer Cyclical,Packaging & Containers,16.17,45.42,15,0.0,E Avoid,17,2.0,0,0.12,34.75,34.85,Bearish,45.99,15.0,0.0,E Avoid,0.0,-0.57,0.0,No Major Change
07.10.2026 at 10:09 AM IST,AHLEAST,Consumer Cyclical,Lodging,135.31,45.43,15,0.0,E Avoid,20,0.0,0,0.58,6.33,22.81,Bearish,46.91,15.0,0.0,E Avoid,0.0,-1.48,0.0,No Major Change
07.10.2026 at 10:09 AM IST,SPENCERS,Consumer Cyclical,Department Stores,28.4,49.26,15,0.0,E Avoid,27,0.0,0,1.23,16.49,51.95,Bearish,48.56,15.0,0.0,E Avoid,0.0,0.7,0.0,No Major Change
07.10.2026 at 10:09 AM IST,REGENCERAM,Industrials,Building Products & Equipment,32.96,47.05,15,0.0,E Avoid,25,2.0,0,0.14,9.87,40.06,Bearish,48.33,15.0,0.0,E Avoid,0.0,-1.28,0.0,No Major Change
07.10.2026 at 10:09 AM IST,TREEHOUSE,Consumer Defensive,Education & Training Services,5.95,48.62,15,0.0,E Avoid,25,7.0,0,0.44,8.97,45.91,Bearish,43.49,15.0,0.0,E Avoid,0.0,5.13,0.0,No Major Change
07.10.2026 at 10:09 AM IST,HEXATRADEX,Financial Services,Credit Services,155.99,46.8,15,0.0,E Avoid,25,3.0,0,0.02,5.93,13.6,Bearish,46.39,15.0,0.0,E Avoid,0.0,0.41,0.0,No Major Change
07.10.2026 at 10:09 AM IST,HERANBA,Basic Materials,Agricultural Inputs,170.34,47.47,15,0.0,E Avoid,25,0.0,0,0.05,9.63,47.91,Bearish,45.96,15.0,0.0,E Avoid,0.0,1.51,0.0,No Major Change
07.10.2026 at 10:09 AM IST,GAYAHWS,Unknown,Unknown,1.89,52.59,20,0.0,E Avoid,30,0.0,10,0.64,10.53,60.29,Bearish,38.23,20.0,0.0,E Avoid,0.0,14.36,0.0,RSI Recovery
07.10.2026 at 10:09 AM IST,SHYAMCENT,Unknown,Unknown,4.98,47.71,15,0.0,E Avoid,12,0.0,10,0.09,35.33,30.35,Bearish,51.8,15.0,0.0,E Avoid,0.0,-4.09,0.0,No Major Change
07.10.2026 at 10:09 AM IST,BHARATRAS,Basic Materials,Agricultural Inputs,988.7,20.32,30,0.0,E Avoid,14,27.0,0,0.13,1.93,66.89,Bearish,23.44,30.0,0.0,E Avoid,0.0,-3.12,0.0,No Major Change
07.10.2026 at 10:09 AM IST,BAYERCROP,Basic Materials,Agricultural Inputs,3505.2,13.89,25,0.0,E Avoid,9,39.0,0,0.1,0.55,29.8,Bearish,18.65,25.0,0.0,E Avoid,0.0,-4.76,0.0,No Major Change
07.10.2026 at 10:09 AM IST,BBL,Unknown,Unknown,2076.2,29.78,15,0.0,E Avoid,14,0.0,0,0.13,2.52,38.34,Bearish,28.19,15.0,0.0,E Avoid,0.0,1.59,0.0,No Major Change
07.10.2026 at 10:09 AM IST,UFO,Communication Services,Entertainment,57.42,27.17,15,0.0,E Avoid,14,15.0,0,0.15,6.83,38.24,Bearish,26.83,15.0,0.0,E Avoid,0.0,0.34,0.0,No Major Change
07.10.2026 at 10:09 AM IST,BANKA,Industrials,Pollution & Treatment Controls,69.0,33.58,15,0.0,E Avoid,8,3.0,10,0.0,68.29,28.56,Bearish,34.36,15.0,0.0,E Avoid,0.0,-0.78,0.0,No Major Change
07.10.2026 at 10:09 AM IST,HINDCOPPER,Unknown,Unknown,480.65,42.8,15,0.0,E Avoid,13,0.0,0,0.08,56.64,36.42,Bearish,45.11,15.0,0.0,E Avoid,0.0,-2.31,0.0,No Major Change
07.10.2026 at 10:09 AM IST,HEGAM,Unknown,Unknown,249.44,29.54,20,0.0,E Avoid,9,0.0,0,0.36,16.51,66.91,Bearish,29.97,20.0,0.0,E Avoid,0.0,-0.43,0.0,No Major Change
07.10.2026 at 10:09 AM IST,KPITTECH,Technology,Software - Application,493.75,29.32,20,0.0,E Avoid,14,23.0,0,0.1,1.91,61.16,Bearish,28.55,20.0,0.0,E Avoid,0.0,0.77,0.0,No Major Change
07.10.2026 at 10:09 AM IST,NACLIND,Basic Materials,Agricultural Inputs,134.31,28.7,15,0.0,E Avoid,14,8.0,0,0.09,19.26,45.18,Bearish,33.41,15.0,0.0,E Avoid,0.0,-4.71,0.0,No Major Change
07.10.2026 at 10:09 AM IST,HEIDELBERG,Unknown,Unknown,127.2,22.85,25,0.0,E Avoid,9,0.0,0,0.14,0.15,35.62,Bearish,23.39,25.0,0.0,E Avoid,0.0,-0.54,0.0,No Major Change
07.10.2026 at 10:09 AM IST,HGS,Industrials,Specialty Business Services,364.75,29.17,15,0.0,E Avoid,9,5.0,0,0.16,8.03,32.2,Bearish,26.8,15.0,0.0,E Avoid,0.0,2.37,0.0,No Major Change
07.10.2026 at 10:09 AM IST,BHANDARI,Consumer Cyclical,Apparel Manufacturing,2.84,38.17,15,0.0,E Avoid,13,0.0,0,0.11,42.48,44.45,Bearish,36.52,15.0,0.0,E Avoid,0.0,1.65,0.0,No Major Change
07.10.2026 at 10:09 AM IST,VISACHROME,Basic Materials,Steel,35.12,49.54,15,0.0,E Avoid,17,8.0,10,0.0,29.83,52.33,Bearish,49.84,15.0,0.0,E Avoid,0.0,-0.3,0.0,No Major Change
07.10.2026 at 10:09 AM IST,KHAICHEM,Basic Materials,Agricultural Inputs,48.5,36.47,20,0.0,E Avoid,18,6.0,0,0.07,13.11,63.47,Bearish,38.02,20.0,0.0,E Avoid,0.0,-1.55,0.0,No Major Change
07.10.2026 at 10:09 AM IST,SAMBHAAV,Communication Services,Publishing,5.2,28.04,15,0.0,E Avoid,14,7.0,0,1.08,4.21,54.9,Bearish,29.29,15.0,0.0,E Avoid,0.0,-1.25,0.0,No Major Change
07.10.2026 at 10:09 AM IST,QUICKHEAL,Technology,Software - Application,141.82,43.12,20,0.0,E Avoid,18,0.0,0,0.16,13.46,61.81,Bearish,40.62,20.0,0.0,E Avoid,0.0,2.5,0.0,No Major Change
07.10.2026 at 10:09 AM IST,ATLASCYCLE,Consumer Cyclical,Leisure,93.7,48.55,15,0.0,E Avoid,22,0.0,10,0.01,23.05,24.23,Bearish,47.42,15.0,0.0,E Avoid,0.0,1.13,0.0,No Major Change
07.10.2026 at 10:09 AM IST,KAKATCEM,Basic Materials,Building Materials,107.18,46.15,15,0.0,E Avoid,17,2.0,10,0.67,29.26,33.63,Bearish,41.42,15.0,0.0,E Avoid,0.0,4.73,0.0,No Major Change
07.10.2026 at 10:09 AM IST,VPRPL,Industrials,Engineering & Construction,28.47,36.6,20,0.0,E Avoid,13,0.0,10,0.08,18.92,71.65,Bearish,37.4,20.0,0.0,E Avoid,0.0,-0.8,0.0,No Major Change
07.10.2026 at 10:09 AM IST,ATAM,Industrials,Specialty Industrial Machinery,55.14,45.29,15,0.0,E Avoid,22,2.0,8,0.03,14.42,50.0,Bearish,42.33,15.0,0.0,E Avoid,0.0,2.96,0.0,No Major Change
07.10.2026 at 10:09 AM IST,ORCHASP,Technology,Software - Application,1.33,45.4,20,0.0,E Avoid,25,0.0,8,0.15,9.02,68.03,Bearish,41.75,20.0,0.0,E Avoid,0.0,3.65,0.0,No Major Change
07.10.2026 at 10:09 AM IST,PFS,Financial Services,Credit Services,27.04,45.53,15,0.0,E Avoid,17,17.0,0,0.16,13.38,33.23,Bearish,48.37,15.0,0.0,E Avoid,0.0,-2.84,0.0,No Major Change
07.10.2026 at 10:09 AM IST,360ONE,Unknown,Unknown,1068.2,45.62,15,0.0,E Avoid,22,10.0,10,0.09,18.58,13.09,Bearish,46.0,15.0,0.0,E Avoid,0.0,-0.38,0.0,No Major Change
07.10.2026 at 10:09 AM IST,AROGRANITE,Industrials,Building Products & Equipment,23.08,45.23,15,0.0,E Avoid,22,0.0,0,0.0,23.62,41.86,Bearish,44.24,15.0,0.0,E Avoid,0.0,0.99,0.0,No Major Change
07.10.2026 at 10:09 AM IST,ACEINTEG,Industrials,Staffing & Employment Services,17.35,48.94,15,0.0,E Avoid,22,0.0,0,0.0,22.18,36.42,Bearish,45.96,15.0,0.0,E Avoid,0.0,2.98,0.0,No Major Change
07.10.2026 at 10:09 AM IST,PRAXIS,Consumer Cyclical,Specialty Retail,4.57,45.36,20,0.0,E Avoid,22,0.0,0,0.18,16.88,68.35,Bearish,41.5,20.0,0.0,E Avoid,0.0,3.86,0.0,No Major Change
07.10.2026 at 10:09 AM IST,SHILCTECH,Industrials,Electrical Equipment & Parts,4079.8,50.01,15,0.0,E Avoid,25,0.0,0,0.08,43.42,24.22,Bearish,50.99,15.0,0.0,E Avoid,0.0,-0.98,0.0,No Major Change
07.10.2026 at 10:09 AM IST,ZENITHSTL,Basic Materials,Steel,5.2,40.73,15,0.0,E Avoid,18,0.0,0,0.02,17.91,49.66,Bearish,43.1,15.0,0.0,E Avoid,0.0,-2.37,0.0,No Major Change
07.10.2026 at 10:09 AM IST,PRITI,Consumer Cyclical,"Furnishings, Fixtures & Appliances",32.8,47.1,20,0.0,E Avoid,25,0.0,0,0.03,7.54,61.41,Bearish,40.49,20.0,0.0,E Avoid,0.0,6.61,0.0,No Major Change
07.10.2026 at 10:09 AM IST,TVSELECT,Technology,Computer Hardware,398.25,45.02,15,0.0,E Avoid,22,0.0,10,0.04,18.46,46.14,Bearish,47.86,15.0,0.0,E Avoid,0.0,-2.84,0.0,No Major Change
07.10.2026 at 10:09 AM IST,CELEBRITY,Consumer Cyclical,Apparel Manufacturing,6.55,46.35,15,0.0,E Avoid,22,0.0,0,0.04,15.93,43.92,Bearish,40.3,15.0,0.0,E Avoid,0.0,6.05,0.0,No Major Change
07.10.2026 at 10:09 AM IST,WEALTH,Financial Services,Capital Markets,850.0,46.64,15,0.0,E Avoid,17,6.0,8,0.01,10.33,30.66,Bearish,48.06,15.0,0.0,E Avoid,0.0,-1.42,0.0,No Major Change
07.10.2026 at 10:09 AM IST,OSWALPUMPS,Industrials,Electrical Equipment & Parts,266.4,35.96,20,0.0,E Avoid,21,22.0,0,0.16,2.78,66.28,Bearish,33.97,20.0,0.0,E Avoid,0.0,1.99,0.0,No Major Change
07.10.2026 at 10:09 AM IST,ADVENTHTL,Consumer Cyclical,Lodging,122.65,35.89,20,0.0,E Avoid,16,14.0,0,0.1,2.19,64.45,Bearish,35.27,20.0,0.0,E Avoid,0.0,0.62,0.0,No Major Change
07.10.2026 at 10:09 AM IST,YATRA,Consumer Cyclical,Travel Services,100.7,38.77,15,0.0,E Avoid,13,7.0,0,0.04,12.01,50.15,Bearish,40.46,15.0,0.0,E Avoid,0.0,-1.69,0.0,Fresh Weakness
07.10.2026 at 10:09 AM IST,DCM,Industrials,Metal Fabrication,72.71,29.15,15,0.0,E Avoid,19,8.0,10,2.89,32.2,30.29,Bearish,27.03,15.0,0.0,E Avoid,0.0,2.12,0.0,No Major Change
07.10.2026 at 10:09 AM IST,DYNPRO,Unknown,Unknown,222.0,39.28,15,0.0,E Avoid,18,0.0,10,0.24,17.09,34.57,Bearish,38.5,15.0,0.0,E Avoid,0.0,0.78,0.0,No Major Change
07.10.2026 at 10:09 AM IST,MAHSCOOTER,Financial Services,Asset Management,12293.0,36.2,15,0.0,E Avoid,13,8.0,0,0.16,14.65,29.52,Bearish,36.52,15.0,0.0,E Avoid,0.0,-0.32,0.0,No Major Change
07.10.2026 at 10:09 AM IST,DHRUV,Industrials,Engineering & Construction,19.51,29.78,20,0.0,E Avoid,24,0.0,0,2.19,4.0,65.77,Bearish,29.73,20.0,0.0,E Avoid,0.0,0.05,0.0,No Major Change
07.10.2026 at 10:09 AM IST,GLOBALE,Consumer Cyclical,Textile Manufacturing,10.3,40.0,15,0.0,E Avoid,13,3.0,0,0.28,11.96,33.12,Bearish,45.66,15.0,0.0,E Avoid,0.0,-5.66,0.0,No Major Change
07.10.2026 at 10:09 AM IST,FACT,Basic Materials,Agricultural Inputs,752.5,42.12,15,0.0,E Avoid,13,0.0,0,0.1,15.4,28.92,Bearish,43.43,15.0,0.0,E Avoid,0.0,-1.31,0.0,No Major Change
07.10.2026 at 10:09 AM IST,MAGNUM,Basic Materials,Paper & Paper Products,18.28,38.13,15,0.0,E Avoid,18,3.0,0,0.0,12.49,34.71,Bearish,36.69,15.0,0.0,E Avoid,0.0,1.44,0.0,No Major Change
07.10.2026 at 10:09 AM IST,DBREALTY,Real Estate,Real Estate - Development,90.29,30.09,15,0.0,E Avoid,16,7.0,0,0.11,8.13,44.78,Bearish,29.81,15.0,0.0,E Avoid,0.0,0.28,0.0,No Major Change
07.10.2026 at 10:09 AM IST,SALZERELEC,Industrials,Electrical Equipment & Parts,520.25,31.32,15,0.0,E Avoid,16,6.0,0,0.12,6.92,45.13,Bearish,34.06,15.0,0.0,E Avoid,0.0,-2.74,0.0,No Major Change
07.10.2026 at 10:09 AM IST,SAMMAANCAP,Financial Services,Mortgage Finance,133.72,30.54,15,0.0,E Avoid,16,0.0,0,0.17,3.66,30.7,Bearish,31.49,15.0,0.0,E Avoid,0.0,-0.95,0.0,No Major Change
07.10.2026 at 10:09 AM IST,KALPATARU,Real Estate,Real Estate - Development,267.75,44.04,15,0.0,E Avoid,16,3.0,0,0.08,7.1,34.81,Bearish,45.78,15.0,0.0,E Avoid,0.0,-1.74,0.0,No Major Change
07.10.2026 at 10:09 AM IST,ODIGMA,Communication Services,Advertising Agencies,20.71,36.0,15,0.0,E Avoid,21,17.0,0,0.09,3.55,52.86,Bearish,39.6,15.0,0.0,E Avoid,0.0,-3.6,0.0,No Major Change
07.10.2026 at 10:09 AM IST,CROMPTON,Unknown,Unknown,211.0,35.67,15,0.0,E Avoid,16,3.0,0,0.09,4.92,31.23,Bearish,36.57,15.0,0.0,E Avoid,0.0,-0.9,0.0,No Major Change
07.10.2026 at 10:09 AM IST,GANGAFORGE,Industrials,Metal Fabrication,1.51,42.0,20,0.0,E Avoid,18,0.0,0,0.12,11.85,63.61,Bearish,42.85,20.0,0.0,E Avoid,0.0,-0.85,0.0,No Major Change
07.10.2026 at 10:09 AM IST,LOYALTEX,Consumer Cyclical,Textile Manufacturing,207.0,45.26,15,0.0,E Avoid,22,0.0,20,0.03,21.74,38.02,Bearish,45.26,15.0,0.0,E Avoid,0.0,0.0,0.0,No Major Change
07.10.2026 at 10:09 AM IST,CPEDU,Consumer Defensive,Education & Training Services,182.5,49.79,15,0.0,E Avoid,17,8.0,10,0.8,29.43,45.65,Bearish,48.46,15.0,0.0,E Avoid,0.0,1.33,0.0,No Major Change
07.10.2026 at 10:09 AM IST,TERASOFT,Unknown,Unknown,227.0,39.67,20,0.0,E Avoid,13,7.0,0,0.32,16.94,61.86,Bearish,43.03,20.0,0.0,E Avoid,0.0,-3.36,0.0,Fresh Weakness
07.10.2026 at 10:09 AM IST,VLEGOV,Technology,Information Technology Services,9.4,36.86,20,0.0,E Avoid,18,0.0,0,0.11,11.64,67.84,Bearish,36.26,20.0,0.0,E Avoid,0.0,0.6,0.0,No Major Change
07.10.2026 at 10:09 AM IST,ACI,Basic Materials,Chemicals,472.15,44.98,15,0.0,E Avoid,16,12.0,0,0.09,5.86,29.83,Bearish,46.09,15.0,0.0,E Avoid,0.0,-1.11,0.0,No Major Change
07.10.2026 at 10:09 AM IST,KITEX,Consumer Cyclical,Apparel Manufacturing,117.5,41.52,15,0.0,E Avoid,16,0.0,0,0.19,2.75,49.3,Bearish,43.84,15.0,0.0,E Avoid,0.0,-2.32,0.0,No Major Change
07.10.2026 at 10:09 AM IST,SAGCEM,Basic Materials,Building Materials,148.65,37.89,15,0.0,E Avoid,16,0.0,0,0.28,5.04,42.3,Bearish,34.59,15.0,0.0,E Avoid,0.0,3.3,0.0,No Major Change
07.10.2026 at 10:09 AM IST,KEC,Industrials,Engineering & Construction,367.85,30.2,15,0.0,E Avoid,16,10.0,0,0.27,0.18,58.33,Bearish,33.3,15.0,0.0,E Avoid,0.0,-3.1,0.0,No Major Change
07.10.2026 at 10:09 AM IST,OSWALAGRO,Unknown,Unknown,33.01,36.29,15,0.0,E Avoid,21,0.0,0,0.06,2.01,59.25,Bearish,35.42,15.0,0.0,E Avoid,0.0,0.87,0.0,No Major Change
07.10.2026 at 10:09 AM IST,GOODYEAR,Unknown,Unknown,685.0,21.75,10,0.0,E Avoid,9,0.0,0,0.32,0.74,44.53,Bearish,22.37,10.0,0.0,E Avoid,0.0,-0.62,0.0,No Major Change
07.10.2026 at 10:09 AM IST,LEMERITE,Consumer Cyclical,Textile Manufacturing,19.5,43.04,20,0.0,E Avoid,16,0.0,0,0.05,9.98,81.87,Bearish,44.97,20.0,0.0,E Avoid,0.0,-1.93,0.0,No Major Change
07.10.2026 at 10:09 AM IST,ROSSARI,Unknown,Unknown,431.0,38.42,15,0.0,E Avoid,18,0.0,0,0.14,15.04,37.5,Bearish,35.29,15.0,0.0,E Avoid,0.0,3.13,0.0,No Major Change
07.10.2026 at 10:09 AM IST,SOLEX,Technology,Solar,678.65,38.33,20,0.0,E Avoid,16,6.0,0,0.34,4.3,65.78,Bearish,41.89,20.0,0.0,E Avoid,0.0,-3.56,0.0,Fresh Weakness
07.10.2026 at 10:09 AM IST,SOLARWORLD,Technology,Solar,129.4,37.49,20,0.0,E Avoid,16,25.0,0,0.09,5.27,63.03,Bearish,38.59,20.0,0.0,E Avoid,0.0,-1.1,0.0,No Major Change
07.10.2026 at 10:09 AM IST,NECLIFE,Healthcare,Drug Manufacturers - Specialty & Generic,10.6,41.07,15,0.0,E Avoid,18,1.0,0,0.35,13.98,52.68,Bearish,48.16,15.0,0.0,E Avoid,0.0,-7.09,0.0,No Major Change
07.10.2026 at 10:09 AM IST,NAHARPOLY,Consumer Cyclical,Packaging & Containers,223.75,42.03,15,0.0,E Avoid,18,5.0,0,0.01,12.55,33.56,Bearish,38.84,15.0,0.0,E Avoid,0.0,3.19,0.0,No Major Change
07.10.2026 at 10:09 AM IST,POLICYBZR,Financial Services,Insurance Brokers,1017.5,24.36,25,0.0,E Avoid,9,38.0,0,0.12,7.66,48.2,Bearish,24.9,25.0,0.0,E Avoid,0.0,-0.54,0.0,No Major Change
07.10.2026 at 10:09 AM IST,NDGL,Financial Services,Capital Markets,2401.0,27.96,15,0.0,E Avoid,14,2.0,0,0.05,14.43,40.66,Bearish,23.19,25.0,0.0,E Avoid,0.0,4.77,-10.0,Risk Reduced Sharply
07.10.2026 at 10:09 AM IST,ASAL,Consumer Cyclical,Auto Parts,426.45,29.04,15,0.0,E Avoid,14,16.0,0,0.25,13.87,30.32,Bearish,28.77,15.0,0.0,E Avoid,0.0,0.27,0.0,No Major Change
07.10.2026 at 10:09 AM IST,ASALCBR,Consumer Defensive,Beverages - Wineries & Distilleries,598.8,21.72,25,0.0,E Avoid,14,16.0,0,0.06,1.49,52.97,Bearish,21.65,25.0,0.0,E Avoid,0.0,0.07,0.0,No Major Change
07.10.2026 at 10:09 AM IST,ASHAPURMIN,Unknown,Unknown,480.1,28.81,15,0.0,E Avoid,9,0.0,0,0.66,5.89,47.9,Bearish,37.55,15.0,0.0,E Avoid,0.0,-8.74,0.0,No Major Change
07.10.2026 at 10:09 AM IST,JSWENERGY,Utilities,Utilities - Independent Power Producers,491.8,37.31,15,0.0,E Avoid,13,0.0,0,0.11,15.36,20.07,Bearish,38.76,15.0,0.0,E Avoid,0.0,-1.45,0.0,No Major Change
07.10.2026 at 10:09 AM IST,VIPCLOTHNG,Consumer Cyclical,Apparel Manufacturing,20.31,42.6,15,0.0,E Avoid,13,9.0,8,0.08,44.56,45.91,Bearish,42.45,15.0,0.0,E Avoid,0.0,0.15,0.0,No Major Change
07.10.2026 at 10:09 AM IST,PARASPETRO,Consumer Cyclical,Textile Manufacturing,2.06,41.04,15,0.0,E Avoid,8,5.0,0,0.18,34.64,36.22,Bearish,36.97,15.0,0.0,E Avoid,0.0,4.07,0.0,No Major Change
07.10.2026 at 10:09 AM IST,ORTINGLOBE,Healthcare,Drug Manufacturers - Specialty & Generic,14.68,45.82,15,0.0,E Avoid,17,0.0,0,0.0,37.71,31.08,Bearish,43.33,15.0,0.0,E Avoid,0.0,2.49,0.0,No Major Change
07.10.2026 at 10:09 AM IST,AQYLON,Communication Services,Broadcasting,15.53,26.76,20,0.0,E Avoid,9,30.0,0,0.02,5.72,99.09,Bearish,26.57,20.0,0.0,E Avoid,0.0,0.19,0.0,No Major Change
07.10.2026 at 10:09 AM IST,VTL,Unknown,Unknown,539.05,42.2,15,0.0,E Avoid,8,0.0,0,0.1,41.02,20.99,Bearish,45.32,15.0,0.0,E Avoid,0.0,-3.12,0.0,No Major Change
07.10.2026 at 10:09 AM IST,WAAREEINDO,Technology,Solar,206.2,24.22,30,0.0,E Avoid,9,20.0,0,0.05,3.38,71.56,Bearish,24.87,30.0,0.0,E Avoid,0.0,-0.65,0.0,No Major Change
07.10.2026 at 10:09 AM IST,ORIENTCEM,Basic Materials,Building Materials,114.16,24.8,25,0.0,E Avoid,9,11.0,0,0.06,0.14,49.28,Bearish,27.05,15.0,0.0,E Avoid,0.0,-2.25,10.0,"Risk Increased Sharply, New Risk Warning"
07.10.2026 at 10:09 AM IST,ORISSAMINE,Basic Materials,Steel,3580.9,28.83,15,0.0,E Avoid,14,13.0,0,0.08,15.49,38.56,Bearish,31.29,15.0,0.0,E Avoid,0.0,-2.46,0.0,No Major Change
07.10.2026 at 10:09 AM IST,ICEMAKE,Industrials,Specialty Industrial Machinery,632.3,28.62,15,0.0,E Avoid,14,9.0,0,0.08,5.03,31.05,Bearish,28.04,15.0,0.0,E Avoid,0.0,0.58,0.0,No Major Change
07.10.2026 at 10:09 AM IST,SALASAR,Basic Materials,Steel,4.19,26.45,20,0.0,E Avoid,14,2.0,0,0.14,10.26,61.87,Bearish,28.01,20.0,0.0,E Avoid,0.0,-1.56,0.0,No Major Change
07.10.2026 at 10:09 AM IST,MUFTI,Consumer Cyclical,Apparel Retail,69.32,36.33,15,0.0,E Avoid,13,13.0,0,0.11,12.82,39.1,Bearish,37.35,15.0,0.0,E Avoid,0.0,-1.02,0.0,No Major Change
07.10.2026 at 10:09 AM IST,KOKUYOCMLN,Industrials,Business Equipment & Supplies,73.5,35.76,15,0.0,E Avoid,31,6.0,0,2.09,3.82,32.69,Bearish,38.69,15.0,0.0,E Avoid,0.0,-2.93,0.0,No Major Change
07.10.2026 at 10:09 AM IST,VIKRAMSOLR,Technology,Solar,150.42,25.2,15,0.0,E Avoid,9,25.0,0,0.27,0.27,57.56,Bearish,26.39,15.0,0.0,E Avoid,0.0,-1.19,0.0,No Major Change
07.10.2026 at 10:09 AM IST,JMFINANCIL,Financial Services,Capital Markets,123.75,44.81,15,0.0,E Avoid,18,16.0,0,0.14,12.19,30.47,Bearish,45.43,15.0,0.0,E Avoid,0.0,-0.62,0.0,No Major Change
07.10.2026 at 10:09 AM IST,INSECTICID,Basic Materials,Agricultural Inputs,580.45,40.14,15,0.0,E Avoid,18,10.0,0,0.06,11.93,25.1,Bearish,42.2,15.0,0.0,E Avoid,0.0,-2.06,0.0,No Major Change
07.10.2026 at 10:09 AM IST,DNAMEDIA,Communication Services,Publishing,2.44,45.8,15,0.0,E Avoid,22,7.0,0,0.07,12.44,52.06,Bearish,44.42,15.0,0.0,E Avoid,0.0,1.38,0.0,No Major Change
07.10.2026 at 10:09 AM IST,ESSARSHPNG,Industrials,Marine Shipping,16.58,48.16,20,0.0,E Avoid,20,10.0,0,0.07,7.45,61.67,Bearish,49.06,20.0,0.0,E Avoid,0.0,-0.9,0.0,No Major Change
07.10.2026 at 10:09 AM IST,STANLEY,Consumer Cyclical,"Furnishings, Fixtures & Appliances",137.27,49.23,15,0.0,E Avoid,22,0.0,10,0.1,11.6,54.85,Bearish,47.86,15.0,0.0,E Avoid,0.0,1.37,0.0,No Major Change
07.10.2026 at 10:09 AM IST,CEWATER,Utilities,Utilities - Regulated Water,262.05,45.39,15,0.0,E Avoid,22,0.0,0,0.11,11.51,48.87,Bearish,44.25,15.0,0.0,E Avoid,0.0,1.14,0.0,No Major Change
07.10.2026 at 10:09 AM IST,SCODATUBES,Basic Materials,Steel,122.8,39.81,15,0.0,E Avoid,13,22.0,0,0.12,11.64,32.33,Bearish,41.62,15.0,0.0,E Avoid,0.0,-1.81,0.0,Fresh Weakness
07.10.2026 at 10:09 AM IST,KEEPLEARN,Consumer Defensive,Education & Training Services,1.79,39.65,15,0.0,E Avoid,13,0.0,0,0.72,18.54,44.24,Bearish,39.65,15.0,0.0,E Avoid,0.0,0.0,0.0,No Major Change
07.10.2026 at 10:09 AM IST,KAMOPAINTS,Basic Materials,Steel,4.11,35.19,15,0.0,E Avoid,13,5.0,0,0.09,14.17,53.77,Bearish,35.19,15.0,0.0,E Avoid,0.0,0.0,0.0,No Major Change
07.10.2026 at 10:09 AM IST,KALAMANDIR,Consumer Cyclical,Apparel Retail,76.99,40.84,20,0.0,E Avoid,16,19.0,0,0.12,5.32,64.89,Bearish,41.08,20.0,0.0,E Avoid,0.0,-0.24,0.0,No Major Change
07.10.2026 at 10:09 AM IST,SHANTI,Consumer Defensive,Farm Products,5.5,35.01,15,0.0,E Avoid,18,0.0,0,0.03,17.02,55.14,Bearish,34.56,15.0,0.0,E Avoid,0.0,0.45,0.0,No Major Change
07.10.2026 at 10:09 AM IST,GTLINFRA,Technology,Communication Equipment,1.08,37.83,15,0.0,E Avoid,13,17.0,0,0.06,12.5,35.33,Bearish,39.86,15.0,0.0,E Avoid,0.0,-2.03,0.0,No Major Change
07.10.2026 at 10:09 AM IST,LFIC,Financial Services,Asset Management,130.0,44.73,15,0.0,E Avoid,18,14.0,0,0.01,19.37,41.07,Bearish,45.36,15.0,0.0,E Avoid,0.0,-0.63,0.0,No Major Change
07.10.2026 at 10:09 AM IST,LAXMICOT,Unknown,Unknown,12.91,45.2,15,0.0,E Avoid,17,0.0,8,0.91,13.64,47.18,Bearish,41.82,15.0,0.0,E Avoid,0.0,3.38,0.0,No Major Change
07.10.2026 at 10:09 AM IST,RUBFILA,Unknown,Unknown,64.87,49.59,15,0.0,E Avoid,22,0.0,10,0.09,16.63,22.28,Bearish,45.12,15.0,0.0,E Avoid,0.0,4.47,0.0,No Major Change
07.10.2026 at 10:09 AM IST,UNIINFO,Communication Services,Telecom Services,11.17,48.98,15,0.0,E Avoid,22,5.0,8,0.14,19.34,41.15,Bearish,45.57,15.0,0.0,E Avoid,0.0,3.41,0.0,No Major Change
07.10.2026 at 10:09 AM IST,CREATIVEYE,Communication Services,Entertainment,5.9,47.26,15,0.0,E Avoid,17,17.0,0,0.5,14.34,33.11,Bearish,47.26,15.0,0.0,E Avoid,0.0,0.0,0.0,No Major Change
07.10.2026 at 10:09 AM IST,KRITI,Industrials,Building Products & Equipment,60.0,42.55,15,0.0,E Avoid,13,0.0,0,0.02,13.21,54.85,Bearish,42.64,15.0,0.0,E Avoid,0.0,-0.09,0.0,No Major Change
07.10.2026 at 10:09 AM IST,HCL-INSYS,Technology,Electronics & Computer Distribution,10.18,44.02,15,0.0,E Avoid,18,0.0,8,0.15,12.99,38.3,Bearish,43.17,15.0,0.0,E Avoid,0.0,0.85,0.0,No Major Change
07.10.2026 at 10:09 AM IST,HARRMALAYA,Consumer Defensive,Farm Products,173.78,38.26,15,0.0,E Avoid,18,8.0,0,0.15,13.09,26.95,Bearish,40.14,15.0,0.0,E Avoid,0.0,-1.88,0.0,Fresh Weakness
07.10.2026 at 10:09 AM IST,HEALTHX,Unknown,Unknown,285.65,44.05,15,0.0,E Avoid,18,0.0,10,0.01,13.13,21.31,Bearish,43.4,15.0,0.0,E Avoid,0.0,0.65,0.0,No Major Change
07.10.2026 at 10:09 AM IST,HEADSUP,Consumer Cyclical,Apparel Retail,6.45,44.33,15,0.0,E Avoid,18,0.0,0,0.0,13.36,50.19,Bearish,45.98,15.0,0.0,E Avoid,0.0,-1.65,0.0,No Major Change
07.10.2026 at 10:09 AM IST,KRIDHANINF,Basic Materials,Steel,1.84,34.43,20,0.0,E Avoid,16,8.0,0,0.01,2.79,61.51,Bearish,38.6,20.0,0.0,E Avoid,0.0,-4.17,0.0,No Major Change
07.10.2026 at 10:09 AM IST,SKFINDIA,Industrials,Tools & Accessories,1441.9,31.01,20,0.0,E Avoid,16,15.0,0,0.07,5.21,70.89,Bearish,36.81,20.0,0.0,E Avoid,0.0,-5.8,0.0,No Major Change
07.10.2026 at 10:09 AM IST,RPPINFRA,Industrials,Engineering & Construction,51.33,40.24,20,0.0,E Avoid,16,0.0,0,0.04,2.46,60.21,Bearish,40.87,20.0,0.0,E Avoid,0.0,-0.63,0.0,No Major Change
07.10.2026 at 10:09 AM IST,BSL,Consumer Cyclical,Textile Manufacturing,119.04,44.03,15,0.0,E Avoid,13,9.0,10,0.05,21.47,41.93,Bearish,45.82,15.0,0.0,E Avoid,0.0,-1.79,0.0,No Major Change
07.10.2026 at 10:09 AM IST,BOMDYEING,Consumer Cyclical,Textile Manufacturing,102.14,30.36,15,0.0,E Avoid,18,5.0,0,0.26,11.4,42.54,Bearish,33.19,15.0,0.0,E Avoid,0.0,-2.83,0.0,No Major Change
07.10.2026 at 10:09 AM IST,HARIOMPIPE,Basic Materials,Steel,337.85,41.64,15,0.0,E Avoid,13,3.0,10,0.16,26.3,29.76,Bearish,40.64,15.0,0.0,E Avoid,0.0,1.0,0.0,No Major Change
07.10.2026 at 10:09 AM IST,PRAKASHSTL,Unknown,Unknown,3.55,37.0,15,0.0,E Avoid,21,0.0,0,0.04,2.6,45.97,Bearish,34.9,15.0,0.0,E Avoid,0.0,2.1,0.0,No Major Change
07.10.2026 at 10:09 AM IST,GEMAROMA,Basic Materials,Chemicals,152.45,38.76,15,0.0,E Avoid,13,6.0,0,0.08,14.62,39.98,Bearish,38.52,15.0,0.0,E Avoid,0.0,0.24,0.0,No Major Change
07.10.2026 at 10:09 AM IST,ASHOKLEY,Industrials,Farm & Heavy Construction Machinery,152.36,36.88,15,0.0,E Avoid,13,14.0,0,0.09,16.24,28.07,Bearish,38.7,15.0,0.0,E Avoid,0.0,-1.82,0.0,No Major Change
07.10.2026 at 10:09 AM IST,ATLANTAA,Industrials,Infrastructure Operations,35.64,43.49,15,0.0,E Avoid,18,6.0,0,0.11,13.07,51.44,Bearish,41.62,15.0,0.0,E Avoid,0.0,1.87,0.0,No Major Change
07.10.2026 at 10:09 AM IST,ARVINDFASN,Consumer Cyclical,Apparel Retail,403.2,42.43,15,0.0,E Avoid,13,6.0,0,0.09,10.49,28.89,Bearish,42.79,15.0,0.0,E Avoid,0.0,-0.36,0.0,No Major Change
07.10.2026 at 10:09 AM IST,NEXTMEDIA,Communication Services,Broadcasting,3.6,42.07,15,0.0,E Avoid,18,2.0,0,0.17,13.92,57.55,Bearish,40.34,15.0,0.0,E Avoid,0.0,1.73,0.0,No Major Change
07.10.2026 at 10:09 AM IST,BHARATWIRE,Basic Materials,Steel,166.5,42.02,15,0.0,E Avoid,18,15.0,0,0.23,12.49,36.45,Bearish,40.04,15.0,0.0,E Avoid,0.0,1.98,0.0,No Major Change
07.10.2026 at 10:09 AM IST,BLUECOAST,Consumer Cyclical,Lodging,22.7,53.0,20,0.0,E Avoid,30,2.0,10,0.13,22.24,63.08,Bearish,49.51,20.0,0.0,E Avoid,0.0,3.49,0.0,No Major Change
07.10.2026 at 10:09 AM IST,FOODSIN,Consumer Defensive,Packaged Foods,50.81,41.14,15,0.0,E Avoid,18,0.0,0,0.14,16.11,41.88,Bearish,41.01,15.0,0.0,E Avoid,0.0,0.13,0.0,No Major Change
07.10.2026 at 10:09 AM IST,MADRASFERT,Basic Materials,Agricultural Inputs,59.0,35.81,15,0.0,E Avoid,18,1.0,0,0.1,12.25,31.71,Bearish,35.67,15.0,0.0,E Avoid,0.0,0.14,0.0,No Major Change
07.10.2026 at 10:09 AM IST,STYRENIX,Unknown,Unknown,2034.5,44.23,15,0.0,E Avoid,18,0.0,10,0.07,15.47,22.52,Bearish,45.4,15.0,0.0,E Avoid,0.0,-1.17,0.0,No Major Change
07.10.2026 at 10:09 AM IST,SUVIDHAA,Technology,Information Technology Services,2.07,36.14,15,0.0,E Avoid,13,0.0,0,0.12,16.95,51.29,Bearish,36.14,15.0,0.0,E Avoid,0.0,0.0,0.0,No Major Change
07.10.2026 at 10:09 AM IST,ENERGYDEV,Utilities,Utilities - Regulated Electric,14.64,42.81,15,0.0,E Avoid,18,0.0,0,0.04,11.33,50.69,Bearish,37.18,15.0,0.0,E Avoid,0.0,5.63,0.0,No Major Change
07.10.2026 at 10:09 AM IST,GLOBALVECT,Industrials,Airports & Air Services,127.99,36.6,15,0.0,E Avoid,16,0.0,0,0.13,4.06,48.39,Bearish,39.87,15.0,0.0,E Avoid,0.0,-3.27,0.0,No Major Change
07.10.2026 at 10:09 AM IST,GODAVARIB,Basic Materials,Chemicals,227.18,39.88,15,0.0,E Avoid,21,5.0,0,0.01,1.51,35.64,Bearish,41.38,15.0,0.0,E Avoid,0.0,-1.5,0.0,Fresh Weakness
07.10.2026 at 10:09 AM IST,CENTRUM,Financial Services,Financial Conglomerates,19.86,31.16,15,0.0,E Avoid,21,0.0,0,0.06,6.15,44.68,Bearish,30.27,15.0,0.0,E Avoid,0.0,0.89,0.0,No Major Change
07.10.2026 at 10:09 AM IST,MODIRUBBER,Real Estate,Real Estate Services,120.1,44.76,15,0.0,E Avoid,13,8.0,10,0.7,22.04,28.3,Bearish,42.57,15.0,0.0,E Avoid,0.0,2.19,0.0,No Major Change
07.10.2026 at 10:09 AM IST,RAJSREESUG,Consumer Defensive,Confectioners,29.95,40.59,15,0.0,E Avoid,18,1.0,10,0.21,21.5,29.5,Bearish,38.56,15.0,0.0,E Avoid,0.0,2.03,0.0,No Major Change
07.10.2026 at 10:09 AM IST,VSTL,Basic Materials,Steel,108.01,36.96,15,0.0,E Avoid,16,14.0,0,0.12,7.15,30.18,Bearish,38.23,15.0,0.0,E Avoid,0.0,-1.27,0.0,No Major Change
07.10.2026 at 10:09 AM IST,GALLANTT,Basic Materials,Steel,521.0,33.43,15,0.0,E Avoid,16,12.0,0,0.34,5.37,44.84,Bearish,39.19,15.0,0.0,E Avoid,0.0,-5.76,0.0,No Major Change
07.10.2026 at 10:09 AM IST,NETWORK18,Communication Services,Entertainment,25.88,40.46,15,0.0,E Avoid,16,3.0,0,0.14,3.44,51.39,Bearish,43.48,15.0,0.0,E Avoid,0.0,-3.02,0.0,No Major Change
07.10.2026 at 10:09 AM IST,REPL,Industrials,Consulting Services,56.24,35.12,20,0.0,E Avoid,16,0.0,0,0.7,2.25,62.43,Bearish,37.71,20.0,0.0,E Avoid,0.0,-2.59,0.0,No Major Change
07.10.2026 at 10:09 AM IST,MHRIL,Consumer Cyclical,Resorts & Casinos,195.41,37.77,15,0.0,E Avoid,16,0.0,0,0.03,3.83,43.9,Bearish,39.7,15.0,0.0,E Avoid,0.0,-1.93,0.0,No Major Change
07.10.2026 at 10:09 AM IST,RAMANEWS,Consumer Defensive,Beverages - Non-Alcoholic,29.29,35.82,15,0.0,E Avoid,16,0.0,10,0.02,8.28,30.26,Bearish,33.67,15.0,0.0,E Avoid,0.0,2.15,0.0,No Major Change
07.10.2026 at 10:09 AM IST,TMPV,Consumer Cyclical,Auto Manufacturers,283.15,35.63,15,0.0,E Avoid,16,9.0,0,0.13,4.02,59.95,Bearish,37.52,15.0,0.0,E Avoid,0.0,-1.89,0.0,No Major Change
07.10.2026 at 10:09 AM IST,GREENPANEL,Basic Materials,Lumber & Wood Production,158.0,43.14,15,0.0,E Avoid,16,10.0,0,0.02,6.39,49.55,Bearish,45.94,15.0,0.0,E Avoid,0.0,-2.8,0.0,No Major Change
07.10.2026 at 10:09 AM IST,OSWALSEEDS,Unknown,Unknown,12.22,43.39,15,0.0,E Avoid,13,0.0,18,0.01,26.5,39.74,Bearish,42.5,15.0,0.0,E Avoid,0.0,0.89,0.0,No Major Change
07.10.2026 at 10:09 AM IST,PANACEABIO,Healthcare,Biotechnology,358.25,38.19,15,0.0,E Avoid,18,6.0,10,0.18,22.52,44.63,Bearish,41.13,15.0,0.0,E Avoid,0.0,-2.94,0.0,Fresh Weakness
07.10.2026 at 10:09 AM IST,AGARIND,Basic Materials,Specialty Chemicals,395.75,34.67,15,0.0,E Avoid,18,0.0,0,0.1,10.82,57.28,Bearish,35.27,15.0,0.0,E Avoid,0.0,-0.6,0.0,No Major Change
07.10.2026 at 10:09 AM IST,RELTD,Technology,Solar,145.35,40.39,15,0.0,E Avoid,13,0.0,10,0.05,26.84,26.01,Bearish,43.5,15.0,0.0,E Avoid,0.0,-3.11,0.0,No Major Change
07.10.2026 at 10:09 AM IST,MAITHANALL,Basic Materials,Steel,908.55,32.73,15,0.0,E Avoid,18,17.0,0,0.13,11.24,24.47,Bearish,33.52,15.0,0.0,E Avoid,0.0,-0.79,0.0,No Major Change
07.10.2026 at 10:09 AM IST,APCL,Basic Materials,Building Materials,94.8,40.08,15,0.0,E Avoid,21,0.0,0,0.03,3.61,36.28,Bearish,35.14,15.0,0.0,E Avoid,0.0,4.94,0.0,No Major Change
07.10.2026 at 10:09 AM IST,MOIL,Unknown,Unknown,236.79,39.0,15,0.0,E Avoid,21,0.0,0,0.09,2.95,38.91,Bearish,42.11,15.0,0.0,E Avoid,0.0,-3.11,0.0,Fresh Weakness
07.10.2026 at 10:09 AM IST,SOMICONVEY,Industrials,Specialty Industrial Machinery,85.02,36.16,15,0.0,E Avoid,21,5.0,0,0.02,6.06,47.58,Bearish,32.9,15.0,0.0,E Avoid,0.0,3.26,0.0,No Major Change
07.10.2026 at 10:09 AM IST,BIRLAMONEY,Financial Services,Capital Markets,116.93,42.57,15,0.0,E Avoid,18,7.0,0,0.33,23.08,34.98,Bearish,40.22,15.0,0.0,E Avoid,0.0,2.35,0.0,No Major Change
07.10.2026 at 10:09 AM IST,DISHTV,Communication Services,Entertainment,2.15,32.72,15,0.0,E Avoid,18,0.0,0,0.07,18.13,56.91,Bearish,30.28,15.0,0.0,E Avoid,0.0,2.44,0.0,No Major Change
07.10.2026 at 10:09 AM IST,LPDC,Real Estate,Real Estate Services,6.28,44.72,15,0.0,E Avoid,13,19.0,0,0.04,20.08,33.62,Bearish,43.57,15.0,0.0,E Avoid,0.0,1.15,0.0,No Major Change
07.10.2026 at 10:09 AM IST,GENUSPAPER,Basic Materials,Paper & Paper Products,10.67,41.46,15,0.0,E Avoid,18,3.0,0,0.02,23.07,39.31,Bearish,39.81,15.0,0.0,E Avoid,0.0,1.65,0.0,No Major Change
07.10.2026 at 10:09 AM IST,PVSL,Consumer Cyclical,Auto & Truck Dealerships,94.53,39.1,15,0.0,E Avoid,18,0.0,10,0.16,14.71,42.01,Bearish,39.2,15.0,0.0,E Avoid,0.0,-0.1,0.0,No Major Change
07.10.2026 at 10:09 AM IST,TATACOMM,Communication Services,Telecom Services,1666.5,40.54,15,0.0,E Avoid,8,0.0,10,0.03,27.16,21.02,Bearish,43.59,15.0,0.0,E Avoid,0.0,-3.05,0.0,No Major Change
07.10.2026 at 10:09 AM IST,MOHITIND,Consumer Cyclical,Textile Manufacturing,22.79,44.12,15,0.0,E Avoid,18,0.0,0,0.04,22.53,34.51,Bearish,44.0,15.0,0.0,E Avoid,0.0,0.12,0.0,No Major Change
07.10.2026 at 10:09 AM IST,SAURASHCEM,Basic Materials,Building Materials,51.76,39.82,15,0.0,E Avoid,21,10.0,0,0.32,8.63,53.34,Bearish,38.54,15.0,0.0,E Avoid,0.0,1.28,0.0,No Major Change
07.10.2026 at 10:09 AM IST,AVROIND,Consumer Cyclical,"Furnishings, Fixtures & Appliances",6.85,33.16,15,0.0,E Avoid,16,11.0,0,0.02,9.08,56.84,Bearish,32.73,15.0,0.0,E Avoid,0.0,0.43,0.0,No Major Change
07.10.2026 at 10:09 AM IST,TIRUMALCHM,Basic Materials,Specialty Chemicals,147.65,39.77,15,0.0,E Avoid,16,4.0,0,0.06,4.42,49.74,Bearish,40.77,15.0,0.0,E Avoid,0.0,-1.0,0.0,Fresh Weakness
07.10.2026 at 10:09 AM IST,CHEMFAB,Basic Materials,Specialty Chemicals,327.2,34.45,15,0.0,E Avoid,18,2.0,0,0.42,13.08,50.03,Bearish,42.06,15.0,0.0,E Avoid,0.0,-7.61,0.0,Fresh Weakness
07.10.2026 at 10:09 AM IST,SPANDANA,Financial Services,Credit Services,215.75,32.11,15,0.0,E Avoid,18,0.0,0,0.11,19.13,32.45,Bearish,35.65,15.0,0.0,E Avoid,0.0,-3.54,0.0,No Major Change
07.10.2026 at 10:09 AM IST,ROSSELLIND,Industrials,Conglomerates,51.0,36.04,15,0.0,E Avoid,13,3.0,10,0.06,28.41,30.14,Bearish,33.79,15.0,0.0,E Avoid,0.0,2.25,0.0,No Major Change
07.10.2026 at 10:09 AM IST,ESSENTIA,Consumer Defensive,Food Distribution,1.0,37.16,15,0.0,E Avoid,16,6.0,0,0.26,0.0,51.92,Bearish,38.99,15.0,0.0,E Avoid,0.0,-1.83,0.0,No Major Change
07.10.2026 at 10:09 AM IST,INDOWIND,Utilities,Utilities - Renewable,8.59,41.48,15,0.0,E Avoid,18,0.0,0,0.12,22.71,54.65,Bearish,40.38,15.0,0.0,E Avoid,0.0,1.1,0.0,No Major Change
07.10.2026 at 10:09 AM IST,INDUSINDBK,Unknown,Unknown,898.25,35.62,15,0.0,E Avoid,18,0.0,10,0.1,23.88,16.66,Bearish,38.66,15.0,0.0,E Avoid,0.0,-3.04,0.0,No Major Change
07.10.2026 at 10:09 AM IST,NITCO,Industrials,Building Products & Equipment,83.2,36.73,15,0.0,E Avoid,13,0.0,0,0.03,30.0,30.32,Bearish,38.06,15.0,0.0,E Avoid,0.0,-1.33,0.0,No Major Change
07.10.2026 at 10:09 AM IST,ANUP,Industrials,Specialty Industrial Machinery,1560.0,30.5,15,0.0,E Avoid,18,2.0,0,0.06,10.39,36.99,Bearish,33.65,15.0,0.0,E Avoid,0.0,-3.15,0.0,No Major Change
07.10.2026 at 10:09 AM IST,PNBGILTS,Financial Services,Capital Markets,71.62,36.31,15,0.0,E Avoid,13,2.0,0,0.13,25.39,26.38,Bearish,35.34,15.0,0.0,E Avoid,0.0,0.97,0.0,No Major Change
07.10.2026 at 10:09 AM IST,CONCOR,Unknown,Unknown,444.6,31.29,15,0.0,E Avoid,21,0.0,0,0.15,6.03,18.83,Bearish,32.26,15.0,0.0,E Avoid,0.0,-0.97,0.0,No Major Change
07.10.2026 at 10:09 AM IST,COCHINSHIP,Industrials,Aerospace & Defense,1270.6,31.8,15,0.0,E Avoid,16,14.0,0,0.09,7.16,31.84,Bearish,33.12,15.0,0.0,E Avoid,0.0,-1.32,0.0,No Major Change
07.10.2026 at 10:09 AM IST,SEMAC,Industrials,Engineering & Construction,239.04,31.49,15,0.0,E Avoid,13,6.0,0,0.33,16.6,53.96,Bearish,30.1,15.0,0.0,E Avoid,0.0,1.39,0.0,No Major Change
07.10.2026 at 10:09 AM IST,ATGL,Utilities,Utilities - Regulated Gas,588.8,41.08,15,0.0,E Avoid,13,9.0,10,0.08,27.27,31.5,Bearish,40.7,15.0,0.0,E Avoid,0.0,0.38,0.0,No Major Change
07.10.2026 at 10:09 AM IST,VAKRANGEE,Technology,Information Technology Services,5.17,34.15,15,0.0,E Avoid,13,2.0,0,0.15,12.15,46.37,Bearish,35.04,15.0,0.0,E Avoid,0.0,-0.89,0.0,No Major Change
07.10.2026 at 10:09 AM IST,ABFRL,Consumer Cyclical,Apparel Manufacturing,45.26,31.68,15,0.0,E Avoid,16,3.0,0,0.19,2.77,47.78,Bearish,33.0,15.0,0.0,E Avoid,0.0,-1.32,0.0,No Major Change
07.10.2026 at 10:09 AM IST,WILLAMAGOR,Financial Services,Credit Services,21.0,34.28,15,0.0,E Avoid,16,0.0,0,0.17,2.29,43.09,Bearish,39.2,15.0,0.0,E Avoid,0.0,-4.92,0.0,No Major Change
07.10.2026 at 10:09 AM IST,PIONEEREMB,Consumer Cyclical,Textile Manufacturing,20.18,34.18,15,0.0,E Avoid,21,0.0,0,0.01,2.91,47.58,Bearish,40.59,15.0,0.0,E Avoid,0.0,-6.41,0.0,Fresh Weakness
07.10.2026 at 10:09 AM IST,TARAPUR,Industrials,Specialty Industrial Machinery,11.98,38.46,20,0.0,E Avoid,18,2.0,0,0.58,10.93,70.04,Bearish,31.58,20.0,0.0,E Avoid,0.0,6.88,0.0,No Major Change
07.10.2026 at 10:09 AM IST,PRUDMOULI,Consumer Defensive,Confectioners,14.4,49.14,15,0.0,E Avoid,17,6.0,0,0.53,27.89,50.77,Bearish,40.97,15.0,0.0,E Avoid,0.0,8.17,0.0,No Major Change
07.10.2026 at 10:09 AM IST,SHIVAMAUTO,Consumer Cyclical,Auto Parts,16.65,45.19,15,0.0,E Avoid,12,0.0,0,0.06,27.59,47.13,Bearish,44.8,15.0,0.0,E Avoid,0.0,0.39,0.0,No Major Change
07.10.2026 at 10:09 AM IST,RADAAN,Communication Services,Entertainment,2.94,48.31,15,0.0,E Avoid,12,2.0,0,0.02,25.11,26.32,Bearish,51.04,15.0,0.0,E Avoid,0.0,-2.73,0.0,No Major Change
07.10.2026 at 10:09 AM IST,BEARDSELL,Industrials,Building Products & Equipment,22.69,36.2,15,0.0,E Avoid,13,13.0,0,0.02,13.81,39.03,Bearish,35.07,15.0,0.0,E Avoid,0.0,1.13,0.0,No Major Change
07.10.2026 at 10:09 AM IST,ARIHANTSUP,Real Estate,Real Estate - Development,222.0,40.32,15,0.0,E Avoid,18,15.0,0,0.06,17.72,52.2,Bearish,38.59,15.0,0.0,E Avoid,0.0,1.73,0.0,No Major Change
07.10.2026 at 10:09 AM IST,ARENTERP,Basic Materials,Other Industrial Metals & Mining,32.21,39.16,15,0.0,E Avoid,13,7.0,0,0.18,16.7,47.01,Bearish,46.21,15.0,0.0,E Avoid,0.0,-7.05,0.0,Fresh Weakness
07.10.2026 at 10:09 AM IST,TARC,Real Estate,Real Estate - Development,123.7,42.88,15,0.0,E Avoid,18,0.0,0,0.08,13.38,33.6,Bearish,43.8,15.0,0.0,E Avoid,0.0,-0.92,0.0,No Major Change
07.10.2026 at 10:09 AM IST,DREAMFOLKS,Industrials,Airports & Air Services,61.01,33.08,20,0.0,E Avoid,21,0.0,0,0.15,8.95,61.87,Bearish,30.54,20.0,0.0,E Avoid,0.0,2.54,0.0,No Major Change
07.10.2026 at 10:09 AM IST,HECPROJECT,Unknown,Unknown,113.69,43.47,15,0.0,E Avoid,18,0.0,0,0.06,23.44,29.17,Bearish,41.56,15.0,0.0,E Avoid,0.0,1.91,0.0,No Major Change
07.10.2026 at 10:09 AM IST,SAATVIKGL,Technology,Solar,399.65,40.03,15,0.0,E Avoid,13,7.0,0,0.07,21.84,29.51,Bearish,41.58,15.0,0.0,E Avoid,0.0,-1.55,0.0,No Major Change
07.10.2026 at 10:09 AM IST,SHREDIGCEM,Basic Materials,Building Materials,65.2,37.56,15,0.0,E Avoid,18,13.0,0,0.1,22.65,31.95,Bearish,37.46,15.0,0.0,E Avoid,0.0,0.1,0.0,No Major Change
07.10.2026 at 10:09 AM IST,PRECAM,Consumer Cyclical,Auto Parts,112.22,35.89,15,0.0,E Avoid,21,9.0,0,0.11,8.7,43.8,Bearish,38.3,15.0,0.0,E Avoid,0.0,-2.41,0.0,No Major Change
07.10.2026 at 10:09 AM IST,ANTGRAPHIC,Consumer Cyclical,Packaging & Containers,0.7,44.15,15,0.0,E Avoid,21,10.0,0,0.03,9.38,40.17,Bearish,40.41,15.0,0.0,E Avoid,0.0,3.74,0.0,No Major Change
07.10.2026 at 10:09 AM IST,FOCUS,Unknown,Unknown,56.0,32.0,15,0.0,E Avoid,21,0.0,0,0.08,4.28,43.36,Bearish,31.75,15.0,0.0,E Avoid,0.0,0.25,0.0,No Major Change
07.10.2026 at 10:09 AM IST,SUBROS,Unknown,Unknown,677.7,36.03,15,0.0,E Avoid,21,0.0,0,0.15,9.4,41.97,Bearish,38.66,15.0,0.0,E Avoid,0.0,-2.63,0.0,No Major Change
07.10.2026 at 10:09 AM IST,SULA,Consumer Defensive,Beverages - Wineries & Distilleries,133.44,38.5,15,0.0,E Avoid,21,8.0,0,0.06,2.65,49.32,Bearish,40.06,15.0,0.0,E Avoid,0.0,-1.56,0.0,Fresh Weakness
07.10.2026 at 10:09 AM IST,ENIL,Communication Services,Broadcasting,92.97,34.19,15,0.0,E Avoid,21,6.0,0,0.03,2.05,38.28,Bearish,30.95,15.0,0.0,E Avoid,0.0,3.24,0.0,No Major Change
07.10.2026 at 10:09 AM IST,EPACK,Unknown,Unknown,173.52,33.91,15,0.0,E Avoid,21,0.0,0,0.17,3.68,51.53,Bearish,34.33,15.0,0.0,E Avoid,0.0,-0.42,0.0,No Major Change
07.10.2026 at 10:09 AM IST,SHRIRAMPPS,Real Estate,Real Estate - Development,67.84,31.64,15,0.0,E Avoid,18,15.0,0,0.14,12.0,31.78,Bearish,33.13,15.0,0.0,E Avoid,0.0,-1.49,0.0,No Major Change
07.10.2026 at 10:09 AM IST,BPL,Technology,Consumer Electronics,44.5,32.35,15,0.0,E Avoid,18,0.0,0,0.11,18.32,46.19,Bearish,31.88,15.0,0.0,E Avoid,0.0,0.47,0.0,No Major Change
07.10.2026 at 10:09 AM IST,BCLIND,Consumer Defensive,Beverages - Wineries & Distilleries,31.95,36.61,15,0.0,E Avoid,13,1.0,0,0.06,26.48,21.89,Bearish,37.38,15.0,0.0,E Avoid,0.0,-0.77,0.0,No Major Change
07.10.2026 at 10:09 AM IST,RTNINDIA,Consumer Cyclical,Internet Retail,25.7,34.73,15,0.0,E Avoid,21,0.0,0,0.19,5.33,52.75,Bearish,39.35,15.0,0.0,E Avoid,0.0,-4.62,0.0,No Major Change
07.10.2026 at 10:09 AM IST,ACCURACY,Unknown,Unknown,4.1,33.89,15,0.0,E Avoid,13,0.0,0,0.1,20.59,42.25,Bearish,33.89,15.0,0.0,E Avoid,0.0,0.0,0.0,No Major Change
07.10.2026 at 10:09 AM IST,WANBURY,Healthcare,Drug Manufacturers - Specialty & Generic,204.09,35.19,15,0.0,E Avoid,13,3.0,0,0.65,26.37,43.13,Bearish,29.69,15.0,0.0,E Avoid,0.0,5.5,0.0,No Major Change
07.10.2026 at 10:09 AM IST,JITFINFRA,Industrials,Engineering & Construction,277.95,41.53,15,0.0,E Avoid,13,3.0,0,0.17,25.01,35.83,Bearish,38.5,15.0,0.0,E Avoid,0.0,3.03,0.0,No Major Change
07.10.2026 at 10:09 AM IST,AMBER,Consumer Cyclical,"Furnishings, Fixtures & Appliances",6863.5,44.75,15,0.0,E Avoid,13,4.0,0,0.23,27.09,23.52,Bearish,44.94,15.0,0.0,E Avoid,0.0,-0.19,0.0,No Major Change
07.10.2026 at 10:09 AM IST,ORIENTPPR,Basic Materials,Paper & Paper Products,16.25,37.7,15,0.0,E Avoid,13,3.0,0,0.45,22.64,40.61,Bearish,37.76,15.0,0.0,E Avoid,0.0,-0.06,0.0,No Major Change
07.10.2026 at 10:09 AM IST,INVENTURE,Financial Services,Capital Markets,0.85,31.91,15,0.0,E Avoid,13,21.0,0,0.72,18.06,44.44,Bearish,31.91,15.0,0.0,E Avoid,0.0,0.0,0.0,No Major Change
07.10.2026 at 10:09 AM IST,UNIENTER,Basic Materials,Chemicals,87.1,32.79,15,0.0,E Avoid,21,13.0,0,0.01,2.84,43.04,Bearish,32.74,15.0,0.0,E Avoid,0.0,0.05,0.0,No Major Change
07.10.2026 at 10:09 AM IST,UNITEDTEA,Consumer Defensive,Farm Products,416.0,30.48,15,0.0,E Avoid,21,7.0,0,0.01,2.67,29.16,Bearish,30.4,15.0,0.0,E Avoid,0.0,0.08,0.0,No Major Change
07.10.2026 at 10:09 AM IST,URJA,Technology,Solar,8.54,33.18,15,0.0,E Avoid,16,0.0,0,0.21,6.75,37.89,Bearish,34.82,15.0,0.0,E Avoid,0.0,-1.64,0.0,No Major Change
07.10.2026 at 10:09 AM IST,BAJAJELEC,Consumer Cyclical,"Furnishings, Fixtures & Appliances",301.35,30.48,15,0.0,E Avoid,21,3.0,0,0.19,1.81,45.79,Bearish,29.09,15.0,0.0,E Avoid,0.0,1.39,0.0,No Major Change
07.10.2026 at 10:09 AM IST,JISLDVREQS,Industrials,Conglomerates,19.35,37.32,15,0.0,E Avoid,21,0.0,0,0.11,5.16,43.09,Bearish,31.07,15.0,0.0,E Avoid,0.0,6.25,0.0,No Major Change
07.10.2026 at 10:09 AM IST,JISLJALEQS,Industrials,Conglomerates,27.2,39.47,15,0.0,E Avoid,21,0.0,0,0.2,4.17,51.25,Bearish,34.44,15.0,0.0,E Avoid,0.0,5.03,0.0,No Major Change
07.10.2026 at 10:09 AM IST,KSCL,Basic Materials,Agricultural Inputs,710.4,43.25,15,0.0,E Avoid,21,11.0,0,0.01,3.71,35.18,Bearish,45.18,15.0,0.0,E Avoid,0.0,-1.93,0.0,No Major Change
07.10.2026 at 10:09 AM IST,JAYSREETEA,Consumer Defensive,Farm Products,85.94,41.43,15,0.0,E Avoid,18,0.0,20,0.04,21.81,23.74,Bearish,40.84,15.0,0.0,E Avoid,0.0,0.59,0.0,No Major Change
07.10.2026 at 10:09 AM IST,COMPUSOFT,Consumer Defensive,Education & Training Services,13.0,46.31,15,0.15,E Avoid,17,19.0,0,0.15,10.38,33.71,Bearish,44.33,15.0,0.17,E Avoid,-0.02,1.98,0.0,No Major Change
07.10.2026 at 10:09 AM IST,VSTIND,Consumer Defensive,Tobacco,201.2,34.72,15,0.0,E Avoid,21,13.0,0,0.19,5.37,26.51,Bearish,39.34,15.0,0.02,E Avoid,-0.02,-4.62,0.0,No Major Change
07.10.2026 at 10:09 AM IST,KELLTONTEC,Technology,Software - Application,12.25,25.12,15,0.0,E Avoid,14,22.0,0,0.13,1.07,49.67,Bearish,29.83,15.0,0.03,E Avoid,-0.03,-4.71,0.0,No Major Change
07.10.2026 at 10:09 AM IST,RAMCOCEM,Basic Materials,Building Materials,838.0,35.82,15,0.0,E Avoid,21,12.0,0,0.03,2.68,30.81,Bearish,41.22,15.0,0.07,E Avoid,-0.07,-5.4,0.0,Fresh Weakness
07.10.2026 at 10:09 AM IST,RENUKA,Consumer Defensive,Confectioners,22.97,50.16,15,0.0,E Avoid,33,0.0,0,0.49,9.64,26.73,Bearish,46.47,15.0,0.07,E Avoid,-0.07,3.69,0.0,No Major Change
07.10.2026 at 10:09 AM IST,WSI,Industrials,Engineering & Construction,52.89,36.74,15,0.0,E Avoid,21,13.0,0,0.13,5.57,44.33,Bearish,32.38,15.0,0.07,E Avoid,-0.07,4.36,0.0,No Major Change
07.10.2026 at 10:09 AM IST,AWHCL,Industrials,Waste Management,349.1,37.84,15,0.0,E Avoid,16,13.0,0,0.12,3.42,42.22,Bearish,40.61,15.0,0.07,E Avoid,-0.07,-2.77,0.0,Fresh Weakness
07.10.2026 at 10:09 AM IST,ALLTIME,Consumer Defensive,Household & Personal Products,187.03,32.04,15,0.0,E Avoid,21,12.0,0,0.2,2.76,40.57,Bearish,27.84,15.0,0.07,E Avoid,-0.07,4.2,0.0,No Major Change
07.10.2026 at 10:09 AM IST,ARROWGREEN,Consumer Cyclical,Packaging & Containers,893.8,62.16,0,56.34,B Watchlist,65,47.0,65,0.08,163.0,6.19,Bullish,61.84,0.0,56.42,B Watchlist,-0.08,0.32,0.0,No Major Change
07.10.2026 at 10:09 AM IST,NRBBEARING,Consumer Cyclical,Auto Parts,537.25,60.69,0,52.84,C Neutral,65,37.0,65,0.05,154.5,4.05,Bullish,60.78,0.0,52.92,C Neutral,-0.08,-0.09,0.0,No Major Change
07.10.2026 at 10:09 AM IST,SONACOMS,Consumer Cyclical,Auto Parts,821.95,55.55,0,52.14,C Neutral,65,40.0,58,0.2,104.53,2.61,Bullish,55.03,0.0,52.22,C Neutral,-0.08,0.52,0.0,No Major Change
07.10.2026 at 10:09 AM IST,SUNTV,Communication Services,Broadcasting,636.25,84.32,0,48.99,C Neutral,52,52.0,55,0.17,42.27,4.16,Bullish,83.96,0.0,49.07,C Neutral,-0.08,0.36,0.0,No Major Change
07.10.2026 at 10:09 AM IST,MPSLTD,Communication Services,Publishing,2683.5,52.62,0,48.89,C Neutral,50,51.0,58,0.25,100.85,9.92,Bearish,52.46,0.0,48.97,C Neutral,-0.08,0.16,0.0,No Major Change
07.10.2026 at 10:09 AM IST,GHCLTEXTIL,Consumer Cyclical,Textile Manufacturing,130.3,51.0,0,48.34,C Neutral,65,42.0,40,0.05,100.93,9.88,Bullish,52.86,0.0,48.42,C Neutral,-0.08,-1.86,0.0,No Major Change
07.10.2026 at 10:09 AM IST,INDNIPPON,Consumer Cyclical,Auto Parts,1244.4,52.64,0,47.84,C Neutral,55,40.0,55,0.02,84.36,20.43,Bullish,52.26,0.0,47.92,C Neutral,-0.08,0.38,0.0,No Major Change
07.10.2026 at 10:09 AM IST,BOSCH-HCIL,Consumer Cyclical,"Furnishings, Fixtures & Appliances",1975.4,67.6,0,45.64,C Neutral,60,28.0,58,0.12,93.42,3.02,Bullish,67.78,0.0,45.72,C Neutral,-0.08,-0.18,0.0,No Major Change
07.10.2026 at 10:09 AM IST,PASUPTAC,Consumer Cyclical,Textile Manufacturing,71.08,52.77,0,44.34,D Weak,55,36.0,48,0.11,75.9,12.56,Bullish,52.43,0.0,44.42,D Weak,-0.08,0.34,0.0,No Major Change
07.10.2026 at 10:09 AM IST,KANPRPLA,Consumer Cyclical,Packaging & Containers,251.01,49.79,0,42.54,D Weak,42,32.0,58,0.08,66.92,11.35,Bullish,49.73,0.0,42.62,D Weak,-0.08,0.06,0.0,No Major Change
07.10.2026 at 10:09 AM IST,PATELRMART,Consumer Cyclical,Department Stores,229.82,65.34,0,41.54,D Weak,65,27.0,38,1.36,52.96,13.6,Bullish,63.42,0.0,41.62,D Weak,-0.08,1.92,0.0,No Major Change
07.10.2026 at 10:09 AM IST,MVGJL,Consumer Cyclical,Luxury Goods,202.07,51.99,0,38.24,D Weak,50,34.0,30,0.05,56.52,13.64,Bullish,52.83,0.0,38.32,D Weak,-0.08,-0.84,0.0,No Major Change
07.10.2026 at 10:09 AM IST,CHEVIOT,Consumer Cyclical,Textile Manufacturing,1152.8,44.84,0,35.64,D Weak,23,50.0,20,0.04,31.18,14.04,Bearish,44.86,0.0,35.72,D Weak,-0.08,-0.02,0.0,No Major Change
07.10.2026 at 10:09 AM IST,WHIRLPOOL,Consumer Cyclical,"Furnishings, Fixtures & Appliances",859.8,57.44,0,34.84,E Avoid,55,15.0,38,0.02,21.78,39.81,Bullish,59.33,0.0,34.92,E Avoid,-0.08,-1.89,0.0,No Major Change
07.10.2026 at 10:09 AM IST,GARFIBRES,Consumer Cyclical,Textile Manufacturing,770.25,44.62,0,34.24,E Avoid,23,46.0,20,0.02,33.02,10.68,Bearish,44.56,0.0,34.32,E Avoid,-0.08,0.06,0.0,No Major Change
07.10.2026 at 10:09 AM IST,STLNETWORK,Communication Services,Telecom Services,49.43,66.83,0,32.99,E Avoid,55,0.0,65,0.21,213.84,12.51,Bullish,63.24,0.0,33.07,E Avoid,-0.08,3.59,0.0,No Major Change
07.10.2026 at 10:09 AM IST,NAZARA,Communication Services,Electronic Gaming & Multimedia,379.6,57.2,0,32.49,E Avoid,60,0.0,58,0.08,75.99,5.55,Bullish,57.16,0.0,32.57,E Avoid,-0.08,0.04,0.0,No Major Change
07.10.2026 at 10:09 AM IST,AYMSYNTEX,Consumer Cyclical,Textile Manufacturing,289.05,52.88,0,31.84,E Avoid,55,13.0,40,0.02,104.23,12.41,Bullish,52.98,0.0,31.92,E Avoid,-0.08,-0.1,0.0,No Major Change
07.10.2026 at 10:09 AM IST,SMLMAH,Consumer Cyclical,Auto Manufacturers,6107.0,48.15,0,29.64,E Avoid,42,8.0,40,0.22,125.93,11.47,Bullish,48.93,0.0,29.72,E Avoid,-0.08,-0.78,0.0,No Major Change
07.10.2026 at 10:09 AM IST,SIGNPOST,Communication Services,Advertising Agencies,262.1,47.18,0,29.49,E Avoid,32,37.0,18,0.02,37.19,22.03,Bearish,47.18,0.0,29.57,E Avoid,-0.08,0.0,0.0,No Major Change
07.10.2026 at 10:09 AM IST,TVSSRICHAK,Consumer Cyclical,Auto Parts,4365.1,39.5,0,28.84,E Avoid,28,30.0,20,0.15,38.06,23.66,Bearish,40.51,0.0,28.92,E Avoid,-0.08,-1.01,0.0,Fresh Weakness
07.10.2026 at 10:09 AM IST,KPRMILL,Consumer Cyclical,Textile Manufacturing,1091.8,45.55,0,28.74,E Avoid,32,35.0,10,0.08,37.44,17.98,Bearish,47.5,0.0,28.82,E Avoid,-0.08,-1.95,0.0,No Major Change
07.10.2026 at 10:09 AM IST,MMWL,Communication Services,Entertainment,17.99,74.2,0,27.99,E Avoid,37,17.0,35,0.3,99.45,0.0,Bullish,70.87,0.0,28.07,E Avoid,-0.08,3.33,0.0,No Major Change
07.10.2026 at 10:09 AM IST,IMAGICAA,Communication Services,Entertainment,50.07,44.48,0,27.59,E Avoid,28,33.0,20,0.03,35.91,19.24,Bearish,43.89,0.0,27.67,E Avoid,-0.08,0.59,0.0,No Major Change
07.10.2026 at 10:09 AM IST,HAWKINCOOK,Consumer Cyclical,"Furnishings, Fixtures & Appliances",7980.5,41.07,0,26.24,E Avoid,18,41.0,0,0.08,14.04,15.55,Bearish,42.75,0.0,26.32,E Avoid,-0.08,-1.68,0.0,No Major Change
07.10.2026 at 10:09 AM IST,SPAL,Consumer Cyclical,Apparel Manufacturing,945.0,42.47,0,25.64,E Avoid,28,29.0,10,0.08,57.95,22.44,Bearish,43.57,0.0,25.72,E Avoid,-0.08,-1.1,0.0,No Major Change
07.10.2026 at 10:09 AM IST,ITDC,Consumer Cyclical,Lodging,675.1,51.36,0,24.34,E Avoid,40,14.0,18,0.03,84.24,17.52,Bearish,51.39,0.0,24.42,E Avoid,-0.08,-0.03,0.0,No Major Change
07.10.2026 at 10:09 AM IST,MERCURYEV,Consumer Cyclical,Auto Manufacturers,37.01,42.1,0,18.24,E Avoid,18,17.0,10,0.05,22.71,15.98,Bearish,41.86,0.0,18.32,E Avoid,-0.08,0.24,0.0,No Major Change
07.10.2026 at 10:09 AM IST,DIGIDRIVE,Consumer Cyclical,Internet Retail,17.91,52.99,15,13.34,E Avoid,45,29.0,8,0.06,11.24,43.14,Bullish,53.63,15.0,13.42,E Avoid,-0.08,-0.64,0.0,No Major Change
07.10.2026 at 10:09 AM IST,LAOPALA,Consumer Cyclical,"Furnishings, Fixtures & Appliances",158.56,42.7,15,12.34,E Avoid,21,46.0,0,0.12,3.63,33.63,Bearish,43.7,15.0,12.42,E Avoid,-0.08,-1.0,0.0,No Major Change
07.10.2026 at 10:09 AM IST,TRAVELFOOD,Consumer Cyclical,Restaurants,1183.0,32.82,15,11.74,E Avoid,13,46.0,0,0.1,15.18,18.93,Bearish,35.95,15.0,11.82,E Avoid,-0.08,-3.13,0.0,No Major Change
07.10.2026 at 10:09 AM IST,ORIENTELEC,Consumer Cyclical,"Furnishings, Fixtures & Appliances",160.45,37.6,15,11.34,E Avoid,21,35.0,10,0.21,8.12,25.59,Bearish,38.1,15.0,11.42,E Avoid,-0.08,-0.5,0.0,No Major Change
07.10.2026 at 10:09 AM IST,IFBIND,Consumer Cyclical,"Furnishings, Fixtures & Appliances",1218.9,43.37,15,10.74,E Avoid,13,39.0,10,0.41,38.01,39.65,Bearish,41.9,15.0,10.82,E Avoid,-0.08,1.47,0.0,No Major Change
07.10.2026 at 10:09 AM IST,MONTECARLO,Consumer Cyclical,Apparel Manufacturing,523.95,49.66,15,10.09,E Avoid,37,24.0,10,0.15,17.16,36.86,Bullish,49.87,15.0,10.17,E Avoid,-0.08,-0.21,0.0,No Major Change
07.10.2026 at 10:09 AM IST,SAMHI,Consumer Cyclical,Lodging,148.8,38.41,15,8.59,E Avoid,13,40.0,0,0.08,17.17,31.52,Bearish,39.56,15.0,8.67,E Avoid,-0.08,-1.15,0.0,No Major Change
07.10.2026 at 10:09 AM IST,LUMAXIND,Consumer Cyclical,Auto Parts,5426.5,33.12,15,8.34,E Avoid,13,28.0,20,0.1,22.29,21.0,Bearish,33.41,15.0,8.42,E Avoid,-0.08,-0.29,0.0,No Major Change
07.10.2026 at 10:09 AM IST,RUSHIL,Consumer Cyclical,"Furnishings, Fixtures & Appliances",15.47,40.51,15,7.09,E Avoid,18,25.0,10,0.05,24.25,47.4,Bearish,41.54,15.0,7.17,E Avoid,-0.08,-1.03,0.0,No Major Change
07.10.2026 at 10:09 AM IST,IMPAL,Consumer Cyclical,Auto Parts,1037.9,42.2,15,7.09,E Avoid,18,28.0,10,0.03,14.12,14.52,Bearish,41.8,15.0,7.17,E Avoid,-0.08,0.4,0.0,No Major Change
07.10.2026 at 10:09 AM IST,RKSWAMY,Communication Services,Advertising Agencies,87.5,41.24,15,5.99,E Avoid,13,35.0,10,0.02,32.85,39.52,Bearish,42.27,15.0,6.07,E Avoid,-0.08,-1.03,0.0,No Major Change
07.10.2026 at 10:09 AM IST,BAGFILMS,Communication Services,Broadcasting,4.11,34.87,15,5.09,E Avoid,18,33.0,0,0.05,13.85,48.62,Bearish,34.87,15.0,5.17,E Avoid,-0.08,0.0,0.0,No Major Change
07.10.2026 at 10:09 AM IST,HYUNDAI,Consumer Cyclical,Auto Manufacturers,1968.7,33.25,15,3.44,E Avoid,13,15.0,20,0.13,19.87,22.04,Bearish,34.93,15.0,3.52,E Avoid,-0.08,-1.68,0.0,No Major Change
07.10.2026 at 10:09 AM IST,SUYOG,Communication Services,Telecom Services,666.95,42.29,15,2.79,E Avoid,13,30.0,0,0.02,26.51,27.49,Bearish,42.4,15.0,2.87,E Avoid,-0.08,-0.11,0.0,No Major Change
07.10.2026 at 10:09 AM IST,NAVNETEDUL,Communication Services,Publishing,124.0,40.68,15,2.34,E Avoid,21,26.0,0,0.1,3.16,24.45,Bearish,41.7,15.0,2.42,E Avoid,-0.08,-1.02,0.0,No Major Change
07.10.2026 at 10:09 AM IST,BAJAJ-AUTO,Consumer Cyclical,Auto Manufacturers,9849.0,19.23,25,1.84,E Avoid,9,42.0,10,0.19,16.07,21.02,Bearish,21.04,25.0,1.92,E Avoid,-0.08,-1.81,0.0,No Major Change
07.10.2026 at 10:09 AM IST,JTEKTINDIA,Consumer Cyclical,Auto Parts,115.0,36.2,15,1.84,E Avoid,21,15.0,0,0.08,1.71,32.51,Bearish,37.58,15.0,1.92,E Avoid,-0.08,-1.38,0.0,No Major Change
07.10.2026 at 10:09 AM IST,KROSS,Consumer Cyclical,Auto Parts,252.4,56.95,0,49.78,C Neutral,50,39.0,65,0.06,67.69,10.81,Bullish,57.55,0.0,49.87,C Neutral,-0.09,-0.6,0.0,No Major Change
07.10.2026 at 10:09 AM IST,ORBTEXP,Consumer Cyclical,Textile Manufacturing,248.0,56.91,0,49.58,C Neutral,55,47.0,48,0.1,84.08,12.32,Bullish,56.27,0.0,49.67,C Neutral,-0.09,0.64,0.0,No Major Change
07.10.2026 at 10:09 AM IST,FILATEX,Consumer Cyclical,Textile Manufacturing,111.7,68.79,0,48.28,C Neutral,65,31.0,65,0.13,209.11,2.51,Bullish,68.37,0.0,48.37,C Neutral,-0.09,0.42,0.0,No Major Change
07.10.2026 at 10:09 AM IST,PCJEWELLER,Consumer Cyclical,Luxury Goods,12.93,52.69,0,48.08,C Neutral,50,52.0,40,0.12,73.09,12.99,Bullish,52.69,0.0,48.17,C Neutral,-0.09,0.0,0.0,No Major Change
07.10.2026 at 10:09 AM IST,INDHOTEL,Consumer Cyclical,Lodging,740.05,56.38,0,47.48,C Neutral,65,41.0,38,0.22,31.57,2.29,Bullish,54.86,0.0,47.57,C Neutral,-0.09,1.52,0.0,No Major Change
07.10.2026 at 10:09 AM IST,WELSPUNLIV,Consumer Cyclical,Textile Manufacturing,238.0,71.09,0,46.78,C Neutral,52,32.0,65,0.47,122.36,3.05,Bullish,71.02,0.0,46.87,C Neutral,-0.09,0.07,0.0,No Major Change
07.10.2026 at 10:09 AM IST,HUHTAMAKI,Consumer Cyclical,Packaging & Containers,231.19,36.41,0,44.28,D Weak,28,67.0,30,0.06,57.23,29.94,Bearish,38.88,0.0,44.37,D Weak,-0.09,-2.47,0.0,No Major Change
07.10.2026 at 10:09 AM IST,WONDERLA,Consumer Cyclical,Leisure,513.8,54.35,0,42.73,D Weak,60,51.0,10,0.5,13.39,13.87,Bullish,51.57,0.0,42.82,D Weak,-0.09,2.78,0.0,No Major Change
07.10.2026 at 10:09 AM IST,ASAHIINDIA,Consumer Cyclical,Auto Parts,958.2,52.34,0,42.38,D Weak,60,30.0,38,0.08,23.88,10.6,Bullish,51.9,0.0,42.47,D Weak,-0.09,0.44,0.0,No Major Change
07.10.2026 at 10:09 AM IST,LAMBODHARA,Consumer Cyclical,Textile Manufacturing,135.39,55.36,0,42.28,D Weak,55,26.0,58,0.03,66.2,12.37,Bullish,55.75,0.0,42.37,D Weak,-0.09,-0.39,0.0,No Major Change
07.10.2026 at 10:09 AM IST,NITINSPIN,Consumer Cyclical,Textile Manufacturing,613.15,51.36,0,40.93,D Weak,65,35.0,30,0.06,103.84,7.8,Bullish,52.58,0.0,41.02,D Weak,-0.09,-1.22,0.0,No Major Change
07.10.2026 at 10:09 AM IST,RACLGEAR,Consumer Cyclical,Auto Parts,1577.0,46.27,0,40.93,D Weak,47,28.0,48,0.03,71.25,18.19,Bullish,47.99,0.0,41.02,D Weak,-0.09,-1.72,0.0,No Major Change
07.10.2026 at 10:09 AM IST,SANGAMIND,Consumer Cyclical,Textile Manufacturing,645.65,67.47,0,40.88,D Weak,65,20.0,55,0.1,65.66,3.99,Bullish,66.68,0.0,40.97,D Weak,-0.09,0.79,0.0,No Major Change
07.10.2026 at 10:09 AM IST,SSDL,Consumer Cyclical,Apparel Retail,68.7,56.58,0,40.28,D Weak,50,26.0,55,0.11,54.38,19.28,Bullish,56.38,0.0,40.37,D Weak,-0.09,0.2,0.0,No Major Change
07.10.2026 at 10:09 AM IST,SHARDAMOTR,Consumer Cyclical,Auto Parts,924.9,50.39,0,40.08,D Weak,55,30.0,38,0.11,34.98,20.6,Bullish,51.27,0.0,40.17,D Weak,-0.09,-0.88,0.0,No Major Change
07.10.2026 at 10:09 AM IST,UFLEX,Consumer Cyclical,Packaging & Containers,642.65,50.98,0,38.48,D Weak,55,24.0,40,0.07,96.1,11.17,Bullish,50.51,0.0,38.57,D Weak,-0.09,0.47,0.0,No Major Change
07.10.2026 at 10:09 AM IST,MANOMAY,Consumer Cyclical,Textile Manufacturing,240.37,62.35,0,38.08,D Weak,65,13.0,48,0.22,50.0,7.51,Bullish,62.17,0.0,38.17,D Weak,-0.09,0.18,0.0,No Major Change
07.10.2026 at 10:09 AM IST,STYLAMIND,Consumer Cyclical,"Furnishings, Fixtures & Appliances",3299.7,48.15,0,38.08,D Weak,27,47.0,30,0.04,84.9,20.49,Bearish,48.39,0.0,38.17,D Weak,-0.09,-0.24,0.0,No Major Change
07.10.2026 at 10:09 AM IST,BOROLTD,Consumer Cyclical,"Furnishings, Fixtures & Appliances",285.5,62.24,0,36.98,D Weak,55,13.0,55,0.11,33.58,21.44,Bullish,62.79,0.0,37.07,D Weak,-0.09,-0.55,0.0,No Major Change
07.10.2026 at 10:09 AM IST,DIVGIITTS,Consumer Cyclical,Auto Parts,1097.4,41.58,0,36.73,D Weak,23,46.0,30,0.31,91.83,17.24,Bearish,44.32,0.0,36.82,D Weak,-0.09,-2.74,0.0,No Major Change
07.10.2026 at 10:09 AM IST,COMSYN,Consumer Cyclical,Packaging & Containers,264.55,40.03,0,36.28,D Weak,28,34.0,40,0.02,94.21,15.98,Bearish,38.86,0.0,36.37,D Weak,-0.09,1.17,0.0,No Major Change
07.10.2026 at 10:09 AM IST,SANATHAN,Consumer Cyclical,Textile Manufacturing,522.95,62.38,0,36.08,D Weak,60,13.0,45,0.03,48.31,3.92,Bullish,63.6,0.0,36.17,D Weak,-0.09,-1.22,0.0,No Major Change
07.10.2026 at 10:09 AM IST,BHARATSE,Consumer Cyclical,Auto Parts,205.26,39.89,0,35.43,D Weak,28,53.0,10,0.18,54.63,21.5,Bearish,41.0,0.0,35.52,D Weak,-0.09,-1.11,0.0,Fresh Weakness
07.10.2026 at 10:09 AM IST,LIBAS,Consumer Cyclical,Apparel Manufacturing,11.5,52.01,0,35.18,D Weak,55,15.0,45,0.01,27.49,14.5,Bullish,52.13,0.0,35.27,D Weak,-0.09,-0.12,0.0,No Major Change
07.10.2026 at 10:09 AM IST,MANYAVAR,Consumer Cyclical,Apparel Manufacturing,498.95,35.68,0,34.68,E Avoid,23,37.0,40,0.31,53.75,28.2,Bearish,37.65,0.0,34.77,E Avoid,-0.09,-1.97,0.0,No Major Change
07.10.2026 at 10:09 AM IST,IRISDOREME,Consumer Cyclical,Apparel Manufacturing,57.61,39.45,0,34.68,E Avoid,23,33.0,40,0.06,118.63,15.28,Bearish,41.57,0.0,34.77,E Avoid,-0.09,-2.12,0.0,Fresh Weakness
07.10.2026 at 10:09 AM IST,INDORAMA,Consumer Cyclical,Textile Manufacturing,94.32,58.35,0,34.58,E Avoid,55,2.0,65,0.03,225.24,16.01,Bullish,59.18,0.0,34.67,E Avoid,-0.09,-0.83,0.0,No Major Change
07.10.2026 at 10:09 AM IST,TPLPLASTEH,Consumer Cyclical,Packaging & Containers,68.5,50.29,0,34.48,E Avoid,40,39.0,18,0.09,39.62,22.7,Bearish,52.04,0.0,34.57,E Avoid,-0.09,-1.75,0.0,No Major Change
07.10.2026 at 10:09 AM IST,JINDWORLD,Consumer Cyclical,Textile Manufacturing,45.47,45.95,0,33.68,E Avoid,47,20.0,40,0.06,154.73,26.65,Bullish,45.7,0.0,33.77,E Avoid,-0.09,0.25,0.0,No Major Change
07.10.2026 at 10:09 AM IST,BIMETAL,Consumer Cyclical,Auto Parts,663.7,58.75,0,31.38,E Avoid,50,27.0,18,0.01,43.66,9.89,Bullish,57.58,0.0,31.47,E Avoid,-0.09,1.17,0.0,No Major Change
07.10.2026 at 10:09 AM IST,RBA,Consumer Cyclical,Restaurants,94.55,51.61,0,29.03,E Avoid,55,0.0,40,0.08,65.44,14.93,Bullish,52.97,0.0,29.12,E Avoid,-0.09,-1.36,0.0,No Major Change
07.10.2026 at 10:09 AM IST,AMBIKCO,Consumer Cyclical,Textile Manufacturing,1528.5,41.66,0,28.93,E Avoid,23,41.0,10,0.04,42.07,18.99,Bearish,42.46,0.0,29.02,E Avoid,-0.09,-0.8,0.0,No Major Change
07.10.2026 at 10:09 AM IST,NAHARSPING,Consumer Cyclical,Textile Manufacturing,255.35,36.15,0,28.08,E Avoid,28,32.0,10,0.01,71.73,26.58,Bearish,38.1,0.0,28.17,E Avoid,-0.09,-1.95,0.0,No Major Change
07.10.2026 at 10:09 AM IST,MARALOVER,Consumer Cyclical,Textile Manufacturing,58.21,48.23,0,28.03,E Avoid,47,10.0,30,0.04,70.65,15.5,Bullish,47.58,0.0,28.12,E Avoid,-0.09,0.65,0.0,No Major Change
07.10.2026 at 10:09 AM IST,COSMOFIRST,Consumer Cyclical,Packaging & Containers,827.05,33.83,0,27.43,E Avoid,28,29.0,20,0.1,48.19,16.96,Bearish,34.85,0.0,27.52,E Avoid,-0.09,-1.02,0.0,No Major Change
07.10.2026 at 10:09 AM IST,SARLAPOLY,Consumer Cyclical,Textile Manufacturing,96.71,46.35,0,26.28,E Avoid,32,28.0,10,0.06,44.17,12.87,Bearish,45.61,0.0,26.37,E Avoid,-0.09,0.74,0.0,No Major Change
07.10.2026 at 10:09 AM IST,WORTHPERI,Consumer Cyclical,Packaging & Containers,144.0,42.36,0,26.03,E Avoid,28,26.0,20,0.02,32.96,14.65,Bearish,37.59,0.0,26.12,E Avoid,-0.09,4.77,0.0,No Major Change
07.10.2026 at 10:09 AM IST,ATHERENERG,Consumer Cyclical,Auto Manufacturers,1441.8,43.09,0,25.58,E Avoid,23,10.0,40,0.28,147.71,17.33,Bearish,43.58,0.0,25.67,E Avoid,-0.09,-0.49,0.0,No Major Change
07.10.2026 at 10:09 AM IST,INDIAMART,Consumer Cyclical,Internet Retail,1596.8,34.19,15,24.93,E Avoid,21,82.0,0,0.14,2.03,34.96,Bearish,33.18,15.0,25.02,E Avoid,-0.09,1.01,0.0,No Major Change
07.10.2026 at 10:09 AM IST,THANGAMAYL,Consumer Cyclical,Luxury Goods,4831.5,41.44,0,24.93,E Avoid,28,26.0,10,0.19,149.81,34.97,Bearish,38.99,0.0,25.02,E Avoid,-0.09,2.45,0.0,No Major Change
07.10.2026 at 10:09 AM IST,SUPRAJIT,Consumer Cyclical,Auto Parts,466.45,39.1,0,24.43,E Avoid,33,21.0,10,0.07,20.09,16.26,Bearish,41.92,0.0,24.52,E Avoid,-0.09,-2.82,0.0,Fresh Weakness
07.10.2026 at 10:09 AM IST,SCHAEFFLER,Consumer Cyclical,Auto Parts,3796.7,34.12,15,22.28,E Avoid,16,71.0,0,0.05,8.8,14.58,Bearish,35.4,15.0,22.37,E Avoid,-0.09,-1.28,0.0,No Major Change
07.10.2026 at 10:09 AM IST,RANEHOLDIN,Consumer Cyclical,Auto Parts,1525.2,35.51,0,21.98,E Avoid,23,14.0,20,0.03,59.55,17.38,Bearish,38.71,0.0,22.07,E Avoid,-0.09,-3.2,0.0,No Major Change
07.10.2026 at 10:09 AM IST,ASIANHOTNR,Consumer Cyclical,Lodging,333.0,35.93,0,20.58,E Avoid,23,11.0,20,0.17,34.55,21.43,Bearish,34.5,0.0,20.67,E Avoid,-0.09,1.43,0.0,No Major Change
07.10.2026 at 10:09 AM IST,KKCL,Consumer Cyclical,Apparel Manufacturing,475.0,43.79,15,18.98,E Avoid,18,56.0,10,0.1,16.83,16.38,Bearish,43.5,15.0,19.07,E Avoid,-0.09,0.29,0.0,No Major Change
07.10.2026 at 10:09 AM IST,SAPPHIRE,Consumer Cyclical,Restaurants,215.87,43.22,0,17.28,E Avoid,28,0.0,20,0.05,54.29,30.48,Bearish,42.42,0.0,17.37,E Avoid,-0.09,0.8,0.0,No Major Change
07.10.2026 at 10:09 AM IST,EIHOTEL,Consumer Cyclical,Lodging,300.75,51.8,15,17.28,E Avoid,30,44.0,8,0.04,11.42,25.4,Bearish,51.75,15.0,17.37,E Avoid,-0.09,0.05,0.0,No Major Change
07.10.2026 at 10:09 AM IST,SIYSIL,Consumer Cyclical,Textile Manufacturing,550.0,50.7,15,14.78,E Avoid,25,42.0,10,0.13,28.83,33.51,Bearish,52.29,15.0,14.87,E Avoid,-0.09,-1.59,0.0,No Major Change
07.10.2026 at 10:09 AM IST,BANCOINDIA,Consumer Cyclical,Auto Parts,598.9,46.72,15,13.68,E Avoid,22,38.0,10,0.1,20.84,29.06,Bearish,48.84,15.0,13.77,E Avoid,-0.09,-2.12,0.0,No Major Change
07.10.2026 at 10:09 AM IST,TTKPRESTIG,Consumer Cyclical,"Furnishings, Fixtures & Appliances",519.3,40.75,15,13.38,E Avoid,18,43.0,10,0.03,24.09,31.94,Bearish,42.41,15.0,13.47,E Avoid,-0.09,-1.66,0.0,No Major Change
07.10.2026 at 10:09 AM IST,SPLIL,Consumer Cyclical,Apparel Manufacturing,29.5,45.66,15,13.13,E Avoid,17,43.0,10,0.13,46.04,34.73,Bearish,45.6,15.0,13.22,E Avoid,-0.09,0.06,0.0,No Major Change
07.10.2026 at 10:09 AM IST,JINDALPOLY,Consumer Cyclical,Packaging & Containers,653.05,41.89,0,10.88,E Avoid,28,0.0,0,0.02,78.92,36.38,Bearish,43.59,0.0,10.97,E Avoid,-0.09,-1.7,0.0,No Major Change
07.10.2026 at 10:09 AM IST,VAIBHAVGBL,Consumer Cyclical,Luxury Goods,200.11,31.84,15,10.53,E Avoid,18,42.0,0,0.1,16.37,30.05,Bearish,36.55,15.0,10.62,E Avoid,-0.09,-4.71,0.0,No Major Change
07.10.2026 at 10:09 AM IST,BORANA,Consumer Cyclical,Textile Manufacturing,268.6,28.08,15,10.38,E Avoid,9,45.0,0,0.12,24.0,36.05,Bearish,28.5,15.0,10.47,E Avoid,-0.09,-0.42,0.0,No Major Change
07.10.2026 at 10:09 AM IST,EIHAHOTELS,Consumer Cyclical,Lodging,297.05,51.35,15,9.93,E Avoid,30,30.0,8,0.03,12.64,25.55,Bearish,52.05,15.0,10.02,E Avoid,-0.09,-0.7,0.0,No Major Change
07.10.2026 at 10:09 AM IST,CCHHL,Consumer Cyclical,Lodging,12.76,48.27,15,9.88,E Avoid,32,7.0,38,0.07,27.22,29.11,Bullish,49.35,15.0,9.97,E Avoid,-0.09,-1.08,0.0,No Major Change
07.10.2026 at 10:09 AM IST,EUREKAFORB,Consumer Cyclical,"Furnishings, Fixtures & Appliances",353.35,28.43,15,9.53,E Avoid,14,42.0,0,0.33,3.74,47.13,Bearish,28.87,15.0,9.62,E Avoid,-0.09,-0.44,0.0,No Major Change
07.10.2026 at 10:09 AM IST,AUTOAXLES,Consumer Cyclical,Auto Parts,1650.0,41.56,15,9.53,E Avoid,21,41.0,0,0.13,8.99,20.63,Bearish,38.93,15.0,9.62,E Avoid,-0.09,2.63,0.0,No Major Change
07.10.2026 at 10:09 AM IST,ATULAUTO,Consumer Cyclical,Auto Manufacturers,427.1,35.3,15,9.13,E Avoid,18,38.0,0,0.13,13.13,27.92,Bearish,35.61,15.0,9.22,E Avoid,-0.09,-0.31,0.0,No Major Change
07.10.2026 at 10:09 AM IST,SANDHAR,Consumer Cyclical,Auto Parts,557.85,31.99,15,8.98,E Avoid,13,34.0,10,0.17,32.41,26.44,Bearish,32.15,15.0,9.07,E Avoid,-0.09,-0.16,0.0,No Major Change
07.10.2026 at 10:09 AM IST,WAKEFIT,Consumer Cyclical,"Furnishings, Fixtures & Appliances",135.2,37.05,15,8.98,E Avoid,13,34.0,10,0.15,21.36,39.64,Bearish,37.97,15.0,9.07,E Avoid,-0.09,-0.92,0.0,No Major Change
07.10.2026 at 10:09 AM IST,AURUS,Consumer Cyclical,Luxury Goods,4.4,40.0,15,8.48,E Avoid,21,37.0,0,0.39,8.37,36.69,Bearish,34.24,15.0,8.57,E Avoid,-0.09,5.76,0.0,No Major Change
07.10.2026 at 10:09 AM IST,TAJGVK,Consumer Cyclical,Lodging,319.8,42.06,15,8.43,E Avoid,18,33.0,0,0.66,14.35,26.59,Bearish,40.53,15.0,8.52,E Avoid,-0.09,1.53,0.0,No Major Change
07.10.2026 at 10:09 AM IST,MUNJALSHOW,Consumer Cyclical,Auto Parts,124.55,41.35,15,8.13,E Avoid,18,31.0,10,0.17,16.55,13.08,Bearish,42.16,15.0,8.22,E Avoid,-0.09,-0.81,0.0,No Major Change
07.10.2026 at 10:09 AM IST,WEIZMANIND,Consumer Cyclical,Textile Manufacturing,70.39,40.5,15,8.03,E Avoid,36,26.0,0,2.27,8.63,38.13,Bearish,40.62,15.0,8.12,E Avoid,-0.09,-0.12,0.0,No Major Change
07.10.2026 at 10:09 AM IST,APOLLOTYRE,Consumer Cyclical,Auto Parts,401.3,40.58,15,7.53,E Avoid,13,37.0,0,0.1,10.48,24.81,Bearish,40.77,15.0,7.62,E Avoid,-0.09,-0.19,0.0,No Major Change
07.10.2026 at 10:09 AM IST,SINTERCOM,Consumer Cyclical,Auto Parts,76.01,45.66,15,6.68,E Avoid,22,21.0,10,0.01,20.67,41.08,Bearish,47.56,15.0,6.77,E Avoid,-0.09,-1.9,0.0,No Major Change
07.10.2026 at 10:09 AM IST,BRIGHOTEL,Consumer Cyclical,Lodging,56.85,46.37,15,6.48,E Avoid,20,30.0,0,0.05,4.58,35.24,Bearish,47.03,15.0,6.57,E Avoid,-0.09,-0.66,0.0,No Major Change
07.10.2026 at 10:09 AM IST,LAGNAM,Consumer Cyclical,Textile Manufacturing,74.0,48.94,15,6.13,E Avoid,17,23.0,10,0.35,26.28,22.84,Bearish,47.42,15.0,6.22,E Avoid,-0.09,1.52,0.0,No Major Change
07.10.2026 at 10:09 AM IST,MRF,Consumer Cyclical,Auto Parts,123405.0,34.83,15,4.98,E Avoid,21,28.0,0,0.12,1.33,24.43,Bearish,38.71,15.0,5.07,E Avoid,-0.09,-3.88,0.0,No Major Change
07.10.2026 at 10:09 AM IST,ABCOTS,Consumer Cyclical,Textile Manufacturing,194.3,38.96,15,4.78,E Avoid,16,30.0,0,0.0,6.92,59.09,Bearish,38.05,15.0,4.87,E Avoid,-0.09,0.91,0.0,No Major Change
07.10.2026 at 10:09 AM IST,LOVABLE,Consumer Cyclical,Apparel Manufacturing,69.55,44.97,15,4.43,E Avoid,13,22.0,10,0.06,26.45,31.78,Bearish,42.37,15.0,4.52,E Avoid,-0.09,2.6,0.0,No Major Change
07.10.2026 at 10:09 AM IST,BATAINDIA,Consumer Cyclical,Footwear & Accessories,617.8,32.45,15,4.28,E Avoid,21,26.0,0,0.03,7.0,47.71,Bearish,34.31,15.0,4.37,E Avoid,-0.09,-1.86,0.0,No Major Change
07.10.2026 at 10:09 AM IST,REDTAPE,Consumer Cyclical,Footwear & Accessories,114.32,38.89,15,3.93,E Avoid,21,22.0,0,0.01,7.93,27.01,Bearish,40.22,15.0,4.02,E Avoid,-0.09,-1.33,0.0,Fresh Weakness
07.10.2026 at 10:09 AM IST,MITTAL,Consumer Cyclical,Textile Manufacturing,0.72,36.59,15,3.93,E Avoid,21,25.0,0,0.02,5.88,54.43,Bearish,33.45,15.0,4.02,E Avoid,-0.09,3.14,0.0,No Major Change
07.10.2026 at 10:09 AM IST,CANTABIL,Consumer Cyclical,Apparel Manufacturing,229.63,40.77,15,3.88,E Avoid,18,23.0,0,0.03,10.47,28.17,Bearish,41.11,15.0,3.97,E Avoid,-0.09,-0.34,0.0,No Major Change
07.10.2026 at 10:09 AM IST,PEARLPOLY,Consumer Cyclical,Packaging & Containers,17.21,51.74,15,3.88,E Avoid,35,0.0,25,0.57,34.98,43.76,Bullish,51.66,15.0,3.97,E Avoid,-0.09,0.08,0.0,No Major Change
07.10.2026 at 10:09 AM IST,ORICONENT,Consumer Cyclical,Packaging & Containers,52.04,47.43,15,3.63,E Avoid,17,27.0,0,0.02,10.63,28.56,Bearish,48.22,15.0,3.72,E Avoid,-0.09,-0.79,0.0,No Major Change
07.10.2026 at 10:09 AM IST,BANSWRAS,Consumer Cyclical,Textile Manufacturing,105.01,35.74,15,3.53,E Avoid,18,29.0,0,0.0,12.9,26.51,Bearish,35.96,15.0,3.62,E Avoid,-0.09,-0.22,0.0,No Major Change
07.10.2026 at 10:09 AM IST,NAGREEKEXP,Consumer Cyclical,Textile Manufacturing,22.0,48.46,15,3.28,E Avoid,17,25.0,0,0.01,25.71,38.72,Bearish,48.27,15.0,3.37,E Avoid,-0.09,0.19,0.0,No Major Change
07.10.2026 at 10:09 AM IST,RICOAUTO,Consumer Cyclical,Auto Parts,121.21,37.7,15,3.03,E Avoid,13,17.0,10,0.17,54.24,22.95,Bearish,38.94,15.0,3.12,E Avoid,-0.09,-1.24,0.0,No Major Change
07.10.2026 at 10:09 AM IST,GLOSTERLTD,Consumer Cyclical,Textile Manufacturing,555.8,39.93,15,2.48,E Avoid,18,22.0,0,0.0,15.36,24.51,Bearish,37.49,15.0,2.57,E Avoid,-0.09,2.44,0.0,No Major Change
07.10.2026 at 10:09 AM IST,SWIGGY,Consumer Cyclical,Internet Retail,248.15,38.05,15,1.48,E Avoid,21,14.0,0,0.29,5.37,46.05,Bearish,33.85,15.0,1.57,E Avoid,-0.09,4.2,0.0,No Major Change
07.10.2026 at 10:09 AM IST,SENCO,Consumer Cyclical,Luxury Goods,319.9,38.45,15,1.43,E Avoid,18,19.0,0,0.32,16.24,25.39,Bearish,37.53,15.0,1.52,E Avoid,-0.09,0.92,0.0,No Major Change
07.10.2026 at 10:09 AM IST,BELLACASA,Consumer Cyclical,Textile Manufacturing,239.81,41.72,15,1.43,E Avoid,18,16.0,0,0.03,11.71,51.78,Bearish,43.34,15.0,1.52,E Avoid,-0.09,-1.62,0.0,No Major Change
07.10.2026 at 10:09 AM IST,SYMPHONY,Consumer Cyclical,"Furnishings, Fixtures & Appliances",555.0,34.6,15,0.93,E Avoid,16,13.0,0,0.02,0.36,42.31,Bearish,35.18,15.0,1.02,E Avoid,-0.09,-0.58,0.0,No Major Change
07.10.2026 at 10:09 AM IST,ROHLTD,Consumer Cyclical,Lodging,300.3,47.52,15,0.58,E Avoid,22,5.0,8,0.22,12.4,44.44,Bearish,47.92,15.0,0.67,E Avoid,-0.09,-0.4,0.0,No Major Change
07.10.2026 at 10:09 AM IST,INDTERRAIN,Consumer Cyclical,Apparel Retail,29.2,45.81,15,0.48,E Avoid,17,14.0,0,0.0,18.89,31.49,Bearish,45.99,15.0,0.57,E Avoid,-0.09,-0.18,0.0,No Major Change
07.10.2026 at 10:09 AM IST,PAVNAIND,Consumer Cyclical,Auto Parts,15.65,45.24,20,0.23,E Avoid,22,24.0,0,0.08,10.91,63.0,Bearish,45.24,20.0,0.32,E Avoid,-0.09,0.0,0.0,No Major Change
07.10.2026 at 10:09 AM IST,TATACHEM,Basic Materials,Chemicals,614.5,41.52,15,0.0,E Avoid,16,7.0,8,0.03,7.52,33.94,Bearish,42.01,15.0,0.12,E Avoid,-0.12,-0.49,0.0,No Major Change
07.10.2026 at 10:09 AM IST,PFIZER,Healthcare,Drug Manufacturers - General,3818.2,17.52,25,0.0,E Avoid,9,41.0,0,0.03,0.69,30.44,Bearish,19.9,25.0,0.12,E Avoid,-0.12,-2.38,0.0,No Major Change
07.10.2026 at 10:09 AM IST,GCSL,Financial Services,Capital Markets,696.95,80.34,0,45.47,C Neutral,52,40.0,65,0.05,227.42,0.61,Bullish,79.75,0.0,45.6,C Neutral,-0.13,0.59,0.0,No Major Change
07.10.2026 at 10:09 AM IST,ALGOQUANT,Financial Services,Capital Markets,73.06,64.52,0,44.92,D Weak,50,43.0,55,0.51,52.85,4.12,Bullish,58.25,0.0,45.05,C Neutral,-0.13,6.27,0.0,"Fresh Momentum, Band Changed: C Neutral → D Weak"
07.10.2026 at 10:09 AM IST,SATIN,Financial Services,Credit Services,234.0,56.49,0,43.87,D Weak,70,37.0,28,2.16,72.3,14.64,Bullish,52.26,0.0,44.0,D Weak,-0.13,4.23,0.0,No Major Change
07.10.2026 at 10:09 AM IST,PAISALO,Financial Services,Credit Services,84.4,56.84,0,43.72,D Weak,55,33.0,48,0.16,181.67,11.05,Bullish,54.73,0.0,43.85,D Weak,-0.13,2.11,0.0,No Major Change
07.10.2026 at 10:09 AM IST,MANBA,Financial Services,Credit Services,140.0,63.53,0,42.32,D Weak,65,29.0,38,0.06,43.39,8.75,Bullish,65.96,0.0,42.45,D Weak,-0.13,-2.43,0.0,No Major Change
07.10.2026 at 10:09 AM IST,STEELCITY,Financial Services,Capital Markets,82.81,48.55,0,41.57,D Weak,52,53.0,20,0.03,19.03,16.47,Bullish,48.3,0.0,41.7,D Weak,-0.13,0.25,0.0,No Major Change
07.10.2026 at 10:09 AM IST,EMKAY,Financial Services,Capital Markets,289.8,65.37,0,41.27,D Weak,55,30.0,48,0.42,56.78,21.38,Bullish,63.57,0.0,41.4,D Weak,-0.13,1.8,0.0,No Major Change
07.10.2026 at 10:09 AM IST,DVL,Financial Services,Capital Markets,278.85,48.22,0,39.97,D Weak,47,52.0,20,0.03,49.92,23.77,Bullish,48.04,0.0,40.1,D Weak,-0.13,0.18,0.0,No Major Change
07.10.2026 at 10:09 AM IST,NAGREEKCAP,Financial Services,Asset Management,26.71,54.08,0,37.37,D Weak,55,21.0,45,0.03,38.39,37.52,Bullish,56.46,0.0,37.5,D Weak,-0.13,-2.38,0.0,No Major Change
07.10.2026 at 10:09 AM IST,STARTECK,Financial Services,Credit Services,269.75,51.23,0,36.72,D Weak,50,42.0,18,0.04,25.53,22.93,Bullish,52.11,0.0,36.85,D Weak,-0.13,-0.88,0.0,No Major Change
07.10.2026 at 10:09 AM IST,TMB,Financial Services,Banks - Regional,869.6,45.67,0,36.42,D Weak,27,48.0,30,0.35,110.48,8.87,Bearish,48.17,0.0,36.55,D Weak,-0.13,-2.5,0.0,No Major Change
07.10.2026 at 10:09 AM IST,PRUDENT,Financial Services,Asset Management,3208.8,47.41,0,35.92,D Weak,32,48.0,30,0.07,51.47,21.84,Bearish,47.16,0.0,36.05,D Weak,-0.13,0.25,0.0,No Major Change
07.10.2026 at 10:09 AM IST,GFLLIMITED,Financial Services,Asset Management,55.79,50.68,0,35.02,D Weak,55,29.0,30,0.05,49.77,31.12,Bullish,50.91,0.0,35.15,D Weak,-0.13,-0.23,0.0,No Major Change
07.10.2026 at 10:09 AM IST,IVC,Financial Services,Financial Conglomerates,8.0,50.11,0,33.92,E Avoid,55,29.0,20,0.04,43.95,21.15,Bullish,50.11,0.0,34.05,E Avoid,-0.13,0.0,0.0,No Major Change
07.10.2026 at 10:09 AM IST,ANANDRATHI,Financial Services,Asset Management,2152.0,48.83,0,32.02,E Avoid,32,44.0,20,0.26,59.27,5.13,Bearish,45.98,0.0,32.15,E Avoid,-0.13,2.85,0.0,No Major Change
07.10.2026 at 10:09 AM IST,PRIMESECU,Financial Services,Capital Markets,297.2,55.17,0,29.37,E Avoid,65,0.0,38,0.01,17.42,8.55,Bullish,55.0,0.0,29.5,E Avoid,-0.13,0.17,0.0,No Major Change
07.10.2026 at 10:09 AM IST,AYE,Financial Services,Credit Services,164.75,42.05,0,29.02,E Avoid,13,45.0,20,0.16,86.75,16.49,Bearish,43.01,0.0,29.15,E Avoid,-0.13,-0.96,0.0,No Major Change
07.10.2026 at 10:09 AM IST,AUBANK,Financial Services,Banks - Regional,1017.0,45.9,0,28.62,E Avoid,27,45.0,10,0.09,35.43,11.11,Bearish,48.52,0.0,28.75,E Avoid,-0.13,-2.62,0.0,No Major Change
07.10.2026 at 10:09 AM IST,FEDERALBNK,Financial Services,Banks - Regional,319.95,37.45,0,26.57,E Avoid,23,42.0,10,0.05,65.4,13.63,Bearish,37.48,0.0,26.7,E Avoid,-0.13,-0.03,0.0,No Major Change
07.10.2026 at 10:09 AM IST,GEOJITFSL,Financial Services,Capital Markets,78.47,47.71,0,23.97,E Avoid,32,21.0,20,0.13,57.27,9.28,Bearish,48.3,0.0,24.1,E Avoid,-0.13,-0.59,0.0,No Major Change
07.10.2026 at 10:09 AM IST,FIVESTAR,Financial Services,Credit Services,514.0,46.0,0,23.02,E Avoid,27,29.0,10,0.09,52.56,22.54,Bearish,46.13,0.0,23.15,E Avoid,-0.13,-0.13,0.0,No Major Change
07.10.2026 at 10:09 AM IST,MONARCH,Financial Services,Capital Markets,346.85,37.1,0,22.72,E Avoid,23,31.0,10,0.05,47.69,14.55,Bearish,35.85,0.0,22.85,E Avoid,-0.13,1.25,0.0,No Major Change
07.10.2026 at 10:09 AM IST,J&KBANK,Financial Services,Banks - Regional,138.77,35.39,0,22.37,E Avoid,23,25.0,10,0.2,42.55,31.22,Bearish,36.54,0.0,22.5,E Avoid,-0.13,-1.15,0.0,No Major Change
07.10.2026 at 10:09 AM IST,STEL,Financial Services,Asset Management,575.25,40.72,0,18.77,E Avoid,28,9.0,20,0.03,51.38,16.62,Bearish,40.98,0.0,18.9,E Avoid,-0.13,-0.26,0.0,No Major Change
07.10.2026 at 10:09 AM IST,MUTHOOTFIN,Financial Services,Credit Services,2682.0,34.58,15,16.77,E Avoid,16,56.0,0,0.15,0.57,34.82,Bearish,34.91,15.0,16.9,E Avoid,-0.13,-0.33,0.0,No Major Change
07.10.2026 at 10:09 AM IST,FINKURVE,Financial Services,Credit Services,69.3,47.35,15,16.02,E Avoid,17,31.0,38,0.07,44.31,47.94,Bearish,47.38,15.0,16.15,E Avoid,-0.13,-0.03,0.0,No Major Change
07.10.2026 at 10:09 AM IST,ICRA,Financial Services,Financial Data & Stock Exchanges,4353.9,33.98,15,14.17,E Avoid,21,54.0,0,0.18,3.71,32.86,Bearish,34.23,15.0,14.3,E Avoid,-0.13,-0.25,0.0,No Major Change
07.10.2026 at 10:09 AM IST,CRAMC,Financial Services,Asset Management,225.85,40.81,15,13.47,E Avoid,21,52.0,0,0.25,6.45,35.16,Bearish,38.52,15.0,13.6,E Avoid,-0.13,2.29,0.0,No Major Change
07.10.2026 at 10:09 AM IST,MASTERTR,Financial Services,Capital Markets,82.11,42.71,15,12.57,E Avoid,13,48.0,10,0.06,47.68,45.22,Bearish,44.2,15.0,12.7,E Avoid,-0.13,-1.49,0.0,No Major Change
07.10.2026 at 10:09 AM IST,IITL,Financial Services,Credit Services,132.99,41.52,15,11.72,E Avoid,18,42.0,10,0.5,23.14,38.14,Bearish,40.59,15.0,11.85,E Avoid,-0.13,0.93,0.0,No Major Change
07.10.2026 at 10:09 AM IST,PNB,Financial Services,Banks - Regional,111.15,40.87,15,11.22,E Avoid,13,41.0,20,0.16,16.12,15.37,Bearish,42.78,15.0,11.35,E Avoid,-0.13,-1.91,0.0,No Major Change
07.10.2026 at 10:09 AM IST,SUMMITSEC,Financial Services,Capital Markets,1330.0,34.12,15,11.02,E Avoid,21,45.0,0,0.12,2.23,46.69,Bearish,30.65,15.0,11.15,E Avoid,-0.13,3.47,0.0,No Major Change
07.10.2026 at 10:09 AM IST,HYBRIDFIN,Financial Services,Capital Markets,17.5,55.04,15,10.97,E Avoid,45,26.0,8,0.7,20.69,47.95,Bullish,55.78,15.0,11.1,E Avoid,-0.13,-0.74,0.0,No Major Change
07.10.2026 at 10:09 AM IST,CREDITACC,Financial Services,Credit Services,1269.5,37.03,15,10.32,E Avoid,18,33.0,10,0.1,14.06,22.31,Bearish,36.33,15.0,10.45,E Avoid,-0.13,0.7,0.0,No Major Change
07.10.2026 at 10:09 AM IST,CANFINHOME,Financial Services,Mortgage Finance,727.6,32.85,15,8.92,E Avoid,21,35.0,0,0.06,3.94,24.42,Bearish,36.83,15.0,9.05,E Avoid,-0.13,-3.98,0.0,No Major Change
07.10.2026 at 10:09 AM IST,BANKINDIA,Financial Services,Banks - Regional,130.77,36.6,15,8.67,E Avoid,13,48.0,0,0.18,10.51,24.29,Bearish,39.14,15.0,8.8,E Avoid,-0.13,-2.54,0.0,No Major Change
07.10.2026 at 10:09 AM IST,IREDA,Financial Services,Credit Services,108.6,40.38,15,8.02,E Avoid,16,36.0,0,0.19,1.15,30.75,Bearish,41.31,15.0,8.15,E Avoid,-0.13,-0.93,0.0,No Major Change
07.10.2026 at 10:09 AM IST,CHOLAHLDNG,Financial Services,Credit Services,1421.6,40.81,15,7.52,E Avoid,21,31.0,0,0.05,9.02,31.07,Bearish,41.52,15.0,7.65,E Avoid,-0.13,-0.71,0.0,No Major Change
07.10.2026 at 10:09 AM IST,LTF,Financial Services,Credit Services,265.7,29.98,15,7.52,E Avoid,14,36.0,0,0.1,14.28,21.53,Bearish,28.47,15.0,7.65,E Avoid,-0.13,1.51,0.0,No Major Change
07.10.2026 at 10:09 AM IST,INDOTHAI,Financial Services,Capital Markets,40.71,41.12,20,7.42,E Avoid,13,49.0,8,0.1,40.38,91.25,Bearish,37.26,20.0,7.55,E Avoid,-0.13,3.86,0.0,No Major Change
07.10.2026 at 10:09 AM IST,ICICIPRULI,Financial Services,Insurance - Life,456.75,40.26,15,7.17,E Avoid,21,34.0,0,0.09,3.38,35.15,Bearish,42.04,15.0,7.3,E Avoid,-0.13,-1.78,0.0,No Major Change
07.10.2026 at 10:09 AM IST,NBIFIN,Financial Services,Capital Markets,1849.6,34.7,15,7.17,E Avoid,18,33.0,10,0.01,20.22,32.45,Bearish,30.21,15.0,7.3,E Avoid,-0.13,4.49,0.0,No Major Change
07.10.2026 at 10:09 AM IST,SUNDARMFIN,Financial Services,Credit Services,4303.9,33.89,15,7.17,E Avoid,21,30.0,0,0.05,8.16,23.31,Bearish,37.71,15.0,7.3,E Avoid,-0.13,-3.82,0.0,No Major Change
07.10.2026 at 10:09 AM IST,GODIGIT,Financial Services,Insurance - Property & Casualty,264.25,56.81,15,7.12,E Avoid,45,15.0,8,0.13,14.07,29.34,Bullish,52.74,15.0,7.25,E Avoid,-0.13,4.07,0.0,No Major Change
07.10.2026 at 10:09 AM IST,YESBANK,Financial Services,Banks - Regional,20.72,33.92,15,6.62,E Avoid,13,40.0,10,0.2,20.47,19.63,Bearish,35.11,15.0,6.75,E Avoid,-0.13,-1.19,0.0,No Major Change
07.10.2026 at 10:09 AM IST,AAVAS,Financial Services,Mortgage Finance,1204.6,35.49,15,6.22,E Avoid,13,33.0,0,0.06,13.6,32.02,Bearish,36.98,15.0,6.35,E Avoid,-0.13,-1.49,0.0,No Major Change
07.10.2026 at 10:09 AM IST,BAJAJHFL,Financial Services,Mortgage Finance,82.05,42.46,15,6.22,E Avoid,13,33.0,0,0.11,12.94,27.0,Bearish,44.27,15.0,6.35,E Avoid,-0.13,-1.81,0.0,No Major Change
07.10.2026 at 10:09 AM IST,FUSION,Financial Services,Credit Services,170.11,32.47,15,6.12,E Avoid,18,26.0,10,0.17,24.62,30.0,Bearish,30.39,15.0,6.25,E Avoid,-0.13,2.08,0.0,No Major Change
07.10.2026 at 10:09 AM IST,EQUITASBNK,Financial Services,Banks - Regional,67.67,37.11,15,5.72,E Avoid,8,36.0,10,0.06,32.04,19.34,Bearish,38.08,15.0,5.85,E Avoid,-0.13,-0.97,0.0,No Major Change
07.10.2026 at 10:09 AM IST,ICICIGI,Financial Services,Insurance - Diversified,1578.4,54.79,15,5.17,E Avoid,40,13.0,8,0.13,10.91,23.27,Bullish,57.97,15.0,5.3,E Avoid,-0.13,-3.18,0.0,No Major Change
07.10.2026 at 10:09 AM IST,CSLFINANCE,Financial Services,Credit Services,207.83,38.09,15,4.87,E Avoid,16,35.0,0,0.03,3.4,33.22,Bearish,37.74,15.0,5.0,E Avoid,-0.13,0.35,0.0,No Major Change
07.10.2026 at 10:09 AM IST,AFIL,Financial Services,Credit Services,7.92,32.32,15,4.82,E Avoid,13,37.0,0,0.04,102.04,28.65,Bearish,31.53,15.0,4.95,E Avoid,-0.13,0.79,0.0,No Major Change
07.10.2026 at 10:09 AM IST,NSIL,Financial Services,Asset Management,5262.0,36.64,15,4.32,E Avoid,18,32.0,0,0.31,11.96,39.73,Bearish,39.33,15.0,4.45,E Avoid,-0.13,-2.69,0.0,No Major Change
07.10.2026 at 10:09 AM IST,INDBANK,Financial Services,Capital Markets,25.31,29.64,15,3.32,E Avoid,14,32.0,0,0.18,4.54,46.32,Bearish,28.42,15.0,3.45,E Avoid,-0.13,1.22,0.0,No Major Change
07.10.2026 at 10:09 AM IST,LICHSGFIN,Financial Services,Mortgage Finance,497.7,31.26,15,3.07,E Avoid,13,28.0,0,0.07,10.63,15.13,Bearish,32.77,15.0,3.2,E Avoid,-0.13,-1.51,0.0,No Major Change
07.10.2026 at 10:09 AM IST,RELIGARE,Financial Services,Insurance - Life,227.23,35.34,15,2.97,E Avoid,18,21.0,10,0.07,15.63,18.85,Bearish,36.01,15.0,3.1,E Avoid,-0.13,-0.67,0.0,No Major Change
07.10.2026 at 10:09 AM IST,CANBK,Financial Services,Banks - Regional,117.27,27.96,15,2.77,E Avoid,9,34.0,0,0.22,0.65,25.63,Bearish,29.25,15.0,2.9,E Avoid,-0.13,-1.29,0.0,No Major Change
07.10.2026 at 10:09 AM IST,CENTRALBK,Financial Services,Banks - Regional,30.09,41.71,15,2.77,E Avoid,16,29.0,0,0.09,2.63,25.26,Bearish,42.87,15.0,2.9,E Avoid,-0.13,-1.16,0.0,No Major Change
07.10.2026 at 10:09 AM IST,JPOLYINVST,Financial Services,Asset Management,921.1,40.73,15,2.62,E Avoid,21,25.0,0,0.08,8.1,38.09,Bearish,41.44,15.0,2.75,E Avoid,-0.13,-0.71,0.0,No Major Change
07.10.2026 at 10:09 AM IST,MUTHOOTCAP,Financial Services,Credit Services,217.45,35.06,15,2.07,E Avoid,13,18.0,10,0.03,24.08,28.23,Bearish,34.21,15.0,2.2,E Avoid,-0.13,0.85,0.0,No Major Change
07.10.2026 at 10:09 AM IST,CREST,Financial Services,Financial Conglomerates,358.1,45.04,15,0.27,E Avoid,17,14.0,10,0.19,20.44,14.09,Bearish,46.57,15.0,0.4,E Avoid,-0.13,-1.53,0.0,No Major Change
07.10.2026 at 10:09 AM IST,GANDHAR,Energy,Oil & Gas Refining & Marketing,285.1,65.61,0,47.42,C Neutral,65,33.0,58,0.26,150.22,5.09,Bullish,64.04,0.0,47.57,C Neutral,-0.15,1.57,0.0,No Major Change
07.10.2026 at 10:09 AM IST,ADANIENT,Energy,Thermal Coal,2831.0,41.91,0,24.97,E Avoid,23,24.0,20,0.11,61.57,12.76,Bearish,43.17,0.0,25.12,E Avoid,-0.15,-1.26,0.0,No Major Change
07.10.2026 at 10:09 AM IST,HINDOILEXP,Energy,Oil & Gas E&P,167.69,42.98,0,24.47,E Avoid,28,21.0,20,0.09,42.71,16.75,Bearish,40.87,0.0,24.62,E Avoid,-0.15,2.11,0.0,No Major Change
07.10.2026 at 10:09 AM IST,OIL,Energy,Oil & Gas Integrated,450.5,37.44,15,16.02,E Avoid,18,51.0,10,0.08,15.86,14.99,Bearish,35.23,15.0,16.17,E Avoid,-0.15,2.21,0.0,No Major Change
07.10.2026 at 10:09 AM IST,DEEPINDS,Energy,Oil & Gas E&P,785.2,60.35,0,50.26,C Neutral,65,51.0,40,0.7,138.85,4.82,Bullish,52.82,0.0,50.42,C Neutral,-0.16,7.53,0.0,Fresh Momentum
07.10.2026 at 10:09 AM IST,CONFIPET,Energy,Oil & Gas Refining & Marketing,90.04,58.82,0,47.36,C Neutral,65,37.0,48,0.32,221.25,3.28,Bullish,53.04,0.0,47.52,C Neutral,-0.16,5.78,0.0,No Major Change
07.10.2026 at 10:09 AM IST,AEGISVOPAK,Energy,Oil & Gas Equipment & Services,297.45,53.41,0,45.76,C Neutral,60,36.0,48,0.09,88.4,7.32,Bullish,50.54,0.0,45.92,C Neutral,-0.16,2.87,0.0,No Major Change
07.10.2026 at 10:09 AM IST,PRABHA,Energy,Oil & Gas E&P,224.86,52.82,0,37.26,D Weak,55,24.0,40,0.11,63.05,14.44,Bullish,50.49,0.0,37.42,D Weak,-0.16,2.33,0.0,No Major Change
07.10.2026 at 10:09 AM IST,REFEX,Energy,Thermal Coal,263.5,38.23,15,12.46,E Avoid,8,45.0,10,0.04,40.61,30.87,Bearish,39.2,15.0,12.62,E Avoid,-0.16,-0.97,0.0,No Major Change
07.10.2026 at 10:09 AM IST,OFSS,Technology,Software - Infrastructure,10527.0,36.44,0,50.66,C Neutral,28,94.0,20,0.15,73.69,16.05,Bearish,35.14,0.0,50.83,C Neutral,-0.17,1.3,0.0,No Major Change
07.10.2026 at 10:09 AM IST,REDINGTON,Technology,Information Technology Services,403.2,58.06,0,46.81,C Neutral,60,39.0,58,0.08,115.39,3.89,Bullish,59.75,0.0,46.98,C Neutral,-0.17,-1.69,0.0,No Major Change
07.10.2026 at 10:09 AM IST,PAYTM,Technology,Software - Infrastructure,1748.0,56.56,0,45.96,C Neutral,65,33.0,58,0.28,87.84,5.79,Bullish,50.83,0.0,46.13,C Neutral,-0.17,5.73,0.0,No Major Change
07.10.2026 at 10:09 AM IST,SUBEXLTD,Technology,Software - Application,19.38,51.57,0,45.91,C Neutral,55,35.0,65,0.06,193.19,15.0,Bullish,52.74,0.0,46.08,C Neutral,-0.17,-1.17,0.0,No Major Change
07.10.2026 at 10:09 AM IST,LGEINDIA,Technology,Consumer Electronics,1761.1,65.54,0,43.06,D Weak,65,39.0,38,0.07,35.04,3.5,Bullish,65.15,0.0,43.23,D Weak,-0.17,0.39,0.0,No Major Change
07.10.2026 at 10:09 AM IST,COFORGE,Technology,Information Technology Services,1846.8,54.54,0,42.66,D Weak,60,40.0,40,0.09,83.62,8.63,Bullish,55.02,0.0,42.83,D Weak,-0.17,-0.48,0.0,No Major Change
07.10.2026 at 10:09 AM IST,CAPILLARY,Technology,Software - Application,599.25,67.32,0,37.41,D Weak,55,25.0,45,0.56,36.77,25.0,Bullish,65.42,0.0,37.58,D Weak,-0.17,1.9,0.0,No Major Change
07.10.2026 at 10:09 AM IST,NETWEB,Technology,Computer Hardware,4733.4,48.73,0,32.26,E Avoid,27,41.0,30,0.21,62.2,18.57,Bearish,49.28,0.0,32.43,E Avoid,-0.17,-0.55,0.0,No Major Change
07.10.2026 at 10:09 AM IST,RATEGAIN,Technology,Software - Application,853.6,47.05,0,30.66,E Avoid,32,40.0,20,0.09,95.33,18.7,Bearish,47.32,0.0,30.83,E Avoid,-0.17,-0.27,0.0,No Major Change
07.10.2026 at 10:09 AM IST,CNL,Technology,Electronics & Computer Distribution,1065.0,41.82,0,29.91,E Avoid,23,30.0,40,0.13,102.95,19.77,Bearish,42.5,0.0,30.08,E Avoid,-0.17,-0.68,0.0,No Major Change
07.10.2026 at 10:09 AM IST,IKIO,Technology,Electronic Components,194.96,42.65,0,29.66,E Avoid,28,40.0,20,0.03,88.31,18.36,Bearish,43.58,0.0,29.83,E Avoid,-0.17,-0.93,0.0,No Major Change
07.10.2026 at 10:09 AM IST,GENESYS,Technology,Software - Application,294.6,62.26,0,29.26,E Avoid,55,21.0,18,0.09,74.84,51.86,Bullish,64.57,0.0,29.43,E Avoid,-0.17,-2.31,0.0,No Major Change
07.10.2026 at 10:09 AM IST,SASKEN,Technology,Information Technology Services,1677.2,39.75,0,27.36,E Avoid,23,37.0,20,0.15,70.45,39.24,Bearish,39.97,0.0,27.53,E Avoid,-0.17,-0.22,0.0,No Major Change
07.10.2026 at 10:09 AM IST,UEL,Technology,Solar,179.61,41.69,0,26.91,E Avoid,28,25.0,30,0.08,63.09,36.8,Bearish,41.7,0.0,27.08,E Avoid,-0.17,-0.01,0.0,No Major Change
07.10.2026 at 10:09 AM IST,VOEPL,Technology,Consumer Electronics,512.0,51.89,0,26.51,E Avoid,45,26.0,10,0.07,19.44,13.72,Bullish,51.59,0.0,26.68,E Avoid,-0.17,0.3,0.0,No Major Change
07.10.2026 at 10:09 AM IST,RSYSTEMS,Technology,Information Technology Services,245.25,48.91,15,26.36,E Avoid,32,68.0,18,0.02,18.24,40.9,Bullish,49.46,15.0,26.53,E Avoid,-0.17,-0.55,0.0,No Major Change
07.10.2026 at 10:09 AM IST,INFY,Technology,Information Technology Services,1002.75,37.76,15,24.51,E Avoid,16,77.0,0,0.09,2.28,40.71,Bearish,40.13,15.0,24.68,E Avoid,-0.17,-2.37,0.0,Fresh Weakness
07.10.2026 at 10:09 AM IST,NELCO,Technology,Communication Equipment,914.0,45.09,0,21.96,E Avoid,32,13.0,30,0.27,83.03,18.39,Bearish,47.01,0.0,22.13,E Avoid,-0.17,-1.92,0.0,No Major Change
07.10.2026 at 10:09 AM IST,RAMCOSYS,Technology,Software - Application,565.0,45.55,0,21.21,E Avoid,32,13.0,20,0.15,65.16,41.6,Bearish,45.02,0.0,21.38,E Avoid,-0.17,0.53,0.0,No Major Change
07.10.2026 at 10:09 AM IST,AMAGI,Technology,Software - Application,562.0,46.11,0,20.41,E Avoid,12,25.0,20,0.08,81.17,22.74,Bearish,46.85,0.0,20.58,E Avoid,-0.17,-0.74,0.0,No Major Change
07.10.2026 at 10:09 AM IST,HEXT,Technology,Information Technology Services,501.55,44.28,15,19.61,E Avoid,13,63.0,10,0.06,27.69,36.73,Bearish,43.45,15.0,19.78,E Avoid,-0.17,0.83,0.0,No Major Change
07.10.2026 at 10:09 AM IST,WIPRO,Technology,Information Technology Services,160.92,37.67,15,18.91,E Avoid,16,71.0,0,0.12,2.63,38.86,Bearish,39.27,15.0,19.08,E Avoid,-0.17,-1.6,0.0,No Major Change
07.10.2026 at 10:09 AM IST,CSM,Technology,Information Technology Services,92.02,40.73,0,13.21,E Avoid,13,18.0,0,0.01,21.23,19.54,Bearish,41.83,0.0,13.38,E Avoid,-0.17,-1.1,0.0,No Major Change
07.10.2026 at 10:09 AM IST,BSOFT,Technology,Information Technology Services,278.55,46.33,15,13.16,E Avoid,25,45.0,10,0.15,4.61,40.37,Bearish,47.3,15.0,13.33,E Avoid,-0.17,-0.97,0.0,No Major Change
07.10.2026 at 10:09 AM IST,FSL,Technology,Information Technology Services,260.0,47.93,15,12.56,E Avoid,17,29.0,38,0.04,28.71,28.53,Bearish,48.11,15.0,12.73,E Avoid,-0.17,-0.18,0.0,No Major Change
07.10.2026 at 10:09 AM IST,KSOLVES,Technology,Software - Application,249.11,42.4,15,12.11,E Avoid,21,47.0,0,0.17,4.89,28.68,Bearish,42.24,15.0,12.28,E Avoid,-0.17,0.16,0.0,No Major Change
07.10.2026 at 10:09 AM IST,TANLA,Technology,Software - Application,494.5,42.68,15,11.56,E Avoid,13,49.0,10,0.2,36.66,32.53,Bearish,41.05,15.0,11.73,E Avoid,-0.17,1.63,0.0,No Major Change
07.10.2026 at 10:09 AM IST,TRIGYN,Technology,Information Technology Services,52.0,40.52,15,7.41,E Avoid,13,30.0,20,0.07,38.48,37.0,Bearish,39.38,15.0,7.58,E Avoid,-0.17,1.14,0.0,No Major Change
07.10.2026 at 10:09 AM IST,AIRAN,Technology,Information Technology Services,15.3,40.46,15,5.56,E Avoid,13,39.0,0,0.02,21.14,39.0,Bearish,41.41,15.0,5.73,E Avoid,-0.17,-0.95,0.0,No Major Change
07.10.2026 at 10:09 AM IST,LTTS,Technology,Information Technology Services,3258.0,44.66,15,5.46,E Avoid,21,33.0,0,0.19,9.46,30.28,Bearish,43.47,15.0,5.63,E Avoid,-0.17,1.19,0.0,No Major Change
07.10.2026 at 10:09 AM IST,SONATSOFTW,Technology,Information Technology Services,249.15,31.95,15,3.86,E Avoid,13,27.0,10,0.11,22.39,36.21,Bearish,33.38,15.0,4.03,E Avoid,-0.17,-1.43,0.0,No Major Change
07.10.2026 at 10:09 AM IST,INSPIRISYS,Technology,Information Technology Services,83.02,40.69,15,2.66,E Avoid,18,20.0,10,1.09,18.74,38.0,Bearish,42.29,15.0,2.83,E Avoid,-0.17,-1.6,0.0,No Major Change
07.10.2026 at 10:09 AM IST,INNOVANA,Technology,Software - Application,294.05,44.05,15,0.36,E Avoid,16,22.0,0,0.01,5.32,43.99,Bearish,44.51,15.0,0.53,E Avoid,-0.17,-0.46,0.0,No Major Change
07.10.2026 at 10:09 AM IST,RAYMONDLSL,Consumer Cyclical,Apparel Manufacturing,635.2,40.12,15,0.0,E Avoid,16,18.0,0,0.13,3.28,48.97,Bearish,44.18,15.0,0.17,E Avoid,-0.17,-4.06,0.0,No Major Change
07.10.2026 at 10:09 AM IST,BALAJEE,Consumer Cyclical,Packaging & Containers,24.19,31.38,15,0.0,E Avoid,13,9.0,0,0.13,14.64,55.6,Bearish,31.79,15.0,0.17,E Avoid,-0.17,-0.41,0.0,No Major Change
07.10.2026 at 10:09 AM IST,IBULLSLTD,Real Estate,Real Estate - Development,31.52,66.16,0,51.12,C Neutral,65,44.0,55,0.58,254.16,3.02,Bullish,64.05,0.0,51.3,C Neutral,-0.18,2.11,0.0,No Major Change
07.10.2026 at 10:09 AM IST,ASHIANA,Real Estate,Real Estate - Development,380.4,54.62,0,34.72,E Avoid,50,23.0,38,0.08,42.13,12.41,Bullish,56.6,0.0,34.9,E Avoid,-0.18,-1.98,0.0,No Major Change
07.10.2026 at 10:09 AM IST,MOTOGENFIN,Real Estate,Real Estate Services,25.94,48.96,0,28.47,E Avoid,32,39.0,10,0.01,48.23,24.59,Bearish,47.74,0.0,28.65,E Avoid,-0.18,1.22,0.0,No Major Change
07.10.2026 at 10:09 AM IST,NIRLON,Real Estate,Real Estate Services,615.7,55.19,0,28.27,E Avoid,55,22.0,10,0.15,16.07,4.07,Bullish,57.6,0.0,28.45,E Avoid,-0.18,-2.41,0.0,No Major Change
07.10.2026 at 10:09 AM IST,INDIQUBE,Real Estate,Real Estate Services,196.72,53.39,0,26.32,E Avoid,50,0.0,38,0.03,50.0,16.47,Bullish,54.43,0.0,26.5,E Avoid,-0.18,-1.04,0.0,No Major Change
07.10.2026 at 10:09 AM IST,ELDEHSG,Real Estate,Real Estate Services,788.85,56.21,15,21.82,E Avoid,45,51.0,8,0.0,13.76,23.57,Bullish,54.97,15.0,22.0,E Avoid,-0.18,1.24,0.0,No Major Change
07.10.2026 at 10:09 AM IST,OMAXE,Real Estate,Real Estate - Development,107.46,42.73,0,21.67,E Avoid,28,4.0,40,0.04,71.94,22.63,Bearish,43.06,0.0,21.85,E Avoid,-0.18,-0.33,0.0,No Major Change
07.10.2026 at 10:09 AM IST,WEWORK,Real Estate,Real Estate Services,665.1,47.42,0,19.07,E Avoid,32,5.0,20,0.12,58.36,16.29,Bearish,47.32,0.0,19.25,E Avoid,-0.18,0.1,0.0,No Major Change
07.10.2026 at 10:09 AM IST,NILASPACES,Real Estate,Real Estate - Development,11.35,41.02,15,11.02,E Avoid,21,43.0,0,0.07,5.0,43.16,Bearish,36.46,15.0,11.2,E Avoid,-0.18,4.56,0.0,No Major Change
07.10.2026 at 10:09 AM IST,SBGLP,Real Estate,Real Estate - Development,22.8,46.97,15,9.32,E Avoid,17,41.0,0,0.0,24.92,43.95,Bearish,46.87,15.0,9.5,E Avoid,-0.18,0.1,0.0,No Major Change
07.10.2026 at 10:09 AM IST,AGIIL,Real Estate,Real Estate - Development,258.9,35.17,15,7.62,E Avoid,13,39.0,0,0.05,15.31,40.36,Bearish,35.31,15.0,7.8,E Avoid,-0.18,-0.14,0.0,No Major Change
07.10.2026 at 10:09 AM IST,SCILAL,Real Estate,Real Estate Services,37.85,48.83,15,6.72,E Avoid,22,33.0,0,0.31,11.89,30.22,Bearish,47.17,15.0,6.9,E Avoid,-0.18,1.66,0.0,No Major Change
07.10.2026 at 10:09 AM IST,GANESHHOU,Real Estate,Real Estate - Development,710.9,37.89,15,6.27,E Avoid,13,28.0,10,0.09,42.45,20.84,Bearish,39.06,15.0,6.45,E Avoid,-0.18,-1.17,0.0,No Major Change
07.10.2026 at 10:09 AM IST,PURVA,Real Estate,Real Estate - Development,208.7,45.57,15,2.37,E Avoid,17,18.0,10,0.05,29.88,27.36,Bearish,48.07,15.0,2.55,E Avoid,-0.18,-2.5,0.0,No Major Change
07.10.2026 at 10:09 AM IST,NILAINFRA,Real Estate,Real Estate - Development,6.69,45.89,15,2.32,E Avoid,17,24.0,0,0.06,13.39,40.27,Bearish,46.3,15.0,2.5,E Avoid,-0.18,-0.41,0.0,No Major Change
07.10.2026 at 10:09 AM IST,FINCABLES,Industrials,Electrical Equipment & Parts,1470.1,63.56,0,56.09,B Watchlist,65,44.0,65,0.06,111.27,1.86,Bullish,63.96,0.0,56.32,B Watchlist,-0.23,-0.4,0.0,No Major Change
07.10.2026 at 10:09 AM IST,ENGINERSIN,Industrials,Engineering & Construction,313.4,68.93,0,53.29,C Neutral,65,41.0,65,0.17,94.63,2.49,Bullish,68.89,0.0,53.52,C Neutral,-0.23,0.04,0.0,No Major Change
07.10.2026 at 10:09 AM IST,PRECWIRE,Industrials,Electrical Equipment & Parts,514.95,62.02,0,51.54,C Neutral,65,31.0,65,0.21,167.83,1.9,Bullish,62.06,0.0,51.77,C Neutral,-0.23,-0.04,0.0,No Major Change
07.10.2026 at 10:09 AM IST,GMMPFAUDLR,Industrials,Specialty Industrial Machinery,1429.3,62.3,0,51.54,C Neutral,65,31.0,65,0.07,94.7,6.8,Bullish,61.98,0.0,51.77,C Neutral,-0.23,0.32,0.0,No Major Change
07.10.2026 at 10:09 AM IST,VETO,Industrials,Electrical Equipment & Parts,138.5,54.57,0,51.44,C Neutral,55,45.0,55,0.06,69.46,11.16,Bullish,54.62,0.0,51.67,C Neutral,-0.23,-0.05,0.0,No Major Change
07.10.2026 at 10:09 AM IST,SETL,Industrials,Specialty Industrial Machinery,426.65,60.28,0,50.99,C Neutral,60,38.0,58,0.08,308.04,8.86,Bullish,61.12,0.0,51.22,C Neutral,-0.23,-0.84,0.0,No Major Change
07.10.2026 at 10:09 AM IST,LLOYDSENGG,Industrials,Specialty Industrial Machinery,100.35,64.3,0,50.59,C Neutral,60,39.0,55,0.13,169.05,3.69,Bullish,66.07,0.0,50.82,C Neutral,-0.23,-1.77,0.0,No Major Change
07.10.2026 at 10:09 AM IST,ONEPOINT,Industrials,Specialty Business Services,79.5,90.29,0,50.39,C Neutral,52,37.0,65,0.12,95.91,1.85,Bullish,89.77,0.0,50.62,C Neutral,-0.23,0.52,0.0,No Major Change
07.10.2026 at 10:09 AM IST,MARINE,Industrials,Electrical Equipment & Parts,480.5,71.07,0,50.39,C Neutral,52,37.0,65,0.16,218.74,1.94,Bullish,70.76,0.0,50.62,C Neutral,-0.23,0.31,0.0,No Major Change
07.10.2026 at 10:09 AM IST,APARINDS,Industrials,Electrical Equipment & Parts,18079.0,56.09,0,49.59,C Neutral,60,34.0,58,0.21,166.75,6.16,Bullish,55.36,0.0,49.82,C Neutral,-0.23,0.73,0.0,No Major Change
07.10.2026 at 10:09 AM IST,GANDHITUBE,Industrials,Metal Fabrication,972.6,59.1,0,47.74,C Neutral,60,51.0,38,0.03,45.23,7.07,Bullish,61.62,0.0,47.97,C Neutral,-0.23,-2.52,0.0,No Major Change
07.10.2026 at 10:09 AM IST,PIXTRANS,Industrials,Specialty Industrial Machinery,1789.1,54.08,0,46.64,C Neutral,50,47.0,38,0.05,43.6,14.36,Bullish,55.39,0.0,46.87,C Neutral,-0.23,-1.31,0.0,No Major Change
07.10.2026 at 10:09 AM IST,TEGA,Industrials,Specialty Industrial Machinery,2121.0,67.92,0,46.24,C Neutral,65,27.0,55,0.12,44.16,3.5,Bullish,66.41,0.0,46.47,C Neutral,-0.23,1.51,0.0,No Major Change
07.10.2026 at 10:09 AM IST,GALAPREC,Industrials,Specialty Industrial Machinery,1163.9,61.29,0,45.44,C Neutral,65,35.0,35,0.29,73.41,7.63,Bullish,60.94,0.0,45.67,C Neutral,-0.23,0.35,0.0,No Major Change
07.10.2026 at 10:09 AM IST,JYOTICNC,Industrials,Specialty Industrial Machinery,1068.4,59.33,0,44.54,D Weak,65,20.0,58,0.1,84.18,5.83,Bullish,59.99,0.0,44.77,D Weak,-0.23,-0.66,0.0,No Major Change
07.10.2026 at 10:09 AM IST,JASH,Industrials,Specialty Industrial Machinery,592.15,64.44,0,44.29,D Weak,60,25.0,55,0.04,81.67,4.4,Bullish,65.62,0.0,44.52,D Weak,-0.23,-1.18,0.0,No Major Change
07.10.2026 at 10:09 AM IST,QUADFUTURE,Industrials,Railroads,541.0,64.28,0,43.49,D Weak,65,12.0,65,0.05,117.66,4.62,Bullish,65.55,0.0,43.72,D Weak,-0.23,-1.27,0.0,No Major Change
07.10.2026 at 10:09 AM IST,ALICON,Industrials,Metal Fabrication,881.05,73.58,0,42.64,D Weak,42,28.0,65,0.17,53.01,13.17,Bullish,72.24,0.0,42.87,D Weak,-0.23,1.34,0.0,No Major Change
07.10.2026 at 10:09 AM IST,POWERICA,Industrials,Specialty Industrial Machinery,596.1,59.27,0,42.44,D Weak,40,34.0,55,0.12,63.27,11.94,Bullish,60.5,0.0,42.67,D Weak,-0.23,-1.23,0.0,No Major Change
07.10.2026 at 10:09 AM IST,PLAZACABLE,Industrials,Electrical Equipment & Parts,57.27,47.73,0,42.19,D Weak,47,35.0,40,0.09,112.11,13.23,Bullish,49.59,0.0,42.42,D Weak,-0.23,-1.86,0.0,No Major Change
07.10.2026 at 10:09 AM IST,DYCL,Industrials,Electrical Equipment & Parts,441.4,47.05,0,41.94,D Weak,32,45.0,40,0.11,86.66,21.18,Bearish,48.7,0.0,42.17,D Weak,-0.23,-1.65,0.0,No Major Change
07.10.2026 at 10:09 AM IST,JNKINDIA,Industrials,Specialty Industrial Machinery,437.9,53.83,0,41.89,D Weak,55,41.0,28,0.1,118.11,21.47,Bullish,55.2,0.0,42.12,D Weak,-0.23,-1.37,0.0,No Major Change
07.10.2026 at 10:09 AM IST,UNIPARTS,Industrials,Farm & Heavy Construction Machinery,821.0,43.64,0,41.44,D Weak,23,50.0,40,0.1,111.82,10.37,Bearish,44.56,0.0,41.67,D Weak,-0.23,-0.92,0.0,No Major Change
07.10.2026 at 10:09 AM IST,SAHYADRI,Industrials,Building Products & Equipment,351.85,46.05,0,41.39,D Weak,27,47.0,40,0.17,77.82,13.96,Bearish,47.26,0.0,41.62,D Weak,-0.23,-1.21,0.0,No Major Change
07.10.2026 at 10:09 AM IST,SVLL,Industrials,Trucking,834.4,57.53,0,41.39,D Weak,65,10.0,58,0.01,87.44,7.03,Bullish,57.79,0.0,41.62,D Weak,-0.23,-0.26,0.0,No Major Change
07.10.2026 at 10:09 AM IST,JSWINFRA,Industrials,Marine Shipping,361.6,61.31,0,41.34,D Weak,65,18.0,48,0.27,55.38,3.7,Bullish,62.19,0.0,41.57,D Weak,-0.23,-0.88,0.0,No Major Change
07.10.2026 at 10:09 AM IST,TEXMOPIPES,Industrials,Building Products & Equipment,54.0,49.94,0,40.69,D Weak,47,30.0,48,0.08,63.64,16.28,Bullish,49.51,0.0,40.92,D Weak,-0.23,0.43,0.0,No Major Change
07.10.2026 at 10:09 AM IST,ROSSTECH,Industrials,Aerospace & Defense,1614.2,80.9,0,40.59,D Weak,52,12.0,65,0.1,192.55,4.99,Bullish,80.53,0.0,40.82,D Weak,-0.23,0.37,0.0,No Major Change
07.10.2026 at 10:09 AM IST,RAYMOND,Industrials,Specialty Industrial Machinery,1256.0,75.77,0,38.64,D Weak,47,11.0,65,0.06,292.5,6.2,Bullish,83.28,0.0,38.87,D Weak,-0.23,-7.51,0.0,No Major Change
07.10.2026 at 10:09 AM IST,MAHLOG,Industrials,Integrated Freight & Logistics,411.0,52.09,0,37.44,D Weak,65,14.0,38,0.11,50.39,8.08,Bullish,54.38,0.0,37.67,D Weak,-0.23,-2.29,0.0,No Major Change
07.10.2026 at 10:09 AM IST,UDS,Industrials,Specialty Business Services,215.51,57.63,0,37.14,D Weak,55,31.0,30,0.11,73.12,15.73,Bullish,57.54,0.0,37.37,D Weak,-0.23,0.09,0.0,No Major Change
07.10.2026 at 10:09 AM IST,KENNAMET,Industrials,Tools & Accessories,4232.0,50.39,0,36.84,D Weak,40,39.0,20,0.05,78.33,17.6,Bullish,51.61,0.0,37.07,D Weak,-0.23,-1.22,0.0,No Major Change
07.10.2026 at 10:09 AM IST,THEJO,Industrials,Specialty Industrial Machinery,2102.8,46.92,0,36.64,D Weak,32,37.0,30,0.05,46.01,7.82,Bearish,46.45,0.0,36.87,D Weak,-0.23,0.47,0.0,No Major Change
07.10.2026 at 10:09 AM IST,MANAKCOAT,Industrials,Metal Fabrication,129.91,56.78,0,35.99,D Weak,55,19.0,38,0.11,37.96,28.91,Bullish,55.33,0.0,36.22,D Weak,-0.23,1.45,0.0,No Major Change
07.10.2026 at 10:09 AM IST,ADOR,Industrials,Specialty Industrial Machinery,1522.1,40.65,0,35.34,D Weak,28,33.0,40,0.25,82.58,13.83,Bearish,42.81,0.0,35.57,D Weak,-0.23,-2.16,0.0,No Major Change
07.10.2026 at 10:09 AM IST,VRLLOG,Industrials,Trucking,284.8,45.27,0,35.04,D Weak,27,39.0,30,0.12,26.58,8.19,Bearish,45.48,0.0,35.27,D Weak,-0.23,-0.21,0.0,No Major Change
07.10.2026 at 10:09 AM IST,KAPSTON,Industrials,Specialty Business Services,547.0,47.67,0,34.64,E Avoid,42,20.0,40,0.03,123.27,11.23,Bullish,47.74,0.0,34.87,E Avoid,-0.23,-0.07,0.0,No Major Change
07.10.2026 at 10:09 AM IST,WENDT,Industrials,Tools & Accessories,8078.5,40.32,0,33.49,E Avoid,28,38.0,20,0.06,38.47,11.8,Bearish,41.02,0.0,33.72,E Avoid,-0.23,-0.7,0.0,No Major Change
07.10.2026 at 10:09 AM IST,VOLTAMP,Industrials,Electrical Equipment & Parts,10523.0,46.95,0,32.89,E Avoid,27,41.0,20,0.12,59.58,17.3,Bearish,47.32,0.0,33.12,E Avoid,-0.23,-0.37,0.0,No Major Change
07.10.2026 at 10:09 AM IST,GPTINFRA,Industrials,Engineering & Construction,122.0,66.1,0,32.74,E Avoid,55,27.0,18,0.16,27.87,18.67,Bullish,65.45,0.0,32.97,E Avoid,-0.23,0.65,0.0,No Major Change
07.10.2026 at 10:09 AM IST,AJAXENGG,Industrials,Farm & Heavy Construction Machinery,585.4,52.16,0,32.69,E Avoid,50,29.0,20,0.07,48.28,13.66,Bullish,52.38,0.0,32.92,E Avoid,-0.23,-0.22,0.0,No Major Change
07.10.2026 at 10:09 AM IST,PRITIKAUTO,Industrials,Specialty Industrial Machinery,16.35,49.2,0,32.59,E Avoid,32,34.0,18,0.09,57.06,22.11,Bearish,48.88,0.0,32.82,E Avoid,-0.23,0.32,0.0,No Major Change
07.10.2026 at 10:09 AM IST,INGERRAND,Industrials,Specialty Industrial Machinery,4122.2,32.11,0,32.54,E Avoid,23,46.0,10,0.08,35.17,16.81,Bearish,32.57,0.0,32.77,E Avoid,-0.23,-0.46,0.0,No Major Change
07.10.2026 at 10:09 AM IST,MMFL,Industrials,Metal Fabrication,569.55,40.17,0,32.49,E Avoid,28,40.0,30,0.07,99.48,17.21,Bearish,43.04,0.0,32.72,E Avoid,-0.23,-2.87,0.0,No Major Change
07.10.2026 at 10:09 AM IST,OBCL,Industrials,Trucking,57.44,54.76,0,32.04,E Avoid,70,0.0,38,0.0,23.5,7.35,Bullish,54.76,0.0,32.27,E Avoid,-0.23,0.0,0.0,No Major Change
07.10.2026 at 10:09 AM IST,GVT&D,Industrials,Specialty Industrial Machinery,4240.3,45.6,0,31.79,E Avoid,27,41.0,10,0.09,68.47,24.76,Bearish,45.91,0.0,32.02,E Avoid,-0.23,-0.31,0.0,No Major Change
07.10.2026 at 10:09 AM IST,HLEGLAS,Industrials,Specialty Industrial Machinery,469.45,65.48,0,31.49,E Avoid,55,0.0,55,0.31,88.24,28.91,Bullish,61.28,0.0,31.72,E Avoid,-0.23,4.2,0.0,No Major Change
07.10.2026 at 10:09 AM IST,SIS,Industrials,Security & Protection Services,418.85,49.44,0,30.99,E Avoid,32,32.0,20,0.03,62.94,12.91,Bearish,48.0,0.0,31.22,E Avoid,-0.23,1.44,0.0,No Major Change
07.10.2026 at 10:09 AM IST,HNDFDS,Industrials,Conglomerates,576.8,36.78,0,30.34,E Avoid,28,29.0,20,0.07,30.5,14.89,Bearish,41.03,0.0,30.57,E Avoid,-0.23,-4.25,0.0,Fresh Weakness
07.10.2026 at 10:09 AM IST,TITAGARH,Industrials,Railroads,802.0,39.22,0,28.34,E Avoid,23,39.0,10,0.1,41.19,17.31,Bearish,40.22,0.0,28.57,E Avoid,-0.23,-1.0,0.0,Fresh Weakness
07.10.2026 at 10:09 AM IST,KIRLFER,Industrials,Metal Fabrication,470.55,53.21,0,28.19,E Avoid,55,13.0,18,0.02,16.07,7.69,Bullish,55.0,0.0,28.42,E Avoid,-0.23,-1.79,0.0,No Major Change
07.10.2026 at 10:09 AM IST,DCMSIL,Industrials,Industrial Distribution,79.72,55.71,0,26.29,E Avoid,40,0.0,45,0.1,61.98,23.84,Bullish,54.5,0.0,26.52,E Avoid,-0.23,1.21,0.0,No Major Change
07.10.2026 at 10:09 AM IST,IONEXCHANG,Industrials,Pollution & Treatment Controls,407.85,46.7,0,25.59,E Avoid,47,13.0,10,0.07,30.87,15.8,Bullish,47.55,0.0,25.82,E Avoid,-0.23,-0.85,0.0,No Major Change
07.10.2026 at 10:09 AM IST,LMW,Industrials,Specialty Industrial Machinery,16735.0,37.53,0,24.74,E Avoid,28,16.0,20,0.16,40.7,16.95,Bearish,40.92,0.0,24.97,E Avoid,-0.23,-3.39,0.0,Fresh Weakness
07.10.2026 at 10:09 AM IST,HONAUT,Industrials,Electrical Equipment & Parts,33735.0,40.63,0,24.49,E Avoid,23,28.0,10,0.05,29.03,18.7,Bearish,40.99,0.0,24.72,E Avoid,-0.23,-0.36,0.0,No Major Change
07.10.2026 at 10:09 AM IST,SKFINDUS,Industrials,Tools & Accessories,2760.0,42.75,0,20.14,E Avoid,28,16.0,10,0.1,39.94,14.25,Bearish,44.05,0.0,20.37,E Avoid,-0.23,-1.3,0.0,No Major Change
07.10.2026 at 10:09 AM IST,APOLLOPIPE,Industrials,Building Products & Equipment,526.0,45.16,0,19.94,E Avoid,27,9.0,20,0.04,108.94,21.35,Bearish,46.39,0.0,20.17,E Avoid,-0.23,-1.23,0.0,No Major Change
07.10.2026 at 10:09 AM IST,KIRLOSIND,Industrials,Metal Fabrication,3563.5,43.25,0,16.64,E Avoid,28,8.0,10,0.02,45.18,21.84,Bearish,41.46,0.0,16.87,E Avoid,-0.23,1.79,0.0,No Major Change
07.10.2026 at 10:09 AM IST,CROWN,Industrials,Rental & Leasing Services,112.72,48.93,15,15.39,E Avoid,37,41.0,0,0.01,12.6,30.39,Bullish,48.41,15.0,15.62,E Avoid,-0.23,0.52,0.0,No Major Change
07.10.2026 at 10:09 AM IST,TCI,Industrials,Integrated Freight & Logistics,888.3,58.53,15,14.84,E Avoid,45,33.0,8,0.04,11.46,27.82,Bullish,58.44,15.0,15.07,E Avoid,-0.23,0.09,0.0,No Major Change
07.10.2026 at 10:09 AM IST,TECHNOE,Industrials,Engineering & Construction,992.7,50.19,15,14.84,E Avoid,45,28.0,8,0.14,14.93,28.05,Bullish,51.0,15.0,15.07,E Avoid,-0.23,-0.81,0.0,No Major Change
07.10.2026 at 10:09 AM IST,PROSTARM,Industrials,Electrical Equipment & Parts,132.84,47.76,15,14.49,E Avoid,22,38.0,10,0.08,15.88,36.33,Bearish,47.88,15.0,14.72,E Avoid,-0.23,-0.12,0.0,No Major Change
07.10.2026 at 10:09 AM IST,HILINFRA,Industrials,Infrastructure Operations,45.4,57.67,15,14.19,E Avoid,45,19.0,18,0.17,13.22,46.14,Bullish,57.52,15.0,14.42,E Avoid,-0.23,0.15,0.0,No Major Change
07.10.2026 at 10:09 AM IST,TRANSRAILL,Industrials,Engineering & Construction,482.65,60.75,15,13.79,E Avoid,45,25.0,15,0.13,20.47,36.38,Bullish,60.68,15.0,14.02,E Avoid,-0.23,0.07,0.0,No Major Change
07.10.2026 at 10:09 AM IST,VESUVIUS,Industrials,Specialty Industrial Machinery,406.05,48.98,15,13.44,E Avoid,25,46.0,0,0.04,6.02,33.01,Bearish,48.29,15.0,13.67,E Avoid,-0.23,0.69,0.0,No Major Change
07.10.2026 at 10:09 AM IST,HONDAPOWER,Industrials,Specialty Industrial Machinery,1876.0,34.84,15,12.79,E Avoid,21,41.0,0,0.15,4.41,31.54,Bearish,37.52,15.0,13.02,E Avoid,-0.23,-2.68,0.0,No Major Change
07.10.2026 at 10:09 AM IST,NAVKARCORP,Industrials,Integrated Freight & Logistics,86.31,34.61,15,12.74,E Avoid,18,43.0,0,0.07,16.56,34.3,Bearish,32.93,15.0,12.97,E Avoid,-0.23,1.68,0.0,No Major Change
07.10.2026 at 10:09 AM IST,SPMLINFRA,Industrials,Engineering & Construction,161.06,34.23,15,12.44,E Avoid,21,40.0,0,0.1,6.66,35.74,Bearish,37.46,15.0,12.67,E Avoid,-0.23,-3.23,0.0,No Major Change
07.10.2026 at 10:09 AM IST,GRINFRA,Industrials,Engineering & Construction,807.0,41.16,15,11.39,E Avoid,21,37.0,0,0.07,4.13,38.23,Bearish,44.26,15.0,11.62,E Avoid,-0.23,-3.1,0.0,No Major Change
07.10.2026 at 10:09 AM IST,NESCO,Industrials,Conglomerates,1040.0,43.47,15,11.39,E Avoid,21,41.0,0,0.09,5.09,26.43,Bearish,42.57,15.0,11.62,E Avoid,-0.23,0.9,0.0,No Major Change
07.10.2026 at 10:09 AM IST,3MINDIA,Industrials,Conglomerates,30680.0,33.89,15,11.04,E Avoid,21,36.0,0,0.04,8.33,18.16,Bearish,35.27,15.0,11.27,E Avoid,-0.23,-1.38,0.0,No Major Change
07.10.2026 at 10:09 AM IST,EIEL,Industrials,Engineering & Construction,185.41,38.08,15,9.74,E Avoid,13,42.0,0,0.07,37.64,28.04,Bearish,38.25,15.0,9.97,E Avoid,-0.23,-0.17,0.0,No Major Change
07.10.2026 at 10:09 AM IST,CONTROLPR,Industrials,Business Equipment & Supplies,617.0,61.0,15,9.59,E Avoid,45,18.0,8,0.07,20.46,23.42,Bullish,63.31,15.0,9.82,E Avoid,-0.23,-2.31,0.0,No Major Change
07.10.2026 at 10:09 AM IST,MBEL,Industrials,Engineering & Construction,257.01,47.0,15,9.54,E Avoid,22,35.0,0,0.18,15.66,51.86,Bearish,45.28,15.0,9.77,E Avoid,-0.23,1.72,0.0,No Major Change
07.10.2026 at 10:09 AM IST,EVEREADY,Industrials,Electrical Equipment & Parts,319.05,40.11,15,9.29,E Avoid,18,31.0,10,0.03,23.75,18.45,Bearish,41.07,15.0,9.52,E Avoid,-0.23,-0.96,0.0,No Major Change
07.10.2026 at 10:09 AM IST,AGL,Industrials,Integrated Freight & Logistics,12.85,39.28,0,9.24,E Avoid,21,0.0,0,0.2,6.82,41.59,Bearish,37.9,0.0,9.47,E Avoid,-0.23,1.38,0.0,No Major Change
07.10.2026 at 10:09 AM IST,POKARNA,Industrials,Building Products & Equipment,707.05,26.27,15,8.94,E Avoid,14,40.0,0,0.04,3.29,38.28,Bearish,27.79,15.0,9.17,E Avoid,-0.23,-1.52,0.0,No Major Change
07.10.2026 at 10:09 AM IST,AIAENG,Industrials,Specialty Industrial Machinery,3866.0,36.42,15,8.94,E Avoid,18,34.0,10,0.06,23.17,25.09,Bearish,40.89,15.0,9.17,E Avoid,-0.23,-4.47,0.0,Fresh Weakness
07.10.2026 at 10:09 AM IST,ELECON,Industrials,Specialty Industrial Machinery,444.0,51.1,15,8.89,E Avoid,35,16.0,18,0.02,26.5,28.81,Bullish,52.0,15.0,9.12,E Avoid,-0.23,-0.9,0.0,No Major Change
07.10.2026 at 10:09 AM IST,JETFREIGHT,Industrials,Integrated Freight & Logistics,19.6,39.09,15,7.84,E Avoid,8,32.0,10,0.07,63.33,24.47,Bearish,40.36,15.0,8.07,E Avoid,-0.23,-1.27,0.0,Fresh Weakness
07.10.2026 at 10:09 AM IST,TCIEXP,Industrials,Integrated Freight & Logistics,502.9,46.15,15,7.09,E Avoid,22,33.0,0,0.03,12.37,29.5,Bearish,45.64,15.0,7.32,E Avoid,-0.23,0.51,0.0,No Major Change
07.10.2026 at 10:09 AM IST,SERVOTECH,Industrials,Electrical Equipment & Parts,71.68,39.72,15,6.94,E Avoid,13,30.0,0,0.17,24.67,49.33,Bearish,41.0,15.0,7.17,E Avoid,-0.23,-1.28,0.0,Fresh Weakness
07.10.2026 at 10:09 AM IST,SADBHIN,Industrials,Engineering & Construction,2.57,48.66,15,6.84,E Avoid,17,22.0,18,0.17,24.76,46.35,Bearish,47.86,15.0,7.07,E Avoid,-0.23,0.8,0.0,No Major Change
07.10.2026 at 10:09 AM IST,GLOTTIS,Industrials,Integrated Freight & Logistics,58.49,44.52,15,5.44,E Avoid,13,24.0,8,0.05,58.08,37.11,Bearish,44.12,15.0,5.67,E Avoid,-0.23,0.4,0.0,No Major Change
07.10.2026 at 10:09 AM IST,JYOTISTRUC,Industrials,Specialty Industrial Machinery,8.89,38.18,15,5.39,E Avoid,18,25.0,0,0.08,11.96,41.28,Bearish,39.39,15.0,5.62,E Avoid,-0.23,-1.21,0.0,No Major Change
07.10.2026 at 10:09 AM IST,VIKRAN,Industrials,Engineering & Construction,58.15,47.36,15,4.99,E Avoid,22,23.0,0,0.05,14.14,50.74,Bearish,47.31,15.0,5.22,E Avoid,-0.23,0.05,0.0,No Major Change
07.10.2026 at 10:09 AM IST,DCMSHRIRAM,Industrials,Conglomerates,970.45,48.19,15,4.84,E Avoid,20,28.0,0,0.26,9.49,30.44,Bearish,50.55,20.0,5.07,E Avoid,-0.23,-2.36,-5.0,Risk Reduced
07.10.2026 at 10:09 AM IST,NIRAJ,Industrials,Engineering & Construction,27.08,40.36,15,4.64,E Avoid,8,32.0,0,0.05,34.39,42.69,Bearish,43.69,15.0,4.87,E Avoid,-0.23,-3.33,0.0,No Major Change
07.10.2026 at 10:09 AM IST,SEPC,Industrials,Engineering & Construction,5.05,38.81,15,4.54,E Avoid,16,25.0,0,0.11,8.6,57.88,Bearish,38.81,15.0,4.77,E Avoid,-0.23,0.0,0.0,No Major Change
07.10.2026 at 10:09 AM IST,SHAKTIPUMP,Industrials,Specialty Industrial Machinery,446.6,34.42,15,4.39,E Avoid,21,21.0,0,0.18,1.24,46.09,Bearish,36.52,15.0,4.62,E Avoid,-0.23,-2.1,0.0,No Major Change
07.10.2026 at 10:09 AM IST,NCC,Industrials,Engineering & Construction,128.0,31.21,15,3.84,E Avoid,16,28.0,0,0.34,1.7,40.17,Bearish,31.94,15.0,4.07,E Avoid,-0.23,-0.73,0.0,No Major Change
07.10.2026 at 10:09 AM IST,KPEL,Industrials,Engineering & Construction,213.94,34.27,15,3.69,E Avoid,21,22.0,0,0.07,3.7,53.71,Bearish,36.03,15.0,3.92,E Avoid,-0.23,-1.76,0.0,No Major Change
07.10.2026 at 10:09 AM IST,DENTA,Industrials,Engineering & Construction,264.65,38.73,15,3.69,E Avoid,18,19.0,10,0.07,20.3,44.31,Bearish,37.05,15.0,3.92,E Avoid,-0.23,1.68,0.0,No Major Change
07.10.2026 at 10:09 AM IST,RHIM,Industrials,Metal Fabrication,375.75,47.77,15,3.49,E Avoid,22,14.0,8,0.15,17.09,25.59,Bearish,45.81,15.0,3.72,E Avoid,-0.23,1.96,0.0,No Major Change
07.10.2026 at 10:09 AM IST,DOMS,Industrials,Business Equipment & Supplies,2063.9,38.38,15,2.44,E Avoid,16,19.0,0,0.05,2.17,24.96,Bearish,39.61,15.0,2.67,E Avoid,-0.23,-1.23,0.0,No Major Change
07.10.2026 at 10:09 AM IST,DELHIVERY,Industrials,Integrated Freight & Logistics,403.0,33.43,15,1.94,E Avoid,21,14.0,0,0.06,7.62,23.09,Bearish,37.01,15.0,2.17,E Avoid,-0.23,-3.58,0.0,No Major Change
07.10.2026 at 10:09 AM IST,DENORA,Industrials,Electrical Equipment & Parts,735.05,33.17,15,1.74,E Avoid,13,16.0,10,0.31,31.85,23.08,Bearish,30.84,15.0,1.97,E Avoid,-0.23,2.33,0.0,No Major Change
07.10.2026 at 10:09 AM IST,HILTON,Industrials,Metal Fabrication,16.52,32.67,20,1.59,E Avoid,13,37.0,0,0.35,23.01,67.07,Bearish,35.04,20.0,1.82,E Avoid,-0.23,-2.37,0.0,No Major Change
07.10.2026 at 10:09 AM IST,AWFIS,Industrials,Rental & Leasing Services,242.85,39.79,20,1.49,E Avoid,21,26.0,0,0.03,6.02,62.02,Bearish,40.29,20.0,1.72,E Avoid,-0.23,-0.5,0.0,Fresh Weakness
07.10.2026 at 10:09 AM IST,CCCL,Industrials,Engineering & Construction,12.92,31.55,15,1.39,E Avoid,16,16.0,0,0.54,1.25,49.71,Bearish,33.71,15.0,1.62,E Avoid,-0.23,-2.16,0.0,No Major Change
07.10.2026 at 10:09 AM IST,RUCHINFRA,Industrials,Specialty Business Services,4.96,37.37,15,0.84,E Avoid,18,18.0,0,0.55,22.47,35.58,Bearish,38.31,15.0,1.07,E Avoid,-0.23,-0.94,0.0,No Major Change
07.10.2026 at 10:09 AM IST,BAJAJINDEF,Industrials,Farm & Heavy Construction Machinery,207.9,40.7,15,0.19,E Avoid,21,14.0,0,0.06,3.43,52.62,Bearish,39.68,15.0,0.42,E Avoid,-0.23,1.02,0.0,No Major Change
07.10.2026 at 10:09 AM IST,KILITCH,Unknown,Unknown,260.0,81.87,0,35.05,D Weak,67,0.0,65,2.44,121.75,2.95,Bullish,82.0,0.0,35.31,D Weak,-0.26,-0.13,0.0,No Major Change
07.10.2026 at 10:09 AM IST,DPWIRES,Unknown,Unknown,233.51,85.61,0,32.55,E Avoid,67,0.0,55,2.11,86.78,7.3,Bullish,82.79,0.0,32.81,E Avoid,-0.26,2.82,0.0,No Major Change
07.10.2026 at 10:09 AM IST,GEECEE,Unknown,Unknown,370.35,51.56,0,27.8,E Avoid,65,0.0,38,0.01,72.52,4.52,Bullish,51.04,0.0,28.06,E Avoid,-0.26,0.52,0.0,No Major Change
07.10.2026 at 10:09 AM IST,SUTLEJTEX,Unknown,Unknown,37.0,42.55,0,11.55,E Avoid,28,0.0,10,0.01,54.17,13.81,Bearish,42.85,0.0,11.81,E Avoid,-0.26,-0.3,0.0,No Major Change
07.10.2026 at 10:09 AM IST,SCHAND,Unknown,Unknown,145.21,58.55,15,0.3,E Avoid,45,0.0,8,0.07,14.33,24.06,Bullish,58.48,15.0,0.56,E Avoid,-0.26,0.07,0.0,No Major Change
07.10.2026 at 10:09 AM IST,GLAND,Healthcare,Drug Manufacturers - Specialty & Generic,3069.5,64.64,0,54.55,C Neutral,65,44.0,58,0.81,96.54,0.62,Bullish,59.78,0.0,54.82,C Neutral,-0.27,4.86,0.0,Fresh Momentum
07.10.2026 at 10:09 AM IST,IOLCP,Healthcare,Drug Manufacturers - Specialty & Generic,220.35,65.87,0,53.7,C Neutral,70,42.0,58,1.13,228.53,1.63,Bullish,62.94,0.0,53.97,C Neutral,-0.27,2.93,0.0,No Major Change
07.10.2026 at 10:09 AM IST,INDSWFTLAB,Healthcare,Drug Manufacturers - Specialty & Generic,397.8,58.85,0,53.15,C Neutral,65,44.0,58,0.1,356.45,6.34,Bullish,59.71,0.0,53.42,C Neutral,-0.27,-0.86,0.0,No Major Change
07.10.2026 at 10:09 AM IST,AKUMS,Healthcare,Drug Manufacturers - Specialty & Generic,820.0,60.5,0,51.7,C Neutral,65,42.0,55,0.25,101.29,2.24,Bullish,59.13,0.0,51.97,C Neutral,-0.27,1.37,0.0,Fresh Momentum
07.10.2026 at 10:09 AM IST,YATHARTH,Healthcare,Medical Care Facilities,1046.9,52.79,0,50.3,C Neutral,55,43.0,58,0.12,94.62,11.58,Bullish,54.45,0.0,50.57,C Neutral,-0.27,-1.66,0.0,No Major Change
07.10.2026 at 10:09 AM IST,LALPATHLAB,Healthcare,Diagnostics & Research,1946.5,53.3,0,50.1,C Neutral,60,42.0,48,0.16,53.73,4.52,Bullish,57.11,0.0,50.37,C Neutral,-0.27,-3.81,0.0,No Major Change
07.10.2026 at 10:09 AM IST,SYNCOMF,Healthcare,Drug Manufacturers - Specialty & Generic,24.53,66.56,0,49.25,C Neutral,55,35.0,65,0.44,141.44,10.77,Bullish,62.6,0.0,49.52,C Neutral,-0.27,3.96,0.0,No Major Change
07.10.2026 at 10:09 AM IST,SAILIFE,Healthcare,Diagnostics & Research,1568.0,53.85,0,46.2,C Neutral,65,37.0,40,0.87,100.04,7.6,Bullish,52.38,0.0,46.47,C Neutral,-0.27,1.47,0.0,No Major Change
07.10.2026 at 10:09 AM IST,GLOBAL,Consumer Defensive,Education & Training Services,142.99,73.34,0,46.1,C Neutral,52,36.0,65,0.04,161.59,0.6,Bullish,73.05,0.0,46.37,C Neutral,-0.27,0.29,0.0,No Major Change
07.10.2026 at 10:09 AM IST,SUDEEPPHRM,Healthcare,Drug Manufacturers - Specialty & Generic,1137.2,46.38,0,45.7,C Neutral,42,48.0,40,0.25,117.39,17.47,Bullish,49.05,0.0,45.97,C Neutral,-0.27,-2.67,0.0,No Major Change
07.10.2026 at 10:09 AM IST,SAKAR,Healthcare,Drug Manufacturers - Specialty & Generic,1031.0,45.27,0,44.15,D Weak,47,40.0,40,0.1,198.41,16.17,Bullish,47.44,0.0,44.42,D Weak,-0.27,-2.17,0.0,No Major Change
07.10.2026 at 10:09 AM IST,MANKIND,Healthcare,Drug Manufacturers - Specialty & Generic,2514.1,58.49,0,42.8,D Weak,65,39.0,18,0.09,31.65,4.84,Bullish,57.31,0.0,43.07,D Weak,-0.27,1.18,0.0,No Major Change
07.10.2026 at 10:09 AM IST,ENTERO,Healthcare,Medical Distribution,1723.2,50.55,0,42.65,D Weak,55,34.0,40,0.07,82.54,10.25,Bullish,50.39,0.0,42.92,D Weak,-0.27,0.16,0.0,No Major Change
07.10.2026 at 10:09 AM IST,GUFICBIO,Healthcare,Drug Manufacturers - Specialty & Generic,428.55,51.74,0,41.95,D Weak,65,32.0,30,0.07,59.95,8.39,Bullish,51.36,0.0,42.22,D Weak,-0.27,0.38,0.0,No Major Change
07.10.2026 at 10:09 AM IST,LENSKART,Healthcare,Medical Instruments & Supplies,687.3,56.25,0,41.4,D Weak,60,34.0,30,0.03,93.01,5.2,Bullish,55.12,0.0,41.67,D Weak,-0.27,1.13,0.0,No Major Change
07.10.2026 at 10:09 AM IST,SMSPHARMA,Healthcare,Drug Manufacturers - General,470.0,60.94,0,39.2,D Weak,60,21.0,45,0.08,79.26,4.94,Bullish,61.87,0.0,39.47,D Weak,-0.27,-0.93,0.0,No Major Change
07.10.2026 at 10:09 AM IST,WOCKPHARMA,Healthcare,Drug Manufacturers - Specialty & Generic,2172.0,54.8,0,38.8,D Weak,55,23.0,40,0.17,99.87,10.33,Bullish,55.09,0.0,39.07,D Weak,-0.27,-0.29,0.0,No Major Change
07.10.2026 at 10:09 AM IST,UNICHEMLAB,Healthcare,Drug Manufacturers - Specialty & Generic,553.1,52.9,0,37.65,D Weak,55,34.0,20,0.04,98.81,19.51,Bullish,51.61,0.0,37.92,D Weak,-0.27,1.29,0.0,No Major Change
07.10.2026 at 10:09 AM IST,RUBICON,Healthcare,Drug Manufacturers - General,1571.3,33.92,0,37.4,D Weak,23,45.0,30,0.15,175.57,17.26,Bearish,36.85,0.0,37.67,D Weak,-0.27,-2.93,0.0,No Major Change
07.10.2026 at 10:09 AM IST,CONCORDBIO,Healthcare,Biotechnology,1369.4,40.18,0,36.55,D Weak,28,45.0,30,0.1,39.57,16.4,Bearish,40.08,0.0,36.82,D Weak,-0.27,0.1,0.0,No Major Change
07.10.2026 at 10:09 AM IST,THYROCARE,Healthcare,Diagnostics & Research,517.2,32.96,0,36.3,D Weak,23,49.0,20,0.23,52.95,21.87,Bearish,36.53,0.0,36.57,D Weak,-0.27,-3.57,0.0,No Major Change
07.10.2026 at 10:09 AM IST,ANUHPHR,Healthcare,Drug Manufacturers - Specialty & Generic,87.0,48.53,0,33.9,E Avoid,47,33.0,20,0.07,32.32,12.56,Bullish,49.79,0.0,34.17,E Avoid,-0.27,-1.26,0.0,No Major Change
07.10.2026 at 10:09 AM IST,AAREYDRUGS,Healthcare,Drug Manufacturers - Specialty & Generic,107.98,73.51,0,33.8,E Avoid,52,0.0,65,0.42,114.63,1.18,Bullish,72.98,0.0,34.07,E Avoid,-0.27,0.53,0.0,No Major Change
07.10.2026 at 10:09 AM IST,GRANULES,Healthcare,Drug Manufacturers - Specialty & Generic,840.3,46.21,0,33.65,E Avoid,32,39.0,20,0.15,58.92,9.02,Bearish,45.16,0.0,33.92,E Avoid,-0.27,1.05,0.0,No Major Change
07.10.2026 at 10:09 AM IST,BECTORFOOD,Consumer Defensive,Packaged Foods,211.5,40.12,0,32.05,E Avoid,28,37.0,30,0.05,28.55,24.01,Bearish,40.89,0.0,32.32,E Avoid,-0.27,-0.77,0.0,No Major Change
07.10.2026 at 10:09 AM IST,VIMTALABS,Healthcare,Diagnostics & Research,575.9,37.41,0,31.6,E Avoid,28,36.0,20,0.2,53.71,25.39,Bearish,38.16,0.0,31.87,E Avoid,-0.27,-0.75,0.0,No Major Change
07.10.2026 at 10:09 AM IST,VIYASH,Healthcare,Drug Manufacturers - Specialty & Generic,238.46,41.98,0,30.85,E Avoid,28,41.0,10,0.42,33.87,19.98,Bearish,35.52,0.0,31.12,E Avoid,-0.27,6.46,0.0,No Major Change
07.10.2026 at 10:09 AM IST,KNAGRI,Consumer Defensive,Farm Products,205.24,51.45,0,30.6,E Avoid,40,39.0,8,0.17,38.4,15.89,Bearish,51.27,0.0,30.87,E Avoid,-0.27,0.18,0.0,No Major Change
07.10.2026 at 10:09 AM IST,HATSUN,Consumer Defensive,Packaged Foods,1157.3,54.64,0,30.4,E Avoid,55,16.0,30,0.12,36.77,14.26,Bullish,53.56,0.0,30.67,E Avoid,-0.27,1.08,0.0,No Major Change
07.10.2026 at 10:09 AM IST,GPTHEALTH,Healthcare,Medical Care Facilities,147.32,31.11,0,30.3,E Avoid,23,43.0,10,0.12,29.26,15.82,Bearish,32.37,0.0,30.57,E Avoid,-0.27,-1.26,0.0,No Major Change
07.10.2026 at 10:09 AM IST,AGARWALEYE,Healthcare,Medical Instruments & Supplies,487.55,42.47,0,30.05,E Avoid,33,28.0,20,0.06,21.58,14.16,Bearish,41.92,0.0,30.32,E Avoid,-0.27,0.55,0.0,No Major Change
07.10.2026 at 10:09 AM IST,ANTHEM,Healthcare,Biotechnology,886.9,50.2,0,29.3,E Avoid,65,10.0,20,0.09,53.54,9.27,Bullish,51.16,0.0,29.57,E Avoid,-0.27,-0.96,0.0,No Major Change
07.10.2026 at 10:09 AM IST,TASTYBITE,Consumer Defensive,Packaged Foods,9425.0,39.34,0,28.9,E Avoid,28,28.0,30,0.02,46.74,10.61,Bearish,38.89,0.0,29.17,E Avoid,-0.27,0.45,0.0,No Major Change
07.10.2026 at 10:09 AM IST,HALEOSLABS,Healthcare,Biotechnology,1587.4,67.04,0,28.85,E Avoid,55,3.0,38,0.05,45.63,10.43,Bullish,67.09,0.0,29.12,E Avoid,-0.27,-0.05,0.0,No Major Change
07.10.2026 at 10:09 AM IST,POLYMED,Healthcare,Medical Instruments & Supplies,1638.1,40.49,0,28.4,E Avoid,28,34.0,10,0.06,38.87,21.62,Bearish,39.67,0.0,28.67,E Avoid,-0.27,0.82,0.0,No Major Change
07.10.2026 at 10:09 AM IST,COHANCE,Healthcare,Drug Manufacturers - Specialty & Generic,463.4,56.24,0,27.8,E Avoid,55,0.0,38,0.12,73.75,49.51,Bullish,53.63,0.0,28.07,E Avoid,-0.27,2.61,0.0,No Major Change
07.10.2026 at 10:09 AM IST,NIITLTD,Consumer Defensive,Education & Training Services,86.11,40.21,0,27.45,E Avoid,28,30.0,20,0.17,77.66,21.64,Bearish,42.05,0.0,27.72,E Avoid,-0.27,-1.84,0.0,No Major Change
07.10.2026 at 10:09 AM IST,SANOFI,Healthcare,Drug Manufacturers - General,3035.8,37.3,15,25.25,E Avoid,21,80.0,0,0.08,1.16,36.17,Bearish,39.54,15.0,25.52,E Avoid,-0.27,-2.24,0.0,No Major Change
07.10.2026 at 10:09 AM IST,ASPINWALL,Consumer Defensive,Farm Products,238.35,37.75,0,24.6,E Avoid,28,29.0,10,0.36,21.99,18.52,Bearish,37.75,0.0,24.87,E Avoid,-0.27,0.0,0.0,No Major Change
07.10.2026 at 10:09 AM IST,TORNTPHARM,Healthcare,Drug Manufacturers - Specialty & Generic,4720.2,37.98,0,24.0,E Avoid,23,24.0,10,0.07,36.82,10.09,Bearish,41.22,0.0,24.27,E Avoid,-0.27,-3.24,0.0,Fresh Weakness
07.10.2026 at 10:09 AM IST,KOVAI,Healthcare,Medical Care Facilities,5920.5,39.91,0,23.7,E Avoid,8,38.0,0,0.04,130.35,8.12,Bearish,40.83,0.0,23.97,E Avoid,-0.27,-0.92,0.0,Fresh Weakness
07.10.2026 at 10:09 AM IST,PPLPHARMA,Healthcare,Drug Manufacturers - Specialty & Generic,201.5,44.92,0,23.6,E Avoid,28,6.0,30,0.3,52.31,13.12,Bearish,43.73,0.0,23.87,E Avoid,-0.27,1.19,0.0,No Major Change
07.10.2026 at 10:09 AM IST,BLUEJET,Healthcare,Biotechnology,538.5,36.63,0,22.5,E Avoid,28,12.0,20,0.08,66.04,22.12,Bearish,36.41,0.0,22.77,E Avoid,-0.27,0.22,0.0,No Major Change
07.10.2026 at 10:09 AM IST,HIKAL,Healthcare,Drug Manufacturers - Specialty & Generic,224.0,52.13,0,21.85,E Avoid,55,0.0,10,0.08,53.42,13.95,Bullish,53.43,0.0,22.12,E Avoid,-0.27,-1.3,0.0,No Major Change
07.10.2026 at 10:09 AM IST,THEMISMED,Healthcare,Drug Manufacturers - Specialty & Generic,113.5,40.57,0,21.45,E Avoid,28,11.0,20,0.06,75.47,22.47,Bearish,40.55,0.0,21.72,E Avoid,-0.27,0.02,0.0,No Major Change
07.10.2026 at 10:09 AM IST,KWIL,Consumer Defensive,Packaged Foods,38.39,41.4,0,18.5,E Avoid,13,12.0,30,0.13,72.62,24.25,Bearish,40.9,0.0,18.77,E Avoid,-0.27,0.5,0.0,No Major Change
07.10.2026 at 10:09 AM IST,LINCOLN,Healthcare,Drug Manufacturers - Specialty & Generic,569.0,33.69,15,13.5,E Avoid,13,45.0,10,0.11,29.69,25.89,Bearish,39.76,15.0,13.77,E Avoid,-0.27,-6.07,0.0,No Major Change
07.10.2026 at 10:09 AM IST,SANOFICONR,Healthcare,Drug Manufacturers - General,3726.3,20.87,25,12.25,E Avoid,9,80.0,0,0.07,0.96,28.0,Bearish,21.29,25.0,12.52,E Avoid,-0.27,-0.42,0.0,No Major Change
07.10.2026 at 10:09 AM IST,NIITMTS,Consumer Defensive,Education & Training Services,204.82,39.89,15,11.95,E Avoid,18,50.0,0,0.05,10.71,53.22,Bearish,40.06,15.0,12.22,E Avoid,-0.27,-0.17,0.0,Fresh Weakness
07.10.2026 at 10:09 AM IST,INDRAMEDCO,Healthcare,Medical Care Facilities,334.9,33.36,15,10.55,E Avoid,21,42.0,0,0.17,1.24,47.16,Bearish,33.61,15.0,10.82,E Avoid,-0.27,-0.25,0.0,No Major Change
07.10.2026 at 10:09 AM IST,GILLETTE,Consumer Defensive,Household & Personal Products,7024.0,40.78,15,10.25,E Avoid,21,40.0,0,0.05,2.39,25.21,Bearish,42.93,15.0,10.52,E Avoid,-0.27,-2.15,0.0,No Major Change
07.10.2026 at 10:09 AM IST,ORKLAINDIA,Consumer Defensive,Packaged Foods,548.0,41.88,15,9.9,E Avoid,21,39.0,0,0.1,3.39,27.89,Bearish,40.17,15.0,10.17,E Avoid,-0.27,1.71,0.0,No Major Change
07.10.2026 at 10:09 AM IST,ALKEM,Healthcare,Drug Manufacturers - Specialty & Generic,5362.0,54.31,15,9.65,E Avoid,43,23.0,8,0.25,6.16,8.74,Bearish,50.77,15.0,9.92,E Avoid,-0.27,3.54,0.0,No Major Change
07.10.2026 at 10:09 AM IST,AMRUTANJAN,Healthcare,Drug Manufacturers - Specialty & Generic,521.8,64.07,15,9.5,E Avoid,48,19.0,8,0.21,9.51,30.74,Bullish,65.21,15.0,9.77,E Avoid,-0.27,-1.14,0.0,No Major Change
07.10.2026 at 10:09 AM IST,TATACONSUM,Consumer Defensive,Packaged Foods,970.15,41.04,15,9.2,E Avoid,21,41.0,0,0.08,2.66,23.73,Bearish,43.47,15.0,9.47,E Avoid,-0.27,-2.43,0.0,No Major Change
07.10.2026 at 10:09 AM IST,BBTC,Consumer Defensive,Packaged Foods,1285.5,28.21,15,8.3,E Avoid,9,43.0,0,0.06,0.27,39.21,Bearish,29.73,15.0,8.57,E Avoid,-0.27,-1.52,0.0,No Major Change
07.10.2026 at 10:09 AM IST,BRITANNIA,Consumer Defensive,Packaged Foods,4815.5,32.93,15,8.15,E Avoid,21,34.0,0,0.08,1.72,21.93,Bearish,40.84,15.0,8.42,E Avoid,-0.27,-7.91,0.0,Fresh Weakness
07.10.2026 at 10:09 AM IST,PICCADIL,Consumer Defensive,Beverages - Wineries & Distilleries,592.35,41.55,15,5.7,E Avoid,18,29.0,10,0.08,15.21,26.72,Bearish,42.34,15.0,5.97,E Avoid,-0.27,-0.79,0.0,No Major Change
07.10.2026 at 10:09 AM IST,SDBL,Consumer Defensive,Beverages - Brewers,73.5,51.97,15,5.35,E Avoid,45,0.0,18,0.04,18.93,45.96,Bullish,53.13,15.0,5.62,E Avoid,-0.27,-1.16,0.0,No Major Change
07.10.2026 at 10:09 AM IST,GOPAL,Consumer Defensive,Packaged Foods,255.95,43.64,15,5.0,E Avoid,21,29.0,0,0.11,3.53,29.53,Bearish,43.49,15.0,5.27,E Avoid,-0.27,0.15,0.0,No Major Change
07.10.2026 at 10:09 AM IST,GLOBUSSPR,Consumer Defensive,Beverages - Wineries & Distilleries,814.95,42.26,15,5.0,E Avoid,21,29.0,0,0.11,5.15,34.47,Bearish,41.35,15.0,5.27,E Avoid,-0.27,0.91,0.0,No Major Change
07.10.2026 at 10:09 AM IST,UNITDSPR,Consumer Defensive,Beverages - Wineries & Distilleries,1351.3,37.74,15,4.1,E Avoid,13,25.0,10,0.1,12.46,13.57,Bearish,38.46,15.0,4.37,E Avoid,-0.27,-0.72,0.0,No Major Change
07.10.2026 at 10:09 AM IST,COASTCORP,Consumer Defensive,Packaged Foods,36.74,42.06,15,3.25,E Avoid,21,27.0,0,0.14,6.44,44.55,Bearish,39.04,15.0,3.52,E Avoid,-0.27,3.02,0.0,No Major Change
07.10.2026 at 10:09 AM IST,BAJAJHCARE,Healthcare,Drug Manufacturers - Specialty & Generic,320.7,42.07,15,3.15,E Avoid,18,23.0,0,0.12,18.29,34.26,Bearish,44.12,15.0,3.42,E Avoid,-0.27,-2.05,0.0,No Major Change
07.10.2026 at 10:09 AM IST,UMESLTD,Consumer Defensive,Education & Training Services,4.44,41.97,15,2.85,E Avoid,18,26.0,0,0.02,18.09,37.82,Bearish,42.26,15.0,3.12,E Avoid,-0.27,-0.29,0.0,No Major Change
07.10.2026 at 10:09 AM IST,KRITINUT,Consumer Defensive,Packaged Foods,72.0,36.98,15,2.7,E Avoid,13,21.0,10,0.16,40.19,30.09,Bearish,38.53,15.0,2.97,E Avoid,-0.27,-1.55,0.0,No Major Change
07.10.2026 at 10:09 AM IST,FISCHER,Healthcare,Medical Devices,32.88,37.44,20,1.7,E Avoid,21,27.0,0,0.02,6.06,72.94,Bearish,39.78,20.0,1.97,E Avoid,-0.27,-2.34,0.0,No Major Change
07.10.2026 at 10:09 AM IST,JYOTHYLAB,Consumer Defensive,Household & Personal Products,185.53,37.99,15,1.5,E Avoid,21,19.0,0,0.3,3.07,41.9,Bearish,33.09,15.0,1.77,E Avoid,-0.27,4.9,0.0,No Major Change
07.10.2026 at 10:09 AM IST,ONESOURCE,Healthcare,Biotechnology,1533.7,45.2,15,1.2,E Avoid,17,14.0,10,0.04,45.1,20.33,Bearish,45.57,15.0,1.47,E Avoid,-0.27,-0.37,0.0,No Major Change
07.10.2026 at 10:09 AM IST,DODLA,Consumer Defensive,Food Distribution,1017.4,38.34,15,1.15,E Avoid,21,18.0,0,0.09,5.99,25.8,Bearish,39.34,15.0,1.42,E Avoid,-0.27,-1.0,0.0,No Major Change
07.10.2026 at 10:09 AM IST,BIOFILCHEM,Healthcare,Drug Manufacturers - Specialty & Generic,30.0,37.17,15,1.05,E Avoid,18,18.0,0,0.03,17.19,35.26,Bearish,38.04,15.0,1.32,E Avoid,-0.27,-0.87,0.0,No Major Change
07.10.2026 at 10:09 AM IST,FOSECOIND,Basic Materials,Chemicals,6388.0,54.4,0,63.67,B Watchlist,55,79.0,58,0.03,49.3,13.55,Bullish,56.23,0.0,63.97,B Watchlist,-0.3,-1.83,0.0,No Major Change
07.10.2026 at 10:09 AM IST,VSSL,Basic Materials,Steel,387.3,51.4,0,50.42,C Neutral,65,39.0,58,0.03,89.5,9.56,Bullish,52.77,0.0,50.72,C Neutral,-0.3,-1.37,0.0,No Major Change
07.10.2026 at 10:09 AM IST,SAMBHV,Basic Materials,Steel,160.48,63.22,0,50.22,C Neutral,60,39.0,65,0.07,97.1,6.53,Bullish,65.42,0.0,50.52,C Neutral,-0.3,-2.2,0.0,No Major Change
07.10.2026 at 10:09 AM IST,CHEMCON,Basic Materials,Specialty Chemicals,219.03,56.65,0,49.62,C Neutral,55,46.0,48,0.13,81.02,20.88,Bullish,55.06,0.0,49.92,C Neutral,-0.3,1.59,0.0,No Major Change
07.10.2026 at 10:09 AM IST,NAVINFLUOR,Basic Materials,Chemicals,8549.5,56.18,0,48.67,C Neutral,65,49.0,30,0.15,89.54,4.47,Bullish,55.0,0.0,48.97,C Neutral,-0.3,1.18,0.0,No Major Change
07.10.2026 at 10:09 AM IST,VIDHIING,Basic Materials,Specialty Chemicals,352.5,53.89,0,48.02,C Neutral,60,45.0,38,0.01,36.31,9.11,Bullish,53.76,0.0,48.32,C Neutral,-0.3,0.13,0.0,No Major Change
07.10.2026 at 10:09 AM IST,STEELCAS,Basic Materials,Steel,375.75,62.46,0,47.27,C Neutral,65,29.0,65,0.23,114.54,3.88,Bullish,60.51,0.0,47.57,C Neutral,-0.3,1.95,0.0,No Major Change
07.10.2026 at 10:09 AM IST,CHEMBOND,Basic Materials,Specialty Chemicals,192.87,53.94,0,47.17,C Neutral,55,43.0,48,0.03,85.4,18.55,Bullish,53.27,0.0,47.47,C Neutral,-0.3,0.67,0.0,No Major Change
07.10.2026 at 10:09 AM IST,ARVEE,Basic Materials,Specialty Chemicals,217.4,56.73,0,46.12,C Neutral,55,35.0,55,0.03,68.38,25.24,Bullish,56.56,0.0,46.42,C Neutral,-0.3,0.17,0.0,No Major Change
07.10.2026 at 10:09 AM IST,NRAIL,Basic Materials,Paper & Paper Products,655.0,60.23,0,46.02,C Neutral,60,29.0,65,0.14,70.79,7.28,Bullish,61.2,0.0,46.32,C Neutral,-0.3,-0.97,0.0,No Major Change
07.10.2026 at 10:09 AM IST,SHIVALIK,Basic Materials,Agricultural Inputs,381.5,54.74,0,44.77,D Weak,55,29.0,65,0.04,85.08,18.89,Bullish,56.01,0.0,45.07,C Neutral,-0.3,-1.27,0.0,Band Changed: C Neutral → D Weak
07.10.2026 at 10:09 AM IST,MMP,Basic Materials,Aluminum,480.0,62.15,0,44.47,D Weak,65,17.0,65,0.24,160.5,3.61,Bullish,62.27,0.0,44.77,D Weak,-0.3,-0.12,0.0,No Major Change
07.10.2026 at 10:09 AM IST,SPLPETRO,Basic Materials,Specialty Chemicals,815.45,52.68,0,43.37,D Weak,65,41.0,20,0.09,78.33,9.29,Bullish,53.58,0.0,43.67,D Weak,-0.3,-0.9,0.0,No Major Change
07.10.2026 at 10:09 AM IST,GULFOILLUB,Basic Materials,Specialty Chemicals,1091.1,51.17,0,43.02,D Weak,40,49.0,38,0.09,29.63,11.43,Bearish,50.37,0.0,43.32,D Weak,-0.3,0.8,0.0,No Major Change
07.10.2026 at 10:09 AM IST,ARFIN,Basic Materials,Aluminum,100.45,68.31,0,41.47,D Weak,80,21.0,38,2.83,109.94,5.29,Bullish,64.01,0.0,41.77,D Weak,-0.3,4.3,0.0,No Major Change
07.10.2026 at 10:09 AM IST,RAIN,Basic Materials,Specialty Chemicals,215.3,53.6,0,41.27,D Weak,55,42.0,30,0.17,116.53,14.16,Bullish,51.05,0.0,41.57,D Weak,-0.3,2.55,0.0,No Major Change
07.10.2026 at 10:09 AM IST,MBAPL,Basic Materials,Agricultural Inputs,165.98,53.37,0,40.97,D Weak,65,18.0,58,0.03,116.99,5.12,Bullish,54.55,0.0,41.27,D Weak,-0.3,-1.18,0.0,No Major Change
07.10.2026 at 10:09 AM IST,SUNFLAG,Basic Materials,Steel,459.3,73.87,0,40.87,D Weak,52,16.0,65,0.1,139.73,2.48,Bullish,73.83,0.0,41.17,D Weak,-0.3,0.04,0.0,No Major Change
07.10.2026 at 10:09 AM IST,MAHSEAMLES,Basic Materials,Steel,688.55,49.72,0,40.22,D Weak,47,39.0,38,0.26,39.62,10.35,Bullish,48.68,0.0,40.52,D Weak,-0.3,1.04,0.0,No Major Change
07.10.2026 at 10:09 AM IST,ADVANCE,Basic Materials,Agricultural Inputs,117.66,51.13,0,39.52,D Weak,40,42.0,38,0.06,39.9,23.6,Bearish,51.28,0.0,39.82,D Weak,-0.3,-0.15,0.0,No Major Change
07.10.2026 at 10:09 AM IST,SHREEPUSHK,Basic Materials,Specialty Chemicals,512.05,62.19,0,37.47,D Weak,65,25.0,30,0.17,88.72,5.69,Bullish,61.58,0.0,37.77,D Weak,-0.3,0.61,0.0,No Major Change
07.10.2026 at 10:09 AM IST,OAL,Basic Materials,Specialty Chemicals,509.7,51.65,0,36.92,D Weak,50,23.0,40,0.04,123.85,10.58,Bullish,52.17,0.0,37.22,D Weak,-0.3,-0.52,0.0,No Major Change
07.10.2026 at 10:09 AM IST,INDIGOPNTS,Basic Materials,Specialty Chemicals,1065.7,42.44,0,35.57,D Weak,28,42.0,30,0.11,51.15,20.48,Bearish,41.64,0.0,35.87,D Weak,-0.3,0.8,0.0,No Major Change
07.10.2026 at 10:09 AM IST,SHYAMMETL,Basic Materials,Steel,1052.2,47.51,0,35.02,D Weak,47,35.0,20,0.3,41.67,8.34,Bullish,48.0,0.0,35.32,D Weak,-0.3,-0.49,0.0,No Major Change
07.10.2026 at 10:09 AM IST,TINNARUBR,Basic Materials,Specialty Chemicals,938.3,37.02,0,34.87,E Avoid,28,36.0,30,0.11,78.47,28.8,Bearish,40.35,0.0,35.17,D Weak,-0.3,-3.33,0.0,"Fresh Weakness, Band Changed: D Weak → E Avoid"
07.10.2026 at 10:09 AM IST,ANDHRAPAP,Basic Materials,Paper & Paper Products,70.39,51.74,0,33.37,E Avoid,60,25.0,20,0.04,22.35,15.26,Bullish,52.0,0.0,33.67,E Avoid,-0.3,-0.26,0.0,No Major Change
07.10.2026 at 10:09 AM IST,ORIENTCER,Basic Materials,Specialty Chemicals,44.12,45.13,0,32.92,E Avoid,47,32.0,20,0.13,30.79,21.49,Bullish,45.23,0.0,33.22,E Avoid,-0.3,-0.1,0.0,No Major Change
07.10.2026 at 10:09 AM IST,PDMJEPAPER,Basic Materials,Paper & Paper Products,96.7,52.31,0,32.82,E Avoid,55,27.0,20,0.06,49.76,22.73,Bullish,51.18,0.0,33.12,E Avoid,-0.3,1.13,0.0,No Major Change
07.10.2026 at 10:09 AM IST,GOODLUCK,Basic Materials,Steel,489.45,44.01,0,32.27,E Avoid,43,30.0,20,0.07,60.77,12.02,Bullish,44.86,0.0,32.57,E Avoid,-0.3,-0.85,0.0,No Major Change
07.10.2026 at 10:09 AM IST,GRAUWEIL,Basic Materials,Specialty Chemicals,82.14,56.36,0,32.22,E Avoid,35,31.0,25,0.08,33.21,28.45,Bullish,56.83,0.0,32.52,E Avoid,-0.3,-0.47,0.0,No Major Change
07.10.2026 at 10:09 AM IST,ARCHIDPLY,Basic Materials,Lumber & Wood Production,101.5,48.23,0,31.37,E Avoid,42,25.0,30,0.08,69.17,18.66,Bullish,48.59,0.0,31.67,E Avoid,-0.3,-0.36,0.0,No Major Change
07.10.2026 at 10:09 AM IST,JAYAGROGN,Basic Materials,Specialty Chemicals,217.5,42.82,0,31.32,E Avoid,28,37.0,20,0.03,50.04,17.92,Bearish,44.1,0.0,31.62,E Avoid,-0.3,-1.28,0.0,No Major Change
07.10.2026 at 10:09 AM IST,CMRGREEN,Basic Materials,Aluminum,228.39,55.22,0,30.52,E Avoid,45,31.0,18,0.16,11.27,15.08,Bullish,53.7,0.0,30.82,E Avoid,-0.3,1.52,0.0,No Major Change
07.10.2026 at 10:09 AM IST,JOCIL,Basic Materials,Specialty Chemicals,149.79,54.35,0,30.42,E Avoid,55,15.0,30,0.02,68.0,13.91,Bullish,52.37,0.0,30.72,E Avoid,-0.3,1.98,0.0,No Major Change
07.10.2026 at 10:09 AM IST,VITAL,Basic Materials,Specialty Chemicals,53.11,48.47,0,28.62,E Avoid,47,30.0,0,0.04,50.03,23.47,Bullish,48.67,0.0,28.92,E Avoid,-0.3,-0.2,0.0,No Major Change
07.10.2026 at 10:09 AM IST,GOACARBON,Basic Materials,Specialty Chemicals,418.0,60.73,0,27.17,E Avoid,55,0.0,38,0.02,53.2,15.54,Bullish,59.52,0.0,27.47,E Avoid,-0.3,1.21,0.0,Fresh Momentum
07.10.2026 at 10:09 AM IST,BANSALWIRE,Basic Materials,Steel,323.45,55.69,0,26.72,E Avoid,55,14.0,18,0.38,45.37,12.58,Bullish,57.73,0.0,27.02,E Avoid,-0.3,-2.04,0.0,No Major Change
07.10.2026 at 10:09 AM IST,KOTHARIPET,Basic Materials,Specialty Chemicals,127.0,40.63,0,25.32,E Avoid,28,31.0,10,0.09,35.0,18.31,Bearish,41.57,0.0,25.62,E Avoid,-0.3,-0.94,0.0,No Major Change
07.10.2026 at 10:09 AM IST,JUBLCPL,Basic Materials,Specialty Chemicals,2014.6,42.47,0,24.77,E Avoid,23,29.0,10,0.18,37.99,26.82,Bearish,41.74,0.0,25.07,E Avoid,-0.3,0.73,0.0,No Major Change
07.10.2026 at 10:09 AM IST,SANSTAR,Basic Materials,Chemicals,103.78,37.29,0,23.72,E Avoid,23,26.0,10,0.12,39.68,24.52,Bearish,37.83,0.0,24.02,E Avoid,-0.3,-0.54,0.0,No Major Change
07.10.2026 at 10:09 AM IST,XPROINDIA,Basic Materials,Specialty Chemicals,1130.0,37.87,0,23.02,E Avoid,23,24.0,10,0.09,43.59,28.15,Bearish,38.62,0.0,23.32,E Avoid,-0.3,-0.75,0.0,No Major Change
07.10.2026 at 10:09 AM IST,RATNAMANI,Basic Materials,Steel,2596.9,43.76,0,22.42,E Avoid,43,14.0,10,0.24,34.7,22.02,Bullish,44.07,0.0,22.72,E Avoid,-0.3,-0.31,0.0,No Major Change
07.10.2026 at 10:09 AM IST,VINEETLAB,Basic Materials,Chemicals,36.69,50.93,0,21.52,E Avoid,35,7.0,20,0.02,31.22,26.61,Bearish,50.1,0.0,21.82,E Avoid,-0.3,0.83,0.0,No Major Change
07.10.2026 at 10:09 AM IST,GSPCROP,Basic Materials,Agricultural Inputs,481.1,40.6,0,21.32,E Avoid,13,17.0,30,0.06,46.99,27.82,Bearish,38.76,0.0,21.62,E Avoid,-0.3,1.84,0.0,No Major Change
07.10.2026 at 10:09 AM IST,MANGLMCEM,Basic Materials,Building Materials,990.35,44.01,0,20.27,E Avoid,23,12.0,20,0.15,46.02,11.58,Bearish,43.44,0.0,20.57,E Avoid,-0.3,0.57,0.0,No Major Change
07.10.2026 at 10:09 AM IST,WIPL,Basic Materials,Lumber & Wood Production,162.69,47.06,0,16.37,E Avoid,37,0.0,10,0.09,22.98,15.28,Bearish,45.37,0.0,16.67,E Avoid,-0.3,1.69,0.0,No Major Change
07.10.2026 at 10:09 AM IST,RUDRA,Basic Materials,Steel,17.76,33.57,0,15.27,E Avoid,13,16.0,10,0.03,21.39,40.2,Bearish,33.89,0.0,15.57,E Avoid,-0.3,-0.32,0.0,No Major Change
07.10.2026 at 10:09 AM IST,KCP,Basic Materials,Building Materials,154.99,41.96,15,14.97,E Avoid,13,51.0,10,0.18,24.78,24.94,Bearish,41.13,15.0,15.27,E Avoid,-0.3,0.83,0.0,No Major Change
07.10.2026 at 10:09 AM IST,VOGL,Basic Materials,Other Industrial Metals & Mining,31.07,32.11,0,13.72,E Avoid,21,13.0,0,0.13,2.14,34.73,Bearish,34.25,0.0,14.02,E Avoid,-0.3,-2.14,0.0,No Major Change
07.10.2026 at 10:09 AM IST,SIRCA,Basic Materials,Specialty Chemicals,408.4,43.64,15,13.12,E Avoid,21,36.0,10,0.06,6.6,23.86,Bearish,41.58,15.0,13.42,E Avoid,-0.3,2.06,0.0,No Major Change
07.10.2026 at 10:09 AM IST,IMFA,Basic Materials,Other Industrial Metals & Mining,1176.2,32.54,15,13.02,E Avoid,18,52.0,0,0.1,11.25,29.6,Bearish,36.37,15.0,13.32,E Avoid,-0.3,-3.83,0.0,No Major Change
07.10.2026 at 10:09 AM IST,BHARATCOAL,Basic Materials,Coking Coal,31.92,40.71,0,10.92,E Avoid,21,1.0,0,0.14,7.33,29.21,Bearish,42.2,0.0,11.22,E Avoid,-0.3,-1.49,0.0,No Major Change
07.10.2026 at 10:09 AM IST,SARDAEN,Basic Materials,Steel,500.9,47.76,15,9.32,E Avoid,17,33.0,10,0.07,10.97,19.42,Bearish,47.63,15.0,9.62,E Avoid,-0.3,0.13,0.0,No Major Change
07.10.2026 at 10:09 AM IST,ULTRACEMCO,Basic Materials,Building Materials,10641.0,37.87,15,8.67,E Avoid,16,38.0,0,0.08,5.16,17.18,Bearish,40.42,15.0,8.97,E Avoid,-0.3,-2.55,0.0,Fresh Weakness
07.10.2026 at 10:09 AM IST,VRAJ,Basic Materials,Steel,121.48,42.44,15,8.47,E Avoid,8,39.0,10,0.09,30.62,21.03,Bearish,42.7,15.0,8.77,E Avoid,-0.3,-0.26,0.0,No Major Change
07.10.2026 at 10:09 AM IST,POCL,Basic Materials,Specialty Chemicals,439.65,36.75,15,8.12,E Avoid,18,35.0,0,0.1,12.59,31.81,Bearish,40.96,15.0,8.42,E Avoid,-0.3,-4.21,0.0,Fresh Weakness
07.10.2026 at 10:09 AM IST,ANURAS,Basic Materials,Specialty Chemicals,1166.0,39.19,15,7.77,E Avoid,18,30.0,0,0.01,11.41,17.49,Bearish,40.94,15.0,8.07,E Avoid,-0.3,-1.75,0.0,Fresh Weakness
07.10.2026 at 10:09 AM IST,HINDALCO,Basic Materials,Aluminum,920.35,30.68,15,7.22,E Avoid,13,37.0,0,0.19,22.63,21.33,Bearish,35.66,15.0,7.52,E Avoid,-0.3,-4.98,0.0,No Major Change
07.10.2026 at 10:09 AM IST,SRD,Basic Materials,Specialty Chemicals,38.0,41.88,15,7.12,E Avoid,21,34.0,0,0.07,5.69,49.8,Bearish,44.13,15.0,7.42,E Avoid,-0.3,-2.25,0.0,No Major Change
07.10.2026 at 10:09 AM IST,GRASIM,Basic Materials,Building Materials,2938.5,27.35,15,5.57,E Avoid,9,31.0,10,0.04,17.79,13.85,Bearish,29.08,15.0,5.87,E Avoid,-0.3,-1.73,0.0,No Major Change
07.10.2026 at 10:09 AM IST,BMWVENTLTD,Basic Materials,Steel,50.29,35.05,15,5.37,E Avoid,21,26.0,0,0.08,4.77,29.6,Bearish,35.62,15.0,5.67,E Avoid,-0.3,-0.57,0.0,No Major Change
07.10.2026 at 10:09 AM IST,MSPL,Basic Materials,Steel,32.15,40.53,15,4.97,E Avoid,18,29.0,0,0.06,22.48,30.29,Bearish,41.77,15.0,5.27,E Avoid,-0.3,-1.24,0.0,No Major Change
07.10.2026 at 10:09 AM IST,PUNJABCHEM,Basic Materials,Chemicals,1040.5,40.94,15,4.67,E Avoid,18,22.0,10,0.16,19.0,31.99,Bearish,40.43,15.0,4.97,E Avoid,-0.3,0.51,0.0,No Major Change
07.10.2026 at 10:09 AM IST,CENTEXT,Basic Materials,Aluminum,17.99,35.1,15,4.07,E Avoid,13,34.0,0,0.07,14.81,48.23,Bearish,34.33,15.0,4.37,E Avoid,-0.3,0.77,0.0,No Major Change
07.10.2026 at 10:09 AM IST,RCF,Basic Materials,Agricultural Inputs,107.53,39.51,15,3.97,E Avoid,21,28.0,0,0.14,2.7,30.22,Bearish,44.43,15.0,4.27,E Avoid,-0.3,-4.92,0.0,Fresh Weakness
07.10.2026 at 10:09 AM IST,NATHBIOGEN,Basic Materials,Agricultural Inputs,138.97,36.94,15,3.92,E Avoid,18,26.0,0,0.09,11.63,30.97,Bearish,35.61,15.0,4.22,E Avoid,-0.3,1.33,0.0,No Major Change
07.10.2026 at 10:09 AM IST,STARCEMENT,Basic Materials,Building Materials,176.09,32.6,15,3.62,E Avoid,21,23.0,0,0.11,0.85,35.2,Bearish,33.23,15.0,3.92,E Avoid,-0.3,-0.63,0.0,No Major Change
07.10.2026 at 10:09 AM IST,NAVKARURB,Basic Materials,Building Materials,0.86,43.78,20,3.52,E Avoid,18,29.0,10,0.03,23.6,66.46,Bearish,41.05,20.0,3.82,E Avoid,-0.3,2.73,0.0,No Major Change
07.10.2026 at 10:09 AM IST,GOYALALUM,Basic Materials,Aluminum,5.95,43.45,15,3.37,E Avoid,13,28.0,0,0.07,12.26,47.67,Bearish,41.45,15.0,3.67,E Avoid,-0.3,2.0,0.0,No Major Change
07.10.2026 at 10:09 AM IST,SAMPANN,Basic Materials,Specialty Chemicals,24.05,43.09,15,3.27,E Avoid,21,22.0,0,0.04,4.25,44.64,Bearish,42.29,15.0,3.57,E Avoid,-0.3,0.8,0.0,No Major Change
07.10.2026 at 10:09 AM IST,ISHANCH,Basic Materials,Chemicals,47.9,50.11,15,3.22,E Avoid,45,0.0,8,0.02,14.84,42.55,Bullish,50.2,15.0,3.52,E Avoid,-0.3,-0.09,0.0,No Major Change
07.10.2026 at 10:09 AM IST,SUNDARAM,Basic Materials,Paper & Paper Products,1.09,30.15,15,3.07,E Avoid,16,25.0,0,0.16,6.86,50.45,Bearish,30.15,15.0,3.37,E Avoid,-0.3,0.0,0.0,No Major Change
07.10.2026 at 10:09 AM IST,IPL,Basic Materials,Agricultural Inputs,132.14,43.56,15,1.87,E Avoid,21,20.0,0,0.02,6.28,37.23,Bearish,44.66,15.0,2.17,E Avoid,-0.3,-1.1,0.0,No Major Change
07.10.2026 at 10:09 AM IST,MANAKALUCO,Basic Materials,Aluminum,33.0,32.45,15,1.82,E Avoid,8,22.0,10,0.22,52.07,51.49,Bearish,33.4,15.0,2.12,E Avoid,-0.3,-0.95,0.0,No Major Change
07.10.2026 at 10:09 AM IST,DALBHARAT,Basic Materials,Building Materials,1690.5,43.21,15,1.52,E Avoid,21,17.0,0,0.03,5.64,26.78,Bearish,41.64,15.0,1.82,E Avoid,-0.3,1.57,0.0,No Major Change
07.10.2026 at 10:09 AM IST,INCREDIBLE,Basic Materials,Steel,31.03,42.67,15,1.27,E Avoid,13,22.0,0,0.19,10.43,36.48,Bearish,44.46,15.0,1.57,E Avoid,-0.3,-1.79,0.0,No Major Change
07.10.2026 at 10:09 AM IST,SHAH,Basic Materials,Steel,3.08,35.44,15,1.12,E Avoid,18,22.0,0,0.02,20.31,47.62,Bearish,36.08,15.0,1.42,E Avoid,-0.3,-0.64,0.0,No Major Change
07.10.2026 at 10:09 AM IST,RUCHIRA,Basic Materials,Paper & Paper Products,103.3,47.13,15,0.92,E Avoid,17,13.0,10,0.04,11.09,26.8,Bearish,45.83,15.0,1.22,E Avoid,-0.3,1.3,0.0,No Major Change
07.10.2026 at 10:09 AM IST,JKLAKSHMI,Basic Materials,Building Materials,476.3,32.4,15,0.82,E Avoid,21,15.0,0,0.12,2.43,45.56,Bearish,34.01,15.0,1.12,E Avoid,-0.3,-1.61,0.0,No Major Change
07.10.2026 at 10:09 AM IST,DECCANCE,Basic Materials,Building Materials,554.0,46.44,15,0.77,E Avoid,25,16.0,0,0.04,5.62,49.5,Bearish,48.16,15.0,1.07,E Avoid,-0.3,-1.72,0.0,No Major Change
07.10.2026 at 10:09 AM IST,NCLIND,Basic Materials,Building Materials,168.22,37.91,15,0.77,E Avoid,18,17.0,0,0.6,15.34,20.16,Bearish,34.11,15.0,1.07,E Avoid,-0.3,3.8,0.0,No Major Change
07.10.2026 at 10:09 AM IST,COROMANDEL,Basic Materials,Agricultural Inputs,1748.8,30.82,15,0.62,E Avoid,16,18.0,0,0.13,2.81,29.68,Bearish,33.98,15.0,0.92,E Avoid,-0.3,-3.16,0.0,No Major Change
07.10.2026 at 10:09 AM IST,MANORG,Basic Materials,Specialty Chemicals,441.0,40.18,15,0.12,E Avoid,18,12.0,10,0.06,23.79,30.55,Bearish,37.37,15.0,0.42,E Avoid,-0.3,2.81,0.0,No Major Change
07.10.2026 at 10:09 AM IST,RUPA,Consumer Cyclical,Apparel Manufacturing,129.33,30.9,15,8.09,E Avoid,18,39.0,0,0.23,21.01,35.85,Bearish,29.82,15.0,8.42,E Avoid,-0.33,1.08,0.0,No Major Change
07.10.2026 at 10:09 AM IST,GTL,Communication Services,Telecom Services,7.04,49.26,15,0.64,E Avoid,17,24.0,0,0.3,43.38,26.36,Bearish,41.69,15.0,0.97,E Avoid,-0.33,7.57,0.0,No Major Change
07.10.2026 at 10:09 AM IST,ADANIGREEN,Utilities,Utilities - Renewable,1355.6,59.96,0,27.96,E Avoid,65,17.0,18,1.62,77.2,16.91,Bullish,53.71,0.0,28.3,E Avoid,-0.34,6.25,0.0,No Major Change
07.10.2026 at 10:09 AM IST,JPPOWER,Utilities,Utilities - Independent Power Producers,14.99,34.79,15,5.81,E Avoid,18,39.0,0,0.21,13.99,38.82,Bearish,35.01,15.0,6.15,E Avoid,-0.34,-0.22,0.0,No Major Change
07.10.2026 at 10:09 AM IST,NTPC,Utilities,Utilities - Regulated Electric,319.7,40.5,15,3.56,E Avoid,16,31.0,0,0.05,3.18,22.02,Bearish,41.95,15.0,3.9,E Avoid,-0.34,-1.45,0.0,No Major Change
07.10.2026 at 10:09 AM IST,GODREJPROP,Real Estate,Real Estate - Development,1592.5,26.31,15,0.0,E Avoid,9,20.0,0,0.07,11.59,31.96,Bearish,27.65,15.0,0.35,E Avoid,-0.35,-1.34,0.0,No Major Change
07.10.2026 at 10:09 AM IST,TRIVENI,Consumer Defensive,Confectioners,246.35,45.31,15,0.0,E Avoid,22,11.0,0,0.39,12.45,49.51,Bearish,42.15,15.0,0.37,E Avoid,-0.37,3.16,0.0,No Major Change
07.10.2026 at 10:09 AM IST,NITIRAJ,Technology,Scientific & Technical Instruments,212.99,46.86,0,22.21,E Avoid,32,23.0,10,0.01,26.78,11.62,Bearish,36.53,0.0,22.63,E Avoid,-0.42,10.33,0.0,No Major Change
07.10.2026 at 10:09 AM IST,BIGBLOC,Industrials,Building Products & Equipment,37.3,31.85,15,0.0,E Avoid,16,12.0,0,0.43,1.36,53.38,Bearish,31.57,15.0,0.42,E Avoid,-0.42,0.28,0.0,No Major Change
07.10.2026 at 10:09 AM IST,LINC,Industrials,Business Equipment & Supplies,86.79,33.5,15,0.0,E Avoid,16,14.0,0,0.29,3.68,33.92,Bearish,37.73,15.0,0.42,E Avoid,-0.42,-4.23,0.0,No Major Change
07.10.2026 at 10:09 AM IST,BIRLANU,Industrials,Building Products & Equipment,1399.0,45.33,15,0.0,E Avoid,22,2.0,10,0.06,18.85,29.25,Bearish,47.03,15.0,0.42,E Avoid,-0.42,-1.7,0.0,No Major Change
07.10.2026 at 10:09 AM IST,NOVAAGRI,Basic Materials,Agricultural Inputs,22.7,45.88,15,4.02,E Avoid,17,27.0,0,0.04,25.28,56.34,Bearish,44.35,15.0,4.57,E Avoid,-0.55,1.53,0.0,No Major Change
07.10.2026 at 10:09 AM IST,EUROPRATIK,Basic Materials,Building Materials,177.32,11.97,25,0.0,E Avoid,9,44.0,0,0.16,0.18,54.49,Bearish,12.45,25.0,0.57,E Avoid,-0.57,-0.48,0.0,No Major Change
07.10.2026 at 10:09 AM IST,SHREYANIND,Basic Materials,Paper & Paper Products,129.0,48.71,15,0.0,E Avoid,20,9.0,0,0.05,6.88,43.87,Bearish,48.59,15.0,0.57,E Avoid,-0.57,0.12,0.0,No Major Change
07.10.2026 at 10:09 AM IST,DGCONTENT,Communication Services,Internet Content & Information,24.25,47.97,15,0.0,E Avoid,17,0.0,18,0.02,12.22,38.72,Bearish,51.5,15.0,0.57,E Avoid,-0.57,-3.53,0.0,No Major Change
07.10.2026 at 10:09 AM IST,DELTACORP,Consumer Cyclical,Resorts & Casinos,83.23,69.25,0,39.34,D Weak,60,6.0,65,0.22,73.75,6.06,Bullish,71.28,0.0,39.92,D Weak,-0.58,-2.03,0.0,No Major Change
07.10.2026 at 10:09 AM IST,PRAENG,Real Estate,Real Estate - Development,20.2,43.39,15,0.0,E Avoid,18,0.0,10,0.07,18.82,40.38,Bearish,40.43,15.0,0.6,E Avoid,-0.6,2.96,0.0,No Major Change
07.10.2026 at 10:09 AM IST,GREENPOWER,Utilities,Utilities - Independent Power Producers,8.69,31.19,15,0.0,E Avoid,16,21.0,0,0.12,8.9,41.8,Bearish,32.73,15.0,0.6,E Avoid,-0.6,-1.54,0.0,No Major Change
07.10.2026 at 10:09 AM IST,DCAL,Healthcare,Biotechnology,152.3,32.32,15,0.0,E Avoid,13,18.0,0,0.2,18.52,50.23,Bearish,33.08,15.0,0.62,E Avoid,-0.62,-0.76,0.0,No Major Change
07.10.2026 at 10:09 AM IST,GROWW,Financial Services,Capital Markets,194.16,56.58,0,36.52,D Weak,55,49.0,8,0.27,73.36,14.54,Bullish,55.36,0.0,37.15,D Weak,-0.63,1.22,0.0,No Major Change
07.10.2026 at 10:09 AM IST,SYNGENE,Healthcare,Diagnostics & Research,358.45,33.08,15,0.0,E Avoid,16,13.0,0,0.17,1.46,47.06,Bearish,35.93,15.0,0.67,E Avoid,-0.67,-2.85,0.0,No Major Change
07.10.2026 at 10:09 AM IST,AMBICAAGAR,Consumer Defensive,Household & Personal Products,24.11,41.98,15,0.0,E Avoid,18,11.0,10,0.28,20.55,18.77,Bearish,45.64,15.0,0.67,E Avoid,-0.67,-3.66,0.0,No Major Change
07.10.2026 at 10:09 AM IST,EUROTEXIND,Real Estate,Real Estate - Development,16.0,69.19,0,27.02,E Avoid,50,0.0,45,0.78,44.53,32.77,Bullish,72.77,0.0,27.7,E Avoid,-0.68,-3.58,0.0,No Major Change
07.10.2026 at 10:09 AM IST,AKG,Industrials,Industrial Distribution,9.34,40.84,15,0.0,E Avoid,13,17.0,0,0.15,15.88,38.02,Bearish,41.74,15.0,0.72,E Avoid,-0.72,-0.9,0.0,No Major Change
07.10.2026 at 10:09 AM IST,ORIENTALTL,Industrials,Building Products & Equipment,4.81,34.82,15,13.64,E Avoid,16,47.0,0,0.07,9.32,55.63,Bearish,39.95,15.0,14.37,E Avoid,-0.73,-5.13,0.0,No Major Change
07.10.2026 at 10:09 AM IST,SWARAJENG,Industrials,Farm & Heavy Construction Machinery,3533.9,43.02,15,11.04,E Avoid,21,40.0,0,0.53,9.99,18.17,Bearish,43.98,15.0,11.77,E Avoid,-0.73,-0.96,0.0,No Major Change
07.10.2026 at 10:09 AM IST,SENORES,Healthcare,Drug Manufacturers - General,1403.2,50.21,0,39.15,D Weak,40,45.0,20,0.26,100.24,12.25,Bearish,48.2,0.0,39.92,D Weak,-0.77,2.01,0.0,No Major Change
07.10.2026 at 10:09 AM IST,UPL,Basic Materials,Agricultural Inputs,503.65,27.99,15,0.0,E Avoid,9,21.0,0,0.08,1.53,37.39,Bearish,29.68,15.0,0.77,E Avoid,-0.77,-1.69,0.0,No Major Change
07.10.2026 at 10:09 AM IST,KRITIKA,Basic Materials,Steel,4.98,38.92,15,0.0,E Avoid,18,14.0,0,0.09,10.67,47.85,Bearish,36.76,15.0,0.77,E Avoid,-0.77,2.16,0.0,No Major Change
07.10.2026 at 10:09 AM IST,BEDMUTHA,Basic Materials,Steel,108.0,51.04,15,3.42,E Avoid,30,20.0,0,0.02,14.23,25.0,Bearish,47.79,15.0,4.22,E Avoid,-0.8,3.25,0.0,No Major Change
07.10.2026 at 10:09 AM IST,NIPPOBATRY,Industrials,Electrical Equipment & Parts,317.95,46.74,15,0.0,E Avoid,12,14.0,0,0.08,25.18,31.4,Bearish,48.07,15.0,0.82,E Avoid,-0.82,-1.33,0.0,No Major Change
07.10.2026 at 10:09 AM IST,WEL,Consumer Cyclical,"Furnishings, Fixtures & Appliances",75.38,41.46,15,3.43,E Avoid,18,19.0,8,0.16,10.84,58.9,Bearish,40.31,15.0,4.27,E Avoid,-0.84,1.15,0.0,No Major Change
07.10.2026 at 10:09 AM IST,HLVLTD,Consumer Cyclical,Lodging,6.24,39.63,15,3.18,E Avoid,18,21.0,0,0.24,11.43,46.89,Bearish,36.05,15.0,4.02,E Avoid,-0.84,3.58,0.0,No Major Change
07.10.2026 at 10:09 AM IST,NLCINDIA,Utilities,Utilities - Regulated Electric,252.0,34.68,15,0.0,E Avoid,13,24.0,0,0.15,11.23,34.96,Bearish,38.74,15.0,0.9,E Avoid,-0.9,-4.06,0.0,No Major Change
07.10.2026 at 10:09 AM IST,GRMOVER,Consumer Defensive,Packaged Foods,79.79,40.11,15,0.0,E Avoid,21,16.0,0,0.27,3.62,56.97,Bearish,37.1,15.0,0.92,E Avoid,-0.92,3.01,0.0,No Major Change
07.10.2026 at 10:09 AM IST,BANARISUG,Consumer Defensive,Confectioners,3371.6,44.62,15,0.0,E Avoid,21,14.0,0,0.05,5.48,21.99,Bearish,42.7,15.0,0.92,E Avoid,-0.92,1.92,0.0,No Major Change
07.10.2026 at 10:09 AM IST,GEEKAYWIRE,Industrials,Electrical Equipment & Parts,33.47,62.58,0,50.44,C Neutral,65,41.0,55,0.32,83.02,7.94,Bullish,59.88,0.0,51.42,C Neutral,-0.98,2.7,0.0,Fresh Momentum
07.10.2026 at 10:09 AM IST,OSWALGREEN,Financial Services,Asset Management,19.13,40.69,15,0.0,E Avoid,16,16.0,0,0.24,3.13,53.23,Bearish,42.08,15.0,1.0,E Avoid,-1.0,-1.39,0.0,No Major Change
07.10.2026 at 10:09 AM IST,NGLFINE,Healthcare,Drug Manufacturers - General,3140.1,63.49,0,43.85,D Weak,55,41.0,35,0.42,147.21,12.77,Bullish,62.76,0.0,44.87,D Weak,-1.02,0.73,0.0,No Major Change
07.10.2026 at 10:09 AM IST,HATHWAY,Communication Services,Entertainment,9.73,42.65,15,0.0,E Avoid,18,17.0,0,0.35,11.07,32.15,Bearish,44.87,15.0,1.02,E Avoid,-1.02,-2.22,0.0,No Major Change
07.10.2026 at 10:09 AM IST,DCW,Basic Materials,Chemicals,46.08,49.44,15,13.97,E Avoid,37,31.0,10,0.09,24.72,35.86,Bullish,50.52,15.0,15.02,E Avoid,-1.05,-1.08,0.0,No Major Change
07.10.2026 at 10:09 AM IST,JAINREC,Basic Materials,Other Industrial Metals & Mining,294.2,53.55,15,6.27,E Avoid,33,26.0,0,0.35,8.56,50.47,Bearish,50.6,15.0,7.32,E Avoid,-1.05,2.95,0.0,No Major Change
07.10.2026 at 10:09 AM IST,MURUDCERA,Industrials,Building Products & Equipment,27.76,36.1,15,0.0,E Avoid,13,18.0,0,0.03,10.33,39.65,Bearish,37.85,15.0,1.07,E Avoid,-1.07,-1.75,0.0,No Major Change
07.10.2026 at 10:09 AM IST,RSWM,Consumer Cyclical,Textile Manufacturing,205.61,44.02,0,31.34,E Avoid,28,37.0,30,0.12,71.34,13.61,Bearish,45.37,0.0,32.42,E Avoid,-1.08,-1.35,0.0,No Major Change
07.10.2026 at 10:09 AM IST,PARIN,Consumer Cyclical,"Furnishings, Fixtures & Appliances",696.0,43.49,0,12.14,E Avoid,23,3.0,10,0.02,38.4,11.79,Bearish,45.46,0.0,13.22,E Avoid,-1.08,-1.97,0.0,No Major Change
07.10.2026 at 10:09 AM IST,RELAXO,Consumer Cyclical,Footwear & Accessories,287.65,29.57,15,6.09,E Avoid,14,29.0,10,0.07,23.0,36.03,Bearish,32.43,15.0,7.17,E Avoid,-1.08,-2.86,0.0,No Major Change
07.10.2026 at 10:09 AM IST,LANDMARK,Consumer Cyclical,Auto & Truck Dealerships,476.2,44.22,0,24.98,E Avoid,28,22.0,20,0.01,40.71,27.84,Bearish,46.02,0.0,26.07,E Avoid,-1.09,-1.8,0.0,No Major Change
07.10.2026 at 10:09 AM IST,ENDURANCE,Consumer Cyclical,Auto Parts,2495.0,28.84,15,7.98,E Avoid,9,34.0,10,0.17,16.92,18.78,Bearish,30.08,15.0,9.07,E Avoid,-1.09,-1.24,0.0,No Major Change
07.10.2026 at 10:09 AM IST,CEATLTD,Consumer Cyclical,Auto Parts,3302.4,43.28,15,2.18,E Avoid,21,16.0,0,0.1,8.98,24.83,Bearish,46.29,15.0,3.27,E Avoid,-1.09,-3.01,0.0,No Major Change
07.10.2026 at 10:09 AM IST,STCINDIA,Industrials,Conglomerates,105.2,29.73,15,0.0,E Avoid,9,19.0,0,0.24,8.41,29.87,Bearish,31.12,15.0,1.12,E Avoid,-1.12,-1.39,0.0,No Major Change
07.10.2026 at 10:09 AM IST,MAHABANK,Financial Services,Banks - Regional,80.2,44.82,0,33.57,E Avoid,23,51.0,10,0.11,51.23,15.13,Bearish,46.63,0.0,34.7,E Avoid,-1.13,-1.81,0.0,No Major Change
07.10.2026 at 10:09 AM IST,AUSOMENT,Financial Services,Capital Markets,136.1,29.72,0,29.87,E Avoid,19,36.0,30,0.11,47.33,23.03,Bearish,31.59,0.0,31.0,E Avoid,-1.13,-1.87,0.0,No Major Change
07.10.2026 at 10:09 AM IST,UTIAMC,Financial Services,Asset Management,884.7,43.84,15,10.47,E Avoid,16,47.0,0,0.22,2.68,34.67,Bearish,45.47,15.0,11.6,E Avoid,-1.13,-1.63,0.0,No Major Change
07.10.2026 at 10:09 AM IST,BANKBARODA,Financial Services,Banks - Regional,231.19,42.49,15,2.77,E Avoid,16,29.0,0,0.11,3.29,26.68,Bearish,45.15,15.0,3.9,E Avoid,-1.13,-2.66,0.0,No Major Change
07.10.2026 at 10:09 AM IST,IFCI,Financial Services,Credit Services,64.32,32.0,15,0.0,E Avoid,8,19.0,10,0.11,39.13,40.17,Bearish,33.31,15.0,1.15,E Avoid,-1.15,-1.31,0.0,No Major Change
07.10.2026 at 10:09 AM IST,SOFTTECH,Technology,Software - Application,452.1,44.72,0,31.81,E Avoid,38,19.0,48,0.01,110.28,17.05,Bullish,47.89,0.0,32.98,E Avoid,-1.17,-3.17,0.0,No Major Change
07.10.2026 at 10:09 AM IST,BORORENEW,Technology,Solar,443.3,29.56,15,7.91,E Avoid,14,40.0,0,0.12,18.4,38.52,Bearish,34.28,15.0,9.08,E Avoid,-1.17,-4.72,0.0,No Major Change
07.10.2026 at 10:09 AM IST,AARVI,Industrials,Staffing & Employment Services,136.25,39.27,0,30.14,E Avoid,33,37.0,10,0.03,18.99,18.04,Bearish,46.41,0.0,31.37,E Avoid,-1.23,-7.14,0.0,Fresh Weakness
07.10.2026 at 10:09 AM IST,PIGL,Industrials,Engineering & Construction,97.05,44.3,15,7.49,E Avoid,18,32.0,0,0.11,10.22,47.48,Bearish,47.16,15.0,8.72,E Avoid,-1.23,-2.86,0.0,No Major Change
07.10.2026 at 10:09 AM IST,PNCINFRA,Industrials,Engineering & Construction,137.4,28.71,15,3.69,E Avoid,14,24.0,0,0.05,18.55,52.97,Bearish,30.7,15.0,4.92,E Avoid,-1.23,-1.99,0.0,No Major Change
07.10.2026 at 10:09 AM IST,OLECTRA,Industrials,Farm & Heavy Construction Machinery,1086.4,29.04,15,3.49,E Avoid,9,27.0,0,0.17,25.43,30.93,Bearish,33.19,15.0,4.72,E Avoid,-1.23,-4.15,0.0,No Major Change
07.10.2026 at 10:09 AM IST,KOTHARIPRO,Industrials,Conglomerates,64.0,42.91,15,1.19,E Avoid,18,19.0,0,0.03,10.34,36.27,Bearish,45.45,15.0,2.42,E Avoid,-1.23,-2.54,0.0,No Major Change
07.10.2026 at 10:09 AM IST,GUJTHEM,Healthcare,Drug Manufacturers - Specialty & Generic,385.8,43.47,0,34.8,E Avoid,28,34.0,30,0.3,71.71,19.33,Bearish,45.34,0.0,36.07,D Weak,-1.27,-1.87,0.0,Band Changed: D Weak → E Avoid
07.10.2026 at 10:09 AM IST,BAJAJCON,Consumer Defensive,Household & Personal Products,489.4,44.64,0,33.0,E Avoid,28,50.0,10,0.1,105.63,29.28,Bearish,46.57,0.0,34.27,E Avoid,-1.27,-1.93,0.0,No Major Change
07.10.2026 at 10:09 AM IST,IKS,Healthcare,Health Information Services,1711.7,41.79,0,32.05,E Avoid,23,44.0,10,0.35,35.63,13.11,Bearish,46.76,0.0,33.32,E Avoid,-1.27,-4.97,0.0,No Major Change
07.10.2026 at 10:09 AM IST,DIAMONDYD,Consumer Defensive,Packaged Foods,1083.0,44.65,15,4.8,E Avoid,13,32.0,10,0.02,26.15,12.97,Bearish,45.99,15.0,6.07,E Avoid,-1.27,-1.34,0.0,No Major Change
07.10.2026 at 10:09 AM IST,PALASHSECU,Consumer Defensive,Packaged Foods,84.1,43.61,15,4.8,E Avoid,16,28.0,0,0.06,6.44,34.76,Bearish,48.76,15.0,6.07,E Avoid,-1.27,-5.15,0.0,No Major Change
07.10.2026 at 10:09 AM IST,JKPAPER,Basic Materials,Paper & Paper Products,385.9,40.15,0,30.27,E Avoid,28,37.0,20,0.14,27.91,12.69,Bearish,45.36,0.0,31.57,E Avoid,-1.3,-5.21,0.0,No Major Change
07.10.2026 at 10:09 AM IST,JUBLINGREA,Basic Materials,Specialty Chemicals,633.25,40.64,15,9.52,E Avoid,18,39.0,0,0.16,18.25,20.08,Bearish,45.29,15.0,10.82,E Avoid,-1.3,-4.65,0.0,No Major Change
07.10.2026 at 10:09 AM IST,SHARDACROP,Basic Materials,Agricultural Inputs,736.3,43.71,15,3.27,E Avoid,21,24.0,0,0.17,5.55,42.6,Bearish,45.84,15.0,4.57,E Avoid,-1.3,-2.13,0.0,No Major Change
07.10.2026 at 10:09 AM IST,AMBUJACEM,Basic Materials,Building Materials,358.7,30.37,15,0.0,E Avoid,16,12.0,0,0.4,0.67,38.77,Bearish,31.64,15.0,1.32,E Avoid,-1.32,-1.27,0.0,No Major Change
07.10.2026 at 10:09 AM IST,EIDPARRY,Basic Materials,Agricultural Inputs,698.1,41.33,15,0.0,E Avoid,16,14.0,0,0.19,3.84,37.56,Bearish,40.92,15.0,1.32,E Avoid,-1.32,0.41,0.0,No Major Change
07.10.2026 at 10:09 AM IST,SEDEMAC,Consumer Cyclical,Auto Parts,3375.1,60.49,0,47.14,C Neutral,45,35.0,65,0.05,138.84,7.53,Bullish,62.41,0.0,48.47,C Neutral,-1.33,-1.92,0.0,No Major Change
07.10.2026 at 10:09 AM IST,AGI,Consumer Cyclical,Packaging & Containers,781.15,51.98,0,45.54,C Neutral,50,39.0,48,0.03,69.55,12.03,Bullish,53.22,0.0,46.87,C Neutral,-1.33,-1.24,0.0,No Major Change
07.10.2026 at 10:09 AM IST,SAREGAMA,Communication Services,Entertainment,500.6,51.17,0,42.99,D Weak,35,52.0,48,0.04,63.04,12.86,Bearish,52.61,0.0,44.32,D Weak,-1.33,-1.44,0.0,No Major Change
07.10.2026 at 10:09 AM IST,KNACK,Consumer Cyclical,Packaging & Containers,200.28,67.17,0,35.74,D Weak,55,36.0,8,0.55,17.05,9.78,Bullish,64.69,0.0,37.07,D Weak,-1.33,2.48,0.0,No Major Change
07.10.2026 at 10:09 AM IST,TIPSMUSIC,Communication Services,Entertainment,649.65,47.2,0,30.19,E Avoid,32,39.0,18,0.06,35.75,12.33,Bearish,48.88,0.0,31.52,E Avoid,-1.33,-1.68,0.0,No Major Change
07.10.2026 at 10:09 AM IST,EXIDEIND,Consumer Cyclical,Auto Parts,405.6,36.98,0,26.84,E Avoid,23,35.0,10,0.11,42.0,18.29,Bearish,37.07,0.0,28.17,E Avoid,-1.33,-0.09,0.0,No Major Change
07.10.2026 at 10:09 AM IST,MINDACORP,Consumer Cyclical,Auto Parts,649.15,37.3,0,26.14,E Avoid,23,33.0,10,0.15,38.72,15.59,Bearish,40.42,0.0,27.47,E Avoid,-1.33,-3.12,0.0,Fresh Weakness
07.10.2026 at 10:09 AM IST,VARROC,Consumer Cyclical,Auto Parts,813.0,44.41,0,25.94,E Avoid,23,11.0,40,0.12,76.33,10.87,Bearish,44.75,0.0,27.27,E Avoid,-1.33,-0.34,0.0,No Major Change
07.10.2026 at 10:09 AM IST,BOSCHLTD,Consumer Cyclical,Auto Parts,44560.0,38.09,0,25.14,E Avoid,23,20.0,20,0.27,56.77,10.88,Bearish,40.01,0.0,26.47,E Avoid,-1.33,-1.92,0.0,Fresh Weakness
07.10.2026 at 10:09 AM IST,SHOPERSTOP,Consumer Cyclical,Department Stores,395.25,48.09,0,22.64,E Avoid,27,0.0,48,0.01,43.23,29.17,Bearish,49.51,0.0,23.97,E Avoid,-1.33,-1.42,0.0,No Major Change
07.10.2026 at 10:09 AM IST,IDEA,Communication Services,Telecom Services,13.14,41.12,0,19.34,E Avoid,23,16.0,20,0.21,61.62,16.78,Bearish,41.89,0.0,20.67,E Avoid,-1.33,-0.77,0.0,No Major Change
07.10.2026 at 10:09 AM IST,RAILTEL,Communication Services,Telecom Services,253.85,40.75,15,17.19,E Avoid,16,65.0,0,0.09,4.07,35.99,Bearish,43.76,15.0,18.52,E Avoid,-1.33,-3.01,0.0,No Major Change
07.10.2026 at 10:09 AM IST,LEMONTREE,Consumer Cyclical,Lodging,111.08,64.49,15,14.74,E Avoid,45,33.0,8,0.45,11.51,35.22,Bullish,62.04,15.0,16.07,E Avoid,-1.33,2.45,0.0,No Major Change
07.10.2026 at 10:09 AM IST,SINCLAIR,Consumer Cyclical,Lodging,75.62,39.58,15,14.24,E Avoid,13,46.0,10,0.6,10.93,24.51,Bearish,40.45,15.0,15.57,E Avoid,-1.33,-0.87,0.0,Fresh Weakness
07.10.2026 at 10:09 AM IST,AFFLE,Communication Services,Advertising Agencies,1441.9,31.27,15,9.84,E Avoid,13,43.0,10,0.24,15.23,27.68,Bearish,32.24,15.0,11.17,E Avoid,-1.33,-0.97,0.0,No Major Change
07.10.2026 at 10:09 AM IST,BHARTIHEXA,Communication Services,Telecom Services,1445.1,44.96,15,9.04,E Avoid,31,35.0,0,1.39,6.32,25.29,Bearish,32.0,15.0,10.37,E Avoid,-1.33,12.96,0.0,No Major Change
07.10.2026 at 10:09 AM IST,DBCORP,Communication Services,Publishing,173.95,27.27,15,7.94,E Avoid,14,47.0,0,0.06,2.44,36.02,Bearish,26.05,15.0,9.27,E Avoid,-1.33,1.22,0.0,No Major Change
07.10.2026 at 10:09 AM IST,JUBLFOOD,Consumer Cyclical,Restaurants,461.6,44.55,15,1.04,E Avoid,23,0.0,20,1.12,13.24,26.4,Bearish,37.93,15.0,2.37,E Avoid,-1.33,6.62,0.0,No Major Change
07.10.2026 at 10:09 AM IST,SHANTIGOLD,Consumer Cyclical,Luxury Goods,337.3,72.84,0,49.93,C Neutral,52,41.0,65,0.21,117.61,2.15,Bullish,72.7,0.0,51.27,C Neutral,-1.34,0.14,0.0,No Major Change
07.10.2026 at 10:09 AM IST,PGIL,Consumer Cyclical,Apparel Manufacturing,1269.7,57.84,0,47.93,C Neutral,65,26.0,65,0.13,113.51,6.5,Bullish,57.4,0.0,49.27,C Neutral,-1.34,0.44,0.0,No Major Change
07.10.2026 at 10:09 AM IST,BIL,Consumer Cyclical,Footwear & Accessories,1075.25,67.86,0,47.58,C Neutral,65,28.0,65,0.05,78.61,6.5,Bullish,69.82,0.0,48.92,C Neutral,-1.34,-1.96,0.0,No Major Change
07.10.2026 at 10:09 AM IST,SBC,Consumer Cyclical,Apparel Manufacturing,62.04,88.45,0,41.88,D Weak,52,18.0,65,0.27,180.72,3.71,Bullish,88.16,0.0,43.22,D Weak,-1.34,0.29,0.0,No Major Change
07.10.2026 at 10:09 AM IST,DYNAMATECH,Consumer Cyclical,Auto Parts,14192.0,81.61,0,40.98,D Weak,47,19.0,65,0.16,110.04,1.27,Bullish,83.67,0.0,42.32,D Weak,-1.34,-2.06,0.0,No Major Change
07.10.2026 at 10:09 AM IST,BANARBEADS,Consumer Cyclical,Footwear & Accessories,115.55,51.47,0,38.58,D Weak,55,37.0,18,0.03,20.3,29.84,Bullish,52.37,0.0,39.92,D Weak,-1.34,-0.9,0.0,No Major Change
07.10.2026 at 10:09 AM IST,BBTCL,Consumer Cyclical,Packaging & Containers,230.13,50.6,0,33.93,E Avoid,50,16.0,38,0.47,48.16,11.78,Bullish,54.25,0.0,35.27,D Weak,-1.34,-3.65,0.0,Band Changed: D Weak → E Avoid
07.10.2026 at 10:09 AM IST,SALONA,Consumer Cyclical,Textile Manufacturing,278.8,59.37,0,33.78,E Avoid,55,15.0,38,0.03,39.73,12.67,Bullish,56.76,0.0,35.12,D Weak,-1.34,2.61,0.0,Band Changed: D Weak → E Avoid
07.10.2026 at 10:09 AM IST,SIL,Consumer Cyclical,Textile Manufacturing,15.81,36.08,0,33.53,E Avoid,23,44.0,20,0.03,36.93,29.1,Bearish,37.65,0.0,34.87,E Avoid,-1.34,-1.57,0.0,No Major Change
07.10.2026 at 10:09 AM IST,CRAFTSMAN,Consumer Cyclical,Auto Parts,10195.0,37.35,0,30.78,E Avoid,23,32.0,30,0.1,61.41,15.03,Bearish,40.28,0.0,32.12,E Avoid,-1.34,-2.93,0.0,Fresh Weakness
07.10.2026 at 10:09 AM IST,SHRIPISTON,Consumer Cyclical,Auto Parts,4374.8,43.33,0,28.98,E Avoid,23,31.0,20,0.09,73.7,9.67,Bearish,44.74,0.0,30.32,E Avoid,-1.34,-1.41,0.0,No Major Change
07.10.2026 at 10:09 AM IST,CARYSIL,Consumer Cyclical,"Furnishings, Fixtures & Appliances",1023.9,35.07,0,28.58,E Avoid,23,37.0,10,0.11,40.22,19.86,Bearish,36.69,0.0,29.92,E Avoid,-1.34,-1.62,0.0,No Major Change
07.10.2026 at 10:09 AM IST,ADL,Consumer Cyclical,"Furnishings, Fixtures & Appliances",72.5,50.55,0,27.28,E Avoid,50,1.0,38,0.01,44.25,34.03,Bullish,57.49,0.0,28.62,E Avoid,-1.34,-6.94,0.0,No Major Change
07.10.2026 at 10:09 AM IST,SFL,Consumer Cyclical,"Furnishings, Fixtures & Appliances",619.85,34.35,0,25.78,E Avoid,23,32.0,10,0.05,35.88,25.54,Bearish,36.34,0.0,27.12,E Avoid,-1.34,-1.99,0.0,No Major Change
07.10.2026 at 10:09 AM IST,TVSMOTOR,Consumer Cyclical,Auto Manufacturers,3954.9,33.85,0,24.28,E Avoid,28,17.0,20,0.09,22.52,11.81,Bearish,35.75,0.0,25.62,E Avoid,-1.34,-1.9,0.0,No Major Change
07.10.2026 at 10:09 AM IST,CIEINDIA,Consumer Cyclical,Auto Parts,377.8,41.59,15,21.58,E Avoid,16,73.0,0,0.32,2.97,27.14,Bearish,42.77,15.0,22.92,E Avoid,-1.34,-1.18,0.0,No Major Change
07.10.2026 at 10:09 AM IST,VEDPOWER,Utilities,Utilities - Independent Power Producers,32.09,43.22,0,18.41,E Avoid,21,26.0,0,0.1,5.42,35.67,Bearish,45.89,0.0,19.75,E Avoid,-1.34,-2.67,0.0,No Major Change
07.10.2026 at 10:09 AM IST,MAFATIND,Consumer Cyclical,Textile Manufacturing,115.12,42.39,0,13.68,E Avoid,21,10.0,0,0.03,8.19,26.34,Bearish,43.46,0.0,15.02,E Avoid,-1.34,-1.07,0.0,No Major Change
07.10.2026 at 10:09 AM IST,EICHERMOT,Consumer Cyclical,Auto Manufacturers,6999.0,28.09,15,11.78,E Avoid,9,49.0,0,0.06,9.78,14.28,Bearish,29.13,15.0,13.12,E Avoid,-1.34,-1.04,0.0,No Major Change
07.10.2026 at 10:09 AM IST,IRCTC,Consumer Cyclical,Travel Services,453.5,36.23,15,11.63,E Avoid,21,40.0,0,0.47,1.68,37.51,Bearish,38.01,15.0,12.97,E Avoid,-1.34,-1.78,0.0,No Major Change
07.10.2026 at 10:09 AM IST,SILGO,Consumer Cyclical,Luxury Goods,70.0,47.64,15,11.53,E Avoid,22,43.0,0,0.05,14.75,18.79,Bearish,45.44,15.0,12.87,E Avoid,-1.34,2.2,0.0,No Major Change
07.10.2026 at 10:09 AM IST,BANG,Consumer Cyclical,Apparel Manufacturing,33.64,55.2,15,9.78,E Avoid,40,17.0,10,0.05,30.19,45.8,Bullish,54.54,15.0,11.12,E Avoid,-1.34,0.66,0.0,No Major Change
07.10.2026 at 10:09 AM IST,RHL,Consumer Cyclical,Lodging,162.14,40.33,15,8.28,E Avoid,16,38.0,0,0.13,1.15,40.8,Bearish,44.1,15.0,9.62,E Avoid,-1.34,-3.77,0.0,No Major Change
07.10.2026 at 10:09 AM IST,TENNIND,Consumer Cyclical,Auto Parts,488.2,34.61,15,5.63,E Avoid,18,25.0,0,0.09,11.45,25.69,Bearish,38.72,15.0,6.97,E Avoid,-1.34,-4.11,0.0,No Major Change
07.10.2026 at 10:09 AM IST,STUDDS,Consumer Cyclical,Auto Parts,404.5,42.58,15,1.63,E Avoid,16,18.0,0,0.04,3.94,32.13,Bearish,43.94,15.0,2.97,E Avoid,-1.34,-1.36,0.0,No Major Change
07.10.2026 at 10:09 AM IST,PARKHOTELS,Consumer Cyclical,Lodging,103.31,36.9,15,1.28,E Avoid,16,18.0,0,0.09,9.4,34.3,Bearish,36.66,15.0,2.62,E Avoid,-1.34,0.24,0.0,No Major Change
07.10.2026 at 10:09 AM IST,DONEAR,Consumer Cyclical,Textile Manufacturing,80.11,36.31,15,0.58,E Avoid,16,22.0,0,0.13,3.48,31.08,Bearish,37.7,15.0,1.92,E Avoid,-1.34,-1.39,0.0,No Major Change
07.10.2026 at 10:09 AM IST,EASEMYTRIP,Consumer Cyclical,Travel Services,5.79,41.31,15,0.23,E Avoid,16,14.0,0,0.26,1.4,45.38,Bearish,41.66,15.0,1.57,E Avoid,-1.34,-0.35,0.0,No Major Change
07.10.2026 at 10:09 AM IST,NATCOPHARM,Healthcare,Drug Manufacturers - Specialty & Generic,809.95,37.59,15,0.0,E Avoid,16,16.0,0,0.14,2.79,33.87,Bearish,43.88,15.0,1.37,E Avoid,-1.37,-6.29,0.0,Fresh Weakness
07.10.2026 at 10:09 AM IST,CPCAP,Financial Services,Credit Services,157.3,63.93,0,55.42,B Watchlist,75,44.0,65,1.69,113.98,2.9,Bullish,62.38,0.0,56.8,B Watchlist,-1.38,1.55,0.0,No Major Change
07.10.2026 at 10:09 AM IST,SHAREINDIA,Financial Services,Capital Markets,210.01,61.07,0,50.92,C Neutral,60,49.0,55,0.02,83.11,10.0,Bullish,62.68,0.0,52.3,C Neutral,-1.38,-1.61,0.0,No Major Change
07.10.2026 at 10:09 AM IST,CRISIL,Financial Services,Financial Data & Stock Exchanges,4488.3,45.3,0,47.77,C Neutral,32,84.0,20,0.02,22.3,10.34,Bearish,47.57,0.0,49.15,C Neutral,-1.38,-2.27,0.0,No Major Change
07.10.2026 at 10:09 AM IST,SILINV,Financial Services,Asset Management,460.4,55.24,0,39.72,D Weak,60,42.0,20,0.27,21.88,39.61,Bullish,54.84,0.0,41.1,D Weak,-1.38,0.4,0.0,No Major Change
07.10.2026 at 10:09 AM IST,MCX,Financial Services,Financial Data & Stock Exchanges,3277.8,52.79,0,39.72,D Weak,60,46.0,20,0.24,102.08,5.85,Bullish,55.01,0.0,41.1,D Weak,-1.38,-2.22,0.0,No Major Change
07.10.2026 at 10:09 AM IST,HBSL,Financial Services,Capital Markets,58.0,62.16,0,35.97,D Weak,55,26.0,38,0.1,36.05,46.69,Bullish,61.92,0.0,37.35,D Weak,-1.38,0.24,0.0,No Major Change
07.10.2026 at 10:09 AM IST,NORTHARC,Financial Services,Credit Services,295.1,47.11,0,33.62,E Avoid,47,37.0,10,0.24,43.25,11.65,Bullish,49.58,0.0,35.0,D Weak,-1.38,-2.47,0.0,Band Changed: D Weak → E Avoid
07.10.2026 at 10:09 AM IST,BFINVEST,Financial Services,Asset Management,439.75,47.62,0,33.17,E Avoid,27,54.0,10,0.18,42.7,24.79,Bearish,48.23,0.0,34.55,E Avoid,-1.38,-0.61,0.0,No Major Change
07.10.2026 at 10:09 AM IST,NAM-INDIA,Financial Services,Asset Management,1053.2,34.81,0,29.02,E Avoid,23,49.0,10,0.14,33.79,17.04,Bearish,37.54,0.0,30.4,E Avoid,-1.38,-2.73,0.0,No Major Change
07.10.2026 at 10:09 AM IST,BAJAJHLDNG,Financial Services,Asset Management,10616.0,41.28,0,26.27,E Avoid,23,34.0,20,0.12,25.88,18.41,Bearish,40.97,0.0,27.65,E Avoid,-1.38,0.31,0.0,No Major Change
07.10.2026 at 10:09 AM IST,IDBI,Financial Services,Banks - Regional,86.13,54.05,15,21.57,E Avoid,35,37.0,38,0.04,41.17,27.24,Bullish,57.4,15.0,22.95,E Avoid,-1.38,-3.35,0.0,No Major Change
07.10.2026 at 10:09 AM IST,PIRAMALFIN,Financial Services,Credit Services,1983.5,31.58,0,20.97,E Avoid,23,23.0,10,0.18,58.31,14.74,Bearish,35.13,0.0,22.35,E Avoid,-1.38,-3.55,0.0,No Major Change
07.10.2026 at 10:09 AM IST,NIVABUPA,Financial Services,Insurance - Life,75.59,40.43,15,15.02,E Avoid,13,55.0,10,0.05,11.99,17.3,Bearish,43.53,15.0,16.4,E Avoid,-1.38,-3.1,0.0,No Major Change
07.10.2026 at 10:09 AM IST,VLSFINANCE,Financial Services,Capital Markets,231.01,32.86,15,12.92,E Avoid,13,49.0,10,0.71,16.93,31.43,Bearish,39.42,15.0,14.3,E Avoid,-1.38,-6.56,0.0,No Major Change
07.10.2026 at 10:09 AM IST,IOB,Financial Services,Banks - Regional,30.97,37.58,15,12.57,E Avoid,16,46.0,0,0.21,2.99,25.91,Bearish,41.52,15.0,13.95,E Avoid,-1.38,-3.94,0.0,Fresh Weakness
07.10.2026 at 10:09 AM IST,M&MFIN,Financial Services,Credit Services,328.25,34.71,15,12.07,E Avoid,18,39.0,10,0.11,23.4,20.9,Bearish,34.12,15.0,13.45,E Avoid,-1.38,0.59,0.0,No Major Change
07.10.2026 at 10:09 AM IST,NAHARCAP,Financial Services,Capital Markets,242.0,43.87,15,11.87,E Avoid,13,46.0,10,0.03,27.44,19.8,Bearish,35.73,15.0,13.25,E Avoid,-1.38,8.14,0.0,No Major Change
07.10.2026 at 10:09 AM IST,DOLATALGO,Financial Services,Capital Markets,62.54,28.41,15,11.37,E Avoid,14,51.0,0,0.08,0.87,34.61,Bearish,27.93,15.0,12.75,E Avoid,-1.38,0.48,0.0,No Major Change
07.10.2026 at 10:09 AM IST,SHRIRAMFIN,Financial Services,Credit Services,958.2,36.71,15,10.57,E Avoid,8,44.0,0,0.11,47.17,16.95,Bearish,38.2,15.0,11.95,E Avoid,-1.38,-1.49,0.0,No Major Change
07.10.2026 at 10:09 AM IST,ICICIAMC,Financial Services,Asset Management,3068.2,44.02,15,8.57,E Avoid,13,42.0,8,0.08,22.39,14.7,Bearish,44.43,15.0,9.95,E Avoid,-1.38,-0.41,0.0,No Major Change
07.10.2026 at 10:09 AM IST,CHOLAFIN,Financial Services,Credit Services,1606.7,29.79,15,8.42,E Avoid,9,35.0,10,0.11,23.7,17.71,Bearish,29.76,15.0,9.8,E Avoid,-1.38,0.03,0.0,No Major Change
07.10.2026 at 10:09 AM IST,HOMEFIRST,Financial Services,Mortgage Finance,1114.2,40.55,15,8.37,E Avoid,13,32.0,10,0.05,25.26,15.05,Bearish,39.91,15.0,9.75,E Avoid,-1.38,0.64,0.0,No Major Change
07.10.2026 at 10:09 AM IST,LICI,Financial Services,Insurance - Life,389.1,38.85,15,7.97,E Avoid,13,42.0,0,0.08,10.39,15.0,Bearish,39.48,15.0,9.35,E Avoid,-1.38,-0.63,0.0,No Major Change
07.10.2026 at 10:09 AM IST,AADHARHFC,Financial Services,Mortgage Finance,452.55,45.89,15,7.97,E Avoid,20,33.0,0,0.04,5.91,19.62,Bearish,46.46,15.0,9.35,E Avoid,-1.38,-0.57,0.0,No Major Change
07.10.2026 at 10:09 AM IST,UCOBANK,Financial Services,Banks - Regional,23.03,35.41,15,7.32,E Avoid,16,42.0,0,0.25,5.38,31.54,Bearish,37.99,15.0,8.7,E Avoid,-1.38,-2.58,0.0,No Major Change
07.10.2026 at 10:09 AM IST,MUTHOOTMF,Financial Services,Credit Services,174.0,27.34,15,5.97,E Avoid,9,32.0,10,0.21,23.23,33.78,Bearish,29.94,15.0,7.35,E Avoid,-1.38,-2.6,0.0,No Major Change
07.10.2026 at 10:09 AM IST,UGROCAP,Financial Services,Credit Services,82.3,42.65,15,5.57,E Avoid,16,29.0,0,0.11,3.91,56.89,Bearish,44.76,15.0,6.95,E Avoid,-1.38,-2.11,0.0,No Major Change
07.10.2026 at 10:09 AM IST,CDSL,Financial Services,Capital Markets,1258.3,37.01,15,5.52,E Avoid,13,43.0,0,0.18,13.75,24.13,Bearish,37.88,15.0,6.9,E Avoid,-1.38,-0.87,0.0,No Major Change
07.10.2026 at 10:09 AM IST,IRFC,Financial Services,Credit Services,76.76,33.18,15,4.17,E Avoid,16,29.0,0,0.14,0.92,43.45,Bearish,34.24,15.0,5.55,E Avoid,-1.38,-1.06,0.0,No Major Change
07.10.2026 at 10:09 AM IST,PSB,Financial Services,Banks - Regional,20.95,28.73,15,4.17,E Avoid,9,38.0,0,0.2,3.83,34.43,Bearish,29.8,15.0,5.55,E Avoid,-1.38,-1.07,0.0,No Major Change
07.10.2026 at 10:09 AM IST,TFL,Financial Services,Mortgage Finance,11.99,53.8,15,2.37,E Avoid,45,0.0,10,0.0,17.43,35.19,Bullish,53.8,15.0,3.75,E Avoid,-1.38,0.0,0.0,No Major Change
07.10.2026 at 10:09 AM IST,MAHAPEXLTD,Financial Services,Credit Services,50.04,39.37,15,0.72,E Avoid,13,11.0,20,0.0,19.14,57.55,Bearish,42.48,15.0,2.1,E Avoid,-1.38,-3.11,0.0,Fresh Weakness
07.10.2026 at 10:09 AM IST,JINDALPHOT,Financial Services,Asset Management,1015.0,37.14,15,0.22,E Avoid,16,16.0,8,0.05,4.52,37.21,Bearish,39.59,15.0,1.6,E Avoid,-1.38,-2.45,0.0,No Major Change
07.10.2026 at 10:09 AM IST,CASTROLIND,Energy,Oil & Gas Refining & Marketing,198.66,61.04,0,64.82,B Watchlist,65,90.0,38,0.11,20.69,2.33,Bullish,66.08,0.0,66.22,A Strong,-1.4,-5.04,0.0,"Dropped Below Strong Zone, Band Changed: A Strong → B Watchlist"
07.10.2026 at 10:09 AM IST,IOC,Energy,Oil & Gas Refining & Marketing,130.19,38.8,15,4.27,E Avoid,16,26.0,0,0.23,0.87,29.61,Bearish,41.7,15.0,5.67,E Avoid,-1.4,-2.9,0.0,Fresh Weakness
07.10.2026 at 10:09 AM IST,GMDCLTD,Energy,Thermal Coal,484.75,26.04,15,8.81,E Avoid,9,43.0,0,0.14,5.72,36.12,Bearish,27.99,15.0,10.22,E Avoid,-1.41,-1.95,0.0,No Major Change
07.10.2026 at 10:09 AM IST,EMUDHRA,Technology,Software - Application,587.5,50.35,0,47.76,C Neutral,50,46.0,55,0.06,61.6,14.42,Bullish,54.87,0.0,49.18,C Neutral,-1.42,-4.52,0.0,No Major Change
07.10.2026 at 10:09 AM IST,BIRLACABLE,Technology,Communication Equipment,395.1,61.95,0,45.76,C Neutral,60,31.0,65,0.45,282.33,5.66,Bullish,62.09,0.0,47.18,C Neutral,-1.42,-0.14,0.0,No Major Change
07.10.2026 at 10:09 AM IST,RPTECH,Technology,Electronics & Computer Distribution,937.9,65.02,0,45.41,C Neutral,60,30.0,65,0.17,200.29,6.65,Bullish,68.49,0.0,46.83,C Neutral,-1.42,-3.47,0.0,No Major Change
07.10.2026 at 10:09 AM IST,AVALON,Technology,Electronic Components,2389.6,57.98,0,44.71,D Weak,60,33.0,58,0.16,207.42,8.72,Bullish,58.43,0.0,46.13,C Neutral,-1.42,-0.45,0.0,Band Changed: C Neutral → D Weak
07.10.2026 at 10:09 AM IST,EBGNG,Technology,Computer Hardware,694.3,58.04,0,42.91,D Weak,60,35.0,48,0.13,190.5,4.89,Bullish,55.3,0.0,44.33,D Weak,-1.42,2.74,0.0,No Major Change
07.10.2026 at 10:09 AM IST,ONWARDTEC,Technology,Information Technology Services,296.9,60.23,0,35.31,D Weak,55,24.0,38,0.6,46.58,11.62,Bullish,58.21,0.0,36.73,D Weak,-1.42,2.02,0.0,Fresh Momentum
07.10.2026 at 10:09 AM IST,EMMVEE,Technology,Solar,294.25,31.92,0,31.86,E Avoid,23,52.0,10,0.12,72.09,20.56,Bearish,33.0,0.0,33.28,E Avoid,-1.42,-1.08,0.0,No Major Change
07.10.2026 at 10:09 AM IST,DATAMATICS,Technology,Information Technology Services,768.6,45.43,0,29.81,E Avoid,32,39.0,18,0.04,22.4,23.41,Bearish,46.12,0.0,31.23,E Avoid,-1.42,-0.69,0.0,No Major Change
07.10.2026 at 10:09 AM IST,LTM,Technology,Information Technology Services,3980.0,34.69,15,25.36,E Avoid,18,83.0,0,0.1,12.81,37.27,Bearish,33.96,15.0,26.78,E Avoid,-1.42,0.73,0.0,No Major Change
07.10.2026 at 10:09 AM IST,PARACABLES,Technology,Communication Equipment,58.08,42.34,0,23.86,E Avoid,23,27.0,20,0.11,105.23,23.28,Bearish,42.27,0.0,25.28,E Avoid,-1.42,0.07,0.0,No Major Change
07.10.2026 at 10:09 AM IST,TATATECH,Technology,Information Technology Services,700.0,35.86,0,23.81,E Avoid,23,34.0,10,0.09,40.08,21.44,Bearish,36.74,0.0,25.23,E Avoid,-1.42,-0.88,0.0,No Major Change
07.10.2026 at 10:09 AM IST,DIXON,Technology,Consumer Electronics,12960.0,41.24,0,23.81,E Avoid,23,34.0,10,0.11,35.1,25.91,Bearish,41.68,0.0,25.23,E Avoid,-1.42,-0.44,0.0,No Major Change
07.10.2026 at 10:09 AM IST,IDEAFORGE,Technology,Computer Hardware,710.65,41.06,0,22.11,E Avoid,23,22.0,20,0.18,94.17,28.38,Bearish,44.02,0.0,23.53,E Avoid,-1.42,-2.96,0.0,No Major Change
07.10.2026 at 10:09 AM IST,INA,Technology,Solar,83.35,30.39,0,14.31,E Avoid,16,19.0,0,0.11,4.51,48.49,Bearish,31.84,0.0,15.73,E Avoid,-1.42,-1.45,0.0,No Major Change
07.10.2026 at 10:09 AM IST,PREMIERENE,Technology,Solar,905.2,43.13,15,8.86,E Avoid,8,47.0,0,0.1,35.83,20.18,Bearish,43.58,15.0,10.28,E Avoid,-1.42,-0.45,0.0,No Major Change
07.10.2026 at 10:09 AM IST,WAAREEENER,Technology,Solar,2380.4,36.18,15,8.76,E Avoid,16,46.0,0,0.13,3.45,35.9,Bearish,37.81,15.0,10.18,E Avoid,-1.42,-1.63,0.0,No Major Change
07.10.2026 at 10:09 AM IST,MAPMYINDIA,Technology,Software - Infrastructure,895.0,46.45,15,7.61,E Avoid,17,37.0,0,0.08,12.91,55.07,Bearish,46.81,15.0,9.03,E Avoid,-1.42,-0.36,0.0,No Major Change
07.10.2026 at 10:09 AM IST,ZAGGLE,Technology,Software - Infrastructure,173.57,40.4,15,7.51,E Avoid,18,36.0,0,0.27,12.44,57.19,Bearish,36.81,15.0,8.93,E Avoid,-1.42,3.59,0.0,No Major Change
07.10.2026 at 10:09 AM IST,KAYNES,Technology,Electronic Components,3376.0,40.4,15,5.61,E Avoid,13,32.0,10,0.17,12.72,56.18,Bearish,41.93,15.0,7.03,E Avoid,-1.42,-1.53,0.0,No Major Change
07.10.2026 at 10:09 AM IST,SILVERTUC,Technology,Information Technology Services,135.89,26.35,20,1.51,E Avoid,4,41.0,10,0.04,35.28,87.83,Bearish,27.78,20.0,2.93,E Avoid,-1.42,-1.43,0.0,No Major Change
07.10.2026 at 10:09 AM IST,GODFRYPHLP,Consumer Defensive,Tobacco,1887.0,39.87,15,0.0,E Avoid,16,18.0,0,0.14,4.5,44.67,Bearish,40.79,15.0,1.42,E Avoid,-1.42,-0.92,0.0,Fresh Weakness
07.10.2026 at 10:09 AM IST,AURUM,Real Estate,Real Estate Services,229.86,56.31,0,40.22,D Weak,55,28.0,48,0.13,51.32,13.14,Bullish,57.4,0.0,41.65,D Weak,-1.43,-1.09,0.0,No Major Change
07.10.2026 at 10:09 AM IST,LODHA,Real Estate,Real Estate - Development,1132.8,47.01,0,33.92,E Avoid,27,47.0,20,0.22,74.67,15.48,Bearish,47.14,0.0,35.35,D Weak,-1.43,-0.13,0.0,Band Changed: D Weak → E Avoid
07.10.2026 at 10:09 AM IST,MAXESTATES,Real Estate,Real Estate - Development,558.65,50.82,0,33.42,E Avoid,50,2.0,58,0.09,82.89,14.42,Bullish,53.0,0.0,34.85,E Avoid,-1.43,-2.18,0.0,No Major Change
07.10.2026 at 10:09 AM IST,OBEROIRLTY,Real Estate,Real Estate - Development,1739.0,40.01,0,31.47,E Avoid,23,50.0,10,0.06,25.29,12.35,Bearish,41.7,0.0,32.9,E Avoid,-1.43,-1.69,0.0,No Major Change
07.10.2026 at 10:09 AM IST,MAHLIFE,Real Estate,Real Estate - Development,354.05,44.0,15,13.47,E Avoid,18,48.0,10,0.89,24.62,16.31,Bearish,42.09,15.0,14.9,E Avoid,-1.43,1.91,0.0,No Major Change
07.10.2026 at 10:09 AM IST,SUNTECK,Real Estate,Real Estate - Development,278.15,40.33,15,9.07,E Avoid,16,41.0,0,0.03,3.57,40.82,Bearish,42.09,15.0,10.5,E Avoid,-1.43,-1.76,0.0,No Major Change
07.10.2026 at 10:09 AM IST,3PLAND,Real Estate,Real Estate Services,30.48,41.78,15,5.57,E Avoid,16,35.0,0,0.33,6.91,32.28,Bearish,44.59,15.0,7.0,E Avoid,-1.43,-2.81,0.0,No Major Change
07.10.2026 at 10:09 AM IST,PRESTIGE,Real Estate,Real Estate - Diversified,1447.6,41.23,15,1.72,E Avoid,13,19.0,10,0.15,32.97,19.71,Bearish,44.88,15.0,3.15,E Avoid,-1.43,-3.65,0.0,No Major Change
07.10.2026 at 10:09 AM IST,IRCON,Industrials,Engineering & Construction,106.7,41.86,15,0.0,E Avoid,16,17.0,0,0.1,5.02,41.94,Bearish,43.61,15.0,1.47,E Avoid,-1.47,-1.75,0.0,No Major Change
07.10.2026 at 10:09 AM IST,QPOWER,Industrials,Electrical Equipment & Parts,1651.6,65.83,0,56.44,B Watchlist,65,45.0,65,0.12,184.52,1.4,Bullish,65.65,0.0,57.92,B Watchlist,-1.48,0.18,0.0,No Major Change
07.10.2026 at 10:09 AM IST,ACE,Industrials,Farm & Heavy Construction Machinery,1249.7,64.65,0,55.19,B Watchlist,60,45.0,65,0.17,68.03,1.44,Bullish,65.0,0.0,56.67,B Watchlist,-1.48,-0.35,0.0,No Major Change
07.10.2026 at 10:09 AM IST,TDPOWERSYS,Industrials,Specialty Industrial Machinery,807.0,59.79,0,53.44,C Neutral,60,45.0,58,0.15,177.6,5.74,Bullish,61.57,0.0,54.92,C Neutral,-1.48,-1.78,0.0,No Major Change
07.10.2026 at 10:09 AM IST,GPPL,Industrials,Marine Shipping,167.04,60.89,0,51.39,C Neutral,55,57.0,38,0.09,21.61,13.97,Bullish,64.58,0.0,52.87,C Neutral,-1.48,-3.69,0.0,No Major Change
07.10.2026 at 10:09 AM IST,UNIMECH,Industrials,Aerospace & Defense,1859.6,71.22,0,50.89,C Neutral,47,42.0,65,0.15,167.57,2.18,Bullish,73.18,0.0,52.37,C Neutral,-1.48,-1.96,0.0,No Major Change
07.10.2026 at 10:09 AM IST,SHREEJISPG,Industrials,Marine Shipping,805.0,83.3,0,46.89,C Neutral,52,31.0,65,0.12,263.52,0.37,Bullish,81.85,0.0,48.37,C Neutral,-1.48,1.45,0.0,No Major Change
07.10.2026 at 10:09 AM IST,SHADOWFAX,Industrials,Integrated Freight & Logistics,290.15,65.43,0,44.99,D Weak,50,27.0,65,0.33,194.42,1.81,Bullish,64.38,0.0,46.47,C Neutral,-1.48,1.05,0.0,Band Changed: C Neutral → D Weak
07.10.2026 at 10:09 AM IST,CARBORUNIV,Industrials,Conglomerates,1262.7,61.92,0,44.99,D Weak,60,23.0,55,0.03,72.16,7.76,Bullish,62.94,0.0,46.47,C Neutral,-1.48,-1.02,0.0,Band Changed: C Neutral → D Weak
07.10.2026 at 10:09 AM IST,OMNI,Industrials,Specialty Industrial Machinery,673.4,73.01,0,44.84,D Weak,27,39.0,65,0.45,282.07,11.96,Bullish,70.97,0.0,46.32,C Neutral,-1.48,2.04,0.0,Band Changed: C Neutral → D Weak
07.10.2026 at 10:09 AM IST,GRINDWELL,Industrials,Building Products & Equipment,2029.4,58.15,0,44.44,D Weak,55,35.0,48,0.18,54.15,17.34,Bullish,58.53,0.0,45.92,C Neutral,-1.48,-0.38,0.0,Band Changed: C Neutral → D Weak
07.10.2026 at 10:09 AM IST,ROLEXRINGS,Industrials,Metal Fabrication,186.07,55.1,0,43.99,D Weak,60,30.0,58,0.15,86.46,6.5,Bullish,58.49,0.0,45.47,C Neutral,-1.48,-3.39,0.0,Band Changed: C Neutral → D Weak
07.10.2026 at 10:09 AM IST,CYIENT,Industrials,Conglomerates,1127.1,62.25,0,42.54,D Weak,60,25.0,48,0.1,50.22,7.54,Bullish,60.54,0.0,44.02,D Weak,-1.48,1.71,0.0,No Major Change
07.10.2026 at 10:09 AM IST,RAMRAT,Industrials,Electrical Equipment & Parts,636.15,72.13,0,42.49,D Weak,47,21.0,65,0.09,138.79,4.03,Bullish,74.41,0.0,43.97,D Weak,-1.48,-2.28,0.0,No Major Change
07.10.2026 at 10:09 AM IST,ZUARIIND,Industrials,Conglomerates,286.25,59.85,0,39.49,D Weak,55,27.0,38,0.09,36.81,24.19,Bullish,61.31,0.0,40.97,D Weak,-1.48,-1.46,0.0,No Major Change
07.10.2026 at 10:09 AM IST,BLUSPRING,Industrials,Specialty Business Services,143.7,59.11,0,39.44,D Weak,60,9.0,58,0.08,226.74,5.77,Bullish,59.77,0.0,40.92,D Weak,-1.48,-0.66,0.0,No Major Change
07.10.2026 at 10:09 AM IST,ADANIPORTS,Industrials,Marine Shipping,1770.0,52.06,0,36.79,D Weak,60,30.0,18,0.11,37.57,6.4,Bullish,53.78,0.0,38.27,D Weak,-1.48,-1.72,0.0,No Major Change
07.10.2026 at 10:09 AM IST,INDOTECH,Industrials,Electrical Equipment & Parts,3327.0,46.24,0,36.64,D Weak,32,37.0,30,0.09,203.35,17.2,Bearish,47.95,0.0,38.12,D Weak,-1.48,-1.71,0.0,No Major Change
07.10.2026 at 10:09 AM IST,KHAITANLTD,Industrials,Industrial Distribution,142.5,41.18,0,35.79,D Weak,23,41.0,30,0.38,67.65,19.94,Bearish,44.76,0.0,37.27,D Weak,-1.48,-3.58,0.0,No Major Change
07.10.2026 at 10:09 AM IST,AEQUS,Industrials,Aerospace & Defense,281.7,71.56,0,35.44,D Weak,47,9.0,55,0.27,148.63,4.41,Bullish,76.5,0.0,36.92,D Weak,-1.48,-4.94,0.0,No Major Change
07.10.2026 at 10:09 AM IST,GREAVESCOT,Industrials,Specialty Industrial Machinery,216.5,53.89,0,33.64,E Avoid,50,16.0,35,0.19,81.91,19.72,Bullish,60.49,0.0,35.12,D Weak,-1.48,-6.6,0.0,Band Changed: D Weak → E Avoid
07.10.2026 at 10:09 AM IST,SEAMECLTD,Industrials,Marine Shipping,1581.0,35.59,0,33.29,E Avoid,23,45.0,20,0.07,105.1,14.49,Bearish,36.11,0.0,34.77,E Avoid,-1.48,-0.52,0.0,No Major Change
07.10.2026 at 10:09 AM IST,AXISCADES,Industrials,Engineering & Construction,2262.5,72.86,0,31.99,E Avoid,47,0.0,65,0.08,112.78,4.13,Bullish,75.92,0.0,33.47,E Avoid,-1.48,-3.06,0.0,No Major Change
07.10.2026 at 10:09 AM IST,KRYSTAL,Industrials,Specialty Business Services,648.85,54.67,0,31.69,E Avoid,60,19.0,20,0.01,30.08,6.89,Bullish,57.08,0.0,33.17,E Avoid,-1.48,-2.41,0.0,No Major Change
07.10.2026 at 10:09 AM IST,ISGEC,Industrials,Specialty Industrial Machinery,897.5,63.47,0,29.04,E Avoid,50,10.0,25,0.14,32.23,18.81,Bullish,64.96,0.0,30.52,E Avoid,-1.48,-1.49,0.0,No Major Change
07.10.2026 at 10:09 AM IST,POLYCAB,Industrials,Electrical Equipment & Parts,8083.5,38.03,15,26.94,E Avoid,13,77.0,10,0.22,21.89,20.17,Bearish,40.22,15.0,28.42,E Avoid,-1.48,-2.19,0.0,Fresh Weakness
07.10.2026 at 10:09 AM IST,TVSSCS,Industrials,Integrated Freight & Logistics,130.51,51.76,0,26.59,E Avoid,50,11.0,18,0.12,44.5,10.91,Bullish,52.1,0.0,28.07,E Avoid,-1.48,-0.34,0.0,No Major Change
07.10.2026 at 10:09 AM IST,KECL,Industrials,Specialty Industrial Machinery,129.49,56.84,0,25.99,E Avoid,40,0.0,48,0.25,71.58,16.46,Bearish,55.23,0.0,27.47,E Avoid,-1.48,1.61,0.0,No Major Change
07.10.2026 at 10:09 AM IST,KIRLOSENG,Industrials,Specialty Industrial Machinery,2247.8,53.81,0,24.54,E Avoid,50,3.0,28,0.07,160.7,17.19,Bullish,55.23,0.0,26.02,E Avoid,-1.48,-1.42,0.0,No Major Change
07.10.2026 at 10:09 AM IST,CEMPRO,Industrials,Engineering & Construction,1148.1,32.77,0,21.04,E Avoid,23,15.0,20,0.25,128.7,30.38,Bearish,34.47,0.0,22.52,E Avoid,-1.48,-1.7,0.0,No Major Change
07.10.2026 at 10:09 AM IST,SCHNEIDER,Industrials,Electrical Equipment & Parts,1253.0,53.18,0,20.99,E Avoid,50,1.0,18,0.11,119.11,19.06,Bullish,57.36,0.0,22.47,E Avoid,-1.48,-4.18,0.0,No Major Change
07.10.2026 at 10:09 AM IST,KIRLOSBROS,Industrials,Specialty Industrial Machinery,1735.5,41.49,0,20.64,E Avoid,23,21.0,10,0.06,30.49,20.42,Bearish,42.59,0.0,22.12,E Avoid,-1.48,-1.1,0.0,No Major Change
07.10.2026 at 10:09 AM IST,HIRECT,Industrials,Electrical Equipment & Parts,1132.5,37.66,0,20.39,E Avoid,23,4.0,30,0.21,100.58,18.96,Bearish,39.38,0.0,21.87,E Avoid,-1.48,-1.72,0.0,No Major Change
07.10.2026 at 10:09 AM IST,INDIGO,Industrials,Airlines,5055.0,54.93,0,20.24,E Avoid,40,0.0,18,0.26,29.78,15.33,Bearish,54.68,0.0,21.72,E Avoid,-1.48,0.25,0.0,No Major Change
07.10.2026 at 10:09 AM IST,RITCO,Industrials,Integrated Freight & Logistics,285.55,44.86,0,19.89,E Avoid,28,4.0,30,0.02,70.89,13.77,Bearish,44.86,0.0,21.37,E Avoid,-1.48,0.0,0.0,No Major Change
07.10.2026 at 10:09 AM IST,EXICOM,Industrials,Electrical Equipment & Parts,154.0,42.65,0,17.89,E Avoid,23,4.0,20,0.15,103.7,18.59,Bearish,44.36,0.0,19.37,E Avoid,-1.48,-1.71,0.0,No Major Change
07.10.2026 at 10:09 AM IST,ZENTEC,Industrials,Aerospace & Defense,1599.1,36.46,0,16.79,E Avoid,23,14.0,10,0.19,30.82,21.71,Bearish,37.85,0.0,18.27,E Avoid,-1.48,-1.39,0.0,No Major Change
07.10.2026 at 10:09 AM IST,WAAREERTL,Industrials,Engineering & Construction,815.85,41.24,15,13.99,E Avoid,16,48.0,0,0.16,4.66,39.92,Bearish,44.75,15.0,15.47,E Avoid,-1.48,-3.51,0.0,No Major Change
07.10.2026 at 10:09 AM IST,ALLCARGO,Industrials,Integrated Freight & Logistics,10.34,42.38,5,13.99,E Avoid,23,5.0,30,0.14,45.43,71.71,Bearish,43.89,5.0,15.47,E Avoid,-1.48,-1.51,0.0,No Major Change
07.10.2026 at 10:09 AM IST,TIMKEN,Industrials,Tools & Accessories,3122.6,45.76,15,11.34,E Avoid,17,38.0,8,0.12,11.59,20.38,Bearish,48.44,15.0,12.82,E Avoid,-1.48,-2.68,0.0,No Major Change
07.10.2026 at 10:09 AM IST,KSB,Industrials,Specialty Industrial Machinery,803.4,48.03,15,7.49,E Avoid,17,29.0,8,0.03,21.11,21.49,Bearish,49.36,15.0,8.97,E Avoid,-1.48,-1.33,0.0,No Major Change
07.10.2026 at 10:09 AM IST,BDL,Industrials,Aerospace & Defense,1081.0,30.95,15,7.34,E Avoid,16,33.0,0,0.23,0.91,33.56,Bearish,33.77,15.0,8.82,E Avoid,-1.48,-2.82,0.0,No Major Change
07.10.2026 at 10:09 AM IST,NOIDATOLL,Industrials,Infrastructure Operations,3.69,40.73,15,6.94,E Avoid,13,38.0,0,0.15,28.57,50.34,Bearish,39.81,15.0,8.42,E Avoid,-1.48,0.92,0.0,No Major Change
07.10.2026 at 10:09 AM IST,TEAMLEASE,Industrials,Staffing & Employment Services,1118.3,27.99,15,6.64,E Avoid,9,37.0,0,0.13,4.98,40.27,Bearish,29.71,15.0,8.12,E Avoid,-1.48,-1.72,0.0,No Major Change
07.10.2026 at 10:09 AM IST,INDIANHUME,Industrials,Engineering & Construction,347.0,41.29,15,5.99,E Avoid,13,22.0,20,0.22,25.57,18.67,Bearish,37.49,15.0,7.47,E Avoid,-1.48,3.8,0.0,No Major Change
07.10.2026 at 10:09 AM IST,FLAIR,Industrials,Business Equipment & Supplies,226.17,32.08,15,5.59,E Avoid,16,33.0,0,0.14,4.31,34.31,Bearish,33.79,15.0,7.07,E Avoid,-1.48,-1.71,0.0,No Major Change
07.10.2026 at 10:09 AM IST,CMSINFO,Industrials,Specialty Business Services,218.61,30.36,15,5.59,E Avoid,16,33.0,0,0.06,1.62,43.31,Bearish,33.31,15.0,7.07,E Avoid,-1.48,-2.95,0.0,No Major Change
07.10.2026 at 10:09 AM IST,DJML,Industrials,Specialty Business Services,72.52,36.66,15,5.34,E Avoid,8,33.0,0,0.08,39.63,41.82,Bearish,39.73,15.0,6.82,E Avoid,-1.48,-3.07,0.0,No Major Change
07.10.2026 at 10:09 AM IST,RVNL,Industrials,Engineering & Construction,196.75,37.97,15,5.24,E Avoid,16,28.0,0,0.16,1.39,50.59,Bearish,40.04,15.0,6.72,E Avoid,-1.48,-2.07,0.0,Fresh Weakness
07.10.2026 at 10:09 AM IST,TRITURBINE,Industrials,Specialty Industrial Machinery,534.55,39.05,15,4.19,E Avoid,13,19.0,10,0.25,25.23,31.89,Bearish,39.89,15.0,5.67,E Avoid,-1.48,-0.84,0.0,No Major Change
07.10.2026 at 10:09 AM IST,JKIL,Industrials,Engineering & Construction,443.8,30.79,15,3.84,E Avoid,16,28.0,0,0.2,5.31,33.4,Bearish,32.6,15.0,5.32,E Avoid,-1.48,-1.81,0.0,No Major Change
07.10.2026 at 10:09 AM IST,PATELENG,Industrials,Engineering & Construction,25.88,39.51,15,3.79,E Avoid,13,30.0,0,0.1,17.64,32.83,Bearish,39.97,15.0,5.27,E Avoid,-1.48,-0.46,0.0,No Major Change
07.10.2026 at 10:09 AM IST,ARE&M,Industrials,Electrical Equipment & Parts,736.25,19.53,25,3.34,E Avoid,9,44.0,10,0.21,10.55,27.63,Bearish,21.39,25.0,4.82,E Avoid,-1.48,-1.86,0.0,No Major Change
07.10.2026 at 10:09 AM IST,AHLUCONT,Industrials,Engineering & Construction,568.95,35.56,15,2.44,E Avoid,16,24.0,0,0.09,5.25,47.16,Bearish,38.97,15.0,3.92,E Avoid,-1.48,-3.41,0.0,No Major Change
07.10.2026 at 10:09 AM IST,SUZLON,Industrials,Specialty Industrial Machinery,38.63,20.24,25,1.89,E Avoid,9,51.0,0,0.24,1.15,37.19,Bearish,22.12,25.0,3.37,E Avoid,-1.48,-1.88,0.0,No Major Change
07.10.2026 at 10:09 AM IST,APOLSINHOT,Industrials,Specialty Business Services,1174.7,42.76,15,1.74,E Avoid,13,12.0,10,0.05,23.96,18.22,Bearish,42.76,15.0,3.22,E Avoid,-1.48,0.0,0.0,No Major Change
07.10.2026 at 10:09 AM IST,S&SPOWER,Industrials,Electrical Equipment & Parts,283.0,31.86,15,1.14,E Avoid,8,21.0,0,0.13,46.25,36.4,Bearish,32.91,15.0,2.62,E Avoid,-1.48,-1.05,0.0,No Major Change
07.10.2026 at 10:09 AM IST,JWL,Industrials,Railroads,223.74,39.3,15,1.04,E Avoid,16,15.0,0,0.06,2.42,37.55,Bearish,40.17,15.0,2.52,E Avoid,-1.48,-0.87,0.0,Fresh Weakness
07.10.2026 at 10:09 AM IST,SNOWMAN,Industrials,Integrated Freight & Logistics,33.9,34.69,15,0.99,E Avoid,13,22.0,0,0.15,11.15,36.22,Bearish,37.22,15.0,2.47,E Avoid,-1.48,-2.53,0.0,No Major Change
07.10.2026 at 10:09 AM IST,DREDGECORP,Industrials,Engineering & Construction,901.4,26.56,15,0.54,E Avoid,4,15.0,10,0.16,67.55,29.91,Bearish,28.64,15.0,2.02,E Avoid,-1.48,-2.08,0.0,No Major Change
07.10.2026 at 10:09 AM IST,KNRCON,Industrials,Engineering & Construction,114.9,40.77,15,0.19,E Avoid,21,14.0,0,0.08,5.96,41.56,Bearish,42.26,15.0,1.67,E Avoid,-1.48,-1.49,0.0,No Major Change
07.10.2026 at 10:09 AM IST,BFUTILITIE,Industrials,Infrastructure Operations,496.8,35.91,15,0.14,E Avoid,8,19.0,10,0.05,34.74,40.43,Bearish,36.79,15.0,1.62,E Avoid,-1.48,-0.88,0.0,No Major Change
07.10.2026 at 10:09 AM IST,PPL,Unknown,Unknown,250.1,40.41,0,10.3,E Avoid,23,0.0,10,0.18,54.58,24.56,Bearish,42.21,0.0,11.81,E Avoid,-1.51,-1.8,0.0,No Major Change
07.10.2026 at 10:09 AM IST,SHILPAMED,Healthcare,Drug Manufacturers - Specialty & Generic,1056.1,61.5,0,54.35,C Neutral,60,42.0,65,0.11,307.23,3.55,Bullish,65.23,0.0,55.87,B Watchlist,-1.52,-3.73,0.0,Band Changed: B Watchlist → C Neutral
07.10.2026 at 10:09 AM IST,AARTIPHARM,Healthcare,Drug Manufacturers - Specialty & Generic,959.2,62.2,0,53.3,C Neutral,60,39.0,65,0.11,64.36,4.31,Bullish,66.01,0.0,54.82,C Neutral,-1.52,-3.81,0.0,No Major Change
07.10.2026 at 10:09 AM IST,AJANTPHARM,Healthcare,Drug Manufacturers - Specialty & Generic,3559.2,51.92,0,50.95,C Neutral,65,48.0,38,0.1,52.6,6.24,Bullish,53.12,0.0,52.47,C Neutral,-1.52,-1.2,0.0,No Major Change
07.10.2026 at 10:09 AM IST,DIVISLAB,Healthcare,Drug Manufacturers - Specialty & Generic,9561.0,61.29,0,50.05,C Neutral,65,44.0,40,0.11,69.99,1.84,Bullish,61.01,0.0,51.57,C Neutral,-1.52,0.28,0.0,No Major Change
07.10.2026 at 10:09 AM IST,MOREPENLAB,Healthcare,Drug Manufacturers - Specialty & Generic,148.11,78.25,0,49.9,C Neutral,52,39.0,65,0.61,348.88,1.72,Bullish,76.08,0.0,51.42,C Neutral,-1.52,2.17,0.0,No Major Change
07.10.2026 at 10:09 AM IST,CUPID,Consumer Defensive,Household & Personal Products,338.3,73.86,0,48.9,C Neutral,52,39.0,65,0.65,709.02,0.5,Bullish,70.12,0.0,50.42,C Neutral,-1.52,3.74,0.0,No Major Change
07.10.2026 at 10:09 AM IST,AEROPLANE,Consumer Defensive,Farm Products,209.59,60.89,0,40.65,D Weak,50,34.0,48,0.04,79.11,3.37,Bullish,60.58,0.0,42.17,D Weak,-1.52,0.31,0.0,No Major Change
07.10.2026 at 10:09 AM IST,MAWANASUG,Consumer Defensive,Confectioners,151.31,63.38,0,39.9,D Weak,65,16.0,58,0.61,108.88,7.74,Bullish,60.74,0.0,41.42,D Weak,-1.52,2.64,0.0,No Major Change
07.10.2026 at 10:09 AM IST,HMAAGRO,Consumer Defensive,Packaged Foods,24.41,65.37,0,39.55,D Weak,50,35.0,45,0.03,27.87,28.71,Bullish,66.92,0.0,41.07,D Weak,-1.52,-1.55,0.0,No Major Change
07.10.2026 at 10:09 AM IST,SURAKSHA,Healthcare,Diagnostics & Research,328.65,45.31,0,39.35,D Weak,42,37.0,30,0.06,46.65,8.71,Bullish,47.36,0.0,40.87,D Weak,-1.52,-2.05,0.0,No Major Change
07.10.2026 at 10:09 AM IST,ALBERTDAVD,Healthcare,Drug Manufacturers - Specialty & Generic,836.15,46.23,0,39.0,D Weak,42,40.0,30,0.04,45.24,10.27,Bullish,47.14,0.0,40.52,D Weak,-1.52,-0.91,0.0,No Major Change
07.10.2026 at 10:09 AM IST,DBOL,Consumer Defensive,Farm Products,139.71,69.57,0,38.15,D Weak,75,11.0,48,1.55,105.32,1.58,Bullish,68.41,0.0,39.67,D Weak,-1.52,1.16,0.0,No Major Change
07.10.2026 at 10:09 AM IST,GLAXO,Healthcare,Drug Manufacturers - General,2721.6,38.78,0,35.6,D Weak,23,47.0,20,0.04,30.34,12.79,Bearish,42.48,0.0,37.12,D Weak,-1.52,-3.7,0.0,Fresh Weakness
07.10.2026 at 10:09 AM IST,GAEL,Consumer Defensive,Packaged Foods,161.29,47.77,0,35.45,D Weak,32,51.0,20,0.04,59.66,12.66,Bearish,49.84,0.0,36.97,D Weak,-1.52,-2.07,0.0,No Major Change
07.10.2026 at 10:09 AM IST,GILLANDERS,Consumer Defensive,Farm Products,112.9,63.45,0,34.35,E Avoid,50,16.0,48,0.34,48.55,12.75,Bullish,60.97,0.0,35.87,D Weak,-1.52,2.48,0.0,Band Changed: D Weak → E Avoid
07.10.2026 at 10:09 AM IST,CORONA,Healthcare,Drug Manufacturers - General,2031.5,39.39,0,33.9,E Avoid,23,35.0,30,0.03,52.82,11.38,Bearish,40.29,0.0,35.42,D Weak,-1.52,-0.9,0.0,"Fresh Weakness, Band Changed: D Weak → E Avoid"
07.10.2026 at 10:09 AM IST,STAR,Healthcare,Drug Manufacturers - Specialty & Generic,1080.1,40.72,0,33.75,E Avoid,38,35.0,20,0.11,41.18,14.34,Bullish,42.09,0.0,35.27,D Weak,-1.52,-1.37,0.0,Band Changed: D Weak → E Avoid
07.10.2026 at 10:09 AM IST,MAGADSUGAR,Consumer Defensive,Confectioners,557.8,55.98,0,32.4,E Avoid,55,16.0,38,0.49,37.1,12.15,Bullish,54.81,0.0,33.92,E Avoid,-1.52,1.17,0.0,No Major Change
07.10.2026 at 10:09 AM IST,ABDL,Consumer Defensive,Beverages - Wineries & Distilleries,712.0,64.34,0,32.3,E Avoid,60,0.0,55,0.06,87.95,5.55,Bullish,64.92,0.0,33.82,E Avoid,-1.52,-0.58,0.0,No Major Change
07.10.2026 at 10:09 AM IST,HESTERBIO,Healthcare,Drug Manufacturers - Specialty & Generic,2168.3,44.29,0,32.0,E Avoid,28,30.0,30,0.32,75.72,19.2,Bearish,44.89,0.0,33.52,E Avoid,-1.52,-0.6,0.0,No Major Change
07.10.2026 at 10:09 AM IST,TTKHLTCARE,Healthcare,Drug Manufacturers - General,1030.9,44.24,0,30.7,E Avoid,23,37.0,20,0.08,41.69,17.33,Bearish,44.44,0.0,32.22,E Avoid,-1.52,-0.2,0.0,No Major Change
07.10.2026 at 10:09 AM IST,UTTAMSUGAR,Consumer Defensive,Confectioners,306.15,62.36,0,30.35,E Avoid,55,3.0,48,0.48,70.56,14.03,Bullish,60.53,0.0,31.87,E Avoid,-1.52,1.83,0.0,No Major Change
07.10.2026 at 10:09 AM IST,VBL,Consumer Defensive,Beverages - Non-Alcoholic,441.9,61.64,15,29.45,E Avoid,45,72.0,8,0.16,16.37,20.4,Bullish,59.95,15.0,30.97,E Avoid,-1.52,1.69,0.0,Fresh Momentum
07.10.2026 at 10:09 AM IST,GLENMARK,Healthcare,Drug Manufacturers - Specialty & Generic,2281.4,38.69,0,29.3,E Avoid,23,33.0,20,0.13,27.39,10.01,Bearish,42.0,0.0,30.82,E Avoid,-1.52,-3.31,0.0,Fresh Weakness
07.10.2026 at 10:09 AM IST,SIGACHI,Healthcare,Drug Manufacturers - Specialty & Generic,29.69,47.11,0,25.85,E Avoid,27,10.0,40,0.12,78.89,27.0,Bearish,47.51,0.0,27.37,E Avoid,-1.52,-0.4,0.0,No Major Change
07.10.2026 at 10:09 AM IST,VAISHALI,Healthcare,Drug Manufacturers - Specialty & Generic,8.05,41.95,0,23.75,E Avoid,23,14.0,30,0.31,69.47,30.54,Bearish,44.49,0.0,25.27,E Avoid,-1.52,-2.54,0.0,No Major Change
07.10.2026 at 10:09 AM IST,HALDER,Consumer Defensive,Farm Products,262.0,48.32,0,23.5,E Avoid,22,25.0,20,0.03,24.76,17.87,Bearish,49.08,0.0,25.02,E Avoid,-1.52,-0.76,0.0,No Major Change
07.10.2026 at 10:09 AM IST,INDOCO,Healthcare,Drug Manufacturers - Specialty & Generic,245.45,47.51,0,22.35,E Avoid,42,8.0,18,0.01,51.47,22.59,Bullish,48.4,0.0,23.87,E Avoid,-1.52,-0.89,0.0,No Major Change
07.10.2026 at 10:09 AM IST,RANASUG,Consumer Defensive,Confectioners,13.92,48.92,0,18.65,E Avoid,32,4.0,20,0.11,36.34,15.38,Bearish,46.45,0.0,20.17,E Avoid,-1.52,2.47,0.0,No Major Change
07.10.2026 at 10:09 AM IST,PATANJALI,Consumer Defensive,Packaged Foods,360.25,46.9,15,15.2,E Avoid,37,41.0,8,0.07,10.49,40.55,Bullish,48.49,15.0,16.72,E Avoid,-1.52,-1.59,0.0,No Major Change
07.10.2026 at 10:09 AM IST,JARO,Consumer Defensive,Education & Training Services,413.4,34.53,15,12.15,E Avoid,16,52.0,0,0.04,8.46,44.57,Bearish,34.36,15.0,13.67,E Avoid,-1.52,0.17,0.0,No Major Change
07.10.2026 at 10:09 AM IST,FDC,Healthcare,Drug Manufacturers - Specialty & Generic,332.45,37.91,15,11.4,E Avoid,16,44.0,0,0.11,6.23,28.91,Bearish,38.71,15.0,12.92,E Avoid,-1.52,-0.8,0.0,No Major Change
07.10.2026 at 10:09 AM IST,MARICO,Consumer Defensive,Household & Personal Products,785.95,38.98,15,10.75,E Avoid,13,40.0,10,0.05,12.1,11.6,Bearish,41.63,15.0,12.27,E Avoid,-1.52,-2.65,0.0,Fresh Weakness
07.10.2026 at 10:09 AM IST,MEDIASSIST,Healthcare,Healthcare Plans,300.8,37.2,15,10.7,E Avoid,16,42.0,0,0.14,3.3,47.41,Bearish,40.27,15.0,12.22,E Avoid,-1.52,-3.07,0.0,Fresh Weakness
07.10.2026 at 10:09 AM IST,LAXMIDENTL,Healthcare,Medical Instruments & Supplies,190.62,38.94,15,10.5,E Avoid,18,40.0,0,0.09,22.29,44.72,Bearish,39.03,15.0,12.02,E Avoid,-1.52,-0.09,0.0,No Major Change
07.10.2026 at 10:09 AM IST,GROBTEA,Consumer Defensive,Farm Products,872.8,36.47,15,9.4,E Avoid,16,37.0,10,0.08,8.66,28.6,Bearish,36.88,15.0,10.92,E Avoid,-1.52,-0.41,0.0,No Major Change
07.10.2026 at 10:09 AM IST,SKMEGGPROD,Consumer Defensive,Packaged Foods,211.34,37.91,15,8.3,E Avoid,13,37.0,10,0.38,48.44,42.9,Bearish,36.36,15.0,9.82,E Avoid,-1.52,1.55,0.0,No Major Change
07.10.2026 at 10:09 AM IST,APTECHT,Consumer Defensive,Education & Training Services,87.74,41.71,15,7.25,E Avoid,13,35.0,10,0.08,32.31,31.71,Bearish,43.44,15.0,8.77,E Avoid,-1.52,-1.73,0.0,No Major Change
07.10.2026 at 10:09 AM IST,APEX,Consumer Defensive,Farm Products,339.2,41.48,15,4.75,E Avoid,13,35.0,0,0.41,55.3,33.64,Bearish,41.88,15.0,6.27,E Avoid,-1.52,-0.4,0.0,No Major Change
07.10.2026 at 10:09 AM IST,SHALBY,Healthcare,Medical Care Facilities,135.99,38.3,15,4.4,E Avoid,16,28.0,0,0.02,8.08,48.49,Bearish,38.57,15.0,5.92,E Avoid,-1.52,-0.27,0.0,No Major Change
07.10.2026 at 10:09 AM IST,CCL,Consumer Defensive,Packaged Foods,1059.0,47.55,15,3.65,E Avoid,17,31.0,0,0.14,30.57,14.51,Bearish,46.24,15.0,5.17,E Avoid,-1.52,1.31,0.0,No Major Change
07.10.2026 at 10:09 AM IST,NH,Healthcare,Medical Care Facilities,1715.9,30.99,15,2.65,E Avoid,16,22.0,0,0.08,8.23,18.01,Bearish,31.88,15.0,4.17,E Avoid,-1.52,-0.89,0.0,No Major Change
07.10.2026 at 10:09 AM IST,CIPLA,Healthcare,Drug Manufacturers - Specialty & Generic,1335.0,33.6,15,1.6,E Avoid,13,20.0,10,0.09,15.6,19.45,Bearish,35.0,15.0,3.12,E Avoid,-1.52,-1.4,0.0,No Major Change
07.10.2026 at 10:09 AM IST,GOKUL,Consumer Defensive,Packaged Foods,38.76,40.37,15,1.25,E Avoid,13,27.0,0,0.37,25.03,17.18,Bearish,40.53,15.0,2.77,E Avoid,-1.52,-0.16,0.0,No Major Change
07.10.2026 at 10:09 AM IST,WELCORP,Basic Materials,Steel,2657.0,54.1,0,50.22,C Neutral,60,42.0,58,0.14,275.47,8.38,Bullish,54.28,0.0,51.77,C Neutral,-1.55,-0.18,0.0,No Major Change
07.10.2026 at 10:09 AM IST,MANINDS,Basic Materials,Steel,921.2,57.94,0,48.77,C Neutral,50,42.0,65,0.04,204.98,11.4,Bullish,58.12,0.0,50.32,C Neutral,-1.55,-0.18,0.0,No Major Change
07.10.2026 at 10:09 AM IST,VENUSPIPES,Basic Materials,Steel,2205.0,65.91,0,47.77,C Neutral,60,30.0,65,0.14,147.83,6.09,Bullish,67.91,0.0,49.32,C Neutral,-1.55,-2.0,0.0,No Major Change
07.10.2026 at 10:09 AM IST,USHAMART,Basic Materials,Steel,512.55,53.82,0,45.92,C Neutral,60,44.0,38,0.07,35.89,5.54,Bullish,56.14,0.0,47.47,C Neutral,-1.55,-2.32,0.0,No Major Change
07.10.2026 at 10:09 AM IST,TNPETRO,Basic Materials,Specialty Chemicals,124.04,50.03,0,44.97,D Weak,50,46.0,40,0.12,59.55,14.61,Bullish,52.87,0.0,46.52,C Neutral,-1.55,-2.84,0.0,Band Changed: C Neutral → D Weak
07.10.2026 at 10:09 AM IST,SRHHYPOLTD,Basic Materials,Chemicals,548.0,51.85,0,42.37,D Weak,50,40.0,38,0.03,44.14,18.21,Bullish,52.04,0.0,43.92,D Weak,-1.55,-0.19,0.0,No Major Change
07.10.2026 at 10:09 AM IST,HSCL,Basic Materials,Specialty Chemicals,666.35,46.49,0,37.42,D Weak,27,44.0,30,0.09,59.44,18.69,Bearish,47.45,0.0,38.97,D Weak,-1.55,-0.96,0.0,No Major Change
07.10.2026 at 10:09 AM IST,ACUTAAS,Basic Materials,Specialty Chemicals,3154.9,43.69,0,35.67,D Weak,23,49.0,20,0.13,128.77,15.58,Bearish,43.79,0.0,37.22,D Weak,-1.55,-0.1,0.0,No Major Change
07.10.2026 at 10:09 AM IST,SHAILY,Basic Materials,Specialty Chemicals,3082.5,45.43,0,34.27,E Avoid,27,35.0,30,0.09,74.22,14.66,Bearish,46.17,0.0,35.82,D Weak,-1.55,-0.74,0.0,Band Changed: D Weak → E Avoid
07.10.2026 at 10:09 AM IST,ESTER,Basic Materials,Specialty Chemicals,93.37,53.9,0,29.07,E Avoid,50,5.0,38,0.02,36.6,29.3,Bullish,54.87,0.0,30.62,E Avoid,-1.55,-0.97,0.0,No Major Change
07.10.2026 at 10:09 AM IST,CMPDI,Basic Materials,Other Industrial Metals & Mining,209.08,44.03,0,25.57,E Avoid,8,43.0,10,0.07,40.41,25.68,Bearish,44.81,0.0,27.12,E Avoid,-1.55,-0.78,0.0,No Major Change
07.10.2026 at 10:09 AM IST,GUJALKALI,Basic Materials,Chemicals,605.15,36.91,0,22.67,E Avoid,23,23.0,10,0.06,51.89,23.75,Bearish,39.2,0.0,24.22,E Avoid,-1.55,-2.29,0.0,No Major Change
07.10.2026 at 10:09 AM IST,VAML,Basic Materials,Aluminum,396.6,37.68,0,22.27,E Avoid,16,39.0,0,0.07,1.32,24.86,Bearish,39.39,0.0,23.82,E Avoid,-1.55,-1.71,0.0,No Major Change
07.10.2026 at 10:09 AM IST,SURYAROSNI,Basic Materials,Steel,219.86,51.59,15,18.22,E Avoid,25,47.0,18,0.03,18.71,28.63,Bearish,54.12,15.0,19.77,E Avoid,-1.55,-2.53,0.0,No Major Change
07.10.2026 at 10:09 AM IST,HINDZINC,Basic Materials,Other Industrial Metals & Mining,554.5,40.15,15,15.32,E Avoid,13,53.0,10,0.18,24.51,22.97,Bearish,41.39,15.0,16.87,E Avoid,-1.55,-1.24,0.0,No Major Change
07.10.2026 at 10:09 AM IST,BOHRAIND,Basic Materials,Agricultural Inputs,15.01,56.14,15,11.47,E Avoid,40,16.0,25,0.2,29.4,34.68,Bullish,52.19,15.0,13.02,E Avoid,-1.55,3.95,0.0,No Major Change
07.10.2026 at 10:09 AM IST,NUVOCO,Basic Materials,Building Materials,325.4,46.73,15,11.47,E Avoid,17,34.0,20,0.04,17.79,26.02,Bearish,47.4,15.0,13.02,E Avoid,-1.55,-0.67,0.0,No Major Change
07.10.2026 at 10:09 AM IST,VISL,Basic Materials,Steel,30.42,39.09,0,10.47,E Avoid,8,13.0,0,0.12,59.6,32.07,Bearish,40.28,0.0,12.02,E Avoid,-1.55,-1.19,0.0,Fresh Weakness
07.10.2026 at 10:09 AM IST,LINDEINDIA,Basic Materials,Specialty Chemicals,6101.0,39.73,15,9.37,E Avoid,16,36.0,0,0.05,7.73,24.07,Bearish,42.17,15.0,10.92,E Avoid,-1.55,-2.44,0.0,Fresh Weakness
07.10.2026 at 10:09 AM IST,RALLIS,Basic Materials,Agricultural Inputs,197.9,34.91,15,9.02,E Avoid,16,44.0,0,0.11,0.58,35.35,Bearish,40.27,15.0,10.57,E Avoid,-1.55,-5.36,0.0,Fresh Weakness
07.10.2026 at 10:09 AM IST,VINATIORGA,Basic Materials,Specialty Chemicals,1169.5,33.26,15,6.92,E Avoid,16,32.0,0,0.15,2.26,32.29,Bearish,35.48,15.0,8.47,E Avoid,-1.55,-2.22,0.0,No Major Change
07.10.2026 at 10:09 AM IST,AGROPHOS,Basic Materials,Agricultural Inputs,22.15,29.86,15,5.17,E Avoid,9,38.0,0,0.07,5.48,50.76,Bearish,28.68,15.0,6.72,E Avoid,-1.55,1.18,0.0,No Major Change
07.10.2026 at 10:09 AM IST,ADVENZYMES,Basic Materials,Specialty Chemicals,272.15,27.75,15,5.17,E Avoid,9,33.0,0,0.23,8.48,34.77,Bearish,28.47,15.0,6.72,E Avoid,-1.55,-0.72,0.0,No Major Change
07.10.2026 at 10:09 AM IST,GULPOLY,Basic Materials,Chemicals,167.49,41.72,15,4.42,E Avoid,13,32.0,0,0.14,38.93,25.84,Bearish,42.44,15.0,5.97,E Avoid,-1.55,-0.72,0.0,No Major Change
07.10.2026 at 10:09 AM IST,NFL,Basic Materials,Agricultural Inputs,63.95,30.81,15,2.92,E Avoid,21,23.0,0,0.18,2.48,33.96,Bearish,38.49,15.0,4.47,E Avoid,-1.55,-7.68,0.0,No Major Change
07.10.2026 at 10:09 AM IST,BHAGCHEM,Basic Materials,Agricultural Inputs,239.61,38.04,15,2.72,E Avoid,13,19.0,10,0.1,40.53,24.39,Bearish,38.39,15.0,4.27,E Avoid,-1.55,-0.35,0.0,No Major Change
07.10.2026 at 10:09 AM IST,CHAMBLFERT,Basic Materials,Agricultural Inputs,398.5,32.7,15,2.72,E Avoid,16,26.0,0,0.12,1.03,21.32,Bearish,37.11,15.0,4.27,E Avoid,-1.55,-4.41,0.0,No Major Change
07.10.2026 at 10:09 AM IST,MAANALU,Basic Materials,Aluminum,102.72,39.43,15,2.72,E Avoid,16,24.0,0,0.21,7.0,44.4,Bearish,43.75,15.0,4.27,E Avoid,-1.55,-4.32,0.0,Fresh Weakness
07.10.2026 at 10:09 AM IST,TATASTEEL,Basic Materials,Steel,176.9,36.85,15,2.32,E Avoid,13,27.0,0,0.2,12.8,19.54,Bearish,39.42,15.0,3.87,E Avoid,-1.55,-2.57,0.0,No Major Change
07.10.2026 at 10:09 AM IST,VINYLINDIA,Basic Materials,Specialty Chemicals,215.16,39.33,15,2.32,E Avoid,13,26.0,0,0.09,36.96,25.76,Bearish,36.21,15.0,3.87,E Avoid,-1.55,3.12,0.0,No Major Change
07.10.2026 at 10:09 AM IST,SPIC,Basic Materials,Agricultural Inputs,62.9,39.37,15,1.27,E Avoid,13,24.0,0,0.12,17.58,32.7,Bearish,39.98,15.0,2.82,E Avoid,-1.55,-0.61,0.0,No Major Change
07.10.2026 at 10:09 AM IST,CAMLINFINE,Basic Materials,Specialty Chemicals,93.47,37.71,15,0.97,E Avoid,16,16.0,0,0.08,4.88,55.9,Bearish,39.74,15.0,2.52,E Avoid,-1.55,-2.03,0.0,No Major Change
07.10.2026 at 10:09 AM IST,HISARMETAL,Basic Materials,Steel,145.0,32.67,15,0.22,E Avoid,13,21.0,0,0.03,16.78,24.13,Bearish,33.21,15.0,1.77,E Avoid,-1.55,-0.54,0.0,No Major Change
07.10.2026 at 10:09 AM IST,MKPL,Consumer Defensive,Packaged Foods,4.02,49.75,15,0.0,E Avoid,22,7.0,0,0.14,12.92,44.17,Bearish,47.42,15.0,1.57,E Avoid,-1.57,2.33,0.0,No Major Change
07.10.2026 at 10:09 AM IST,ADVANIHOTR,Consumer Cyclical,Lodging,48.19,48.24,15,4.59,E Avoid,25,24.0,0,0.1,4.08,24.0,Bearish,41.99,15.0,6.17,E Avoid,-1.58,6.25,0.0,No Major Change
07.10.2026 at 10:09 AM IST,ACMESOLAR,Utilities,Utilities - Renewable,436.0,55.48,0,40.86,D Weak,60,33.0,48,0.13,122.76,8.58,Bullish,62.94,0.0,42.45,D Weak,-1.59,-7.46,0.0,No Major Change
07.10.2026 at 10:09 AM IST,GIPCL,Utilities,Utilities - Regulated Electric,173.3,36.05,0,31.26,E Avoid,23,48.0,20,0.17,47.54,16.44,Bearish,36.74,0.0,32.85,E Avoid,-1.59,-0.69,0.0,No Major Change
07.10.2026 at 10:09 AM IST,KALYANKJIL,Consumer Cyclical,Luxury Goods,565.95,48.11,0,27.38,E Avoid,32,26.0,20,0.91,73.75,12.43,Bearish,40.91,0.0,28.97,E Avoid,-1.59,7.2,0.0,No Major Change
07.10.2026 at 10:09 AM IST,NTPCGREEN,Utilities,Utilities - Renewable,89.45,45.48,15,5.86,E Avoid,20,32.0,8,0.07,6.49,25.43,Bearish,47.59,15.0,7.45,E Avoid,-1.59,-2.11,0.0,No Major Change
07.10.2026 at 10:09 AM IST,NHPC,Utilities,Utilities - Renewable,72.42,36.38,15,4.96,E Avoid,16,35.0,0,0.1,3.09,16.37,Bearish,39.4,15.0,6.55,E Avoid,-1.59,-3.02,0.0,No Major Change
07.10.2026 at 10:09 AM IST,KPIGREEN,Utilities,Utilities - Renewable,321.1,47.49,15,3.01,E Avoid,17,18.0,15,0.05,18.24,40.65,Bearish,49.63,15.0,4.6,E Avoid,-1.59,-2.14,0.0,No Major Change
07.10.2026 at 10:09 AM IST,MGL,Utilities,Utilities - Regulated Gas,1049.7,42.57,15,2.66,E Avoid,18,27.0,0,0.26,18.52,19.28,Bearish,38.26,15.0,4.25,E Avoid,-1.59,4.31,0.0,No Major Change
07.10.2026 at 10:09 AM IST,POWERGRID,Utilities,Utilities - Regulated Electric,253.95,35.78,15,1.11,E Avoid,16,24.0,0,0.06,3.2,21.49,Bearish,39.41,15.0,2.7,E Avoid,-1.59,-3.63,0.0,No Major Change
07.10.2026 at 10:09 AM IST,GMRAIRPORT,Industrials,Airports & Air Services,92.94,39.2,15,0.0,E Avoid,13,14.0,0,0.19,10.5,19.63,Bearish,39.48,15.0,1.62,E Avoid,-1.62,-0.28,0.0,No Major Change
07.10.2026 at 10:09 AM IST,SHRADHA,Real Estate,Real Estate - Development,30.48,48.3,15,1.82,E Avoid,22,19.0,0,0.01,17.84,40.09,Bearish,42.72,15.0,3.5,E Avoid,-1.68,5.58,0.0,No Major Change
07.10.2026 at 10:09 AM IST,DEN,Communication Services,Entertainment,25.95,39.22,15,0.0,E Avoid,18,19.0,0,0.26,15.23,27.82,Bearish,35.99,15.0,1.72,E Avoid,-1.72,3.23,0.0,No Major Change
07.10.2026 at 10:09 AM IST,ALLDIGI,Industrials,Specialty Business Services,779.65,47.32,15,11.34,E Avoid,22,34.0,10,0.32,15.43,16.65,Bearish,40.88,15.0,13.07,E Avoid,-1.73,6.44,0.0,No Major Change
07.10.2026 at 10:09 AM IST,ESCORTS,Industrials,Farm & Heavy Construction Machinery,2787.4,44.64,15,5.94,E Avoid,16,29.0,0,0.1,9.31,28.95,Bearish,46.91,15.0,7.67,E Avoid,-1.73,-2.27,0.0,No Major Change
07.10.2026 at 10:09 AM IST,ASHIMASYN,Real Estate,Real Estate - Development,14.75,27.56,15,0.0,E Avoid,4,14.0,10,0.95,28.26,37.23,Bearish,28.57,15.0,1.8,E Avoid,-1.8,-1.01,0.0,No Major Change
07.10.2026 at 10:09 AM IST,PYRAMID,Unknown,Unknown,155.62,45.03,15,0.0,E Avoid,17,0.0,18,0.03,18.46,21.42,Bearish,52.51,15.0,1.81,E Avoid,-1.81,-7.48,0.0,No Major Change
07.10.2026 at 10:09 AM IST,ETHOSLTD,Consumer Cyclical,Luxury Goods,2668.1,53.03,0,35.34,D Weak,40,40.0,20,0.1,39.01,17.8,Bearish,48.21,0.0,37.17,D Weak,-1.83,4.82,0.0,No Major Change
07.10.2026 at 10:09 AM IST,WESTLIFE,Consumer Cyclical,Restaurants,595.9,60.45,0,27.14,E Avoid,55,0.0,38,0.02,49.68,13.67,Bullish,59.82,0.0,28.97,E Avoid,-1.83,0.63,0.0,Fresh Momentum
07.10.2026 at 10:09 AM IST,MSUMI,Consumer Cyclical,Auto Parts,33.26,29.41,15,3.59,E Avoid,14,25.0,0,0.1,1.71,37.04,Bearish,30.04,15.0,5.42,E Avoid,-1.83,-0.63,0.0,No Major Change
07.10.2026 at 10:09 AM IST,RUBYMILLS,Consumer Cyclical,Textile Manufacturing,513.0,67.47,0,46.18,C Neutral,65,23.0,58,0.17,205.17,2.06,Bullish,67.29,0.0,48.02,C Neutral,-1.84,0.18,0.0,No Major Change
07.10.2026 at 10:09 AM IST,REMSONSIND,Consumer Cyclical,Auto Parts,103.34,50.82,0,33.98,E Avoid,50,9.0,48,0.62,37.51,31.99,Bullish,58.65,0.0,35.82,D Weak,-1.84,-7.83,0.0,Band Changed: D Weak → E Avoid
07.10.2026 at 10:09 AM IST,ATALREAL,Industrials,Engineering & Construction,11.9,25.19,25,0.0,E Avoid,9,37.0,0,0.05,1.71,67.57,Bearish,26.15,20.0,1.87,E Avoid,-1.87,-0.96,5.0,"Risk Increased, New Risk Warning"
07.10.2026 at 10:09 AM IST,ANGELONE,Financial Services,Capital Markets,299.4,57.19,0,37.62,D Weak,55,41.0,18,0.76,45.0,16.68,Bullish,54.09,0.0,39.5,D Weak,-1.88,3.1,0.0,No Major Change
07.10.2026 at 10:09 AM IST,LIKHITHA,Energy,Oil & Gas Equipment & Services,225.0,52.27,0,23.82,E Avoid,50,12.0,8,0.01,71.17,17.28,Bullish,53.73,0.0,25.72,E Avoid,-1.9,-1.46,0.0,No Major Change
07.10.2026 at 10:09 AM IST,AEGISLOG,Energy,Oil & Gas Refining & Marketing,1420.1,56.78,0,49.46,C Neutral,65,43.0,48,0.42,147.82,7.1,Bullish,54.49,0.0,51.37,C Neutral,-1.91,2.29,0.0,No Major Change
07.10.2026 at 10:09 AM IST,OPTIEMUS,Technology,Electronics & Computer Distribution,869.4,69.51,0,42.61,D Weak,60,22.0,65,0.21,201.88,6.0,Bullish,72.98,0.0,44.53,D Weak,-1.92,-3.47,0.0,No Major Change
07.10.2026 at 10:09 AM IST,DLF,Real Estate,Real Estate - Development,662.65,50.06,0,26.32,E Avoid,35,24.0,18,0.12,37.1,14.69,Bearish,51.38,0.0,28.25,E Avoid,-1.93,-1.32,0.0,No Major Change
07.10.2026 at 10:09 AM IST,MACPOWER,Industrials,Specialty Industrial Machinery,2057.7,54.08,0,52.39,C Neutral,60,42.0,58,0.13,170.61,8.59,Bullish,57.01,0.0,54.37,C Neutral,-1.98,-2.93,0.0,No Major Change
07.10.2026 at 10:09 AM IST,TARMAT,Industrials,Engineering & Construction,57.02,50.05,0,42.19,D Weak,60,40.0,20,0.0,23.26,22.84,Bullish,49.45,0.0,44.17,D Weak,-1.98,0.6,0.0,No Major Change
07.10.2026 at 10:09 AM IST,TEXRAIL,Industrials,Railroads,115.81,46.4,0,28.09,E Avoid,42,19.0,18,0.16,49.33,18.55,Bullish,48.34,0.0,30.07,E Avoid,-1.98,-1.94,0.0,No Major Change
07.10.2026 at 10:09 AM IST,BLUEDART,Industrials,Integrated Freight & Logistics,4538.5,28.76,15,6.49,E Avoid,14,28.0,0,0.36,1.8,35.5,Bearish,31.41,15.0,8.47,E Avoid,-1.98,-2.65,0.0,No Major Change
07.10.2026 at 10:09 AM IST,RAMKY,Industrials,Engineering & Construction,282.9,26.89,15,1.94,E Avoid,14,19.0,0,0.07,6.96,59.75,Bearish,30.01,15.0,3.92,E Avoid,-1.98,-3.12,0.0,No Major Change
07.10.2026 at 10:09 AM IST,EXCELSOFT,Unknown,Unknown,82.28,56.86,0,21.55,E Avoid,60,0.0,18,0.04,23.92,42.3,Bullish,56.53,0.0,23.56,E Avoid,-2.01,0.33,0.0,No Major Change
07.10.2026 at 10:09 AM IST,ZIMLAB,Healthcare,Drug Manufacturers - Specialty & Generic,137.55,58.85,0,40.85,D Weak,65,16.0,48,0.08,131.92,4.8,Bullish,60.2,0.0,42.87,D Weak,-2.02,-1.35,0.0,No Major Change
07.10.2026 at 10:09 AM IST,AJOONI,Consumer Defensive,Packaged Foods,3.04,26.99,15,2.55,E Avoid,14,27.0,0,0.4,3.05,44.73,Bearish,31.0,15.0,4.57,E Avoid,-2.02,-4.01,0.0,No Major Change
07.10.2026 at 10:09 AM IST,ZFSTEERING,Consumer Cyclical,Auto Parts,706.0,49.96,0,26.74,E Avoid,37,23.0,18,0.02,13.75,21.12,Bullish,51.32,0.0,28.82,E Avoid,-2.08,-1.36,0.0,No Major Change
07.10.2026 at 10:09 AM IST,ARTNIRMAN,Real Estate,Real Estate - Development,38.49,44.26,15,0.0,E Avoid,8,14.0,0,0.63,30.96,42.53,Bearish,51.33,15.0,2.1,E Avoid,-2.1,-7.07,0.0,No Major Change
07.10.2026 at 10:09 AM IST,MEDPLUS,Healthcare,Pharmaceutical Retailers,646.15,37.59,15,0.0,E Avoid,21,11.0,0,0.04,0.95,36.79,Bearish,42.0,15.0,2.12,E Avoid,-2.12,-4.41,0.0,Fresh Weakness
07.10.2026 at 10:09 AM IST,SVPGLOB,Consumer Cyclical,Textile Manufacturing,3.0,22.76,25,0.0,E Avoid,4,14.0,10,0.04,37.61,56.46,Bearish,31.73,15.0,2.12,E Avoid,-2.12,-8.97,10.0,"Risk Increased Sharply, New Risk Warning"
07.10.2026 at 10:09 AM IST,ARSSBL,Financial Services,Financial Conglomerates,560.3,73.73,0,25.57,E Avoid,42,22.0,15,0.96,35.89,28.88,Bullish,70.64,0.0,27.7,E Avoid,-2.13,3.09,0.0,No Major Change
07.10.2026 at 10:09 AM IST,JSWHL,Financial Services,Asset Management,11286.0,49.4,15,0.27,E Avoid,20,19.0,0,0.04,7.18,50.48,Bearish,50.1,15.0,2.4,E Avoid,-2.13,-0.7,0.0,No Major Change
07.10.2026 at 10:09 AM IST,BAJEL,Utilities,Utilities - Regulated Electric,162.95,31.25,15,0.0,E Avoid,13,21.0,0,0.07,21.03,24.13,Bearish,32.5,15.0,2.15,E Avoid,-2.15,-1.25,0.0,No Major Change
07.10.2026 at 10:09 AM IST,DRCSYSTEMS,Technology,Information Technology Services,12.77,48.4,15,12.51,E Avoid,17,51.0,0,0.07,11.04,38.99,Bearish,50.82,15.0,14.68,E Avoid,-2.17,-2.42,0.0,No Major Change
07.10.2026 at 10:09 AM IST,ZENSARTECH,Technology,Information Technology Services,438.95,47.38,15,7.66,E Avoid,20,40.0,0,0.03,6.29,45.11,Bearish,50.42,15.0,9.83,E Avoid,-2.17,-3.04,0.0,No Major Change
07.10.2026 at 10:09 AM IST,IRIS,Technology,Software - Application,223.5,39.1,15,4.71,E Avoid,18,33.0,0,0.01,10.1,42.41,Bearish,37.22,15.0,6.88,E Avoid,-2.17,1.88,0.0,No Major Change
07.10.2026 at 10:09 AM IST,XTGLOBAL,Technology,Software - Application,28.28,39.32,15,0.56,E Avoid,18,14.0,10,0.04,12.41,35.09,Bearish,34.46,15.0,2.73,E Avoid,-2.17,4.86,0.0,No Major Change
07.10.2026 at 10:09 AM IST,MANINFRA,Industrials,Engineering & Construction,122.72,48.98,0,45.84,C Neutral,42,49.0,40,0.05,60.1,17.41,Bullish,50.19,0.0,48.07,C Neutral,-2.23,-1.21,0.0,No Major Change
07.10.2026 at 10:09 AM IST,MSTCLTD,Industrials,Conglomerates,709.0,48.98,0,44.94,D Weak,47,50.0,30,0.1,98.06,10.9,Bullish,50.42,0.0,47.17,C Neutral,-2.23,-1.44,0.0,Band Changed: C Neutral → D Weak
07.10.2026 at 10:09 AM IST,POWERMECH,Industrials,Engineering & Construction,2406.8,46.88,0,33.19,E Avoid,27,45.0,10,0.07,40.2,19.92,Bearish,48.93,0.0,35.42,D Weak,-2.23,-2.05,0.0,Band Changed: D Weak → E Avoid
07.10.2026 at 10:09 AM IST,POWERINDIA,Industrials,Electrical Equipment & Parts,31530.0,49.32,0,32.69,E Avoid,32,40.0,10,0.1,95.75,18.69,Bearish,50.14,0.0,34.92,E Avoid,-2.23,-0.82,0.0,No Major Change
07.10.2026 at 10:09 AM IST,MARKOLINES,Industrials,Infrastructure Operations,169.3,47.76,0,28.54,E Avoid,32,30.0,20,0.01,28.6,11.71,Bearish,50.15,0.0,30.77,E Avoid,-2.23,-2.39,0.0,No Major Change
07.10.2026 at 10:09 AM IST,INNOVISION,Industrials,Staffing & Employment Services,256.15,47.41,0,22.14,E Avoid,25,26.0,0,0.02,4.04,45.5,Bearish,47.83,0.0,24.37,E Avoid,-2.23,-0.42,0.0,No Major Change
07.10.2026 at 10:09 AM IST,RACE,Industrials,Waste Management,106.82,48.12,15,5.79,E Avoid,27,18.0,8,0.34,27.0,55.49,Bullish,50.47,15.0,8.02,E Avoid,-2.23,-2.35,0.0,No Major Change
07.10.2026 at 10:09 AM IST,RPOWER,Utilities,Utilities - Independent Power Producers,20.46,42.69,15,0.0,E Avoid,16,15.0,0,0.42,7.18,59.67,Bearish,43.06,15.0,2.25,E Avoid,-2.25,-0.37,0.0,No Major Change
07.10.2026 at 10:09 AM IST,GICRE,Financial Services,Insurance - Reinsurance,315.0,33.74,15,0.0,E Avoid,16,20.0,0,0.3,1.12,21.72,Bearish,33.37,15.0,2.25,E Avoid,-2.25,0.37,0.0,No Major Change
07.10.2026 at 10:09 AM IST,SUNDROP,Consumer Defensive,Packaged Foods,751.9,70.53,0,40.05,D Weak,52,32.0,45,0.04,35.23,7.17,Bullish,68.59,0.0,42.32,D Weak,-2.27,1.94,0.0,RSI Overbought
07.10.2026 at 10:09 AM IST,VADILALIND,Consumer Defensive,Packaged Foods,7240.0,47.73,0,34.8,E Avoid,32,38.0,30,0.03,82.64,13.6,Bearish,50.01,0.0,37.07,D Weak,-2.27,-2.28,0.0,Band Changed: D Weak → E Avoid
07.10.2026 at 10:09 AM IST,CLEAN,Basic Materials,Specialty Chemicals,813.65,49.81,0,35.37,D Weak,47,35.0,20,0.1,25.38,25.31,Bullish,52.6,0.0,37.67,D Weak,-2.3,-2.79,0.0,No Major Change
07.10.2026 at 10:09 AM IST,STEELXIND,Basic Materials,Steel,11.26,49.19,0,28.02,E Avoid,47,17.0,20,0.03,60.86,19.28,Bullish,52.22,0.0,30.32,E Avoid,-2.3,-3.03,0.0,No Major Change
07.10.2026 at 10:09 AM IST,BERGEPAINT,Basic Materials,Specialty Chemicals,468.2,49.99,15,11.62,E Avoid,22,35.0,10,0.11,20.62,20.66,Bearish,52.38,15.0,13.92,E Avoid,-2.3,-2.39,0.0,No Major Change
07.10.2026 at 10:09 AM IST,SESHAPAPER,Basic Materials,Paper & Paper Products,233.76,40.66,15,5.87,E Avoid,13,30.0,10,0.03,11.45,19.55,Bearish,40.79,15.0,8.17,E Avoid,-2.3,-0.13,0.0,No Major Change
07.10.2026 at 10:09 AM IST,NAUKRI,Communication Services,Internet Content & Information,1227.8,43.7,0,32.14,E Avoid,28,46.0,20,0.04,35.59,12.92,Bearish,46.59,0.0,34.47,E Avoid,-2.33,-2.89,0.0,No Major Change
07.10.2026 at 10:09 AM IST,DEVIT,Technology,Information Technology Services,20.8,24.59,25,0.0,E Avoid,14,20.0,0,0.56,2.21,52.99,Bearish,33.17,15.0,2.33,E Avoid,-2.33,-8.58,10.0,"Risk Increased Sharply, New Risk Warning"
07.10.2026 at 10:09 AM IST,EPL,Consumer Cyclical,Packaging & Containers,234.03,44.42,0,28.93,E Avoid,23,38.0,10,0.05,32.67,14.6,Bearish,47.75,0.0,31.27,E Avoid,-2.34,-3.33,0.0,No Major Change
07.10.2026 at 10:09 AM IST,FORCEMOT,Consumer Cyclical,Auto Manufacturers,16920.0,43.63,15,2.28,E Avoid,13,26.0,0,0.22,13.8,35.85,Bearish,46.13,15.0,4.62,E Avoid,-2.34,-2.5,0.0,No Major Change
07.10.2026 at 10:09 AM IST,JBMA,Consumer Cyclical,Auto Parts,550.5,29.36,15,0.78,E Avoid,14,20.0,0,0.16,15.57,25.35,Bearish,32.56,15.0,3.12,E Avoid,-2.34,-3.2,0.0,No Major Change
07.10.2026 at 10:09 AM IST,INOXWIND,Industrials,Specialty Industrial Machinery,67.7,34.01,15,0.0,E Avoid,16,16.0,0,0.41,1.45,57.5,Bearish,36.24,15.0,2.37,E Avoid,-2.37,-2.23,0.0,No Major Change
07.10.2026 at 10:09 AM IST,HDFCBANK,Financial Services,Banks - Regional,705.55,43.19,15,12.47,E Avoid,16,46.0,8,0.16,3.47,29.72,Bearish,45.63,15.0,14.85,E Avoid,-2.38,-2.44,0.0,No Major Change
07.10.2026 at 10:09 AM IST,APTUS,Financial Services,Mortgage Finance,221.61,28.49,15,7.32,E Avoid,9,43.0,0,0.06,15.88,30.38,Bearish,30.0,15.0,9.7,E Avoid,-2.38,-1.51,0.0,No Major Change
07.10.2026 at 10:09 AM IST,CANHLIFE,Financial Services,Insurance - Life,136.32,25.5,15,3.67,E Avoid,14,33.0,0,1.7,28.95,18.0,Bearish,34.51,15.0,6.05,E Avoid,-2.38,-9.01,0.0,No Major Change
07.10.2026 at 10:09 AM IST,DLINKINDIA,Technology,Communication Equipment,416.75,43.66,15,9.11,E Avoid,13,42.0,10,0.14,19.37,20.09,Bearish,45.24,15.0,11.53,E Avoid,-2.42,-1.58,0.0,No Major Change
07.10.2026 at 10:09 AM IST,INFOBEAN,Technology,Software - Application,147.35,40.79,15,2.91,E Avoid,8,35.0,0,0.19,27.23,42.44,Bearish,45.36,15.0,5.33,E Avoid,-2.42,-4.57,0.0,No Major Change
07.10.2026 at 10:09 AM IST,FIRSTCRY,Consumer Cyclical,Internet Retail,175.41,43.63,15,0.0,E Avoid,21,8.0,0,0.02,7.37,54.98,Bearish,46.54,15.0,2.47,E Avoid,-2.47,-2.91,0.0,No Major Change
07.10.2026 at 10:09 AM IST,PARAS,Industrials,Aerospace & Defense,1292.9,42.07,0,36.49,D Weak,23,43.0,30,0.21,122.88,18.37,Bearish,45.4,0.0,38.97,D Weak,-2.48,-3.33,0.0,No Major Change
07.10.2026 at 10:09 AM IST,TIIL,Industrials,Tools & Accessories,2776.0,27.87,0,34.39,E Avoid,19,47.0,20,0.05,49.79,22.14,Bearish,30.62,0.0,36.87,D Weak,-2.48,-2.75,0.0,Band Changed: D Weak → E Avoid
07.10.2026 at 10:09 AM IST,COCKERILL,Industrials,Metal Fabrication,7900.0,44.02,0,18.94,E Avoid,8,31.0,0,0.1,57.52,27.33,Bearish,46.27,0.0,21.42,E Avoid,-2.48,-2.25,0.0,No Major Change
07.10.2026 at 10:09 AM IST,AARON,Industrials,Specialty Industrial Machinery,121.6,44.51,15,9.79,E Avoid,13,31.0,10,0.07,14.26,46.48,Bearish,45.44,15.0,12.27,E Avoid,-2.48,-0.93,0.0,No Major Change
07.10.2026 at 10:09 AM IST,IRB,Industrials,Infrastructure Operations,17.71,43.73,15,8.04,E Avoid,16,36.0,0,0.27,5.73,25.7,Bearish,45.22,15.0,10.52,E Avoid,-2.48,-1.49,0.0,No Major Change
07.10.2026 at 10:09 AM IST,MMTC,Industrials,Conglomerates,56.21,28.58,15,4.19,E Avoid,9,30.0,0,0.22,12.2,28.26,Bearish,34.61,15.0,6.67,E Avoid,-2.48,-6.03,0.0,No Major Change
07.10.2026 at 10:09 AM IST,REGAAL,Consumer Defensive,Packaged Foods,85.0,44.99,0,19.2,E Avoid,23,14.0,20,0.03,48.89,17.48,Bearish,46.91,0.0,21.72,E Avoid,-2.52,-1.92,0.0,No Major Change
07.10.2026 at 10:09 AM IST,GOCLCORP,Basic Materials,Specialty Chemicals,365.0,43.23,0,26.92,E Avoid,23,32.0,20,0.09,75.0,15.29,Bearish,45.39,0.0,29.47,E Avoid,-2.55,-2.16,0.0,No Major Change
07.10.2026 at 10:09 AM IST,IGIL,Basic Materials,Other Precious Metals & Mining,315.6,43.27,15,13.07,E Avoid,13,50.0,8,0.11,11.65,18.11,Bearish,45.92,15.0,15.62,E Avoid,-2.55,-2.65,0.0,No Major Change
07.10.2026 at 10:09 AM IST,JAMNAAUTO,Consumer Cyclical,Auto Parts,145.82,69.08,0,44.34,D Weak,65,31.0,45,0.43,65.91,3.32,Bullish,66.96,0.0,46.92,C Neutral,-2.58,2.12,0.0,Band Changed: C Neutral → D Weak
07.10.2026 at 10:09 AM IST,CENTENKA,Consumer Cyclical,Textile Manufacturing,565.25,51.39,0,41.14,D Weak,35,50.0,30,0.21,55.1,14.28,Bearish,51.21,0.0,43.72,D Weak,-2.58,0.18,0.0,No Major Change
07.10.2026 at 10:09 AM IST,MOLDTKPAC,Consumer Cyclical,Packaging & Containers,676.5,52.4,0,32.34,E Avoid,35,32.0,20,0.33,46.64,16.35,Bearish,52.59,0.0,34.92,E Avoid,-2.58,-0.19,0.0,No Major Change
07.10.2026 at 10:09 AM IST,JUSTDIAL,Communication Services,Internet Content & Information,656.35,43.23,0,31.09,E Avoid,28,43.0,20,0.11,36.6,25.3,Bearish,44.5,0.0,33.67,E Avoid,-2.58,-1.27,0.0,No Major Change
07.10.2026 at 10:09 AM IST,SANDESH,Communication Services,Publishing,1015.0,47.39,0,31.04,E Avoid,32,40.0,20,0.22,25.74,19.71,Bearish,48.17,0.0,33.62,E Avoid,-2.58,-0.78,0.0,No Major Change
07.10.2026 at 10:09 AM IST,INDUSTOWER,Communication Services,Telecom Services,385.1,55.25,15,25.54,E Avoid,40,69.0,8,0.11,18.29,17.01,Bullish,58.55,15.0,28.12,E Avoid,-2.58,-3.3,0.0,No Major Change
07.10.2026 at 10:09 AM IST,HINDCOMPOS,Consumer Cyclical,Auto Parts,400.0,58.26,15,15.34,E Avoid,50,24.0,18,1.67,15.85,26.89,Bullish,59.27,15.0,17.92,E Avoid,-2.58,-1.01,0.0,No Major Change
07.10.2026 at 10:09 AM IST,IXIGO,Consumer Cyclical,Travel Services,158.81,43.11,15,7.59,E Avoid,16,35.0,0,0.07,4.98,53.17,Bearish,44.7,15.0,10.17,E Avoid,-2.58,-1.59,0.0,No Major Change
07.10.2026 at 10:09 AM IST,THELEELA,Consumer Cyclical,Lodging,587.9,65.1,0,54.93,C Neutral,65,48.0,58,0.35,52.9,1.18,Bullish,63.79,0.0,57.52,B Watchlist,-2.59,1.31,0.0,Band Changed: B Watchlist → C Neutral
07.10.2026 at 10:09 AM IST,PNGSREVA,Consumer Cyclical,Luxury Goods,569.1,66.35,0,50.28,C Neutral,45,49.0,58,1.17,75.51,11.63,Bullish,61.26,0.0,52.87,C Neutral,-2.59,5.09,0.0,No Major Change
07.10.2026 at 10:09 AM IST,OMAXAUTO,Consumer Cyclical,Auto Parts,210.95,65.93,0,46.68,C Neutral,55,48.0,35,0.19,155.63,18.9,Bullish,64.45,0.0,49.27,C Neutral,-2.59,1.48,0.0,No Major Change
07.10.2026 at 10:09 AM IST,KDDL,Consumer Cyclical,Luxury Goods,4011.0,56.02,0,46.48,C Neutral,65,34.0,48,0.1,101.96,6.07,Bullish,55.03,0.0,49.07,C Neutral,-2.59,0.99,0.0,No Major Change
07.10.2026 at 10:09 AM IST,MAYURUNIQ,Consumer Cyclical,Textile Manufacturing,761.0,56.5,0,45.98,C Neutral,55,51.0,28,0.18,62.76,15.44,Bullish,56.53,0.0,48.57,C Neutral,-2.59,-0.03,0.0,No Major Change
07.10.2026 at 10:09 AM IST,UNITEDPOLY,Consumer Cyclical,Textile Manufacturing,48.74,73.93,0,42.93,D Weak,52,24.0,65,0.06,136.6,2.97,Bullish,73.35,0.0,45.52,C Neutral,-2.59,0.58,0.0,Band Changed: C Neutral → D Weak
07.10.2026 at 10:09 AM IST,TCPLPACK,Consumer Cyclical,Packaging & Containers,3967.0,52.69,0,40.93,D Weak,55,31.0,40,0.06,81.72,10.06,Bullish,54.38,0.0,43.52,D Weak,-2.59,-1.69,0.0,No Major Change
07.10.2026 at 10:09 AM IST,ORIENTHOT,Consumer Cyclical,Lodging,144.58,59.15,0,38.43,D Weak,65,12.0,48,0.18,81.6,2.37,Bullish,57.62,0.0,41.02,D Weak,-2.59,1.53,0.0,No Major Change
07.10.2026 at 10:09 AM IST,PAGEIND,Consumer Cyclical,Apparel Manufacturing,37630.0,58.71,0,35.08,D Weak,55,31.0,18,0.13,27.45,13.72,Bullish,60.96,0.0,37.67,D Weak,-2.59,-2.25,0.0,No Major Change
07.10.2026 at 10:09 AM IST,JAYBARMARU,Consumer Cyclical,Auto Parts,136.28,66.49,0,34.43,E Avoid,55,16.0,35,0.84,84.78,33.81,Bullish,64.79,0.0,37.02,D Weak,-2.59,1.7,0.0,Band Changed: D Weak → E Avoid
07.10.2026 at 10:09 AM IST,GOLDIAM,Consumer Cyclical,Luxury Goods,314.15,39.99,0,32.98,E Avoid,28,46.0,10,0.23,58.06,21.11,Bearish,42.62,0.0,35.57,D Weak,-2.59,-2.63,0.0,"Fresh Weakness, Band Changed: D Weak → E Avoid"
07.10.2026 at 10:09 AM IST,AUTOIND,Consumer Cyclical,Auto Parts,85.08,51.69,0,30.28,E Avoid,40,30.0,18,0.06,75.97,18.19,Bearish,53.0,0.0,32.87,E Avoid,-2.59,-1.31,0.0,No Major Change
07.10.2026 at 10:09 AM IST,TMCV,Consumer Cyclical,Auto Manufacturers,430.9,46.11,0,28.58,E Avoid,27,30.0,20,0.12,42.27,14.39,Bearish,47.72,0.0,31.17,E Avoid,-2.59,-1.61,0.0,No Major Change
07.10.2026 at 10:09 AM IST,ITCHOTELS,Consumer Cyclical,Resorts & Casinos,160.64,51.43,15,17.28,E Avoid,30,44.0,8,0.15,17.77,28.65,Bearish,50.66,15.0,19.87,E Avoid,-2.59,0.77,0.0,No Major Change
07.10.2026 at 10:09 AM IST,CAMPUS,Consumer Cyclical,Footwear & Accessories,207.39,35.75,15,6.03,E Avoid,21,27.0,0,0.07,3.93,27.45,Bearish,39.4,15.0,8.62,E Avoid,-2.59,-3.65,0.0,No Major Change
07.10.2026 at 10:09 AM IST,UNOMINDA,Consumer Cyclical,Auto Parts,1112.7,33.97,15,4.28,E Avoid,18,17.0,10,0.09,12.12,19.3,Bearish,35.68,15.0,6.87,E Avoid,-2.59,-1.71,0.0,No Major Change
07.10.2026 at 10:09 AM IST,SMCGLOBAL,Financial Services,Capital Markets,111.05,74.38,0,45.12,C Neutral,52,31.0,65,0.27,105.69,7.46,Bullish,73.95,0.0,47.75,C Neutral,-2.63,0.43,0.0,No Major Change
07.10.2026 at 10:09 AM IST,NUVAMA,Financial Services,Asset Management,1841.9,64.38,0,38.02,D Weak,55,31.0,28,0.13,69.52,10.85,Bullish,64.11,0.0,40.65,D Weak,-2.63,0.27,0.0,No Major Change
07.10.2026 at 10:09 AM IST,KISSHT,Financial Services,Credit Services,384.45,70.71,0,34.87,E Avoid,37,41.0,25,0.06,102.34,0.95,Bullish,70.01,0.0,37.5,D Weak,-2.63,0.7,0.0,Band Changed: D Weak → E Avoid
07.10.2026 at 10:09 AM IST,CGCL,Financial Services,Credit Services,243.61,40.35,0,29.42,E Avoid,23,35.0,20,0.06,61.34,15.25,Bearish,42.75,0.0,32.05,E Avoid,-2.63,-2.4,0.0,No Major Change
07.10.2026 at 10:09 AM IST,DCBBANK,Financial Services,Banks - Regional,196.2,35.06,0,28.37,E Avoid,23,40.0,20,0.19,55.28,16.44,Bearish,38.92,0.0,31.0,E Avoid,-2.63,-3.86,0.0,No Major Change
07.10.2026 at 10:09 AM IST,RBLBANK,Financial Services,Banks - Regional,411.5,53.34,0,26.42,E Avoid,60,8.0,20,0.07,51.62,4.21,Bullish,55.63,0.0,29.05,E Avoid,-2.63,-2.29,0.0,No Major Change
07.10.2026 at 10:09 AM IST,IDFCFIRSTB,Financial Services,Banks - Regional,81.2,42.19,0,25.22,E Avoid,23,36.0,20,0.07,40.22,9.39,Bearish,43.23,0.0,27.85,E Avoid,-2.63,-1.04,0.0,No Major Change
07.10.2026 at 10:09 AM IST,ARMANFIN,Financial Services,Credit Services,1719.9,32.47,0,23.07,E Avoid,23,32.0,10,0.14,32.2,20.32,Bearish,34.13,0.0,25.7,E Avoid,-2.63,-1.66,0.0,No Major Change
07.10.2026 at 10:09 AM IST,STARHEALTH,Financial Services,Insurance - Life,551.85,49.21,0,22.52,E Avoid,32,25.0,10,0.02,32.48,11.69,Bearish,48.46,0.0,25.15,E Avoid,-2.63,0.75,0.0,No Major Change
07.10.2026 at 10:09 AM IST,INDIANB,Financial Services,Banks - Regional,805.15,36.68,15,13.62,E Avoid,16,49.0,0,0.1,8.93,17.84,Bearish,40.13,15.0,16.25,E Avoid,-2.63,-3.45,0.0,Fresh Weakness
07.10.2026 at 10:09 AM IST,SBIN,Financial Services,Banks - Regional,952.35,32.88,15,7.97,E Avoid,13,40.0,0,0.14,13.1,21.48,Bearish,35.03,15.0,10.6,E Avoid,-2.63,-2.15,0.0,No Major Change
07.10.2026 at 10:09 AM IST,HUDCO,Financial Services,Credit Services,161.5,29.97,15,6.82,E Avoid,14,34.0,0,0.2,3.66,32.49,Bearish,28.77,15.0,9.45,E Avoid,-2.63,1.2,0.0,No Major Change
07.10.2026 at 10:09 AM IST,TURTLEMINT,Financial Services,Insurance Brokers,68.19,20.3,10,1.47,E Avoid,9,16.0,0,0.09,3.55,57.38,Bearish,20.49,10.0,4.1,E Avoid,-2.63,-0.19,0.0,No Major Change
07.10.2026 at 10:09 AM IST,GMRP&UI,Energy,Thermal Coal,102.65,59.83,15,9.72,E Avoid,45,11.0,18,0.2,18.26,24.69,Bullish,59.06,15.0,12.37,E Avoid,-2.65,0.77,0.0,No Major Change
07.10.2026 at 10:09 AM IST,DOLPHIN,Energy,Oil & Gas Equipment & Services,653.65,53.25,0,42.86,D Weak,55,40.0,40,0.13,103.0,12.79,Bullish,51.25,0.0,45.52,C Neutral,-2.66,2.0,0.0,Band Changed: C Neutral → D Weak
07.10.2026 at 10:09 AM IST,ONGC,Energy,Oil & Gas Integrated,221.61,32.67,15,10.21,E Avoid,16,43.0,0,0.22,0.46,27.63,Bearish,35.89,15.0,12.87,E Avoid,-2.66,-3.22,0.0,No Major Change
07.10.2026 at 10:09 AM IST,AAKASH,Energy,Oil & Gas Equipment & Services,8.25,34.68,15,0.76,E Avoid,13,14.0,10,0.09,14.42,38.43,Bearish,33.89,15.0,3.42,E Avoid,-2.66,0.79,0.0,No Major Change
07.10.2026 at 10:09 AM IST,ECLERX,Technology,Information Technology Services,1894.9,52.54,0,43.11,D Weak,55,47.0,30,0.11,43.63,24.09,Bullish,54.82,0.0,45.78,C Neutral,-2.67,-2.28,0.0,Band Changed: C Neutral → D Weak
07.10.2026 at 10:09 AM IST,NINSYS,Technology,Information Technology Services,816.85,71.89,0,37.76,D Weak,37,41.0,35,0.28,190.64,12.64,Bullish,74.38,0.0,40.43,D Weak,-2.67,-2.49,0.0,No Major Change
07.10.2026 at 10:09 AM IST,KERNEX,Technology,Software - Application,1716.9,46.4,0,29.61,E Avoid,32,32.0,20,0.2,101.99,33.45,Bearish,49.2,0.0,32.28,E Avoid,-2.67,-2.8,0.0,No Major Change
07.10.2026 at 10:09 AM IST,TCS,Technology,Information Technology Services,2083.5,39.33,15,26.26,E Avoid,16,82.0,0,0.08,5.98,36.62,Bearish,41.37,15.0,28.93,E Avoid,-2.67,-2.04,0.0,Fresh Weakness
07.10.2026 at 10:09 AM IST,RISHABH,Technology,Scientific & Technical Instruments,675.6,36.96,0,26.01,E Avoid,23,26.0,30,0.14,115.16,20.7,Bearish,39.92,0.0,28.68,E Avoid,-2.67,-2.96,0.0,No Major Change
07.10.2026 at 10:09 AM IST,FRACTAL,Technology,Software - Infrastructure,732.55,35.51,0,23.96,E Avoid,21,43.0,0,0.05,3.42,34.48,Bearish,40.03,0.0,26.63,E Avoid,-2.67,-4.52,0.0,Fresh Weakness
07.10.2026 at 10:09 AM IST,SWELECTES,Technology,Solar,605.0,57.92,0,22.26,E Avoid,55,1.0,18,0.56,25.96,37.71,Bullish,60.71,0.0,24.93,E Avoid,-2.67,-2.79,0.0,No Major Change
07.10.2026 at 10:09 AM IST,XCHANGING,Technology,Information Technology Services,61.45,50.58,15,14.21,E Avoid,25,43.0,10,0.17,33.43,38.47,Bearish,51.86,15.0,16.88,E Avoid,-2.67,-1.28,0.0,No Major Change
07.10.2026 at 10:09 AM IST,NEWGEN,Technology,Software - Infrastructure,452.4,27.52,15,7.01,E Avoid,9,46.0,0,0.16,14.07,56.1,Bearish,28.98,15.0,9.68,E Avoid,-2.67,-1.46,0.0,No Major Change
07.10.2026 at 10:09 AM IST,AVANTEL,Technology,Communication Equipment,151.32,48.23,15,4.11,E Avoid,17,32.0,0,0.1,29.44,29.53,Bearish,47.89,15.0,6.78,E Avoid,-2.67,0.34,0.0,No Major Change
07.10.2026 at 10:09 AM IST,SURANASOL,Technology,Solar,23.88,33.82,15,4.01,E Avoid,8,31.0,10,0.13,30.42,30.8,Bearish,32.31,15.0,6.68,E Avoid,-2.67,1.51,0.0,No Major Change
07.10.2026 at 10:09 AM IST,DSSL,Technology,Information Technology Services,1029.1,48.73,15,2.41,E Avoid,17,20.0,10,0.75,31.82,46.51,Bearish,45.65,15.0,5.08,E Avoid,-2.67,3.08,0.0,No Major Change
07.10.2026 at 10:09 AM IST,FCSSOFT,Technology,Information Technology Services,1.4,47.73,15,2.16,E Avoid,12,30.0,0,0.27,33.33,44.66,Bearish,49.35,15.0,4.83,E Avoid,-2.67,-1.62,0.0,No Major Change
07.10.2026 at 10:09 AM IST,MODIS,Real Estate,Real Estate - Development,379.6,58.36,0,37.17,D Weak,40,47.0,20,0.12,37.54,11.53,Bearish,59.12,0.0,39.85,D Weak,-2.68,-0.76,0.0,No Major Change
07.10.2026 at 10:09 AM IST,TEXINFRA,Real Estate,Real Estate Services,123.08,63.38,0,31.12,E Avoid,65,2.0,38,0.08,49.38,3.09,Bullish,66.4,0.0,33.8,E Avoid,-2.68,-3.02,0.0,No Major Change
07.10.2026 at 10:09 AM IST,PHOENIXLTD,Real Estate,Real Estate - Diversified,1877.9,41.84,0,27.62,E Avoid,23,39.0,10,0.15,28.3,13.34,Bearish,43.19,0.0,30.3,E Avoid,-2.68,-1.35,0.0,No Major Change
07.10.2026 at 10:09 AM IST,NIMBSPROJ,Real Estate,Real Estate - Development,187.32,55.19,0,19.67,E Avoid,45,0.0,15,1.47,32.81,18.99,Bullish,58.87,0.0,22.35,E Avoid,-2.68,-3.68,0.0,No Major Change
07.10.2026 at 10:09 AM IST,SMARTWORKS,Real Estate,Real Estate Services,504.3,41.4,0,18.07,E Avoid,28,5.0,20,0.02,39.5,18.53,Bearish,41.18,0.0,20.75,E Avoid,-2.68,0.22,0.0,No Major Change
07.10.2026 at 10:09 AM IST,SURAJEST,Real Estate,Real Estate - Development,202.15,51.41,15,17.77,E Avoid,40,38.0,15,0.07,22.52,36.63,Bullish,54.05,15.0,20.45,E Avoid,-2.68,-2.64,0.0,No Major Change
07.10.2026 at 10:09 AM IST,HUBTOWN,Real Estate,Real Estate - Development,170.02,42.81,15,0.17,E Avoid,21,12.0,0,0.06,2.7,49.85,Bearish,42.79,15.0,2.85,E Avoid,-2.68,0.02,0.0,No Major Change
07.10.2026 at 10:09 AM IST,PANSARI,Real Estate,Real Estate - Development,260.0,32.99,15,0.12,E Avoid,18,17.0,0,0.37,11.44,33.14,Bearish,37.44,15.0,2.8,E Avoid,-2.68,-4.45,0.0,No Major Change
07.10.2026 at 10:09 AM IST,EIMCOELECO,Industrials,Farm & Heavy Construction Machinery,2412.3,68.45,0,51.04,C Neutral,70,40.0,58,1.22,72.08,1.47,Bullish,65.71,0.0,53.77,C Neutral,-2.73,2.74,0.0,No Major Change
07.10.2026 at 10:09 AM IST,CPPLUS,Industrials,Building Products & Equipment,3967.9,61.8,0,50.24,C Neutral,60,43.0,48,0.23,204.42,3.08,Bullish,62.26,0.0,52.97,C Neutral,-2.73,-0.46,0.0,No Major Change
07.10.2026 at 10:09 AM IST,AEROFLEX,Industrials,Metal Fabrication,555.8,59.51,0,45.09,C Neutral,60,40.0,40,0.26,252.11,4.85,Bullish,61.32,0.0,47.82,C Neutral,-2.73,-1.81,0.0,No Major Change
07.10.2026 at 10:09 AM IST,RKFORGE,Industrials,Metal Fabrication,717.25,53.68,0,43.49,D Weak,65,19.0,58,0.33,56.12,7.19,Bullish,58.46,0.0,46.22,C Neutral,-2.73,-4.78,0.0,Band Changed: C Neutral → D Weak
07.10.2026 at 10:09 AM IST,BEML,Industrials,Conglomerates,2017.2,52.49,0,32.89,E Avoid,55,21.0,20,0.09,49.95,10.59,Bullish,54.99,0.0,35.62,D Weak,-2.73,-2.5,0.0,Band Changed: D Weak → E Avoid
07.10.2026 at 10:09 AM IST,ELGIEQUIP,Industrials,Specialty Industrial Machinery,596.4,46.24,0,31.84,E Avoid,27,34.0,20,0.05,46.77,8.72,Bearish,47.49,0.0,34.57,E Avoid,-2.73,-1.25,0.0,No Major Change
07.10.2026 at 10:09 AM IST,ADVAIT,Industrials,Specialty Industrial Machinery,1931.6,43.27,0,27.59,E Avoid,13,39.0,10,0.18,43.11,22.19,Bearish,44.98,0.0,30.32,E Avoid,-2.73,-1.71,0.0,No Major Change
07.10.2026 at 10:09 AM IST,DATAPATTNS,Industrials,Aerospace & Defense,4259.8,40.53,0,26.84,E Avoid,28,23.0,20,0.09,100.33,14.8,Bearish,42.75,0.0,29.57,E Avoid,-2.73,-2.22,0.0,No Major Change
07.10.2026 at 10:09 AM IST,BLKASHYAP,Industrials,Engineering & Construction,54.3,53.39,0,24.49,E Avoid,55,6.0,20,0.11,34.67,14.88,Bullish,54.71,0.0,27.22,E Avoid,-2.73,-1.32,0.0,No Major Change
07.10.2026 at 10:09 AM IST,SHANTIGEAR,Industrials,Specialty Industrial Machinery,594.7,46.06,0,23.24,E Avoid,47,0.0,30,0.04,54.87,19.96,Bullish,47.87,0.0,25.97,E Avoid,-2.73,-1.81,0.0,No Major Change
07.10.2026 at 10:09 AM IST,BCPL,Industrials,Infrastructure Operations,66.15,38.88,0,22.69,E Avoid,13,30.0,10,0.21,11.6,27.22,Bearish,43.12,0.0,25.42,E Avoid,-2.73,-4.24,0.0,Fresh Weakness
07.10.2026 at 10:09 AM IST,MEIL,Industrials,Electrical Equipment & Parts,266.65,44.58,15,14.69,E Avoid,13,45.0,10,0.21,29.28,46.13,Bearish,41.4,15.0,17.42,E Avoid,-2.73,3.18,0.0,No Major Change
07.10.2026 at 10:09 AM IST,VSTTILLERS,Industrials,Farm & Heavy Construction Machinery,4395.7,54.83,15,13.94,E Avoid,40,34.0,8,0.06,11.28,30.61,Bullish,56.7,15.0,16.67,E Avoid,-2.73,-1.87,0.0,No Major Change
07.10.2026 at 10:09 AM IST,SRM,Industrials,Engineering & Construction,418.55,42.32,15,13.79,E Avoid,18,46.0,0,0.19,15.83,35.6,Bearish,42.25,15.0,16.52,E Avoid,-2.73,0.07,0.0,No Major Change
07.10.2026 at 10:09 AM IST,BLS,Industrials,Specialty Business Services,222.9,42.21,15,13.29,E Avoid,16,50.0,0,0.16,5.14,37.33,Bearish,42.65,15.0,16.02,E Avoid,-2.73,-0.44,0.0,No Major Change
07.10.2026 at 10:09 AM IST,KEI,Industrials,Electrical Equipment & Parts,4562.1,41.4,15,12.74,E Avoid,18,43.0,0,0.11,22.5,22.66,Bearish,41.13,15.0,15.47,E Avoid,-2.73,0.27,0.0,No Major Change
07.10.2026 at 10:09 AM IST,RAMCOIND,Industrials,Building Products & Equipment,297.45,29.43,15,12.09,E Avoid,4,44.0,10,0.15,29.41,24.53,Bearish,29.59,15.0,14.82,E Avoid,-2.73,-0.16,0.0,No Major Change
07.10.2026 at 10:09 AM IST,BEL,Industrials,Aerospace & Defense,380.35,36.21,15,9.09,E Avoid,16,38.0,0,0.24,0.89,19.56,Bearish,42.03,15.0,11.82,E Avoid,-2.73,-5.82,0.0,Fresh Weakness
07.10.2026 at 10:09 AM IST,BLUESTARCO,Industrials,Building Products & Equipment,1570.6,56.08,15,7.19,E Avoid,48,9.0,8,0.19,9.66,22.36,Bullish,56.17,15.0,9.92,E Avoid,-2.73,-0.09,0.0,No Major Change
07.10.2026 at 10:09 AM IST,HAVELLS,Industrials,Electrical Equipment & Parts,1063.4,38.48,15,4.39,E Avoid,21,21.0,0,0.14,4.76,29.48,Bearish,36.51,15.0,7.12,E Avoid,-2.73,1.97,0.0,No Major Change
07.10.2026 at 10:09 AM IST,TIGERLOGS,Industrials,Integrated Freight & Logistics,26.17,43.33,15,3.64,E Avoid,18,21.0,0,0.31,14.28,46.04,Bearish,39.84,15.0,6.37,E Avoid,-2.73,3.49,0.0,No Major Change
07.10.2026 at 10:09 AM IST,LT,Industrials,Engineering & Construction,3738.4,38.49,15,3.44,E Avoid,13,29.0,0,0.06,14.81,14.98,Bearish,41.06,15.0,6.17,E Avoid,-2.73,-2.57,0.0,Fresh Weakness
07.10.2026 at 10:09 AM IST,GATEWAY,Industrials,Integrated Freight & Logistics,51.7,41.32,15,2.29,E Avoid,21,20.0,0,0.7,9.85,17.12,Bearish,32.51,15.0,5.02,E Avoid,-2.73,8.81,0.0,No Major Change
07.10.2026 at 10:09 AM IST,EVERESTIND,Unknown,Unknown,528.15,76.7,0,27.55,E Avoid,47,0.0,55,1.19,85.74,25.2,Bullish,74.91,0.0,30.31,E Avoid,-2.76,1.79,0.0,No Major Change
07.10.2026 at 10:09 AM IST,ARTEMISMED,Unknown,Unknown,318.2,41.99,0,26.5,E Avoid,23,28.0,30,0.05,56.74,16.0,Bearish,42.05,0.0,29.26,E Avoid,-2.76,-0.06,0.0,No Major Change
07.10.2026 at 10:09 AM IST,SUMIT,Unknown,Unknown,51.7,56.72,0,25.3,E Avoid,55,0.0,38,0.09,63.52,49.85,Bullish,57.34,0.0,28.06,E Avoid,-2.76,-0.62,0.0,No Major Change
07.10.2026 at 10:09 AM IST,CYBERTECH,Unknown,Unknown,140.72,61.12,0,25.3,E Avoid,55,0.0,38,0.15,51.91,32.2,Bullish,65.1,0.0,28.06,E Avoid,-2.76,-3.98,0.0,No Major Change
07.10.2026 at 10:09 AM IST,FAIRCHEMOR,Unknown,Unknown,685.0,57.76,0,19.05,E Avoid,40,0.0,28,0.37,60.26,19.11,Bearish,55.82,0.0,21.81,E Avoid,-2.76,1.94,0.0,No Major Change
07.10.2026 at 10:09 AM IST,ELCIDIN,Unknown,Unknown,100905.0,34.5,0,7.8,E Avoid,16,5.0,0,0.33,2.96,26.33,Bearish,40.22,0.0,10.56,E Avoid,-2.76,-5.72,0.0,Fresh Weakness
07.10.2026 at 10:09 AM IST,MANORAMA,Consumer Defensive,Packaged Foods,2000.6,61.09,0,45.55,C Neutral,65,41.0,40,0.27,88.7,6.89,Bullish,59.73,0.0,48.32,C Neutral,-2.77,1.36,0.0,Fresh Momentum
07.10.2026 at 10:09 AM IST,MARKSANS,Healthcare,Drug Manufacturers - General,318.85,46.26,0,43.2,D Weak,42,48.0,30,0.33,106.28,9.15,Bullish,49.2,0.0,45.97,C Neutral,-2.77,-2.94,0.0,Band Changed: C Neutral → D Weak
07.10.2026 at 10:09 AM IST,INDGN,Healthcare,Health Information Services,591.95,51.9,0,38.2,D Weak,60,32.0,20,0.05,43.61,5.59,Bullish,54.42,0.0,40.97,D Weak,-2.77,-2.52,0.0,No Major Change
07.10.2026 at 10:09 AM IST,KRBL,Consumer Defensive,Packaged Foods,386.7,45.51,0,35.1,D Weak,32,46.0,20,0.14,42.42,13.61,Bearish,47.14,0.0,37.87,D Weak,-2.77,-1.63,0.0,No Major Change
07.10.2026 at 10:09 AM IST,WINDLAS,Healthcare,Drug Manufacturers - Specialty & Generic,1029.6,41.74,0,34.35,E Avoid,43,26.0,30,0.12,48.75,12.89,Bullish,43.29,0.0,37.12,D Weak,-2.77,-1.55,0.0,Band Changed: D Weak → E Avoid
07.10.2026 at 10:09 AM IST,BETA,Healthcare,Drug Manufacturers - Specialty & Generic,1998.1,38.93,0,31.75,E Avoid,23,36.0,20,0.18,101.81,28.84,Bearish,39.15,0.0,34.52,E Avoid,-2.77,-0.22,0.0,No Major Change
07.10.2026 at 10:09 AM IST,BALRAMCHIN,Consumer Defensive,Confectioners,700.2,57.82,0,29.4,E Avoid,55,6.0,40,0.43,77.92,10.34,Bullish,55.81,0.0,32.17,E Avoid,-2.77,2.01,0.0,No Major Change
07.10.2026 at 10:09 AM IST,NEPHROPLUS,Healthcare,Medical Care Facilities,634.25,28.39,0,27.9,E Avoid,19,39.0,10,0.03,42.21,18.84,Bearish,28.64,0.0,30.67,E Avoid,-2.77,-0.25,0.0,No Major Change
07.10.2026 at 10:09 AM IST,SAKHTISUG,Consumer Defensive,Confectioners,19.15,53.83,0,26.5,E Avoid,55,10.0,20,0.48,41.64,17.78,Bullish,51.77,0.0,29.27,E Avoid,-2.77,2.06,0.0,No Major Change
07.10.2026 at 10:09 AM IST,METROPOLIS,Healthcare,Diagnostics & Research,540.65,36.77,0,26.45,E Avoid,23,32.0,10,0.17,31.41,11.23,Bearish,41.17,0.0,29.22,E Avoid,-2.77,-4.4,0.0,Fresh Weakness
07.10.2026 at 10:09 AM IST,GAUDIUMIVF,Healthcare,Medical Care Facilities,109.07,42.37,0,15.9,E Avoid,13,18.0,10,0.12,57.66,33.16,Bearish,42.66,0.0,18.67,E Avoid,-2.77,-0.29,0.0,No Major Change
07.10.2026 at 10:09 AM IST,DABUR,Consumer Defensive,Household & Personal Products,386.25,50.98,15,15.4,E Avoid,28,44.0,8,0.09,4.94,26.73,Bearish,53.89,15.0,18.17,E Avoid,-2.77,-2.91,0.0,No Major Change
07.10.2026 at 10:09 AM IST,ABBOTINDIA,Healthcare,Drug Manufacturers - Specialty & Generic,26040.0,42.45,15,14.5,E Avoid,16,40.0,18,0.11,5.96,13.07,Bearish,43.3,15.0,17.27,E Avoid,-2.77,-0.85,0.0,No Major Change
07.10.2026 at 10:09 AM IST,LOTUSEYE,Healthcare,Medical Care Facilities,115.02,52.55,15,14.2,E Avoid,40,22.0,18,0.07,17.86,21.76,Bullish,53.63,15.0,16.97,E Avoid,-2.77,-1.08,0.0,No Major Change
07.10.2026 at 10:09 AM IST,NESTLEIND,Consumer Defensive,Packaged Foods,1323.6,37.38,15,12.7,E Avoid,18,42.0,10,0.08,15.41,14.77,Bearish,42.18,15.0,15.47,E Avoid,-2.77,-4.8,0.0,Fresh Weakness
07.10.2026 at 10:09 AM IST,SUNPHARMA,Healthcare,Drug Manufacturers - Specialty & Generic,1785.2,36.99,15,12.45,E Avoid,13,42.0,10,0.06,13.75,12.79,Bearish,39.96,15.0,15.22,E Avoid,-2.77,-2.97,0.0,No Major Change
07.10.2026 at 10:09 AM IST,JSLL,Healthcare,Medical Care Facilities,437.2,26.91,15,11.75,E Avoid,9,46.0,0,0.2,0.26,47.17,Bearish,27.76,15.0,14.52,E Avoid,-2.77,-0.85,0.0,No Major Change
07.10.2026 at 10:09 AM IST,VIKASLIFE,Consumer Defensive,Farm Products,1.2,41.16,15,3.7,E Avoid,13,30.0,0,0.36,14.29,45.45,Bearish,41.16,15.0,6.47,E Avoid,-2.77,0.0,0.0,No Major Change
07.10.2026 at 10:09 AM IST,ANNAPURNA,Consumer Defensive,Packaged Foods,130.0,41.7,15,3.05,E Avoid,16,30.0,0,0.11,7.66,54.7,Bearish,42.17,15.0,5.82,E Avoid,-2.77,-0.47,0.0,No Major Change
07.10.2026 at 10:09 AM IST,DMART,Consumer Defensive,Discount Stores,3583.6,34.08,15,2.9,E Avoid,21,22.0,0,0.13,1.78,22.83,Bearish,33.89,15.0,5.67,E Avoid,-2.77,0.19,0.0,No Major Change
07.10.2026 at 10:09 AM IST,ZEELEARN,Consumer Defensive,Education & Training Services,6.39,39.49,15,2.0,E Avoid,13,22.0,10,0.12,53.24,36.73,Bearish,38.67,15.0,4.77,E Avoid,-2.77,0.82,0.0,No Major Change
07.10.2026 at 10:09 AM IST,SAKUMA,Consumer Defensive,Farm Products,1.51,39.9,15,0.7,E Avoid,8,27.0,0,0.46,37.27,51.29,Bearish,40.12,15.0,3.47,E Avoid,-2.77,-0.22,0.0,Fresh Weakness
07.10.2026 at 10:09 AM IST,BIKAJI,Consumer Defensive,Packaged Foods,488.65,27.89,15,0.45,E Avoid,14,21.0,0,0.12,1.18,36.29,Bearish,26.21,15.0,3.22,E Avoid,-2.77,1.68,0.0,No Major Change
07.10.2026 at 10:09 AM IST,MODINATUR,Consumer Defensive,Packaged Foods,317.15,35.03,15,0.35,E Avoid,8,28.0,0,0.16,25.7,39.57,Bearish,35.15,15.0,3.12,E Avoid,-2.77,-0.12,0.0,No Major Change
07.10.2026 at 10:09 AM IST,GALAXYSURF,Basic Materials,Specialty Chemicals,2480.2,66.06,0,54.27,C Neutral,65,44.0,65,0.44,66.13,6.34,Bullish,64.25,0.0,57.07,B Watchlist,-2.8,1.81,0.0,Band Changed: B Watchlist → C Neutral
07.10.2026 at 10:09 AM IST,TATVA,Basic Materials,Specialty Chemicals,1921.3,67.7,0,53.57,C Neutral,65,42.0,65,0.94,87.4,0.4,Bullish,65.08,0.0,56.37,B Watchlist,-2.8,2.62,0.0,Band Changed: B Watchlist → C Neutral
07.10.2026 at 10:09 AM IST,BHAGERIA,Basic Materials,Specialty Chemicals,392.0,65.23,0,53.57,C Neutral,65,42.0,65,0.22,210.83,5.72,Bullish,65.48,0.0,56.37,B Watchlist,-2.8,-0.25,0.0,Band Changed: B Watchlist → C Neutral
07.10.2026 at 10:09 AM IST,FCL,Basic Materials,Specialty Chemicals,60.1,61.66,0,50.07,C Neutral,65,37.0,58,0.56,214.98,3.69,Bullish,60.14,0.0,52.87,C Neutral,-2.8,1.52,0.0,No Major Change
07.10.2026 at 10:09 AM IST,VALIANTORG,Basic Materials,Chemicals,494.0,81.04,0,48.22,C Neutral,52,36.0,65,0.19,153.33,2.18,Bullish,81.37,0.0,51.02,C Neutral,-2.8,-0.33,0.0,No Major Change
07.10.2026 at 10:09 AM IST,BEPL,Basic Materials,Chemicals,127.11,53.0,0,48.02,C Neutral,65,43.0,40,0.19,74.44,7.45,Bullish,55.63,0.0,50.82,C Neutral,-2.8,-2.63,0.0,No Major Change
07.10.2026 at 10:09 AM IST,PLASTIBLEN,Basic Materials,Specialty Chemicals,201.0,58.8,0,46.52,C Neutral,65,38.0,48,0.1,68.64,5.65,Bullish,59.93,0.0,49.32,C Neutral,-2.8,-1.13,0.0,No Major Change
07.10.2026 at 10:09 AM IST,PRIMO,Basic Materials,Chemicals,26.7,62.77,0,36.27,D Weak,55,18.0,45,0.11,65.84,10.4,Bullish,63.59,0.0,39.07,D Weak,-2.8,-0.82,0.0,No Major Change
07.10.2026 at 10:09 AM IST,PIDILITIND,Basic Materials,Specialty Chemicals,1504.8,42.09,0,31.97,E Avoid,28,42.0,10,0.16,20.38,11.87,Bearish,44.98,0.0,34.77,E Avoid,-2.8,-2.89,0.0,No Major Change
07.10.2026 at 10:09 AM IST,PRIVISCL,Basic Materials,Specialty Chemicals,3501.6,48.91,0,31.47,E Avoid,32,32.0,18,0.08,44.8,7.24,Bearish,49.19,0.0,34.27,E Avoid,-2.8,-0.28,0.0,No Major Change
07.10.2026 at 10:09 AM IST,APLAPOLLO,Basic Materials,Steel,2123.1,46.35,0,31.17,E Avoid,47,24.0,20,0.06,26.11,7.39,Bullish,49.93,0.0,33.97,E Avoid,-2.8,-3.58,0.0,No Major Change
07.10.2026 at 10:09 AM IST,PREMEXPLN,Basic Materials,Specialty Chemicals,683.5,60.67,0,23.42,E Avoid,50,1.0,28,0.15,80.76,17.57,Bullish,62.77,0.0,26.22,E Avoid,-2.8,-2.1,0.0,No Major Change
07.10.2026 at 10:09 AM IST,ATUL,Basic Materials,Specialty Chemicals,5995.0,40.6,15,14.12,E Avoid,21,46.0,0,0.1,8.35,16.09,Bearish,40.96,15.0,16.92,E Avoid,-2.8,-0.36,0.0,No Major Change
07.10.2026 at 10:09 AM IST,DEEPAKNTR,Basic Materials,Chemicals,1545.6,41.16,15,14.12,E Avoid,18,41.0,10,0.15,21.3,18.19,Bearish,43.95,15.0,16.92,E Avoid,-2.8,-2.79,0.0,No Major Change
07.10.2026 at 10:09 AM IST,NATIONALUM,Basic Materials,Aluminum,326.25,30.72,15,12.62,E Avoid,8,58.0,0,0.76,56.41,26.42,Bearish,35.97,15.0,15.42,E Avoid,-2.8,-5.25,0.0,No Major Change
07.10.2026 at 10:09 AM IST,DDEVPLSTIK,Basic Materials,Specialty Chemicals,248.59,39.33,15,10.92,E Avoid,8,43.0,10,0.1,34.93,29.1,Bearish,40.1,15.0,13.72,E Avoid,-2.8,-0.77,0.0,Fresh Weakness
07.10.2026 at 10:09 AM IST,SHK,Basic Materials,Specialty Chemicals,141.31,47.53,15,10.42,E Avoid,17,31.0,20,0.11,26.19,41.16,Bearish,48.98,15.0,13.22,E Avoid,-2.8,-1.45,0.0,No Major Change
07.10.2026 at 10:09 AM IST,ASHOKAMET,Basic Materials,Steel,14.55,47.47,15,9.77,E Avoid,32,27.0,8,0.03,19.95,25.0,Bullish,48.96,15.0,12.57,E Avoid,-2.8,-1.49,0.0,No Major Change
07.10.2026 at 10:09 AM IST,SANDUMA,Basic Materials,Steel,180.63,41.05,15,9.72,E Avoid,16,42.0,0,0.12,6.19,33.67,Bearish,43.72,15.0,12.52,E Avoid,-2.8,-2.67,0.0,No Major Change
07.10.2026 at 10:09 AM IST,EPIGRAL,Basic Materials,Chemicals,1020.8,35.97,15,8.37,E Avoid,13,25.0,20,0.4,27.04,41.28,Bearish,39.59,15.0,11.17,E Avoid,-2.8,-3.62,0.0,No Major Change
07.10.2026 at 10:09 AM IST,EXCELINDUS,Basic Materials,Specialty Chemicals,923.65,40.2,15,4.32,E Avoid,18,21.0,10,0.04,17.11,19.78,Bearish,40.35,15.0,7.12,E Avoid,-2.8,-0.15,0.0,No Major Change
07.10.2026 at 10:09 AM IST,KOTYARK,Basic Materials,Specialty Chemicals,30.0,45.41,15,4.02,E Avoid,17,28.0,0,0.67,74.44,33.36,Bearish,45.34,15.0,6.82,E Avoid,-2.8,0.07,0.0,No Major Change
07.10.2026 at 10:09 AM IST,NSLNISP,Basic Materials,Steel,40.48,37.47,15,0.92,E Avoid,13,21.0,0,0.15,22.63,24.69,Bearish,40.55,15.0,3.72,E Avoid,-2.8,-3.08,0.0,Fresh Weakness
07.10.2026 at 10:09 AM IST,GOCOLORS,Consumer Cyclical,Apparel Retail,306.3,45.45,15,0.0,E Avoid,12,13.0,10,0.28,29.21,56.12,Bearish,44.88,15.0,2.82,E Avoid,-2.82,0.57,0.0,No Major Change
07.10.2026 at 10:09 AM IST,PRSMJOHNSN,Basic Materials,Building Materials,100.55,26.59,15,0.0,E Avoid,9,20.0,0,0.32,3.55,39.39,Bearish,32.82,15.0,2.87,E Avoid,-2.87,-6.23,0.0,No Major Change
07.10.2026 at 10:09 AM IST,SINDHUTRAD,Industrials,Conglomerates,21.78,31.24,15,0.0,E Avoid,13,16.0,0,0.05,23.47,23.95,Bearish,32.94,15.0,2.87,E Avoid,-2.87,-1.7,0.0,No Major Change
07.10.2026 at 10:09 AM IST,CORALFINAC,Real Estate,Real Estate Services,31.96,49.63,15,1.27,E Avoid,17,22.0,0,0.09,28.55,30.92,Bearish,43.21,15.0,4.2,E Avoid,-2.93,6.42,0.0,No Major Change
07.10.2026 at 10:09 AM IST,AVADHSUGAR,Consumer Defensive,Confectioners,908.2,71.33,0,40.9,D Weak,62,16.0,65,1.54,202.43,2.08,Bullish,67.79,0.0,43.92,D Weak,-3.02,3.54,0.0,RSI Overbought
07.10.2026 at 10:09 AM IST,SAGARDEEP,Basic Materials,Copper,22.7,41.41,15,8.52,E Avoid,21,37.0,0,0.12,9.08,26.77,Bearish,46.55,15.0,11.57,E Avoid,-3.05,-5.14,0.0,No Major Change
07.10.2026 at 10:09 AM IST,CESC,Utilities,Utilities - Regulated Electric,132.56,28.15,15,0.0,E Avoid,9,25.0,0,0.1,2.17,32.78,Bearish,31.08,15.0,3.05,E Avoid,-3.05,-2.93,0.0,No Major Change
07.10.2026 at 10:09 AM IST,INTENTECH,Unknown,Unknown,79.81,44.85,15,0.0,E Avoid,23,0.0,0,1.68,20.38,44.96,Bearish,55.11,15.0,3.06,E Avoid,-3.06,-10.26,0.0,No Major Change
07.10.2026 at 10:09 AM IST,RHETAN,Basic Materials,Steel,17.41,41.65,15,0.0,E Avoid,18,12.0,0,0.84,20.74,50.07,Bearish,37.53,15.0,3.07,E Avoid,-3.07,4.12,0.0,No Major Change
07.10.2026 at 10:09 AM IST,MARUTI,Consumer Cyclical,Auto Manufacturers,11475.0,29.02,15,5.84,E Avoid,9,35.0,0,0.21,1.5,33.27,Bearish,30.96,15.0,8.92,E Avoid,-3.08,-1.94,0.0,No Major Change
07.10.2026 at 10:09 AM IST,BALKRISIND,Consumer Cyclical,Auto Parts,2041.5,29.57,15,8.98,E Avoid,9,41.0,0,0.2,3.99,26.18,Bearish,34.62,15.0,12.07,E Avoid,-3.09,-5.05,0.0,No Major Change
07.10.2026 at 10:09 AM IST,PIIND,Basic Materials,Agricultural Inputs,2221.3,35.93,15,0.0,E Avoid,16,12.0,0,0.1,1.38,41.74,Bearish,38.14,15.0,3.12,E Avoid,-3.12,-2.21,0.0,No Major Change
07.10.2026 at 10:09 AM IST,SBICARD,Financial Services,Credit Services,565.85,29.48,15,2.77,E Avoid,9,26.0,0,0.2,1.02,41.16,Bearish,30.42,15.0,5.9,E Avoid,-3.13,-0.94,0.0,No Major Change
07.10.2026 at 10:09 AM IST,BAJAJFINSV,Financial Services,Financial Conglomerates,1738.4,28.94,15,1.02,E Avoid,9,25.0,0,0.06,8.95,20.73,Bearish,30.84,15.0,4.15,E Avoid,-3.13,-1.9,0.0,No Major Change
07.10.2026 at 10:09 AM IST,PROTEAN,Technology,Information Technology Services,678.05,68.49,0,36.86,D Weak,50,27.0,45,0.1,55.51,22.26,Bullish,71.74,0.0,40.03,D Weak,-3.17,-3.25,0.0,No Major Change
07.10.2026 at 10:09 AM IST,AURIONPRO,Technology,Software - Application,609.0,29.47,15,3.36,E Avoid,14,32.0,0,0.21,2.64,50.7,Bearish,32.61,15.0,6.53,E Avoid,-3.17,-3.14,0.0,No Major Change
07.10.2026 at 10:09 AM IST,MAZDOCK,Industrials,Aerospace & Defense,2068.6,25.56,15,8.39,E Avoid,9,42.0,0,0.19,1.84,28.89,Bearish,30.96,15.0,11.62,E Avoid,-3.23,-5.4,0.0,No Major Change
07.10.2026 at 10:09 AM IST,NBCC,Industrials,Engineering & Construction,76.53,28.75,15,4.74,E Avoid,14,28.0,0,0.16,1.03,38.69,Bearish,31.29,15.0,7.97,E Avoid,-3.23,-2.54,0.0,No Major Change
07.10.2026 at 10:09 AM IST,GKSL,Healthcare,Medical Care Facilities,190.81,64.91,0,40.45,D Weak,45,23.0,58,0.03,93.99,9.05,Bullish,68.79,0.0,43.72,D Weak,-3.27,-3.88,0.0,No Major Change
07.10.2026 at 10:09 AM IST,EKC,Industrials,Specialty Industrial Machinery,105.71,49.23,15,0.0,E Avoid,17,10.0,8,0.02,17.95,31.12,Bearish,50.95,15.0,3.27,E Avoid,-3.27,-1.72,0.0,No Major Change
07.10.2026 at 10:09 AM IST,GENCON,Industrials,Engineering & Construction,37.38,40.58,15,0.0,E Avoid,16,12.0,0,0.37,2.83,37.66,Bearish,41.7,15.0,3.27,E Avoid,-3.27,-1.12,0.0,No Major Change
07.10.2026 at 10:09 AM IST,NMDC,Basic Materials,Steel,72.86,28.1,15,6.92,E Avoid,9,39.0,0,0.41,5.34,24.25,Bearish,31.66,15.0,10.22,E Avoid,-3.3,-3.56,0.0,No Major Change
07.10.2026 at 10:09 AM IST,JINDALSTEL,Basic Materials,Steel,1064.8,34.81,15,3.82,E Avoid,16,23.0,10,0.29,9.17,18.34,Bearish,38.71,15.0,7.12,E Avoid,-3.3,-3.9,0.0,No Major Change
07.10.2026 at 10:09 AM IST,VMART,Consumer Cyclical,Department Stores,781.65,47.34,0,27.74,E Avoid,32,27.0,20,0.08,70.93,11.86,Bearish,51.25,0.0,31.07,E Avoid,-3.33,-3.91,0.0,No Major Change
07.10.2026 at 10:09 AM IST,GLOBE,Consumer Cyclical,Textile Manufacturing,2.05,49.68,15,13.24,E Avoid,32,32.0,15,0.01,17.14,37.69,Bullish,52.39,15.0,16.57,E Avoid,-3.33,-2.71,0.0,No Major Change
07.10.2026 at 10:09 AM IST,CELLO,Consumer Cyclical,"Furnishings, Fixtures & Appliances",367.7,66.57,15,17.03,E Avoid,40,28.0,25,0.51,17.1,45.19,Bullish,66.54,15.0,20.37,E Avoid,-3.34,0.03,0.0,No Major Change
07.10.2026 at 10:09 AM IST,VARDMNPOLY,Consumer Cyclical,Textile Manufacturing,5.52,28.87,15,0.0,E Avoid,9,24.0,0,0.21,8.24,41.83,Bearish,26.24,15.0,3.37,E Avoid,-3.37,2.63,0.0,No Major Change
07.10.2026 at 10:09 AM IST,POONAWALLA,Financial Services,Credit Services,454.1,49.14,0,28.52,E Avoid,27,31.0,18,0.07,25.72,16.68,Bearish,51.39,0.0,31.9,E Avoid,-3.38,-2.25,0.0,No Major Change
07.10.2026 at 10:09 AM IST,SBILIFE,Financial Services,Insurance - Life,1721.5,47.25,15,6.12,E Avoid,20,30.0,8,0.08,4.15,19.14,Bearish,52.13,15.0,9.5,E Avoid,-3.38,-4.88,0.0,No Major Change
07.10.2026 at 10:09 AM IST,SOUTHWEST,Energy,Oil & Gas Equipment & Services,195.57,47.04,15,9.56,E Avoid,12,47.0,0,0.03,61.63,28.88,Bearish,50.49,15.0,12.97,E Avoid,-3.41,-3.45,0.0,No Major Change
07.10.2026 at 10:09 AM IST,SIGMA,Technology,Information Technology Services,45.04,49.15,0,34.51,E Avoid,32,46.0,20,0.17,28.45,29.05,Bearish,50.03,0.0,37.93,D Weak,-3.42,-0.88,0.0,Band Changed: D Weak → E Avoid
07.10.2026 at 10:09 AM IST,DHANUKA,Basic Materials,Agricultural Inputs,901.6,27.99,15,0.0,E Avoid,9,13.0,0,0.16,1.54,40.95,Bearish,30.25,15.0,3.47,E Avoid,-3.47,-2.26,0.0,No Major Change
07.10.2026 at 10:09 AM IST,INDOFARM,Industrials,Farm & Heavy Construction Machinery,134.28,45.78,15,2.69,E Avoid,17,24.0,0,0.08,21.3,50.58,Bearish,45.52,15.0,6.17,E Avoid,-3.48,0.26,0.0,No Major Change
07.10.2026 at 10:09 AM IST,APLLTD,Healthcare,Drug Manufacturers - Specialty & Generic,831.0,49.93,0,41.0,D Weak,42,40.0,38,0.17,32.65,15.5,Bullish,51.07,0.0,44.52,D Weak,-3.52,-1.14,0.0,No Major Change
07.10.2026 at 10:09 AM IST,EMAMILTD,Consumer Defensive,Household & Personal Products,381.1,49.68,15,9.4,E Avoid,25,29.0,8,0.02,5.52,30.42,Bearish,51.73,15.0,12.92,E Avoid,-3.52,-2.05,0.0,No Major Change
07.10.2026 at 10:09 AM IST,CRIZAC,Consumer Defensive,Education & Training Services,167.71,41.69,15,6.2,E Avoid,16,37.0,0,0.05,4.85,47.98,Bearish,42.73,15.0,9.72,E Avoid,-3.52,-1.04,0.0,No Major Change
07.10.2026 at 10:09 AM IST,MWL,Basic Materials,Steel,41.34,49.21,0,34.47,E Avoid,42,21.0,48,0.0,106.9,13.87,Bullish,50.9,0.0,38.02,D Weak,-3.55,-1.69,0.0,Band Changed: D Weak → E Avoid
07.10.2026 at 10:09 AM IST,GSFC,Basic Materials,Agricultural Inputs,150.8,46.23,15,10.52,E Avoid,22,42.0,0,0.19,12.12,21.91,Bearish,52.02,15.0,14.07,E Avoid,-3.55,-5.79,0.0,No Major Change
07.10.2026 at 10:09 AM IST,KARURVYSYA,Financial Services,Banks - Regional,322.4,42.2,0,29.07,E Avoid,23,42.0,20,0.15,50.83,10.11,Bearish,45.12,0.0,32.7,E Avoid,-3.63,-2.92,0.0,No Major Change
07.10.2026 at 10:09 AM IST,PDSL,Industrials,Specialty Business Services,343.0,41.23,0,25.39,E Avoid,28,27.0,10,0.07,40.05,17.66,Bearish,45.41,0.0,29.12,E Avoid,-3.73,-4.18,0.0,No Major Change
07.10.2026 at 10:09 AM IST,WINDMACHIN,Industrials,Specialty Industrial Machinery,291.05,42.76,0,20.64,E Avoid,23,16.0,10,0.03,45.05,15.37,Bearish,45.8,0.0,24.37,E Avoid,-3.73,-3.04,0.0,No Major Change
07.10.2026 at 10:09 AM IST,RITES,Industrials,Engineering & Construction,200.39,42.28,15,8.34,E Avoid,13,43.0,0,0.03,16.74,20.67,Bearish,45.9,15.0,12.07,E Avoid,-3.73,-3.62,0.0,No Major Change
07.10.2026 at 10:09 AM IST,NEULANDLAB,Healthcare,Drug Manufacturers - Specialty & Generic,21670.0,42.33,0,36.7,D Weak,23,43.0,30,0.11,88.78,10.55,Bearish,45.3,0.0,40.47,D Weak,-3.77,-2.97,0.0,No Major Change
07.10.2026 at 10:09 AM IST,MEDANTA,Healthcare,Medical Care Facilities,1269.1,28.65,0,24.75,E Avoid,19,30.0,10,0.18,32.8,17.8,Bearish,31.55,0.0,28.52,E Avoid,-3.77,-2.9,0.0,No Major Change
07.10.2026 at 10:09 AM IST,COLPAL,Consumer Defensive,Household & Personal Products,1783.5,41.56,15,10.25,E Avoid,21,40.0,0,0.06,3.93,21.71,Bearish,45.95,15.0,14.02,E Avoid,-3.77,-4.39,0.0,No Major Change
07.10.2026 at 10:09 AM IST,RAJRATAN,Basic Materials,Steel,462.8,44.96,0,29.17,E Avoid,28,39.0,10,0.09,52.08,17.94,Bearish,46.9,0.0,32.97,E Avoid,-3.8,-1.94,0.0,No Major Change
07.10.2026 at 10:09 AM IST,BSHSL,Basic Materials,Agricultural Inputs,78.1,27.94,15,0.07,E Avoid,4,27.0,0,0.18,32.01,39.22,Bearish,31.82,15.0,3.87,E Avoid,-3.8,-3.88,0.0,No Major Change
07.10.2026 at 10:09 AM IST,GNA,Consumer Cyclical,Auto Parts,599.05,58.27,0,57.14,B Watchlist,60,64.0,55,0.08,104.52,7.55,Bullish,64.38,0.0,60.97,B Watchlist,-3.83,-6.11,0.0,No Major Change
07.10.2026 at 10:09 AM IST,ICIL,Consumer Cyclical,Textile Manufacturing,468.7,57.95,0,43.14,D Weak,60,28.0,48,0.2,116.95,3.55,Bullish,59.12,0.0,46.97,C Neutral,-3.83,-1.17,0.0,Band Changed: C Neutral → D Weak
07.10.2026 at 10:09 AM IST,ETERNAL,Consumer Cyclical,Internet Retail,328.3,53.88,0,41.34,D Weak,50,30.0,48,0.21,54.42,10.9,Bullish,54.58,0.0,45.17,C Neutral,-3.83,-0.7,0.0,Band Changed: C Neutral → D Weak
07.10.2026 at 10:09 AM IST,MOTHERSON,Consumer Cyclical,Auto Parts,158.65,45.99,0,28.24,E Avoid,27,29.0,20,0.27,57.82,8.44,Bearish,48.04,0.0,32.07,E Avoid,-3.83,-2.05,0.0,No Major Change
07.10.2026 at 10:09 AM IST,PRECOT,Consumer Cyclical,Textile Manufacturing,605.1,34.69,5,24.34,E Avoid,33,32.0,10,1.53,102.68,32.69,Bearish,34.59,0.0,28.17,E Avoid,-3.83,0.1,5.0,Risk Increased
07.10.2026 at 10:09 AM IST,TIPSFILMS,Communication Services,Entertainment,332.0,51.69,15,4.99,E Avoid,30,0.0,38,0.24,19.96,30.73,Bearish,52.81,15.0,8.82,E Avoid,-3.83,-1.12,0.0,No Major Change
07.10.2026 at 10:09 AM IST,DPABHUSHAN,Consumer Cyclical,Luxury Goods,2217.8,84.94,0,49.23,C Neutral,52,36.0,65,0.37,156.07,1.38,Bullish,83.8,0.0,53.07,C Neutral,-3.84,1.14,0.0,No Major Change
07.10.2026 at 10:09 AM IST,SSWL,Consumer Cyclical,Auto Parts,424.45,72.29,0,45.88,C Neutral,47,33.0,65,0.2,152.19,2.2,Bullish,72.43,0.0,49.72,C Neutral,-3.84,-0.14,0.0,No Major Change
07.10.2026 at 10:09 AM IST,KAMATHOTEL,Consumer Cyclical,Lodging,262.75,74.46,0,45.68,C Neutral,42,37.0,65,0.53,87.41,20.28,Bullish,72.28,0.0,49.52,C Neutral,-3.84,2.18,0.0,No Major Change
07.10.2026 at 10:09 AM IST,STOVEKRAFT,Consumer Cyclical,"Furnishings, Fixtures & Appliances",816.3,51.48,0,40.93,D Weak,65,31.0,30,0.42,83.36,6.53,Bullish,50.47,0.0,44.77,D Weak,-3.84,1.01,0.0,No Major Change
07.10.2026 at 10:09 AM IST,SPORTKING,Consumer Cyclical,Textile Manufacturing,201.7,43.74,0,34.98,E Avoid,23,41.0,30,0.18,159.15,16.12,Bearish,44.54,0.0,38.82,D Weak,-3.84,-0.8,0.0,Band Changed: D Weak → E Avoid
07.10.2026 at 10:09 AM IST,GAIL,Utilities,Utilities - Regulated Gas,168.96,43.34,0,28.06,E Avoid,23,46.0,10,0.12,26.12,7.09,Bearish,49.82,0.0,31.9,E Avoid,-3.84,-6.48,0.0,No Major Change
07.10.2026 at 10:09 AM IST,ARVIND,Consumer Cyclical,Textile Manufacturing,527.15,41.75,0,24.43,E Avoid,23,21.0,20,0.12,91.21,13.18,Bearish,44.81,0.0,28.27,E Avoid,-3.84,-3.06,0.0,No Major Change
07.10.2026 at 10:09 AM IST,SHIVATEX,Consumer Cyclical,Textile Manufacturing,169.14,48.04,0,18.28,E Avoid,32,1.0,20,0.02,34.66,22.1,Bearish,49.08,0.0,22.12,E Avoid,-3.84,-1.04,0.0,No Major Change
07.10.2026 at 10:09 AM IST,VENTIVE,Consumer Cyclical,Lodging,576.8,52.95,15,13.58,E Avoid,33,41.0,0,0.09,6.3,27.35,Bearish,55.41,15.0,17.42,E Avoid,-3.84,-2.46,0.0,No Major Change
07.10.2026 at 10:09 AM IST,INDIANCARD,Consumer Cyclical,Textile Manufacturing,183.14,31.61,15,6.13,E Avoid,13,37.0,0,0.05,19.7,34.18,Bearish,36.13,15.0,9.97,E Avoid,-3.84,-4.52,0.0,No Major Change
07.10.2026 at 10:09 AM IST,VHL,Financial Services,Asset Management,3586.9,64.4,0,39.17,D Weak,55,44.0,20,0.1,25.16,15.97,Bullish,63.56,0.0,43.05,D Weak,-3.88,0.84,0.0,No Major Change
07.10.2026 at 10:09 AM IST,SGFIN,Financial Services,Capital Markets,657.05,54.92,0,37.77,D Weak,45,40.0,30,0.12,103.42,9.68,Bearish,56.53,0.0,41.65,D Weak,-3.88,-1.61,0.0,No Major Change
07.10.2026 at 10:09 AM IST,ABCAPITAL,Financial Services,Financial Conglomerates,378.55,41.04,0,24.82,E Avoid,23,29.0,10,0.09,31.58,12.11,Bearish,41.26,0.0,28.7,E Avoid,-3.88,-0.22,0.0,No Major Change
07.10.2026 at 10:09 AM IST,HDFCLIFE,Financial Services,Insurance - Life,542.75,52.44,15,11.52,E Avoid,43,29.0,8,0.05,6.69,30.92,Bullish,52.77,15.0,15.4,E Avoid,-3.88,-0.33,0.0,No Major Change
07.10.2026 at 10:09 AM IST,GICHSGFIN,Financial Services,Mortgage Finance,133.62,37.76,15,10.32,E Avoid,21,39.0,0,0.13,5.59,25.37,Bearish,40.81,15.0,14.2,E Avoid,-3.88,-3.05,0.0,Fresh Weakness
07.10.2026 at 10:09 AM IST,JIOFIN,Financial Services,Asset Management,216.84,34.99,15,9.77,E Avoid,16,45.0,0,0.26,4.0,31.4,Bearish,36.19,15.0,13.65,E Avoid,-3.88,-1.2,0.0,No Major Change
07.10.2026 at 10:09 AM IST,TATACAP,Financial Services,Credit Services,320.0,32.63,15,8.37,E Avoid,16,37.0,0,0.13,8.29,17.99,Bearish,33.74,15.0,12.25,E Avoid,-3.88,-1.11,0.0,No Major Change
07.10.2026 at 10:09 AM IST,CHOICEIN,Financial Services,Capital Markets,724.05,37.89,15,7.82,E Avoid,8,42.0,10,0.03,27.32,15.86,Bearish,39.01,15.0,11.7,E Avoid,-3.88,-1.12,0.0,No Major Change
07.10.2026 at 10:09 AM IST,SBFC,Financial Services,Credit Services,82.91,25.46,15,7.32,E Avoid,9,43.0,0,0.23,4.16,32.59,Bearish,26.11,15.0,11.2,E Avoid,-3.88,-0.65,0.0,No Major Change
07.10.2026 at 10:09 AM IST,HDFCAMC,Financial Services,Asset Management,2327.3,41.24,15,6.27,E Avoid,16,43.0,0,0.07,7.83,19.85,Bearish,43.94,15.0,10.15,E Avoid,-3.88,-2.7,0.0,No Major Change
07.10.2026 at 10:09 AM IST,HDBFS,Financial Services,Credit Services,614.05,27.39,15,4.87,E Avoid,9,32.0,0,0.81,10.9,22.71,Bearish,28.11,15.0,8.75,E Avoid,-3.88,-0.72,0.0,No Major Change
07.10.2026 at 10:09 AM IST,MFSL,Financial Services,Insurance - Life,1342.2,33.84,15,1.37,E Avoid,16,25.0,0,0.04,0.32,29.08,Bearish,36.32,15.0,5.25,E Avoid,-3.88,-2.48,0.0,No Major Change
07.10.2026 at 10:09 AM IST,PETRONET,Energy,Oil & Gas Refining & Marketing,298.3,62.07,0,45.57,C Neutral,65,39.0,38,0.36,28.21,7.55,Bullish,61.44,0.0,49.47,C Neutral,-3.9,0.63,0.0,No Major Change
07.10.2026 at 10:09 AM IST,BPCL,Energy,Oil & Gas Refining & Marketing,296.35,37.1,15,6.02,E Avoid,13,26.0,10,0.29,11.16,24.33,Bearish,42.57,15.0,9.92,E Avoid,-3.9,-5.47,0.0,Fresh Weakness
07.10.2026 at 10:09 AM IST,EXPLEOSOL,Technology,Information Technology Services,875.25,52.74,0,42.41,D Weak,55,50.0,30,0.13,55.64,15.23,Bullish,53.88,0.0,46.33,C Neutral,-3.92,-1.14,0.0,Band Changed: C Neutral → D Weak
07.10.2026 at 10:09 AM IST,STYL,Technology,Software - Infrastructure,371.55,49.56,0,37.01,D Weak,32,46.0,30,0.06,78.8,13.99,Bearish,48.58,0.0,40.93,D Weak,-3.92,0.98,0.0,No Major Change
07.10.2026 at 10:09 AM IST,BBOX,Technology,Software - Application,821.0,56.14,0,30.86,E Avoid,50,22.0,28,0.25,85.04,25.47,Bullish,60.48,0.0,34.78,E Avoid,-3.92,-4.34,0.0,No Major Change
07.10.2026 at 10:09 AM IST,AAATECH,Technology,Information Technology Services,106.3,65.56,0,30.41,E Avoid,55,10.0,45,0.13,32.49,21.0,Bullish,63.11,0.0,34.33,E Avoid,-3.92,2.45,0.0,No Major Change
07.10.2026 at 10:09 AM IST,QUINTEGRA,Technology,Information Technology Services,1.54,88.64,0,26.11,E Avoid,42,2.0,45,0.09,40.0,24.88,Bullish,86.35,0.0,30.03,E Avoid,-3.92,2.29,0.0,No Major Change
07.10.2026 at 10:09 AM IST,ASTRAMICRO,Technology,Communication Equipment,1700.0,56.25,0,23.46,E Avoid,55,8.0,20,0.27,100.05,13.14,Bullish,56.89,0.0,27.38,E Avoid,-3.92,-0.64,0.0,No Major Change
07.10.2026 at 10:09 AM IST,HCLTECH,Technology,Information Technology Services,1196.2,36.69,15,22.71,E Avoid,13,79.0,0,0.14,17.32,30.82,Bearish,38.18,15.0,26.63,E Avoid,-3.92,-1.49,0.0,No Major Change
07.10.2026 at 10:09 AM IST,ACCELYA,Technology,Information Technology Services,1100.0,38.77,15,22.46,E Avoid,16,64.0,10,0.93,8.65,23.47,Bearish,37.45,15.0,26.38,E Avoid,-3.92,1.32,0.0,No Major Change
07.10.2026 at 10:09 AM IST,63MOONS,Technology,Software - Application,791.5,40.38,0,18.96,E Avoid,23,13.0,20,0.06,69.88,17.18,Bearish,40.8,0.0,22.88,E Avoid,-3.92,-0.42,0.0,No Major Change
07.10.2026 at 10:09 AM IST,MASTEK,Technology,Information Technology Services,1614.6,49.47,15,7.61,E Avoid,17,42.0,0,0.06,22.04,30.99,Bearish,49.7,15.0,11.53,E Avoid,-3.92,-0.23,0.0,No Major Change
07.10.2026 at 10:09 AM IST,WEBELSOLAR,Technology,Solar,68.9,36.05,15,7.11,E Avoid,8,42.0,0,0.41,37.16,49.87,Bearish,40.42,15.0,11.03,E Avoid,-3.92,-4.37,0.0,Fresh Weakness
07.10.2026 at 10:09 AM IST,SAKSOFT,Technology,Information Technology Services,140.59,39.55,15,1.16,E Avoid,8,30.0,0,0.22,31.1,36.74,Bearish,42.38,15.0,5.08,E Avoid,-3.92,-2.83,0.0,Fresh Weakness
07.10.2026 at 10:09 AM IST,ALEMBICLTD,Real Estate,Real Estate - Development,103.93,51.84,0,37.22,D Weak,50,40.0,20,0.1,51.47,11.71,Bullish,54.64,0.0,41.15,D Weak,-3.93,-2.8,0.0,No Major Change
07.10.2026 at 10:09 AM IST,DEVX,Real Estate,Real Estate Services,40.5,75.6,0,31.32,E Avoid,42,15.0,45,0.32,35.23,25.0,Bullish,73.43,0.0,35.25,D Weak,-3.93,2.17,0.0,Band Changed: D Weak → E Avoid
07.10.2026 at 10:09 AM IST,PTL,Real Estate,Real Estate Services,38.2,48.1,15,11.87,E Avoid,20,39.0,10,0.11,8.61,10.53,Bearish,48.23,15.0,15.8,E Avoid,-3.93,-0.13,0.0,No Major Change
07.10.2026 at 10:09 AM IST,EFCIL,Real Estate,Real Estate Services,171.57,35.57,15,7.52,E Avoid,21,37.0,0,0.22,2.71,48.91,Bearish,32.75,15.0,11.45,E Avoid,-3.93,2.82,0.0,No Major Change
07.10.2026 at 10:09 AM IST,SOBHA,Real Estate,Real Estate - Development,1196.2,36.06,15,6.27,E Avoid,16,36.0,0,0.11,6.29,30.65,Bearish,34.77,15.0,10.2,E Avoid,-3.93,1.29,0.0,No Major Change
07.10.2026 at 10:09 AM IST,MARATHON,Real Estate,Real Estate - Development,377.25,34.75,15,5.92,E Avoid,16,32.0,0,0.07,9.92,44.23,Bearish,33.81,15.0,9.85,E Avoid,-3.93,0.94,0.0,No Major Change
07.10.2026 at 10:09 AM IST,KMEW,Industrials,Marine Shipping,3209.0,65.95,0,54.34,C Neutral,65,44.0,58,0.31,195.87,1.82,Bullish,65.7,0.0,58.32,B Watchlist,-3.98,0.25,0.0,Band Changed: B Watchlist → C Neutral
07.10.2026 at 10:09 AM IST,AZAD,Industrials,Specialty Industrial Machinery,3034.5,63.56,0,49.94,C Neutral,60,35.0,58,0.19,123.12,2.99,Bullish,65.68,0.0,53.92,C Neutral,-3.98,-2.12,0.0,No Major Change
07.10.2026 at 10:09 AM IST,ARIS,Industrials,Engineering & Construction,139.8,54.74,0,49.14,C Neutral,50,42.0,55,0.12,70.11,21.59,Bullish,58.05,0.0,53.12,C Neutral,-3.98,-3.31,0.0,No Major Change
07.10.2026 at 10:09 AM IST,LOKESHMACH,Industrials,Specialty Industrial Machinery,462.75,76.75,0,45.14,C Neutral,52,22.0,65,0.5,233.01,1.12,Bullish,75.92,0.0,49.12,C Neutral,-3.98,0.83,0.0,No Major Change
07.10.2026 at 10:09 AM IST,BHEL,Industrials,Specialty Industrial Machinery,453.55,65.97,0,43.79,D Weak,65,25.0,48,0.61,98.23,0.53,Bullish,65.39,0.0,47.77,C Neutral,-3.98,0.58,0.0,Band Changed: C Neutral → D Weak
07.10.2026 at 10:09 AM IST,JAYKAY,Industrials,Specialty Business Services,246.12,80.1,0,42.34,D Weak,52,23.0,65,0.38,113.05,1.07,Bullish,78.15,0.0,46.32,C Neutral,-3.98,1.95,0.0,Band Changed: C Neutral → D Weak
07.10.2026 at 10:09 AM IST,KPIL,Industrials,Engineering & Construction,1450.1,60.15,0,42.34,D Weak,65,29.0,38,0.18,45.14,1.22,Bullish,60.34,0.0,46.32,C Neutral,-3.98,-0.19,0.0,Band Changed: C Neutral → D Weak
07.10.2026 at 10:09 AM IST,HARSHA,Industrials,Tools & Accessories,462.85,55.24,0,42.14,D Weak,60,31.0,38,0.15,48.27,4.53,Bullish,57.05,0.0,46.12,C Neutral,-3.98,-1.81,0.0,Band Changed: C Neutral → D Weak
07.10.2026 at 10:09 AM IST,LATTEYS,Industrials,Specialty Industrial Machinery,22.16,60.75,0,41.94,D Weak,55,30.0,38,0.75,40.34,40.11,Bullish,58.9,0.0,45.92,C Neutral,-3.98,1.85,0.0,"Fresh Momentum, Band Changed: C Neutral → D Weak"
07.10.2026 at 10:09 AM IST,ABB,Industrials,Specialty Industrial Machinery,7037.5,46.62,0,40.24,D Weak,27,64.0,20,0.14,54.17,10.15,Bearish,49.32,0.0,44.22,D Weak,-3.98,-2.7,0.0,No Major Change
07.10.2026 at 10:09 AM IST,HAPPYFORGE,Industrials,Metal Fabrication,1939.9,35.37,0,39.69,D Weak,23,51.0,40,0.25,118.82,21.46,Bearish,39.13,0.0,43.67,D Weak,-3.98,-3.76,0.0,No Major Change
07.10.2026 at 10:09 AM IST,VIDYAWIRES,Industrials,Electrical Equipment & Parts,96.11,63.14,0,38.74,D Weak,55,32.0,28,0.89,118.13,18.1,Bullish,62.72,0.0,42.72,D Weak,-3.98,0.42,0.0,No Major Change
07.10.2026 at 10:09 AM IST,HAL,Industrials,Aerospace & Defense,4770.0,50.45,0,33.54,E Avoid,45,35.0,20,0.13,37.38,7.38,Bearish,53.18,0.0,37.52,D Weak,-3.98,-2.73,0.0,Band Changed: D Weak → E Avoid
07.10.2026 at 10:09 AM IST,SANGHVIMOV,Industrials,Rental & Leasing Services,414.9,40.34,0,33.29,E Avoid,23,41.0,20,0.15,86.14,21.1,Bearish,42.01,0.0,37.27,D Weak,-3.98,-1.67,0.0,Band Changed: D Weak → E Avoid
07.10.2026 at 10:09 AM IST,GAYAPROJ,Industrials,Engineering & Construction,21.2,39.81,0,29.79,E Avoid,23,35.0,20,0.07,92.9,22.43,Bearish,41.12,0.0,33.77,E Avoid,-3.98,-1.31,0.0,Fresh Weakness
07.10.2026 at 10:09 AM IST,HBLENGINE,Industrials,Electrical Equipment & Parts,758.6,52.31,0,27.09,E Avoid,55,18.0,8,0.13,23.92,32.12,Bullish,54.16,0.0,31.07,E Avoid,-3.98,-1.85,0.0,No Major Change
07.10.2026 at 10:09 AM IST,ELECTCAST,Industrials,Building Products & Equipment,77.3,54.67,0,23.89,E Avoid,50,11.0,10,0.17,30.12,20.94,Bullish,60.15,0.0,27.87,E Avoid,-3.98,-5.48,0.0,No Major Change
07.10.2026 at 10:09 AM IST,NAVA,Industrials,Conglomerates,572.9,58.92,15,13.79,E Avoid,45,30.0,8,0.54,15.27,21.79,Bullish,59.81,15.0,17.77,E Avoid,-3.98,-0.89,0.0,No Major Change
07.10.2026 at 10:09 AM IST,SRF,Industrials,Conglomerates,2450.8,39.49,15,12.24,E Avoid,16,43.0,0,0.09,4.27,23.36,Bearish,42.25,15.0,16.22,E Avoid,-3.98,-2.76,0.0,Fresh Weakness
07.10.2026 at 10:09 AM IST,EXXARO,Industrials,Building Products & Equipment,6.13,43.19,15,9.29,E Avoid,21,31.0,0,0.11,2.34,40.66,Bearish,43.79,15.0,13.27,E Avoid,-3.98,-0.6,0.0,No Major Change
07.10.2026 at 10:09 AM IST,CUMMINSIND,Industrials,Specialty Industrial Machinery,4916.7,44.66,15,7.99,E Avoid,13,37.0,0,0.26,28.27,18.73,Bearish,44.82,15.0,11.97,E Avoid,-3.98,-0.16,0.0,No Major Change
07.10.2026 at 10:09 AM IST,RMC,Industrials,Electrical Equipment & Parts,198.62,36.0,5,6.34,E Avoid,21,3.0,0,0.17,4.54,62.52,Bearish,34.2,5.0,10.32,E Avoid,-3.98,1.8,0.0,No Major Change
07.10.2026 at 10:09 AM IST,MBLINFRA,Industrials,Engineering & Construction,25.55,68.3,15,4.84,E Avoid,40,6.0,8,0.58,39.09,43.97,Bullish,66.07,15.0,8.82,E Avoid,-3.98,2.23,0.0,No Major Change
07.10.2026 at 10:09 AM IST,CAPACITE,Industrials,Engineering & Construction,183.66,37.56,15,2.29,E Avoid,21,20.0,0,0.18,4.36,41.56,Bearish,38.68,15.0,6.27,E Avoid,-3.98,-1.12,0.0,No Major Change
07.10.2026 at 10:09 AM IST,VASCONEQ,Industrials,Engineering & Construction,32.29,51.58,15,2.04,E Avoid,40,0.0,8,0.03,20.71,56.71,Bullish,51.85,15.0,6.02,E Avoid,-3.98,-0.27,0.0,No Major Change
07.10.2026 at 10:09 AM IST,ASIANTILES,Industrials,Building Products & Equipment,47.6,40.38,15,0.64,E Avoid,13,16.0,0,0.03,12.0,39.79,Bearish,42.26,15.0,4.62,E Avoid,-3.98,-1.88,0.0,No Major Change
07.10.2026 at 10:09 AM IST,OMFREIGHT,Unknown,Unknown,105.0,74.75,0,28.8,E Avoid,52,0.0,55,0.48,78.12,8.16,Bullish,74.75,0.0,32.81,E Avoid,-4.01,0.0,0.0,No Major Change
07.10.2026 at 10:09 AM IST,GYFTR,Unknown,Unknown,169.18,51.85,0,13.3,E Avoid,45,0.0,0,0.26,21.11,12.75,Bullish,51.96,0.0,17.31,E Avoid,-4.01,-0.11,0.0,No Major Change
07.10.2026 at 10:09 AM IST,LAURUSLABS,Healthcare,Drug Manufacturers - Specialty & Generic,2048.3,66.13,0,52.95,C Neutral,60,43.0,58,0.32,143.42,0.82,Bullish,66.51,0.0,56.97,B Watchlist,-4.02,-0.38,0.0,Band Changed: B Watchlist → C Neutral
07.10.2026 at 10:09 AM IST,DHAMPURSUG,Consumer Defensive,Confectioners,189.93,69.39,0,47.25,C Neutral,65,32.0,65,0.65,75.07,5.0,Bullish,68.04,0.0,51.27,C Neutral,-4.02,1.35,0.0,No Major Change
07.10.2026 at 10:09 AM IST,VINCOFE,Consumer Defensive,Beverages - Non-Alcoholic,184.24,59.42,0,46.25,C Neutral,60,45.0,38,0.14,53.36,3.72,Bullish,63.38,0.0,50.27,C Neutral,-4.02,-3.96,0.0,No Major Change
07.10.2026 at 10:09 AM IST,GTECJAINX,Consumer Defensive,Education & Training Services,36.0,67.39,0,34.8,E Avoid,60,0.0,65,0.51,131.66,6.13,Bullish,68.09,0.0,38.82,D Weak,-4.02,-0.7,0.0,Band Changed: D Weak → E Avoid
07.10.2026 at 10:09 AM IST,DALMIASUG,Consumer Defensive,Confectioners,450.0,59.49,0,33.5,E Avoid,55,10.0,48,0.45,75.47,13.46,Bullish,60.19,0.0,37.52,D Weak,-4.02,-0.7,0.0,Band Changed: D Weak → E Avoid
07.10.2026 at 10:09 AM IST,HERITGFOOD,Consumer Defensive,Packaged Foods,401.05,52.18,0,31.85,E Avoid,50,15.0,38,0.07,38.12,19.79,Bullish,55.21,0.0,35.87,D Weak,-4.02,-3.03,0.0,Band Changed: D Weak → E Avoid
07.10.2026 at 10:09 AM IST,PWL,Consumer Defensive,Education & Training Services,137.41,60.19,0,31.3,E Avoid,55,16.0,28,0.75,76.8,15.17,Bullish,54.79,0.0,35.32,D Weak,-4.02,5.4,0.0,"Fresh Momentum, Band Changed: D Weak → E Avoid"
07.10.2026 at 10:09 AM IST,SPARC,Healthcare,Drug Manufacturers - Specialty & Generic,194.14,45.55,0,28.15,E Avoid,27,34.0,10,0.28,79.76,32.82,Bearish,47.66,0.0,32.17,E Avoid,-4.02,-2.11,0.0,No Major Change
07.10.2026 at 10:09 AM IST,ANIKINDS,Consumer Defensive,Food Distribution,46.52,60.59,0,27.85,E Avoid,55,0.0,38,0.53,43.14,44.22,Bullish,55.85,0.0,31.87,E Avoid,-4.02,4.74,0.0,Fresh Momentum
07.10.2026 at 10:09 AM IST,BAJAJHIND,Consumer Defensive,Confectioners,21.24,56.86,0,27.75,E Avoid,50,12.0,30,0.61,43.03,18.31,Bullish,57.59,0.0,31.77,E Avoid,-4.02,-0.73,0.0,No Major Change
07.10.2026 at 10:09 AM IST,SUVEN,Healthcare,Drug Manufacturers - Specialty & Generic,310.55,36.04,0,26.7,E Avoid,28,22.0,20,0.31,150.22,23.01,Bearish,35.03,0.0,30.72,E Avoid,-4.02,1.01,0.0,No Major Change
07.10.2026 at 10:09 AM IST,ZYDUSWELL,Consumer Defensive,Packaged Foods,499.3,41.34,0,16.65,E Avoid,23,21.0,0,0.16,36.12,18.4,Bearish,42.0,0.0,20.67,E Avoid,-4.02,-0.66,0.0,No Major Change
07.10.2026 at 10:09 AM IST,PGHL,Healthcare,Drug Manufacturers - Specialty & Generic,5291.0,35.81,15,10.0,E Avoid,13,35.0,10,0.06,13.29,23.55,Bearish,36.56,15.0,14.02,E Avoid,-4.02,-0.75,0.0,No Major Change
07.10.2026 at 10:09 AM IST,HINDUNILVR,Consumer Defensive,Household & Personal Products,1882.3,41.72,15,7.95,E Avoid,16,37.0,0,0.06,3.03,28.15,Bearish,43.74,15.0,11.97,E Avoid,-4.02,-2.02,0.0,No Major Change
07.10.2026 at 10:09 AM IST,JGCHEM,Basic Materials,Other Industrial Metals & Mining,658.15,59.97,0,51.62,C Neutral,60,46.0,58,0.25,120.96,4.34,Bullish,61.86,0.0,55.67,B Watchlist,-4.05,-1.89,0.0,Band Changed: B Watchlist → C Neutral
07.10.2026 at 10:09 AM IST,ELANTAS,Basic Materials,Specialty Chemicals,13918.0,57.3,0,51.22,C Neutral,45,75.0,28,0.11,56.38,8.13,Bullish,57.29,0.0,55.27,B Watchlist,-4.05,0.01,0.0,Band Changed: B Watchlist → C Neutral
07.10.2026 at 10:09 AM IST,KINGFA,Basic Materials,Specialty Chemicals,6849.0,72.42,0,48.72,C Neutral,47,37.0,65,0.07,88.3,2.1,Bullish,76.63,0.0,52.77,C Neutral,-4.05,-4.21,0.0,No Major Change
07.10.2026 at 10:09 AM IST,IGPL,Basic Materials,Chemicals,585.0,58.64,0,47.77,C Neutral,60,30.0,58,0.11,87.74,4.08,Bullish,60.07,0.0,51.82,C Neutral,-4.05,-1.43,0.0,No Major Change
07.10.2026 at 10:09 AM IST,KRISHANA,Basic Materials,Agricultural Inputs,191.94,59.15,0,47.27,C Neutral,65,34.0,58,0.13,110.59,7.0,Bullish,60.83,0.0,51.32,C Neutral,-4.05,-1.68,0.0,No Major Change
07.10.2026 at 10:09 AM IST,FINEORG,Basic Materials,Specialty Chemicals,5428.0,70.16,0,44.97,D Weak,52,42.0,38,0.71,41.09,1.97,Bullish,74.13,0.0,49.02,C Neutral,-4.05,-3.97,0.0,Band Changed: C Neutral → D Weak
07.10.2026 at 10:09 AM IST,VISHNU,Basic Materials,Specialty Chemicals,681.0,50.11,0,44.12,D Weak,65,40.0,30,0.13,48.05,8.47,Bullish,54.07,0.0,48.17,C Neutral,-4.05,-3.96,0.0,Band Changed: C Neutral → D Weak
07.10.2026 at 10:09 AM IST,BALAMINES,Basic Materials,Specialty Chemicals,2204.2,50.79,0,43.32,D Weak,55,48.0,20,1.21,128.81,16.18,Bullish,55.49,0.0,47.37,C Neutral,-4.05,-4.7,0.0,Band Changed: C Neutral → D Weak
07.10.2026 at 10:09 AM IST,PAUSHAKLTD,Basic Materials,Specialty Chemicals,705.65,52.84,0,41.77,D Weak,40,40.0,40,0.59,106.98,14.65,Bearish,52.51,0.0,45.82,C Neutral,-4.05,0.33,0.0,Band Changed: C Neutral → D Weak
07.10.2026 at 10:09 AM IST,MIDHANI,Basic Materials,Steel,453.9,60.85,0,40.42,D Weak,60,34.0,30,0.13,70.74,5.62,Bullish,65.24,0.0,44.47,D Weak,-4.05,-4.39,0.0,No Major Change
07.10.2026 at 10:09 AM IST,LLOYDSME,Basic Materials,Steel,1843.1,50.78,0,37.92,D Weak,35,43.0,38,0.12,76.83,13.27,Bearish,52.08,0.0,41.97,D Weak,-4.05,-1.3,0.0,No Major Change
07.10.2026 at 10:09 AM IST,PARADEEP,Basic Materials,Agricultural Inputs,155.05,52.7,0,33.67,E Avoid,50,33.0,20,0.18,57.05,22.33,Bullish,55.64,0.0,37.72,D Weak,-4.05,-2.94,0.0,Band Changed: D Weak → E Avoid
07.10.2026 at 10:09 AM IST,MOL,Basic Materials,Agricultural Inputs,60.6,53.72,0,33.57,E Avoid,55,22.0,30,0.64,66.03,28.22,Bullish,52.8,0.0,37.62,D Weak,-4.05,0.92,0.0,Band Changed: D Weak → E Avoid
07.10.2026 at 10:09 AM IST,TNPL,Basic Materials,Paper & Paper Products,144.14,45.45,0,23.22,E Avoid,32,16.0,20,0.08,21.83,11.18,Bearish,48.07,0.0,27.27,E Avoid,-4.05,-2.62,0.0,No Major Change
07.10.2026 at 10:09 AM IST,JINDALSAW,Basic Materials,Steel,278.75,45.31,0,20.22,E Avoid,27,12.0,20,0.06,83.87,12.89,Bearish,47.16,0.0,24.27,E Avoid,-4.05,-1.85,0.0,No Major Change
07.10.2026 at 10:09 AM IST,GPIL,Basic Materials,Steel,213.75,33.38,15,9.02,E Avoid,16,40.0,0,0.2,1.58,32.93,Bearish,37.14,15.0,13.07,E Avoid,-4.05,-3.76,0.0,No Major Change
07.10.2026 at 10:09 AM IST,BASF,Basic Materials,Specialty Chemicals,3449.0,35.17,15,8.47,E Avoid,18,36.0,0,0.22,11.21,26.12,Bearish,37.76,15.0,12.52,E Avoid,-4.05,-2.59,0.0,No Major Change
07.10.2026 at 10:09 AM IST,HITECH,Basic Materials,Steel,73.74,45.42,15,8.47,E Avoid,25,32.0,0,0.28,5.57,40.44,Bearish,48.17,15.0,12.52,E Avoid,-4.05,-2.75,0.0,No Major Change
07.10.2026 at 10:09 AM IST,BIRLACORPN,Basic Materials,Building Materials,800.85,33.37,15,5.87,E Avoid,16,33.0,0,0.15,5.41,34.8,Bearish,34.54,15.0,9.92,E Avoid,-4.05,-1.17,0.0,No Major Change
07.10.2026 at 10:09 AM IST,DIAMINESQ,Basic Materials,Chemicals,244.0,47.21,15,5.22,E Avoid,22,11.0,18,0.43,17.3,22.09,Bearish,47.88,15.0,9.27,E Avoid,-4.05,-0.67,0.0,No Major Change
07.10.2026 at 10:09 AM IST,RAMAPHO,Basic Materials,Agricultural Inputs,116.71,37.49,15,3.02,E Avoid,13,27.0,0,0.35,12.99,46.16,Bearish,40.22,15.0,7.07,E Avoid,-4.05,-2.73,0.0,Fresh Weakness
07.10.2026 at 10:09 AM IST,ZUARI,Basic Materials,Agricultural Inputs,216.68,46.06,15,2.62,E Avoid,17,25.0,0,0.08,23.75,37.3,Bearish,47.7,15.0,6.67,E Avoid,-4.05,-1.64,0.0,No Major Change
07.10.2026 at 10:09 AM IST,PAKKA,Basic Materials,Paper & Paper Products,69.5,31.65,15,1.67,E Avoid,16,23.0,0,0.33,1.22,55.41,Bearish,30.92,15.0,5.72,E Avoid,-4.05,0.73,0.0,No Major Change
07.10.2026 at 10:09 AM IST,SURAJLTD,Basic Materials,Steel,191.5,37.66,15,1.67,E Avoid,16,21.0,0,0.85,0.79,44.72,Bearish,33.83,15.0,5.72,E Avoid,-4.05,3.83,0.0,No Major Change
07.10.2026 at 10:09 AM IST,KIOCL,Basic Materials,Steel,339.5,45.16,15,0.52,E Avoid,17,17.0,0,0.16,16.81,46.11,Bearish,47.11,15.0,4.57,E Avoid,-4.05,-1.95,0.0,No Major Change
07.10.2026 at 10:09 AM IST,ADANIPOWER,Utilities,Utilities - Independent Power Producers,200.85,46.85,0,27.66,E Avoid,27,45.0,10,0.19,56.79,20.99,Bearish,48.56,0.0,31.75,E Avoid,-4.09,-1.71,0.0,No Major Change
07.10.2026 at 10:09 AM IST,GUJENERGY,Utilities,Utilities - Regulated Gas,228.93,35.38,15,10.21,E Avoid,16,50.0,0,0.15,1.52,46.54,Bearish,36.23,15.0,14.3,E Avoid,-4.09,-0.85,0.0,No Major Change
07.10.2026 at 10:09 AM IST,TATAPOWER,Utilities,Utilities - Independent Power Producers,343.35,30.85,15,0.06,E Avoid,16,21.0,0,0.28,0.87,25.69,Bearish,37.07,15.0,4.15,E Avoid,-4.09,-6.22,0.0,No Major Change
07.10.2026 at 10:09 AM IST,PERSISTENT,Technology,Information Technology Services,5470.0,52.08,0,47.36,C Neutral,35,78.0,18,0.1,29.32,16.52,Bearish,54.81,0.0,51.78,C Neutral,-4.42,-2.73,0.0,No Major Change
07.10.2026 at 10:09 AM IST,IVALUE,Technology,Information Technology Services,227.26,44.55,15,3.11,E Avoid,13,32.0,0,0.09,13.13,33.16,Bearish,45.7,15.0,7.53,E Avoid,-4.42,-1.15,0.0,No Major Change
07.10.2026 at 10:09 AM IST,BIOCON,Healthcare,Biotechnology,359.8,27.49,15,3.4,E Avoid,9,26.0,10,0.17,6.67,19.53,Bearish,32.64,15.0,7.92,E Avoid,-4.52,-5.15,0.0,No Major Change
07.10.2026 at 10:09 AM IST,RAMBHAJO,Consumer Cyclical,Luxury Goods,356.4,74.17,0,37.64,D Weak,37,38.0,35,0.78,120.54,1.0,Bullish,69.58,0.0,42.22,D Weak,-4.58,4.59,0.0,RSI Overbought
07.10.2026 at 10:09 AM IST,NDLVENTURE,Communication Services,Entertainment,120.21,45.2,0,11.74,E Avoid,27,0.0,8,0.03,50.86,13.79,Bearish,50.13,0.0,16.32,E Avoid,-4.58,-4.93,0.0,No Major Change
07.10.2026 at 10:09 AM IST,ARIHANTCAP,Financial Services,Capital Markets,95.26,70.29,0,47.17,C Neutral,42,44.0,65,0.32,68.25,20.12,Bullish,68.37,0.0,51.8,C Neutral,-4.63,1.92,0.0,RSI Overbought
07.10.2026 at 10:09 AM IST,KTKBANK,Financial Services,Banks - Regional,322.8,49.9,0,38.77,D Weak,42,49.0,30,0.23,92.55,6.54,Bullish,51.05,0.0,43.4,D Weak,-4.63,-1.15,0.0,No Major Change
07.10.2026 at 10:09 AM IST,MRPL,Energy,Oil & Gas Refining & Marketing,180.11,61.84,0,34.36,E Avoid,55,27.0,20,0.78,35.21,15.04,Bullish,56.51,0.0,39.02,D Weak,-4.66,5.33,0.0,"Fresh Momentum, Band Changed: D Weak → E Avoid"
07.10.2026 at 10:09 AM IST,WEWIN,Technology,Information Technology Services,52.85,71.54,0,33.71,E Avoid,42,38.0,25,0.04,49.38,32.24,Bullish,69.69,0.0,38.38,D Weak,-4.67,1.85,0.0,"RSI Overbought, Band Changed: D Weak → E Avoid"
07.10.2026 at 10:09 AM IST,CENTUM,Technology,Electronic Components,4366.1,49.48,0,29.31,E Avoid,42,14.0,48,0.23,113.9,12.67,Bullish,52.81,0.0,33.98,E Avoid,-4.67,-3.33,0.0,No Major Change
07.10.2026 at 10:09 AM IST,MFML,Consumer Cyclical,Textile Manufacturing,18.41,46.68,15,0.0,E Avoid,25,0.0,0,0.07,9.91,41.18,Bearish,53.9,15.0,4.72,E Avoid,-4.72,-7.22,0.0,No Major Change
07.10.2026 at 10:09 AM IST,ORIENTBELL,Industrials,Building Products & Equipment,409.7,59.7,0,41.24,D Weak,60,27.0,40,0.08,66.7,5.81,Bullish,62.42,0.0,45.97,C Neutral,-4.73,-2.72,0.0,Band Changed: C Neutral → D Weak
07.10.2026 at 10:09 AM IST,CEIGALL,Industrials,Engineering & Construction,376.0,53.49,0,41.14,D Weak,60,37.0,20,0.11,69.13,7.2,Bullish,53.95,0.0,45.87,C Neutral,-4.73,-0.46,0.0,Band Changed: C Neutral → D Weak
07.10.2026 at 10:09 AM IST,CGPOWER,Industrials,Electrical Equipment & Parts,903.9,55.23,0,32.34,E Avoid,60,28.0,10,0.14,72.39,7.85,Bullish,57.89,0.0,37.07,D Weak,-4.73,-2.66,0.0,Band Changed: D Weak → E Avoid
07.10.2026 at 10:09 AM IST,PENIND,Industrials,Specialty Industrial Machinery,176.18,52.1,0,30.24,E Avoid,50,22.0,20,0.13,36.47,37.06,Bullish,53.83,0.0,34.97,E Avoid,-4.73,-1.73,0.0,No Major Change
07.10.2026 at 10:09 AM IST,FINPIPE,Industrials,Building Products & Equipment,153.42,49.63,15,9.24,E Avoid,25,33.0,0,0.25,5.84,22.08,Bearish,52.95,15.0,13.97,E Avoid,-4.73,-3.32,0.0,No Major Change
07.10.2026 at 10:09 AM IST,PONNIERODE,Consumer Defensive,Confectioners,370.6,49.19,0,34.2,E Avoid,52,27.0,30,1.3,49.27,18.55,Bullish,51.08,0.0,38.97,D Weak,-4.77,-1.89,0.0,Band Changed: D Weak → E Avoid
07.10.2026 at 10:09 AM IST,ITC,Consumer Defensive,Tobacco,263.95,48.32,15,5.7,E Avoid,20,22.0,8,0.09,3.65,35.08,Bearish,51.46,15.0,10.47,E Avoid,-4.77,-3.14,0.0,No Major Change
07.10.2026 at 10:09 AM IST,APCOTEXIND,Basic Materials,Specialty Chemicals,599.0,48.65,0,40.07,D Weak,32,48.0,30,0.16,95.0,15.87,Bearish,53.54,0.0,44.87,D Weak,-4.8,-4.89,0.0,No Major Change
07.10.2026 at 10:09 AM IST,VMM,Consumer Cyclical,Department Stores,100.39,44.0,15,7.59,E Avoid,16,35.0,0,0.16,2.44,33.51,Bearish,45.11,15.0,12.42,E Avoid,-4.83,-1.11,0.0,No Major Change
07.10.2026 at 10:09 AM IST,IIFL,Financial Services,Credit Services,590.85,43.73,0,29.07,E Avoid,23,34.0,20,0.11,44.43,16.19,Bearish,46.96,0.0,33.95,E Avoid,-4.88,-3.23,0.0,No Major Change
07.10.2026 at 10:09 AM IST,ICICIBANK,Financial Services,Banks - Regional,1333.1,43.65,15,10.82,E Avoid,13,36.0,10,0.11,13.2,9.17,Bearish,46.48,15.0,15.7,E Avoid,-4.88,-2.83,0.0,No Major Change
07.10.2026 at 10:09 AM IST,RELIANCE,Energy,Oil & Gas Refining & Marketing,1204.7,42.54,15,3.91,E Avoid,16,25.0,0,0.17,3.78,24.91,Bearish,45.6,15.0,8.82,E Avoid,-4.91,-3.06,0.0,No Major Change
07.10.2026 at 10:09 AM IST,AHLADA,Industrials,Building Products & Equipment,37.09,47.9,15,0.0,E Avoid,17,0.0,8,0.35,18.8,44.18,Bearish,53.93,15.0,4.97,E Avoid,-4.97,-6.03,0.0,No Major Change
07.10.2026 at 10:09 AM IST,PRAJIND,Industrials,Engineering & Construction,309.65,42.2,15,4.49,E Avoid,13,28.0,0,0.23,14.72,26.76,Bearish,45.92,15.0,9.47,E Avoid,-4.98,-3.72,0.0,No Major Change
07.10.2026 at 10:09 AM IST,AKASH,Industrials,Engineering & Construction,24.6,44.81,15,2.09,E Avoid,16,21.0,0,0.04,7.89,29.19,Bearish,47.74,15.0,7.07,E Avoid,-4.98,-2.93,0.0,No Major Change
07.10.2026 at 10:09 AM IST,KRISHIVAL,Consumer Defensive,Packaged Foods,401.1,44.46,0,28.65,E Avoid,23,38.0,20,0.12,42.2,20.98,Bearish,46.75,0.0,33.67,E Avoid,-5.02,-2.29,0.0,Score Dropped
07.10.2026 at 10:09 AM IST,HCG,Healthcare,Medical Care Facilities,672.35,43.25,0,19.45,E Avoid,23,15.0,10,0.04,30.99,16.44,Bearish,45.73,0.0,24.47,E Avoid,-5.02,-2.48,0.0,Score Dropped
07.10.2026 at 10:09 AM IST,IFBAGRO,Consumer Defensive,Beverages - Wineries & Distilleries,871.6,44.32,15,5.6,E Avoid,8,40.0,0,0.01,28.34,51.31,Bearish,45.06,15.0,10.62,E Avoid,-5.02,-0.74,0.0,Score Dropped
07.10.2026 at 10:09 AM IST,ROUTE,Communication Services,Telecom Services,426.7,24.32,25,0.0,E Avoid,9,39.0,0,0.12,5.07,45.34,Bearish,25.42,15.0,5.02,E Avoid,-5.02,-1.1,10.0,"Score Dropped, Risk Increased Sharply, New Risk Warning"
07.10.2026 at 10:09 AM IST,ULTRAMAR,Basic Materials,Specialty Chemicals,407.9,44.62,0,30.67,E Avoid,13,49.0,10,0.03,13.76,10.5,Bearish,45.1,0.0,35.72,D Weak,-5.05,-0.48,0.0,"Score Dropped, Band Changed: D Weak → E Avoid"
07.10.2026 at 10:09 AM IST,JSWSTEEL,Basic Materials,Steel,1243.6,42.54,0,26.57,E Avoid,33,32.0,10,0.09,16.54,7.95,Bearish,47.38,0.0,31.62,E Avoid,-5.05,-4.84,0.0,Score Dropped
07.10.2026 at 10:09 AM IST,JUNIPER,Consumer Cyclical,Lodging,218.42,55.75,0,41.93,D Weak,60,43.0,18,0.14,15.87,23.68,Bullish,55.3,0.0,47.02,C Neutral,-5.09,0.45,0.0,"Score Dropped, Band Changed: C Neutral → D Weak"
07.10.2026 at 10:09 AM IST,TRENT,Consumer Cyclical,Apparel Retail,2903.6,62.48,0,41.28,D Weak,50,34.0,38,0.44,33.17,40.25,Bullish,62.73,0.0,46.37,C Neutral,-5.09,-0.25,0.0,"Score Dropped, Band Changed: C Neutral → D Weak"
07.10.2026 at 10:09 AM IST,FMGOETZE,Consumer Cyclical,Auto Parts,443.5,46.33,0,27.88,E Avoid,27,32.0,20,0.05,46.29,18.31,Bearish,48.28,0.0,32.97,E Avoid,-5.09,-1.95,0.0,Score Dropped
07.10.2026 at 10:09 AM IST,VOLTAS,Consumer Cyclical,"Furnishings, Fixtures & Appliances",1067.4,35.26,15,6.53,E Avoid,16,32.0,0,0.12,2.58,32.34,Bearish,35.06,15.0,11.62,E Avoid,-5.09,0.2,0.0,Score Dropped
07.10.2026 at 10:09 AM IST,TRIDENT,Consumer Cyclical,Textile Manufacturing,22.35,36.69,15,5.48,E Avoid,16,30.0,0,0.24,3.79,26.27,Bearish,38.69,15.0,10.57,E Avoid,-5.09,-2.0,0.0,Score Dropped
07.10.2026 at 10:09 AM IST,GOKEX,Consumer Cyclical,Apparel Manufacturing,679.7,34.52,15,1.38,E Avoid,8,23.0,0,0.06,28.0,28.82,Bearish,35.24,15.0,6.47,E Avoid,-5.09,-0.72,0.0,Score Dropped
07.10.2026 at 10:09 AM IST,KOTAKBANK,Financial Services,Banks - Regional,431.8,66.48,0,43.17,D Weak,60,43.0,38,0.19,25.19,4.56,Bullish,66.13,0.0,48.3,C Neutral,-5.13,0.35,0.0,"Score Dropped, Band Changed: C Neutral → D Weak"
07.10.2026 at 10:09 AM IST,MOTILALOFS,Financial Services,Capital Markets,1070.25,63.27,0,42.87,D Weak,60,35.0,48,0.32,74.05,1.66,Bullish,66.29,0.0,48.0,C Neutral,-5.13,-3.02,0.0,"Score Dropped, Band Changed: C Neutral → D Weak"
07.10.2026 at 10:09 AM IST,PANAMAPET,Energy,Oil & Gas Refining & Marketing,498.8,58.65,0,43.96,D Weak,50,38.0,48,0.53,119.18,16.29,Bullish,61.27,0.0,49.12,C Neutral,-5.16,-2.62,0.0,"Score Dropped, Band Changed: C Neutral → D Weak"
07.10.2026 at 10:09 AM IST,URBANCO,Technology,Software - Application,170.0,55.84,0,30.36,E Avoid,60,12.0,30,0.49,68.82,7.59,Bullish,58.78,0.0,35.53,D Weak,-5.17,-2.94,0.0,"Score Dropped, Band Changed: D Weak → E Avoid"
07.10.2026 at 10:09 AM IST,TECHM,Technology,Information Technology Services,1501.6,37.54,0,29.61,E Avoid,28,47.0,10,0.17,18.14,16.9,Bearish,38.12,0.0,34.78,E Avoid,-5.17,-0.58,0.0,Score Dropped
07.10.2026 at 10:09 AM IST,RAYMONDREL,Real Estate,Real Estate - Development,695.0,65.11,0,36.32,D Weak,65,19.0,35,0.11,99.77,6.33,Bullish,66.98,0.0,41.5,D Weak,-5.18,-1.87,0.0,Score Dropped
07.10.2026 at 10:09 AM IST,UNIVCABLES,Industrials,Electrical Equipment & Parts,1621.4,61.14,0,47.84,C Neutral,60,29.0,58,0.27,182.52,8.65,Bullish,64.55,0.0,53.07,C Neutral,-5.23,-3.41,0.0,Score Dropped
07.10.2026 at 10:09 AM IST,YUKEN,Industrials,Specialty Industrial Machinery,1233.5,78.26,0,46.34,C Neutral,47,29.0,65,0.17,111.52,7.53,Bullish,79.45,0.0,51.57,C Neutral,-5.23,-1.19,0.0,Score Dropped
07.10.2026 at 10:09 AM IST,KRISHNADEF,Industrials,Specialty Industrial Machinery,1270.2,70.02,0,37.44,D Weak,47,30.0,35,0.32,91.19,9.18,Bullish,75.35,0.0,42.67,D Weak,-5.23,-5.33,0.0,Score Dropped
07.10.2026 at 10:09 AM IST,CEINSYS,Industrials,Engineering & Construction,696.6,50.08,0,22.74,E Avoid,33,27.0,0,0.31,9.71,43.98,Bearish,55.39,0.0,27.97,E Avoid,-5.23,-5.31,0.0,Score Dropped
07.10.2026 at 10:09 AM IST,VGUARD,Industrials,Electrical Equipment & Parts,302.2,39.16,15,9.09,E Avoid,16,34.0,0,0.08,5.14,20.93,Bearish,41.44,15.0,14.32,E Avoid,-5.23,-2.28,0.0,"Score Dropped, Fresh Weakness"
07.10.2026 at 10:09 AM IST,GRAVITA,Industrials,Metal Fabrication,1477.7,35.45,15,5.89,E Avoid,13,33.0,0,0.41,16.64,22.78,Bearish,38.27,15.0,11.12,E Avoid,-5.23,-2.82,0.0,Score Dropped
07.10.2026 at 10:09 AM IST,TIINDIA,Industrials,Conglomerates,2422.3,38.43,15,1.69,E Avoid,13,19.0,0,0.34,12.05,27.33,Bearish,42.27,15.0,6.92,E Avoid,-5.23,-3.84,0.0,"Score Dropped, Fresh Weakness"
07.10.2026 at 10:09 AM IST,HONASA,Consumer Defensive,Household & Personal Products,476.75,55.86,0,45.6,C Neutral,60,40.0,48,0.2,93.12,5.9,Bullish,55.41,0.0,50.87,C Neutral,-5.27,0.45,0.0,Score Dropped
07.10.2026 at 10:09 AM IST,AHCL,Healthcare,Drug Manufacturers - Specialty & Generic,28.18,57.96,5,40.9,D Weak,50,29.0,65,0.01,171.72,24.33,Bullish,62.54,0.0,46.17,C Neutral,-5.27,-4.58,5.0,"Score Dropped, Risk Increased, Band Changed: C Neutral → D Weak"
07.10.2026 at 10:09 AM IST,CAPLIPOINT,Healthcare,Drug Manufacturers - Specialty & Generic,2627.5,45.31,0,38.75,D Weak,27,46.0,30,0.1,75.75,12.12,Bearish,48.77,0.0,44.02,D Weak,-5.27,-3.46,0.0,Score Dropped
07.10.2026 at 10:09 AM IST,VIJAYA,Healthcare,Diagnostics & Research,1448.0,45.61,0,38.05,D Weak,27,44.0,30,0.11,70.99,9.14,Bearish,48.02,0.0,43.32,D Weak,-5.27,-2.41,0.0,Score Dropped
07.10.2026 at 10:09 AM IST,NOVARTIND,Healthcare,Drug Manufacturers - Specialty & Generic,2034.9,58.08,0,37.55,D Weak,35,44.0,20,0.09,202.7,21.4,Bullish,59.5,0.0,42.82,D Weak,-5.27,-1.42,0.0,Score Dropped
07.10.2026 at 10:09 AM IST,PARAGMILK,Consumer Defensive,Packaged Foods,308.3,70.22,0,34.3,E Avoid,37,12.0,65,0.41,74.06,17.88,Bullish,70.48,0.0,39.57,D Weak,-5.27,-0.26,0.0,"Score Dropped, Band Changed: D Weak → E Avoid"
07.10.2026 at 10:09 AM IST,PARKHOSPS,Healthcare,Medical Care Facilities,272.45,41.04,0,33.65,E Avoid,28,45.0,10,0.13,97.28,10.67,Bearish,44.35,0.0,38.92,D Weak,-5.27,-3.31,0.0,"Score Dropped, Band Changed: D Weak → E Avoid"
07.10.2026 at 10:09 AM IST,AWL,Consumer Defensive,Packaged Foods,185.38,52.53,15,13.1,E Avoid,28,40.0,10,0.34,8.85,34.13,Bearish,53.52,15.0,18.37,E Avoid,-5.27,-0.99,0.0,Score Dropped
07.10.2026 at 10:09 AM IST,AETHER,Basic Materials,Specialty Chemicals,1773.3,61.88,0,54.07,C Neutral,60,43.0,65,0.32,143.59,2.25,Bullish,65.09,0.0,59.37,B Watchlist,-5.3,-3.21,0.0,"Score Dropped, Band Changed: B Watchlist → C Neutral"
07.10.2026 at 10:09 AM IST,MANALIPETC,Basic Materials,Specialty Chemicals,88.68,58.58,0,54.07,C Neutral,60,48.0,58,0.5,128.0,4.65,Bullish,64.61,0.0,59.37,B Watchlist,-5.3,-6.03,0.0,"Score Dropped, Band Changed: B Watchlist → C Neutral"
07.10.2026 at 10:09 AM IST,DMCC,Basic Materials,Chemicals,354.65,76.25,0,46.62,C Neutral,47,35.0,65,0.6,86.97,5.21,Bullish,76.4,0.0,51.92,C Neutral,-5.3,-0.15,0.0,Score Dropped
07.10.2026 at 10:09 AM IST,INDOAMIN,Basic Materials,Chemicals,157.94,72.2,0,43.47,D Weak,47,29.0,65,0.68,93.63,5.99,Bullish,76.1,0.0,48.77,C Neutral,-5.3,-3.9,0.0,"Score Dropped, Band Changed: C Neutral → D Weak"
07.10.2026 at 10:09 AM IST,GREENPLY,Basic Materials,Lumber & Wood Production,309.4,61.52,0,39.42,D Weak,65,31.0,28,0.05,75.68,7.31,Bullish,64.45,0.0,44.72,D Weak,-5.3,-2.93,0.0,Score Dropped
07.10.2026 at 10:09 AM IST,AEROENTER,Basic Materials,Steel,130.28,51.94,0,38.02,D Weak,35,45.0,30,0.19,110.06,18.37,Bearish,53.79,0.0,43.32,D Weak,-5.3,-1.85,0.0,Score Dropped
07.10.2026 at 10:09 AM IST,DEEPAKFERT,Basic Materials,Chemicals,1378.9,52.53,0,33.97,E Avoid,35,40.0,18,0.41,60.24,17.41,Bearish,52.78,0.0,39.27,D Weak,-5.3,-0.25,0.0,"Score Dropped, Band Changed: D Weak → E Avoid"
07.10.2026 at 10:09 AM IST,PCBL,Basic Materials,Specialty Chemicals,324.8,47.4,0,27.92,E Avoid,27,31.0,20,0.08,45.4,15.03,Bearish,49.7,0.0,33.22,E Avoid,-5.3,-2.3,0.0,Score Dropped
07.10.2026 at 10:09 AM IST,AARTIIND,Basic Materials,Specialty Chemicals,481.6,46.92,0,27.02,E Avoid,32,32.0,10,0.2,42.75,12.54,Bearish,46.04,0.0,32.32,E Avoid,-5.3,0.88,0.0,Score Dropped
07.10.2026 at 10:09 AM IST,ASTEC,Basic Materials,Agricultural Inputs,756.8,59.73,0,22.67,E Avoid,55,0.0,20,0.74,47.41,19.64,Bullish,52.25,0.0,27.97,E Avoid,-5.3,7.48,0.0,Score Dropped
07.10.2026 at 10:09 AM IST,VEEDOL,Basic Materials,Specialty Chemicals,1389.4,47.94,15,12.42,E Avoid,17,48.0,0,0.28,13.94,26.58,Bearish,48.03,15.0,17.72,E Avoid,-5.3,-0.09,0.0,Score Dropped
07.10.2026 at 10:09 AM IST,MAXHEALTH,Healthcare,Medical Care Facilities,893.15,24.6,25,0.0,E Avoid,9,27.0,0,0.1,0.17,26.77,Bearish,25.79,15.0,5.37,E Avoid,-5.37,-1.19,10.0,"Score Dropped, Risk Increased Sharply, New Risk Warning"
07.10.2026 at 10:09 AM IST,VMSTMT,Basic Materials,Steel,45.43,44.57,15,0.0,E Avoid,13,12.0,18,0.05,35.61,42.27,Bearish,48.96,15.0,5.42,E Avoid,-5.42,-4.39,0.0,Score Dropped
07.10.2026 at 10:09 AM IST,MEESHO,Consumer Cyclical,Internet Retail,237.61,63.48,0,40.03,D Weak,60,12.0,58,0.16,89.24,6.6,Bullish,64.03,0.0,45.62,C Neutral,-5.59,-0.55,0.0,"Score Dropped, Band Changed: C Neutral → D Weak"
07.10.2026 at 10:09 AM IST,SOMANYCERA,Industrials,Building Products & Equipment,617.4,70.01,0,46.14,C Neutral,52,37.0,48,0.06,88.29,1.66,Bullish,72.45,0.0,51.87,C Neutral,-5.73,-2.44,0.0,Score Dropped
07.10.2026 at 10:09 AM IST,BALMLAWRIE,Industrials,Conglomerates,157.25,27.43,15,5.24,E Avoid,9,37.0,0,0.32,8.64,20.8,Bearish,30.17,15.0,10.97,E Avoid,-5.73,-2.74,0.0,Score Dropped
07.10.2026 at 10:09 AM IST,ADFFOODS,Consumer Defensive,Packaged Foods,294.05,68.08,0,38.65,D Weak,55,38.0,28,0.41,92.49,15.06,Bullish,67.07,0.0,44.42,D Weak,-5.77,1.01,0.0,Score Dropped
07.10.2026 at 10:09 AM IST,MAXIND,Healthcare,Medical Care Facilities,163.0,59.13,0,35.15,D Weak,55,14.0,38,0.19,35.83,27.56,Bullish,61.09,0.0,40.92,D Weak,-5.77,-1.96,0.0,Score Dropped
07.10.2026 at 10:09 AM IST,LUPIN,Healthcare,Drug Manufacturers - Specialty & Generic,2007.1,28.68,15,11.4,E Avoid,9,45.0,0,0.07,6.4,20.47,Bearish,34.29,15.0,17.17,E Avoid,-5.77,-5.61,0.0,Score Dropped
07.10.2026 at 10:09 AM IST,GNFC,Basic Materials,Chemicals,618.5,60.45,0,54.07,C Neutral,60,52.0,58,0.11,75.72,2.75,Bullish,65.22,0.0,59.87,B Watchlist,-5.8,-4.77,0.0,"Score Dropped, Band Changed: B Watchlist → C Neutral"
07.10.2026 at 10:09 AM IST,PACEDIGITK,Technology,Communication Equipment,164.29,47.74,15,8.21,E Avoid,17,38.0,8,0.06,17.51,29.17,Bearish,50.39,15.0,14.13,E Avoid,-5.92,-2.65,0.0,Score Dropped
07.10.2026 at 10:09 AM IST,KOLTEPATIL,Real Estate,Real Estate - Development,429.9,48.48,0,25.87,E Avoid,27,24.0,20,0.08,47.1,22.48,Bearish,50.8,0.0,31.8,E Avoid,-5.93,-2.32,0.0,Score Dropped
07.10.2026 at 10:09 AM IST,SBCL,Industrials,Metal Fabrication,1098.3,53.65,0,46.49,C Neutral,60,44.0,40,0.29,198.56,9.66,Bullish,53.55,0.0,52.47,C Neutral,-5.98,0.1,0.0,Score Dropped
07.10.2026 at 10:09 AM IST,PITTIENG,Industrials,Metal Fabrication,1129.9,52.83,0,40.34,D Weak,65,34.0,30,0.13,67.75,7.79,Bullish,50.84,0.0,46.32,C Neutral,-5.98,1.99,0.0,"Score Dropped, Band Changed: C Neutral → D Weak"
07.10.2026 at 10:09 AM IST,BLSE,Industrials,Specialty Business Services,158.65,48.78,0,35.34,D Weak,42,23.0,40,0.07,155.67,6.62,Bullish,53.38,0.0,41.32,D Weak,-5.98,-4.6,0.0,Score Dropped
07.10.2026 at 10:09 AM IST,SIEMENS,Industrials,Specialty Industrial Machinery,3804.2,47.26,0,29.74,E Avoid,27,33.0,20,0.17,35.28,8.32,Bearish,50.49,0.0,35.72,D Weak,-5.98,-3.23,0.0,"Score Dropped, Band Changed: D Weak → E Avoid"
07.10.2026 at 10:09 AM IST,KIRLPNU,Industrials,Specialty Industrial Machinery,706.5,49.16,0,28.29,E Avoid,27,36.0,10,0.11,43.81,35.39,Bearish,50.08,0.0,34.27,E Avoid,-5.98,-0.92,0.0,Score Dropped
07.10.2026 at 10:09 AM IST,IPCALAB,Healthcare,Drug Manufacturers - Specialty & Generic,1939.4,49.45,0,41.1,D Weak,42,42.0,30,0.07,55.49,4.84,Bullish,50.74,0.0,47.12,C Neutral,-6.02,-1.29,0.0,"Score Dropped, Band Changed: C Neutral → D Weak"
07.10.2026 at 10:09 AM IST,GODREJAGRO,Consumer Defensive,Packaged Foods,631.4,46.9,0,22.9,E Avoid,42,11.0,20,0.22,27.18,9.59,Bullish,53.29,0.0,28.92,E Avoid,-6.02,-6.39,0.0,Score Dropped
07.10.2026 at 10:09 AM IST,KRSNAA,Healthcare,Diagnostics & Research,548.55,48.53,15,2.95,E Avoid,20,22.0,0,0.03,6.91,35.08,Bearish,50.45,15.0,8.97,E Avoid,-6.02,-1.92,0.0,Score Dropped
07.10.2026 at 10:09 AM IST,DEEDEV,Industrials,Metal Fabrication,627.85,43.67,0,28.39,E Avoid,23,37.0,20,0.42,243.65,17.25,Bearish,48.84,0.0,34.62,E Avoid,-6.23,-5.17,0.0,Score Dropped
07.10.2026 at 10:09 AM IST,KANSAINER,Basic Materials,Specialty Chemicals,181.18,42.45,15,7.42,E Avoid,18,37.0,0,0.12,16.1,30.55,Bearish,47.08,15.0,13.72,E Avoid,-6.3,-4.63,0.0,Score Dropped
07.10.2026 at 10:09 AM IST,BESTAGRO,Basic Materials,Agricultural Inputs,17.64,43.47,15,2.52,E Avoid,8,24.0,10,0.16,44.19,48.44,Bearish,46.82,15.0,8.82,E Avoid,-6.3,-3.35,0.0,Score Dropped
07.10.2026 at 10:09 AM IST,MALUPAPER,Basic Materials,Paper & Paper Products,31.51,45.51,15,0.0,E Avoid,22,2.0,10,0.01,16.7,28.56,Bearish,52.06,15.0,6.37,E Avoid,-6.37,-6.55,0.0,Score Dropped
07.10.2026 at 10:09 AM IST,UNIONBANK,Financial Services,Banks - Regional,166.77,35.24,15,11.27,E Avoid,8,48.0,0,0.17,26.51,16.45,Bearish,37.33,15.0,17.65,E Avoid,-6.38,-2.09,0.0,Score Dropped
07.10.2026 at 10:09 AM IST,BSE,Financial Services,Financial Data & Stock Exchanges,3261.7,50.93,15,9.72,E Avoid,20,46.0,0,0.18,50.01,26.46,Bearish,53.4,15.0,16.1,E Avoid,-6.38,-2.47,0.0,Score Dropped
07.10.2026 at 10:09 AM IST,MPHASIS,Technology,Information Technology Services,2294.4,49.42,15,19.51,E Avoid,17,72.0,0,0.14,17.03,20.81,Bearish,49.5,15.0,25.93,E Avoid,-6.42,-0.08,0.0,Score Dropped
07.10.2026 at 10:09 AM IST,GUJAPOLLO,Industrials,Specialty Industrial Machinery,343.7,52.56,15,1.29,E Avoid,30,5.0,8,0.09,15.03,29.88,Bearish,53.97,15.0,7.77,E Avoid,-6.48,-1.41,0.0,Score Dropped
07.10.2026 at 10:09 AM IST,NECCLTD,Unknown,Unknown,18.92,56.67,0,24.05,E Avoid,50,0.0,38,0.12,79.34,21.2,Bullish,61.52,0.0,30.56,E Avoid,-6.51,-4.85,0.0,Score Dropped
07.10.2026 at 10:09 AM IST,ZYDUSLIFE,Healthcare,Drug Manufacturers - Specialty & Generic,1155.9,50.45,0,35.1,D Weak,65,26.0,18,0.07,38.47,6.18,Bullish,51.27,0.0,41.62,D Weak,-6.52,-0.82,0.0,Score Dropped
07.10.2026 at 10:09 AM IST,INDOBORAX,Basic Materials,Chemicals,482.55,53.34,0,57.87,B Watchlist,50,86.0,30,0.03,128.82,11.1,Bullish,56.4,0.0,64.42,B Watchlist,-6.55,-3.06,0.0,Score Dropped
07.10.2026 at 10:09 AM IST,SOTL,Basic Materials,Specialty Chemicals,770.2,64.58,0,54.02,C Neutral,50,50.0,65,0.25,171.46,10.48,Bullish,66.39,0.0,60.57,B Watchlist,-6.55,-1.81,0.0,"Score Dropped, Band Changed: B Watchlist → C Neutral"
07.10.2026 at 10:09 AM IST,LLOYDSENT,Basic Materials,Steel,78.78,59.9,0,32.57,E Avoid,60,13.0,35,0.16,93.74,6.99,Bullish,60.06,0.0,39.12,D Weak,-6.55,-0.16,0.0,"Score Dropped, Band Changed: D Weak → E Avoid"
07.10.2026 at 10:09 AM IST,20MICRONS,Basic Materials,Other Industrial Metals & Mining,205.65,45.05,0,26.72,E Avoid,32,22.0,20,0.13,59.64,12.84,Bearish,47.29,0.0,33.27,E Avoid,-6.55,-2.24,0.0,Score Dropped
07.10.2026 at 10:09 AM IST,ELPROINTL,Real Estate,Real Estate Services,172.67,47.31,0,26.62,E Avoid,12,44.0,10,0.12,69.28,4.54,Bearish,54.14,0.0,33.3,E Avoid,-6.68,-6.83,0.0,Score Dropped
07.10.2026 at 10:09 AM IST,SUPRIYA,Healthcare,Biotechnology,902.0,47.97,0,36.75,D Weak,47,32.0,30,0.15,65.55,16.77,Bullish,50.4,0.0,43.52,D Weak,-6.77,-2.43,0.0,Score Dropped
07.10.2026 at 10:09 AM IST,LORDSCHLO,Basic Materials,Chemicals,138.51,49.41,15,8.07,E Avoid,12,32.0,10,0.02,28.25,40.55,Bearish,50.42,15.0,14.87,E Avoid,-6.8,-1.01,0.0,Score Dropped
07.10.2026 at 10:09 AM IST,TOLINS,Consumer Cyclical,Auto Parts,88.64,47.01,15,0.0,E Avoid,20,11.0,0,0.1,6.74,55.16,Bearish,50.5,15.0,6.92,E Avoid,-6.92,-3.49,0.0,Score Dropped
07.10.2026 at 10:09 AM IST,GVPIL,Industrials,Engineering & Construction,712.95,57.44,0,39.94,D Weak,50,40.0,28,0.86,165.69,33.6,Bullish,62.86,0.0,46.92,C Neutral,-6.98,-5.42,0.0,"Score Dropped, Band Changed: C Neutral → D Weak"
07.10.2026 at 10:09 AM IST,JUBLPHARMA,Healthcare,Drug Manufacturers - Specialty & Generic,982.0,44.66,0,23.25,E Avoid,38,10.0,20,0.06,25.58,16.69,Bullish,46.55,0.0,30.27,E Avoid,-7.02,-1.89,0.0,Score Dropped
07.10.2026 at 10:09 AM IST,GODREJCP,Consumer Defensive,Household & Personal Products,860.8,43.46,15,7.95,E Avoid,16,37.0,0,0.07,3.39,31.42,Bearish,47.57,15.0,14.97,E Avoid,-7.02,-4.11,0.0,Score Dropped
07.10.2026 at 10:09 AM IST,SKYGOLD,Consumer Cyclical,Luxury Goods,888.0,71.93,0,44.68,D Weak,52,31.0,58,0.85,217.14,0.76,Bullish,66.91,0.0,51.77,C Neutral,-7.09,5.02,0.0,"Score Dropped, RSI Overbought, Band Changed: C Neutral → D Weak"
07.10.2026 at 10:09 AM IST,21STCENMGM,Financial Services,Capital Markets,37.89,37.78,0,31.07,E Avoid,28,33.0,30,0.01,34.12,29.56,Bearish,42.46,0.0,38.2,D Weak,-7.13,-4.68,0.0,"Score Dropped, Fresh Weakness, Band Changed: D Weak → E Avoid"
07.10.2026 at 10:09 AM IST,GENUSPOWER,Industrials,Electrical Equipment & Parts,299.55,46.2,0,31.44,E Avoid,27,43.0,10,0.3,45.4,17.34,Bearish,50.91,0.0,38.67,D Weak,-7.23,-4.71,0.0,"Score Dropped, Band Changed: D Weak → E Avoid"
07.10.2026 at 10:09 AM IST,ECOSMOBLTY,Industrials,Rental & Leasing Services,108.81,47.47,15,11.84,E Avoid,20,43.0,0,0.29,6.86,57.29,Bearish,51.06,15.0,19.07,E Avoid,-7.23,-3.59,0.0,Score Dropped
07.10.2026 at 10:09 AM IST,INTELLECT,Technology,Software - Application,596.4,24.86,25,0.0,E Avoid,9,39.0,0,0.13,1.17,51.62,Bearish,26.6,15.0,7.23,E Avoid,-7.23,-1.74,10.0,"Score Dropped, Risk Increased Sharply, New Risk Warning"
07.10.2026 at 10:09 AM IST,AUROPHARMA,Healthcare,Drug Manufacturers - Specialty & Generic,1680.7,51.09,0,42.95,D Weak,65,42.0,20,0.17,57.55,3.41,Bullish,53.88,0.0,50.22,C Neutral,-7.27,-2.79,0.0,"Score Dropped, Band Changed: C Neutral → D Weak"
07.10.2026 at 10:09 AM IST,SOLARINDS,Basic Materials,Specialty Chemicals,19790.0,49.79,0,37.07,D Weak,27,43.0,30,0.08,70.03,12.82,Bearish,52.02,0.0,44.37,D Weak,-7.3,-2.23,0.0,Score Dropped
07.10.2026 at 10:09 AM IST,RSL,Basic Materials,Steel,174.95,49.1,0,35.02,D Weak,27,35.0,40,0.13,72.5,13.49,Bullish,50.15,0.0,42.32,D Weak,-7.3,-1.05,0.0,Score Dropped
07.10.2026 at 10:09 AM IST,ANDHRSUGAR,Basic Materials,Chemicals,93.81,48.99,0,30.22,E Avoid,32,35.0,20,0.35,42.9,11.38,Bearish,50.61,0.0,37.52,D Weak,-7.3,-1.62,0.0,"Score Dropped, Band Changed: D Weak → E Avoid"
07.10.2026 at 10:09 AM IST,VEDL,Basic Materials,Other Industrial Metals & Mining,261.15,47.76,20,4.32,E Avoid,20,38.0,0,0.34,5.62,67.15,Bearish,51.57,20.0,11.62,E Avoid,-7.3,-3.81,0.0,Score Dropped
07.10.2026 at 10:09 AM IST,CLEANMAX,Utilities,Utilities - Renewable,1380.0,54.45,0,24.36,E Avoid,40,16.0,30,0.04,89.8,10.16,Bullish,55.62,0.0,31.7,E Avoid,-7.34,-1.17,0.0,Score Dropped
07.10.2026 at 10:09 AM IST,ELGIRUBCO,Consumer Cyclical,Auto Parts,55.88,48.91,0,13.14,E Avoid,27,0.0,10,0.24,70.78,20.17,Bearish,48.35,0.0,20.72,E Avoid,-7.58,0.56,0.0,Score Dropped
07.10.2026 at 10:09 AM IST,WHEELS,Consumer Cyclical,Auto Parts,2248.2,61.55,0,40.08,D Weak,60,25.0,40,0.03,222.34,10.0,Bullish,65.11,0.0,47.67,C Neutral,-7.59,-3.56,0.0,"Score Dropped, Band Changed: C Neutral → D Weak"
07.10.2026 at 10:09 AM IST,TIMETECHNO,Consumer Cyclical,Packaging & Containers,182.58,50.07,0,32.08,E Avoid,40,42.0,0,0.3,19.55,19.07,Bearish,51.02,0.0,39.67,D Weak,-7.59,-0.95,0.0,"Score Dropped, Band Changed: D Weak → E Avoid"
07.10.2026 at 10:09 AM IST,SHRINGARMS,Consumer Cyclical,Luxury Goods,219.95,54.32,0,28.53,E Avoid,40,22.0,18,0.36,32.5,17.47,Bearish,58.55,0.0,36.12,D Weak,-7.59,-4.23,0.0,"Score Dropped, Band Changed: D Weak → E Avoid"
07.10.2026 at 10:09 AM IST,TRACXN,Technology,Software - Application,34.79,68.63,0,23.66,E Avoid,55,0.0,25,0.38,37.02,37.76,Bullish,66.22,0.0,31.33,E Avoid,-7.67,2.41,0.0,Score Dropped
07.10.2026 at 10:09 AM IST,RRKABEL,Industrials,Electrical Equipment & Parts,2744.0,63.78,0,47.79,C Neutral,60,31.0,55,0.37,126.34,8.04,Bullish,67.43,0.0,55.52,B Watchlist,-7.73,-3.65,0.0,"Score Dropped, Band Changed: B Watchlist → C Neutral"
07.10.2026 at 10:09 AM IST,BALUFORGE,Industrials,Metal Fabrication,517.25,50.55,0,37.69,D Weak,35,51.0,20,0.27,51.71,23.69,Bearish,53.85,0.0,45.42,C Neutral,-7.73,-3.3,0.0,"Score Dropped, Band Changed: C Neutral → D Weak"
07.10.2026 at 10:09 AM IST,BATLIBOI,Industrials,Specialty Industrial Machinery,94.66,63.74,0,27.04,E Avoid,35,20.0,18,0.46,507.35,11.12,Bullish,65.84,0.0,34.77,E Avoid,-7.73,-2.1,0.0,Score Dropped
07.10.2026 at 10:09 AM IST,LXCHEM,Basic Materials,Specialty Chemicals,187.86,59.05,0,44.17,D Weak,50,38.0,48,0.29,74.89,12.48,Bullish,60.15,0.0,51.97,C Neutral,-7.8,-1.1,0.0,"Score Dropped, Band Changed: C Neutral → D Weak"
07.10.2026 at 10:09 AM IST,JAYNECOIND,Basic Materials,Steel,93.39,54.35,0,35.62,D Weak,50,38.0,18,0.23,45.02,20.18,Bullish,56.81,0.0,43.42,D Weak,-7.8,-2.46,0.0,Score Dropped
07.10.2026 at 10:09 AM IST,SAIL,Basic Materials,Steel,176.6,47.45,0,26.87,E Avoid,27,28.0,20,0.17,44.28,14.68,Bearish,49.49,0.0,34.67,E Avoid,-7.8,-2.04,0.0,Score Dropped
07.10.2026 at 10:09 AM IST,POLYPLEX,Basic Materials,Specialty Chemicals,1025.1,33.26,0,26.87,E Avoid,23,35.0,10,0.26,38.64,18.83,Bearish,34.68,0.0,34.67,E Avoid,-7.8,-1.42,0.0,Score Dropped
07.10.2026 at 10:09 AM IST,PTC,Utilities,Utilities - Independent Power Producers,151.24,52.75,0,27.16,E Avoid,25,22.0,38,0.71,20.24,23.0,Bearish,54.26,0.0,35.0,D Weak,-7.84,-1.51,0.0,"Score Dropped, Band Changed: D Weak → E Avoid"
07.10.2026 at 10:09 AM IST,AVTNPL,Basic Materials,Specialty Chemicals,88.34,49.63,0,44.72,D Weak,42,47.0,40,0.06,66.16,13.39,Bullish,52.47,0.0,52.77,C Neutral,-8.05,-2.84,0.0,"Score Dropped, Band Changed: C Neutral → D Weak"
07.10.2026 at 10:09 AM IST,HINDPETRO,Energy,Oil & Gas Refining & Marketing,345.05,42.68,15,3.16,E Avoid,13,25.0,0,0.15,14.75,28.64,Bearish,47.58,15.0,11.32,E Avoid,-8.16,-4.9,0.0,Score Dropped
07.10.2026 at 10:09 AM IST,SALSTEEL,Basic Materials,Steel,87.4,54.37,5,25.92,E Avoid,50,0.0,58,0.19,234.87,14.65,Bullish,57.62,0.0,34.22,E Avoid,-8.3,-3.25,5.0,"Score Dropped, Risk Increased"
07.10.2026 at 10:09 AM IST,RML,Consumer Cyclical,Auto Parts,1345.7,56.29,0,37.24,D Weak,60,27.0,30,0.29,124.34,6.55,Bullish,62.87,0.0,45.57,C Neutral,-8.33,-6.58,0.0,"Score Dropped, Band Changed: C Neutral → D Weak"
07.10.2026 at 10:09 AM IST,AXISBANK,Financial Services,Banks - Regional,1235.5,50.38,15,14.02,E Avoid,33,44.0,0,0.09,7.49,12.82,Bearish,53.76,15.0,22.4,E Avoid,-8.38,-3.38,0.0,Score Dropped
07.10.2026 at 10:09 AM IST,SCI,Industrials,Marine Shipping,286.4,55.57,0,43.54,D Weak,50,51.0,20,0.25,48.9,22.07,Bullish,58.23,0.0,52.02,C Neutral,-8.48,-2.66,0.0,"Score Dropped, Band Changed: C Neutral → D Weak"
07.10.2026 at 10:09 AM IST,VINDHYATEL,Industrials,Engineering & Construction,2850.2,60.73,0,41.09,D Weak,65,24.0,40,0.44,196.64,3.47,Bullish,59.82,0.0,49.57,C Neutral,-8.48,0.91,0.0,"Score Dropped, Fresh Momentum, Band Changed: C Neutral → D Weak"
07.10.2026 at 10:09 AM IST,SIMPLEXINF,Industrials,Engineering & Construction,255.83,53.64,0,30.54,E Avoid,50,24.0,10,0.14,86.74,19.55,Bullish,56.95,0.0,39.02,D Weak,-8.48,-3.31,0.0,"Score Dropped, Band Changed: D Weak → E Avoid"
07.10.2026 at 10:09 AM IST,ALIVUS,Healthcare,Drug Manufacturers - Specialty & Generic,1371.7,51.03,0,44.2,D Weak,60,42.0,30,0.05,68.08,7.85,Bullish,53.79,0.0,52.72,C Neutral,-8.52,-2.76,0.0,"Score Dropped, Band Changed: C Neutral → D Weak"
07.10.2026 at 10:09 AM IST,VENKEYS,Consumer Defensive,Farm Products,1667.1,53.75,0,38.6,D Weak,60,39.0,20,0.2,43.94,8.14,Bullish,57.53,0.0,47.12,C Neutral,-8.52,-3.78,0.0,"Score Dropped, Band Changed: C Neutral → D Weak"
07.10.2026 at 10:09 AM IST,DICIND,Basic Materials,Specialty Chemicals,595.95,45.5,0,41.42,D Weak,42,43.0,38,0.53,33.04,11.71,Bullish,51.67,0.0,49.97,C Neutral,-8.55,-6.17,0.0,"Score Dropped, Band Changed: C Neutral → D Weak"
07.10.2026 at 10:09 AM IST,DAMCAPITAL,Financial Services,Capital Markets,150.28,55.73,15,4.62,E Avoid,35,15.0,8,0.03,26.9,47.1,Bullish,58.51,15.0,13.5,E Avoid,-8.88,-2.78,0.0,Score Dropped
07.10.2026 at 10:09 AM IST,VIVIANA,Industrials,Engineering & Construction,837.4,70.07,0,41.49,D Weak,42,38.0,38,0.38,48.41,54.92,Bullish,68.25,0.0,50.47,C Neutral,-8.98,1.82,0.0,"Score Dropped, RSI Overbought, Band Changed: C Neutral → D Weak"
07.10.2026 at 10:09 AM IST,SAIPARENT,Healthcare,Drug Manufacturers - General,517.5,49.47,0,21.25,E Avoid,12,25.0,10,0.32,29.38,26.7,Bearish,51.82,0.0,30.52,E Avoid,-9.27,-2.35,0.0,Score Dropped
07.10.2026 at 10:09 AM IST,KSL,Basic Materials,Steel,934.0,49.4,0,38.22,D Weak,47,39.0,30,0.04,64.59,9.57,Bullish,51.11,0.0,47.52,C Neutral,-9.3,-1.71,0.0,"Score Dropped, Band Changed: C Neutral → D Weak"
07.10.2026 at 10:09 AM IST,MITCON,Industrials,Engineering & Construction,77.26,41.58,0,37.49,D Weak,23,50.0,20,0.09,55.89,16.78,Bearish,45.83,0.0,46.97,C Neutral,-9.48,-4.25,0.0,"Score Dropped, Band Changed: C Neutral → D Weak"
07.10.2026 at 10:09 AM IST,VISHWARAJ,Consumer Defensive,Confectioners,5.7,58.54,0,16.8,E Avoid,35,0.0,18,0.42,37.68,32.94,Bullish,59.33,0.0,26.32,E Avoid,-9.52,-0.79,0.0,Score Dropped
07.10.2026 at 10:09 AM IST,PGEL,Technology,Electronic Components,525.0,49.02,15,4.46,E Avoid,17,33.0,0,0.28,20.32,18.49,Bearish,50.09,15.0,14.13,E Avoid,-9.67,-1.07,0.0,Score Dropped
07.10.2026 at 10:09 AM IST,RVTH,Industrials,Farm & Heavy Construction Machinery,726.45,53.79,5,36.64,D Weak,55,42.0,20,1.11,47.92,35.6,Bullish,57.58,0.0,46.37,C Neutral,-9.73,-3.79,5.0,"Score Dropped, Risk Increased, Band Changed: C Neutral → D Weak"
07.10.2026 at 10:09 AM IST,CLSEL,Consumer Defensive,Packaged Foods,288.55,48.86,0,33.0,E Avoid,32,44.0,20,0.23,43.08,10.25,Bearish,51.66,0.0,42.77,D Weak,-9.77,-2.8,0.0,"Score Dropped, Band Changed: D Weak → E Avoid"
07.10.2026 at 10:09 AM IST,GANGESSECU,Consumer Defensive,Packaged Foods,112.76,42.86,15,9.0,E Avoid,16,40.0,0,0.0,9.15,36.71,Bearish,51.23,15.0,19.02,E Avoid,-10.02,-8.37,0.0,Score Dropped Sharply
07.10.2026 at 10:09 AM IST,JTLIND,Basic Materials,Steel,83.09,41.92,0,31.47,E Avoid,23,42.0,20,0.17,106.72,11.48,Bearish,45.07,0.0,41.52,D Weak,-10.05,-3.15,0.0,"Score Dropped Sharply, Band Changed: D Weak → E Avoid"
07.10.2026 at 10:09 AM IST,APOLLOHOSP,Healthcare,Medical Care Facilities,7873.5,24.78,25,0.0,E Avoid,9,30.0,10,0.24,17.87,13.2,Bearish,25.52,15.0,10.22,E Avoid,-10.22,-0.74,10.0,"Score Dropped Sharply, Risk Increased Sharply, New Risk Warning"
07.10.2026 at 10:09 AM IST,GRAPHITE,Industrials,Electrical Equipment & Parts,842.05,61.29,0,45.39,C Neutral,60,42.0,30,0.1,64.92,3.69,Bullish,63.69,0.0,55.62,B Watchlist,-10.23,-2.4,0.0,"Score Dropped Sharply, Band Changed: B Watchlist → C Neutral"
07.10.2026 at 10:09 AM IST,GRSE,Industrials,Aerospace & Defense,2096.0,24.27,25,0.0,E Avoid,9,39.0,0,0.31,7.04,37.05,Bearish,26.7,15.0,10.57,E Avoid,-10.57,-2.43,10.0,"Score Dropped Sharply, Risk Increased Sharply, New Risk Warning"
07.10.2026 at 10:09 AM IST,BUILDPRO,Consumer Cyclical,Home Improvement Retail,1293.1,55.88,0,43.18,D Weak,45,66.0,10,0.21,104.31,6.3,Bullish,57.3,0.0,54.02,C Neutral,-10.84,-1.42,0.0,"Score Dropped Sharply, Band Changed: C Neutral → D Weak"
07.10.2026 at 10:09 AM IST,AARTIDRUGS,Healthcare,Drug Manufacturers - Specialty & Generic,422.45,48.23,0,28.9,E Avoid,27,29.0,20,0.25,32.45,20.46,Bearish,52.08,0.0,40.67,D Weak,-11.77,-3.85,0.0,"Score Dropped Sharply, Band Changed: D Weak → E Avoid"
07.10.2026 at 10:09 AM IST,SOUTHBANK,Financial Services,Banks - Regional,46.15,45.33,0,30.07,E Avoid,27,42.0,20,0.21,54.88,8.94,Bearish,50.75,0.0,42.95,D Weak,-12.88,-5.42,0.0,"Score Dropped Sharply, Band Changed: D Weak → E Avoid"
07.10.2026 at 10:09 AM IST,GHCL,Basic Materials,Chemicals,400.3,22.92,25,0.07,E Avoid,9,47.0,0,0.21,1.09,38.39,Bearish,37.19,15.0,13.37,E Avoid,-13.3,-14.27,10.0,"Score Dropped Sharply, Risk Increased Sharply, New Risk Warning"
07.10.2026 at 10:09 AM IST,GRWRHITECH,Basic Materials,Specialty Chemicals,6880.0,52.08,0,40.27,D Weak,40,50.0,20,0.31,156.16,13.74,Bearish,56.97,0.0,53.82,C Neutral,-13.55,-4.89,0.0,"Score Dropped Sharply, Band Changed: C Neutral → D Weak"
07.10.2026 at 10:09 AM IST,PRICOLLTD,Consumer Cyclical,Auto Parts,664.1,24.57,10,17.28,E Avoid,19,32.0,20,0.53,31.26,19.31,Bearish,26.87,0.0,31.12,E Avoid,-13.84,-2.3,10.0,"Score Dropped Sharply, Risk Increased Sharply"
07.10.2026 at 10:09 AM IST,ALKYLAMINE,Basic Materials,Specialty Chemicals,1899.9,53.8,0,37.62,D Weak,35,46.0,20,0.54,57.64,10.17,Bearish,60.52,0.0,51.67,C Neutral,-14.05,-6.72,0.0,"Score Dropped Sharply, Band Changed: C Neutral → D Weak"
07.10.2026 at 10:09 AM IST,PFOCUS,Communication Services,Entertainment,273.55,32.35,15,0.0,E Avoid,8,0.0,10,0.62,69.9,25.46,Bearish,40.96,0.0,14.87,E Avoid,-14.87,-8.61,15.0,"Score Dropped Sharply, Fresh Weakness, Risk Increased Sharply"
07.10.2026 at 10:09 AM IST,TEJASNET,Technology,Communication Equipment,468.6,33.84,15,0.0,E Avoid,8,3.0,10,0.2,59.39,27.32,Bearish,35.91,0.0,15.63,E Avoid,-15.63,-2.07,15.0,"Score Dropped Sharply, Risk Increased Sharply"
07.10.2026 at 10:09 AM IST,SHANKARA,Consumer Cyclical,Home Improvement Retail,122.0,29.22,15,0.0,E Avoid,9,2.0,0,0.2,24.17,24.12,Bearish,31.92,0.0,16.47,E Avoid,-16.47,-2.7,15.0,"Score Dropped Sharply, Risk Increased Sharply"
07.10.2026 at 10:09 AM IST,ZOTA,Healthcare,Biotechnology,1259.4,53.97,15,6.45,E Avoid,40,9.0,15,0.05,23.34,27.56,Bullish,57.2,0.0,24.22,E Avoid,-17.77,-3.23,15.0,"Score Dropped Sharply, Risk Increased Sharply"
07.10.2026 at 10:09 AM IST,EMMBI,Unknown,Unknown,86.5,45.5,15,0.0,E Avoid,17,0.0,10,0.16,43.93,25.76,Bearish,50.34,0.0,18.56,E Avoid,-18.56,-4.84,15.0,"Score Dropped Sharply, Risk Increased Sharply"
07.10.2026 at 10:09 AM IST,GRPLTD,Consumer Cyclical,Auto Parts,1851.6,35.17,15,1.93,E Avoid,13,24.0,0,0.02,23.67,19.35,Bearish,35.3,0.0,20.77,E Avoid,-18.84,-0.13,15.0,"Score Dropped Sharply, Risk Increased Sharply"
07.10.2026 at 10:09 AM IST,TSFINV,Financial Services,Asset Management,413.55,38.99,15,9.32,E Avoid,13,37.0,18,0.05,25.89,39.59,Bearish,42.1,0.0,28.2,E Avoid,-18.88,-3.11,15.0,"Score Dropped Sharply, Fresh Weakness, Risk Increased Sharply"
07.10.2026 at 10:09 AM IST,BRIGADE,Real Estate,Real Estate - Development,561.7,34.64,15,5.77,E Avoid,8,23.0,20,0.12,25.05,29.72,Bearish,36.4,0.0,24.7,E Avoid,-18.93,-1.76,15.0,"Score Dropped Sharply, Risk Increased Sharply"
07.10.2026 at 10:09 AM IST,MASKINVEST,Financial Services,Capital Markets,142.37,46.49,15,0.0,E Avoid,17,8.0,10,0.24,23.86,42.15,Bearish,51.74,0.0,19.05,E Avoid,-19.05,-5.25,15.0,"Score Dropped Sharply, Risk Increased Sharply"
07.10.2026 at 10:09 AM IST,BHARATFORG,Industrials,Metal Fabrication,1853.9,36.48,15,0.0,E Avoid,8,7.0,10,0.12,57.85,19.22,Bearish,38.91,0.0,19.37,E Avoid,-19.37,-2.43,15.0,"Score Dropped Sharply, Risk Increased Sharply"
07.10.2026 at 10:09 AM IST,ROTO,Industrials,Specialty Industrial Machinery,62.06,42.47,15,7.49,E Avoid,8,33.0,10,0.08,31.05,22.93,Bearish,43.2,0.0,27.72,E Avoid,-20.23,-0.73,15.0,"Score Dropped Sharply, Risk Increased Sharply"
07.10.2026 at 10:09 AM IST,JSL,Basic Materials,Steel,740.7,50.58,15,13.57,E Avoid,40,23.0,18,0.04,14.04,15.75,Bullish,54.1,0.0,33.87,E Avoid,-20.3,-3.52,15.0,"Score Dropped Sharply, Risk Increased Sharply"
07.10.2026 at 10:09 AM IST,DCMFINSERV,Financial Services,Credit Services,5.11,49.95,15,0.0,E Avoid,17,8.0,0,0.35,38.11,40.23,Bearish,53.74,0.0,20.3,E Avoid,-20.3,-3.79,15.0,"Score Dropped Sharply, Risk Increased Sharply"
07.10.2026 at 10:09 AM IST,AVG,Unknown,Unknown,169.0,46.38,15,0.0,E Avoid,17,0.0,18,0.11,45.89,35.64,Bearish,50.41,0.0,20.56,E Avoid,-20.56,-4.03,15.0,"Score Dropped Sharply, Risk Increased Sharply"
07.10.2026 at 10:09 AM IST,SAGILITY,Healthcare,Health Information Services,43.23,44.12,15,16.7,E Avoid,13,47.0,20,0.17,20.93,25.08,Bearish,47.9,0.0,37.97,D Weak,-21.27,-3.78,15.0,"Score Dropped Sharply, Risk Increased Sharply, Band Changed: D Weak → E Avoid"
07.10.2026 at 10:09 AM IST,MUKTAARTS,Communication Services,Entertainment,54.89,43.65,15,0.0,E Avoid,8,0.0,20,0.52,48.31,24.5,Bearish,50.77,0.0,21.82,E Avoid,-21.82,-7.12,15.0,"Score Dropped Sharply, Risk Increased Sharply"
07.10.2026 at 10:09 AM IST,TITAN,Consumer Cyclical,Luxury Goods,4378.2,25.07,15,3.93,E Avoid,14,26.0,0,1.96,28.78,15.59,Bearish,31.49,0.0,26.27,E Avoid,-22.34,-6.42,15.0,"Score Dropped Sharply, Risk Increased Sharply"
07.10.2026 at 10:09 AM IST,GUJRAFFIA,Unknown,Unknown,41.0,52.28,15,16.35,E Avoid,40,26.0,38,0.22,16.81,53.41,Bullish,57.06,0.0,39.11,D Weak,-22.76,-4.78,15.0,"Score Dropped Sharply, Risk Increased Sharply, Band Changed: D Weak → E Avoid"
07.10.2026 at 10:09 AM IST,IRMENERGY,Utilities,Utilities - Regulated Gas,259.2,37.57,15,9.31,E Avoid,8,46.0,10,0.18,57.55,28.97,Bearish,40.41,0.0,32.15,E Avoid,-22.84,-2.84,15.0,"Score Dropped Sharply, Fresh Weakness, Risk Increased Sharply"
07.10.2026 at 10:09 AM IST,AMNPLST,Basic Materials,Chemicals,177.35,55.74,15,13.72,E Avoid,35,30.0,18,1.72,40.06,28.85,Bearish,62.35,0.0,39.52,D Weak,-25.8,-6.61,15.0,"Score Dropped Sharply, Risk Increased Sharply, Band Changed: D Weak → E Avoid"
07.10.2026 at 10:09 AM IST,TEMBO,Industrials,Metal Fabrication,56.91,47.76,15,7.69,E Avoid,17,25.0,20,0.24,31.33,31.89,Bearish,52.88,0.0,36.17,D Weak,-28.48,-5.12,15.0,"Score Dropped Sharply, Risk Increased Sharply, Band Changed: D Weak → E Avoid"
