fundamental_scan_time,symbol,company_name,sector_yf,industry_yf,market_cap,market_cap_cr,trailing_pe,forward_pe,price_to_book,debt_to_equity,roe,roa,operating_margin,net_profit_margin,gross_margin,revenue_growth,earnings_growth,current_ratio,quick_ratio,total_cash,total_cash_cr,total_debt,total_debt_cr,free_cashflow,free_cashflow_cr,operating_cashflow,operating_cashflow_cr,dividend_yield,beta,sector_bucket,profitability_score,growth_score,balance_sheet_score,cashflow_score,valuation_score,fundamental_risk_penalty,fundamental_score,sector_fundamental_adjustment,sector_adjusted_fundamental_score,fundamental_reasons,fundamental_risks
06.09.2026 at 01:31 PM IST,OFSS,Oracle Financial Services Software Limited,Technology,Software - Infrastructure,1050048331776.0,105004.83,30.86,26.6,15.16,0.57,49.9,30.94,59.57,38.15,58.6,68.7,120.2,4.41,3.95,47734001664.0,4773.4,393000000.0,39.3,30884249600.0,3088.42,36011999232.0,3601.2,5.52,0.51,IT_TECH,25,20,20,20,9,0,94,14,100,"Strong ROE, Strong operating margin, Strong revenue growth, Strong earnings growth, Cash covers debt, Low debt, Positive operating cash flow, Positive free cash flow, Cash flow supports profitability, Forward PE improving, Strong tech ROE, Strong tech operating margin, Positive tech free cash flow",Expensive price-to-book
06.09.2026 at 01:31 PM IST,CASTROLIND,Castrol India Limited,Energy,Oil & Gas Refining & Marketing,188239872000.0,18823.99,17.74,16.1,9.88,2.78,57.0,24.88,24.78,17.07,49.34,25.0,42.1,1.51,0.85,8628799488.0,862.88,531500000.0,53.15,7049650176.0,704.97,9854600192.0,985.46,6.57,0.31,ENERGY_UTILITIES,23,20,16,20,11,0,90,7,97,"Strong ROE, Strong operating margin, Strong revenue growth, Strong earnings growth, Cash covers debt, Low debt, Positive operating cash flow, Positive free cash flow, Cash flow supports profitability, Forward PE improving, Energy cashflow support, Energy dividend support",
06.09.2026 at 01:31 PM IST,TCS,Tata Consultancy Services Limited,Technology,Information Technology Services,8336073293824.0,833607.33,16.75,14.18,7.6,10.21,47.74,24.48,23.96,18.05,40.39,13.9,4.6,2.28,2.04,450310012928.0,45031.0,113090002944.0,11309.0,397165002752.0,39716.5,523459985408.0,52346.0,2.82,0.17,IT_TECH,24,7,20,20,11,0,82,14,96,"Strong ROE, Strong operating margin, Cash covers debt, Low debt, Positive operating cash flow, Positive free cash flow, Cash flow supports profitability, Forward PE improving, Strong tech ROE, Strong tech operating margin, Positive tech free cash flow",
06.09.2026 at 01:31 PM IST,INDOBORAX,Indo Borax & Chemicals Limited,Basic Materials,Chemicals,16430080000.0,1643.01,29.16,,4.25,0.37,13.93,7.44,26.24,23.33,46.44,25.2,42.0,20.85,14.24,2113137024.0,211.31,14300000.0,1.43,178776128.0,17.88,871505984.0,87.15,1.94,0.86,CHEMICALS,18,20,20,20,7,0,85,11,96,"Strong operating margin, Strong revenue growth, Strong earnings growth, Cash covers debt, Low debt, Positive operating cash flow, Positive free cash flow, Cash flow supports profitability, Strong chemical margin, Chemical revenue growth support, Controlled chemical debt",
06.09.2026 at 01:31 PM IST,LTM,LTM Limited,Technology,Information Technology Services,1350084329472.0,135008.43,25.84,19.77,5.5,9.87,21.97,12.69,15.5,11.87,29.77,18.0,16.9,2.93,2.58,149123006464.0,14912.3,24309000192.0,2430.9,51833626624.0,5183.36,49225998336.0,4922.6,1.65,0.27,IT_TECH,17,16,20,20,10,0,83,9,92,"Strong ROE, Strong revenue growth, Strong earnings growth, Cash covers debt, Low debt, Positive operating cash flow, Positive free cash flow, Cash flow supports profitability, Forward PE improving, Strong tech ROE, Positive tech free cash flow",
06.09.2026 at 01:31 PM IST,POLYCAB,Polycab India Limited,Industrials,Electrical Equipment & Parts,1250270904320.0,125027.09,43.67,32.68,10.33,1.74,25.55,13.4,12.72,9.18,24.48,39.0,32.5,1.74,0.84,40276639744.0,4027.66,2125680000.0,212.57,18023239680.0,1802.32,35604721664.0,3560.47,57.0,0.64,CAPITAL_GOODS_INFRA,19,20,16,20,7,5,77,15,92,"Strong ROE, Strong revenue growth, Strong earnings growth, Cash covers debt, Low debt, Positive operating cash flow, Positive free cash flow, Cash flow supports profitability, Forward PE improving, Strong capital goods revenue growth, Strong capital goods earnings growth, Manageable capital goods debt, Capital goods cashflow support","Expensive price-to-book, Abnormally high dividend yield"
06.09.2026 at 01:31 PM IST,INFY,Infosys Limited,Technology,Information Technology Services,4576838156288.0,457683.82,14.77,14.13,4.98,9.54,32.0,15.3,21.17,16.37,29.68,2.9,5.3,1.86,1.59,3124000000.0,312.4,923000000.0,92.3,3165625088.0,316.56,4092000000.0,409.2,4.42,0.11,IT_TECH,23,2,19,20,13,0,77,14,91,"Strong ROE, Strong operating margin, Cash covers debt, Low debt, Positive operating cash flow, Positive free cash flow, Cash flow supports profitability, Forward PE improving, Strong tech ROE, Strong tech operating margin, Positive tech free cash flow",
06.09.2026 at 01:31 PM IST,CRISIL,CRISIL Limited,Financial Services,Financial Data & Stock Exchanges,350292770816.0,35029.28,39.58,31.82,10.71,10.23,29.05,14.87,24.68,21.43,47.0,27.6,26.2,1.87,1.4,9163100160.0,916.31,3346599936.0,334.66,5070512640.0,507.05,8651100160.0,865.11,83.0,0.18,FINANCIAL,24,20,18,20,7,5,84,5,89,"Strong ROE, Strong operating margin, Strong revenue growth, Strong earnings growth, Cash covers debt, Low debt, Positive operating cash flow, Positive free cash flow, Cash flow supports profitability, Forward PE improving, Strong financial ROE, Strong financial earnings growth","Expensive price-to-book, Abnormally high dividend yield, Expensive financial P/B"
06.09.2026 at 01:31 PM IST,SANOFI,Sanofi India Limited,Healthcare,Drug Manufacturers - General,72638578688.0,7263.86,22.44,17.58,8.79,1.78,40.27,21.09,24.31,17.94,49.01,7.7,20.1,1.69,1.05,3687000064.0,368.7,147000000.0,14.7,3136000000.0,313.6,3587000064.0,358.7,7.6,0.19,PHARMA_HEALTHCARE,23,10,18,20,9,0,80,7,87,"Strong ROE, Strong operating margin, Strong earnings growth, Cash covers debt, Low debt, Positive operating cash flow, Positive free cash flow, Cash flow supports profitability, Forward PE improving, Strong healthcare margin, Controlled healthcare debt",
06.09.2026 at 01:31 PM IST,PERSISTENT,Persistent Systems Limited,Technology,Information Technology Services,881611767808.0,88161.18,46.3,31.91,10.49,6.94,25.2,14.81,15.96,12.24,31.68,29.1,12.1,2.71,2.07,19521921024.0,1952.19,5841339904.0,584.13,8424863744.0,842.49,14647189504.0,1464.72,64.0,0.08,IT_TECH,21,15,20,20,7,5,78,9,87,"Strong ROE, Strong revenue growth, Cash covers debt, Low debt, Positive operating cash flow, Positive free cash flow, Cash flow supports profitability, Forward PE improving, Strong tech ROE, Positive tech free cash flow","Expensive price-to-book, Abnormally high dividend yield"
06.09.2026 at 01:31 PM IST,HCLTECH,HCL Technologies Limited,Technology,Information Technology Services,3499638652928.0,349963.87,20.12,16.15,4.73,7.06,24.07,13.31,16.88,12.97,34.0,3.0,8.4,2.22,2.03,2590000128.0,259.0,548000000.0,54.8,1812999936.0,181.3,2135000064.0,213.5,4.64,0.0,IT_TECH,19,7,20,20,11,0,77,9,86,"Strong ROE, Cash covers debt, Low debt, Positive operating cash flow, Positive free cash flow, Cash flow supports profitability, Forward PE improving, Strong tech ROE, Positive tech free cash flow",
06.09.2026 at 01:31 PM IST,INDIAMART,IndiaMART InterMESH Limited,Consumer Cyclical,Internet Retail,1038844887040.0,103884.49,21.11,16.6,4.68,0.97,23.15,7.25,33.81,30.62,55.62,11.4,11.9,2.0,1.98,33886580736.0,3388.66,216280000.0,21.63,9051123712.0,905.11,6966859776.0,696.69,1.74,0.25,CONSUMER_DISCRETIONARY,20,10,20,20,10,0,80,6,86,"Strong ROE, Strong operating margin, Cash covers debt, Low debt, Positive operating cash flow, Positive free cash flow, Cash flow supports profitability, Forward PE improving, Healthy discretionary margin, Controlled discretionary debt",
06.09.2026 at 01:31 PM IST,SANOFICONR,Sanofi Consumer Healthcare India Limited,Healthcare,Drug Manufacturers - General,96520699904.0,9652.07,36.22,31.25,27.71,5.98,87.95,37.63,36.49,28.01,74.14,6.7,13.3,2.03,1.65,4905999872.0,490.6,208000000.0,20.8,3916624896.0,391.66,2664999936.0,266.5,1.78,,PHARMA_HEALTHCARE,25,7,20,20,6,0,78,7,85,"Strong ROE, Strong operating margin, Cash covers debt, Low debt, Positive operating cash flow, Positive free cash flow, Cash flow supports profitability, Forward PE improving, Strong healthcare margin, Controlled healthcare debt",Expensive price-to-book
06.09.2026 at 01:31 PM IST,SCHAEFFLER,Schaeffler India Limited,Consumer Cyclical,Auto Parts,618790584320.0,61879.06,49.3,39.33,10.09,0.78,21.64,12.27,14.77,11.93,38.41,17.3,13.0,2.49,1.42,15066099712.0,1506.61,481100000.0,48.11,3941437440.0,394.14,9684799488.0,968.48,88.0,0.11,AUTO,17,13,19,20,7,5,71,13,84,"Strong ROE, Strong revenue growth, Cash covers debt, Low debt, Positive operating cash flow, Positive free cash flow, Cash flow supports profitability, Forward PE improving, Auto revenue growth support, Healthy auto margin, Manageable auto debt, Auto cashflow support","Expensive price-to-book, Abnormally high dividend yield"
06.09.2026 at 01:31 PM IST,ELANTAS,ELANTAS Beck India Limited,Basic Materials,Specialty Chemicals,97344004096.0,9734.4,54.91,,8.82,,17.43,10.51,26.72,18.8,40.2,35.0,80.4,5.85,5.09,7182132224.0,718.21,0.0,0.0,711817472.0,71.18,1572067968.0,157.21,6.0,0.1,CHEMICALS,20,20,11,20,4,0,75,8,83,"Strong operating margin, Strong revenue growth, Strong earnings growth, Net cash position, Positive operating cash flow, Positive free cash flow, Cash flow supports profitability, Strong chemical margin, Chemical revenue growth support",
06.09.2026 at 01:31 PM IST,VBL,Varun Beverages Limited,Consumer Defensive,Beverages - Non-Alcoholic,1378692628480.0,137869.26,40.64,34.93,6.33,15.87,16.85,9.78,24.12,14.04,55.45,20.4,15.7,2.03,0.81,25684049920.0,2568.4,34835341312.0,3483.53,1291929984.0,129.19,34798940160.0,3479.89,49.0,0.28,FMCG_CONSUMER,18,16,16,20,7,5,72,7,79,"Strong operating margin, Strong revenue growth, Strong earnings growth, Reasonable cash coverage, Low debt, Positive operating cash flow, Positive free cash flow, Cash flow supports profitability, Forward PE improving, Healthy consumer margins, Low debt consumer business",Abnormally high dividend yield
06.09.2026 at 01:31 PM IST,ACCELYA,Accelya Solutions India Limited,Technology,Information Technology Services,16911454208.0,1691.15,17.73,18.1,6.76,6.28,36.14,19.56,31.77,17.92,71.7,-3.5,-10.3,2.55,1.9,761905024.0,76.19,157003008.0,15.7,915209472.0,91.52,991635008.0,99.16,6.19,0.52,IT_TECH,24,0,20,20,8,8,64,14,78,"Strong ROE, Strong operating margin, Cash covers debt, Low debt, Positive operating cash flow, Positive free cash flow, Cash flow supports profitability, Strong tech ROE, Strong tech operating margin, Positive tech free cash flow","Negative revenue growth, Negative earnings growth"
06.09.2026 at 01:31 PM IST,ANTELOPUS,Antelopus Selan Energy Limited,Energy,Oil & Gas E&P,33369079808.0,3336.91,25.29,,5.09,0.54,14.7,9.3,47.98,32.13,82.16,65.3,158.9,2.75,2.04,687900032.0,68.79,35500000.0,3.55,-1168062464.0,-116.81,1206000000.0,120.6,,,ENERGY_UTILITIES,20,20,20,12,6,5,73,4,77,"Strong operating margin, Strong revenue growth, Strong earnings growth, Cash covers debt, Low debt, Positive operating cash flow, Cash flow supports profitability, Energy cashflow support",Negative free cash flow
06.09.2026 at 01:31 PM IST,MPHASIS,Mphasis Limited,Technology,Information Technology Services,462158921728.0,46215.89,24.21,19.09,4.08,24.68,17.74,9.04,14.78,11.56,44.45,17.5,10.7,1.46,1.26,33588600832.0,3358.86,27977879552.0,2797.79,3941232384.0,394.12,14264129536.0,1426.41,2.56,0.49,IT_TECH,14,13,14,20,11,0,72,4,76,"Strong revenue growth, Cash covers debt, Low debt, Positive operating cash flow, Positive free cash flow, Cash flow supports profitability, Forward PE improving, Positive tech free cash flow",
06.09.2026 at 01:31 PM IST,WIPRO,Wipro Limited,Technology,Information Technology Services,1745083826176.0,174508.38,14.01,12.69,2.25,27.4,16.13,7.26,15.7,13.92,29.04,10.6,0.9,1.67,1.57,394750001152.0,39475.0,212821999616.0,21282.2,108508127232.0,10850.81,141077004288.0,14107.7,4.54,0.39,IT_TECH,14,5,17,20,15,0,71,4,75,"Cash covers debt, Low debt, Positive operating cash flow, Positive free cash flow, Cash flow supports profitability, Forward PE improving, Positive tech free cash flow",
06.09.2026 at 01:31 PM IST,HUHTAMAKI,Huhtamaki India Limited,Consumer Cyclical,Packaging & Containers,19292078080.0,1929.21,14.13,9.39,1.43,10.72,10.58,4.81,8.11,5.22,32.7,22.5,75.5,2.2,1.52,3958799872.0,395.88,1445600000.0,144.56,687712512.0,68.77,1740099968.0,174.01,78.0,-0.21,CONSUMER_DISCRETIONARY,2,18,20,17,15,5,67,7,74,"Strong revenue growth, Strong earnings growth, Cash covers debt, Low debt, Positive operating cash flow, Positive free cash flow, Forward PE improving, Consumer discretionary growth support, Controlled discretionary debt",Abnormally high dividend yield
06.09.2026 at 01:31 PM IST,BHARTIARTL,Bharti Airtel Limited,Communication Services,Telecom Services,11479130570752.0,1147913.06,38.46,22.38,7.09,100.42,20.15,8.16,32.57,13.14,67.86,18.4,35.1,0.57,0.36,584093007872.0,58409.3,2014801952768.0,201480.2,630565896192.0,63056.59,1251744022528.0,125174.4,1.3,-0.0,TELECOM,21,18,2,20,6,0,67,7,74,"Strong ROE, Strong operating margin, Strong revenue growth, Strong earnings growth, Positive operating cash flow, Positive free cash flow, Cash flow supports profitability, Forward PE improving, Telecom cashflow support, Telecom revenue growth support",
06.09.2026 at 01:31 PM IST,BUILDPRO,Shankara Buildpro Limited,Consumer Cyclical,Home Improvement Retail,31378628608.0,3137.86,23.91,,5.75,11.14,25.52,9.61,3.43,1.87,5.34,27.9,41.4,1.46,0.95,628300032.0,62.83,608099968.0,60.81,640737472.0,64.07,895299968.0,89.53,39.0,,CONSUMER_DISCRETIONARY,12,20,14,17,8,5,66,7,73,"Strong ROE, Strong revenue growth, Strong earnings growth, Cash covers debt, Low debt, Positive operating cash flow, Positive free cash flow, Consumer discretionary growth support, Controlled discretionary debt",Abnormally high dividend yield
06.09.2026 at 01:31 PM IST,INDUSTOWER,Indus Towers Limited,Communication Services,Telecom Services,993697857536.0,99369.79,13.89,12.33,2.4,51.79,18.91,9.73,31.21,21.78,55.94,4.6,0.6,1.84,1.32,73557999616.0,7355.8,214324002816.0,21432.4,37768249344.0,3776.82,155129004032.0,15512.9,3.72,0.05,TELECOM,22,2,10,20,15,0,69,4,73,"Strong ROE, Strong operating margin, Positive operating cash flow, Positive free cash flow, Cash flow supports profitability, Forward PE improving, Telecom cashflow support",
06.09.2026 at 01:31 PM IST,RSYSTEMS,R Systems International Limited,Technology,Information Technology Services,30440429568.0,3044.04,16.5,12.07,2.77,28.62,17.33,11.5,14.92,8.59,36.71,30.5,-26.6,2.29,1.76,3339719936.0,333.97,3693309952.0,369.33,2661538816.0,266.15,3239109888.0,323.91,4.69,0.25,IT_TECH,14,10,17,20,15,8,68,4,72,"Strong revenue growth, Reasonable cash coverage, Low debt, Positive operating cash flow, Positive free cash flow, Cash flow supports profitability, Forward PE improving, Positive tech free cash flow",Negative earnings growth
06.09.2026 at 01:31 PM IST,HEXT,Hexaware Technologies Limited,Technology,Information Technology Services,323799547904.0,32379.95,24.38,19.02,4.82,10.18,21.47,11.84,13.74,9.32,40.67,17.9,-12.5,1.43,1.12,16538999808.0,1653.9,6830000128.0,683.0,14712625152.0,1471.26,16753999872.0,1675.4,2.7,,IT_TECH,16,8,16,20,11,8,63,9,72,"Strong ROE, Strong revenue growth, Cash covers debt, Low debt, Positive operating cash flow, Positive free cash flow, Cash flow supports profitability, Forward PE improving, Strong tech ROE, Positive tech free cash flow",Negative earnings growth
06.09.2026 at 01:31 PM IST,RAILTEL,RailTel Corporation of India Limited,Communication Services,Telecom Services,87295246336.0,8729.52,25.21,18.32,3.86,2.82,16.25,5.09,10.98,8.1,16.12,27.6,25.2,1.32,1.23,7636199936.0,763.62,637200000.0,63.72,-856887488.0,-85.69,3164499968.0,316.45,1.2,0.71,TELECOM,12,20,16,12,10,5,65,7,72,"Strong revenue growth, Strong earnings growth, Cash covers debt, Low debt, Positive operating cash flow, Cash flow supports profitability, Forward PE improving, Telecom cashflow support, Telecom revenue growth support",Negative free cash flow
06.09.2026 at 01:31 PM IST,ABB,ABB India Limited,Industrials,Specialty Industrial Machinery,1570240987136.0,157024.1,99.01,70.65,16.82,1.55,19.13,7.91,11.46,21.35,37.28,12.1,3.0,2.19,1.69,73355198464.0,7335.52,1445200000.0,144.52,10823799808.0,1082.38,14709600256.0,1470.96,53.0,0.48,CAPITAL_GOODS_INFRA,17,7,20,20,5,5,64,6,70,"Strong ROE, Cash covers debt, Low debt, Positive operating cash flow, Positive free cash flow, Cash flow supports profitability, Forward PE improving, Manageable capital goods debt, Capital goods cashflow support","Very high PE, Expensive price-to-book, Abnormally high dividend yield"
06.09.2026 at 01:31 PM IST,GPPL,Gujarat Pipavav Port Limited,Industrials,Marine Shipping,78434435072.0,7843.44,14.03,14.01,3.33,1.54,,,55.03,45.06,75.92,32.5,41.7,,,6759240192.0,675.92,368740000.0,36.87,,,,,6.19,0.46,CAPITAL_GOODS_INFRA,12,20,12,0,13,0,57,12,69,"Strong operating margin, Strong revenue growth, Strong earnings growth, Cash covers debt, Low debt, Forward PE improving, Strong capital goods revenue growth, Strong capital goods earnings growth, Manageable capital goods debt",
06.09.2026 at 01:31 PM IST,MUTHOOTFIN,Muthoot Finance Limited,Financial Services,Credit Services,1169798856704.0,116979.89,10.29,9.13,2.88,393.56,31.74,6.4,74.57,55.5,100.0,35.3,38.8,106.85,106.85,161639219200.0,16163.92,1624182226944.0,162418.22,,,,,1.03,0.52,FINANCIAL,22,20,8,0,14,8,56,13,69,"Strong ROE, Strong operating margin, Strong revenue growth, Strong earnings growth, Forward PE improving, Financial leverage treated differently, Strong financial ROE, Strong financial earnings growth",Very high debt
06.09.2026 at 01:31 PM IST,GESHIP,The Great Eastern Shipping Company Limited,Industrials,Marine Shipping,194837561344.0,19483.76,5.22,7.14,1.15,6.41,,,54.43,60.31,66.67,66.9,159.4,,,83052396544.0,8305.24,10871499776.0,1087.15,,,,,4.21,0.42,CAPITAL_GOODS_INFRA,12,20,12,0,12,0,56,12,68,"Strong operating margin, Strong revenue growth, Strong earnings growth, Cash covers debt, Low debt, Strong capital goods revenue growth, Strong capital goods earnings growth, Manageable capital goods debt",Forward PE deterioration
06.09.2026 at 01:31 PM IST,GARUDA,Garuda Construction and Engineering Limited,Industrials,Engineering & Construction,16595855360.0,1659.59,12.18,,3.64,2.65,,,31.95,23.42,34.79,40.1,48.5,,,228736000.0,22.87,120370000.0,12.04,,,,,,,CAPITAL_GOODS_INFRA,12,20,12,0,8,0,52,12,64,"Strong operating margin, Strong revenue growth, Strong earnings growth, Cash covers debt, Low debt, Strong capital goods revenue growth, Strong capital goods earnings growth, Manageable capital goods debt",
06.09.2026 at 01:31 PM IST,BHARATSE,Bharat Seats Limited,Consumer Cyclical,Auto Parts,13312972800.0,1331.3,28.76,,5.8,47.94,19.91,5.76,3.53,2.17,13.47,46.2,16.3,0.88,0.69,163190000.0,16.32,1100994944.0,110.1,314074368.0,31.41,1067086976.0,106.71,71.0,0.88,AUTO,8,18,7,17,8,5,53,10,63,"Strong ROE, Strong revenue growth, Strong earnings growth, Low debt, Positive operating cash flow, Positive free cash flow, Auto revenue growth support, Manageable auto debt, Auto cashflow support",Abnormally high dividend yield
06.09.2026 at 01:31 PM IST,MAHABANK,Bank of Maharashtra,Financial Services,Banks - Regional,661089091584.0,66108.91,8.78,6.88,1.85,,22.96,1.9,57.52,53.41,0.0,21.8,34.2,,,148798193664.0,14879.82,387485990912.0,38748.6,,,,,2.56,0.78,BANK,18,18,0,0,15,0,51,11,62,"Strong ROE, Strong operating margin, Strong revenue growth, Strong earnings growth, Forward PE improving, Strong bank ROE, Healthy bank ROA",
06.09.2026 at 01:31 PM IST,UNIPARTS,Uniparts India Limited,Industrials,Farm & Heavy Construction Machinery,39692673024.0,3969.27,22.03,,4.56,17.77,,,20.2,14.51,66.92,26.9,63.6,,,2502099968.0,250.21,1546880000.0,154.69,,,,,2.77,0.67,CAPITAL_GOODS_INFRA,10,20,12,0,8,0,50,12,62,"Strong operating margin, Strong revenue growth, Strong earnings growth, Cash covers debt, Low debt, Strong capital goods revenue growth, Strong capital goods earnings growth, Manageable capital goods debt",
06.09.2026 at 01:31 PM IST,MSTCLTD,MSTC Limited,Industrials,Conglomerates,51814400000.0,5181.44,22.13,,5.73,16.04,,,58.12,60.63,100.0,21.7,37.6,,,13275807744.0,1327.58,1450019968.0,145.0,,,,,2.14,0.55,CAPITAL_GOODS_INFRA,12,18,12,0,8,0,50,12,62,"Strong operating margin, Strong revenue growth, Strong earnings growth, Cash covers debt, Low debt, Strong capital goods revenue growth, Strong capital goods earnings growth, Manageable capital goods debt",
06.09.2026 at 01:31 PM IST,PCJEWELLER,PC Jeweller Limited,Consumer Cyclical,Luxury Goods,116928094208.0,11692.81,14.11,0.58,1.12,14.27,,,26.92,22.1,24.98,21.0,43.8,,,1361699968.0,136.17,11665600512.0,1166.56,,,,,,0.33,CONSUMER_DISCRETIONARY,12,18,9,0,13,0,52,10,62,"Strong operating margin, Strong revenue growth, Strong earnings growth, Low debt, Forward PE improving, Consumer discretionary growth support, Healthy discretionary margin, Controlled discretionary debt",
06.09.2026 at 01:31 PM IST,MAYURUNIQ,Mayur Uniquoters Limited,Consumer Cyclical,Textile Manufacturing,31952867328.0,3195.29,15.42,12.09,2.82,0.69,,,19.1,20.3,45.38,24.7,37.9,,,2580076032.0,258.01,77775000.0,7.78,,,,,82.0,0.4,CONSUMER_DISCRETIONARY,11,18,12,0,15,5,51,10,61,"Strong operating margin, Strong revenue growth, Strong earnings growth, Cash covers debt, Low debt, Forward PE improving, Consumer discretionary growth support, Healthy discretionary margin, Controlled discretionary debt",Abnormally high dividend yield
06.09.2026 at 01:31 PM IST,SOTL,Savita Oil Technologies Limited,Basic Materials,Specialty Chemicals,51026087936.0,5102.61,12.33,12.26,2.81,0.1,,,24.17,8.53,23.65,49.6,414.8,,,3028477952.0,302.85,17806000.0,1.78,,,,,67.0,0.56,CHEMICALS,8,20,12,0,15,5,50,11,61,"Strong operating margin, Strong revenue growth, Strong earnings growth, Cash covers debt, Low debt, Forward PE improving, Strong chemical margin, Chemical revenue growth support, Controlled chemical debt",Abnormally high dividend yield
06.09.2026 at 01:31 PM IST,WONDERLA,Wonderla Holidays Limited,Consumer Cyclical,Leisure,33899468800.0,3389.95,33.49,21.82,1.96,0.35,,,34.67,17.19,82.86,44.2,38.3,,,4240280064.0,424.03,62510000.0,6.25,,,,,37.0,-0.0,CONSUMER_DISCRETIONARY,11,20,12,0,13,5,51,10,61,"Strong operating margin, Strong revenue growth, Strong earnings growth, Cash covers debt, Low debt, Forward PE improving, Consumer discretionary growth support, Healthy discretionary margin, Controlled discretionary debt",Abnormally high dividend yield
06.09.2026 at 01:31 PM IST,GRWRHITECH,Garware Hi-Tech Films Limited,Basic Materials,Specialty Chemicals,164183326720.0,16418.33,42.26,38.79,6.18,0.59,,,25.14,17.18,49.44,27.9,59.8,,,7735900160.0,773.59,156600000.0,15.66,,,,,17.0,0.74,CHEMICALS,11,20,12,0,7,0,50,11,61,"Strong operating margin, Strong revenue growth, Strong earnings growth, Cash covers debt, Low debt, Forward PE improving, Strong chemical margin, Chemical revenue growth support, Controlled chemical debt",
06.09.2026 at 01:31 PM IST,MANINFRA,Man Infraconstruction Limited,Industrials,Engineering & Construction,50357395456.0,5035.74,23.32,,2.22,2.77,,,31.33,33.54,51.65,19.4,21.2,,,6835828224.0,683.58,639787008.0,63.98,,,,,1.3,0.47,CAPITAL_GOODS_INFRA,12,16,12,0,9,0,49,12,61,"Strong operating margin, Strong revenue growth, Strong earnings growth, Cash covers debt, Low debt, Strong capital goods revenue growth, Strong capital goods earnings growth, Manageable capital goods debt",
06.09.2026 at 01:31 PM IST,INDIANB,Indian Bank,Financial Services,Banks - Regional,1184924172288.0,118492.42,9.27,8.02,1.41,,16.17,1.34,48.04,36.41,0.0,10.3,47.5,,,599759978496.0,59976.0,482530000896.0,48253.0,,,,,2.07,0.28,BANK,16,15,3,0,15,0,49,11,60,"Strong operating margin, Strong earnings growth, Cash covers debt, Forward PE improving, Strong bank ROE, Healthy bank ROA",
06.09.2026 at 01:31 PM IST,CHEVIOT,Cheviot Company Limited,Consumer Cyclical,Textile Manufacturing,6746197504.0,674.62,9.88,,0.96,1.22,,,11.22,11.41,36.53,42.5,57.7,,,303140000.0,30.31,85861000.0,8.59,,,,,2.16,0.3,CONSUMER_DISCRETIONARY,6,20,12,0,12,0,50,10,60,"Strong revenue growth, Strong earnings growth, Cash covers debt, Low debt, Consumer discretionary growth support, Healthy discretionary margin, Controlled discretionary debt",
06.09.2026 at 01:31 PM IST,ACUTAAS,Acutaas Chemicals Limited,Basic Materials,Specialty Chemicals,259449585664.0,25944.96,67.58,44.04,15.69,2.08,,,31.32,26.42,58.42,59.1,67.1,,,2248343040.0,224.83,355959008.0,35.6,,,,,8.0,0.02,CHEMICALS,12,20,12,0,5,0,49,11,60,"Strong operating margin, Strong revenue growth, Strong earnings growth, Cash covers debt, Low debt, Forward PE improving, Strong chemical margin, Chemical revenue growth support, Controlled chemical debt",Expensive price-to-book
06.09.2026 at 01:31 PM IST,ULTRAMAR,Ultramarine & Pigments Limited,Basic Materials,Specialty Chemicals,12826099712.0,1282.61,13.92,,1.47,9.89,,,15.89,11.1,35.89,30.1,56.6,,,917875968.0,91.79,860385984.0,86.04,,,,,1.37,0.4,CHEMICALS,6,20,12,0,11,0,49,11,60,"Strong revenue growth, Strong earnings growth, Cash covers debt, Low debt, Strong chemical margin, Chemical revenue growth support, Controlled chemical debt",
06.09.2026 at 01:31 PM IST,THYROCARE,Thyrocare Technologies Limited,Healthcare,Diagnostics & Research,91740807168.0,9174.08,52.12,36.24,15.67,8.65,,,26.99,20.12,54.96,24.3,31.8,,,1898200064.0,189.82,506900000.0,50.69,,,,,2.83,0.47,PHARMA_HEALTHCARE,12,18,12,0,7,0,49,11,60,"Strong operating margin, Strong revenue growth, Strong earnings growth, Cash covers debt, Low debt, Forward PE improving, Strong healthcare margin, Healthcare growth support, Controlled healthcare debt",Expensive price-to-book
06.09.2026 at 01:31 PM IST,NAVINFLUOR,Navin Fluorine International Limited,Basic Materials,Chemicals,438838296576.0,43883.83,55.52,42.52,11.03,32.09,,,30.18,21.73,56.75,44.1,100.9,,,13030500352.0,1303.05,12754799616.0,1275.48,,,,,18.0,0.26,CHEMICALS,12,20,10,0,7,0,49,11,60,"Strong operating margin, Strong revenue growth, Strong earnings growth, Cash covers debt, Low debt, Forward PE improving, Strong chemical margin, Chemical revenue growth support, Controlled chemical debt",Expensive price-to-book
06.09.2026 at 01:31 PM IST,NATIONALUM,National Aluminium Company Limited,Basic Materials,Aluminum,687083945984.0,68708.39,10.17,9.65,3.18,0.28,,,47.62,34.91,71.34,39.3,91.1,,,87006699520.0,8700.67,598300032.0,59.83,,,,,1.07,0.71,METALS_MINING,12,20,12,0,12,0,56,4,60,"Strong operating margin, Strong revenue growth, Strong earnings growth, Cash covers debt, Low debt, Forward PE improving, Controlled metal sector debt",
06.09.2026 at 01:31 PM IST,ORIENTALTL,Oriental Trimex Limited,Industrials,Building Products & Equipment,392528800.0,39.25,12.71,,0.24,2.87,,,12.96,7.38,27.76,363.9,36.4,,,15810000.0,1.58,28664000.0,2.87,,,,,,1.06,CAPITAL_GOODS_INFRA,6,20,11,0,10,0,47,12,59,"Strong revenue growth, Strong earnings growth, Reasonable cash coverage, Low debt, Strong capital goods revenue growth, Strong capital goods earnings growth, Manageable capital goods debt",
06.09.2026 at 01:31 PM IST,POWERMECH,Power Mech Projects Limited,Industrials,Engineering & Construction,73855655936.0,7385.57,18.86,12.94,2.93,25.63,,,8.89,6.12,25.16,25.5,51.9,,,4934400000.0,493.44,6636299776.0,663.63,,,,,7.0,0.65,CAPITAL_GOODS_INFRA,3,20,9,0,15,0,47,12,59,"Strong revenue growth, Strong earnings growth, Reasonable cash coverage, Low debt, Forward PE improving, Strong capital goods revenue growth, Strong capital goods earnings growth, Manageable capital goods debt",
06.09.2026 at 01:31 PM IST,HINDZINC,Hindustan Zinc Limited,Basic Materials,Other Industrial Metals & Mining,2539416715264.0,253941.67,14.88,13.56,11.22,39.03,,,54.71,38.07,75.8,71.7,144.6,,,136509997056.0,13651.0,88330002432.0,8833.0,,,,,3.49,0.67,METALS_MINING,12,20,10,0,11,0,53,6,59,"Strong operating margin, Strong revenue growth, Strong earnings growth, Cash covers debt, Low debt, Forward PE improving, Controlled metal sector debt, Commodity dividend support",Expensive price-to-book
06.09.2026 at 01:31 PM IST,PIXTRANS,PIX Transmissions Limited,Industrials,Specialty Industrial Machinery,24525359104.0,2452.54,18.6,,3.52,3.48,,,26.68,21.55,64.95,22.8,89.3,,,3047790080.0,304.78,242263008.0,24.23,,,,,50.0,0.15,CAPITAL_GOODS_INFRA,12,18,12,0,10,5,47,12,59,"Strong operating margin, Strong revenue growth, Strong earnings growth, Cash covers debt, Low debt, Strong capital goods revenue growth, Strong capital goods earnings growth, Manageable capital goods debt",Abnormally high dividend yield
06.09.2026 at 01:31 PM IST,CENTENKA,Century Enka Limited,Consumer Cyclical,Textile Manufacturing,13328859136.0,1332.89,9.06,,0.89,1.48,,,12.86,7.92,28.84,38.0,301.1,,,3551300096.0,355.13,221700000.0,22.17,,,,,1.81,0.2,CONSUMER_DISCRETIONARY,6,20,12,0,11,0,49,10,59,"Strong revenue growth, Strong earnings growth, Cash covers debt, Low debt, Consumer discretionary growth support, Healthy discretionary margin, Controlled discretionary debt",
06.09.2026 at 01:31 PM IST,GNFC,Gujarat Narmada Valley Fertilizers & Chemicals Limited,Basic Materials,Chemicals,87870529536.0,8787.05,8.47,9.54,0.96,0.07,,,14.16,12.33,30.42,39.8,275.6,,,18040000512.0,1804.0,60000000.0,6.0,,,,,3.52,0.21,CHEMICALS,8,20,12,0,12,0,52,7,59,"Strong revenue growth, Strong earnings growth, Cash covers debt, Low debt, Chemical revenue growth support, Controlled chemical debt",
06.09.2026 at 01:31 PM IST,MARKSANS,Marksans Pharma Limited,Healthcare,Drug Manufacturers - General,148547076096.0,14854.71,28.75,23.3,4.91,11.25,,,22.38,16.29,55.24,35.6,169.0,,,9908809728.0,990.88,3433789952.0,343.38,,,,,28.0,1.15,PHARMA_HEALTHCARE,10,20,12,0,11,5,48,11,59,"Strong operating margin, Strong revenue growth, Strong earnings growth, Cash covers debt, Low debt, Forward PE improving, Strong healthcare margin, Healthcare growth support, Controlled healthcare debt",Abnormally high dividend yield
06.09.2026 at 01:31 PM IST,MANALIPETC,Manali Petrochemicals Limited,Basic Materials,Specialty Chemicals,14886534144.0,1488.65,8.27,,1.16,10.69,,,26.87,16.94,28.42,17.1,350.6,,,6053100032.0,605.31,1370000000.0,137.0,,,,,58.0,0.46,CHEMICALS,11,18,12,0,12,5,48,11,59,"Strong operating margin, Strong revenue growth, Strong earnings growth, Cash covers debt, Low debt, Strong chemical margin, Chemical revenue growth support, Controlled chemical debt",Abnormally high dividend yield
06.09.2026 at 01:31 PM IST,SUDEEPPHRM,Sudeep Pharma Limited,Healthcare,Drug Manufacturers - Specialty & Generic,150786408448.0,15078.64,82.31,68.99,17.07,16.75,,,32.17,27.03,63.71,26.7,28.2,,,1146456064.0,114.65,1504226048.0,150.42,,,,,11.0,,PHARMA_HEALTHCARE,12,20,11,0,5,0,48,11,59,"Strong operating margin, Strong revenue growth, Strong earnings growth, Reasonable cash coverage, Low debt, Forward PE improving, Strong healthcare margin, Healthcare growth support, Controlled healthcare debt","Very high PE, Expensive price-to-book"
06.09.2026 at 01:31 PM IST,LALPATHLAB,Dr. Lal PathLabs Limited,Healthcare,Diagnostics & Research,316979609600.0,31697.96,58.34,43.57,12.62,7.83,,,25.46,18.75,60.2,19.1,27.8,,,13307490304.0,1330.75,1989939968.0,198.99,,,,,1.07,0.19,PHARMA_HEALTHCARE,12,18,12,0,6,0,48,11,59,"Strong operating margin, Strong revenue growth, Strong earnings growth, Cash covers debt, Low debt, Forward PE improving, Strong healthcare margin, Healthcare growth support, Controlled healthcare debt",Expensive price-to-book
06.09.2026 at 01:31 PM IST,SAHYADRI,Sahyadri Industries Limited,Industrials,Building Products & Equipment,4247164416.0,424.72,9.5,,1.05,4.08,,,12.9,6.19,42.7,20.5,146.1,,,460700000.0,46.07,165900000.0,16.59,,,,,1.02,0.51,CAPITAL_GOODS_INFRA,6,18,12,0,11,0,47,12,59,"Strong revenue growth, Strong earnings growth, Cash covers debt, Low debt, Strong capital goods revenue growth, Strong capital goods earnings growth, Manageable capital goods debt",
06.09.2026 at 01:31 PM IST,AJANTPHARM,Ajanta Pharma Limited,Healthcare,Drug Manufacturers - Specialty & Generic,432370745344.0,43237.07,38.12,29.68,9.55,5.87,,,25.2,19.65,77.22,24.8,30.8,,,6631099904.0,663.11,2659099904.0,265.91,,,,,1.85,0.22,PHARMA_HEALTHCARE,12,18,12,0,6,0,48,11,59,"Strong operating margin, Strong revenue growth, Strong earnings growth, Cash covers debt, Low debt, Forward PE improving, Strong healthcare margin, Healthcare growth support, Controlled healthcare debt",
06.09.2026 at 01:31 PM IST,PNGSREVA,PNGS Reva Diamond Jewellery Limited,Consumer Cyclical,Luxury Goods,16448300032.0,1644.83,19.48,,3.19,32.94,,,28.46,16.77,29.07,119.5,151.6,,,3546520064.0,354.65,1697180032.0,169.72,,,,,,,CONSUMER_DISCRETIONARY,11,20,10,0,8,0,49,10,59,"Strong operating margin, Strong revenue growth, Strong earnings growth, Cash covers debt, Low debt, Consumer discretionary growth support, Healthy discretionary margin, Controlled discretionary debt",
06.09.2026 at 01:31 PM IST,INGERRAND,Ingersoll-Rand (India) Limited,Industrials,Specialty Industrial Machinery,152473436160.0,15247.34,56.97,40.35,24.76,1.47,,,25.12,18.37,43.0,20.3,19.5,,,1575160064.0,157.52,90405000.0,9.04,,,,,1.55,0.23,CAPITAL_GOODS_INFRA,12,16,12,0,6,0,46,12,58,"Strong operating margin, Strong revenue growth, Strong earnings growth, Cash covers debt, Low debt, Forward PE improving, Strong capital goods revenue growth, Strong capital goods earnings growth, Manageable capital goods debt",Expensive price-to-book
06.09.2026 at 01:31 PM IST,MIDWESTLTD,Midwest Limited,Basic Materials,Building Materials,38229213184.0,3822.92,34.45,15.9,3.81,19.66,,,20.85,15.97,60.13,34.8,25.0,,,2287719936.0,228.77,1924140032.0,192.41,,,,,,,CEMENT_REALTY,10,20,12,0,9,0,51,7,58,"Strong operating margin, Strong revenue growth, Strong earnings growth, Cash covers debt, Low debt, Forward PE improving, Manageable cement/realty debt, Healthy cement/realty margin",
06.09.2026 at 01:31 PM IST,PSPPROJECT,PSP Projects Limited,Industrials,Engineering & Construction,35043344384.0,3504.33,47.63,17.63,2.8,26.13,,,3.72,8.63,20.04,64.8,41.09,1.48,1.22,4155002112.0,415.5,3302799872.0,330.28,,,,,,,CAPITAL_GOODS_INFRA,3,20,14,0,9,0,46,12,58,"Strong revenue growth, Strong earnings growth, Cash covers debt, Low debt, Forward PE improving, Strong capital goods revenue growth, Strong capital goods earnings growth, Manageable capital goods debt",
06.09.2026 at 01:31 PM IST,THELEELA,Leela Palaces Hotels & Resorts Limited,Consumer Cyclical,Lodging,185680592896.0,18568.06,40.97,30.35,2.88,28.07,,,31.46,27.62,73.05,28.1,386.7,,,3349169920.0,334.92,18109509632.0,1810.95,,,,,,,CONSUMER_DISCRETIONARY,12,20,7,0,9,0,48,10,58,"Strong operating margin, Strong revenue growth, Strong earnings growth, Low debt, Forward PE improving, Consumer discretionary growth support, Healthy discretionary margin, Controlled discretionary debt",
06.09.2026 at 01:31 PM IST,SJS,S.J.S. Enterprises Limited,Consumer Cyclical,Auto Parts,74818904064.0,7481.89,35.68,27.99,8.55,2.64,,,24.11,20.9,55.82,24.5,111.4,,,2489479936.0,248.95,232540000.0,23.25,,,,,15.0,0.42,AUTO,11,18,12,0,7,0,48,10,58,"Strong operating margin, Strong revenue growth, Strong earnings growth, Cash covers debt, Low debt, Forward PE improving, Auto revenue growth support, Healthy auto margin, Manageable auto debt",
06.09.2026 at 01:31 PM IST,CDSL,Central Depository Services (India) Limited,Financial Services,Capital Markets,291471392768.0,29147.14,61.74,46.89,14.87,0.11,23.91,16.64,38.09,36.92,100.0,4.2,-19.9,2.92,2.46,8091618816.0,809.16,21998000.0,2.2,2601876224.0,260.19,4666216960.0,466.62,91.0,0.39,FINANCIAL,23,2,20,20,5,13,57,1,58,"Strong ROE, Strong operating margin, Cash covers debt, Low debt, Positive operating cash flow, Positive free cash flow, Cash flow supports profitability, Forward PE improving, Strong financial ROE","Negative earnings growth, Expensive price-to-book, Abnormally high dividend yield, Expensive financial P/B"
06.09.2026 at 01:31 PM IST,BFINVEST,BF Investment Limited,Financial Services,Asset Management,17703784448.0,1770.38,4.54,,0.21,0.0,,,89.79,498.28,99.93,19.7,280.0,,,6408189952.0,640.82,1000000.0,0.1,,,,,2.13,0.31,FINANCIAL,12,18,12,0,12,0,54,4,58,"Strong operating margin, Strong revenue growth, Strong earnings growth, Cash covers debt, Low debt, Strong financial earnings growth",
06.09.2026 at 01:31 PM IST,EMMVEE,Emmvee Photovoltaic Power Limited,Technology,Solar,225254457344.0,22525.45,17.67,11.29,6.09,9.74,,,29.84,22.84,44.52,51.3,73.7,,,3837068032.0,383.71,3600599040.0,360.06,,,,,,,IT_TECH,12,20,12,0,9,0,53,5,58,"Strong operating margin, Strong revenue growth, Strong earnings growth, Cash covers debt, Low debt, Forward PE improving, Strong tech operating margin",
06.09.2026 at 01:31 PM IST,SRM,SRM Contractors Limited,Industrials,Engineering & Construction,10533373952.0,1053.34,8.93,,2.84,32.63,,,14.23,10.93,38.14,37.8,54.5,,,1840728064.0,184.07,1347470976.0,134.75,,,,,,0.53,CAPITAL_GOODS_INFRA,6,20,10,0,10,0,46,12,58,"Strong revenue growth, Strong earnings growth, Cash covers debt, Low debt, Strong capital goods revenue growth, Strong capital goods earnings growth, Manageable capital goods debt",
06.09.2026 at 01:31 PM IST,OMAXAUTO,Omax Autos Limited,Consumer Cyclical,Auto Parts,3923739904.0,392.37,9.66,,1.13,15.23,,,14.07,7.99,21.52,22.4,48.5,,,1376430976.0,137.64,528128000.0,52.81,,,,,4.1,0.52,AUTO,6,18,12,0,12,0,48,10,58,"Strong revenue growth, Strong earnings growth, Cash covers debt, Low debt, Auto revenue growth support, Healthy auto margin, Manageable auto debt",
06.09.2026 at 01:31 PM IST,ELDEHSG,Eldeco Housing and Industries Limited,Real Estate,Real Estate Services,7815268352.0,781.53,20.98,,1.96,38.58,,,35.1,19.57,59.2,71.0,381.5,,,2612278016.0,261.23,1541771008.0,154.18,,,,,1.14,0.5,CEMENT_REALTY,12,20,10,0,9,0,51,7,58,"Strong operating margin, Strong revenue growth, Strong earnings growth, Cash covers debt, Low debt, Manageable cement/realty debt, Healthy cement/realty margin",
06.09.2026 at 01:31 PM IST,BLS,BLS International Services Limited,Industrials,Specialty Business Services,99176857600.0,9917.69,14.09,11.21,4.03,15.47,,,24.78,22.21,38.27,25.3,10.8,,,15125404672.0,1512.54,4305752064.0,430.58,,,,,1.05,-0.21,CAPITAL_GOODS_INFRA,11,15,12,0,12,0,50,8,58,"Strong operating margin, Strong revenue growth, Cash covers debt, Low debt, Forward PE improving, Strong capital goods revenue growth, Manageable capital goods debt",
06.09.2026 at 01:31 PM IST,METROGLOBL,MetroGlobal Limited,Industrials,Conglomerates,1702020480.0,170.2,7.38,,0.42,0.81,,,8.83,7.0,13.85,25.6,25.0,,,753596032.0,75.36,33356000.0,3.34,,,,,1.84,0.41,CAPITAL_GOODS_INFRA,3,20,12,0,11,0,46,12,58,"Strong revenue growth, Strong earnings growth, Cash covers debt, Low debt, Strong capital goods revenue growth, Strong capital goods earnings growth, Manageable capital goods debt",
06.09.2026 at 01:31 PM IST,STEELCITY,Steel City Securities Limited,Financial Services,Capital Markets,1299210112.0,129.92,7.64,,0.94,7.16,,,43.71,24.13,98.13,27.3,66.7,,,40994000.0,4.1,98785000.0,9.88,,,,,4.68,0.23,FINANCIAL,12,20,9,0,12,0,53,4,57,"Strong operating margin, Strong revenue growth, Strong earnings growth, Low debt, Strong financial earnings growth",
06.09.2026 at 01:31 PM IST,JSLL,Jeena Sikho Lifecare Limited,Healthcare,Medical Care Facilities,64630165504.0,6463.02,27.37,14.52,13.84,27.26,,,34.17,27.78,88.39,28.8,28.4,,,2039462016.0,203.95,1272976000.0,127.3,,,,,87.0,1.03,PHARMA_HEALTHCARE,12,20,10,0,9,5,46,11,57,"Strong operating margin, Strong revenue growth, Strong earnings growth, Cash covers debt, Low debt, Forward PE improving, Strong healthcare margin, Healthcare growth support, Controlled healthcare debt","Expensive price-to-book, Abnormally high dividend yield"
06.09.2026 at 01:31 PM IST,ELLEN,Ellenbarrie Industrial Gases Limited,Basic Materials,Chemicals,46663778304.0,4666.38,38.54,27.14,4.78,18.87,,,31.76,33.83,65.25,18.0,74.6,,,841969984.0,84.2,1844169984.0,184.42,,,,,,,CHEMICALS,12,18,9,0,7,0,46,11,57,"Strong operating margin, Strong revenue growth, Strong earnings growth, Low debt, Forward PE improving, Strong chemical margin, Chemical revenue growth support, Controlled chemical debt",
06.09.2026 at 01:31 PM IST,BAJAJCON,Bajaj Consumer Care Limited,Consumer Defensive,Household & Personal Products,67399053312.0,6739.91,30.68,22.79,9.15,2.09,,,23.29,18.06,61.47,28.1,95.7,,,4060763904.0,406.08,157972992.0,15.8,,,,,,0.92,FMCG_CONSUMER,11,20,12,0,7,0,50,7,57,"Strong operating margin, Strong revenue growth, Strong earnings growth, Cash covers debt, Low debt, Forward PE improving, Healthy consumer margins, Low debt consumer business",
06.09.2026 at 01:31 PM IST,MEIL,Mangal Electrical Industries Limited,Industrials,Electrical Equipment & Parts,7929845760.0,792.98,15.25,,1.32,7.7,,,8.06,7.62,20.08,40.3,49.5,,,909196032.0,90.92,454305984.0,45.43,,,,,,,CAPITAL_GOODS_INFRA,3,20,12,0,10,0,45,12,57,"Strong revenue growth, Strong earnings growth, Cash covers debt, Low debt, Strong capital goods revenue growth, Strong capital goods earnings growth, Manageable capital goods debt",
06.09.2026 at 01:31 PM IST,APCOTEXIND,Apcotex Industries Limited,Basic Materials,Specialty Chemicals,32869703680.0,3286.97,20.4,22.64,5.29,15.52,,,19.78,10.13,32.81,39.9,311.6,,,542857984.0,54.29,963923968.0,96.39,,,,,1.26,0.22,CHEMICALS,8,20,11,0,7,0,46,11,57,"Strong operating margin, Strong revenue growth, Strong earnings growth, Reasonable cash coverage, Low debt, Strong chemical margin, Chemical revenue growth support, Controlled chemical debt",
06.09.2026 at 01:31 PM IST,TIIL,Technocraft Industries (India) Limited,Industrials,Tools & Accessories,72376107008.0,7237.61,21.31,16.07,3.58,40.16,,,18.48,11.59,58.3,27.2,68.4,,,2371372032.0,237.14,8299086848.0,829.91,,,,,1.25,0.37,CAPITAL_GOODS_INFRA,8,20,7,0,10,0,45,12,57,"Strong operating margin, Strong revenue growth, Strong earnings growth, Low debt, Forward PE improving, Strong capital goods revenue growth, Strong capital goods earnings growth, Manageable capital goods debt",
06.09.2026 at 01:31 PM IST,GLAXO,GlaxoSmithKline Pharmaceuticals Limited,Healthcare,Drug Manufacturers - General,500425424896.0,50042.54,46.88,37.31,22.07,1.47,,,29.8,27.01,64.2,16.6,15.7,,,27567996928.0,2756.8,332721984.0,33.27,,,,,1.93,0.08,PHARMA_HEALTHCARE,12,16,12,0,6,0,46,11,57,"Strong operating margin, Strong revenue growth, Strong earnings growth, Cash covers debt, Low debt, Forward PE improving, Strong healthcare margin, Healthcare growth support, Controlled healthcare debt",Expensive price-to-book
06.09.2026 at 01:31 PM IST,EICHERMOT,Eicher Motors Limited,Consumer Cyclical,Auto Manufacturers,2094737784832.0,209473.78,36.36,28.09,8.34,2.05,,,19.8,23.21,42.31,31.5,21.3,,,60782301184.0,6078.23,5139500032.0,513.95,,,,,1.07,0.22,AUTO,11,18,12,0,6,0,47,10,57,"Strong operating margin, Strong revenue growth, Strong earnings growth, Cash covers debt, Low debt, Forward PE improving, Auto revenue growth support, Healthy auto margin, Manageable auto debt",
06.09.2026 at 01:31 PM IST,BALAMINES,Balaji Amines Limited,Basic Materials,Specialty Chemicals,81520918528.0,8152.09,40.01,27.42,4.12,6.19,,,22.39,13.41,44.54,27.2,97.2,,,2697871872.0,269.79,1332786944.0,133.28,,,,,44.0,0.86,CHEMICALS,10,20,12,0,9,5,46,11,57,"Strong operating margin, Strong revenue growth, Strong earnings growth, Cash covers debt, Low debt, Forward PE improving, Strong chemical margin, Chemical revenue growth support, Controlled chemical debt",Abnormally high dividend yield
06.09.2026 at 01:31 PM IST,DYCL,Dynamic Cables Limited,Industrials,Electrical Equipment & Parts,23647815680.0,2364.78,25.92,,5.17,9.42,,,10.06,7.1,19.32,33.2,37.0,,,424360992.0,42.44,430915008.0,43.09,,,,,10.0,0.12,CAPITAL_GOODS_INFRA,6,20,11,0,8,0,45,12,57,"Strong revenue growth, Strong earnings growth, Reasonable cash coverage, Low debt, Strong capital goods revenue growth, Strong capital goods earnings growth, Manageable capital goods debt",
06.09.2026 at 01:31 PM IST,OBEROIRLTY,Oberoi Realty Limited,Real Estate,Real Estate - Development,681972334592.0,68197.23,25.91,17.55,3.81,15.77,,,53.74,41.59,62.61,31.7,28.9,,,32888037376.0,3288.8,28253941760.0,2825.39,,,,,43.0,0.32,CEMENT_REALTY,12,20,12,0,11,5,50,7,57,"Strong operating margin, Strong revenue growth, Strong earnings growth, Cash covers debt, Low debt, Forward PE improving, Manageable cement/realty debt, Healthy cement/realty margin",Abnormally high dividend yield
06.09.2026 at 01:31 PM IST,SHAREINDIA,Share India Securities Limited,Financial Services,Capital Markets,37224411136.0,3722.44,10.27,,1.43,27.93,,,40.55,25.61,65.51,32.9,47.0,,,34414874624.0,3441.49,7413736960.0,741.37,,,,,1.17,-0.13,FINANCIAL,12,20,10,0,11,0,53,4,57,"Strong operating margin, Strong revenue growth, Strong earnings growth, Cash covers debt, Low debt, Strong financial earnings growth",
06.09.2026 at 01:31 PM IST,SUZLON,Suzlon Energy Limited,Industrials,Specialty Industrial Machinery,623371157504.0,62337.12,19.8,21.43,6.38,2.81,39.37,,13.05,18.09,34.49,22.5,-8.3,1.97,1.11,25990000640.0,2599.0,2769999872.0,277.0,,,,,,0.65,CAPITAL_GOODS_INFRA,17,8,18,0,6,0,49,8,57,"Strong ROE, Strong revenue growth, Cash covers debt, Low debt, Strong capital goods revenue growth, Manageable capital goods debt",Negative earnings growth
06.09.2026 at 01:31 PM IST,IOB,Indian Overseas Bank,Financial Services,Banks - Regional,645095751680.0,64509.58,11.24,37.22,1.66,,16.53,1.33,37.08,36.56,0.0,48.1,45.9,,,197357092864.0,19735.71,472398987264.0,47239.9,,,,,,0.24,BANK,16,20,0,0,10,0,46,11,57,"Strong operating margin, Strong revenue growth, Strong earnings growth, Strong bank ROE, Healthy bank ROA",Forward PE deterioration
06.09.2026 at 01:31 PM IST,STYLAMIND,Stylam Industries Limited,Consumer Cyclical,"Furnishings, Fixtures & Appliances",57658003456.0,5765.8,34.02,23.86,7.21,3.6,,,19.73,14.47,47.19,15.4,71.2,,,685825984.0,68.58,290889984.0,29.09,,,,,,0.25,CONSUMER_DISCRETIONARY,10,18,12,0,7,0,47,10,57,"Strong operating margin, Strong revenue growth, Strong earnings growth, Cash covers debt, Low debt, Forward PE improving, Consumer discretionary growth support, Healthy discretionary margin, Controlled discretionary debt",
06.09.2026 at 01:31 PM IST,SCI,The Shipping Corporation of India Limited,Industrials,Marine Shipping,137923084288.0,13792.31,8.52,89.73,1.52,29.45,,,32.52,1.1,23.03,40.3,75.0,0.65,0.5,4349899776.0,434.99,26792499200.0,2679.25,,,,,2.54,,CAPITAL_GOODS_INFRA,6,20,7,0,12,0,45,12,57,"Strong operating margin, Strong revenue growth, Strong earnings growth, Low debt, Strong capital goods revenue growth, Strong capital goods earnings growth, Manageable capital goods debt",Forward PE deterioration
06.09.2026 at 01:31 PM IST,QPOWER,Quality Power Electrical Equipments Limited,Industrials,Electrical Equipment & Parts,115802161152.0,11580.22,86.94,36.74,21.36,5.2,,,15.95,13.29,40.33,31.7,49.5,,,2530749952.0,253.07,401750016.0,40.18,,,,,8.0,,CAPITAL_GOODS_INFRA,8,20,12,0,5,0,45,12,57,"Strong revenue growth, Strong earnings growth, Cash covers debt, Low debt, Forward PE improving, Strong capital goods revenue growth, Strong capital goods earnings growth, Manageable capital goods debt","Very high PE, Expensive price-to-book"
06.09.2026 at 01:31 PM IST,TDPOWERSYS,TD Power Systems Limited,Industrials,Specialty Industrial Machinery,231061848064.0,23106.18,83.94,49.71,21.56,1.69,,,17.88,12.95,32.66,72.1,72.0,,,1436436992.0,143.64,181074000.0,18.11,,,,,14.0,0.57,CAPITAL_GOODS_INFRA,8,20,12,0,5,0,45,12,57,"Strong revenue growth, Strong earnings growth, Cash covers debt, Low debt, Forward PE improving, Strong capital goods revenue growth, Strong capital goods earnings growth, Manageable capital goods debt","Very high PE, Expensive price-to-book"
06.09.2026 at 01:31 PM IST,ACE,Action Construction Equipment Limited,Industrials,Farm & Heavy Construction Machinery,134144425984.0,13414.44,30.72,23.93,6.67,0.39,,,13.84,12.8,32.23,20.5,22.3,,,6374600192.0,637.46,79000000.0,7.9,,,,,18.0,0.39,CAPITAL_GOODS_INFRA,8,16,12,0,9,0,45,12,57,"Strong revenue growth, Strong earnings growth, Cash covers debt, Low debt, Forward PE improving, Strong capital goods revenue growth, Strong capital goods earnings growth, Manageable capital goods debt",
06.09.2026 at 01:31 PM IST,RADHIKAJWE,Radhika Jeweltech Limited,Consumer Cyclical,Luxury Goods,9946252288.0,994.63,12.49,,2.5,14.61,,,19.83,11.47,21.77,53.9,25.8,,,56496000.0,5.65,581444992.0,58.14,,,,,,0.72,CONSUMER_DISCRETIONARY,8,20,9,0,10,0,47,10,57,"Strong operating margin, Strong revenue growth, Strong earnings growth, Low debt, Consumer discretionary growth support, Healthy discretionary margin, Controlled discretionary debt",
06.09.2026 at 01:31 PM IST,BALUFORGE,Balu Forge Industries Limited,Industrials,Metal Fabrication,66379075584.0,6637.91,23.72,,3.75,9.52,,,27.09,22.81,35.57,29.0,88.0,,,889985984.0,89.0,1518694016.0,151.87,,,,,3.0,0.63,METALS_MINING,12,20,11,0,8,0,51,6,57,"Strong operating margin, Strong revenue growth, Strong earnings growth, Reasonable cash coverage, Low debt, Controlled metal sector debt, Commodity dividend support",
06.09.2026 at 01:31 PM IST,SHRIRAMFIN,Shriram Finance Limited,Financial Services,Credit Services,2449419272192.0,244941.93,18.38,11.72,2.97,276.21,18.5,,68.52,50.01,96.81,42.8,29.5,,,104298799104.0,10429.88,1820772663296.0,182077.27,,,,,1.33,0.61,FINANCIAL,18,20,0,0,14,8,44,13,57,"Strong ROE, Strong operating margin, Strong revenue growth, Strong earnings growth, Forward PE improving, Financial leverage treated differently, Strong financial ROE, Strong financial earnings growth",Very high debt
06.09.2026 at 01:31 PM IST,GALAXYSURF,Galaxy Surfactants Limited,Basic Materials,Specialty Chemicals,77025452032.0,7702.55,21.81,20.17,2.81,8.58,,,11.97,6.15,25.84,39.4,108.1,,,7468000256.0,746.8,2354700032.0,235.47,,,,,1.02,0.5,CHEMICALS,6,20,12,0,12,0,50,7,57,"Strong revenue growth, Strong earnings growth, Cash covers debt, Low debt, Forward PE improving, Chemical revenue growth support, Controlled chemical debt",
06.09.2026 at 01:31 PM IST,CARERATING,CARE Ratings Limited,Financial Services,Financial Data & Stock Exchanges,52134969344.0,5213.5,29.38,22.22,5.58,2.78,,,27.56,36.19,54.75,18.9,25.0,,,6193052160.0,619.31,261840000.0,26.18,,,,,1.27,0.35,FINANCIAL,12,18,12,0,10,0,52,4,56,"Strong operating margin, Strong revenue growth, Strong earnings growth, Cash covers debt, Low debt, Forward PE improving, Strong financial earnings growth",
06.09.2026 at 01:31 PM IST,VIDHIING,Vidhi Specialty Food Ingredients Limited,Basic Materials,Specialty Chemicals,17338406912.0,1733.84,32.5,,5.29,17.58,,,16.3,12.17,39.87,66.4,35.0,,,199635008.0,19.96,576254016.0,57.63,,,,,2.01,0.03,CHEMICALS,8,20,9,0,8,0,45,11,56,"Strong revenue growth, Strong earnings growth, Low debt, Strong chemical margin, Chemical revenue growth support, Controlled chemical debt",
06.09.2026 at 01:31 PM IST,TALBROAUTO,Talbros Automotive Components Limited,Consumer Cyclical,Auto Parts,25185085440.0,2518.51,22.49,,3.39,11.27,,,12.84,12.41,48.52,15.3,35.0,,,1137810944.0,113.78,836984000.0,83.7,,,,,18.0,0.42,AUTO,8,18,12,0,8,0,46,10,56,"Strong revenue growth, Strong earnings growth, Cash covers debt, Low debt, Auto revenue growth support, Healthy auto margin, Manageable auto debt",
06.09.2026 at 01:31 PM IST,GULFOILLUB,Gulf Oil Lubricants India Limited,Basic Materials,Specialty Chemicals,53222637568.0,5322.26,14.29,10.28,3.45,35.78,,,11.02,8.58,42.17,30.6,28.0,,,11572824064.0,1157.28,5666444800.0,566.64,,,,,5.62,0.61,CHEMICALS,6,20,10,0,13,0,49,7,56,"Strong revenue growth, Strong earnings growth, Cash covers debt, Low debt, Forward PE improving, Chemical revenue growth support, Controlled chemical debt",
06.09.2026 at 01:31 PM IST,DIVGIITTS,Divgi TorqTransfer Systems Limited,Consumer Cyclical,Auto Parts,37470203904.0,3747.02,59.36,36.9,5.9,0.28,,,21.29,15.12,61.4,91.3,182.5,,,2945230080.0,294.52,17700000.0,1.77,,,,,26.0,0.44,AUTO,10,20,12,0,9,5,46,10,56,"Strong operating margin, Strong revenue growth, Strong earnings growth, Cash covers debt, Low debt, Forward PE improving, Auto revenue growth support, Healthy auto margin, Manageable auto debt",Abnormally high dividend yield
06.09.2026 at 01:31 PM IST,DRCSYSTEMS,DRC Systems India Limited,Technology,Information Technology Services,1981118208.0,198.11,9.42,,1.76,0.37,,,20.16,20.35,35.54,27.8,15.2,,,31220000.0,3.12,4170000.0,0.42,,,,,,0.61,IT_TECH,11,18,12,0,10,0,51,5,56,"Strong operating margin, Strong revenue growth, Strong earnings growth, Cash covers debt, Low debt, Strong tech operating margin",
06.09.2026 at 01:31 PM IST,EUROPRATIK,Euro Pratik Sales Limited,Basic Materials,Building Materials,26776399872.0,2677.64,31.04,,8.66,7.64,,,24.21,23.06,45.13,60.1,93.7,,,326020992.0,32.6,244848000.0,24.48,,,,,15.0,,CEMENT_REALTY,11,20,12,0,6,0,49,7,56,"Strong operating margin, Strong revenue growth, Strong earnings growth, Cash covers debt, Low debt, Manageable cement/realty debt, Healthy cement/realty margin",
06.09.2026 at 01:31 PM IST,JARO,Jaro Institute of Technology Management and Research Limited,Consumer Defensive,Education & Training Services,9912549376.0,991.25,16.82,,2.69,2.16,,,18.48,19.92,99.4,16.6,41.4,,,944264000.0,94.43,77805000.0,7.78,,,,,1.35,,GENERAL,11,18,12,0,11,0,52,4,56,"Strong operating margin, Strong revenue growth, Strong earnings growth, Cash covers debt, Low debt, General low debt support, General growth support",
06.09.2026 at 01:31 PM IST,GARFIBRES,Garware Technical Fibres Limited,Consumer Cyclical,Textile Manufacturing,77630431232.0,7763.04,37.48,26.95,5.82,3.16,,,16.74,12.78,70.3,31.4,22.6,,,4203898880.0,420.39,428150016.0,42.82,,,,,1.12,0.04,CONSUMER_DISCRETIONARY,8,18,12,0,8,0,46,10,56,"Strong revenue growth, Strong earnings growth, Cash covers debt, Low debt, Forward PE improving, Consumer discretionary growth support, Healthy discretionary margin, Controlled discretionary debt",
06.09.2026 at 01:31 PM IST,ARE&M,Amara Raja Energy & Mobility Limited,Industrials,Electrical Equipment & Parts,158298636288.0,15829.86,17.17,14.78,1.95,5.01,,,5.86,6.3,31.52,23.9,15.9,,,3635899904.0,363.59,4061600000.0,406.16,,,,,1.23,0.81,CAPITAL_GOODS_INFRA,3,16,11,0,14,0,44,12,56,"Strong revenue growth, Strong earnings growth, Reasonable cash coverage, Low debt, Forward PE improving, Strong capital goods revenue growth, Strong capital goods earnings growth, Manageable capital goods debt",
06.09.2026 at 01:31 PM IST,FINCABLES,Finolex Cables Limited,Industrials,Electrical Equipment & Parts,187350695936.0,18735.07,23.4,16.85,3.08,0.31,,,11.06,11.53,18.69,44.3,53.2,,,20693999616.0,2069.4,191400000.0,19.14,,,,,74.0,0.62,CAPITAL_GOODS_INFRA,6,20,12,0,11,5,44,12,56,"Strong revenue growth, Strong earnings growth, Cash covers debt, Low debt, Forward PE improving, Strong capital goods revenue growth, Strong capital goods earnings growth, Manageable capital goods debt",Abnormally high dividend yield
06.09.2026 at 01:31 PM IST,RAMCOIND,Ramco Industries Limited,Industrials,Building Products & Equipment,28132325376.0,2813.23,8.58,28.12,0.62,3.79,,,16.13,17.38,43.5,17.3,31.9,,,1369900032.0,136.99,1714700032.0,171.47,,,,,39.0,0.34,CAPITAL_GOODS_INFRA,8,18,11,0,12,5,44,12,56,"Strong revenue growth, Strong earnings growth, Reasonable cash coverage, Low debt, Strong capital goods revenue growth, Strong capital goods earnings growth, Manageable capital goods debt","Forward PE deterioration, Abnormally high dividend yield"
06.09.2026 at 01:31 PM IST,LUPIN,Lupin Limited,Healthcare,Drug Manufacturers - Specialty & Generic,964830953472.0,96483.1,17.48,20.64,4.3,29.39,,,25.35,18.45,72.36,32.0,16.0,,,78946500608.0,7894.65,66161799168.0,6616.18,,,,,85.0,0.16,PHARMA_HEALTHCARE,12,18,10,0,10,5,45,11,56,"Strong operating margin, Strong revenue growth, Strong earnings growth, Cash covers debt, Low debt, Strong healthcare margin, Healthcare growth support, Controlled healthcare debt",Abnormally high dividend yield
06.09.2026 at 01:31 PM IST,DVL,Dhunseri Ventures Limited,Financial Services,Capital Markets,10227227648.0,1022.72,5.41,,0.31,28.95,,,42.63,39.07,39.46,32.5,144.5,,,8078050816.0,807.81,9518196736.0,951.82,,,,,1.72,0.74,FINANCIAL,12,20,9,0,11,0,52,4,56,"Strong operating margin, Strong revenue growth, Strong earnings growth, Reasonable cash coverage, Low debt, Strong financial earnings growth",
06.09.2026 at 01:31 PM IST,PARKHOSPS,Park Medi World Limited,Healthcare,Medical Care Facilities,123748196352.0,12374.82,43.67,27.03,5.64,17.31,,,22.55,16.09,63.5,19.3,20.6,,,4313860096.0,431.39,3641860096.0,364.19,,,,,,,PHARMA_HEALTHCARE,10,16,12,0,7,0,45,11,56,"Strong operating margin, Strong revenue growth, Strong earnings growth, Cash covers debt, Low debt, Forward PE improving, Strong healthcare margin, Healthcare growth support, Controlled healthcare debt",
06.09.2026 at 01:31 PM IST,GNA,G N A Axles Limited,Consumer Cyclical,Auto Parts,23783663616.0,2378.37,17.99,14.97,2.37,,12.29,6.51,12.6,8.08,36.9,,,2.37,1.75,,,,,69461000.0,6.95,2139126016.0,213.91,54.0,0.49,AUTO,12,0,8,20,15,5,50,6,56,"Positive operating cash flow, Positive free cash flow, Cash flow supports profitability, Forward PE improving, Healthy auto margin, Auto cashflow support",Abnormally high dividend yield
06.09.2026 at 01:31 PM IST,GOLDIAM,Goldiam International Limited,Consumer Cyclical,Luxury Goods,52092764160.0,5209.28,24.93,,4.71,6.93,,,18.8,19.66,33.07,41.9,107.9,,,4788722176.0,478.87,770134976.0,77.01,,,,,81.0,1.03,CONSUMER_DISCRETIONARY,11,20,12,0,8,5,46,10,56,"Strong operating margin, Strong revenue growth, Strong earnings growth, Cash covers debt, Low debt, Consumer discretionary growth support, Healthy discretionary margin, Controlled discretionary debt",Abnormally high dividend yield
06.09.2026 at 01:31 PM IST,DIFFNKG,Diffusion Engineers Limited,Industrials,Specialty Industrial Machinery,17701799936.0,1770.18,32.39,,4.39,7.06,,,11.15,12.55,32.07,36.5,37.1,,,975630016.0,97.56,286240000.0,28.62,,,,,32.0,,CAPITAL_GOODS_INFRA,8,20,12,0,8,5,43,12,55,"Strong revenue growth, Strong earnings growth, Cash covers debt, Low debt, Strong capital goods revenue growth, Strong capital goods earnings growth, Manageable capital goods debt",Abnormally high dividend yield
06.09.2026 at 01:31 PM IST,ATUL,Atul Ltd,Basic Materials,Specialty Chemicals,187720630272.0,18772.06,23.6,20.56,3.02,2.91,,,17.07,11.97,35.05,25.0,92.0,,,17399099392.0,1739.91,1830200064.0,183.02,,,,,47.0,0.19,CHEMICALS,6,20,12,0,11,5,44,11,55,"Strong revenue growth, Strong earnings growth, Cash covers debt, Low debt, Forward PE improving, Strong chemical margin, Chemical revenue growth support, Controlled chemical debt",Abnormally high dividend yield
06.09.2026 at 01:31 PM IST,BORANA,Borana Weaves Limited,Consumer Cyclical,Textile Manufacturing,8201421824.0,820.14,11.84,,2.92,25.15,,,19.69,16.87,42.6,24.5,35.8,,,16845000.0,1.68,708124992.0,70.81,,,,,,,CONSUMER_DISCRETIONARY,10,18,7,0,10,0,45,10,55,"Strong operating margin, Strong revenue growth, Strong earnings growth, Low debt, Consumer discretionary growth support, Healthy discretionary margin, Controlled discretionary debt",
06.09.2026 at 01:31 PM IST,NILKAMAL,Nilkamal Limited,Consumer Cyclical,"Furnishings, Fixtures & Appliances",31459786752.0,3145.98,25.13,17.99,1.99,26.5,7.57,4.61,6.07,3.06,42.72,8.0,22.0,2.33,1.06,1053363008.0,105.34,4183930112.0,418.39,1655229440.0,165.52,3055556096.0,305.56,94.0,0.32,CONSUMER_DISCRETIONARY,0,13,14,17,13,5,52,3,55,"Strong earnings growth, Low debt, Positive operating cash flow, Positive free cash flow, Forward PE improving, Controlled discretionary debt",Abnormally high dividend yield
06.09.2026 at 01:31 PM IST,HSCL,Himadri Speciality Chemical Limited,Basic Materials,Specialty Chemicals,338367414272.0,33836.74,42.18,32.55,7.19,16.17,,,20.38,16.07,36.82,28.0,24.7,,,3485694976.0,348.57,7699798016.0,769.98,,,,,12.0,0.23,CHEMICALS,10,18,9,0,7,0,44,11,55,"Strong operating margin, Strong revenue growth, Strong earnings growth, Low debt, Forward PE improving, Strong chemical margin, Chemical revenue growth support, Controlled chemical debt",
06.09.2026 at 01:31 PM IST,CAPLIPOINT,Caplin Point Laboratories Limited,Healthcare,Drug Manufacturers - Specialty & Generic,212376682496.0,21237.67,31.96,25.24,6.05,0.13,,,31.43,29.09,59.97,19.6,15.9,,,10067500032.0,1006.75,46100000.0,4.61,,,,,28.0,0.37,PHARMA_HEALTHCARE,12,16,12,0,9,5,44,11,55,"Strong operating margin, Strong revenue growth, Strong earnings growth, Cash covers debt, Low debt, Forward PE improving, Strong healthcare margin, Healthcare growth support, Controlled healthcare debt",Abnormally high dividend yield
06.09.2026 at 01:31 PM IST,SREEL,Sreeleathers Limited,Consumer Cyclical,Footwear & Accessories,6117554688.0,611.76,18.42,33.96,1.23,0.45,,,15.52,12.38,26.6,20.3,137.8,,,101214000.0,10.12,22136000.0,2.21,,,,,75.0,0.12,CONSUMER_DISCRETIONARY,8,18,12,0,12,5,45,10,55,"Strong revenue growth, Strong earnings growth, Cash covers debt, Low debt, Consumer discretionary growth support, Healthy discretionary margin, Controlled discretionary debt","Forward PE deterioration, Abnormally high dividend yield"
06.09.2026 at 01:31 PM IST,KEI,KEI Industries Limited,Industrials,Electrical Equipment & Parts,463662874624.0,46366.29,46.51,33.06,6.96,3.8,,,11.53,8.08,23.88,23.0,40.0,,,15126429696.0,1512.64,2530240000.0,253.02,,,,,9.0,0.54,CAPITAL_GOODS_INFRA,6,18,12,0,7,0,43,12,55,"Strong revenue growth, Strong earnings growth, Cash covers debt, Low debt, Forward PE improving, Strong capital goods revenue growth, Strong capital goods earnings growth, Manageable capital goods debt",
06.09.2026 at 01:31 PM IST,IKS,Inventurus Knowledge Solutions Limited,Healthcare,Health Information Services,293894291456.0,29389.43,39.19,25.7,10.47,26.87,,,29.17,22.82,49.59,20.7,27.9,,,6089560064.0,608.96,7525150208.0,752.52,,,,,,,PHARMA_HEALTHCARE,12,18,9,0,5,0,44,11,55,"Strong operating margin, Strong revenue growth, Strong earnings growth, Reasonable cash coverage, Low debt, Forward PE improving, Strong healthcare margin, Healthcare growth support, Controlled healthcare debt",Expensive price-to-book
06.09.2026 at 01:31 PM IST,GLAND,Gland Pharma Limited,Healthcare,Drug Manufacturers - Specialty & Generic,484952473600.0,48495.25,43.03,30.49,4.68,2.74,,,21.0,16.78,59.16,19.6,46.9,,,33591060480.0,3359.11,2835899904.0,283.59,,,,,68.0,0.59,PHARMA_HEALTHCARE,10,18,12,0,9,5,44,11,55,"Strong operating margin, Strong revenue growth, Strong earnings growth, Cash covers debt, Low debt, Forward PE improving, Strong healthcare margin, Healthcare growth support, Controlled healthcare debt",Abnormally high dividend yield
06.09.2026 at 01:31 PM IST,VEEDOL,Veedol Corporation Limited,Basic Materials,Specialty Chemicals,25028329472.0,2502.83,11.38,,2.42,1.53,,,14.81,9.72,40.98,18.5,56.9,,,2252800000.0,225.28,158900000.0,15.89,,,,,3.93,0.55,CHEMICALS,6,18,12,0,12,0,48,7,55,"Strong revenue growth, Strong earnings growth, Cash covers debt, Low debt, Chemical revenue growth support, Controlled chemical debt",
06.09.2026 at 01:31 PM IST,GUJALKALI,Gujarat Alkalies and Chemicals Limited,Basic Materials,Chemicals,52911304704.0,5291.13,79.88,8.32,1.38,6.13,,,29.21,18.39,52.22,395.7,5.19,,,1647000064.0,164.7,2341400064.0,234.14,,,,,2.45,,CHEMICALS,12,12,11,0,9,0,44,11,55,"Strong operating margin, Strong revenue growth, Reasonable cash coverage, Low debt, Forward PE improving, Strong chemical margin, Chemical revenue growth support, Controlled chemical debt",
06.09.2026 at 01:31 PM IST,CARTRADE,CarTrade Tech Limited,Consumer Cyclical,Auto & Truck Dealerships,145633132544.0,14563.31,64.56,37.83,5.79,5.36,,,25.95,28.66,60.94,16.3,22.4,,,9444602880.0,944.46,1404294016.0,140.43,,,,,,0.02,AUTO,12,16,12,0,5,0,45,10,55,"Strong operating margin, Strong revenue growth, Strong earnings growth, Cash covers debt, Low debt, Forward PE improving, Auto revenue growth support, Healthy auto margin, Manageable auto debt",
06.09.2026 at 01:31 PM IST,PARAS,Paras Defence and Space Technologies Limited,Industrials,Aerospace & Defense,113990778880.0,11399.08,120.49,85.21,15.7,3.73,,,21.44,18.47,50.81,37.3,42.5,,,1194499968.0,119.45,270600000.0,27.06,,,,,7.0,0.54,CAPITAL_GOODS_INFRA,11,20,12,0,5,5,43,12,55,"Strong operating margin, Strong revenue growth, Strong earnings growth, Cash covers debt, Low debt, Forward PE improving, Strong capital goods revenue growth, Strong capital goods earnings growth, Manageable capital goods debt","Very high PE, Expensive price-to-book"
06.09.2026 at 01:31 PM IST,DIVISLAB,Divi's Laboratories Limited,Healthcare,Drug Manufacturers - Specialty & Generic,2415763914752.0,241576.39,82.64,60.48,14.41,0.04,,,36.66,26.05,61.24,27.8,65.7,,,32330000384.0,3233.0,70000000.0,7.0,,,,,33.0,0.24,PHARMA_HEALTHCARE,12,20,12,0,5,5,44,11,55,"Strong operating margin, Strong revenue growth, Strong earnings growth, Cash covers debt, Low debt, Forward PE improving, Strong healthcare margin, Healthcare growth support, Controlled healthcare debt","Very high PE, Expensive price-to-book, Abnormally high dividend yield"
06.09.2026 at 01:31 PM IST,VIJAYA,Vijaya Diagnostic Centre Limited,Healthcare,Diagnostics & Research,153466585088.0,15346.66,81.78,54.26,16.01,44.15,,,31.79,21.87,88.47,22.8,37.3,,,2891252992.0,289.13,4225850112.0,422.59,,,,,13.0,0.36,PHARMA_HEALTHCARE,12,18,9,0,5,0,44,11,55,"Strong operating margin, Strong revenue growth, Strong earnings growth, Reasonable cash coverage, Low debt, Forward PE improving, Strong healthcare margin, Healthcare growth support, Controlled healthcare debt","Very high PE, Expensive price-to-book"
06.09.2026 at 01:31 PM IST,SAREGAMA,Saregama India Limited,Communication Services,Entertainment,94328889344.0,9432.89,42.62,31.4,5.67,4.28,,,26.43,21.31,51.86,27.5,41.6,,,2170899968.0,217.09,725800000.0,72.58,,,,,1.83,0.62,TELECOM,12,20,12,0,8,0,52,3,55,"Strong operating margin, Strong revenue growth, Strong earnings growth, Cash covers debt, Low debt, Forward PE improving, Telecom revenue growth support",
06.09.2026 at 01:31 PM IST,HAPPYFORGE,Happy Forgings Limited,Industrials,Metal Fabrication,211408371712.0,21140.84,64.55,43.46,9.93,15.49,,,25.5,19.94,57.76,27.0,39.1,,,4055664128.0,405.57,3296225024.0,329.62,,,,,18.0,0.83,METALS_MINING,12,20,12,0,5,0,49,6,55,"Strong operating margin, Strong revenue growth, Strong earnings growth, Cash covers debt, Low debt, Forward PE improving, Controlled metal sector debt, Commodity dividend support",
06.09.2026 at 01:31 PM IST,SRF,SRF Limited,Industrials,Conglomerates,754946146304.0,75494.61,34.97,28.24,5.38,36.2,,,22.17,12.72,48.32,31.8,75.6,,,12392899584.0,1239.29,50827898880.0,5082.79,,,,,39.0,0.13,CAPITAL_GOODS_INFRA,10,20,7,0,11,5,43,12,55,"Strong operating margin, Strong revenue growth, Strong earnings growth, Low debt, Forward PE improving, Strong capital goods revenue growth, Strong capital goods earnings growth, Manageable capital goods debt",Abnormally high dividend yield
06.09.2026 at 01:31 PM IST,CPPLUS,Aditya Infotech Limited,Industrials,Building Products & Equipment,438303096832.0,43830.31,91.75,49.14,23.25,9.6,,,13.61,9.77,30.2,89.5,303.7,,,2882299904.0,288.23,1802599936.0,180.26,,,,,4.0,,CAPITAL_GOODS_INFRA,6,20,12,0,5,0,43,12,55,"Strong revenue growth, Strong earnings growth, Cash covers debt, Low debt, Forward PE improving, Strong capital goods revenue growth, Strong capital goods earnings growth, Manageable capital goods debt","Very high PE, Expensive price-to-book"
06.09.2026 at 01:31 PM IST,SUNTV,Sun TV Network Limited,Communication Services,Broadcasting,185870008320.0,18587.0,12.14,10.6,1.47,0.84,,,43.87,33.97,67.47,13.0,17.0,,,65495998464.0,6549.6,1059299968.0,105.93,,,,,4.25,0.13,TELECOM,12,13,12,0,15,0,52,3,55,"Strong operating margin, Strong earnings growth, Cash covers debt, Low debt, Forward PE improving, Telecom revenue growth support",
06.09.2026 at 01:31 PM IST,NOVARTIND,Novartis India Limited,Healthcare,Drug Manufacturers - Specialty & Generic,40813887488.0,4081.39,41.83,,4.99,0.39,,,33.22,26.38,44.07,18.6,16.6,,,6677000192.0,667.7,32100000.0,3.21,,,,,,0.32,PHARMA_HEALTHCARE,12,16,12,0,4,0,44,11,55,"Strong operating margin, Strong revenue growth, Strong earnings growth, Cash covers debt, Low debt, Strong healthcare margin, Healthcare growth support, Controlled healthcare debt",
06.09.2026 at 01:31 PM IST,DOLATALGO,Dolat Algotech Limited,Financial Services,Capital Markets,12390400000.0,1239.04,8.61,,1.1,25.08,,,59.85,36.96,100.0,28.8,39.1,,,82770000.0,8.28,2837120000.0,283.71,,,,,14.0,0.08,FINANCIAL,12,20,7,0,12,0,51,4,55,"Strong operating margin, Strong revenue growth, Strong earnings growth, Low debt, Strong financial earnings growth",
06.09.2026 at 01:31 PM IST,ASIANPAINT,Asian Paints Limited,Basic Materials,Specialty Chemicals,2422781771776.0,242278.18,50.76,41.71,11.34,17.85,,,17.69,12.81,43.53,17.9,39.9,,,86016401408.0,8601.64,39289298944.0,3928.93,,,,,1.09,0.28,CHEMICALS,8,18,12,0,6,0,44,11,55,"Strong revenue growth, Strong earnings growth, Cash covers debt, Low debt, Forward PE improving, Strong chemical margin, Chemical revenue growth support, Controlled chemical debt",Expensive price-to-book
06.09.2026 at 01:31 PM IST,GANDHITUBE,Gandhi Special Tubes Limited,Industrials,Metal Fabrication,10155509760.0,1015.55,14.64,,3.46,0.03,,,45.09,37.19,65.73,18.9,29.3,,,112295000.0,11.23,1017000.0,0.1,,,,,1.67,0.84,METALS_MINING,12,18,12,0,9,0,51,4,55,"Strong operating margin, Strong revenue growth, Strong earnings growth, Cash covers debt, Low debt, Controlled metal sector debt",
06.09.2026 at 01:31 PM IST,SAGILITY,Sagility Limited,Healthcare,Health Information Services,219179810816.0,21917.98,22.08,15.93,2.23,11.5,,,15.79,13.04,37.63,27.6,43.8,,,9037859840.0,903.79,11105349632.0,1110.53,,,,,43.0,,PHARMA_HEALTHCARE,8,20,11,0,13,5,47,7,54,"Strong revenue growth, Strong earnings growth, Reasonable cash coverage, Low debt, Forward PE improving, Healthcare growth support, Controlled healthcare debt",Abnormally high dividend yield
06.09.2026 at 01:31 PM IST,SENORES,Senores Pharmaceuticals Limited,Healthcare,Drug Manufacturers - General,65994792960.0,6599.48,50.4,28.79,6.1,35.46,,,24.32,18.72,62.37,38.3,43.5,,,1596099968.0,159.61,3420300032.0,342.03,,,,,,,PHARMA_HEALTHCARE,11,20,7,0,5,0,43,11,54,"Strong operating margin, Strong revenue growth, Strong earnings growth, Low debt, Forward PE improving, Strong healthcare margin, Healthcare growth support, Controlled healthcare debt",
06.09.2026 at 01:31 PM IST,EIHOTEL,EIH Limited,Consumer Cyclical,Lodging,182481256448.0,18248.13,25.64,21.14,3.47,4.67,,,19.72,23.14,65.66,14.5,246.3,,,10520620032.0,1052.06,2524229888.0,252.42,,,,,51.0,-0.3,CONSUMER_DISCRETIONARY,11,15,12,0,11,5,44,10,54,"Strong operating margin, Strong earnings growth, Cash covers debt, Low debt, Forward PE improving, Consumer discretionary growth support, Healthy discretionary margin, Controlled discretionary debt",Abnormally high dividend yield
06.09.2026 at 01:31 PM IST,CCAVENUE,AvenuesAI Limited,Technology,Software - Infrastructure,54860869632.0,5486.09,16.42,14.87,0.94,8.63,6.69,2.75,2.84,3.44,5.84,114.5,47.3,2.01,0.75,11894899712.0,1189.49,4295300096.0,429.53,-5929495040.0,-592.95,5365199872.0,536.52,,0.03,IT_TECH,0,20,17,9,13,5,54,0,54,"Strong revenue growth, Strong earnings growth, Cash covers debt, Low debt, Positive operating cash flow, Forward PE improving",Negative free cash flow
06.09.2026 at 01:31 PM IST,KMEW,Knowledge Marine & Engineering Works Limited,Industrials,Marine Shipping,76980699136.0,7698.07,61.01,30.35,13.01,38.76,,,58.22,39.99,57.31,138.1,392.2,,,765926016.0,76.59,2220572928.0,222.06,,,,,,-0.09,CAPITAL_GOODS_INFRA,12,20,7,0,3,0,42,12,54,"Strong operating margin, Strong revenue growth, Strong earnings growth, Low debt, Forward PE improving, Strong capital goods revenue growth, Strong capital goods earnings growth, Manageable capital goods debt",Expensive price-to-book
06.09.2026 at 01:31 PM IST,UNIMECH,Unimech Aerospace and Manufacturing Limited,Industrials,Aerospace & Defense,76760211456.0,7676.02,106.72,49.12,10.86,17.19,,,29.08,25.26,68.59,70.9,45.5,,,5917983744.0,591.8,1267284992.0,126.73,,,,,,,CAPITAL_GOODS_INFRA,12,20,12,0,3,5,42,12,54,"Strong operating margin, Strong revenue growth, Strong earnings growth, Cash covers debt, Low debt, Forward PE improving, Strong capital goods revenue growth, Strong capital goods earnings growth, Manageable capital goods debt","Very high PE, Expensive price-to-book"
06.09.2026 at 01:31 PM IST,MODIS,Modi's Navnirman Limited,Real Estate,Real Estate - Development,7405473792.0,740.55,23.97,,4.73,4.03,,,19.81,15.33,21.75,27.9,25.6,,,49148000.0,4.91,63078000.0,6.31,,,,,,-0.01,CEMENT_REALTY,10,20,11,0,6,0,47,7,54,"Strong operating margin, Strong revenue growth, Strong earnings growth, Reasonable cash coverage, Low debt, Manageable cement/realty debt, Healthy cement/realty margin",
06.09.2026 at 01:31 PM IST,LAURUSLABS,Laurus Labs Limited,Healthcare,Drug Manufacturers - Specialty & Generic,994174435328.0,99417.44,90.91,65.11,18.74,46.37,,,25.39,15.04,59.45,29.1,125.2,,,1136999936.0,113.7,25184800768.0,2518.48,,,,,13.0,0.36,PHARMA_HEALTHCARE,11,20,7,0,5,0,43,11,54,"Strong operating margin, Strong revenue growth, Strong earnings growth, Low debt, Forward PE improving, Strong healthcare margin, Healthcare growth support, Controlled healthcare debt","Very high PE, Expensive price-to-book"
06.09.2026 at 01:31 PM IST,GHCL,GHCL Limited,Basic Materials,Chemicals,39984005120.0,3998.4,7.78,5.91,1.1,2.35,,,23.47,17.05,43.8,-2.7,39.6,,,11103200256.0,1110.32,833000000.0,83.3,,,,,2.75,-0.11,CHEMICALS,10,10,12,0,15,0,47,7,54,"Strong operating margin, Strong earnings growth, Cash covers debt, Low debt, Forward PE improving, Strong chemical margin, Controlled chemical debt",Negative revenue growth
06.09.2026 at 01:31 PM IST,ITCHOTELS,ITC Hotels Limited,Consumer Cyclical,Resorts & Casinos,336030498816.0,33603.05,38.97,27.69,2.88,0.63,,,20.09,20.28,61.83,14.8,35.9,,,15916999680.0,1591.7,741900032.0,74.19,,,,,62.0,,CONSUMER_DISCRETIONARY,11,15,12,0,11,5,44,10,54,"Strong operating margin, Strong earnings growth, Cash covers debt, Low debt, Forward PE improving, Consumer discretionary growth support, Healthy discretionary margin, Controlled discretionary debt",Abnormally high dividend yield
06.09.2026 at 01:31 PM IST,MACPOWER,Macpower CNC Machines Limited,Industrials,Specialty Industrial Machinery,19067928576.0,1906.79,49.05,,10.88,0.39,,,13.94,10.59,38.58,56.1,110.5,,,66219000.0,6.62,6809000.0,0.68,,,,,8.0,-0.42,CAPITAL_GOODS_INFRA,6,20,12,0,4,0,42,12,54,"Strong revenue growth, Strong earnings growth, Cash covers debt, Low debt, Strong capital goods revenue growth, Strong capital goods earnings growth, Manageable capital goods debt",Expensive price-to-book
06.09.2026 at 01:31 PM IST,NIITMTS,NIIT Learning Systems Limited,Consumer Defensive,Education & Training Services,31008249856.0,3100.82,12.32,10.44,2.0,20.62,,,12.65,12.38,54.88,25.2,16.8,,,8879500288.0,887.95,3181629952.0,318.16,,,,,1.44,0.23,GENERAL,8,18,10,0,14,0,50,4,54,"Strong revenue growth, Strong earnings growth, Cash covers debt, Low debt, Forward PE improving, General low debt support, General growth support",
06.09.2026 at 01:31 PM IST,RVTH,Revathi Equipment India Limited,Industrials,Farm & Heavy Construction Machinery,2269537792.0,226.95,14.84,,1.62,48.32,,,9.73,10.16,49.86,34.9,255.1,,,591299968.0,59.13,679000000.0,67.9,,,,,,,CAPITAL_GOODS_INFRA,3,20,9,0,10,0,42,12,54,"Strong revenue growth, Strong earnings growth, Reasonable cash coverage, Low debt, Strong capital goods revenue growth, Strong capital goods earnings growth, Manageable capital goods debt",
06.09.2026 at 01:31 PM IST,IMFA,Indian Metals and Ferro Alloys Limited,Basic Materials,Other Industrial Metals & Mining,69654749184.0,6965.47,13.29,9.93,2.56,35.12,,,26.85,16.67,45.4,49.7,108.5,,,4154299904.0,415.43,9575400448.0,957.54,,,,,97.0,0.42,METALS_MINING,11,20,7,0,15,5,48,6,54,"Strong operating margin, Strong revenue growth, Strong earnings growth, Low debt, Forward PE improving, Controlled metal sector debt, Commodity dividend support",Abnormally high dividend yield
06.09.2026 at 01:31 PM IST,MPSLTD,MPS Limited,Communication Services,Publishing,44986859520.0,4498.69,23.9,20.42,7.54,10.17,,,30.35,23.36,60.09,20.4,43.0,,,1192000000.0,119.2,606300032.0,60.63,,,,,2.89,0.45,TELECOM,12,18,12,0,9,0,51,3,54,"Strong operating margin, Strong revenue growth, Strong earnings growth, Cash covers debt, Low debt, Forward PE improving, Telecom revenue growth support",
06.09.2026 at 01:31 PM IST,TRAVELFOOD,Travel Food Services Limited,Consumer Cyclical,Restaurants,171223203840.0,17122.32,36.07,30.57,11.87,16.72,,,26.62,27.59,69.61,20.6,38.1,,,8355689984.0,835.57,2447889920.0,244.79,,,,,79.0,,CONSUMER_DISCRETIONARY,12,18,12,0,7,5,44,10,54,"Strong operating margin, Strong revenue growth, Strong earnings growth, Cash covers debt, Low debt, Forward PE improving, Consumer discretionary growth support, Healthy discretionary margin, Controlled discretionary debt","Expensive price-to-book, Abnormally high dividend yield"
06.09.2026 at 01:31 PM IST,AETHER,Aether Industries Limited,Basic Materials,Specialty Chemicals,215682760704.0,21568.28,91.7,56.87,8.78,18.65,,,24.91,19.12,48.7,27.5,34.1,,,56630000.0,5.66,4579369984.0,457.94,,,,,,-0.12,CHEMICALS,11,20,9,0,3,0,43,11,54,"Strong operating margin, Strong revenue growth, Strong earnings growth, Low debt, Forward PE improving, Strong chemical margin, Chemical revenue growth support, Controlled chemical debt",Very high PE
06.09.2026 at 01:31 PM IST,SIL,Standard Industries Limited,Consumer Cyclical,Textile Manufacturing,1251197952.0,125.12,2.02,,1.09,3.14,,,44.44,28.61,49.74,17.35,,,,294479008.0,29.45,36098000.0,3.61,,,,,2.55,0.1,CONSUMER_DISCRETIONARY,12,8,12,0,12,0,44,10,54,"Strong operating margin, Strong revenue growth, Cash covers debt, Low debt, Consumer discretionary growth support, Healthy discretionary margin, Controlled discretionary debt",
06.09.2026 at 01:31 PM IST,DEEPINDS,Deep Industries Limited,Energy,Oil & Gas E&P,50112000000.0,5011.2,24.29,12.84,2.51,9.61,,,33.08,21.28,54.28,39.8,45.2,,,1562123008.0,156.21,2029815040.0,202.98,,,,,32.0,-0.62,ENERGY_UTILITIES,12,20,11,0,13,5,51,3,54,"Strong operating margin, Strong revenue growth, Strong earnings growth, Reasonable cash coverage, Low debt, Forward PE improving, Energy dividend support",Abnormally high dividend yield
06.09.2026 at 01:31 PM IST,AVTNPL,AVT Natural Products Limited,Basic Materials,Specialty Chemicals,13933985792.0,1393.4,16.64,51.4,2.49,20.31,,,15.25,10.19,49.68,82.2,155.0,,,1471576960.0,147.16,1136055040.0,113.61,,,,,99.0,0.47,CHEMICALS,6,20,10,0,12,5,43,11,54,"Strong revenue growth, Strong earnings growth, Cash covers debt, Low debt, Strong chemical margin, Chemical revenue growth support, Controlled chemical debt","Forward PE deterioration, Abnormally high dividend yield"
06.09.2026 at 01:31 PM IST,SOLARINDS,Solar Industries India Limited,Basic Materials,Specialty Chemicals,1940559233024.0,194055.92,97.09,60.91,30.91,23.27,,,25.5,17.54,49.46,70.3,92.7,,,4806300160.0,480.63,15240200192.0,1524.02,,,,,5.0,0.24,CHEMICALS,11,20,7,0,5,0,43,11,54,"Strong operating margin, Strong revenue growth, Strong earnings growth, Low debt, Forward PE improving, Strong chemical margin, Chemical revenue growth support, Controlled chemical debt","Very high PE, Expensive price-to-book"
06.09.2026 at 01:31 PM IST,LODHA,Lodha Developers Limited,Real Estate,Real Estate - Development,1220688871424.0,122068.89,29.67,24.76,5.24,42.24,,,37.09,22.69,43.66,43.1,103.3,,,59927998464.0,5992.8,98959998976.0,9896.0,,,,,35.0,0.61,CEMENT_REALTY,12,20,9,0,11,5,47,7,54,"Strong operating margin, Strong revenue growth, Strong earnings growth, Reasonable cash coverage, Low debt, Forward PE improving, Manageable cement/realty debt, Healthy cement/realty margin",Abnormally high dividend yield
06.09.2026 at 01:31 PM IST,IGIL,International Gemological Institute Limited,Basic Materials,Other Precious Metals & Mining,139609178112.0,13960.92,27.28,18.24,9.38,9.59,,,56.6,44.74,77.01,23.2,32.0,,,5991399936.0,599.14,1427600000.0,142.76,,,,,1.58,,METALS_MINING,12,18,12,0,8,0,50,4,54,"Strong operating margin, Strong revenue growth, Strong earnings growth, Cash covers debt, Low debt, Forward PE improving, Controlled metal sector debt",
06.09.2026 at 01:31 PM IST,GRAPHITE,Graphite India Limited,Industrials,Electrical Equipment & Parts,143601074176.0,14360.11,67.25,14.46,2.45,6.29,,,14.37,7.04,51.77,26.6,28.4,,,29133299712.0,2913.33,3686700032.0,368.67,,,,,95.0,0.97,CAPITAL_GOODS_INFRA,6,20,12,0,9,5,42,12,54,"Strong revenue growth, Strong earnings growth, Cash covers debt, Low debt, Forward PE improving, Strong capital goods revenue growth, Strong capital goods earnings growth, Manageable capital goods debt",Abnormally high dividend yield
06.09.2026 at 01:31 PM IST,OIL,Oil India Limited,Energy,Oil & Gas Integrated,794272530432.0,79427.25,9.51,7.57,1.37,58.74,,,40.75,21.68,56.89,57.7,91.4,,,60454100992.0,6045.41,374779805696.0,37477.98,,,,,2.66,0.26,ENERGY_UTILITIES,12,20,4,0,15,0,51,3,54,"Strong operating margin, Strong revenue growth, Strong earnings growth, Forward PE improving, Energy dividend support",
06.09.2026 at 01:31 PM IST,TARACHAND,Tara Chand Infralogistic Solutions Limited,Industrials,Farm & Heavy Construction Machinery,3857690368.0,385.77,16.7,,2.59,92.78,20.6,6.14,15.98,9.78,90.46,9.7,10.5,1.72,1.48,268486016.0,26.85,1384617984.0,138.46,-323998112.0,-32.4,692934016.0,69.29,41.0,-0.35,CAPITAL_GOODS_INFRA,14,10,10,12,12,10,48,6,54,"Strong ROE, Positive operating cash flow, Cash flow supports profitability, Manageable capital goods debt, Capital goods cashflow support","Negative free cash flow, Abnormally high dividend yield"
06.09.2026 at 01:31 PM IST,GAEL,Gujarat Ambuja Exports Limited,Consumer Defensive,Packaged Foods,76827336704.0,7682.73,18.49,14.08,2.33,13.38,,,12.46,6.9,27.73,23.5,171.1,,,8644500480.0,864.45,4409999872.0,441.0,,,,,18.0,-0.0,FMCG_CONSUMER,6,18,12,0,15,0,51,3,54,"Strong revenue growth, Strong earnings growth, Cash covers debt, Low debt, Forward PE improving, Low debt consumer business",
06.09.2026 at 01:31 PM IST,ARIS,Arisinfra Solutions Limited,Industrials,Engineering & Construction,10469612544.0,1046.96,15.31,,1.42,9.36,,,9.85,5.78,16.93,37.1,279.6,,,1203949952.0,120.39,702670016.0,70.27,,,,,,,CAPITAL_GOODS_INFRA,0,20,12,0,10,0,42,12,54,"Strong revenue growth, Strong earnings growth, Cash covers debt, Low debt, Strong capital goods revenue growth, Strong capital goods earnings growth, Manageable capital goods debt",
06.09.2026 at 01:31 PM IST,KHAITANLTD,Khaitan (India) Limited,Industrials,Industrial Distribution,813388736.0,81.34,11.07,,2.3,16.19,,,6.22,5.58,21.87,39.8,55.9,,,40240000.0,4.02,54292000.0,5.43,,,,,,0.39,CAPITAL_GOODS_INFRA,0,20,11,0,10,0,41,12,53,"Strong revenue growth, Strong earnings growth, Reasonable cash coverage, Low debt, Strong capital goods revenue growth, Strong capital goods earnings growth, Manageable capital goods debt",
06.09.2026 at 01:31 PM IST,HONDAPOWER,Honda India Power Products Limited,Industrials,Specialty Industrial Machinery,20539719680.0,2053.97,31.16,,2.56,0.12,,,4.09,7.32,41.55,22.2,17.0,,,794300032.0,79.43,9900000.0,0.99,,,,,7.31,0.76,CAPITAL_GOODS_INFRA,3,16,12,0,10,0,41,12,53,"Strong revenue growth, Strong earnings growth, Cash covers debt, Low debt, Strong capital goods revenue growth, Strong capital goods earnings growth, Manageable capital goods debt",
06.09.2026 at 01:31 PM IST,SANGHVIMOV,Sanghvi Movers Limited,Industrials,Rental & Leasing Services,38050152448.0,3805.02,19.1,,2.9,51.4,,,22.88,16.93,45.34,38.9,30.0,,,2151482112.0,215.15,6735552000.0,673.56,,,,,46.0,1.01,CAPITAL_GOODS_INFRA,10,20,4,0,12,5,41,12,53,"Strong operating margin, Strong revenue growth, Strong earnings growth, Strong capital goods revenue growth, Strong capital goods earnings growth, Manageable capital goods debt",Abnormally high dividend yield
06.09.2026 at 01:31 PM IST,INDOTHAI,Indo Thai Securities Limited,Financial Services,Capital Markets,4598100480.0,459.81,6.6,,1.62,8.37,,,74.95,63.75,95.88,43.1,18.2,,,1450788992.0,145.08,239946000.0,23.99,,,,,56.0,1.32,FINANCIAL,12,18,12,0,12,5,49,4,53,"Strong operating margin, Strong revenue growth, Strong earnings growth, Cash covers debt, Low debt, Strong financial earnings growth",Abnormally high dividend yield
06.09.2026 at 01:31 PM IST,KRBL,KRBL Limited,Consumer Defensive,Packaged Foods,96465649664.0,9646.56,12.72,11.24,1.66,2.92,,,18.99,12.62,29.88,-5.6,73.1,,,9821299712.0,982.13,1697900032.0,169.79,,,,,1.07,0.18,FMCG_CONSUMER,10,10,12,0,14,0,46,7,53,"Strong operating margin, Strong earnings growth, Cash covers debt, Low debt, Forward PE improving, Healthy consumer margins, Low debt consumer business",Negative revenue growth
06.09.2026 at 01:31 PM IST,IPCALAB,Ipca Laboratories Limited,Healthcare,Drug Manufacturers - Specialty & Generic,498528813056.0,49852.88,38.02,27.95,6.18,8.49,,,20.04,12.93,67.73,20.8,72.4,,,11955800064.0,1195.58,8087600128.0,808.76,,,,,31.0,0.06,PHARMA_HEALTHCARE,10,18,12,0,7,5,42,11,53,"Strong operating margin, Strong revenue growth, Strong earnings growth, Cash covers debt, Low debt, Forward PE improving, Strong healthcare margin, Healthcare growth support, Controlled healthcare debt",Abnormally high dividend yield
06.09.2026 at 01:31 PM IST,CEIGALL,Ceigall India Limited,Industrials,Engineering & Construction,61842726912.0,6184.27,19.08,14.92,2.84,61.09,,,13.44,7.7,18.92,15.7,24.1,,,3786789888.0,378.68,13111390208.0,1311.14,,,,,14.0,0.79,CAPITAL_GOODS_INFRA,6,16,4,0,15,0,41,12,53,"Strong revenue growth, Strong earnings growth, Forward PE improving, Strong capital goods revenue growth, Strong capital goods earnings growth, Manageable capital goods debt",
06.09.2026 at 01:31 PM IST,CAPITALSFB,Capital Small Finance Bank Limited,Financial Services,Banks - Regional,12793902080.0,1279.39,8.5,5.47,0.86,,10.52,1.25,36.6,29.32,0.0,21.4,28.5,,,3802800128.0,380.28,6855900160.0,685.59,,,,,1.78,0.84,BANK,14,18,2,0,14,0,48,5,53,"Strong operating margin, Strong revenue growth, Strong earnings growth, Reasonable cash coverage, Forward PE improving, Healthy bank ROA",
06.09.2026 at 01:31 PM IST,VLSFINANCE,VLS Finance Limited,Financial Services,Capital Markets,7752098816.0,775.21,15.28,,0.39,0.01,,,95.26,64.08,100.0,24.7,46.2,,,866283008.0,86.63,2994000.0,0.3,,,,,61.0,0.3,FINANCIAL,12,18,12,0,12,5,49,4,53,"Strong operating margin, Strong revenue growth, Strong earnings growth, Cash covers debt, Low debt, Strong financial earnings growth",Abnormally high dividend yield
06.09.2026 at 01:31 PM IST,NAVKARCORP,Navkar Corporation Limited,Industrials,Integrated Freight & Logistics,14600360960.0,1460.04,36.47,7.68,0.75,9.05,,,10.22,5.38,21.51,38.3,412.5,,,187504000.0,18.75,1772952960.0,177.3,,,,,,0.4,CAPITAL_GOODS_INFRA,3,20,9,0,9,0,41,12,53,"Strong revenue growth, Strong earnings growth, Low debt, Forward PE improving, Strong capital goods revenue growth, Strong capital goods earnings growth, Manageable capital goods debt",
06.09.2026 at 01:31 PM IST,SURYAROSNI,Surya Roshni Limited,Basic Materials,Steel,47031119872.0,4703.11,15.1,9.2,1.79,3.03,,,3.81,3.91,22.54,27.5,76.8,,,4529500160.0,452.95,798099968.0,79.81,,,,,2.31,0.54,METALS_MINING,0,20,12,0,15,0,47,6,53,"Strong revenue growth, Strong earnings growth, Cash covers debt, Low debt, Forward PE improving, Controlled metal sector debt, Commodity dividend support",
06.09.2026 at 01:31 PM IST,LAL,Lorenzini Apparels Limited,Consumer Cyclical,Apparel Manufacturing,1537355136.0,153.74,27.81,,2.98,38.57,,,20.93,6.92,28.0,81.6,116.7,,,67318000.0,6.73,200688000.0,20.07,,,,,,-0.15,CONSUMER_DISCRETIONARY,8,20,7,0,8,0,43,10,53,"Strong operating margin, Strong revenue growth, Strong earnings growth, Low debt, Consumer discretionary growth support, Healthy discretionary margin, Controlled discretionary debt",
06.09.2026 at 01:31 PM IST,GVT&D,GE Vernova T&D India Limited,Industrials,Specialty Industrial Machinery,1102613053440.0,110261.31,84.75,54.58,40.98,0.89,,,24.44,19.44,43.57,38.0,24.7,,,15277200384.0,1527.72,240000000.0,24.0,,,,,23.0,0.62,CAPITAL_GOODS_INFRA,11,18,12,0,5,5,41,12,53,"Strong operating margin, Strong revenue growth, Strong earnings growth, Cash covers debt, Low debt, Forward PE improving, Strong capital goods revenue growth, Strong capital goods earnings growth, Manageable capital goods debt","Very high PE, Expensive price-to-book, Abnormally high dividend yield"
06.09.2026 at 01:31 PM IST,HINDCON,Hindcon Chemicals Limited,Basic Materials,Specialty Chemicals,1227551104.0,122.76,28.55,,2.15,18.59,,,13.03,6.06,27.34,43.1,80.0,,,189219008.0,18.92,107991000.0,10.8,,,,,,0.41,CHEMICALS,6,20,12,0,8,0,46,7,53,"Strong revenue growth, Strong earnings growth, Cash covers debt, Low debt, Chemical revenue growth support, Controlled chemical debt",
06.09.2026 at 01:31 PM IST,TMB,Tamilnad Mercantile Bank Limited,Financial Services,Banks - Regional,148058603520.0,14805.86,10.25,,1.46,,14.52,1.96,58.68,41.23,0.0,18.3,35.0,,,40727900160.0,4072.79,15402099712.0,1540.21,,,,,1.34,0.38,BANK,16,18,3,0,11,0,48,5,53,"Strong operating margin, Strong revenue growth, Strong earnings growth, Cash covers debt, Healthy bank ROA",
06.09.2026 at 01:31 PM IST,TNPETRO,Tamilnadu Petroproducts Limited,Basic Materials,Specialty Chemicals,11966205952.0,1196.62,8.42,,1.17,45.67,,,13.7,7.98,32.38,68.5,127.0,,,3436000000.0,343.6,4647499776.0,464.75,,,,,1.13,0.36,CHEMICALS,6,20,9,0,11,0,46,7,53,"Strong revenue growth, Strong earnings growth, Reasonable cash coverage, Low debt, Chemical revenue growth support, Controlled chemical debt",
06.09.2026 at 01:31 PM IST,SHILPAMED,Shilpa Medicare Limited,Healthcare,Drug Manufacturers - Specialty & Generic,187367391232.0,18736.74,62.9,45.92,7.23,25.46,,,21.7,17.66,69.35,44.9,115.4,,,451800000.0,45.18,6598600192.0,659.86,,,,,6.0,0.37,PHARMA_HEALTHCARE,10,20,7,0,5,0,42,11,53,"Strong operating margin, Strong revenue growth, Strong earnings growth, Low debt, Forward PE improving, Strong healthcare margin, Healthcare growth support, Controlled healthcare debt",
06.09.2026 at 01:31 PM IST,ESABINDIA,ESAB India Limited,Industrials,Tools & Accessories,93281697792.0,9328.17,41.96,,21.72,0.78,,,17.7,14.07,41.49,19.6,37.1,,,1043000000.0,104.3,33500000.0,3.35,,,,,1.93,0.38,CAPITAL_GOODS_INFRA,8,18,12,0,3,0,41,12,53,"Strong revenue growth, Strong earnings growth, Cash covers debt, Low debt, Strong capital goods revenue growth, Strong capital goods earnings growth, Manageable capital goods debt",Expensive price-to-book
06.09.2026 at 01:31 PM IST,FINEORG,Fine Organic Industries Limited,Basic Materials,Specialty Chemicals,157699588096.0,15769.96,36.04,32.94,5.92,3.46,,,23.36,17.73,40.52,18.0,18.0,,,14505394176.0,1450.54,923091008.0,92.31,,,,,21.0,0.23,CHEMICALS,10,16,12,0,9,5,42,11,53,"Strong operating margin, Strong revenue growth, Strong earnings growth, Cash covers debt, Low debt, Forward PE improving, Strong chemical margin, Chemical revenue growth support, Controlled chemical debt",Abnormally high dividend yield
06.09.2026 at 01:31 PM IST,ALMONDZ,Almondz Global Securities Limited,Financial Services,Capital Markets,3148195584.0,314.82,9.42,,1.19,16.82,,,18.43,16.67,56.84,42.7,70.0,,,72100000.0,7.21,493400000.0,49.34,,,,,,0.43,FINANCIAL,10,20,9,0,10,0,49,4,53,"Strong operating margin, Strong revenue growth, Strong earnings growth, Low debt, Strong financial earnings growth",
06.09.2026 at 01:31 PM IST,JUNIPER,Juniper Hotels Limited,Consumer Cyclical,Lodging,48060514304.0,4806.05,28.95,15.1,1.68,41.6,,,24.1,15.41,70.54,13.0,272.5,,,921625024.0,92.16,11933627392.0,1193.36,,,,,,0.34,CONSUMER_DISCRETIONARY,10,15,7,0,11,0,43,10,53,"Strong operating margin, Strong earnings growth, Low debt, Forward PE improving, Consumer discretionary growth support, Healthy discretionary margin, Controlled discretionary debt",
06.09.2026 at 01:31 PM IST,SEAMECLTD,Seamec Limited,Industrials,Marine Shipping,45835931648.0,4583.59,17.79,11.59,3.51,27.07,,,24.94,24.73,48.38,40.8,7.2,,,1883000064.0,188.3,3529200128.0,352.92,,,,,11.0,0.2,CAPITAL_GOODS_INFRA,11,12,9,0,13,0,45,8,53,"Strong operating margin, Strong revenue growth, Reasonable cash coverage, Low debt, Forward PE improving, Strong capital goods revenue growth, Manageable capital goods debt",
06.09.2026 at 01:31 PM IST,DHUNINV,Dhunseri Investments Limited,Financial Services,Capital Markets,6188635648.0,618.86,6.46,,0.23,27.14,,,46.92,19.6,39.77,38.7,151.4,,,9726843904.0,972.68,9518196736.0,951.82,,,,,29.0,0.74,FINANCIAL,12,20,10,0,12,5,49,4,53,"Strong operating margin, Strong revenue growth, Strong earnings growth, Cash covers debt, Low debt, Strong financial earnings growth",Abnormally high dividend yield
06.09.2026 at 01:31 PM IST,KSOLVES,Ksolves India Limited,Technology,Software - Application,6523109888.0,652.31,17.58,,22.17,19.4,,,28.23,22.3,50.32,10.0,43.2,,,70775000.0,7.08,57000000.0,5.7,,,,,5.51,0.18,IT_TECH,12,15,12,0,8,0,47,5,52,"Strong operating margin, Strong earnings growth, Cash covers debt, Low debt, Strong tech operating margin",Expensive price-to-book
06.09.2026 at 01:31 PM IST,IREDA,Indian Renewable Energy Development Agency Limited,Financial Services,Credit Services,319241060352.0,31924.11,16.17,11.54,2.32,565.67,,,85.36,45.95,99.28,23.7,33.0,89.35,89.35,15521999872.0,1552.2,779800805376.0,77980.08,,,,,1.32,,FINANCIAL,12,18,8,0,14,8,44,8,52,"Strong operating margin, Strong revenue growth, Strong earnings growth, Forward PE improving, Financial leverage treated differently, Strong financial earnings growth",Very high debt
06.09.2026 at 01:31 PM IST,MASTERTR,Master Trust Limited,Financial Services,Capital Markets,11009932288.0,1100.99,8.14,,1.32,27.84,,,34.19,24.98,88.81,15.7,21.7,,,18244999168.0,1824.5,2278700032.0,227.87,,,,,,1.12,FINANCIAL,12,16,10,0,10,0,48,4,52,"Strong operating margin, Strong revenue growth, Strong earnings growth, Cash covers debt, Low debt, Strong financial earnings growth",
06.09.2026 at 01:31 PM IST,KINGFA,Kingfa Science & Technology (India) Limited,Basic Materials,Specialty Chemicals,80088662016.0,8008.87,34.71,,5.72,1.1,,,15.83,10.16,24.53,49.1,80.1,,,4208699904.0,420.87,154038000.0,15.4,,,,,34.0,0.7,CHEMICALS,6,20,12,0,8,5,41,11,52,"Strong revenue growth, Strong earnings growth, Cash covers debt, Low debt, Strong chemical margin, Chemical revenue growth support, Controlled chemical debt",Abnormally high dividend yield
06.09.2026 at 01:31 PM IST,POWERINDIA,Hitachi Energy India Limited,Industrials,Electrical Equipment & Parts,1410715353088.0,141071.54,121.95,63.84,27.26,1.66,,,15.84,12.55,38.99,68.6,123.5,,,46891700224.0,4689.17,861000000.0,86.1,,,,,3.0,0.57,CAPITAL_GOODS_INFRA,8,20,12,0,5,5,40,12,52,"Strong revenue growth, Strong earnings growth, Cash covers debt, Low debt, Forward PE improving, Strong capital goods revenue growth, Strong capital goods earnings growth, Manageable capital goods debt","Very high PE, Expensive price-to-book"
06.09.2026 at 01:31 PM IST,MANKIND,Mankind Pharma Limited,Healthcare,Drug Manufacturers - Specialty & Generic,961413251072.0,96141.33,47.17,33.02,5.9,38.11,,,20.61,13.86,70.76,12.9,29.6,,,22076499968.0,2207.65,63115399168.0,6311.54,,,,,8.0,0.45,PHARMA_HEALTHCARE,10,15,7,0,9,0,41,11,52,"Strong operating margin, Strong earnings growth, Low debt, Forward PE improving, Strong healthcare margin, Healthcare growth support, Controlled healthcare debt",
06.09.2026 at 01:31 PM IST,MAHLIFE,Mahindra Lifespace Developers Limited,Real Estate,Real Estate - Development,77189382144.0,7718.94,23.03,20.5,2.13,18.26,12.04,,9.3,15.76,13.41,29.09,36.5,,,5844769792.0,584.48,6622838784.0,662.28,,,,,97.0,0.13,CEMENT_REALTY,9,20,11,0,13,5,48,4,52,"Strong revenue growth, Strong earnings growth, Reasonable cash coverage, Low debt, Forward PE improving, Manageable cement/realty debt",Abnormally high dividend yield
06.09.2026 at 01:31 PM IST,SPMLINFRA,SPML Infra Limited,Industrials,Engineering & Construction,15163814912.0,1516.38,17.02,,1.52,37.76,,,9.25,8.55,18.09,82.3,87.5,,,1667511040.0,166.75,3580687104.0,358.07,,,,,,0.58,CAPITAL_GOODS_INFRA,3,20,7,0,10,0,40,12,52,"Strong revenue growth, Strong earnings growth, Low debt, Strong capital goods revenue growth, Strong capital goods earnings growth, Manageable capital goods debt",
06.09.2026 at 01:31 PM IST,CRAMC,Canara Robeco Asset Management Company Limited,Financial Services,Asset Management,50203336704.0,5020.33,23.01,18.24,6.73,2.36,,,68.55,45.59,76.6,20.2,23.9,,,7374158848.0,737.42,175886000.0,17.59,,,,,1.59,,FINANCIAL,12,16,12,0,8,0,48,4,52,"Strong operating margin, Strong revenue growth, Strong earnings growth, Cash covers debt, Low debt, Forward PE improving, Strong financial earnings growth",
06.09.2026 at 01:31 PM IST,TOTAL,Total Transport Systems Limited,Industrials,Integrated Freight & Logistics,1152272256.0,115.23,14.79,,1.02,44.05,,,2.86,1.35,6.85,31.3,40.9,,,321220992.0,32.12,398771008.0,39.88,,,,,1.76,0.09,CAPITAL_GOODS_INFRA,0,20,9,0,11,0,40,12,52,"Strong revenue growth, Strong earnings growth, Reasonable cash coverage, Low debt, Strong capital goods revenue growth, Strong capital goods earnings growth, Manageable capital goods debt",
06.09.2026 at 01:31 PM IST,BAJAJ-AUTO,Bajaj Auto Limited,Consumer Cyclical,Auto Manufacturers,3272691941376.0,327269.19,28.33,25.03,8.58,56.35,,,21.51,16.25,34.19,64.0,45.8,,,108031000576.0,10803.1,226649604096.0,22664.96,,,,,1.26,0.64,AUTO,10,20,4,0,8,0,42,10,52,"Strong operating margin, Strong revenue growth, Strong earnings growth, Forward PE improving, Auto revenue growth support, Healthy auto margin, Manageable auto debt",
06.09.2026 at 01:31 PM IST,SINCLAIR,Sinclairs Hotels Limited,Consumer Cyclical,Lodging,4305840128.0,430.58,40.0,,3.73,28.38,,,31.75,16.92,64.06,28.4,27.3,,,643902016.0,64.39,343878016.0,34.39,,,,,96.0,-0.29,CONSUMER_DISCRETIONARY,11,20,10,0,6,5,42,10,52,"Strong operating margin, Strong revenue growth, Strong earnings growth, Cash covers debt, Low debt, Consumer discretionary growth support, Healthy discretionary margin, Controlled discretionary debt",Abnormally high dividend yield
06.09.2026 at 01:31 PM IST,LINCOLN,Lincoln Pharmaceuticals Limited,Healthcare,Drug Manufacturers - Specialty & Generic,12478520320.0,1247.85,12.93,,1.65,0.58,,,13.28,13.89,52.91,15.1,30.9,,,2411980032.0,241.2,44216000.0,4.42,,,,,29.0,0.4,PHARMA_HEALTHCARE,8,18,12,0,12,5,45,7,52,"Strong revenue growth, Strong earnings growth, Cash covers debt, Low debt, Healthcare growth support, Controlled healthcare debt",Abnormally high dividend yield
06.09.2026 at 01:31 PM IST,VINCOFE,Vintage Coffee and Beverages Limited,Consumer Defensive,Beverages - Non-Alcoholic,24927289344.0,2492.73,32.22,,4.39,21.72,,,17.87,12.86,27.4,58.5,31.2,,,860544000.0,86.05,1236252032.0,123.63,,,,,6.0,0.34,FMCG_CONSUMER,8,20,9,0,8,0,45,7,52,"Strong revenue growth, Strong earnings growth, Reasonable cash coverage, Low debt, Healthy consumer margins, Low debt consumer business",
06.09.2026 at 01:31 PM IST,SPLPETRO,Supreme Petrochem Limited,Basic Materials,Specialty Chemicals,144453369856.0,14445.34,29.83,30.61,6.08,5.61,,,17.76,8.48,20.22,23.7,193.5,,,7012483072.0,701.25,1333890944.0,133.39,,,,,1.36,-0.05,CHEMICALS,6,18,12,0,5,0,41,11,52,"Strong revenue growth, Strong earnings growth, Cash covers debt, Low debt, Strong chemical margin, Chemical revenue growth support, Controlled chemical debt",
06.09.2026 at 01:31 PM IST,VESUVIUS,Vesuvius India Limited,Industrials,Specialty Industrial Machinery,85142052864.0,8514.21,33.24,21.51,4.87,0.82,,,12.87,12.0,42.49,2.3,-7.4,3.52,2.6,5761800192.0,576.18,143500000.0,14.35,,,1887800064.0,188.78,36.0,0.43,CAPITAL_GOODS_INFRA,8,0,20,12,11,5,46,6,52,"Cash covers debt, Low debt, Positive operating cash flow, Cash flow supports profitability, Forward PE improving, Manageable capital goods debt, Capital goods cashflow support","Negative earnings growth, Abnormally high dividend yield"
06.09.2026 at 01:31 PM IST,VTL,Vardhman Textiles Limited,Consumer Cyclical,Textile Manufacturing,171948621824.0,17194.86,19.98,13.56,1.61,17.52,,,12.85,8.32,45.48,13.3,49.2,,,10897699840.0,1089.77,18549800960.0,1854.98,,,,,84.0,0.21,CONSUMER_DISCRETIONARY,6,15,11,0,15,5,42,10,52,"Strong earnings growth, Reasonable cash coverage, Low debt, Forward PE improving, Consumer discretionary growth support, Healthy discretionary margin, Controlled discretionary debt",Abnormally high dividend yield
06.09.2026 at 01:31 PM IST,GHCLTEXTIL,GHCL Textiles Limited,Consumer Cyclical,Textile Manufacturing,13067533312.0,1306.75,13.56,,0.87,8.93,,,13.16,6.59,26.86,52.7,192.2,,,136300000.0,13.63,1342200064.0,134.22,,,,,44.0,0.69,CONSUMER_DISCRETIONARY,6,20,9,0,12,5,42,10,52,"Strong revenue growth, Strong earnings growth, Low debt, Consumer discretionary growth support, Healthy discretionary margin, Controlled discretionary debt",Abnormally high dividend yield
06.09.2026 at 01:31 PM IST,DEEPAKNTR,Deepak Nitrite Limited,Basic Materials,Chemicals,233927704576.0,23392.77,29.9,27.64,4.01,27.9,,,18.49,9.14,26.05,36.4,207.4,,,4621000192.0,462.1,16377199616.0,1637.72,,,,,44.0,0.45,CHEMICALS,8,20,7,0,11,5,41,11,52,"Strong operating margin, Strong revenue growth, Strong earnings growth, Low debt, Forward PE improving, Strong chemical margin, Chemical revenue growth support, Controlled chemical debt",Abnormally high dividend yield
06.09.2026 at 01:31 PM IST,RPEL,Raghav Productivity Enhancers Limited,Basic Materials,Chemicals,82659516416.0,8265.95,131.1,,33.8,2.21,,,27.52,21.96,70.49,48.7,67.7,,,487760992.0,48.78,54112000.0,5.41,,,,,6.0,0.79,CHEMICALS,12,20,12,0,2,5,41,11,52,"Strong operating margin, Strong revenue growth, Strong earnings growth, Cash covers debt, Low debt, Strong chemical margin, Chemical revenue growth support, Controlled chemical debt","Very high PE, Expensive price-to-book"
06.09.2026 at 01:31 PM IST,GENUSPOWER,Genus Power Infrastructures Limited,Industrials,Electrical Equipment & Parts,93877616640.0,9387.76,14.48,13.1,4.23,103.82,,,17.6,12.6,38.38,44.8,43.4,,,7775799808.0,777.58,23023699968.0,2302.37,,,,,15.0,0.34,CAPITAL_GOODS_INFRA,8,20,2,0,13,0,43,9,52,"Strong revenue growth, Strong earnings growth, Forward PE improving, Strong capital goods revenue growth, Strong capital goods earnings growth",
06.09.2026 at 01:31 PM IST,HINDCOPPER,Hindustan Copper Limited,Basic Materials,Copper,504496422912.0,50449.64,44.44,25.2,15.11,3.32,,,48.89,32.49,91.08,81.4,161.9,,,8096500224.0,809.65,1109200000.0,110.92,,,,,83.0,1.51,METALS_MINING,12,20,12,0,7,5,46,6,52,"Strong operating margin, Strong revenue growth, Strong earnings growth, Cash covers debt, Low debt, Forward PE improving, Controlled metal sector debt, Commodity dividend support","Expensive price-to-book, Abnormally high dividend yield"
06.09.2026 at 01:31 PM IST,TARMAT,Tarmat Limited,Industrials,Engineering & Construction,1517640704.0,151.76,21.4,,0.81,8.05,,,6.0,5.52,21.69,43.6,106.7,,,213996000.0,21.4,150230000.0,15.02,,,,,,0.62,CAPITAL_GOODS_INFRA,0,20,12,0,8,0,40,12,52,"Strong revenue growth, Strong earnings growth, Cash covers debt, Low debt, Strong capital goods revenue growth, Strong capital goods earnings growth, Manageable capital goods debt",
06.09.2026 at 01:31 PM IST,JGCHEM,J.G. Chemicals Limited,Basic Materials,Other Industrial Metals & Mining,23511638016.0,2351.16,31.25,,4.49,1.19,,,10.25,7.02,18.01,44.8,58.8,,,1603160064.0,160.32,64480000.0,6.45,,,,,18.0,0.71,METALS_MINING,6,20,12,0,8,0,46,6,52,"Strong revenue growth, Strong earnings growth, Cash covers debt, Low debt, Controlled metal sector debt, Commodity dividend support",
06.09.2026 at 01:31 PM IST,SANSERA,Sansera Engineering Limited,Consumer Cyclical,Auto Parts,235386257408.0,23538.63,72.79,42.01,7.6,19.02,,,13.14,9.28,58.57,33.3,38.3,,,3989530112.0,398.95,5911529984.0,591.15,,,,,11.0,0.78,AUTO,6,20,11,0,5,0,42,10,52,"Strong revenue growth, Strong earnings growth, Reasonable cash coverage, Low debt, Forward PE improving, Auto revenue growth support, Healthy auto margin, Manageable auto debt",
06.09.2026 at 01:31 PM IST,TIMETECHNO,Time Technoplast Limited,Consumer Cyclical,Packaging & Containers,93213171712.0,9321.32,16.73,13.49,2.28,17.61,,,10.3,7.59,28.09,25.1,12.2,,,5795200000.0,579.52,7334499840.0,733.45,,,,,80.0,0.21,CONSUMER_DISCRETIONARY,6,15,11,0,15,5,42,10,52,"Strong revenue growth, Reasonable cash coverage, Low debt, Forward PE improving, Consumer discretionary growth support, Healthy discretionary margin, Controlled discretionary debt",Abnormally high dividend yield
06.09.2026 at 01:31 PM IST,PREMIERENE,Premier Energies Limited,Technology,Solar,452349427712.0,45234.94,26.88,20.27,10.48,86.0,,,25.12,19.67,39.49,35.3,53.0,,,24932640768.0,2493.26,37071450112.0,3707.15,,,,,15.0,,IT_TECH,12,20,6,0,9,0,47,5,52,"Strong operating margin, Strong revenue growth, Strong earnings growth, Reasonable cash coverage, Forward PE improving, Strong tech operating margin",Expensive price-to-book
06.09.2026 at 01:31 PM IST,ECLERX,eClerx Services Limited,Technology,Information Technology Services,174940045312.0,17494.0,24.63,19.36,6.87,15.01,,,18.71,16.81,36.07,23.3,18.8,,,10381179904.0,1038.12,3849520128.0,384.95,,,,,5.0,0.4,IT_TECH,10,16,12,0,9,0,47,5,52,"Strong operating margin, Strong revenue growth, Strong earnings growth, Cash covers debt, Low debt, Forward PE improving, Strong tech operating margin",
06.09.2026 at 01:31 PM IST,FIEMIND,Fiem Industries Limited,Consumer Cyclical,Auto Parts,54929129472.0,5492.91,20.89,15.65,4.52,5.39,,,10.99,9.03,38.68,18.5,12.8,,,2794105088.0,279.41,655508992.0,65.55,,,,,1.92,0.46,AUTO,6,13,12,0,10,0,41,10,51,"Strong revenue growth, Cash covers debt, Low debt, Forward PE improving, Auto revenue growth support, Healthy auto margin, Manageable auto debt",
06.09.2026 at 01:31 PM IST,FDC,FDC Limited,Healthcare,Drug Manufacturers - Specialty & Generic,55729889280.0,5572.99,19.02,14.69,2.24,0.62,,,19.15,13.36,67.34,3.0,9.3,,,5227232768.0,522.72,154650000.0,15.46,,,,,2.92,0.19,PHARMA_HEALTHCARE,10,7,12,0,15,0,44,7,51,"Strong operating margin, Cash covers debt, Low debt, Forward PE improving, Strong healthcare margin, Controlled healthcare debt",
06.09.2026 at 01:31 PM IST,BEPL,Bhansali Engineering Polymers Limited,Basic Materials,Chemicals,31632400384.0,3163.24,15.79,21.84,2.92,,,,17.06,13.88,32.7,53.3,43.5,,,3972801024.0,397.28,0.0,0.0,,,,,3.14,0.19,CHEMICALS,8,20,3,0,12,0,43,8,51,"Strong revenue growth, Strong earnings growth, Net cash position, Strong chemical margin, Chemical revenue growth support",Forward PE deterioration
06.09.2026 at 01:31 PM IST,ONEPOINT,One Point One Solutions Limited,Industrials,Specialty Business Services,14829634560.0,1482.96,32.98,,3.34,47.64,,,15.77,11.21,37.8,129.4,72.2,,,609569984.0,60.96,2203043072.0,220.3,,,,,,0.57,CAPITAL_GOODS_INFRA,6,20,7,0,6,0,39,12,51,"Strong revenue growth, Strong earnings growth, Low debt, Strong capital goods revenue growth, Strong capital goods earnings growth, Manageable capital goods debt",
06.09.2026 at 01:31 PM IST,SIGMA,Sigma Solve Limited,Technology,Information Technology Services,4737926144.0,473.79,15.16,,6.17,2.61,,,32.77,31.92,46.08,11.5,142.1,,,103337000.0,10.33,20130000.0,2.01,,,,,1.07,0.23,IT_TECH,12,15,12,0,7,0,46,5,51,"Strong operating margin, Strong earnings growth, Cash covers debt, Low debt, Strong tech operating margin",
06.09.2026 at 01:31 PM IST,INDHOTEL,The Indian Hotels Company Limited,Consumer Cyclical,Lodging,1041556111360.0,104155.61,47.84,38.51,7.85,18.99,,,24.4,20.87,63.01,15.1,20.7,,,43310501888.0,4331.05,28365500416.0,2836.55,,,,,45.0,-0.16,CONSUMER_DISCRETIONARY,11,16,12,0,7,5,41,10,51,"Strong operating margin, Strong revenue growth, Strong earnings growth, Cash covers debt, Low debt, Forward PE improving, Consumer discretionary growth support, Healthy discretionary margin, Controlled discretionary debt",Abnormally high dividend yield
06.09.2026 at 01:31 PM IST,IBULLSLTD,Indiabulls Limited,Real Estate,Real Estate - Development,57576484864.0,5757.65,13.45,,1.94,14.75,,,44.35,36.06,86.56,19220.0,,,,7495099904.0,749.51,4585500160.0,458.55,,,,,,0.93,CEMENT_REALTY,12,10,12,0,10,0,44,7,51,"Strong operating margin, Strong revenue growth, Cash covers debt, Low debt, Manageable cement/realty debt, Healthy cement/realty margin",
06.09.2026 at 01:31 PM IST,AEROENTER,Aeroflex Enterprises Limited,Basic Materials,Steel,16295645184.0,1629.56,10.81,,1.97,4.22,,,45.74,16.43,54.88,147.7,8.48,,,1460547968.0,146.05,405902016.0,40.59,,,,,28.0,1.59,METALS_MINING,11,15,12,0,12,5,45,6,51,"Strong operating margin, Strong revenue growth, Cash covers debt, Low debt, Controlled metal sector debt, Commodity dividend support",Abnormally high dividend yield
06.09.2026 at 01:31 PM IST,IOLCP,IOL Chemicals and Pharmaceuticals Limited,Healthcare,Drug Manufacturers - Specialty & Generic,58411974656.0,5841.2,34.79,20.52,3.25,7.53,,,10.86,6.66,35.39,37.1,89.7,,,2003000064.0,200.3,1354200064.0,135.42,,,,,50.0,0.53,PHARMA_HEALTHCARE,6,20,12,0,11,5,44,7,51,"Strong revenue growth, Strong earnings growth, Cash covers debt, Low debt, Forward PE improving, Healthcare growth support, Controlled healthcare debt",Abnormally high dividend yield
06.09.2026 at 01:31 PM IST,DABUR,Dabur India Limited,Consumer Defensive,Household & Personal Products,675700211712.0,67570.02,34.38,28.9,5.92,10.91,,,16.48,14.55,47.74,10.6,15.3,,,51478601728.0,5147.86,12873199616.0,1287.32,,,,,2.17,0.41,FMCG_CONSUMER,8,13,12,0,11,0,44,7,51,"Strong earnings growth, Cash covers debt, Low debt, Forward PE improving, Healthy consumer margins, Low debt consumer business",
06.09.2026 at 01:31 PM IST,SPORTKING,Sportking India Limited,Consumer Cyclical,Textile Manufacturing,29054597120.0,2905.46,17.98,9.21,2.63,42.27,,,15.44,6.18,26.83,20.1,115.9,,,10893000.0,1.09,4717133824.0,471.71,,,,,44.0,0.77,CONSUMER_DISCRETIONARY,6,18,7,0,15,5,41,10,51,"Strong revenue growth, Strong earnings growth, Low debt, Forward PE improving, Consumer discretionary growth support, Healthy discretionary margin, Controlled discretionary debt",Abnormally high dividend yield
06.09.2026 at 01:31 PM IST,MOTISONS,Motisons Jewellers Limited,Consumer Cyclical,Luxury Goods,18882609152.0,1888.26,24.41,,3.45,7.79,,,14.82,13.09,22.36,23.3,37.5,,,157284000.0,15.73,389048000.0,38.9,,,,,,0.53,CONSUMER_DISCRETIONARY,8,18,9,0,6,0,41,10,51,"Strong revenue growth, Strong earnings growth, Low debt, Consumer discretionary growth support, Healthy discretionary margin, Controlled discretionary debt",
06.09.2026 at 01:31 PM IST,PIDILITIND,Pidilite Industries Limited,Basic Materials,Specialty Chemicals,1658634895360.0,165863.49,62.89,51.36,15.31,3.78,,,24.09,17.2,54.79,21.3,29.6,,,42159800320.0,4215.98,4172100096.0,417.21,,,,,71.0,0.4,CHEMICALS,10,18,12,0,5,5,40,11,51,"Strong operating margin, Strong revenue growth, Strong earnings growth, Cash covers debt, Low debt, Forward PE improving, Strong chemical margin, Chemical revenue growth support, Controlled chemical debt","Expensive price-to-book, Abnormally high dividend yield"
06.09.2026 at 01:31 PM IST,RPGLIFE,RPG Life Sciences Limited,Healthcare,Drug Manufacturers - Specialty & Generic,44989427712.0,4498.94,37.58,27.7,7.43,3.3,,,19.11,16.29,63.81,15.8,17.0,,,2743699968.0,274.37,200000000.0,20.0,,,,,88.0,-0.22,PHARMA_HEALTHCARE,10,16,12,0,7,5,40,11,51,"Strong operating margin, Strong revenue growth, Strong earnings growth, Cash covers debt, Low debt, Forward PE improving, Strong healthcare margin, Healthcare growth support, Controlled healthcare debt",Abnormally high dividend yield
06.09.2026 at 01:31 PM IST,SAKAR,Sakar Healthcare Limited,Healthcare,Drug Manufacturers - Specialty & Generic,22213308416.0,2221.33,73.39,24.74,6.93,21.74,,,20.15,13.27,52.6,38.4,119.0,,,2597000.0,0.26,705339008.0,70.53,,,,,,0.44,PHARMA_HEALTHCARE,10,20,7,0,3,0,40,11,51,"Strong operating margin, Strong revenue growth, Strong earnings growth, Low debt, Forward PE improving, Strong healthcare margin, Healthcare growth support, Controlled healthcare debt",
06.09.2026 at 01:31 PM IST,HAWKINCOOK,Hawkins Cookers Limited,Consumer Cyclical,"Furnishings, Fixtures & Appliances",44195557376.0,4419.56,32.6,,9.93,6.6,,,12.23,10.18,49.75,33.1,17.1,,,1862940032.0,186.29,293880992.0,29.39,,,,,1.67,0.06,CONSUMER_DISCRETIONARY,6,18,12,0,5,0,41,10,51,"Strong revenue growth, Strong earnings growth, Cash covers debt, Low debt, Consumer discretionary growth support, Healthy discretionary margin, Controlled discretionary debt",
06.09.2026 at 01:31 PM IST,LLOYDSENGG,Lloyds Engineering Works Limited,Industrials,Specialty Industrial Machinery,131185573888.0,13118.56,49.51,,7.5,6.45,,,11.22,13.88,20.73,142.9,91.7,,,3363899904.0,336.39,1085699968.0,108.57,,,,,30.0,1.18,CAPITAL_GOODS_INFRA,8,20,12,0,4,5,39,12,51,"Strong revenue growth, Strong earnings growth, Cash covers debt, Low debt, Strong capital goods revenue growth, Strong capital goods earnings growth, Manageable capital goods debt",Abnormally high dividend yield
06.09.2026 at 01:31 PM IST,KROSS,Kross Limited,Consumer Cyclical,Auto Parts,13627616256.0,1362.76,23.55,,2.78,10.97,,,10.6,8.05,45.42,32.3,24.1,,,253740000.0,25.37,537219968.0,53.72,,,,,,,AUTO,6,18,9,0,8,0,41,10,51,"Strong revenue growth, Strong earnings growth, Low debt, Auto revenue growth support, Healthy auto margin, Manageable auto debt",
06.09.2026 at 01:31 PM IST,PAUSHAKLTD,Paushak Limited,Basic Materials,Specialty Chemicals,19478960128.0,1947.9,45.93,,3.97,15.67,,,20.64,17.22,71.92,49.5,25.6,,,273635008.0,27.36,769398976.0,76.94,,,,,32.0,0.52,CHEMICALS,10,20,9,0,6,5,40,11,51,"Strong operating margin, Strong revenue growth, Strong earnings growth, Low debt, Strong chemical margin, Chemical revenue growth support, Controlled chemical debt",Abnormally high dividend yield
06.09.2026 at 01:31 PM IST,IZMO,IZMO Limited,Technology,Software - Application,13521236992.0,1352.12,25.07,,3.3,4.05,,,18.86,18.3,59.12,15.7,102.2,,,102902000.0,10.29,165831008.0,16.58,,,,,,0.77,IT_TECH,11,18,11,0,6,0,46,5,51,"Strong operating margin, Strong revenue growth, Strong earnings growth, Reasonable cash coverage, Low debt, Strong tech operating margin",
06.09.2026 at 01:31 PM IST,HDFCBANK,HDFC Bank Limited,Financial Services,Banks - Regional,10974173069312.0,1097417.31,15.58,11.38,1.81,,13.84,1.75,33.29,26.79,0.0,16.6,18.1,,,2377666265088.0,237766.63,5658713784320.0,565871.38,,,,,1.83,0.4,BANK,16,16,0,0,14,0,46,5,51,"Strong operating margin, Strong revenue growth, Strong earnings growth, Forward PE improving, Healthy bank ROA",
06.09.2026 at 01:31 PM IST,UTIAMC,UTI Asset Management Company Limited,Financial Services,Asset Management,113114341376.0,11311.43,24.55,15.39,2.51,3.13,,,63.32,26.58,67.28,6.7,24.0,,,40844701696.0,4084.47,1409299968.0,140.93,,,,,4.54,0.4,FINANCIAL,12,10,12,0,13,0,47,4,51,"Strong operating margin, Strong earnings growth, Cash covers debt, Low debt, Forward PE improving, Strong financial earnings growth",
06.09.2026 at 01:31 PM IST,REFEX,Refex Industries Limited,Energy,Thermal Coal,38760202240.0,3876.02,13.4,,2.58,14.92,,,11.04,8.66,18.21,139.1,207.1,,,3983624960.0,398.36,2250443008.0,225.04,,,,,71.0,1.71,METALS_MINING,6,20,12,0,12,5,45,6,51,"Strong revenue growth, Strong earnings growth, Cash covers debt, Low debt, Controlled metal sector debt, Commodity dividend support",Abnormally high dividend yield
06.09.2026 at 01:31 PM IST,GIPCL,Gujarat Industries Power Company Limited,Utilities,Utilities - Regulated Electric,31898425344.0,3189.84,6.34,13.43,0.83,93.59,,,30.09,30.14,47.99,34.4,174.9,,,2626010112.0,262.6,35941715968.0,3594.17,,,,,2.0,,ENERGY_UTILITIES,12,20,4,0,12,0,48,3,51,"Strong operating margin, Strong revenue growth, Strong earnings growth, Energy dividend support",Forward PE deterioration
06.09.2026 at 01:31 PM IST,AVONMORE,Avonmore Capital & Management Services Limited,Financial Services,Capital Markets,3682510848.0,368.25,24.17,,0.89,4.93,,,24.48,14.46,58.21,36.0,185.7,,,97600000.0,9.76,248900000.0,24.89,,,,,,0.36,FINANCIAL,10,20,9,0,8,0,47,4,51,"Strong operating margin, Strong revenue growth, Strong earnings growth, Low debt, Strong financial earnings growth",
06.09.2026 at 01:31 PM IST,STYL,Seshaasai Technologies Limited,Technology,Software - Infrastructure,62198157312.0,6219.82,22.73,19.51,4.36,5.87,,,20.33,17.49,40.21,21.1,49.2,,,4157110016.0,415.71,836360000.0,83.64,,,,,65.0,,IT_TECH,10,18,12,0,11,5,46,5,51,"Strong operating margin, Strong revenue growth, Strong earnings growth, Cash covers debt, Low debt, Forward PE improving, Strong tech operating margin",Abnormally high dividend yield
06.09.2026 at 01:31 PM IST,KENNAMET,Kennametal India Limited,Industrials,Tools & Accessories,103187832832.0,10318.78,52.71,64.49,12.86,0.22,,,24.52,10.21,44.09,47.7,184.1,,,472000000.0,47.2,19000000.0,1.9,,,,,85.0,0.52,CAPITAL_GOODS_INFRA,8,20,12,0,4,5,39,12,51,"Strong operating margin, Strong revenue growth, Strong earnings growth, Cash covers debt, Low debt, Strong capital goods revenue growth, Strong capital goods earnings growth, Manageable capital goods debt","Expensive price-to-book, Abnormally high dividend yield"
06.09.2026 at 01:31 PM IST,EMUDHRA,eMudhra Limited,Technology,Software - Application,43072851968.0,4307.29,37.74,24.76,4.73,3.15,,,19.73,15.44,33.76,29.5,29.3,,,1085629952.0,108.56,287760000.0,28.78,,,,,24.0,0.17,IT_TECH,10,20,12,0,9,5,46,5,51,"Strong operating margin, Strong revenue growth, Strong earnings growth, Cash covers debt, Low debt, Forward PE improving, Strong tech operating margin",Abnormally high dividend yield
06.09.2026 at 01:31 PM IST,INDSWFTLAB,Ind-Swift Laboratories Limited,Healthcare,Drug Manufacturers - Specialty & Generic,30523049984.0,3052.3,53.99,,2.12,1.48,,,13.5,8.5,57.34,25.4,142.7,,,4417501184.0,441.75,205012992.0,20.5,,,,,,0.8,PHARMA_HEALTHCARE,6,20,12,0,6,0,44,7,51,"Strong revenue growth, Strong earnings growth, Cash covers debt, Low debt, Healthcare growth support, Controlled healthcare debt",
06.09.2026 at 01:31 PM IST,RUBICON,Rubicon Research Limited,Healthcare,Drug Manufacturers - General,291057434624.0,29105.74,100.69,61.11,22.58,24.13,,,21.33,14.89,67.0,51.6,82.1,,,3333850112.0,333.39,3110080000.0,311.01,,,,,8.0,,PHARMA_HEALTHCARE,10,20,10,0,5,5,40,11,51,"Strong operating margin, Strong revenue growth, Strong earnings growth, Cash covers debt, Low debt, Forward PE improving, Strong healthcare margin, Healthcare growth support, Controlled healthcare debt","Very high PE, Expensive price-to-book"
06.09.2026 at 01:31 PM IST,ECOSMOBLTY,Ecos (India) Mobility & Hospitality Limited,Industrials,Rental & Leasing Services,6780000256.0,678.0,11.52,9.74,2.55,2.94,,,7.42,7.01,26.34,16.7,9.5,,,1372530048.0,137.25,77790000.0,7.78,,,,,2.1,,CAPITAL_GOODS_INFRA,3,13,12,0,15,0,43,8,51,"Strong revenue growth, Cash covers debt, Low debt, Forward PE improving, Strong capital goods revenue growth, Manageable capital goods debt",
06.09.2026 at 01:31 PM IST,DICIND,DIC India Limited,Basic Materials,Specialty Chemicals,5627630592.0,562.76,19.43,14.33,1.27,0.74,,,6.84,2.94,26.51,25.4,227.2,2.04,1.24,153843008.0,15.38,32700000.0,3.27,,,-391732992.0,-39.17,48.0,0.12,CHEMICALS,0,20,19,0,15,11,43,7,50,"Strong revenue growth, Strong earnings growth, Cash covers debt, Low debt, Forward PE improving, Chemical revenue growth support, Controlled chemical debt","Negative operating cash flow, Abnormally high dividend yield"
06.09.2026 at 01:31 PM IST,PROSTARM,Prostarm Info Systems Limited,Industrials,Electrical Equipment & Parts,8065819136.0,806.58,22.17,,2.81,32.43,,,7.49,8.79,26.97,38.5,85.4,,,20463000.0,2.05,929676992.0,92.97,,,,,,,CAPITAL_GOODS_INFRA,3,20,7,0,8,0,38,12,50,"Strong revenue growth, Strong earnings growth, Low debt, Strong capital goods revenue growth, Strong capital goods earnings growth, Manageable capital goods debt",
06.09.2026 at 01:31 PM IST,SONACOMS,Sona BLW Precision Forgings Limited,Consumer Cyclical,Auto Parts,492437340160.0,49243.73,70.45,46.77,8.2,7.21,,,16.64,14.21,49.92,52.4,44.3,,,12289000448.0,1228.9,4422870016.0,442.29,,,,,46.0,0.45,AUTO,8,20,12,0,5,5,40,10,50,"Strong revenue growth, Strong earnings growth, Cash covers debt, Low debt, Forward PE improving, Auto revenue growth support, Healthy auto margin, Manageable auto debt",Abnormally high dividend yield
06.09.2026 at 01:31 PM IST,SPLIL,SPL Industries Limited,Consumer Cyclical,Apparel Manufacturing,900873664.0,90.09,10.77,,0.41,0.0,,,-7.21,11.45,13.89,16.6,135.5,,,759406976.0,75.94,39000.0,0.0,,,,,,0.79,CONSUMER_DISCRETIONARY,3,18,12,0,10,0,43,7,50,"Strong revenue growth, Strong earnings growth, Net cash position, Low debt, Consumer discretionary growth support, Controlled discretionary debt",
06.09.2026 at 01:31 PM IST,TTKPRESTIG,TTK Prestige Limited,Consumer Cyclical,"Furnishings, Fixtures & Appliances",77180559360.0,7718.06,39.88,27.26,3.9,8.8,,,7.4,6.08,42.35,33.6,123.2,,,8624300032.0,862.43,1735299968.0,173.53,,,,,1.33,0.22,CONSUMER_DISCRETIONARY,3,20,12,0,8,0,43,7,50,"Strong revenue growth, Strong earnings growth, Cash covers debt, Low debt, Forward PE improving, Consumer discretionary growth support, Controlled discretionary debt",
06.09.2026 at 01:31 PM IST,NAHARCAP,Nahar Capital and Financial Services Limited,Financial Services,Capital Markets,4384984064.0,438.5,3.68,,0.27,0.6,,,80.08,226.49,100.0,24.6,487.0,,,5286000.0,0.53,96877000.0,9.69,,,,,57.0,0.44,FINANCIAL,12,18,9,0,12,5,46,4,50,"Strong operating margin, Strong revenue growth, Strong earnings growth, Low debt, Strong financial earnings growth",Abnormally high dividend yield
06.09.2026 at 01:31 PM IST,CONCORDBIO,Concord Biotech Limited,Healthcare,Biotechnology,148555022336.0,14855.5,48.88,33.38,7.36,0.12,,,24.96,24.84,64.56,26.2,31.1,,,4318821888.0,431.88,23156000.0,2.32,,,,,53.0,0.35,IT_TECH,11,20,12,0,7,5,45,5,50,"Strong operating margin, Strong revenue growth, Strong earnings growth, Cash covers debt, Low debt, Forward PE improving, Strong tech operating margin",Abnormally high dividend yield
06.09.2026 at 01:31 PM IST,DDEVPLSTIK,Ddev Plastiks Industries Limited,Basic Materials,Specialty Chemicals,28300867584.0,2830.09,13.27,8.55,2.79,5.61,,,8.73,6.74,17.57,28.6,22.2,,,586854976.0,58.69,568272000.0,56.83,,,,,64.0,-0.05,CHEMICALS,3,18,12,0,15,5,43,7,50,"Strong revenue growth, Strong earnings growth, Cash covers debt, Low debt, Forward PE improving, Chemical revenue growth support, Controlled chemical debt",Abnormally high dividend yield
06.09.2026 at 01:31 PM IST,CHEMBOND,Chembond Material Technologies Limited,Basic Materials,Specialty Chemicals,2313105408.0,231.31,15.93,,1.39,2.49,,,2.94,5.52,39.13,25.6,43.4,,,300435008.0,30.04,41570000.0,4.16,,,,,1.17,1.03,CHEMICALS,0,20,12,0,11,0,43,7,50,"Strong revenue growth, Strong earnings growth, Cash covers debt, Low debt, Chemical revenue growth support, Controlled chemical debt",
06.09.2026 at 01:31 PM IST,HAPPSTMNDS,Happiest Minds Technologies Limited,Technology,Information Technology Services,53117595648.0,5311.76,23.89,16.31,3.0,98.7,13.32,,15.11,9.32,32.88,14.3,18.2,1.66,1.63,19671599104.0,1967.16,17525100544.0,1752.51,,,,,2.06,0.06,IT_TECH,10,13,14,0,13,0,50,0,50,"Strong earnings growth, Cash covers debt, Forward PE improving",
06.09.2026 at 01:31 PM IST,SHANTIGOLD,Shanti Gold International Limited,Consumer Cyclical,Luxury Goods,19821805568.0,1982.18,11.02,8.5,2.85,36.14,,,9.9,6.4,9.92,144.7,53.5,,,491750016.0,49.18,2162439936.0,216.24,,,,,,,CONSUMER_DISCRETIONARY,3,20,7,0,13,0,43,7,50,"Strong revenue growth, Strong earnings growth, Low debt, Forward PE improving, Consumer discretionary growth support, Controlled discretionary debt",
06.09.2026 at 01:31 PM IST,SWARAJENG,Swaraj Engines Limited,Consumer Cyclical,Auto Parts,43132022784.0,4313.2,21.37,19.69,8.82,0.42,,,12.07,9.56,20.88,21.5,11.1,,,1138182016.0,113.82,20486000.0,2.05,,,,,3.09,0.37,AUTO,6,13,12,0,9,0,40,10,50,"Strong revenue growth, Cash covers debt, Low debt, Forward PE improving, Auto revenue growth support, Healthy auto margin, Manageable auto debt",
06.09.2026 at 01:31 PM IST,EXPLEOSOL,Expleo Solutions Limited,Technology,Information Technology Services,13983285248.0,1398.33,10.15,7.71,1.8,1.01,,,13.2,12.08,35.38,12.3,67.3,,,3547980032.0,354.8,78520000.0,7.85,,,,,12.24,0.44,IT_TECH,8,15,12,0,15,0,50,0,50,"Strong earnings growth, Cash covers debt, Low debt, Forward PE improving",
06.09.2026 at 01:31 PM IST,EXCELSOFT,Excelsoft Technologies Limited,Technology,Software - Application,8055890944.0,805.59,17.24,12.96,1.39,1.14,,,8.1,15.73,49.93,44.1,33.3,,,1460620032.0,146.06,65770000.0,6.58,,,,,,,IT_TECH,5,20,12,0,13,0,50,0,50,"Strong revenue growth, Strong earnings growth, Cash covers debt, Low debt, Forward PE improving",
06.09.2026 at 01:31 PM IST,ENRIN,Siemens Energy India Limited,Utilities,Utilities - Renewable,1109351071744.0,110935.11,74.61,55.3,23.05,4.48,,,21.94,15.77,40.71,39.3,67.8,,,32949999616.0,3295.0,2156999936.0,215.7,,,,,13.0,,ENERGY_UTILITIES,10,20,12,0,5,0,47,3,50,"Strong operating margin, Strong revenue growth, Strong earnings growth, Cash covers debt, Low debt, Forward PE improving, Energy dividend support",Expensive price-to-book
06.09.2026 at 01:31 PM IST,NEULANDLAB,Neuland Laboratories Limited,Healthcare,Drug Manufacturers - Specialty & Generic,290468691968.0,29046.87,58.43,46.13,15.5,16.07,,,30.6,2.29,35.24,119.2,9.63,1.42,0.68,766704000.0,76.67,3012721920.0,301.27,,,,,15.0,-0.32,PHARMA_HEALTHCARE,6,15,11,0,7,0,39,11,50,"Strong operating margin, Strong revenue growth, Low debt, Forward PE improving, Strong healthcare margin, Healthcare growth support, Controlled healthcare debt",Expensive price-to-book
06.09.2026 at 01:31 PM IST,GPTHEALTH,GPT Healthcare Limited,Healthcare,Medical Care Facilities,13038511104.0,1303.85,27.59,15.89,4.84,33.84,,,13.71,9.61,59.8,17.8,64.9,,,471956992.0,47.2,911801024.0,91.18,,,,,1.9,0.31,PHARMA_HEALTHCARE,6,18,9,0,10,0,43,7,50,"Strong revenue growth, Strong earnings growth, Reasonable cash coverage, Low debt, Forward PE improving, Healthcare growth support, Controlled healthcare debt",
06.09.2026 at 01:31 PM IST,NILASPACES,Nila Spaces Limited,Real Estate,Real Estate - Development,4844837376.0,484.48,15.57,,2.76,46.03,,,35.52,16.32,44.73,14.3,40.0,,,131824000.0,13.18,786817024.0,78.68,,,,,,0.95,CEMENT_REALTY,11,15,7,0,10,0,43,7,50,"Strong operating margin, Strong earnings growth, Low debt, Manageable cement/realty debt, Healthy cement/realty margin",
06.09.2026 at 01:31 PM IST,LAOPALA,La Opala RG Limited,Consumer Cyclical,"Furnishings, Fixtures & Appliances",19205220352.0,1920.52,20.6,15.45,2.34,1.08,,,28.84,29.56,67.4,9.3,3.5,,,5210612224.0,521.06,88364000.0,8.84,,,,,2.88,0.32,CONSUMER_DISCRETIONARY,12,7,12,0,13,0,44,6,50,"Strong operating margin, Cash covers debt, Low debt, Forward PE improving, Healthy discretionary margin, Controlled discretionary debt",
06.09.2026 at 01:31 PM IST,KAJARIACER,Kajaria Ceramics Limited,Industrials,Building Products & Equipment,194071674880.0,19407.17,35.96,28.71,6.42,7.3,,,16.42,10.8,38.84,20.4,55.4,,,7551200256.0,755.12,2285900032.0,228.59,,,,,97.0,0.47,CAPITAL_GOODS_INFRA,6,18,12,0,7,5,38,12,50,"Strong revenue growth, Strong earnings growth, Cash covers debt, Low debt, Forward PE improving, Strong capital goods revenue growth, Strong capital goods earnings growth, Manageable capital goods debt",Abnormally high dividend yield
06.09.2026 at 01:31 PM IST,AARTIPHARM,Aarti Pharmalabs Limited,Healthcare,Drug Manufacturers - Specialty & Generic,77644595200.0,7764.46,37.9,33.58,3.65,37.36,,,19.15,10.4,54.19,38.7,53.7,,,96159000.0,9.62,7937210880.0,793.72,,,,,47.0,0.27,PHARMA_HEALTHCARE,8,20,7,0,9,5,39,11,50,"Strong operating margin, Strong revenue growth, Strong earnings growth, Low debt, Forward PE improving, Strong healthcare margin, Healthcare growth support, Controlled healthcare debt",Abnormally high dividend yield
06.09.2026 at 01:31 PM IST,BBTC,The Bombay Burmah Trading Corporation Limited,Consumer Defensive,Packaged Foods,104315969536.0,10431.6,8.09,4.0,1.48,16.57,,,15.59,6.38,42.67,7.8,19.7,,,24376899584.0,2437.69,15904300032.0,1590.43,,,,,2.27,0.61,FMCG_CONSUMER,6,10,12,0,15,0,43,7,50,"Strong earnings growth, Cash covers debt, Low debt, Forward PE improving, Healthy consumer margins, Low debt consumer business",
06.09.2026 at 01:31 PM IST,ABBOTINDIA,Abbott India Limited,Healthcare,Drug Manufacturers - Specialty & Generic,554394320896.0,55439.43,34.28,28.79,11.61,3.6,,,27.72,23.05,47.24,4.3,17.1,,,22323300352.0,2232.33,1719900032.0,171.99,,,,,2.01,0.04,PHARMA_HEALTHCARE,12,10,12,0,9,0,43,7,50,"Strong operating margin, Strong earnings growth, Cash covers debt, Low debt, Forward PE improving, Strong healthcare margin, Controlled healthcare debt",Expensive price-to-book
06.09.2026 at 01:31 PM IST,RBZJEWEL,RBZ Jewellers Limited,Consumer Cyclical,Luxury Goods,8056000000.0,805.6,14.19,,2.69,56.63,,,13.48,8.33,23.04,59.8,27.5,,,30887000.0,3.09,1697771008.0,169.78,,,,,,0.07,CONSUMER_DISCRETIONARY,6,20,4,0,10,0,40,10,50,"Strong revenue growth, Strong earnings growth, Consumer discretionary growth support, Healthy discretionary margin, Controlled discretionary debt",
06.09.2026 at 01:31 PM IST,YATHARTH,Yatharth Hospital & Trauma Care Services Limited,Healthcare,Medical Care Facilities,95602794496.0,9560.28,52.97,31.75,5.37,14.61,,,16.16,13.2,62.23,52.3,11.9,,,2633600000.0,263.36,2640920064.0,264.09,,,,,10.0,1.0,PHARMA_HEALTHCARE,8,15,11,0,9,0,43,7,50,"Strong revenue growth, Reasonable cash coverage, Low debt, Forward PE improving, Healthcare growth support, Controlled healthcare debt",
06.09.2026 at 01:31 PM IST,PREMIERPOL,Premier Polyfilm Ltd.,Basic Materials,Specialty Chemicals,10055277568.0,1005.53,28.74,,6.82,16.69,,,11.74,9.59,44.1,34.4,52.6,,,166800000.0,16.68,245700000.0,24.57,,,,,16.0,-0.37,CHEMICALS,6,20,11,0,6,0,43,7,50,"Strong revenue growth, Strong earnings growth, Reasonable cash coverage, Low debt, Chemical revenue growth support, Controlled chemical debt",
06.09.2026 at 01:31 PM IST,KIRIINDUS,Kiri Industries Limited,Basic Materials,Specialty Chemicals,36559249408.0,3655.92,0.59,,0.53,0.65,,,1.27,6.16,24.69,54.5,24.65,,,41109336064.0,4110.93,418432992.0,41.84,,,,,,-0.13,CHEMICALS,3,18,12,0,10,0,43,7,50,"Strong revenue growth, Strong earnings growth, Cash covers debt, Low debt, Chemical revenue growth support, Controlled chemical debt",
06.09.2026 at 01:31 PM IST,SETL,Standard Engineering Technology Limited,Industrials,Specialty Industrial Machinery,81492344832.0,8149.23,95.22,,10.36,10.37,,,13.99,10.08,32.59,43.1,25.7,,,1986700032.0,198.67,826836992.0,82.68,,,,,,,CAPITAL_GOODS_INFRA,6,20,12,0,0,0,38,12,50,"Strong revenue growth, Strong earnings growth, Cash covers debt, Low debt, Strong capital goods revenue growth, Strong capital goods earnings growth, Manageable capital goods debt","Very high PE, Expensive price-to-book"
06.09.2026 at 01:31 PM IST,EIEL,Enviro Infra Engineers Limited,Industrials,Engineering & Construction,34948022272.0,3494.8,19.33,9.67,2.83,34.13,,,18.65,14.31,32.18,49.1,-5.0,,,4014568960.0,401.46,4222966016.0,422.3,,,,,,,CAPITAL_GOODS_INFRA,10,10,9,0,13,0,42,8,50,"Strong operating margin, Strong revenue growth, Reasonable cash coverage, Low debt, Forward PE improving, Strong capital goods revenue growth, Manageable capital goods debt",Negative earnings growth
06.09.2026 at 01:31 PM IST,ERIS,Eris Lifesciences Limited,Healthcare,Drug Manufacturers - Specialty & Generic,182791389184.0,18279.14,28.11,22.8,4.62,60.55,,,25.79,20.04,73.53,12.6,18.8,,,673000000.0,67.3,23586199552.0,2358.62,,,,,1.09,-0.05,PHARMA_HEALTHCARE,12,13,4,0,10,0,39,11,50,"Strong operating margin, Strong earnings growth, Forward PE improving, Strong healthcare margin, Healthcare growth support, Controlled healthcare debt",
06.09.2026 at 01:31 PM IST,USHAMART,Usha Martin Limited,Basic Materials,Steel,155852947456.0,15585.29,29.29,21.97,4.72,6.92,,,16.89,13.21,49.86,16.4,40.8,,,4767499776.0,476.75,2285700096.0,228.57,,,,,73.0,0.27,METALS_MINING,8,18,12,0,11,5,44,6,50,"Strong revenue growth, Strong earnings growth, Cash covers debt, Low debt, Forward PE improving, Controlled metal sector debt, Commodity dividend support",Abnormally high dividend yield
06.09.2026 at 01:31 PM IST,MEDIASSIST,Medi Assist Healthcare Services Limited,Healthcare,Healthcare Plans,25331394560.0,2533.14,26.79,18.73,2.95,6.38,,,11.06,9.8,56.09,24.1,17.4,,,2390929920.0,239.09,543980032.0,54.4,,,,,59.0,1.08,PHARMA_HEALTHCARE,6,16,12,0,13,5,42,7,49,"Strong revenue growth, Strong earnings growth, Cash covers debt, Low debt, Forward PE improving, Healthcare growth support, Controlled healthcare debt",Abnormally high dividend yield
06.09.2026 at 01:31 PM IST,CMPDI,Central Mine Planning & Design Institute Limited,Basic Materials,Other Industrial Metals & Mining,,,26.62,,7.62,0.06,,,28.57,27.38,67.58,17.6,53.8,,,14300000256.0,1430.0,14500000.0,1.45,,,,,43.0,,METALS_MINING,12,18,12,0,6,5,43,6,49,"Strong operating margin, Strong revenue growth, Strong earnings growth, Cash covers debt, Low debt, Controlled metal sector debt, Commodity dividend support",Abnormally high dividend yield
06.09.2026 at 01:31 PM IST,CROWN,Crown Lifters Limited,Industrials,Rental & Leasing Services,1279461248.0,127.95,15.97,,1.69,74.87,,,38.24,21.09,66.68,29.3,9.1,,,1541000.0,0.15,579329024.0,57.93,,,,,,0.45,CAPITAL_GOODS_INFRA,12,15,4,0,10,0,41,8,49,"Strong operating margin, Strong revenue growth, Strong capital goods revenue growth, Manageable capital goods debt",
06.09.2026 at 01:31 PM IST,MANAKSIA,Manaksia Limited,Industrials,Metal Fabrication,4154858752.0,415.49,6.61,,0.57,4.07,,,6.77,7.54,20.96,28.5,69.9,,,4150723072.0,415.07,303726016.0,30.37,,,,,,0.74,METALS_MINING,3,20,12,0,10,0,45,4,49,"Strong revenue growth, Strong earnings growth, Cash covers debt, Low debt, Controlled metal sector debt",
06.09.2026 at 01:31 PM IST,NESTLEIND,Nestlé India Limited,Consumer Defensive,Packaged Foods,2719887392768.0,271988.74,71.42,56.82,52.74,8.62,,,21.17,15.62,55.13,25.2,48.1,,,13205699584.0,1320.57,4445599744.0,444.56,,,,,85.0,0.42,FMCG_CONSUMER,10,20,12,0,5,5,42,7,49,"Strong operating margin, Strong revenue growth, Strong earnings growth, Cash covers debt, Low debt, Forward PE improving, Healthy consumer margins, Low debt consumer business","Expensive price-to-book, Abnormally high dividend yield"
06.09.2026 at 01:31 PM IST,AGI,AGI Greenpac Limited,Consumer Cyclical,Packaging & Containers,47390830592.0,4739.08,13.09,7.6,1.97,10.13,,,16.58,13.11,51.46,14.2,11.9,,,1697900032.0,169.79,2437600000.0,243.76,,,,,95.0,-0.17,CONSUMER_DISCRETIONARY,8,10,11,0,15,5,39,10,49,"Reasonable cash coverage, Low debt, Forward PE improving, Consumer discretionary growth support, Healthy discretionary margin, Controlled discretionary debt",Abnormally high dividend yield
06.09.2026 at 01:31 PM IST,JIOFIN,Jio Financial Services Limited,Financial Services,Asset Management,1581452361728.0,158145.24,74.61,53.7,1.13,16.29,,,63.31,55.01,100.0,208.2,170.2,,,35982901248.0,3598.29,217989398528.0,21798.94,,,,,25.0,0.49,FINANCIAL,12,20,9,0,9,5,45,4,49,"Strong operating margin, Strong revenue growth, Strong earnings growth, Low debt, Forward PE improving, Strong financial earnings growth",Abnormally high dividend yield
06.09.2026 at 01:31 PM IST,TANLA,Tanla Platforms Limited,Technology,Software - Application,68838039552.0,6883.8,12.97,11.65,2.78,2.12,,,13.72,11.58,20.1,17.8,22.2,,,7749344256.0,774.93,527080992.0,52.71,,,,,2.3,0.73,IT_TECH,6,16,12,0,15,0,49,0,49,"Strong revenue growth, Strong earnings growth, Cash covers debt, Low debt, Forward PE improving",
06.09.2026 at 01:31 PM IST,JNKINDIA,JNK India Limited,Industrials,Specialty Industrial Machinery,24888301568.0,2488.83,33.1,24.44,4.38,15.97,,,7.24,8.37,24.08,81.5,9.25,,,2130029952.0,213.0,907089984.0,90.71,,,,,7.0,1.61,CAPITAL_GOODS_INFRA,3,15,12,0,11,0,41,8,49,"Strong revenue growth, Cash covers debt, Low debt, Forward PE improving, Strong capital goods revenue growth, Manageable capital goods debt",
06.09.2026 at 01:31 PM IST,INDOTECH,Indo Tech Transformers Limited,Industrials,Electrical Equipment & Parts,38762999808.0,3876.3,39.08,,29.16,1.39,,,13.19,11.74,28.4,39.0,34.1,,,1137100032.0,113.71,52000000.0,5.2,,,,,27.0,0.86,CAPITAL_GOODS_INFRA,6,20,12,0,4,5,37,12,49,"Strong revenue growth, Strong earnings growth, Cash covers debt, Low debt, Strong capital goods revenue growth, Strong capital goods earnings growth, Manageable capital goods debt","Expensive price-to-book, Abnormally high dividend yield"
06.09.2026 at 01:31 PM IST,THEJO,Thejo Engineering Limited,Industrials,Specialty Industrial Machinery,22911995904.0,2291.2,40.91,,6.47,10.78,,,11.16,8.31,80.53,31.0,71.7,,,614678976.0,61.47,408366016.0,40.84,,,,,24.0,0.54,CAPITAL_GOODS_INFRA,6,20,12,0,4,5,37,12,49,"Strong revenue growth, Strong earnings growth, Cash covers debt, Low debt, Strong capital goods revenue growth, Strong capital goods earnings growth, Manageable capital goods debt",Abnormally high dividend yield
06.09.2026 at 01:31 PM IST,AYE,Aye Finance Limited,Financial Services,Credit Services,45172903936.0,4517.29,19.0,9.77,1.61,199.99,,,34.99,22.21,100.0,36.7,91.1,,,10890399744.0,1089.04,50651000832.0,5065.1,,,,,,,FINANCIAL,12,20,0,0,13,0,45,4,49,"Strong operating margin, Strong revenue growth, Strong earnings growth, Forward PE improving, Strong financial earnings growth",
06.09.2026 at 01:31 PM IST,AXISBANK,Axis Bank Limited,Financial Services,Banks - Regional,3962954579968.0,396295.46,14.33,10.06,1.77,,13.35,1.54,49.18,36.03,0.0,14.0,21.8,,,1355972476928.0,135597.25,2852579704832.0,285257.97,,,,,8.0,0.42,BANK,16,13,0,0,15,0,44,5,49,"Strong operating margin, Strong earnings growth, Forward PE improving, Healthy bank ROA",
06.09.2026 at 01:31 PM IST,GROWW,Billionbrains Garage Ventures Limited,Financial Services,Capital Markets,1204261748736.0,120426.17,49.37,30.48,12.46,3.03,,,64.42,45.35,100.0,65.2,85.7,,,83388416000.0,8338.84,2922249984.0,292.22,,,,,,,FINANCIAL,12,20,12,0,5,0,49,0,49,"Strong operating margin, Strong revenue growth, Strong earnings growth, Cash covers debt, Low debt, Forward PE improving, Strong financial earnings growth","Expensive price-to-book, Expensive financial P/B"
06.09.2026 at 01:31 PM IST,SILGO,Silgo Retail Limited,Consumer Cyclical,Luxury Goods,1844755584.0,184.48,28.09,,1.35,14.64,,,32.37,13.94,27.28,10.7,26.8,,,8322000.0,0.83,201784992.0,20.18,,,,,,0.33,CONSUMER_DISCRETIONARY,11,15,9,0,8,0,43,6,49,"Strong operating margin, Strong earnings growth, Low debt, Healthy discretionary margin, Controlled discretionary debt",
06.09.2026 at 01:31 PM IST,GRINFRA,G R Infraprojects Limited,Industrials,Engineering & Construction,83881705472.0,8388.17,8.26,8.91,0.89,51.88,,,15.15,11.05,32.56,40.1,46.4,,,13043937280.0,1304.39,48718184448.0,4871.82,,,,,58.0,0.6,CAPITAL_GOODS_INFRA,6,20,4,0,12,5,37,12,49,"Strong revenue growth, Strong earnings growth, Strong capital goods revenue growth, Strong capital goods earnings growth, Manageable capital goods debt",Abnormally high dividend yield
06.09.2026 at 01:31 PM IST,SOMANYCERA,Somany Ceramics Limited,Industrials,Building Products & Equipment,22831831040.0,2283.18,21.53,15.85,2.71,40.69,,,7.69,3.62,48.49,24.0,242.9,,,1459587968.0,145.96,3743261952.0,374.33,,,,,1.61,0.75,CAPITAL_GOODS_INFRA,0,18,7,0,12,0,37,12,49,"Strong revenue growth, Strong earnings growth, Low debt, Forward PE improving, Strong capital goods revenue growth, Strong capital goods earnings growth, Manageable capital goods debt",
06.09.2026 at 01:31 PM IST,VAIBHAVGBL,Vaibhav Global Limited,Consumer Cyclical,Luxury Goods,36695265280.0,3669.53,13.01,4.52,2.22,25.23,,,7.64,7.51,66.29,12.7,48.7,,,4063746048.0,406.37,4158344960.0,415.83,,,,,2.74,0.21,CONSUMER_DISCRETIONARY,3,15,9,0,15,0,42,7,49,"Strong earnings growth, Reasonable cash coverage, Low debt, Forward PE improving, Consumer discretionary growth support, Controlled discretionary debt",
06.09.2026 at 01:31 PM IST,AUROPHARMA,Aurobindo Pharma Limited,Healthcare,Drug Manufacturers - Specialty & Generic,951157194752.0,95115.72,25.84,17.78,2.53,21.31,,,15.24,10.63,58.85,16.3,25.8,,,105849200640.0,10584.92,80728399872.0,8072.84,,,,,24.0,0.03,PHARMA_HEALTHCARE,6,18,10,0,13,5,42,7,49,"Strong revenue growth, Strong earnings growth, Cash covers debt, Low debt, Forward PE improving, Healthcare growth support, Controlled healthcare debt",Abnormally high dividend yield
06.09.2026 at 01:31 PM IST,GRSE,Garden Reach Shipbuilders & Engineers Limited,Industrials,Aerospace & Defense,290732965888.0,29073.3,36.3,28.57,11.07,1.42,,,7.48,10.66,18.5,38.5,43.9,,,33880936448.0,3388.09,373977984.0,37.4,,,,,77.0,0.68,CAPITAL_GOODS_INFRA,3,20,12,0,7,5,37,12,49,"Strong revenue growth, Strong earnings growth, Cash covers debt, Low debt, Forward PE improving, Strong capital goods revenue growth, Strong capital goods earnings growth, Manageable capital goods debt","Expensive price-to-book, Abnormally high dividend yield"
06.09.2026 at 01:31 PM IST,WABAG,VA Tech Wabag Limited,Industrials,Engineering & Construction,125483065344.0,12548.31,35.01,22.08,4.87,8.87,,,8.78,9.64,16.12,20.8,36.8,,,10552000512.0,1055.2,2284000000.0,228.4,,,,,25.0,0.79,CAPITAL_GOODS_INFRA,3,18,12,0,9,5,37,12,49,"Strong revenue growth, Strong earnings growth, Cash covers debt, Low debt, Forward PE improving, Strong capital goods revenue growth, Strong capital goods earnings growth, Manageable capital goods debt",Abnormally high dividend yield
06.09.2026 at 01:31 PM IST,TATVA,Tatva Chintan Pharma Chem Limited,Basic Materials,Specialty Chemicals,39228477440.0,3922.85,76.26,41.04,5.02,15.4,,,13.01,9.24,56.57,42.9,140.5,,,87910000.0,8.79,1203730048.0,120.37,,,,,12.0,0.29,CHEMICALS,6,20,9,0,7,0,42,7,49,"Strong revenue growth, Strong earnings growth, Low debt, Forward PE improving, Chemical revenue growth support, Controlled chemical debt",
06.09.2026 at 01:31 PM IST,ALIVUS,Alivus Life Sciences Limited,Healthcare,Drug Manufacturers - Specialty & Generic,168184610816.0,16818.46,27.93,21.81,5.05,1.7,,,29.84,23.28,59.42,6.4,31.7,,,7825110016.0,782.51,567710016.0,56.77,,,,,37.0,0.08,PHARMA_HEALTHCARE,12,12,12,0,11,5,42,7,49,"Strong operating margin, Strong earnings growth, Cash covers debt, Low debt, Forward PE improving, Strong healthcare margin, Controlled healthcare debt",Abnormally high dividend yield
06.09.2026 at 01:31 PM IST,GAIL,GAIL (India) Limited,Utilities,Utilities - Regulated Gas,1140118781952.0,114011.88,11.54,9.48,1.28,27.81,,,14.83,6.7,18.75,16.7,97.2,,,21266599936.0,2126.66,248314904576.0,24831.49,,,,,3.17,0.51,ENERGY_UTILITIES,6,18,7,0,15,0,46,3,49,"Strong revenue growth, Strong earnings growth, Low debt, Forward PE improving, Energy dividend support",
06.09.2026 at 01:31 PM IST,SUMMITSEC,Summit Securities Limited,Financial Services,Capital Markets,15690051584.0,1569.01,13.05,,0.18,,,,96.97,76.06,99.97,48.5,74.8,,,97836810240.0,9783.68,0.0,0.0,,,,,,0.49,FINANCIAL,12,20,3,0,10,0,45,4,49,"Strong operating margin, Strong revenue growth, Strong earnings growth, Net cash position, Strong financial earnings growth",
06.09.2026 at 01:31 PM IST,NAUKRI,Info Edge (India) Limited,Communication Services,Internet Content & Information,854884089856.0,85488.41,53.48,57.07,2.25,0.64,,,34.81,47.4,56.39,11.4,50.7,,,45885431808.0,4588.54,2585299968.0,258.53,,,,,1.09,0.3,TELECOM,12,15,12,0,7,0,46,3,49,"Strong operating margin, Strong earnings growth, Cash covers debt, Low debt, Telecom revenue growth support",
06.09.2026 at 01:31 PM IST,TATAELXSI,Tata Elxsi Limited,Technology,Software - Application,221661839360.0,22166.18,33.9,24.75,7.29,5.34,,,18.97,16.74,33.08,14.5,18.1,,,16493210624.0,1649.32,1622763008.0,162.28,,,,,2.11,0.31,IT_TECH,10,13,12,0,9,0,44,5,49,"Strong operating margin, Strong earnings growth, Cash covers debt, Low debt, Forward PE improving, Strong tech operating margin",
06.09.2026 at 01:31 PM IST,KTKBANK,The Karnataka Bank Limited,Financial Services,Banks - Regional,128581697536.0,12858.17,8.96,8.26,0.97,,,,43.62,41.45,0.0,26.1,43.3,,,77356302336.0,7735.63,53290000384.0,5329.0,,,,,1.47,0.3,BANK,12,20,3,0,14,0,49,0,49,"Strong operating margin, Strong revenue growth, Strong earnings growth, Cash covers debt, Forward PE improving",
06.09.2026 at 01:31 PM IST,EUREKAFORB,Eureka Forbes Limited,Consumer Cyclical,"Furnishings, Fixtures & Appliances",82092326912.0,8209.23,45.68,27.73,1.78,0.63,,,7.24,6.46,58.66,15.2,47.2,,,4761476096.0,476.15,289168000.0,28.92,,,,,,-0.04,CONSUMER_DISCRETIONARY,3,18,12,0,9,0,42,7,49,"Strong revenue growth, Strong earnings growth, Cash covers debt, Low debt, Forward PE improving, Consumer discretionary growth support, Controlled discretionary debt",
06.09.2026 at 01:31 PM IST,NRBBEARING,NRB Bearings Limited,Consumer Cyclical,Auto Parts,43411632128.0,4341.16,29.47,22.51,4.51,15.65,,,12.26,10.58,59.27,19.2,14.8,,,666499968.0,66.65,1538800000.0,153.88,,,,,2.74,0.57,AUTO,6,13,9,0,11,0,39,10,49,"Strong revenue growth, Low debt, Forward PE improving, Auto revenue growth support, Healthy auto margin, Manageable auto debt",
06.09.2026 at 01:31 PM IST,KOVAI,Kovai Medical Center and Hospital Limited,Healthcare,Medical Care Facilities,65927127040.0,6592.71,25.75,,5.0,30.53,,,21.38,15.6,48.25,15.3,20.7,,,3448784896.0,344.88,4027471872.0,402.75,,,,,25.0,0.41,PHARMA_HEALTHCARE,10,16,9,0,8,5,38,11,49,"Strong operating margin, Strong revenue growth, Strong earnings growth, Reasonable cash coverage, Low debt, Strong healthcare margin, Healthcare growth support, Controlled healthcare debt",Abnormally high dividend yield
06.09.2026 at 01:31 PM IST,IRMENERGY,IRM Energy Limited,Utilities,Utilities - Regulated Gas,11496709120.0,1149.67,15.72,11.48,1.15,7.33,,,13.92,6.47,27.54,24.1,142.8,,,2764930048.0,276.49,731480000.0,73.15,,,,,53.0,2.07,ENERGY_UTILITIES,6,18,12,0,15,5,46,3,49,"Strong revenue growth, Strong earnings growth, Cash covers debt, Low debt, Forward PE improving, Energy dividend support",Abnormally high dividend yield
06.09.2026 at 01:31 PM IST,SIYSIL,Siyaram Silk Mills Limited,Consumer Cyclical,Textile Manufacturing,25293824000.0,2529.38,10.66,4.94,1.73,24.13,,,0.01,9.03,50.92,14.4,138.2,,,2136529024.0,213.65,3523412992.0,352.34,,,,,3.08,0.32,CONSUMER_DISCRETIONARY,3,15,9,0,15,0,42,7,49,"Strong earnings growth, Reasonable cash coverage, Low debt, Forward PE improving, Consumer discretionary growth support, Controlled discretionary debt",
06.09.2026 at 01:31 PM IST,CYIENTDLM,Cyient DLM Limited,Industrials,Aerospace & Defense,67896242176.0,6789.62,82.5,48.85,6.71,17.02,,,7.51,6.05,38.65,34.3,118.1,,,1000329984.0,100.03,1722739968.0,172.27,,,,,,0.44,CAPITAL_GOODS_INFRA,3,20,11,0,3,0,37,12,49,"Strong revenue growth, Strong earnings growth, Reasonable cash coverage, Low debt, Forward PE improving, Strong capital goods revenue growth, Strong capital goods earnings growth, Manageable capital goods debt",Very high PE
06.09.2026 at 01:31 PM IST,TBOTEK,TBO Tek Limited,Consumer Cyclical,Travel Services,179290308608.0,17929.03,68.09,33.53,11.58,48.76,,,11.93,8.56,79.88,81.1,32.3,,,15388869632.0,1538.89,7561390080.0,756.14,,,,,,0.63,CONSUMER_DISCRETIONARY,6,20,10,0,3,0,39,10,49,"Strong revenue growth, Strong earnings growth, Cash covers debt, Low debt, Forward PE improving, Consumer discretionary growth support, Healthy discretionary margin, Controlled discretionary debt",Expensive price-to-book
06.09.2026 at 01:31 PM IST,MARINE,Marine Electricals (India) Limited,Industrials,Electrical Equipment & Parts,57112387584.0,5711.24,93.18,,12.14,17.66,,,9.1,6.61,28.82,55.2,48.2,,,1480852992.0,148.09,885976000.0,88.6,,,,,7.0,1.12,CAPITAL_GOODS_INFRA,3,20,12,0,2,0,37,12,49,"Strong revenue growth, Strong earnings growth, Cash covers debt, Low debt, Strong capital goods revenue growth, Strong capital goods earnings growth, Manageable capital goods debt","Very high PE, Expensive price-to-book"
06.09.2026 at 01:31 PM IST,SUNPHARMA,Sun Pharmaceutical Industries Limited,Healthcare,Drug Manufacturers - Specialty & Generic,4556336922624.0,455633.69,37.74,29.43,5.45,5.52,,,23.25,20.19,78.92,10.5,27.4,,,335165784064.0,33516.58,46273200128.0,4627.32,,,,,84.0,0.12,PHARMA_HEALTHCARE,11,15,12,0,9,5,42,7,49,"Strong operating margin, Strong earnings growth, Cash covers debt, Low debt, Forward PE improving, Strong healthcare margin, Controlled healthcare debt",Abnormally high dividend yield
06.09.2026 at 01:31 PM IST,AKUMS,Akums Drugs and Pharmaceuticals Limited,Healthcare,Drug Manufacturers - Specialty & Generic,117092458496.0,11709.25,40.1,22.41,3.53,5.76,,,11.45,6.48,41.09,13.9,57.3,,,16805980160.0,1680.6,1917379968.0,191.74,,,,,13.0,0.58,PHARMA_HEALTHCARE,6,15,12,0,9,0,42,7,49,"Strong earnings growth, Cash covers debt, Low debt, Forward PE improving, Healthcare growth support, Controlled healthcare debt",
06.09.2026 at 01:31 PM IST,JTLIND,JTL Industries Limited,Basic Materials,Steel,35947315200.0,3594.73,29.5,16.33,2.21,16.04,,,6.79,4.96,15.63,32.7,143.2,,,445100000.0,44.51,2440551936.0,244.06,,,,,14.0,0.93,METALS_MINING,0,20,9,0,13,0,42,6,48,"Strong revenue growth, Strong earnings growth, Low debt, Forward PE improving, Controlled metal sector debt, Commodity dividend support",
06.09.2026 at 01:31 PM IST,BANKINDIA,Bank of India,Financial Services,Banks - Regional,660136787968.0,66013.68,5.37,5.57,0.73,,13.7,,48.54,34.99,0.0,18.5,80.3,,,1022474977280.0,102247.5,1153757478912.0,115375.75,,,,,3.21,0.78,BANK,16,18,2,0,12,0,48,0,48,"Strong operating margin, Strong revenue growth, Strong earnings growth, Reasonable cash coverage",
06.09.2026 at 01:31 PM IST,NAM-INDIA,Nippon Life India Asset Management Limited,Financial Services,Asset Management,742082674688.0,74208.27,45.86,34.66,15.89,1.62,,,71.08,52.51,83.17,24.5,26.4,,,39300001792.0,3930.0,753400000.0,75.34,,,,,1.85,0.63,FINANCIAL,12,18,12,0,6,0,48,0,48,"Strong operating margin, Strong revenue growth, Strong earnings growth, Cash covers debt, Low debt, Forward PE improving, Strong financial earnings growth","Expensive price-to-book, Expensive financial P/B"
06.09.2026 at 01:31 PM IST,AMBIKCO,Ambika Cotton Mills Limited,Consumer Cyclical,Textile Manufacturing,9377550336.0,937.76,11.53,13.17,0.98,,,,13.25,9.6,36.24,34.3,61.4,,,1988199936.0,198.82,0.0,0.0,,,,,2.26,0.61,CONSUMER_DISCRETIONARY,6,20,3,0,12,0,41,7,48,"Strong revenue growth, Strong earnings growth, Net cash position, Consumer discretionary growth support, Healthy discretionary margin",
06.09.2026 at 01:31 PM IST,DPABHUSHAN,D. P. Abhushan Limited,Consumer Cyclical,Luxury Goods,32283242496.0,3228.32,13.48,,5.09,48.03,,,10.72,5.48,10.52,58.0,75.5,,,257546000.0,25.75,3038258944.0,303.83,,,,,,-0.51,CONSUMER_DISCRETIONARY,3,20,7,0,8,0,38,10,48,"Strong revenue growth, Strong earnings growth, Low debt, Consumer discretionary growth support, Healthy discretionary margin, Controlled discretionary debt",
06.09.2026 at 01:31 PM IST,PRUDENT,Prudent Corporate Advisory Services Limited,Financial Services,Asset Management,138712383488.0,13871.24,56.54,39.94,15.71,3.87,,,27.33,17.49,44.22,20.9,44.4,,,5600631808.0,560.06,341254016.0,34.13,,,,,10.0,0.39,FINANCIAL,11,18,12,0,7,0,48,0,48,"Strong operating margin, Strong revenue growth, Strong earnings growth, Cash covers debt, Low debt, Forward PE improving, Strong financial earnings growth","Expensive price-to-book, Expensive financial P/B"
06.09.2026 at 01:31 PM IST,KIRLFER,Kirloskar Ferrous Industries Limited,Industrials,Metal Fabrication,76341977088.0,7634.2,21.74,11.02,1.98,12.22,,,4.54,5.05,43.54,29.9,44.0,,,64600000.0,6.46,0.0,0.0,,,,,1.31,0.45,METALS_MINING,0,20,12,0,12,0,44,4,48,"Strong revenue growth, Strong earnings growth, Net cash position, Low debt, Forward PE improving, Controlled metal sector debt",
06.09.2026 at 01:31 PM IST,SANDUMA,The Sandur Manganese & Iron Ores Limited,Basic Materials,Steel,96034865152.0,9603.49,13.38,,2.95,30.58,,,21.27,13.46,55.73,21.1,34.2,,,2275200000.0,227.52,9998000128.0,999.8,,,,,25.0,0.81,METALS_MINING,10,18,7,0,12,5,42,6,48,"Strong operating margin, Strong revenue growth, Strong earnings growth, Low debt, Controlled metal sector debt, Commodity dividend support",Abnormally high dividend yield
06.09.2026 at 01:31 PM IST,WELCORP,Welspun Corp Limited,Basic Materials,Steel,678747504640.0,67874.75,29.4,23.71,7.42,25.04,,,13.91,13.35,38.4,14.9,198.3,,,37637300224.0,3763.73,23554500608.0,2355.45,,,,,19.0,0.53,METALS_MINING,8,15,10,0,9,0,42,6,48,"Strong earnings growth, Cash covers debt, Low debt, Forward PE improving, Controlled metal sector debt, Commodity dividend support",
06.09.2026 at 01:31 PM IST,VIYASH,Viyash Scientific Limited,Healthcare,Drug Manufacturers - Specialty & Generic,117134770176.0,11713.48,55.91,22.85,3.99,15.72,,,12.47,5.91,52.33,114.4,162.5,,,2594259968.0,259.43,4897529856.0,489.75,,,,,,0.97,PHARMA_HEALTHCARE,3,20,11,0,7,0,41,7,48,"Strong revenue growth, Strong earnings growth, Reasonable cash coverage, Low debt, Forward PE improving, Healthcare growth support, Controlled healthcare debt",
06.09.2026 at 01:31 PM IST,VRLLOG,VRL Logistics Limited,Industrials,Trucking,51886313472.0,5188.63,19.42,15.78,4.74,101.02,,,14.14,7.94,23.21,18.1,60.8,,,164200000.0,16.42,11541300224.0,1154.13,,,,,3.36,0.04,CAPITAL_GOODS_INFRA,6,18,2,0,13,0,39,9,48,"Strong revenue growth, Strong earnings growth, Forward PE improving, Strong capital goods revenue growth, Strong capital goods earnings growth",
06.09.2026 at 01:31 PM IST,ARIHANTCAP,Arihant Capital Markets Limited,Financial Services,Capital Markets,8796395520.0,879.64,22.23,,1.81,55.35,,,38.59,19.36,46.93,50.4,69.0,,,5953851904.0,595.39,2440806912.0,244.08,,,,,63.0,0.27,FINANCIAL,12,20,7,0,10,5,44,4,48,"Strong operating margin, Strong revenue growth, Strong earnings growth, Cash covers debt, Strong financial earnings growth",Abnormally high dividend yield
06.09.2026 at 01:31 PM IST,SBGLP,Suratwwala Business Group Limited,Real Estate,Real Estate - Development,4144653056.0,414.47,10.08,,4.0,75.19,,,30.82,24.78,41.41,164.0,71.0,,,93496000.0,9.35,830124992.0,83.01,,,,,50.0,0.35,CEMENT_REALTY,12,20,4,0,10,5,41,7,48,"Strong operating margin, Strong revenue growth, Strong earnings growth, Manageable cement/realty debt, Healthy cement/realty margin",Abnormally high dividend yield
06.09.2026 at 01:31 PM IST,CIEINDIA,CIE Automotive India Limited,Consumer Cyclical,Auto Parts,145959665664.0,14595.97,16.29,13.5,1.89,6.63,,,11.16,5.73,53.4,10.6,15.9,,,9454249984.0,945.42,5133879808.0,513.39,,,,,1.82,,AUTO,3,13,12,0,14,0,42,6,48,"Strong earnings growth, Cash covers debt, Low debt, Forward PE improving, Healthy auto margin, Manageable auto debt",
06.09.2026 at 01:31 PM IST,OMNI,Omnitech Engineering Limited,Industrials,Specialty Industrial Machinery,65048326144.0,6504.83,62.47,,8.56,63.96,,,26.61,18.08,76.54,61.5,389.8,,,1655740032.0,165.57,4347200000.0,434.72,,,,,,,CAPITAL_GOODS_INFRA,12,20,4,0,0,0,36,12,48,"Strong operating margin, Strong revenue growth, Strong earnings growth, Strong capital goods revenue growth, Strong capital goods earnings growth, Manageable capital goods debt",
06.09.2026 at 01:31 PM IST,SBCL,Shivalik Bimetal Controls Limited,Industrials,Metal Fabrication,64228683776.0,6422.87,60.63,38.45,13.29,14.78,,,21.55,17.21,44.81,33.4,44.7,,,1046953984.0,104.7,711360000.0,71.14,,,,,36.0,0.65,METALS_MINING,10,20,12,0,5,5,42,6,48,"Strong operating margin, Strong revenue growth, Strong earnings growth, Cash covers debt, Low debt, Forward PE improving, Controlled metal sector debt, Commodity dividend support","Expensive price-to-book, Abnormally high dividend yield"
06.09.2026 at 01:31 PM IST,BANCOINDIA,Banco Products (India) Limited,Consumer Cyclical,Auto Parts,89541345280.0,8954.13,18.09,,5.31,36.44,,,15.04,12.03,46.89,22.0,11.7,,,1593200000.0,159.32,6137699840.0,613.77,,,,,2.57,0.68,AUTO,8,13,7,0,10,0,38,10,48,"Strong revenue growth, Low debt, Auto revenue growth support, Healthy auto margin, Manageable auto debt",
06.09.2026 at 01:31 PM IST,XCHANGING,Xchanging Solutions Limited,Technology,Information Technology Services,6855784448.0,685.58,11.27,,1.73,17.95,,,33.54,29.43,40.29,7.3,9.7,,,3117199872.0,311.72,711100032.0,71.11,,,,,3.26,0.77,IT_TECH,12,7,12,0,12,0,43,5,48,"Strong operating margin, Cash covers debt, Low debt, Strong tech operating margin",
06.09.2026 at 01:31 PM IST,GREAVESCOT,Greaves Cotton Limited,Industrials,Specialty Industrial Machinery,45425528832.0,4542.55,45.99,22.41,3.17,12.33,,,3.94,3.33,32.69,16.6,22.5,,,2297200128.0,229.72,1847299968.0,184.73,,,,,1.52,0.07,CAPITAL_GOODS_INFRA,0,16,12,0,8,0,36,12,48,"Strong revenue growth, Strong earnings growth, Cash covers debt, Low debt, Forward PE improving, Strong capital goods revenue growth, Strong capital goods earnings growth, Manageable capital goods debt",
06.09.2026 at 01:31 PM IST,CPCAP,CP Capital Limited,Financial Services,Credit Services,2342212096.0,234.22,5.19,,0.41,13.48,,,88.74,57.07,91.57,13.2,23.4,,,30738000.0,3.07,772068992.0,77.21,,,,,,-0.23,FINANCIAL,12,13,9,0,10,0,44,4,48,"Strong operating margin, Strong earnings growth, Low debt, Strong financial earnings growth",
06.09.2026 at 01:31 PM IST,3MINDIA,3M India Limited,Industrials,Conglomerates,371240370176.0,37124.04,64.32,42.4,21.0,9.6,,,15.55,10.87,40.66,19.0,31.2,,,8121399808.0,812.14,1697500032.0,169.75,,,,,49.0,0.27,CAPITAL_GOODS_INFRA,6,18,12,0,5,5,36,12,48,"Strong revenue growth, Strong earnings growth, Cash covers debt, Low debt, Forward PE improving, Strong capital goods revenue growth, Strong capital goods earnings growth, Manageable capital goods debt","Expensive price-to-book, Abnormally high dividend yield"
06.09.2026 at 01:31 PM IST,SURAKSHA,Suraksha Diagnostic Limited,Healthcare,Diagnostics & Research,17296021504.0,1729.6,48.27,33.89,7.04,53.53,,,21.8,11.0,88.41,20.7,38.9,,,263484000.0,26.35,1303410944.0,130.34,,,,,15.0,,PHARMA_HEALTHCARE,8,18,4,0,7,0,37,11,48,"Strong operating margin, Strong revenue growth, Strong earnings growth, Forward PE improving, Strong healthcare margin, Healthcare growth support, Controlled healthcare debt",
06.09.2026 at 01:31 PM IST,CAMS,Computer Age Management Services Limited,Technology,Information Technology Services,185925206016.0,18592.52,37.74,28.66,14.06,4.86,,,40.05,31.79,66.45,11.5,17.0,,,8521589760.0,852.16,642350016.0,64.24,,,,,1.71,0.21,IT_TECH,12,13,12,0,6,0,43,5,48,"Strong operating margin, Strong earnings growth, Cash covers debt, Low debt, Forward PE improving, Strong tech operating margin",Expensive price-to-book
06.09.2026 at 01:31 PM IST,PFIZER,Pfizer Limited,Healthcare,Drug Manufacturers - General,210439569408.0,21043.96,28.59,22.05,5.01,1.67,,,35.72,28.61,64.19,8.3,6.6,,,30883899392.0,3088.39,702300032.0,70.23,,,,,1.63,0.12,PHARMA_HEALTHCARE,12,7,12,0,10,0,41,7,48,"Strong operating margin, Cash covers debt, Low debt, Forward PE improving, Strong healthcare margin, Controlled healthcare debt",
06.09.2026 at 01:31 PM IST,NGLFINE,NGL Fine-Chem Limited,Healthcare,Drug Manufacturers - General,17916270592.0,1791.63,31.27,,5.44,37.23,,,12.96,10.69,50.86,33.6,99.1,,,442984992.0,44.3,1225816064.0,122.58,,,,,6.0,0.88,PHARMA_HEALTHCARE,6,20,7,0,8,0,41,7,48,"Strong revenue growth, Strong earnings growth, Low debt, Healthcare growth support, Controlled healthcare debt",
06.09.2026 at 01:31 PM IST,MANINDS,Man Industries (India) Limited,Basic Materials,Steel,58950021120.0,5895.0,28.89,10.44,2.74,30.1,,,10.79,5.27,40.09,41.9,95.2,,,7279799808.0,727.98,6279799808.0,627.98,,,,,,0.53,METALS_MINING,3,20,10,0,11,0,44,4,48,"Strong revenue growth, Strong earnings growth, Cash covers debt, Low debt, Forward PE improving, Controlled metal sector debt",
06.09.2026 at 01:31 PM IST,APARINDS,APAR Industries Limited,Industrials,Electrical Equipment & Parts,730127925248.0,73012.79,59.58,46.37,12.99,17.72,,,10.8,4.84,21.59,29.1,77.4,,,7761900032.0,776.19,9555099648.0,955.51,,,,,34.0,0.18,CAPITAL_GOODS_INFRA,3,20,11,0,7,5,36,12,48,"Strong revenue growth, Strong earnings growth, Reasonable cash coverage, Low debt, Forward PE improving, Strong capital goods revenue growth, Strong capital goods earnings growth, Manageable capital goods debt","Expensive price-to-book, Abnormally high dividend yield"
06.09.2026 at 01:31 PM IST,MOREPENLAB,Morepen Laboratories Limited,Healthcare,Drug Manufacturers - Specialty & Generic,62247542784.0,6224.75,44.38,,5.12,16.67,,,13.01,7.2,37.1,34.1,415.0,,,916993984.0,91.7,2078552064.0,207.86,,,,,18.0,0.9,PHARMA_HEALTHCARE,6,20,9,0,6,0,41,7,48,"Strong revenue growth, Strong earnings growth, Low debt, Healthcare growth support, Controlled healthcare debt",
06.09.2026 at 01:31 PM IST,AJMERA,Ajmera Realty & Infra India Limited,Real Estate,Real Estate - Development,23123488768.0,2312.35,14.97,5.9,1.65,46.83,,,28.29,13.45,32.37,22.6,12.5,,,1159100032.0,115.91,7112300032.0,711.23,,,,,85.0,0.54,CEMENT_REALTY,11,13,7,0,15,5,41,7,48,"Strong operating margin, Strong revenue growth, Low debt, Forward PE improving, Manageable cement/realty debt, Healthy cement/realty margin",Abnormally high dividend yield
06.09.2026 at 01:31 PM IST,DEEPAKFERT,Deepak Fertilisers And Petrochemicals Corporation Limited,Basic Materials,Chemicals,172463407104.0,17246.34,17.52,10.93,2.52,75.97,,,22.73,8.13,32.62,22.5,101.6,,,6623699968.0,662.37,56702799872.0,5670.28,,,,,73.0,0.05,CHEMICALS,8,18,4,0,15,5,40,8,48,"Strong operating margin, Strong revenue growth, Strong earnings growth, Forward PE improving, Strong chemical margin, Chemical revenue growth support",Abnormally high dividend yield
06.09.2026 at 01:31 PM IST,BETA,Beta Drugs Limited,Healthcare,Drug Manufacturers - Specialty & Generic,22319056896.0,2231.91,50.08,,9.15,60.39,,,18.34,11.11,57.1,25.3,27.5,,,1248479744.0,124.85,1478067200.0,147.81,,,,,,-0.45,PHARMA_HEALTHCARE,8,20,6,0,2,0,36,11,47,"Strong operating margin, Strong revenue growth, Strong earnings growth, Reasonable cash coverage, Strong healthcare margin, Healthcare growth support, Controlled healthcare debt",
06.09.2026 at 01:31 PM IST,ICICIBANK,ICICI Bank Limited,Financial Services,Banks - Regional,10214680035328.0,1021468.0,18.42,15.14,2.68,,16.07,2.11,38.51,27.53,0.0,11.4,13.8,,,740090773504.0,74009.08,2263177232384.0,226317.72,,,,,84.0,0.26,BANK,16,10,0,0,15,5,36,11,47,"Strong operating margin, Forward PE improving, Strong bank ROE, Healthy bank ROA",Abnormally high dividend yield
06.09.2026 at 01:31 PM IST,SMLT,Sarthak Metals Limited,Industrials,Metal Fabrication,885042368.0,88.5,18.11,,0.71,4.17,3.96,9.64,1.7,2.42,19.36,19.4,26.0,11.54,6.31,2061000.0,0.21,52326000.0,5.23,,,,,74.0,0.59,METALS_MINING,4,18,17,0,12,10,41,6,47,"Strong revenue growth, Strong earnings growth, Low debt, Controlled metal sector debt, Commodity dividend support",Abnormally high dividend yield
06.09.2026 at 01:31 PM IST,DBCORP,D. B. Corp Limited,Communication Services,Publishing,34724012032.0,3472.4,9.87,9.08,1.43,10.8,,,18.55,14.66,52.8,7.9,24.7,,,9357290496.0,935.73,2622139904.0,262.21,,,,,3.58,0.18,TELECOM,10,10,12,0,15,0,47,0,47,"Strong operating margin, Strong earnings growth, Cash covers debt, Low debt, Forward PE improving",
06.09.2026 at 01:31 PM IST,POKARNA,Pokarna Limited,Industrials,Building Products & Equipment,25317865472.0,2531.79,26.65,,2.95,53.46,,,29.67,16.03,70.42,10.8,50.5,,,136080992.0,13.61,4581252096.0,458.13,,,,,7.0,0.33,CAPITAL_GOODS_INFRA,11,15,4,0,10,0,40,7,47,"Strong operating margin, Strong earnings growth, Strong capital goods earnings growth, Manageable capital goods debt",
06.09.2026 at 01:31 PM IST,ETHOSLTD,Ethos Limited,Consumer Cyclical,Luxury Goods,74921541632.0,7492.15,72.13,41.08,5.04,19.37,,,7.67,6.01,29.14,33.3,35.3,,,6616458240.0,661.65,3223175936.0,322.32,,,,,,0.07,CONSUMER_DISCRETIONARY,3,20,12,0,5,0,40,7,47,"Strong revenue growth, Strong earnings growth, Cash covers debt, Low debt, Forward PE improving, Consumer discretionary growth support, Controlled discretionary debt",
06.09.2026 at 01:31 PM IST,ALBERTDAVD,Albert David Limited,Healthcare,Drug Manufacturers - Specialty & Generic,4964660224.0,496.47,21.98,,1.27,7.55,,,8.24,6.19,65.76,43.6,303.1,,,2575840000.0,257.58,295804992.0,29.58,,,,,58.0,0.34,PHARMA_HEALTHCARE,3,20,12,0,10,5,40,7,47,"Strong revenue growth, Strong earnings growth, Cash covers debt, Low debt, Healthcare growth support, Controlled healthcare debt",Abnormally high dividend yield
06.09.2026 at 01:31 PM IST,BANARBEADS,Banaras Beads Limited,Consumer Cyclical,Footwear & Accessories,750468096.0,75.05,39.91,,1.3,35.61,,,14.5,6.65,64.44,45.9,17.4,,,53745000.0,5.37,205291008.0,20.53,,,,,,0.45,CONSUMER_DISCRETIONARY,6,18,7,0,6,0,37,10,47,"Strong revenue growth, Strong earnings growth, Low debt, Consumer discretionary growth support, Healthy discretionary margin, Controlled discretionary debt",
06.09.2026 at 01:31 PM IST,M&MFIN,Mahindra & Mahindra Financial Services Limited,Financial Services,Credit Services,520761671680.0,52076.17,15.97,12.29,1.95,429.85,,,43.8,30.89,86.34,36.7,64.0,,,21435099136.0,2143.51,1147356053504.0,114735.61,,,,,2.01,0.33,FINANCIAL,12,20,0,0,15,8,39,8,47,"Strong operating margin, Strong revenue growth, Strong earnings growth, Forward PE improving, Financial leverage treated differently, Strong financial earnings growth",Very high debt
06.09.2026 at 01:31 PM IST,SRHHYPOLTD,Sree Rayalaseema Hi-Strength Hypo Limited,Basic Materials,Chemicals,9117953024.0,911.8,9.7,28.23,0.94,1.18,,,13.3,13.21,50.77,17.0,11.3,,,4387988992.0,438.8,116107000.0,11.61,,,,,56.0,0.43,CHEMICALS,8,13,12,0,12,5,40,7,47,"Strong revenue growth, Cash covers debt, Low debt, Chemical revenue growth support, Controlled chemical debt","Forward PE deterioration, Abnormally high dividend yield"
06.09.2026 at 01:31 PM IST,TECHM,Tech Mahindra Limited,Technology,Information Technology Services,1414690766848.0,141469.08,27.62,18.33,4.78,7.27,,,14.41,8.68,35.76,17.7,28.3,,,83856998400.0,8385.7,21862000640.0,2186.2,,,,,3.19,0.16,IT_TECH,6,18,12,0,11,0,47,0,47,"Strong revenue growth, Strong earnings growth, Cash covers debt, Low debt, Forward PE improving",
06.09.2026 at 01:31 PM IST,WEBELSOLAR,Websol Energy System Limited,Technology,Solar,32236636160.0,3223.66,10.34,,5.33,20.73,,,27.85,26.06,55.83,70.3,14.4,,,1524400000.0,152.44,1307399936.0,130.74,,,,,34.0,0.24,IT_TECH,12,15,10,0,10,5,42,5,47,"Strong operating margin, Strong revenue growth, Cash covers debt, Low debt, Strong tech operating margin",Abnormally high dividend yield
06.09.2026 at 01:31 PM IST,AZAD,Azad Engineering Limited,Industrials,Specialty Industrial Machinery,179601833984.0,17960.18,128.39,75.23,11.75,31.02,,,26.5,21.76,92.01,25.9,21.3,,,1845910016.0,184.59,4743229952.0,474.32,,,,,,0.64,CAPITAL_GOODS_INFRA,12,18,7,0,3,5,35,12,47,"Strong operating margin, Strong revenue growth, Strong earnings growth, Low debt, Forward PE improving, Strong capital goods revenue growth, Strong capital goods earnings growth, Manageable capital goods debt","Very high PE, Expensive price-to-book"
06.09.2026 at 01:31 PM IST,VISHNU,Vishnu Chemicals Limited,Basic Materials,Specialty Chemicals,47107231744.0,4710.72,31.45,20.05,4.71,49.07,,,12.53,8.82,31.87,24.9,23.0,,,1003867008.0,100.39,5272292864.0,527.23,,,,,4.0,0.01,CHEMICALS,6,16,7,0,11,0,40,7,47,"Strong revenue growth, Strong earnings growth, Low debt, Forward PE improving, Chemical revenue growth support, Controlled chemical debt",
06.09.2026 at 01:31 PM IST,APOLLO,Apollo Micro Systems Limited,Industrials,Aerospace & Defense,144849485824.0,14484.95,116.71,47.83,10.25,41.53,,,18.36,11.87,31.91,88.1,38.9,,,1561143040.0,156.11,5432588800.0,543.26,,,,,6.0,1.31,CAPITAL_GOODS_INFRA,8,20,7,0,5,5,35,12,47,"Strong operating margin, Strong revenue growth, Strong earnings growth, Low debt, Forward PE improving, Strong capital goods revenue growth, Strong capital goods earnings growth, Manageable capital goods debt","Very high PE, Expensive price-to-book"
06.09.2026 at 01:31 PM IST,VSSL,Vardhman Special Steels Limited,Basic Materials,Steel,35183919104.0,3518.39,24.31,16.32,2.88,7.28,,,12.08,7.93,31.26,12.1,74.9,,,2133616000.0,213.36,930052992.0,93.01,,,,,96.0,0.48,METALS_MINING,6,15,12,0,13,5,41,6,47,"Strong earnings growth, Cash covers debt, Low debt, Forward PE improving, Controlled metal sector debt, Commodity dividend support",Abnormally high dividend yield
06.09.2026 at 01:31 PM IST,JAGSNPHARM,Jagsonpal Pharmaceuticals Limited,Healthcare,Drug Manufacturers - Specialty & Generic,15988078592.0,1598.81,36.13,,6.15,2.96,,,18.36,15.48,63.9,8.8,25.3,,,1061200000.0,106.12,81650000.0,8.16,,,,,1.03,-0.28,PHARMA_HEALTHCARE,10,15,12,0,3,0,40,7,47,"Strong operating margin, Strong earnings growth, Cash covers debt, Low debt, Strong healthcare margin, Controlled healthcare debt",
06.09.2026 at 01:31 PM IST,PLAZACABLE,Plaza Wires Limited,Industrials,Electrical Equipment & Parts,2689002752.0,268.9,25.09,,2.08,24.76,,,7.74,3.13,21.27,38.1,312.0,,,580000.0,0.06,320870016.0,32.09,,,,,,1.21,CAPITAL_GOODS_INFRA,0,20,7,0,8,0,35,12,47,"Strong revenue growth, Strong earnings growth, Low debt, Strong capital goods revenue growth, Strong capital goods earnings growth, Manageable capital goods debt",
06.09.2026 at 01:31 PM IST,MARICO,Marico Limited,Consumer Defensive,Household & Personal Products,1056578338816.0,105657.83,56.18,41.86,25.13,12.39,,,19.28,13.16,43.87,21.4,24.7,,,24399998976.0,2440.0,5569999872.0,557.0,,,,,49.0,0.17,FMCG_CONSUMER,10,16,12,0,7,5,40,7,47,"Strong operating margin, Strong revenue growth, Strong earnings growth, Cash covers debt, Low debt, Forward PE improving, Healthy consumer margins, Low debt consumer business","Expensive price-to-book, Abnormally high dividend yield"
06.09.2026 at 01:31 PM IST,GEEKAYWIRE,Geekay Wires Limited,Industrials,Electrical Equipment & Parts,3104243968.0,310.42,19.54,,0.17,88.86,17.42,8.69,9.57,6.46,23.7,3.5,7.0,3.5,1.36,173100000.0,17.31,1576999936.0,157.7,-435660640.0,-43.57,182056000.0,18.21,1.18,0.53,CAPITAL_GOODS_INFRA,11,4,11,9,11,5,41,6,47,"Positive operating cash flow, Manageable capital goods debt, Capital goods cashflow support",Negative free cash flow
06.09.2026 at 01:31 PM IST,ANANTRAJ,Anant Raj Limited,Real Estate,Real Estate - Development,225031045120.0,22503.1,38.31,21.42,3.89,11.7,,,26.48,22.77,31.04,6.6,13.4,,,9010909184.0,901.09,6809587200.0,680.96,,,,,16.0,0.35,CEMENT_REALTY,12,7,12,0,9,0,40,7,47,"Strong operating margin, Cash covers debt, Low debt, Forward PE improving, Manageable cement/realty debt, Healthy cement/realty margin",
06.09.2026 at 01:31 PM IST,INDIGOPNTS,Indigo Paints Limited,Basic Materials,Specialty Chemicals,56324509696.0,5632.45,35.04,27.14,4.87,1.83,,,12.56,10.98,46.16,19.7,60.9,,,3319696896.0,331.97,211304992.0,21.13,,,,,42.0,0.53,CHEMICALS,6,18,12,0,9,5,40,7,47,"Strong revenue growth, Strong earnings growth, Cash covers debt, Low debt, Forward PE improving, Chemical revenue growth support, Controlled chemical debt",Abnormally high dividend yield
06.09.2026 at 01:31 PM IST,FLUOROCHEM,Gujarat Fluorochemicals Limited,Basic Materials,Specialty Chemicals,501465251840.0,50146.53,81.5,41.53,6.55,28.94,,,19.71,11.63,52.37,24.0,20.4,,,5920000000.0,592.0,22900000768.0,2290.0,,,,,7.0,0.0,CHEMICALS,8,16,7,0,5,0,36,11,47,"Strong operating margin, Strong revenue growth, Strong earnings growth, Low debt, Forward PE improving, Strong chemical margin, Chemical revenue growth support, Controlled chemical debt",Very high PE
06.09.2026 at 01:31 PM IST,CARYSIL,Carysil Limited,Consumer Cyclical,"Furnishings, Fixtures & Appliances",32595226624.0,3259.52,30.54,22.84,5.36,45.99,,,16.34,11.13,54.08,15.5,37.6,,,585800000.0,58.58,2825400064.0,282.54,,,,,26.0,0.55,CONSUMER_DISCRETIONARY,6,18,7,0,11,5,37,10,47,"Strong revenue growth, Strong earnings growth, Low debt, Forward PE improving, Consumer discretionary growth support, Healthy discretionary margin, Controlled discretionary debt",Abnormally high dividend yield
06.09.2026 at 01:31 PM IST,WENDT,Wendt (India) Limited,Industrials,Tools & Accessories,16304000000.0,1630.4,96.06,96.22,6.42,0.07,,,10.42,6.64,60.06,36.6,63.2,,,754000000.0,75.4,1900000.0,0.19,,,,,25.0,0.3,CAPITAL_GOODS_INFRA,6,20,12,0,2,5,35,12,47,"Strong revenue growth, Strong earnings growth, Cash covers debt, Low debt, Strong capital goods revenue growth, Strong capital goods earnings growth, Manageable capital goods debt","Very high PE, Abnormally high dividend yield"
06.09.2026 at 01:31 PM IST,SAMHI,SAMHI Hotels Limited,Consumer Cyclical,Lodging,34576928768.0,3457.69,6.02,12.82,2.26,81.1,,,22.07,39.35,76.7,12.1,51.5,,,1938749952.0,193.87,18543329280.0,1854.33,,,,,,0.79,CONSUMER_DISCRETIONARY,11,15,4,0,10,0,40,7,47,"Strong operating margin, Strong earnings growth, Consumer discretionary growth support, Healthy discretionary margin",Forward PE deterioration
06.09.2026 at 01:31 PM IST,GMDCLTD,Gujarat Mineral Development Corporation Limited,Energy,Thermal Coal,179033997312.0,17903.4,18.73,16.41,2.53,4.47,,,17.39,33.82,88.78,23.8,-0.2,,,5401200128.0,540.12,3165100032.0,316.51,,,,,1.69,0.34,METALS_MINING,9,8,12,0,14,0,43,4,47,"Strong revenue growth, Cash covers debt, Low debt, Forward PE improving, Controlled metal sector debt",Negative earnings growth
06.09.2026 at 01:31 PM IST,GALAPREC,Gala Precision Engineering Limited,Industrials,Specialty Industrial Machinery,13135324160.0,1313.53,36.27,,4.48,13.04,,,12.06,11.37,58.76,19.5,24.5,,,114500000.0,11.45,381400000.0,38.14,,,,,,,CAPITAL_GOODS_INFRA,6,16,9,0,4,0,35,12,47,"Strong revenue growth, Strong earnings growth, Low debt, Strong capital goods revenue growth, Strong capital goods earnings growth, Manageable capital goods debt",
06.09.2026 at 01:31 PM IST,ALEMBICLTD,Alembic Limited,Real Estate,Real Estate - Development,28682528768.0,2868.25,8.94,2.24,1.17,0.43,,,24.57,134.16,65.41,-2.0,5.4,,,980382016.0,98.04,106385000.0,10.64,,,,,2.15,0.65,CEMENT_REALTY,11,2,12,0,15,0,40,7,47,"Strong operating margin, Cash covers debt, Low debt, Forward PE improving, Manageable cement/realty debt, Healthy cement/realty margin",Negative revenue growth
06.09.2026 at 01:31 PM IST,INTLCONV,International Conveyors Limited,Industrials,Specialty Industrial Machinery,5182206464.0,518.22,3.82,,1.22,17.29,,,18.88,63.91,47.81,-0.4,127.9,,,2963000064.0,296.3,733699968.0,73.37,,,,,62.0,0.81,CAPITAL_GOODS_INFRA,11,10,12,0,12,5,40,7,47,"Strong operating margin, Strong earnings growth, Cash covers debt, Low debt, Strong capital goods earnings growth, Manageable capital goods debt","Negative revenue growth, Abnormally high dividend yield"
06.09.2026 at 01:31 PM IST,AEGISLOG,Aegis Logistics Limited,Energy,Oil & Gas Refining & Marketing,445770006528.0,44577.0,35.58,30.2,7.36,47.24,,,28.03,13.95,26.48,37.1,269.0,,,44138561536.0,4413.86,41499369472.0,4149.94,,,,,1.05,0.54,ENERGY_UTILITIES,11,20,10,0,6,0,47,0,47,"Strong operating margin, Strong revenue growth, Strong earnings growth, Cash covers debt, Low debt, Forward PE improving",
06.09.2026 at 01:31 PM IST,APLLTD,Alembic Pharmaceuticals Limited,Healthcare,Drug Manufacturers - Specialty & Generic,158036754432.0,15803.68,22.76,16.74,2.78,25.22,,,10.89,8.91,70.56,25.7,12.1,,,1963699968.0,196.37,14299400192.0,1429.94,,,,,1.48,0.31,PHARMA_HEALTHCARE,6,15,7,0,12,0,40,7,47,"Strong revenue growth, Low debt, Forward PE improving, Healthcare growth support, Controlled healthcare debt",
06.09.2026 at 01:31 PM IST,LICI,Life Insurance Corporation of India,Financial Services,Insurance - Life,2627087892480.0,262708.79,8.74,7.06,2.98,0.43,,,6.43,6.51,11.08,6.8,40.0,,,731417477120.0,73141.75,7619200000.0,761.92,,,,,2.41,0.54,FINANCIAL,3,12,12,0,15,0,42,4,46,"Strong earnings growth, Cash covers debt, Low debt, Forward PE improving, Strong financial earnings growth",
06.09.2026 at 01:31 PM IST,SHREERAMA,Shree Rama Multi-Tech Limited,Consumer Cyclical,Packaging & Containers,5872592384.0,587.26,24.18,,3.54,12.35,,,13.89,9.62,38.7,45.5,9.4,,,85935000.0,8.59,219246000.0,21.92,,,,,,0.06,CONSUMER_DISCRETIONARY,6,15,9,0,6,0,36,10,46,"Strong revenue growth, Low debt, Consumer discretionary growth support, Healthy discretionary margin, Controlled discretionary debt",
06.09.2026 at 01:31 PM IST,ORKLAINDIA,Orkla India Limited,Consumer Defensive,Packaged Foods,81371602944.0,8137.16,27.62,21.9,2.94,2.28,,,15.19,11.45,44.3,10.4,11.1,,,5673900032.0,567.39,628099968.0,62.81,,,,,,,FMCG_CONSUMER,6,10,12,0,11,0,39,7,46,"Cash covers debt, Low debt, Forward PE improving, Healthy consumer margins, Low debt consumer business",
06.09.2026 at 01:31 PM IST,RAIN,Rain Industries Limited,Basic Materials,Specialty Chemicals,72307589120.0,7230.76,13.47,-141.43,0.9,130.48,8.55,5.11,13.45,2.91,41.77,17.4,389.4,1.78,0.78,16163819520.0,1616.38,107946393600.0,10794.64,-3674508800.0,-367.45,12816619520.0,1281.66,46.0,1.11,CHEMICALS,7,18,6,9,12,10,42,4,46,"Strong revenue growth, Strong earnings growth, Positive operating cash flow, Chemical revenue growth support","Negative free cash flow, Abnormally high dividend yield"
06.09.2026 at 01:31 PM IST,GRANULES,Granules India Limited,Healthcare,Drug Manufacturers - Specialty & Generic,210577833984.0,21057.78,31.5,21.4,4.14,29.73,,,17.56,11.76,62.0,22.0,53.4,,,9343949824.0,934.39,15120409600.0,1512.04,,,,,21.0,0.13,PHARMA_HEALTHCARE,6,18,9,0,11,5,39,7,46,"Strong revenue growth, Strong earnings growth, Reasonable cash coverage, Low debt, Forward PE improving, Healthcare growth support, Controlled healthcare debt",Abnormally high dividend yield
06.09.2026 at 01:31 PM IST,SILINV,SIL Investments Limited,Financial Services,Asset Management,5064821248.0,506.48,10.1,,0.2,,,,87.6,67.94,98.59,87.5,155.6,,,842886976.0,84.29,0.0,0.0,,,,,52.0,0.14,FINANCIAL,12,20,3,0,12,5,42,4,46,"Strong operating margin, Strong revenue growth, Strong earnings growth, Net cash position, Strong financial earnings growth",Abnormally high dividend yield
06.09.2026 at 01:31 PM IST,RALLIS,Rallis India Limited,Basic Materials,Agricultural Inputs,40663445504.0,4066.34,19.01,14.36,1.99,2.99,,,15.17,7.22,39.94,6.8,31.5,,,5440900096.0,544.09,611000000.0,61.1,,,,,1.44,0.49,GENERAL,6,12,12,0,14,0,44,2,46,"Strong earnings growth, Cash covers debt, Low debt, Forward PE improving, General low debt support",
06.09.2026 at 01:31 PM IST,DJML,DJ Mediaprint & Logistics Limited,Industrials,Specialty Business Services,2683555584.0,268.36,22.98,,2.84,42.85,,,11.01,7.58,25.46,44.0,14.3,,,15820000.0,1.58,394780992.0,39.48,,,,,20.0,-0.14,CAPITAL_GOODS_INFRA,6,15,7,0,10,0,38,8,46,"Strong revenue growth, Low debt, Strong capital goods revenue growth, Manageable capital goods debt",
06.09.2026 at 01:31 PM IST,AGIIL,AGI Infra Limited,Real Estate,Real Estate - Development,35549257728.0,3554.93,34.22,,7.67,38.29,,,39.06,28.64,54.3,5.3,34.3,,,984481024.0,98.45,1856152064.0,185.62,,,,,3.0,0.12,CEMENT_REALTY,12,12,9,0,6,0,39,7,46,"Strong operating margin, Strong earnings growth, Reasonable cash coverage, Low debt, Manageable cement/realty debt, Healthy cement/realty margin",
06.09.2026 at 01:31 PM IST,GKENERGY,GK Energy Limited,Utilities,Utilities - Renewable,26163427328.0,2616.34,10.74,,2.95,23.15,,,16.11,11.96,30.36,55.5,34.2,,,4432840192.0,443.28,2054950016.0,205.5,,,,,39.0,,ENERGY_UTILITIES,6,20,10,0,12,5,43,3,46,"Strong revenue growth, Strong earnings growth, Cash covers debt, Low debt, Energy dividend support",Abnormally high dividend yield
06.09.2026 at 01:31 PM IST,ONGC,Oil and Natural Gas Corporation Limited,Energy,Oil & Gas Integrated,2951962427392.0,295196.24,6.78,5.65,0.79,42.55,,,2.93,6.18,35.33,25.7,21.4,,,352858701824.0,35285.87,1743164932096.0,174316.49,,,,,6.18,0.1,ENERGY_UTILITIES,3,18,7,0,15,0,43,3,46,"Strong revenue growth, Strong earnings growth, Low debt, Forward PE improving, Energy dividend support",
06.09.2026 at 01:31 PM IST,TIMKEN,Timken India Limited,Industrials,Tools & Accessories,235073585152.0,23507.36,55.24,37.33,8.07,0.5,,,15.51,11.84,38.15,16.6,14.8,,,3191950080.0,319.2,145620000.0,14.56,,,,,8.0,0.39,CAPITAL_GOODS_INFRA,6,13,12,0,7,0,38,8,46,"Strong revenue growth, Cash covers debt, Low debt, Forward PE improving, Strong capital goods revenue growth, Manageable capital goods debt",
06.09.2026 at 01:31 PM IST,STARTECK,Starteck Finance Limited,Financial Services,Credit Services,2473618432.0,247.36,10.15,,0.94,133.48,,,85.44,75.38,100.0,24.6,21.8,,,5923000.0,0.59,3509797120.0,350.98,,,,,10.0,0.48,FINANCIAL,12,16,2,0,12,0,42,4,46,"Strong operating margin, Strong revenue growth, Strong earnings growth, Strong financial earnings growth",
06.09.2026 at 01:31 PM IST,SBIN,State Bank of India,Financial Services,Banks - Regional,9379230253056.0,937923.03,10.87,9.69,1.51,,15.18,1.13,35.72,22.38,0.0,10.3,9.9,,,2120133509120.0,212013.35,8203340349440.0,820334.03,,,,,1.71,0.39,BANK,16,10,0,0,14,0,40,6,46,"Strong operating margin, Forward PE improving, Strong bank ROE",
06.09.2026 at 01:31 PM IST,RITES,RITES Limited,Industrials,Engineering & Construction,103810416640.0,10381.04,24.88,19.61,3.88,0.24,,,18.43,16.98,31.46,8.7,8.4,,,8969600000.0,896.96,65900000.0,6.59,,,,,5.1,0.26,CAPITAL_GOODS_INFRA,10,10,12,0,11,0,43,3,46,"Strong operating margin, Cash covers debt, Low debt, Forward PE improving, Manageable capital goods debt",
06.09.2026 at 01:31 PM IST,SHAILY,Shaily Engineering Plastics Limited,Basic Materials,Specialty Chemicals,150243475456.0,15024.35,85.15,41.22,20.95,24.75,,,24.59,17.26,55.15,13.8,16.7,,,251728000.0,25.17,1774129024.0,177.41,,,,,9.0,-0.11,CHEMICALS,10,13,7,0,5,0,35,11,46,"Strong operating margin, Strong earnings growth, Low debt, Forward PE improving, Strong chemical margin, Chemical revenue growth support, Controlled chemical debt","Very high PE, Expensive price-to-book"
06.09.2026 at 01:31 PM IST,MCX,Multi Commodity Exchange of India Limited,Financial Services,Financial Data & Stock Exchanges,833635418112.0,83363.54,54.06,41.14,19.81,0.11,,,69.58,55.56,95.47,85.3,103.4,,,39172698112.0,3917.27,47600000.0,4.76,,,,,24.0,0.69,FINANCIAL,12,20,12,0,7,5,46,0,46,"Strong operating margin, Strong revenue growth, Strong earnings growth, Cash covers debt, Low debt, Forward PE improving, Strong financial earnings growth","Expensive price-to-book, Abnormally high dividend yield, Expensive financial P/B"
06.09.2026 at 01:31 PM IST,PTL,PTL Enterprises Limited,Real Estate,Real Estate Services,5103133184.0,510.31,11.17,6.6,0.61,0.64,,,83.89,71.03,100.0,0.0,-5.7,,,58984000.0,5.9,54103000.0,5.41,,,,,10.97,0.02,CEMENT_REALTY,12,0,12,0,15,0,39,7,46,"Strong operating margin, Cash covers debt, Low debt, Forward PE improving, Manageable cement/realty debt, Healthy cement/realty margin",Negative earnings growth
06.09.2026 at 01:31 PM IST,NINSYS,NINtec Systems Limited,Technology,Information Technology Services,13244688384.0,1324.47,39.55,,14.44,2.06,,,24.96,18.94,35.12,18.1,20.1,,,749790016.0,74.98,18882000.0,1.89,,,,,,0.27,IT_TECH,11,16,12,0,2,0,41,5,46,"Strong operating margin, Strong revenue growth, Strong earnings growth, Cash covers debt, Low debt, Strong tech operating margin",Expensive price-to-book
06.09.2026 at 01:31 PM IST,CUPID,Cupid Limited,Consumer Defensive,Household & Personal Products,381345792000.0,38134.58,278.04,,84.48,12.51,,,37.98,30.35,58.28,158.7,190.9,,,1864455040.0,186.45,563785024.0,56.38,,,,,,0.3,FMCG_CONSUMER,12,20,12,0,0,5,39,7,46,"Strong operating margin, Strong revenue growth, Strong earnings growth, Cash covers debt, Low debt, Healthy consumer margins, Low debt consumer business","Very high PE, Expensive price-to-book"
06.09.2026 at 01:31 PM IST,JUSTDIAL,Just Dial Limited,Communication Services,Internet Content & Information,58938978304.0,5893.9,11.7,9.78,1.15,1.66,,,23.49,40.5,39.95,9.9,4.1,,,58522599424.0,5852.26,845100032.0,84.51,,,,,,0.09,TELECOM,11,7,12,0,13,0,43,3,46,"Strong operating margin, Cash covers debt, Low debt, Forward PE improving, Telecom revenue growth support",
06.09.2026 at 01:31 PM IST,AIIL,Authum Investment & Infrastructure Limited,Financial Services,Capital Markets,440323407872.0,44032.34,27.1,,2.73,24.59,,,92.41,82.05,97.86,14.1,17.5,,,4867500032.0,486.75,36309700608.0,3630.97,,,,,4.0,-0.02,FINANCIAL,12,13,7,0,10,0,42,4,46,"Strong operating margin, Strong earnings growth, Low debt, Strong financial earnings growth",
06.09.2026 at 01:31 PM IST,APTUS,Aptus Value Housing Finance India Limited,Financial Services,Mortgage Finance,129536499712.0,12953.65,13.15,9.9,2.56,156.2,,,78.45,61.76,99.82,16.8,19.0,,,7299293184.0,729.93,79037685760.0,7903.77,,,,,1.93,0.69,FINANCIAL,12,16,0,0,14,0,42,4,46,"Strong operating margin, Strong revenue growth, Strong earnings growth, Forward PE improving, Strong financial earnings growth",
06.09.2026 at 01:31 PM IST,NITTAGELA,Nitta Gelatin India Limited,Basic Materials,Specialty Chemicals,14780872704.0,1478.09,14.23,,2.89,0.82,,,24.22,17.47,54.23,-0.3,31.3,,,210272992.0,21.03,42262000.0,4.23,,,,,43.0,0.64,CHEMICALS,10,10,12,0,12,5,39,7,46,"Strong operating margin, Strong earnings growth, Cash covers debt, Low debt, Strong chemical margin, Controlled chemical debt","Negative revenue growth, Abnormally high dividend yield"
06.09.2026 at 01:31 PM IST,NESCO,Nesco Limited,Industrials,Conglomerates,73489735680.0,7348.97,17.65,19.57,2.45,9.07,,,52.58,39.09,86.68,15.3,4.0,,,249400000.0,24.94,2717199872.0,271.72,,,,,67.0,0.53,CAPITAL_GOODS_INFRA,12,10,9,0,12,5,38,8,46,"Strong operating margin, Strong revenue growth, Low debt, Strong capital goods revenue growth, Manageable capital goods debt",Abnormally high dividend yield
06.09.2026 at 01:31 PM IST,EPL,EPL Limited,Consumer Cyclical,Packaging & Containers,79193595904.0,7919.36,20.47,14.17,2.76,33.58,,,11.2,7.68,59.63,25.3,-1.6,,,2136000000.0,213.6,9624999936.0,962.5,,,,,2.02,0.37,CONSUMER_DISCRETIONARY,6,10,7,0,13,0,36,10,46,"Strong revenue growth, Low debt, Forward PE improving, Consumer discretionary growth support, Healthy discretionary margin, Controlled discretionary debt",Negative earnings growth
06.09.2026 at 01:31 PM IST,ARIES,Aries Agro Limited,Basic Materials,Agricultural Inputs,6540532224.0,654.05,13.7,,1.96,16.48,,,12.23,6.23,40.48,16.3,48.8,,,486695008.0,48.67,557276992.0,55.73,,,,,30.0,0.13,GENERAL,6,18,11,0,12,5,42,4,46,"Strong revenue growth, Strong earnings growth, Reasonable cash coverage, Low debt, General low debt support, General growth support",Abnormally high dividend yield
06.09.2026 at 01:31 PM IST,WAAREEENER,Waaree Energies Limited,Technology,Solar,757961261056.0,75796.13,19.88,15.93,5.25,21.4,,,13.99,12.7,30.23,79.2,14.2,,,73888997376.0,7388.9,32126199808.0,3212.62,,,,,15.0,,IT_TECH,8,15,10,0,13,0,46,0,46,"Strong revenue growth, Cash covers debt, Low debt, Forward PE improving",
06.09.2026 at 01:31 PM IST,ELGIEQUIP,Elgi Equipments Limited,Industrials,Specialty Industrial Machinery,202842128384.0,20284.21,45.35,35.16,9.09,23.89,,,12.29,10.8,49.81,22.6,21.1,,,8865000448.0,886.5,5330999808.0,533.1,,,,,42.0,0.1,CAPITAL_GOODS_INFRA,6,16,10,0,7,5,34,12,46,"Strong revenue growth, Strong earnings growth, Cash covers debt, Low debt, Forward PE improving, Strong capital goods revenue growth, Strong capital goods earnings growth, Manageable capital goods debt",Abnormally high dividend yield
06.09.2026 at 01:31 PM IST,TITAGARH,Titagarh Rail Systems Limited,Industrials,Railroads,104572198912.0,10457.22,59.91,25.03,4.83,25.36,,,10.45,6.07,26.59,12.6,67.0,,,3171899904.0,317.19,6231199744.0,623.12,,,,,11.0,0.81,CAPITAL_GOODS_INFRA,6,15,9,0,9,0,39,7,46,"Strong earnings growth, Reasonable cash coverage, Low debt, Forward PE improving, Strong capital goods earnings growth, Manageable capital goods debt",
06.09.2026 at 01:31 PM IST,ARIHANT,Arihant Foundations & Housing Limited,Real Estate,Real Estate - Development,10735948800.0,1073.59,15.54,,2.65,107.58,,,26.79,14.13,30.79,62.6,24.7,,,3289499904.0,328.95,3995000064.0,399.5,,,,,,0.33,CEMENT_REALTY,11,18,4,0,10,0,43,3,46,"Strong operating margin, Strong revenue growth, Strong earnings growth, Reasonable cash coverage, Healthy cement/realty margin",
06.09.2026 at 01:31 PM IST,CORONA,CORONA Remedies Limited,Healthcare,Drug Manufacturers - General,,,64.33,39.93,17.15,22.07,,,18.91,13.46,80.82,21.9,30.2,,,288300000.0,28.83,1648499968.0,164.85,,,,,48.0,,PHARMA_HEALTHCARE,10,18,7,0,5,5,35,11,46,"Strong operating margin, Strong revenue growth, Strong earnings growth, Low debt, Forward PE improving, Strong healthcare margin, Healthcare growth support, Controlled healthcare debt","Expensive price-to-book, Abnormally high dividend yield"
06.09.2026 at 01:31 PM IST,NEWGEN,Newgen Software Technologies Limited,Technology,Software - Infrastructure,74320478208.0,7432.05,23.72,18.01,4.18,2.21,,,13.09,19.48,53.37,11.2,27.8,,,11144639488.0,1114.46,393560992.0,39.36,,,,,1.14,0.53,IT_TECH,9,15,12,0,10,0,46,0,46,"Strong earnings growth, Cash covers debt, Low debt, Forward PE improving",
06.09.2026 at 01:31 PM IST,SUNTECK,Sunteck Realty Limited,Real Estate,Real Estate - Development,44052611072.0,4405.26,20.65,13.69,1.22,17.31,,,32.94,18.92,54.31,1.7,26.3,,,949833024.0,94.98,7741707776.0,774.17,,,,,50.0,0.74,CEMENT_REALTY,12,10,9,0,13,5,39,7,46,"Strong operating margin, Strong earnings growth, Low debt, Forward PE improving, Manageable cement/realty debt, Healthy cement/realty margin",Abnormally high dividend yield
06.09.2026 at 01:31 PM IST,TPLPLASTEH,TPL Plastech Limited,Consumer Cyclical,Packaging & Containers,5616216064.0,561.62,18.6,,3.33,11.2,,,7.84,6.6,18.91,37.6,20.0,,,57587000.0,5.76,189191008.0,18.92,,,,,1.81,0.19,CONSUMER_DISCRETIONARY,3,18,9,0,9,0,39,7,46,"Strong revenue growth, Strong earnings growth, Low debt, Consumer discretionary growth support, Controlled discretionary debt",
06.09.2026 at 01:31 PM IST,IFBIND,IFB Industries Limited,Consumer Cyclical,"Furnishings, Fixtures & Appliances",52917547008.0,5291.75,33.01,20.41,5.32,15.67,,,3.53,2.73,37.65,18.4,64.4,,,3834800128.0,383.48,1559000064.0,155.9,,,,,,0.33,CONSUMER_DISCRETIONARY,0,18,12,0,9,0,39,7,46,"Strong revenue growth, Strong earnings growth, Cash covers debt, Low debt, Forward PE improving, Consumer discretionary growth support, Controlled discretionary debt",
06.09.2026 at 01:31 PM IST,GPIL,Godawari Power & Ispat Limited,Basic Materials,Steel,156410134528.0,15641.01,19.14,10.68,2.54,7.58,,,16.21,13.89,47.53,32.3,-3.9,,,11787200512.0,1178.72,4434800128.0,443.48,,,,,42.0,0.72,METALS_MINING,8,10,12,0,15,5,40,6,46,"Strong revenue growth, Cash covers debt, Low debt, Forward PE improving, Controlled metal sector debt, Commodity dividend support","Negative earnings growth, Abnormally high dividend yield"
06.09.2026 at 01:31 PM IST,ADVANCE,Advance Agrolife Limited,Basic Materials,Agricultural Inputs,7591500288.0,759.15,15.52,,2.71,31.59,,,9.77,6.12,16.41,96.0,75.9,,,751249984.0,75.12,978960000.0,97.9,,,,,,,GENERAL,3,20,9,0,10,0,42,4,46,"Strong revenue growth, Strong earnings growth, Reasonable cash coverage, Low debt, General low debt support, General growth support",
06.09.2026 at 01:31 PM IST,STYRENIX,Styrenix Performance Materials Limited,Basic Materials,Chemicals,36090019840.0,3609.0,13.4,16.29,2.64,40.12,,,18.77,7.68,29.95,7.1,152.1,,,1609600000.0,160.96,5480999936.0,548.1,,,,,3.77,0.4,CHEMICALS,8,12,7,0,12,0,39,7,46,"Strong operating margin, Strong earnings growth, Low debt, Strong chemical margin, Controlled chemical debt",
06.09.2026 at 01:31 PM IST,AEROFLEX,Aeroflex Industries Limited,Industrials,Metal Fabrication,71412301824.0,7141.23,104.58,54.51,15.97,1.99,,,17.64,13.35,43.49,72.4,158.2,,,696496000.0,69.65,88936000.0,8.89,,,,,7.0,0.84,METALS_MINING,8,20,12,0,5,5,40,6,46,"Strong revenue growth, Strong earnings growth, Cash covers debt, Low debt, Forward PE improving, Controlled metal sector debt, Commodity dividend support","Very high PE, Expensive price-to-book"
06.09.2026 at 01:31 PM IST,BSE,BSE Limited,Financial Services,Financial Data & Stock Exchanges,1384818933760.0,138481.89,49.5,37.92,17.56,0.0,,,80.11,48.92,99.59,64.0,62.1,,,55033798656.0,5503.38,200000.0,0.02,,,,,29.0,0.44,FINANCIAL,12,20,12,0,7,5,46,0,46,"Strong operating margin, Strong revenue growth, Strong earnings growth, Cash covers debt, Low debt, Forward PE improving, Strong financial earnings growth","Expensive price-to-book, Abnormally high dividend yield, Expensive financial P/B"
06.09.2026 at 01:31 PM IST,GANECOS,Ganesha Ecosphere Limited,Consumer Cyclical,Textile Manufacturing,26762770432.0,2676.28,47.39,14.98,2.1,38.85,,,10.02,3.6,26.16,25.7,161.1,,,1294029952.0,129.4,4956128768.0,495.61,,,,,35.0,-0.09,CONSUMER_DISCRETIONARY,3,20,7,0,11,5,36,10,46,"Strong revenue growth, Strong earnings growth, Low debt, Forward PE improving, Consumer discretionary growth support, Healthy discretionary margin, Controlled discretionary debt",Abnormally high dividend yield
06.09.2026 at 01:31 PM IST,PHOENIXLTD,The Phoenix Mills Limited,Real Estate,Real Estate - Diversified,694610427904.0,69461.04,54.35,38.9,6.32,37.21,,,50.8,28.16,93.68,12.8,23.3,,,8230745088.0,823.07,53230125056.0,5323.01,,,,,13.0,0.32,CEMENT_REALTY,12,13,7,0,7,0,39,7,46,"Strong operating margin, Strong earnings growth, Low debt, Forward PE improving, Manageable cement/realty debt, Healthy cement/realty margin",
06.09.2026 at 01:31 PM IST,GROBTEA,The Grob Tea Company Limited,Consumer Defensive,Farm Products,1130947072.0,113.09,14.74,,1.22,57.0,,,13.25,6.42,95.5,28.0,141.4,,,2269000.0,0.23,528987008.0,52.9,,,,,20.0,0.24,GENERAL,6,20,4,0,12,0,42,4,46,"Strong revenue growth, Strong earnings growth, General low debt support, General growth support",
06.09.2026 at 01:31 PM IST,JUBLINGREA,Jubilant Ingrevia Limited,Basic Materials,Specialty Chemicals,107397079040.0,10739.71,34.99,22.53,3.44,25.33,,,11.39,6.64,38.5,25.3,40.6,,,1899299968.0,189.93,7918099968.0,791.81,,,,,73.0,0.27,CHEMICALS,6,20,7,0,11,5,39,7,46,"Strong revenue growth, Strong earnings growth, Low debt, Forward PE improving, Chemical revenue growth support, Controlled chemical debt",Abnormally high dividend yield
06.09.2026 at 01:31 PM IST,INDIASHLTR,India Shelter Finance Corporation Limited,Financial Services,Mortgage Finance,73661497344.0,7366.15,14.28,9.73,2.3,195.3,,,62.15,47.97,99.8,21.8,22.3,,,1883864064.0,188.39,62460370944.0,6246.04,,,,,1.48,-0.02,FINANCIAL,12,16,0,0,14,0,42,4,46,"Strong operating margin, Strong revenue growth, Strong earnings growth, Forward PE improving, Strong financial earnings growth",
06.09.2026 at 01:31 PM IST,VENTIVE,Ventive Hospitality Limited,Consumer Cyclical,Lodging,137123962880.0,13712.4,36.29,21.59,2.49,38.08,,,19.04,19.1,73.25,7.0,200.9,,,4579840000.0,457.98,25744259072.0,2574.43,,,,,,,CONSUMER_DISCRETIONARY,11,12,7,0,9,0,39,6,45,"Strong operating margin, Strong earnings growth, Low debt, Forward PE improving, Healthy discretionary margin, Controlled discretionary debt",
06.09.2026 at 01:31 PM IST,KISSHT,OnEMI Technology Solutions Limited,Financial Services,Credit Services,54634393600.0,5463.44,32.34,8.54,2.73,180.9,,,21.47,15.15,99.69,46.3,29.5,,,2175010048.0,217.5,24291280896.0,2429.13,,,,,,,FINANCIAL,10,20,0,0,11,0,41,4,45,"Strong operating margin, Strong revenue growth, Strong earnings growth, Forward PE improving, Strong financial earnings growth",
06.09.2026 at 01:31 PM IST,NMDC,NMDC Limited,Basic Materials,Steel,744666890240.0,74466.69,9.99,8.19,2.18,18.8,,,34.81,23.22,46.61,0.8,0.4,,,113947598848.0,11394.76,64068100096.0,6406.81,,,,,2.36,0.64,METALS_MINING,12,0,12,0,15,0,39,6,45,"Strong operating margin, Cash covers debt, Low debt, Forward PE improving, Controlled metal sector debt, Commodity dividend support",
06.09.2026 at 01:31 PM IST,SEDEMAC,SEDEMAC Mechatronics Limited,Consumer Cyclical,Auto Parts,124044017664.0,12404.4,103.93,49.58,27.4,16.13,,,13.82,10.41,38.71,42.5,90.6,,,643900032.0,64.39,724400000.0,72.44,,,,,,,AUTO,6,20,11,0,3,5,35,10,45,"Strong revenue growth, Strong earnings growth, Reasonable cash coverage, Low debt, Forward PE improving, Auto revenue growth support, Healthy auto margin, Manageable auto debt","Very high PE, Expensive price-to-book"
06.09.2026 at 01:31 PM IST,CUMMINSIND,Cummins India Limited,Industrials,Specialty Industrial Machinery,1395701972992.0,139570.2,58.82,42.65,16.47,0.43,,,20.46,18.69,35.46,17.9,0.9,,,39070699520.0,3907.07,365100000.0,36.51,,,,,1.31,0.53,CAPITAL_GOODS_INFRA,11,8,12,0,6,0,37,8,45,"Strong operating margin, Strong revenue growth, Cash covers debt, Low debt, Forward PE improving, Strong capital goods revenue growth, Manageable capital goods debt",Expensive price-to-book
06.09.2026 at 01:31 PM IST,BSOFT,Birlasoft Limited,Technology,Information Technology Services,80706134016.0,8070.61,14.13,11.91,1.96,3.42,,,14.75,10.6,39.51,7.4,50.8,,,24427440128.0,2442.74,1407410048.0,140.74,,,,,2.25,0.37,IT_TECH,6,12,12,0,15,0,45,0,45,"Strong earnings growth, Cash covers debt, Low debt, Forward PE improving",
06.09.2026 at 01:31 PM IST,KFINTECH,KFin Technologies Limited,Technology,Software - Application,160580878336.0,16058.09,47.18,33.39,9.58,3.31,,,26.55,24.4,58.88,30.1,-2.5,,,5569050112.0,556.91,554430016.0,55.44,,,,,1.29,-0.24,IT_TECH,12,10,12,0,6,0,40,5,45,"Strong operating margin, Strong revenue growth, Cash covers debt, Low debt, Forward PE improving, Strong tech operating margin",Negative earnings growth
06.09.2026 at 01:31 PM IST,SIRCA,Sirca Paints India Limited,Basic Materials,Specialty Chemicals,24936583168.0,2493.66,36.81,25.1,5.24,6.8,,,16.55,13.19,45.33,13.8,10.0,,,1080249984.0,108.02,323190016.0,32.32,,,,,46.0,0.23,CHEMICALS,8,10,12,0,9,5,34,11,45,"Cash covers debt, Low debt, Forward PE improving, Strong chemical margin, Chemical revenue growth support, Controlled chemical debt",Abnormally high dividend yield
06.09.2026 at 01:31 PM IST,LXCHEM,Laxmi Organic Industries Limited,Basic Materials,Specialty Chemicals,47856910336.0,4785.69,37.93,22.66,2.4,27.34,,,9.56,4.03,25.51,39.7,221.1,,,943280000.0,94.33,5430249984.0,543.02,,,,,17.0,0.28,CHEMICALS,0,20,7,0,11,0,38,7,45,"Strong revenue growth, Strong earnings growth, Low debt, Forward PE improving, Chemical revenue growth support, Controlled chemical debt",
06.09.2026 at 01:31 PM IST,LLOYDSME,Lloyds Metals and Energy Limited,Basic Materials,Steel,1027288793088.0,102728.88,21.31,12.71,7.41,145.21,,,34.26,21.51,54.45,208.6,169.3,,,28079900672.0,2807.99,207163604992.0,20716.36,,,,,5.0,0.08,METALS_MINING,12,20,2,0,9,0,43,2,45,"Strong operating margin, Strong revenue growth, Strong earnings growth, Forward PE improving, Commodity dividend support",
06.09.2026 at 01:31 PM IST,HEG,HEG Advanced Materials Limited,Industrials,Electrical Equipment & Parts,140005195776.0,14000.52,38.76,23.74,2.94,16.73,,,14.83,13.61,59.7,10.4,16.8,,,6364993024.0,636.5,7960208896.0,796.02,,,,,47.0,0.69,CAPITAL_GOODS_INFRA,8,13,11,0,11,5,38,7,45,"Strong earnings growth, Reasonable cash coverage, Low debt, Forward PE improving, Strong capital goods earnings growth, Manageable capital goods debt",Abnormally high dividend yield
06.09.2026 at 01:31 PM IST,RAJRATAN,Rajratan Global Wire Limited,Basic Materials,Steel,25537812480.0,2553.78,32.14,21.12,3.93,49.8,,,10.74,6.48,38.11,29.1,69.9,,,225100000.0,22.51,3239000064.0,323.9,,,,,40.0,0.38,METALS_MINING,6,20,7,0,11,5,39,6,45,"Strong revenue growth, Strong earnings growth, Low debt, Forward PE improving, Controlled metal sector debt, Commodity dividend support",Abnormally high dividend yield
06.09.2026 at 01:31 PM IST,LANCORHOL,Lancor Holdings Limited,Real Estate,Real Estate - Development,2980268800.0,298.03,5.16,,1.24,44.54,,,16.38,42.73,27.11,8.4,116.5,,,207724000.0,20.77,1066057984.0,106.61,,,,,50.0,0.14,CEMENT_REALTY,9,15,7,0,12,5,38,7,45,"Strong earnings growth, Low debt, Manageable cement/realty debt, Healthy cement/realty margin",Abnormally high dividend yield
06.09.2026 at 01:31 PM IST,BORORENEW,Borosil Renewables Limited,Technology,Solar,73459392512.0,7345.94,17.7,,4.63,10.74,,,26.03,23.69,54.92,17.1,,,,6548445184.0,654.84,1621379968.0,162.14,,,,,,0.1,IT_TECH,12,8,12,0,8,0,40,5,45,"Strong operating margin, Strong revenue growth, Cash covers debt, Low debt, Strong tech operating margin",
06.09.2026 at 01:31 PM IST,ANGELONE,Angel One Limited,Financial Services,Capital Markets,273923473408.0,27392.35,27.03,16.97,4.46,129.31,,,24.66,20.7,84.82,23.0,100.0,,,3799470080.0,379.95,79514091520.0,7951.41,,,,,1.68,0.28,FINANCIAL,11,18,2,0,10,0,41,4,45,"Strong operating margin, Strong revenue growth, Strong earnings growth, Forward PE improving, Strong financial earnings growth",
06.09.2026 at 01:31 PM IST,GILLETTE,Gillette India Limited,Consumer Defensive,Household & Personal Products,238588952576.0,23858.9,44.7,,25.21,0.0,,,26.8,21.04,61.85,10.8,9.4,,,2692600064.0,269.26,200000.0,0.02,,,,,2.46,0.27,FMCG_CONSUMER,12,10,12,0,4,0,38,7,45,"Strong operating margin, Cash covers debt, Low debt, Healthy consumer margins, Low debt consumer business",Expensive price-to-book
06.09.2026 at 01:31 PM IST,TIMEX,Timex Group India Limited,Consumer Cyclical,Luxury Goods,,,79.38,,89.72,31.92,,,15.68,10.11,43.27,29.6,83.5,,,339500000.0,33.95,355200000.0,35.52,,,,,,0.81,CONSUMER_DISCRETIONARY,6,20,9,0,0,0,35,10,45,"Strong revenue growth, Strong earnings growth, Reasonable cash coverage, Low debt, Consumer discretionary growth support, Healthy discretionary margin, Controlled discretionary debt",Expensive price-to-book
06.09.2026 at 01:31 PM IST,SATIN,Satin Creditcare Network Limited,Financial Services,Credit Services,25019318272.0,2501.93,5.9,4.13,0.84,383.33,,,28.61,25.35,100.0,26.3,172.0,,,25214568448.0,2521.46,109920641024.0,10992.06,,,,,,0.29,FINANCIAL,12,20,0,0,13,8,37,8,45,"Strong operating margin, Strong revenue growth, Strong earnings growth, Forward PE improving, Financial leverage treated differently, Strong financial earnings growth",Very high debt
06.09.2026 at 01:31 PM IST,SURAJEST,Suraj Estate Developers Limited,Real Estate,Real Estate - Development,8516153856.0,851.62,8.94,6.28,0.83,64.98,,,36.06,16.16,47.69,9.2,9.1,,,539041984.0,53.9,6452895744.0,645.29,,,,,,0.94,CEMENT_REALTY,11,10,4,0,13,0,38,7,45,"Strong operating margin, Forward PE improving, Manageable cement/realty debt, Healthy cement/realty margin",
06.09.2026 at 01:31 PM IST,CSBBANK,CSB Bank Limited,Financial Services,Banks - Regional,55758127104.0,5575.81,8.59,5.85,1.17,,,,30.64,24.1,0.0,16.9,26.5,,,40967999488.0,4096.8,71544397824.0,7154.44,,,,,,0.28,BANK,12,18,2,0,13,0,45,0,45,"Strong operating margin, Strong revenue growth, Strong earnings growth, Reasonable cash coverage, Forward PE improving",
06.09.2026 at 01:31 PM IST,NORTHARC,Northern Arc Capital Limited,Financial Services,Credit Services,48891805696.0,4889.18,11.27,6.84,1.25,314.96,,,38.46,36.55,70.14,43.9,40.2,,,6305742848.0,630.57,122866008064.0,12286.6,,,,,,,FINANCIAL,12,20,0,0,13,8,37,8,45,"Strong operating margin, Strong revenue growth, Strong earnings growth, Forward PE improving, Financial leverage treated differently, Strong financial earnings growth",Very high debt
06.09.2026 at 01:31 PM IST,FEDFINA,Fedbank Financial Services Limited,Financial Services,Credit Services,60717359104.0,6071.74,15.95,10.05,2.07,467.34,,,42.22,28.99,100.02,32.4,50.7,,,16059700224.0,1605.97,136748703744.0,13674.87,,,,,,0.64,FINANCIAL,12,20,0,0,13,8,37,8,45,"Strong operating margin, Strong revenue growth, Strong earnings growth, Forward PE improving, Financial leverage treated differently, Strong financial earnings growth",Very high debt
06.09.2026 at 01:31 PM IST,ENGINERSIN,Engineers India Limited,Industrials,Engineering & Construction,157371858944.0,15737.19,20.09,20.51,5.02,0.53,,,14.23,20.22,28.52,-5.8,142.2,,,14473662464.0,1447.37,168019008.0,16.8,,,,,1.79,0.94,CAPITAL_GOODS_INFRA,9,10,12,0,7,0,38,7,45,"Strong earnings growth, Cash covers debt, Low debt, Strong capital goods earnings growth, Manageable capital goods debt",Negative revenue growth
06.09.2026 at 01:31 PM IST,AUBANK,AU Small Finance Bank Limited,Financial Services,Banks - Regional,797689446400.0,79768.94,28.25,17.61,3.99,,,,35.31,21.37,0.0,29.8,35.1,,,85234098176.0,8523.41,138715447296.0,13871.54,,,,,9.0,,BANK,12,20,2,0,11,0,45,0,45,"Strong operating margin, Strong revenue growth, Strong earnings growth, Reasonable cash coverage, Forward PE improving",
06.09.2026 at 01:31 PM IST,GUJTHEM,Gujarat Themis Biosyn Limited,Healthcare,Drug Manufacturers - Specialty & Generic,53622501376.0,5362.25,91.96,,15.6,56.23,,,38.41,28.02,66.94,22.1,22.9,,,60876000.0,6.09,1618121984.0,161.81,,,,,16.0,0.51,PHARMA_HEALTHCARE,12,16,4,0,2,0,34,11,45,"Strong operating margin, Strong revenue growth, Strong earnings growth, Strong healthcare margin, Healthcare growth support, Controlled healthcare debt","Very high PE, Expensive price-to-book"
06.09.2026 at 01:31 PM IST,ULTRACEMCO,UltraTech Cement Limited,Basic Materials,Building Materials,3355887271936.0,335588.73,39.37,26.4,4.38,29.43,,,15.48,9.29,58.4,15.9,16.8,,,51199700992.0,5119.97,237550895104.0,23755.09,,,,,2.1,0.49,CEMENT_REALTY,6,16,7,0,9,0,38,7,45,"Strong revenue growth, Strong earnings growth, Low debt, Forward PE improving, Manageable cement/realty debt, Healthy cement/realty margin",
06.09.2026 at 01:31 PM IST,ASTRAL,Astral Limited,Industrials,Building Products & Equipment,401067868160.0,40106.79,69.93,44.33,9.88,6.17,,,9.87,8.48,39.64,15.9,48.0,,,9445999616.0,944.6,2503000064.0,250.3,,,,,27.0,0.17,CAPITAL_GOODS_INFRA,3,18,12,0,5,5,33,12,45,"Strong revenue growth, Strong earnings growth, Cash covers debt, Low debt, Forward PE improving, Strong capital goods revenue growth, Strong capital goods earnings growth, Manageable capital goods debt",Abnormally high dividend yield
06.09.2026 at 01:31 PM IST,UJJIVANSFB,Ujjivan Small Finance Bank Limited,Financial Services,Banks - Regional,125700358144.0,12570.04,14.09,8.83,1.84,,,,31.97,19.63,0.0,49.6,201.9,,,5200176128.0,520.02,37360111616.0,3736.01,,,,,,0.4,BANK,12,20,0,0,13,0,45,0,45,"Strong operating margin, Strong revenue growth, Strong earnings growth, Forward PE improving",
06.09.2026 at 01:31 PM IST,TINNARUBR,Tinna Rubber and Infrastructure Limited,Basic Materials,Specialty Chemicals,18639099904.0,1863.91,30.22,,6.13,42.98,,,18.95,10.79,38.71,19.9,67.1,,,37831000.0,3.78,1291165952.0,129.12,,,,,32.0,0.5,CHEMICALS,8,18,7,0,6,5,34,11,45,"Strong operating margin, Strong revenue growth, Strong earnings growth, Low debt, Strong chemical margin, Chemical revenue growth support, Controlled chemical debt",Abnormally high dividend yield
06.09.2026 at 01:31 PM IST,MANORAMA,Manorama Industries Limited,Consumer Defensive,Packaged Foods,124786655232.0,12478.67,45.91,36.21,17.3,52.15,,,24.76,17.33,45.27,39.5,67.8,,,840470976.0,84.05,3557594880.0,355.76,,,,,4.0,0.28,FMCG_CONSUMER,10,20,4,0,7,0,41,4,45,"Strong operating margin, Strong revenue growth, Strong earnings growth, Forward PE improving, Healthy consumer margins",Expensive price-to-book
06.09.2026 at 01:31 PM IST,INDRAMEDCO,Indraprastha Medical Corporation Limited,Healthcare,Medical Care Facilities,32085549056.0,3208.55,17.05,14.34,4.33,4.98,,,16.75,12.34,36.86,11.3,8.6,,,2632999936.0,263.3,368600000.0,36.86,,,,,1.14,0.43,PHARMA_HEALTHCARE,8,10,12,0,12,0,42,3,45,"Cash covers debt, Low debt, Forward PE improving, Controlled healthcare debt",
06.09.2026 at 01:31 PM IST,ARVSMART,Arvind SmartSpaces Limited,Real Estate,Real Estate - Development,29584201728.0,2958.42,16.01,18.51,4.37,65.08,,,47.74,23.63,70.83,212.1,8.01,,,2958078976.0,295.81,5831884800.0,583.19,,,,,35.0,0.31,CEMENT_REALTY,12,15,6,0,10,5,38,7,45,"Strong operating margin, Strong revenue growth, Reasonable cash coverage, Manageable cement/realty debt, Healthy cement/realty margin",Abnormally high dividend yield
06.09.2026 at 01:31 PM IST,VADILALIND,Vadilal Industries Limited,Consumer Defensive,Packaged Foods,54846738432.0,5484.67,25.05,,6.45,27.0,,,22.18,13.06,49.72,34.4,95.4,,,579400000.0,57.94,2296399872.0,229.64,,,,,56.0,0.06,FMCG_CONSUMER,10,20,7,0,6,5,38,7,45,"Strong operating margin, Strong revenue growth, Strong earnings growth, Low debt, Healthy consumer margins, Low debt consumer business",Abnormally high dividend yield
06.09.2026 at 01:31 PM IST,LATENTVIEW,Latent View Analytics Limited,Industrials,Consulting Services,55228276736.0,5522.83,28.3,20.69,3.15,1.86,,,15.86,17.54,33.27,21.5,-5.3,,,7198099968.0,719.81,332409984.0,33.24,,,,,,0.43,CAPITAL_GOODS_INFRA,8,8,12,0,9,0,37,8,45,"Strong revenue growth, Cash covers debt, Low debt, Forward PE improving, Strong capital goods revenue growth, Manageable capital goods debt",Negative earnings growth
06.09.2026 at 01:31 PM IST,EMCURE,Emcure Pharmaceuticals Limited,Healthcare,Drug Manufacturers - Specialty & Generic,365305004032.0,36530.5,36.07,24.82,7.38,30.57,,,15.44,10.44,59.43,22.8,41.9,,,1475209984.0,147.52,15212409856.0,1521.24,,,,,19.0,-0.07,PHARMA_HEALTHCARE,6,18,7,0,7,0,38,7,45,"Strong revenue growth, Strong earnings growth, Low debt, Forward PE improving, Healthcare growth support, Controlled healthcare debt",
06.09.2026 at 01:31 PM IST,WAAREERTL,Waaree Renewable Technologies Limited,Industrials,Engineering & Construction,89813098496.0,8981.31,17.67,,13.63,15.6,,,18.15,-34.03,100.0,53.2,34.1,,,3814394880.0,381.44,1456585984.0,145.66,,,,,,,CAPITAL_GOODS_INFRA,5,20,12,0,6,10,33,12,45,"Strong operating margin, Strong revenue growth, Strong earnings growth, Cash covers debt, Low debt, Strong capital goods revenue growth, Strong capital goods earnings growth, Manageable capital goods debt","Negative net margin, Expensive price-to-book"
06.09.2026 at 01:31 PM IST,SOUTHWEST,South West Pinnacle Exploration Limited,Energy,Oil & Gas Equipment & Services,6928631808.0,692.86,16.21,,3.11,39.38,,,19.23,15.11,68.75,53.4,287.3,,,117192000.0,11.72,801420992.0,80.14,,,,,,-0.19,ENERGY_UTILITIES,10,20,7,0,8,0,45,0,45,"Strong operating margin, Strong revenue growth, Strong earnings growth, Low debt",
06.09.2026 at 01:31 PM IST,LAXMIDENTL,Laxmi Dental Limited,Healthcare,Medical Instruments & Supplies,11033398272.0,1103.34,35.68,16.62,4.54,5.33,,,13.44,10.76,71.89,13.9,23.0,,,222330000.0,22.23,130090000.0,13.01,,,,,,,PHARMA_HEALTHCARE,6,13,12,0,7,0,38,7,45,"Strong earnings growth, Cash covers debt, Low debt, Forward PE improving, Healthcare growth support, Controlled healthcare debt",
06.09.2026 at 01:31 PM IST,ADOR,Ador Welding Limited,Industrials,Specialty Industrial Machinery,29132314624.0,2913.23,25.7,20.44,5.25,0.4,,,10.53,5.82,36.82,5.2,73.0,,,707200000.0,70.72,19700000.0,1.97,,,,,2.24,0.29,CAPITAL_GOODS_INFRA,3,12,12,0,11,0,38,7,45,"Strong earnings growth, Cash covers debt, Low debt, Forward PE improving, Strong capital goods earnings growth, Manageable capital goods debt",
06.09.2026 at 01:31 PM IST,COLPAL,Colgate-Palmolive (India) Limited,Consumer Defensive,Household & Personal Products,497516118016.0,49751.61,36.9,31.29,31.41,2.99,,,27.68,21.72,68.93,11.8,7.0,,,14260400128.0,1426.04,474100000.0,47.41,,,,,2.62,0.5,FMCG_CONSUMER,12,7,12,0,7,0,38,7,45,"Strong operating margin, Cash covers debt, Low debt, Forward PE improving, Healthy consumer margins, Low debt consumer business",Expensive price-to-book
06.09.2026 at 01:31 PM IST,SBFC,SBFC Finance Limited,Financial Services,Credit Services,110831304704.0,11083.13,22.94,16.32,2.97,195.69,,,58.55,44.88,99.75,24.6,28.6,,,6530189824.0,653.02,72895700992.0,7289.57,,,,,,0.6,FINANCIAL,12,18,0,0,11,0,41,4,45,"Strong operating margin, Strong revenue growth, Strong earnings growth, Forward PE improving, Strong financial earnings growth",
06.09.2026 at 01:31 PM IST,FOSECOIND,Foseco India Limited,Basic Materials,Chemicals,47409717248.0,4740.97,48.51,,4.55,,13.25,8.98,14.44,12.84,48.82,1.2,-1.1,2.87,2.5,,,,,871677888.0,87.17,1208786944.0,120.88,40.0,0.2,CHEMICALS,16,0,8,20,6,5,45,0,45,"Positive operating cash flow, Positive free cash flow, Cash flow supports profitability","Negative earnings growth, Abnormally high dividend yield"
06.09.2026 at 01:31 PM IST,VOLTAMP,Voltamp Transformers Limited,Industrials,Electrical Equipment & Parts,115598213120.0,11559.82,36.52,28.72,6.45,0.03,,,14.11,13.92,25.35,28.4,14.7,,,1013974016.0,101.4,5427000.0,0.54,,,,,88.0,0.01,CAPITAL_GOODS_INFRA,8,15,12,0,7,5,37,8,45,"Strong revenue growth, Cash covers debt, Low debt, Forward PE improving, Strong capital goods revenue growth, Manageable capital goods debt",Abnormally high dividend yield
06.09.2026 at 01:31 PM IST,TFCILTD,Tourism Finance Corporation of India Limited,Financial Services,Credit Services,66279825408.0,6627.98,43.12,12.27,5.05,81.94,,,89.21,67.82,100.0,98.3,100.0,,,676182016.0,67.62,10776069120.0,1077.61,,,,,42.0,0.09,FINANCIAL,12,20,4,0,9,5,40,4,44,"Strong operating margin, Strong revenue growth, Strong earnings growth, Forward PE improving, Strong financial earnings growth",Abnormally high dividend yield
06.09.2026 at 01:31 PM IST,MANAPPURAM,Manappuram Finance Limited,Financial Services,Credit Services,319092490240.0,31909.25,20.75,11.05,1.99,360.19,,,52.39,30.52,97.55,80.1,288.5,,,66627350528.0,6662.74,578366144512.0,57836.61,,,,,1.18,0.79,FINANCIAL,12,20,0,0,12,8,36,8,44,"Strong operating margin, Strong revenue growth, Strong earnings growth, Forward PE improving, Financial leverage treated differently, Strong financial earnings growth",Very high debt
06.09.2026 at 01:31 PM IST,PATANJALI,Patanjali Foods Limited,Consumer Defensive,Packaged Foods,372598800384.0,37259.88,18.94,18.77,2.84,21.3,,,4.32,4.61,13.2,27.4,86.1,,,7882415104.0,788.24,27888263168.0,2788.83,,,,,1.18,-0.18,FMCG_CONSUMER,0,20,7,0,14,0,41,3,44,"Strong revenue growth, Strong earnings growth, Low debt, Forward PE improving, Low debt consumer business",
06.09.2026 at 01:31 PM IST,ARVEE,Arvee Laboratories (India) Ltd.,Basic Materials,Specialty Chemicals,1894337920.0,189.43,46.71,,5.63,3.3,,,12.61,9.82,45.49,130.3,9.27,,,32824000.0,3.28,11135000.0,1.11,,,,,,0.55,CHEMICALS,6,15,12,0,4,0,37,7,44,"Strong revenue growth, Cash covers debt, Low debt, Chemical revenue growth support, Controlled chemical debt",
06.09.2026 at 01:31 PM IST,RAINBOW,Rainbow Children's Medicare Limited,Healthcare,Medical Care Facilities,146595463168.0,14659.55,51.46,36.53,8.9,53.56,,,19.67,15.68,72.92,33.2,13.3,,,4890319872.0,489.03,8909830144.0,890.98,,,,,24.0,0.14,PHARMA_HEALTHCARE,10,15,6,0,7,5,33,11,44,"Strong operating margin, Strong revenue growth, Reasonable cash coverage, Forward PE improving, Strong healthcare margin, Healthcare growth support, Controlled healthcare debt",Abnormally high dividend yield
06.09.2026 at 01:31 PM IST,TEAMLEASE,TeamLease Services Limited,Industrials,Staffing & Employment Services,19132313600.0,1913.23,14.18,11.86,2.01,10.97,,,0.6,1.24,2.49,5.0,31.3,,,4906500096.0,490.65,1162700032.0,116.27,,,,,,0.17,CAPITAL_GOODS_INFRA,0,12,12,0,13,0,37,7,44,"Strong earnings growth, Cash covers debt, Low debt, Forward PE improving, Strong capital goods earnings growth, Manageable capital goods debt",
06.09.2026 at 01:31 PM IST,FCL,Fineotex Chemical Limited,Basic Materials,Specialty Chemicals,60204695552.0,6020.47,198.85,24.62,4.87,0.87,,,14.54,12.09,33.83,174.8,88.1,,,732326016.0,73.23,81964000.0,8.2,,,,,25.0,0.67,CHEMICALS,8,20,12,0,7,10,37,7,44,"Strong revenue growth, Strong earnings growth, Cash covers debt, Low debt, Forward PE improving, Chemical revenue growth support, Controlled chemical debt","Very high PE, Abnormally high dividend yield"
06.09.2026 at 01:31 PM IST,AFFLE,Affle 3i Limited,Communication Services,Advertising Agencies,228843962368.0,22884.4,48.13,32.82,6.25,0.41,,,17.86,16.85,28.42,20.4,20.3,,,14286999552.0,1428.7,148090000.0,14.81,,,,,,0.1,TELECOM,8,16,12,0,5,0,41,3,44,"Strong revenue growth, Strong earnings growth, Cash covers debt, Low debt, Forward PE improving, Telecom revenue growth support",
06.09.2026 at 01:31 PM IST,M&M,Mahindra & Mahindra Limited,Consumer Cyclical,Auto Manufacturers,3806416338944.0,380641.63,19.3,20.12,3.81,125.28,,,17.03,8.61,38.59,27.5,33.4,,,513403715584.0,51340.37,1371686043648.0,137168.6,,,,,1.04,0.28,AUTO,6,20,2,0,9,0,37,7,44,"Strong revenue growth, Strong earnings growth, Auto revenue growth support, Healthy auto margin",
06.09.2026 at 01:31 PM IST,AUTOAXLES,Automotive Axles Limited,Consumer Cyclical,Auto Parts,25463676928.0,2546.37,14.61,12.2,2.32,1.28,,,9.94,7.9,31.96,5.6,27.6,,,4374000128.0,437.4,140680000.0,14.07,,,,,1.89,0.54,AUTO,3,12,12,0,14,0,41,3,44,"Strong earnings growth, Cash covers debt, Low debt, Forward PE improving, Manageable auto debt",
06.09.2026 at 01:31 PM IST,PTCIL,PTC Industries Limited,Industrials,Metal Fabrication,355023552512.0,35502.36,283.9,61.15,23.56,17.34,,,18.28,18.01,82.59,97.4,465.7,,,2133369984.0,213.34,2613419008.0,261.34,,,,,,0.32,METALS_MINING,11,20,11,0,3,5,40,4,44,"Strong operating margin, Strong revenue growth, Strong earnings growth, Reasonable cash coverage, Low debt, Forward PE improving, Controlled metal sector debt","Very high PE, Expensive price-to-book"
06.09.2026 at 01:31 PM IST,TRENT,Trent Limited,Consumer Cyclical,Apparel Retail,1521311678464.0,152131.17,84.04,56.0,21.78,36.03,,,12.49,8.64,43.01,17.8,20.7,,,9288899584.0,928.89,25612500992.0,2561.25,,,,,14.0,0.37,CONSUMER_DISCRETIONARY,6,16,7,0,5,0,34,10,44,"Strong revenue growth, Strong earnings growth, Low debt, Forward PE improving, Consumer discretionary growth support, Healthy discretionary margin, Controlled discretionary debt","Very high PE, Expensive price-to-book"
06.09.2026 at 01:31 PM IST,HINDUNILVR,Hindustan Unilever Limited,Consumer Defensive,Household & Personal Products,4636683534336.0,463668.35,43.86,37.07,9.51,3.02,,,20.72,22.64,50.37,5.0,8.4,,,69930000384.0,6993.0,14780000256.0,1478.0,,,,,2.23,0.32,FMCG_CONSUMER,11,7,12,0,7,0,37,7,44,"Strong operating margin, Cash covers debt, Low debt, Forward PE improving, Healthy consumer margins, Low debt consumer business",
06.09.2026 at 01:31 PM IST,RHL,Robust Hotels Limited,Consumer Cyclical,Lodging,2880796672.0,288.08,10.75,,0.39,20.43,,,19.98,18.0,75.11,1.8,51.9,,,202154000.0,20.22,1516391936.0,151.64,,,,,,0.35,CONSUMER_DISCRETIONARY,11,10,7,0,10,0,38,6,44,"Strong operating margin, Strong earnings growth, Low debt, Healthy discretionary margin, Controlled discretionary debt",
06.09.2026 at 01:31 PM IST,RGL,Renaissance Global Limited,Consumer Cyclical,Luxury Goods,16040782848.0,1604.08,14.67,,1.06,41.55,,,5.82,3.56,24.0,47.2,301.7,,,2027497984.0,202.75,6413670912.0,641.37,,,,,,0.25,CONSUMER_DISCRETIONARY,0,20,7,0,10,0,37,7,44,"Strong revenue growth, Strong earnings growth, Low debt, Consumer discretionary growth support, Controlled discretionary debt",
06.09.2026 at 01:31 PM IST,VEDL,Vedanta Limited,Basic Materials,Other Industrial Metals & Mining,1062496567296.0,106249.66,11.95,8.46,2.14,48.04,,,31.16,23.21,53.91,-37.3,72.2,,,158759993344.0,15876.0,329469984768.0,32947.0,,,,,12.5,0.37,METALS_MINING,12,10,7,0,15,6,38,6,44,"Strong operating margin, Strong earnings growth, Low debt, Forward PE improving, Controlled metal sector debt, Commodity dividend support",Negative revenue growth
06.09.2026 at 01:31 PM IST,SAILIFE,Sai Life Sciences Limited,Healthcare,Diagnostics & Research,336495869952.0,33649.59,93.5,63.44,13.49,11.61,,,18.41,16.07,74.46,11.7,20.8,,,1578630016.0,157.86,2884519936.0,288.45,,,,,,,PHARMA_HEALTHCARE,10,13,11,0,3,0,37,7,44,"Strong operating margin, Strong earnings growth, Reasonable cash coverage, Low debt, Forward PE improving, Strong healthcare margin, Controlled healthcare debt","Very high PE, Expensive price-to-book"
06.09.2026 at 01:31 PM IST,QUESS,Quess Corp Limited,Industrials,Staffing & Employment Services,53106696192.0,5310.67,21.05,17.51,4.55,10.66,,,1.79,1.59,5.12,14.5,59.8,,,2580790016.0,258.08,1244829952.0,124.48,,,,,1.69,0.02,CAPITAL_GOODS_INFRA,0,15,12,0,10,0,37,7,44,"Strong earnings growth, Cash covers debt, Low debt, Forward PE improving, Strong capital goods earnings growth, Manageable capital goods debt",
06.09.2026 at 01:31 PM IST,BLACKBUCK,BlackBuck Limited,Technology,Software - Application,106567811072.0,10656.78,63.59,37.36,7.51,4.16,,,13.31,23.69,76.75,42.1,25.7,,,6476480000.0,647.65,592110016.0,59.21,,,,,,,IT_TECH,9,20,12,0,3,0,44,0,44,"Strong revenue growth, Strong earnings growth, Cash covers debt, Low debt, Forward PE improving",
06.09.2026 at 01:31 PM IST,LGBBROSLTD,L.G. Balakrishnan & Bros Limited,Consumer Cyclical,Auto Parts,54205546496.0,5420.55,17.0,15.03,2.52,10.72,,,9.14,9.91,53.27,21.6,0.0,,,2604937984.0,260.49,2311284992.0,231.13,,,,,1.29,0.08,AUTO,3,8,12,0,14,0,37,7,44,"Strong revenue growth, Cash covers debt, Low debt, Forward PE improving, Auto revenue growth support, Manageable auto debt",
06.09.2026 at 01:31 PM IST,ANANDRATHI,Anand Rathi Wealth Limited,Financial Services,Asset Management,367781412864.0,36778.14,79.96,65.81,36.85,8.25,,,48.53,33.19,57.81,52.1,71.0,,,4548030976.0,454.8,834769984.0,83.48,,,,,32.0,0.34,FINANCIAL,12,20,12,0,5,5,44,0,44,"Strong operating margin, Strong revenue growth, Strong earnings growth, Cash covers debt, Low debt, Forward PE improving, Strong financial earnings growth","Expensive price-to-book, Abnormally high dividend yield, Expensive financial P/B"
06.09.2026 at 01:31 PM IST,THEINVEST,The Investment Trust of India Limited,Financial Services,Capital Markets,4949949952.0,494.99,14.85,,0.67,7.61,,,14.17,12.78,100.0,-6.2,35.4,,,2296187904.0,229.62,559302976.0,55.93,,,,,,0.19,FINANCIAL,8,10,12,0,10,0,40,4,44,"Strong earnings growth, Cash covers debt, Low debt, Strong financial earnings growth",Negative revenue growth
06.09.2026 at 01:31 PM IST,SICAGEN,Sicagen India Limited,Basic Materials,Steel,2297927680.0,229.79,11.23,,0.46,32.12,,,3.5,1.94,11.28,39.8,52.2,,,845600000.0,84.56,1590200064.0,159.02,,,,,1.72,0.24,METALS_MINING,0,20,9,0,11,0,40,4,44,"Strong revenue growth, Strong earnings growth, Reasonable cash coverage, Low debt, Controlled metal sector debt",
06.09.2026 at 01:31 PM IST,JAYAGROGN,Jayant Agro-Organics Limited,Basic Materials,Specialty Chemicals,6870000128.0,687.0,12.65,11.85,1.13,20.45,,,4.16,2.15,15.45,18.5,24.3,,,124803000.0,12.48,1312269056.0,131.23,,,,,1.52,0.53,CHEMICALS,0,16,7,0,14,0,37,7,44,"Strong revenue growth, Strong earnings growth, Low debt, Forward PE improving, Chemical revenue growth support, Controlled chemical debt",
06.09.2026 at 01:31 PM IST,AARVI,Aarvi Encon Limited,Industrials,Staffing & Employment Services,2090530176.0,209.05,10.87,,1.47,18.79,,,2.32,2.89,27.08,14.1,42.8,,,141040000.0,14.1,266970000.0,26.7,,,,,1.41,-0.1,CAPITAL_GOODS_INFRA,0,15,11,0,11,0,37,7,44,"Strong earnings growth, Reasonable cash coverage, Low debt, Strong capital goods earnings growth, Manageable capital goods debt",
06.09.2026 at 01:31 PM IST,APOLLOTYRE,Apollo Tyres Limited,Consumer Cyclical,Auto Parts,272547659776.0,27254.77,15.97,12.85,1.63,21.99,,,6.45,5.83,43.16,12.8,26.6,,,11051230208.0,1105.12,36752297984.0,3675.23,,,,,2.56,0.15,AUTO,0,15,7,0,15,0,37,7,44,"Strong earnings growth, Low debt, Forward PE improving, Auto revenue growth support, Manageable auto debt",
06.09.2026 at 01:31 PM IST,VGUARD,V-Guard Industries Limited,Industrials,Electrical Equipment & Parts,146358501376.0,14635.85,40.46,30.07,6.7,6.96,,,9.02,5.78,35.37,23.5,76.2,,,2396100096.0,239.61,1652600064.0,165.26,,,,,45.0,-0.01,CAPITAL_GOODS_INFRA,0,18,12,0,7,5,32,12,44,"Strong revenue growth, Strong earnings growth, Cash covers debt, Low debt, Forward PE improving, Strong capital goods revenue growth, Strong capital goods earnings growth, Manageable capital goods debt",Abnormally high dividend yield
06.09.2026 at 01:31 PM IST,KSHINTL,KSH International Limited,Industrials,Electrical Equipment & Parts,73914687488.0,7391.47,56.97,30.9,9.14,39.74,,,5.67,3.49,10.01,108.4,55.9,,,844819968.0,84.48,3211429888.0,321.14,,,,,,,CAPITAL_GOODS_INFRA,0,20,7,0,5,0,32,12,44,"Strong revenue growth, Strong earnings growth, Low debt, Forward PE improving, Strong capital goods revenue growth, Strong capital goods earnings growth, Manageable capital goods debt",
06.09.2026 at 01:31 PM IST,GODREJCP,Godrej Consumer Products Limited,Consumer Defensive,Household & Personal Products,898461728768.0,89846.17,46.95,32.42,7.1,34.9,,,17.19,12.09,49.72,15.4,11.5,,,28327000064.0,2832.7,44158099456.0,4415.81,,,,,2.28,0.34,FMCG_CONSUMER,8,13,9,0,7,0,37,7,44,"Strong revenue growth, Reasonable cash coverage, Low debt, Forward PE improving, Healthy consumer margins, Low debt consumer business",
06.09.2026 at 01:31 PM IST,BCG,Brightcom Group Limited,Communication Services,Advertising Agencies,18207068160.0,1820.71,1.79,,0.17,,,,21.52,14.02,33.37,20.4,25.0,,,14155055104.0,1415.51,0.0,0.0,,,,,,0.54,TELECOM,10,18,3,0,10,0,41,3,44,"Strong operating margin, Strong revenue growth, Strong earnings growth, Net cash position, Telecom revenue growth support",
06.09.2026 at 01:31 PM IST,TATACAP,Tata Capital Limited,Financial Services,Credit Services,1582313897984.0,158231.39,29.25,17.61,3.45,502.93,,,57.05,39.68,99.92,40.3,47.2,,,75528503296.0,7552.85,2369170440192.0,236917.04,,,,,15.0,,FINANCIAL,12,20,0,0,11,8,35,8,43,"Strong operating margin, Strong revenue growth, Strong earnings growth, Forward PE improving, Financial leverage treated differently, Strong financial earnings growth",Very high debt
06.09.2026 at 01:31 PM IST,BAIDFIN,Baid Finserv Limited,Financial Services,Credit Services,1653340544.0,165.33,9.36,,0.68,,,,34.23,28.61,70.82,59.7,28.2,,,,,,,,,,,99.0,0.17,FINANCIAL,12,20,0,0,12,5,39,4,43,"Strong operating margin, Strong revenue growth, Strong earnings growth, Strong financial earnings growth",Abnormally high dividend yield
06.09.2026 at 01:31 PM IST,KAMATHOTEL,Kamat Hotels (India) Limited,Consumer Cyclical,Lodging,6633016320.0,663.3,15.52,,2.77,70.11,,,18.73,11.26,62.14,9.5,124.6,,,483868992.0,48.39,2331918080.0,233.19,,,,,,0.44,CONSUMER_DISCRETIONARY,8,15,4,0,10,0,37,6,43,"Strong operating margin, Strong earnings growth, Healthy discretionary margin, Controlled discretionary debt",
06.09.2026 at 01:31 PM IST,BASF,BASF India Limited,Basic Materials,Specialty Chemicals,167731855360.0,16773.19,27.17,22.27,4.24,3.35,,,9.6,4.01,16.98,24.5,162.2,,,8699700224.0,869.97,1325699968.0,132.57,,,,,65.0,0.38,CHEMICALS,0,18,12,0,11,5,36,7,43,"Strong revenue growth, Strong earnings growth, Cash covers debt, Low debt, Forward PE improving, Chemical revenue growth support, Controlled chemical debt",Abnormally high dividend yield
06.09.2026 at 01:31 PM IST,IEX,Indian Energy Exchange Limited,Financial Services,Capital Markets,105746702336.0,10574.67,20.86,18.7,7.8,0.82,,,83.75,66.22,100.0,10.1,11.8,,,18049376256.0,1804.94,111559000.0,11.16,,,,,3.36,0.34,FINANCIAL,12,10,12,0,9,0,43,0,43,"Strong operating margin, Cash covers debt, Low debt, Forward PE improving",
06.09.2026 at 01:31 PM IST,MBEL,M & B Engineering Limited,Industrials,Engineering & Construction,15490554880.0,1549.06,15.43,10.42,2.34,12.71,,,9.27,7.36,32.96,22.5,4.5,,,957577024.0,95.76,835219008.0,83.52,,,,,37.0,,CAPITAL_GOODS_INFRA,3,10,12,0,15,5,35,8,43,"Strong revenue growth, Cash covers debt, Low debt, Forward PE improving, Strong capital goods revenue growth, Manageable capital goods debt",Abnormally high dividend yield
06.09.2026 at 01:31 PM IST,EXXARO,Exxaro Tiles Limited,Industrials,Building Products & Equipment,2943962368.0,294.4,73.11,,1.11,33.35,,,5.35,1.26,23.54,31.3,150.0,,,58998000.0,5.9,932798016.0,93.28,,,,,,0.35,CAPITAL_GOODS_INFRA,0,20,7,0,4,0,31,12,43,"Strong revenue growth, Strong earnings growth, Low debt, Strong capital goods revenue growth, Strong capital goods earnings growth, Manageable capital goods debt",
06.09.2026 at 01:31 PM IST,HINDALCO,Hindalco Industries Limited,Basic Materials,Aluminum,2244255416320.0,224425.54,13.72,9.1,1.64,72.6,,,13.67,5.55,31.31,32.1,75.1,,,228049993728.0,22805.0,991649988608.0,99165.0,,,,,49.0,0.93,METALS_MINING,3,20,4,0,15,5,37,6,43,"Strong revenue growth, Strong earnings growth, Forward PE improving, Controlled metal sector debt, Commodity dividend support",Abnormally high dividend yield
06.09.2026 at 01:31 PM IST,FRACTAL,Fractal Analytics Limited,Technology,Software - Infrastructure,142404304896.0,14240.43,43.24,30.05,4.33,13.13,,,11.3,9.53,31.36,20.0,77.1,,,20511000576.0,2051.1,4184000000.0,418.4,,,,,,,IT_TECH,6,18,12,0,7,0,43,0,43,"Strong revenue growth, Strong earnings growth, Cash covers debt, Low debt, Forward PE improving",
06.09.2026 at 01:31 PM IST,GAYAPROJ,Gayatri Projects Limited,Industrials,Engineering & Construction,10154219520.0,1015.42,0.2,,0.67,51.3,,,23.93,179.82,23.1,208.7,,,,226976000.0,22.7,3113542912.0,311.35,,,,,,0.98,CAPITAL_GOODS_INFRA,11,10,4,0,10,0,35,8,43,"Strong operating margin, Strong revenue growth, Strong capital goods revenue growth, Manageable capital goods debt",
06.09.2026 at 01:31 PM IST,MAXHEALTH,Max Healthcare Institute Limited,Healthcare,Medical Care Facilities,958515970048.0,95851.6,66.23,42.17,8.92,32.37,,,19.73,16.72,62.52,16.7,4.8,,,6657999872.0,665.8,34783600640.0,3478.36,,,,,20.0,0.11,PHARMA_HEALTHCARE,10,10,7,0,5,0,32,11,43,"Strong operating margin, Strong revenue growth, Low debt, Forward PE improving, Strong healthcare margin, Healthcare growth support, Controlled healthcare debt",
06.09.2026 at 01:31 PM IST,KOTAKBANK,Kotak Mahindra Bank Limited,Financial Services,Banks - Regional,4222780178432.0,422278.02,20.79,16.61,2.33,,,,34.76,28.47,0.0,21.0,22.5,,,729322225664.0,72932.22,1115291254784.0,111529.13,,,,,15.0,0.28,BANK,12,16,2,0,13,0,43,0,43,"Strong operating margin, Strong revenue growth, Strong earnings growth, Reasonable cash coverage, Forward PE improving",
06.09.2026 at 01:31 PM IST,HEROMOTOCO,Hero MotoCorp Limited,Consumer Cyclical,Auto Manufacturers,1060748328960.0,106074.83,19.49,16.28,4.91,3.57,,,11.63,10.72,31.65,34.9,-17.2,,,129412702208.0,12941.27,7786100224.0,778.61,,,,,3.49,0.47,AUTO,6,10,12,0,13,8,33,10,43,"Strong revenue growth, Cash covers debt, Low debt, Forward PE improving, Auto revenue growth support, Healthy auto margin, Manageable auto debt",Negative earnings growth
06.09.2026 at 01:31 PM IST,PRECWIRE,Precision Wires India Limited,Industrials,Electrical Equipment & Parts,86285361152.0,8628.54,49.17,30.65,11.17,39.38,,,3.82,2.87,8.47,60.4,67.1,,,2916848896.0,291.68,3041216000.0,304.12,,,,,37.0,0.91,CAPITAL_GOODS_INFRA,0,20,9,0,7,5,31,12,43,"Strong revenue growth, Strong earnings growth, Reasonable cash coverage, Low debt, Forward PE improving, Strong capital goods revenue growth, Strong capital goods earnings growth, Manageable capital goods debt","Expensive price-to-book, Abnormally high dividend yield"
06.09.2026 at 01:31 PM IST,KNAGRI,KN Agri Resources Limited,Consumer Defensive,Farm Products,5024530944.0,502.45,15.88,,1.31,8.87,,,3.9,1.83,10.56,34.6,41.7,,,54900000.0,5.49,341300000.0,34.13,,,,,,-0.27,GENERAL,0,20,9,0,10,0,39,4,43,"Strong revenue growth, Strong earnings growth, Low debt, General low debt support, General growth support",
06.09.2026 at 01:31 PM IST,EIMCOELECO,Eimco Elecon (India) Limited,Industrials,Farm & Heavy Construction Machinery,12978866176.0,1297.89,32.72,23.68,2.78,0.93,,,15.66,16.3,50.15,14.7,6.2,,,145206000.0,14.52,43460000.0,4.35,,,,,18.0,0.21,CAPITAL_GOODS_INFRA,8,7,12,0,13,0,40,3,43,"Cash covers debt, Low debt, Forward PE improving, Manageable capital goods debt",
06.09.2026 at 01:31 PM IST,AARON,Aaron Industries Limited,Industrials,Specialty Industrial Machinery,2681149184.0,268.11,39.38,,5.52,57.08,,,16.08,8.54,35.54,27.0,141.6,,,115000.0,0.01,277476000.0,27.75,,,,,39.0,0.14,CAPITAL_GOODS_INFRA,6,20,4,0,6,5,31,12,43,"Strong revenue growth, Strong earnings growth, Strong capital goods revenue growth, Strong capital goods earnings growth, Manageable capital goods debt",Abnormally high dividend yield
06.09.2026 at 01:31 PM IST,NEPHROPLUS,Nephrocare Health Services Limited,Healthcare,Medical Care Facilities,70391308288.0,7039.13,82.35,33.48,6.29,7.14,,,16.18,8.08,38.82,22.2,296.2,,,,,,,,,,,,,PHARMA_HEALTHCARE,6,18,9,0,3,0,36,7,43,"Strong revenue growth, Strong earnings growth, Low debt, Forward PE improving, Healthcare growth support, Controlled healthcare debt",Very high PE
06.09.2026 at 01:31 PM IST,GMMPFAUDLR,GMM Pfaudler Limited,Industrials,Specialty Industrial Machinery,52150378496.0,5215.04,73.74,24.58,4.33,84.46,,,5.74,1.93,54.84,16.4,114.5,,,6353800192.0,635.38,10414000128.0,1041.4,,,,,17.0,0.09,CAPITAL_GOODS_INFRA,0,18,6,0,7,0,31,12,43,"Strong revenue growth, Strong earnings growth, Reasonable cash coverage, Forward PE improving, Strong capital goods revenue growth, Strong capital goods earnings growth, Manageable capital goods debt",
06.09.2026 at 01:31 PM IST,SUPREMEIND,The Supreme Industries Limited,Industrials,Building Products & Equipment,441609224192.0,44160.92,42.73,33.29,7.16,1.47,,,10.14,9.12,32.69,4.2,38.7,,,6488399872.0,648.84,908400000.0,90.84,,,,,1.04,0.18,CAPITAL_GOODS_INFRA,6,12,12,0,6,0,36,7,43,"Strong earnings growth, Cash covers debt, Low debt, Forward PE improving, Strong capital goods earnings growth, Manageable capital goods debt",
06.09.2026 at 01:31 PM IST,IRB,IRB Infrastructure Developers Limited,Industrials,Infrastructure Operations,237453475840.0,23745.35,25.21,13.89,1.11,95.6,,,22.49,15.48,57.9,-8.9,47.1,,,20921569280.0,2092.16,200270626816.0,20027.06,,,,,1.02,-0.09,CAPITAL_GOODS_INFRA,10,10,4,0,12,0,36,7,43,"Strong operating margin, Strong earnings growth, Forward PE improving, Strong capital goods earnings growth, Manageable capital goods debt",Negative revenue growth
06.09.2026 at 01:31 PM IST,CLSEL,Chaman Lal Setia Exports Ltd.,Consumer Defensive,Packaged Foods,15017137152.0,1501.71,11.99,,1.79,9.87,,,12.22,8.46,23.34,12.6,48.0,,,1290652032.0,129.07,827334976.0,82.73,,,,,99.0,0.54,FMCG_CONSUMER,6,15,12,0,12,5,40,3,43,"Strong earnings growth, Cash covers debt, Low debt, Low debt consumer business",Abnormally high dividend yield
06.09.2026 at 01:31 PM IST,ADANIPOWER,Adani Power Limited,Utilities,Utilities - Independent Power Producers,3995788640256.0,399578.86,28.0,26.38,6.15,82.33,,,35.88,24.15,43.48,34.0,44.4,,,24361900032.0,2436.19,546702884864.0,54670.29,,,,,,0.46,ENERGY_UTILITIES,12,20,4,0,7,0,43,0,43,"Strong operating margin, Strong revenue growth, Strong earnings growth, Forward PE improving",
06.09.2026 at 01:31 PM IST,SAMBHV,Sambhv Steel Tubes Limited,Basic Materials,Steel,38027350016.0,3802.74,22.17,,3.61,35.44,,,11.29,6.37,28.46,31.1,36.2,,,1619600000.0,161.96,3733410048.0,373.34,,,,,,,METALS_MINING,6,20,7,0,6,0,39,4,43,"Strong revenue growth, Strong earnings growth, Low debt, Controlled metal sector debt",
06.09.2026 at 01:31 PM IST,NPST,Network People Services Technologies Limited,Technology,Software - Application,35981193216.0,3598.12,77.79,,11.66,3.12,,,17.28,23.33,31.29,68.0,42.2,,,3093799936.0,309.38,137600000.0,13.76,,,,,12.0,0.26,IT_TECH,9,20,12,0,2,0,43,0,43,"Strong revenue growth, Strong earnings growth, Cash covers debt, Low debt",Expensive price-to-book
06.09.2026 at 01:31 PM IST,PRIVISCL,Privi Speciality Chemicals Limited,Basic Materials,Specialty Chemicals,132840538112.0,13284.05,39.14,24.37,9.41,74.4,,,17.25,13.1,39.48,19.2,36.0,,,976841024.0,97.68,10717938688.0,1071.79,,,,,30.0,0.06,CHEMICALS,8,18,4,0,7,5,32,11,43,"Strong revenue growth, Strong earnings growth, Forward PE improving, Strong chemical margin, Chemical revenue growth support, Controlled chemical debt",Abnormally high dividend yield
06.09.2026 at 01:31 PM IST,JSFB,Jana Small Finance Bank Limited,Financial Services,Banks - Regional,56366100480.0,5636.61,14.82,7.84,1.26,,,,18.67,12.91,0.0,25.1,52.2,,,25493508096.0,2549.35,54967619584.0,5496.76,,,,,,0.53,BANK,10,20,0,0,13,0,43,0,43,"Strong operating margin, Strong revenue growth, Strong earnings growth, Forward PE improving",
06.09.2026 at 01:31 PM IST,VRAJ,Vraj Iron and Steel Limited,Basic Materials,Steel,4039711488.0,403.97,11.25,,0.98,9.92,,,6.41,5.58,21.85,40.1,51.7,,,59770000.0,5.98,426380000.0,42.64,,,,,,1.59,METALS_MINING,0,20,9,0,10,0,39,4,43,"Strong revenue growth, Strong earnings growth, Low debt, Controlled metal sector debt",
06.09.2026 at 01:31 PM IST,CHOLAFIN,Cholamandalam Investment and Finance Company Limited,Financial Services,Credit Services,1570627387392.0,157062.74,27.17,18.73,5.14,695.28,,,56.59,40.55,99.93,34.6,43.7,,,100159102976.0,10015.91,2117722046464.0,211772.2,,,,,11.0,0.47,FINANCIAL,12,20,0,0,11,8,35,8,43,"Strong operating margin, Strong revenue growth, Strong earnings growth, Forward PE improving, Financial leverage treated differently, Strong financial earnings growth",Very high debt
06.09.2026 at 01:31 PM IST,MAZDOCK,Mazagon Dock Shipbuilders Limited,Industrials,Aerospace & Defense,998365528064.0,99836.55,37.31,31.19,10.23,4.48,,,14.19,20.12,32.58,12.1,21.5,,,130964897792.0,13096.49,4473699840.0,447.37,,,,,84.0,0.62,CAPITAL_GOODS_INFRA,9,13,12,0,7,5,36,7,43,"Strong earnings growth, Cash covers debt, Low debt, Forward PE improving, Strong capital goods earnings growth, Manageable capital goods debt","Expensive price-to-book, Abnormally high dividend yield"
06.09.2026 at 01:31 PM IST,CGCL,Capri Global Capital Limited,Financial Services,Credit Services,271231205376.0,27123.12,24.03,14.57,3.77,334.73,,,50.4,34.96,94.76,85.8,79.4,,,22112890880.0,2211.29,241120985088.0,24112.1,,,,,7.0,-0.02,FINANCIAL,12,20,0,0,11,8,35,8,43,"Strong operating margin, Strong revenue growth, Strong earnings growth, Forward PE improving, Financial leverage treated differently, Strong financial earnings growth",Very high debt
06.09.2026 at 01:31 PM IST,SEJALLTD,Sejal Glass Limited,Industrials,Building Products & Equipment,7716298240.0,771.63,22.8,,4.96,133.12,,,10.08,7.21,40.87,52.9,39.7,,,149844992.0,14.98,2024523008.0,202.45,,,,,,0.05,CAPITAL_GOODS_INFRA,6,20,2,0,6,0,34,9,43,"Strong revenue growth, Strong earnings growth, Strong capital goods revenue growth, Strong capital goods earnings growth",
06.09.2026 at 01:31 PM IST,VENKEYS,Venky's (India) Limited,Consumer Defensive,Farm Products,23438510080.0,2343.85,13.51,30.75,1.47,10.43,,,5.34,4.36,25.25,29.2,215.7,,,3042700032.0,304.27,1665100032.0,166.51,,,,,60.0,0.51,GENERAL,0,20,12,0,12,5,39,4,43,"Strong revenue growth, Strong earnings growth, Cash covers debt, Low debt, General low debt support, General growth support","Forward PE deterioration, Abnormally high dividend yield"
06.09.2026 at 01:31 PM IST,ALGOQUANT,Algoquant Fintech Limited,Financial Services,Capital Markets,18043555840.0,1804.36,39.62,,13.36,25.48,,,32.3,17.55,100.0,42.9,268.8,,,2103239936.0,210.32,342680992.0,34.27,,,,,,0.59,FINANCIAL,11,20,10,0,2,0,43,0,43,"Strong operating margin, Strong revenue growth, Strong earnings growth, Cash covers debt, Low debt, Strong financial earnings growth","Expensive price-to-book, Expensive financial P/B"
06.09.2026 at 01:31 PM IST,ABSLAMC,Aditya Birla Sun Life AMC Limited,Financial Services,Asset Management,307877445632.0,30787.74,30.63,24.4,7.6,1.58,,,65.12,47.59,76.51,10.6,11.3,,,38120001536.0,3812.0,637299968.0,63.73,,,,,2.4,0.36,FINANCIAL,12,10,12,0,9,0,43,0,43,"Strong operating margin, Cash covers debt, Low debt, Forward PE improving",
06.09.2026 at 01:31 PM IST,MOIL,MOIL Limited,Basic Materials,Other Industrial Metals & Mining,51390193664.0,5139.02,16.94,9.41,1.9,,,,24.64,20.3,96.83,6.6,70.4,,,7267474944.0,726.75,0.0,0.0,,,,,5.6,0.34,METALS_MINING,11,12,3,0,15,0,41,2,43,"Strong operating margin, Strong earnings growth, Net cash position, Forward PE improving, Commodity dividend support",
06.09.2026 at 01:31 PM IST,NOCIL,NOCIL Limited,Basic Materials,Specialty Chemicals,28793427968.0,2879.34,43.64,23.62,1.62,0.45,,,7.81,4.83,41.57,19.9,61.2,,,3387599872.0,338.76,80400000.0,8.04,,,,,87.0,0.11,CHEMICALS,0,18,12,0,11,5,36,7,43,"Strong revenue growth, Strong earnings growth, Cash covers debt, Low debt, Forward PE improving, Chemical revenue growth support, Controlled chemical debt",Abnormally high dividend yield
06.09.2026 at 01:31 PM IST,MAHSEAMLES,Maharashtra Seamless Limited,Basic Materials,Steel,92191481856.0,9219.15,12.5,,1.34,0.19,,,13.95,15.96,37.44,-4.7,15.6,,,36791799808.0,3679.18,133600000.0,13.36,,,,,1.45,0.06,METALS_MINING,8,8,12,0,11,0,39,4,43,"Strong earnings growth, Cash covers debt, Low debt, Controlled metal sector debt",Negative revenue growth
06.09.2026 at 01:31 PM IST,TAJGVK,TAJGVK Hotels & Resorts Limited,Consumer Cyclical,Lodging,21055162368.0,2105.52,5.1,115.79,2.06,9.03,,,26.82,73.13,64.84,55.1,-38.5,,,1487699968.0,148.77,1281299968.0,128.13,,,,,60.0,0.2,CONSUMER_DISCRETIONARY,12,10,12,0,12,13,33,10,43,"Strong operating margin, Strong revenue growth, Cash covers debt, Low debt, Consumer discretionary growth support, Healthy discretionary margin, Controlled discretionary debt","Negative earnings growth, Forward PE deterioration, Abnormally high dividend yield"
06.09.2026 at 01:31 PM IST,IRISDOREME,Iris Clothings Limited,Consumer Cyclical,Apparel Manufacturing,10889282560.0,1088.93,75.06,,8.52,24.2,,,13.15,8.76,40.96,26.3,50.0,,,10733000.0,1.07,343131008.0,34.31,,,,,,0.02,CONSUMER_DISCRETIONARY,6,20,7,0,0,0,33,10,43,"Strong revenue growth, Strong earnings growth, Low debt, Consumer discretionary growth support, Healthy discretionary margin, Controlled discretionary debt",
06.09.2026 at 01:31 PM IST,IFBAGRO,IFB Agro Industries Limited,Consumer Defensive,Beverages - Wineries & Distilleries,8542804992.0,854.28,14.32,17.12,1.27,11.12,,,5.58,3.95,30.54,35.8,18.4,,,1756199936.0,175.62,748400000.0,74.84,,,,,,0.67,FMCG_CONSUMER,0,18,12,0,10,0,40,3,43,"Strong revenue growth, Strong earnings growth, Cash covers debt, Low debt, Low debt consumer business",
06.09.2026 at 01:31 PM IST,AKI,AKI India Limited,Consumer Cyclical,Footwear & Accessories,745146944.0,74.51,27.77,,0.94,21.38,,,4.43,2.58,14.88,64.4,150.0,,,46931000.0,4.69,214494000.0,21.45,,,,,,0.07,CONSUMER_DISCRETIONARY,0,20,7,0,8,0,35,7,42,"Strong revenue growth, Strong earnings growth, Low debt, Consumer discretionary growth support, Controlled discretionary debt",
06.09.2026 at 01:31 PM IST,ORIENTELEC,Orient Electric Limited,Consumer Cyclical,"Furnishings, Fixtures & Appliances",38107209728.0,3810.72,34.74,21.9,5.01,12.28,,,5.03,3.13,30.32,23.5,80.5,,,921500032.0,92.15,933500032.0,93.35,,,,,84.0,0.31,CONSUMER_DISCRETIONARY,0,18,11,0,11,5,35,7,42,"Strong revenue growth, Strong earnings growth, Reasonable cash coverage, Low debt, Forward PE improving, Consumer discretionary growth support, Controlled discretionary debt",Abnormally high dividend yield
06.09.2026 at 01:31 PM IST,MARUTI,Maruti Suzuki India Limited,Consumer Cyclical,Auto Manufacturers,3991026008064.0,399102.6,27.86,20.95,3.72,0.1,,,4.83,7.27,26.35,35.9,-9.1,,,173457997824.0,17345.8,1025000000.0,102.5,,,,,1.1,0.23,AUTO,3,10,12,0,10,0,35,7,42,"Strong revenue growth, Cash covers debt, Low debt, Forward PE improving, Auto revenue growth support, Manageable auto debt",Negative earnings growth
06.09.2026 at 01:31 PM IST,ATALREAL,Atal Realtech Limited,Industrials,Engineering & Construction,3239886848.0,323.99,25.89,,1.75,4.42,,,14.32,5.67,14.53,3.5,33.3,,,69881000.0,6.99,42325000.0,4.23,,,,,,0.53,CAPITAL_GOODS_INFRA,3,12,12,0,8,0,35,7,42,"Strong earnings growth, Cash covers debt, Low debt, Strong capital goods earnings growth, Manageable capital goods debt",
06.09.2026 at 01:31 PM IST,BERGEPAINT,Berger Paints India Limited,Basic Materials,Specialty Chemicals,565453062144.0,56545.31,46.5,37.42,8.18,9.16,,,14.07,9.92,40.89,12.0,28.5,,,12799399936.0,1279.94,6351300096.0,635.13,,,,,82.0,0.44,CHEMICALS,6,15,12,0,7,5,35,7,42,"Strong earnings growth, Cash covers debt, Low debt, Forward PE improving, Chemical revenue growth support, Controlled chemical debt",Abnormally high dividend yield
06.09.2026 at 01:31 PM IST,CHOICEIN,Choice International Limited,Financial Services,Capital Markets,169532915712.0,16953.29,71.46,50.63,9.0,49.77,,,27.43,20.17,65.2,34.4,15.4,,,5428152832.0,542.82,9076511744.0,907.65,,,,,,-0.29,FINANCIAL,12,18,9,0,3,0,42,0,42,"Strong operating margin, Strong revenue growth, Strong earnings growth, Reasonable cash coverage, Low debt, Forward PE improving, Strong financial earnings growth",Expensive financial P/B
06.09.2026 at 01:31 PM IST,BODALCHEM,Bodal Chemicals Limited,Basic Materials,Specialty Chemicals,19583043584.0,1958.3,28.53,21.9,1.69,70.25,,,7.45,3.03,42.71,56.1,217.1,,,212870000.0,21.29,8131859968.0,813.19,,,,,,0.37,CHEMICALS,0,20,4,0,11,0,35,7,42,"Strong revenue growth, Strong earnings growth, Forward PE improving, Chemical revenue growth support, Controlled chemical debt",
06.09.2026 at 01:31 PM IST,JAYNECOIND,Jayaswal Neco Industries Limited,Basic Materials,Steel,86127542272.0,8612.75,15.27,,3.03,74.73,,,15.13,7.43,61.76,27.7,108.3,,,2678599936.0,267.86,21233299456.0,2123.33,,,,,,0.92,METALS_MINING,6,20,4,0,8,0,38,4,42,"Strong revenue growth, Strong earnings growth, Controlled metal sector debt",
06.09.2026 at 01:31 PM IST,POWERICA,Powerica Limited,Industrials,Specialty Industrial Machinery,66439737344.0,6643.97,39.83,,2.93,28.51,,,8.66,8.85,34.03,26.7,11.4,,,11972500480.0,1197.25,5720699904.0,572.07,,,,,,,CAPITAL_GOODS_INFRA,3,15,10,0,6,0,34,8,42,"Strong revenue growth, Cash covers debt, Low debt, Strong capital goods revenue growth, Manageable capital goods debt",
06.09.2026 at 01:31 PM IST,PRECOT,Precot Limited,Consumer Cyclical,Textile Manufacturing,8304000000.0,830.4,16.23,,1.73,72.24,,,16.87,5.53,44.66,19.1,135.4,,,105683000.0,10.57,3472939008.0,347.29,,,,,57.0,0.28,CONSUMER_DISCRETIONARY,3,18,4,0,12,5,32,10,42,"Strong revenue growth, Strong earnings growth, Consumer discretionary growth support, Healthy discretionary margin, Controlled discretionary debt",Abnormally high dividend yield
06.09.2026 at 01:31 PM IST,CREDITACC,CreditAccess Grameen Limited,Financial Services,Credit Services,230773735424.0,23077.37,19.12,11.13,2.94,302.87,16.36,,64.59,39.81,97.99,149.5,7.15,,,21539899392.0,2153.99,237519896576.0,23751.99,,,,,,0.09,FINANCIAL,16,12,0,0,13,8,33,9,42,"Strong operating margin, Strong revenue growth, Forward PE improving, Financial leverage treated differently, Strong financial ROE",Very high debt
06.09.2026 at 01:31 PM IST,NOIDATOLL,Noida Toll Bridge Company Limited,Industrials,Infrastructure Operations,763399488.0,76.34,2.68,,-6.0,,,,34.46,64.78,43.57,8.2,31.8,,,854166976.0,85.42,429060992.0,42.91,,,,,,0.83,CAPITAL_GOODS_INFRA,12,15,3,0,8,0,38,4,42,"Strong operating margin, Strong earnings growth, Cash covers debt, Strong capital goods earnings growth",
06.09.2026 at 01:31 PM IST,INNOVACAP,Innova Captab Limited,Healthcare,Drug Manufacturers - Specialty & Generic,67462467584.0,6746.25,43.79,26.0,6.18,31.51,,,13.04,8.8,34.31,33.9,42.3,,,682499968.0,68.25,3436900096.0,343.69,,,,,34.0,-0.01,PHARMA_HEALTHCARE,6,20,7,0,7,5,35,7,42,"Strong revenue growth, Strong earnings growth, Low debt, Forward PE improving, Healthcare growth support, Controlled healthcare debt",Abnormally high dividend yield
06.09.2026 at 01:31 PM IST,PGHL,Procter & Gamble Health Limited,Healthcare,Drug Manufacturers - Specialty & Generic,93803110400.0,9380.31,26.27,22.96,17.88,1.77,,,25.73,24.91,74.37,7.4,-4.9,,,1852899968.0,185.29,92900000.0,9.29,,,,,2.74,0.18,PHARMA_HEALTHCARE,12,2,12,0,9,0,35,7,42,"Strong operating margin, Cash covers debt, Low debt, Forward PE improving, Strong healthcare margin, Controlled healthcare debt","Negative earnings growth, Expensive price-to-book"
06.09.2026 at 01:31 PM IST,FEDERALBNK,The Federal Bank Limited,Financial Services,Banks - Regional,847074033664.0,84707.4,18.35,12.71,2.11,,,,42.96,30.72,0.0,21.4,32.7,,,268973195264.0,26897.32,331932499968.0,33193.25,,,,,35.0,0.27,BANK,12,18,2,0,15,5,42,0,42,"Strong operating margin, Strong revenue growth, Strong earnings growth, Reasonable cash coverage, Forward PE improving",Abnormally high dividend yield
06.09.2026 at 01:31 PM IST,GRINDWELL,Grindwell Norton Limited,Industrials,Building Products & Equipment,219779203072.0,21977.92,50.32,38.59,8.67,2.38,,,16.24,13.76,53.39,14.2,22.3,,,11556020224.0,1155.6,607126976.0,60.71,,,,,97.0,0.51,CAPITAL_GOODS_INFRA,8,13,12,0,7,5,35,7,42,"Strong earnings growth, Cash covers debt, Low debt, Forward PE improving, Strong capital goods earnings growth, Manageable capital goods debt",Abnormally high dividend yield
06.09.2026 at 01:31 PM IST,CUB,City Union Bank Limited,Financial Services,Banks - Regional,233072803840.0,23307.28,16.64,12.15,2.21,,,,50.98,37.79,0.0,23.3,25.2,,,36493160448.0,3649.32,53267980288.0,5326.8,,,,,85.0,0.36,BANK,12,18,2,0,15,5,42,0,42,"Strong operating margin, Strong revenue growth, Strong earnings growth, Reasonable cash coverage, Forward PE improving",Abnormally high dividend yield
06.09.2026 at 01:31 PM IST,KARURVYSYA,The Karur Vysya Bank Limited,Financial Services,Banks - Regional,337366876160.0,33736.69,12.29,10.59,2.39,,,,56.66,41.31,0.0,26.0,45.0,,,8922755072.0,892.28,26225606656.0,2622.56,,,,,75.0,-0.13,BANK,12,20,0,0,15,5,42,0,42,"Strong operating margin, Strong revenue growth, Strong earnings growth, Forward PE improving",Abnormally high dividend yield
06.09.2026 at 01:31 PM IST,SGFIN,SG Finserve Limited,Financial Services,Capital Markets,44709756928.0,4470.98,25.55,,3.03,185.19,,,92.31,39.01,99.38,101.4,119.3,,,2044205952.0,204.42,27041646592.0,2704.16,,,,,,-0.35,FINANCIAL,12,20,0,0,6,0,38,4,42,"Strong operating margin, Strong revenue growth, Strong earnings growth, Strong financial earnings growth",
06.09.2026 at 01:31 PM IST,STAR,Strides Pharma Science Limited,Healthcare,Drug Manufacturers - Specialty & Generic,97703075840.0,9770.31,15.93,11.11,3.14,55.82,,,13.7,12.26,56.19,13.0,57.4,,,2044819968.0,204.48,17579829248.0,1757.98,,,,,47.0,0.39,PHARMA_HEALTHCARE,8,15,4,0,13,5,35,7,42,"Strong earnings growth, Forward PE improving, Healthcare growth support, Controlled healthcare debt",Abnormally high dividend yield
06.09.2026 at 01:31 PM IST,UCOBANK,UCO Bank,Financial Services,Banks - Regional,310981066752.0,31098.11,11.02,17.71,0.92,,8.54,0.73,60.44,21.54,0.0,53.0,8.3,,,218040205312.0,21804.02,248677302272.0,24867.73,,,,,1.78,0.7,BANK,14,15,2,0,11,0,42,0,42,"Strong operating margin, Strong revenue growth, Reasonable cash coverage",Forward PE deterioration
06.09.2026 at 01:31 PM IST,SUNDRMFAST,Sundram Fasteners Limited,Consumer Cyclical,Auto Parts,253624942592.0,25362.49,41.48,28.98,5.93,14.53,,,12.1,9.26,57.84,20.4,13.5,,,1240499968.0,124.05,6245700096.0,624.57,,,,,70.0,0.21,AUTO,6,13,9,0,9,5,32,10,42,"Strong revenue growth, Low debt, Forward PE improving, Auto revenue growth support, Healthy auto margin, Manageable auto debt",Abnormally high dividend yield
06.09.2026 at 01:31 PM IST,POCL,Pondy Oxides And Chemicals Limited,Basic Materials,Specialty Chemicals,36537257984.0,3653.73,26.52,15.45,4.63,19.29,,,5.28,4.33,10.95,55.1,34.7,,,110430000.0,11.04,1521051008.0,152.11,,,,,42.0,0.02,CHEMICALS,0,20,9,0,11,5,35,7,42,"Strong revenue growth, Strong earnings growth, Low debt, Forward PE improving, Chemical revenue growth support, Controlled chemical debt",Abnormally high dividend yield
06.09.2026 at 01:31 PM IST,EXIDEIND,Exide Industries Limited,Consumer Cyclical,Auto Parts,360569995264.0,36057.0,38.74,22.91,2.59,11.31,,,8.67,4.95,31.41,17.7,28.3,,,10820200448.0,1082.02,15754000384.0,1575.4,,,,,47.0,0.54,AUTO,0,18,11,0,11,5,35,7,42,"Strong revenue growth, Strong earnings growth, Reasonable cash coverage, Low debt, Forward PE improving, Auto revenue growth support, Manageable auto debt",Abnormally high dividend yield
06.09.2026 at 01:31 PM IST,VMM,Vishal Mega Mart Limited,Consumer Cyclical,Department Stores,497192501248.0,49719.25,55.86,39.12,6.68,26.82,,,9.64,6.61,28.5,18.7,25.0,,,17139179520.0,1713.92,19879780352.0,1987.98,,,,,,,CONSUMER_DISCRETIONARY,3,18,9,0,5,0,35,7,42,"Strong revenue growth, Strong earnings growth, Reasonable cash coverage, Low debt, Forward PE improving, Consumer discretionary growth support, Controlled discretionary debt",
06.09.2026 at 01:31 PM IST,RUSTOMJEE,Keystone Realtors Limited,Real Estate,Real Estate - Development,47008247808.0,4700.82,40.3,12.68,1.64,51.27,,,16.34,4.15,22.14,72.2,266.7,,,8860499968.0,886.05,14840000512.0,1484.0,,,,,38.0,0.14,CEMENT_REALTY,3,20,6,0,11,5,35,7,42,"Strong revenue growth, Strong earnings growth, Reasonable cash coverage, Forward PE improving, Manageable cement/realty debt, Healthy cement/realty margin",Abnormally high dividend yield
06.09.2026 at 01:31 PM IST,COMSYN,Commercial Syn Bags Limited,Consumer Cyclical,Packaging & Containers,12101760000.0,1210.18,42.37,,6.74,72.4,,,11.64,7.32,48.2,20.6,61.4,,,56680000.0,5.67,1285163008.0,128.52,,,,,13.0,0.13,CONSUMER_DISCRETIONARY,6,18,4,0,4,0,32,10,42,"Strong revenue growth, Strong earnings growth, Consumer discretionary growth support, Healthy discretionary margin, Controlled discretionary debt",
06.09.2026 at 01:31 PM IST,ROUTE,Route Mobile Limited,Communication Services,Telecom Services,31614945280.0,3161.49,12.73,8.31,1.14,1.49,,,7.05,5.51,16.07,9.6,17.6,,,14056599552.0,1405.66,419800000.0,41.98,,,,,1.6,0.37,TELECOM,0,13,12,0,14,0,39,3,42,"Strong earnings growth, Cash covers debt, Low debt, Forward PE improving, Telecom revenue growth support",
06.09.2026 at 01:31 PM IST,RUPA,Rupa & Company Limited,Consumer Cyclical,Apparel Manufacturing,11518832640.0,1151.88,15.31,13.92,1.08,24.22,,,5.92,5.89,28.97,10.1,50.7,,,2547729920.0,254.77,2582562048.0,258.26,,,,,2.08,0.62,CONSUMER_DISCRETIONARY,0,15,9,0,15,0,39,3,42,"Strong earnings growth, Reasonable cash coverage, Low debt, Forward PE improving, Controlled discretionary debt",
06.09.2026 at 01:31 PM IST,CLEAN,Clean Science and Technology Limited,Basic Materials,Specialty Chemicals,88747237376.0,8874.72,38.11,25.82,5.61,0.14,,,28.08,23.72,61.48,10.5,4.7,,,3753679872.0,375.37,21390000.0,2.14,,,,,72.0,0.27,CHEMICALS,12,7,12,0,9,5,35,7,42,"Strong operating margin, Cash covers debt, Low debt, Forward PE improving, Strong chemical margin, Controlled chemical debt",Abnormally high dividend yield
06.09.2026 at 01:31 PM IST,TTKHLTCARE,TTK Healthcare Limited,Healthcare,Drug Manufacturers - General,15543366656.0,1554.34,21.0,,1.39,2.19,,,4.89,8.33,50.78,13.7,63.7,,,9362403328.0,936.24,243779008.0,24.38,,,,,91.0,0.35,PHARMA_HEALTHCARE,3,15,12,0,10,5,35,7,42,"Strong earnings growth, Cash covers debt, Low debt, Healthcare growth support, Controlled healthcare debt",Abnormally high dividend yield
06.09.2026 at 01:31 PM IST,LATTEYS,Latteys Industries Limited,Industrials,Specialty Industrial Machinery,1179239424.0,117.92,33.08,,4.97,91.36,,,5.47,3.16,22.78,64.2,100.0,,,5598000.0,0.56,217900000.0,21.79,,,,,,1.62,CAPITAL_GOODS_INFRA,0,20,4,0,6,0,30,12,42,"Strong revenue growth, Strong earnings growth, Strong capital goods revenue growth, Strong capital goods earnings growth, Manageable capital goods debt",
06.09.2026 at 01:31 PM IST,CINEVISTA,Cinevista Limited,Communication Services,Entertainment,832828928.0,83.28,13.68,,1.47,27.13,,,30.2,22.76,49.03,61.8,,,,2901000.0,0.29,153604992.0,15.36,,,,,,0.34,TELECOM,12,10,7,0,10,0,39,3,42,"Strong operating margin, Strong revenue growth, Low debt, Telecom revenue growth support",
06.09.2026 at 01:31 PM IST,ICICIAMC,ICICI Prudential Asset Management Company Limited,Financial Services,Asset Management,1465476579328.0,146547.66,42.11,31.73,35.13,4.07,,,73.66,55.5,82.33,18.1,23.1,,,39905501184.0,3990.55,1696000000.0,169.6,,,,,83.0,,FINANCIAL,12,16,12,0,7,5,42,0,42,"Strong operating margin, Strong revenue growth, Strong earnings growth, Cash covers debt, Low debt, Forward PE improving, Strong financial earnings growth","Expensive price-to-book, Abnormally high dividend yield, Expensive financial P/B"
06.09.2026 at 01:31 PM IST,MASTEK,Mastek Limited,Technology,Information Technology Services,54772764672.0,5477.28,13.2,11.45,1.77,14.65,,,13.5,11.09,46.54,7.7,15.0,,,9390999552.0,939.1,4382600192.0,438.26,,,,,1.35,0.21,IT_TECH,6,10,12,0,14,0,42,0,42,"Strong earnings growth, Cash covers debt, Low debt, Forward PE improving",
06.09.2026 at 01:31 PM IST,NAHARSPING,Nahar Spinning Mills Limited,Consumer Cyclical,Textile Manufacturing,10460740608.0,1046.07,13.26,,0.7,65.01,,,10.62,2.25,24.76,17.9,337.5,,,17774000.0,1.78,9829667840.0,982.97,,,,,35.0,0.53,CONSUMER_DISCRETIONARY,3,18,4,0,12,5,32,10,42,"Strong revenue growth, Strong earnings growth, Consumer discretionary growth support, Healthy discretionary margin, Controlled discretionary debt",Abnormally high dividend yield
06.09.2026 at 01:31 PM IST,TIPSMUSIC,Tips Music Limited,Communication Services,Entertainment,83148062720.0,8314.81,38.81,28.32,31.99,1.96,,,49.37,54.47,78.1,20.9,-4.7,,,1578924032.0,157.89,50995000.0,5.1,,,,,2.46,0.23,TELECOM,12,8,12,0,7,0,39,3,42,"Strong operating margin, Strong revenue growth, Cash covers debt, Low debt, Forward PE improving, Telecom revenue growth support","Negative earnings growth, Expensive price-to-book"
06.09.2026 at 01:31 PM IST,CANFINHOME,Can Fin Homes Limited,Financial Services,Mortgage Finance,107462410240.0,10746.24,9.51,8.51,1.8,636.59,,,79.91,66.73,98.93,22.5,19.6,,,13604000.0,1.36,380703506432.0,38070.35,,,,,1.98,0.41,FINANCIAL,12,16,0,0,14,8,34,8,42,"Strong operating margin, Strong revenue growth, Strong earnings growth, Forward PE improving, Financial leverage treated differently, Strong financial earnings growth",Very high debt
06.09.2026 at 01:31 PM IST,MOLDTKPAC,Mold-Tek Packaging Limited,Consumer Cyclical,Packaging & Containers,23526070272.0,2352.61,30.92,20.5,3.41,31.85,,,13.08,8.04,44.83,24.9,14.2,,,12509000.0,1.25,2197662976.0,219.77,,,,,85.0,0.61,CONSUMER_DISCRETIONARY,6,13,7,0,11,5,32,10,42,"Strong revenue growth, Low debt, Forward PE improving, Consumer discretionary growth support, Healthy discretionary margin, Controlled discretionary debt",Abnormally high dividend yield
06.09.2026 at 01:31 PM IST,LUMAXTECH,Lumax Auto Technologies Limited,Consumer Cyclical,Auto Parts,133227864064.0,13322.79,41.04,29.23,11.01,83.41,,,10.38,6.22,34.48,32.9,109.0,,,3452581120.0,345.26,12311004160.0,1231.1,,,,,28.0,0.54,AUTO,6,20,4,0,7,5,32,10,42,"Strong revenue growth, Strong earnings growth, Forward PE improving, Auto revenue growth support, Healthy auto margin, Manageable auto debt","Expensive price-to-book, Abnormally high dividend yield"
06.09.2026 at 01:31 PM IST,HUDCO,Housing and Urban Development Corporation Limited,Financial Services,Credit Services,361342959616.0,36134.3,8.49,7.52,1.64,645.77,,,90.61,90.68,99.96,9.8,34.9,,,23809900544.0,2380.99,1419120214016.0,141912.02,,,,,3.32,0.82,FINANCIAL,12,15,0,0,15,8,34,8,42,"Strong operating margin, Strong earnings growth, Forward PE improving, Financial leverage treated differently, Strong financial earnings growth",Very high debt
06.09.2026 at 01:31 PM IST,LAXMIINDIA,Laxmi India Finance Limited,Financial Services,Credit Services,6944702976.0,694.47,11.53,,1.49,287.3,,,42.25,30.59,100.0,47.6,35.0,,,1352788992.0,135.28,13373120512.0,1337.31,,,,,,,FINANCIAL,12,20,0,0,10,8,34,8,42,"Strong operating margin, Strong revenue growth, Strong earnings growth, Financial leverage treated differently, Strong financial earnings growth",Very high debt
06.09.2026 at 01:31 PM IST,SOUTHBANK,The South Indian Bank Limited,Financial Services,Banks - Regional,124102492160.0,12410.25,8.23,6.75,1.05,,13.6,1.11,38.45,29.43,0.0,8.6,17.1,,,47799500800.0,4779.95,36069400576.0,3606.94,,,,,95.0,0.16,BANK,16,13,3,0,15,5,42,0,42,"Strong operating margin, Strong earnings growth, Cash covers debt, Forward PE improving",Abnormally high dividend yield
06.09.2026 at 01:31 PM IST,PETRONET,Petronet LNG Limited,Energy,Oil & Gas Refining & Marketing,432150052864.0,43215.01,10.27,10.16,1.94,10.51,,,24.0,11.32,18.13,-53.2,35.1,,,101141299200.0,10114.13,23414599680.0,2341.46,,,,,3.47,0.46,ENERGY_UTILITIES,8,10,12,0,15,6,39,3,42,"Strong operating margin, Strong earnings growth, Cash covers debt, Low debt, Forward PE improving, Energy dividend support",Negative revenue growth
06.09.2026 at 01:31 PM IST,POLYPLEX,Polyplex Corporation Limited,Basic Materials,Specialty Chemicals,38714736640.0,3871.47,24.03,,0.88,13.29,,,10.73,2.04,31.74,29.6,,,,10588800000.0,1058.88,9353100288.0,935.31,,,,,17.0,0.28,CHEMICALS,3,10,12,0,10,0,35,7,42,"Strong revenue growth, Cash covers debt, Low debt, Chemical revenue growth support, Controlled chemical debt",
06.09.2026 at 01:31 PM IST,SYNCOMF,Syncom Formulations (India) Limited,Healthcare,Drug Manufacturers - Specialty & Generic,19270000640.0,1927.0,22.78,,4.61,0.35,,,19.65,17.18,43.56,7.4,23.8,,,1128551040.0,112.86,14742000.0,1.47,,,,,49.0,0.8,PHARMA_HEALTHCARE,10,10,12,0,8,5,35,7,42,"Strong operating margin, Strong earnings growth, Cash covers debt, Low debt, Strong healthcare margin, Controlled healthcare debt",Abnormally high dividend yield
06.09.2026 at 01:31 PM IST,MAHLOG,Mahindra Logistics Limited,Industrials,Integrated Freight & Logistics,40376119296.0,4037.61,95.47,24.18,5.12,46.73,,,2.53,0.52,7.89,20.1,28.9,,,6070099968.0,607.01,2667200000.0,266.72,,,,,62.0,0.49,CAPITAL_GOODS_INFRA,0,18,10,0,7,5,30,12,42,"Strong revenue growth, Strong earnings growth, Cash covers debt, Low debt, Forward PE improving, Strong capital goods revenue growth, Strong capital goods earnings growth, Manageable capital goods debt","Very high PE, Abnormally high dividend yield"
06.09.2026 at 01:31 PM IST,IIFL,IIFL Finance Limited,Financial Services,Credit Services,277288812544.0,27728.88,13.28,8.64,1.99,447.42,,,42.17,24.17,99.68,31.8,189.5,,,87518298112.0,8751.83,698830225408.0,69883.02,,,,,61.0,0.3,FINANCIAL,12,20,0,0,15,13,34,8,42,"Strong operating margin, Strong revenue growth, Strong earnings growth, Forward PE improving, Financial leverage treated differently, Strong financial earnings growth","Very high debt, Abnormally high dividend yield"
06.09.2026 at 01:31 PM IST,IXIGO,Le Travenues Technology Limited,Consumer Cyclical,Travel Services,73654386688.0,7365.44,84.77,40.85,3.62,2.15,,,5.51,6.74,82.16,13.4,50.0,,,9713290240.0,971.33,440220000.0,44.02,,,,,,-0.55,CONSUMER_DISCRETIONARY,3,15,12,0,5,0,35,7,42,"Strong earnings growth, Cash covers debt, Low debt, Forward PE improving, Consumer discretionary growth support, Controlled discretionary debt",Very high PE
06.09.2026 at 01:31 PM IST,BUTTERFLY,Butterfly Gandhimathi Appliances Limited,Consumer Cyclical,"Furnishings, Fixtures & Appliances",11138961408.0,1113.9,23.13,,2.99,2.05,,,4.18,4.96,37.69,14.1,38.1,,,1511800960.0,151.18,76445000.0,7.64,,,,,,0.0,CONSUMER_DISCRETIONARY,0,15,12,0,8,0,35,7,42,"Strong earnings growth, Cash covers debt, Low debt, Consumer discretionary growth support, Controlled discretionary debt",
06.09.2026 at 01:31 PM IST,YUKEN,Yuken India Limited,Industrials,Specialty Industrial Machinery,13774176256.0,1377.42,88.02,,3.69,30.74,,,6.83,3.18,52.78,28.5,23.1,,,227650000.0,22.77,1146749952.0,114.67,,,,,15.0,0.47,CAPITAL_GOODS_INFRA,0,18,7,0,4,0,29,12,41,"Strong revenue growth, Strong earnings growth, Low debt, Strong capital goods revenue growth, Strong capital goods earnings growth, Manageable capital goods debt",Very high PE
06.09.2026 at 01:31 PM IST,SPARC,Sun Pharma Advanced Research Company Limited,Healthcare,Drug Manufacturers - Specialty & Generic,64839417856.0,6483.94,4.09,3.61,4.84,41.78,,,-90.68,82.97,98.3,314.1,,,,11553000.0,1.16,5593148928.0,559.31,,,,,,0.65,PHARMA_HEALTHCARE,6,10,7,0,11,0,34,7,41,"Strong revenue growth, Low debt, Forward PE improving, Healthcare growth support, Controlled healthcare debt",
06.09.2026 at 01:31 PM IST,SANDHAR,Sandhar Technologies Limited,Consumer Cyclical,Auto Parts,37769916416.0,3776.99,18.11,15.01,2.83,86.08,,,4.0,4.04,36.56,26.8,33.1,,,521190016.0,52.12,11476093952.0,1147.61,,,,,64.0,0.7,AUTO,0,20,4,0,15,5,34,7,41,"Strong revenue growth, Strong earnings growth, Forward PE improving, Auto revenue growth support, Manageable auto debt",Abnormally high dividend yield
06.09.2026 at 01:31 PM IST,AARTIIND,Aarti Industries Limited,Basic Materials,Specialty Chemicals,178914934784.0,17891.49,33.76,24.57,2.99,83.39,,,8.88,5.9,36.0,42.5,258.0,,,6089999872.0,609.0,49659998208.0,4966.0,,,,,20.0,0.64,CHEMICALS,0,20,4,0,13,0,37,4,41,"Strong revenue growth, Strong earnings growth, Forward PE improving, Chemical revenue growth support",
06.09.2026 at 01:31 PM IST,JETFREIGHT,Jet Freight Logistics Limited,Industrials,Integrated Freight & Logistics,977263680.0,97.73,12.92,,1.38,104.6,,,3.37,1.5,5.58,49.5,42.1,,,146299008.0,14.63,742380992.0,74.24,,,,,,-0.04,CAPITAL_GOODS_INFRA,0,20,2,0,10,0,32,9,41,"Strong revenue growth, Strong earnings growth, Strong capital goods revenue growth, Strong capital goods earnings growth",
06.09.2026 at 01:31 PM IST,DATAMATICS,Datamatics Global Services Limited,Technology,Information Technology Services,45275492352.0,4527.55,20.95,15.41,2.93,14.38,,,15.26,10.63,38.89,9.9,43.7,,,5635999744.0,563.6,2209299968.0,220.93,,,,,65.0,0.21,IT_TECH,6,15,12,0,13,5,41,0,41,"Strong earnings growth, Cash covers debt, Low debt, Forward PE improving",Abnormally high dividend yield
06.09.2026 at 01:31 PM IST,UNIVCABLES,Universal Cables Limited,Industrials,Electrical Equipment & Parts,54679920640.0,5467.99,27.39,106.06,2.92,62.26,,,8.39,5.93,23.62,57.5,113.1,,,58834000.0,5.88,11773089792.0,1177.31,,,,,29.0,0.64,CAPITAL_GOODS_INFRA,0,20,4,0,10,5,29,12,41,"Strong revenue growth, Strong earnings growth, Strong capital goods revenue growth, Strong capital goods earnings growth, Manageable capital goods debt","Forward PE deterioration, Abnormally high dividend yield"
06.09.2026 at 01:31 PM IST,SUPRIYA,Supriya Lifescience Limited,Healthcare,Biotechnology,68080402432.0,6808.04,34.32,21.8,5.69,0.45,,,21.4,22.74,68.06,32.6,-30.8,,,788670016.0,78.87,54350000.0,5.43,,,,,12.0,0.65,IT_TECH,11,10,12,0,11,8,36,5,41,"Strong operating margin, Strong revenue growth, Cash covers debt, Low debt, Forward PE improving, Strong tech operating margin",Negative earnings growth
06.09.2026 at 01:31 PM IST,MVGJL,Manoj Vaibhav Gems 'N' Jewellers Limited,Consumer Cyclical,Luxury Goods,8746622976.0,874.66,7.18,,1.05,58.92,,,5.91,4.19,12.78,30.1,33.6,,,1086000000.0,108.6,4910400000.0,491.04,,,,,,0.76,CONSUMER_DISCRETIONARY,0,20,4,0,10,0,34,7,41,"Strong revenue growth, Strong earnings growth, Consumer discretionary growth support, Controlled discretionary debt",
06.09.2026 at 01:31 PM IST,MANCREDIT,Mangal Credit and Fincorp Limited,Financial Services,Credit Services,4840170496.0,484.02,27.06,,2.8,192.1,,,79.84,23.2,98.17,53.1,80.9,,,523708000.0,52.37,3317465088.0,331.75,,,,,33.0,-0.04,FINANCIAL,12,20,0,0,10,5,37,4,41,"Strong operating margin, Strong revenue growth, Strong earnings growth, Strong financial earnings growth",Abnormally high dividend yield
06.09.2026 at 01:31 PM IST,BDL,Bharat Dynamics Limited,Industrials,Aerospace & Defense,460035948544.0,46003.59,88.5,40.24,10.84,0.01,,,10.98,18.83,47.92,130.8,5.48,,,47093149696.0,4709.31,3152000.0,0.32,,,,,39.0,0.32,CAPITAL_GOODS_INFRA,9,12,12,0,5,5,33,8,41,"Strong revenue growth, Cash covers debt, Low debt, Forward PE improving, Strong capital goods revenue growth, Manageable capital goods debt","Very high PE, Expensive price-to-book, Abnormally high dividend yield"
06.09.2026 at 01:31 PM IST,ICRA,ICRA Limited,Financial Services,Financial Data & Stock Exchanges,47018639360.0,4701.86,24.1,18.72,3.98,,,,34.39,30.58,48.67,4.1,32.3,,,6482058752.0,648.21,0.0,0.0,,,,,1.43,0.3,FINANCIAL,12,12,3,0,10,0,37,4,41,"Strong operating margin, Strong earnings growth, Net cash position, Forward PE improving, Strong financial earnings growth",
06.09.2026 at 01:31 PM IST,AURUS,Aurus Gem Corporation Limited,Consumer Cyclical,Luxury Goods,142997392.0,14.3,7.95,,0.77,78.96,,,3.17,10.38,13.69,105.7,200.0,,,4596000.0,0.46,143471008.0,14.35,,,,,,0.42,CONSUMER_DISCRETIONARY,3,20,4,0,10,0,37,4,41,"Strong revenue growth, Strong earnings growth, Consumer discretionary growth support",
06.09.2026 at 01:31 PM IST,MANAKSTEEL,Manaksia Steels Limited,Basic Materials,Steel,7044910080.0,704.49,12.56,,2.16,46.44,,,9.28,4.52,21.74,50.6,249.5,,,733857024.0,73.39,1513869056.0,151.39,,,,,,0.55,METALS_MINING,0,20,7,0,10,0,37,4,41,"Strong revenue growth, Strong earnings growth, Low debt, Controlled metal sector debt",
06.09.2026 at 01:31 PM IST,HONASA,Honasa Consumer Limited,Consumer Defensive,Household & Personal Products,153231392768.0,15323.14,61.6,44.35,10.81,9.59,,,13.19,9.75,69.75,27.0,119.0,,,4658990080.0,465.9,1353459968.0,135.35,,,,,64.0,0.62,FMCG_CONSUMER,6,20,12,0,5,5,38,3,41,"Strong revenue growth, Strong earnings growth, Cash covers debt, Low debt, Forward PE improving, Low debt consumer business","Expensive price-to-book, Abnormally high dividend yield"
06.09.2026 at 01:31 PM IST,SAGARDEEP,Sagardeep Alloys Limited,Basic Materials,Copper,402554656.0,40.26,18.15,,1.17,26.42,,,2.24,1.54,4.8,61.5,114.3,,,862000.0,0.09,93032000.0,9.3,,,,,,0.28,METALS_MINING,0,20,7,0,10,0,37,4,41,"Strong revenue growth, Strong earnings growth, Low debt, Controlled metal sector debt",
06.09.2026 at 01:31 PM IST,VAML,Vedanta Aluminium Metal Limited,Basic Materials,Aluminum,1713924341760.0,171392.43,44.57,7.52,,,,,45.31,56.26,94.23,46.0,216.3,,,67000.0,0.01,623000.0,0.06,,,,,3.66,,METALS_MINING,12,20,0,0,7,0,39,2,41,"Strong operating margin, Strong revenue growth, Strong earnings growth, Forward PE improving, Commodity dividend support",
06.09.2026 at 01:31 PM IST,PAISALO,Paisalo Digital Limited,Financial Services,Credit Services,67665313792.0,6766.53,26.72,19.48,3.73,243.15,,,63.74,45.76,100.0,20.7,28.8,,,1500088064.0,150.01,43596742656.0,4359.67,,,,,13.0,0.35,FINANCIAL,12,18,0,0,11,8,33,8,41,"Strong operating margin, Strong revenue growth, Strong earnings growth, Forward PE improving, Financial leverage treated differently, Strong financial earnings growth",Very high debt
06.09.2026 at 01:31 PM IST,BRITANNIA,Britannia Industries Limited,Consumer Defensive,Packaged Foods,1228789514240.0,122878.95,47.17,39.2,24.06,26.88,,,15.21,13.38,41.42,8.2,13.6,,,18585200640.0,1858.52,13802800128.0,1380.28,,,,,1.77,0.41,FMCG_CONSUMER,8,10,10,0,6,0,34,7,41,"Cash covers debt, Low debt, Forward PE improving, Healthy consumer margins, Low debt consumer business",Expensive price-to-book
06.09.2026 at 01:31 PM IST,ANURAS,Anupam Rasayan India Ltd,Basic Materials,Specialty Chemicals,140490702848.0,14049.07,80.34,32.95,4.21,41.32,,,16.23,6.89,46.18,34.8,-9.4,,,4106160128.0,410.62,19129450496.0,1912.95,,,,,12.0,0.11,CHEMICALS,6,10,7,0,7,0,30,11,41,"Strong revenue growth, Low debt, Forward PE improving, Strong chemical margin, Chemical revenue growth support, Controlled chemical debt","Negative earnings growth, Very high PE"
06.09.2026 at 01:31 PM IST,REDINGTON,Redington Limited,Technology,Information Technology Services,290272837632.0,29027.28,17.06,12.24,2.86,27.26,,,1.88,1.33,4.91,34.6,76.7,,,11100699648.0,1110.07,28416200704.0,2841.62,,,,,1.62,0.9,IT_TECH,0,20,7,0,14,0,41,0,41,"Strong revenue growth, Strong earnings growth, Low debt, Forward PE improving",
06.09.2026 at 01:31 PM IST,WAKEFIT,Wakefit Innovations Limited,Consumer Cyclical,"Furnishings, Fixtures & Appliances",50658807808.0,5065.88,26.25,38.12,4.44,24.02,,,6.93,12.47,56.1,16.6,11.1,,,6631209984.0,663.12,2718779904.0,271.88,,,,,,,CONSUMER_DISCRETIONARY,5,13,10,0,6,0,34,7,41,"Strong revenue growth, Cash covers debt, Low debt, Consumer discretionary growth support, Controlled discretionary debt",Forward PE deterioration
06.09.2026 at 01:31 PM IST,ROSSARI,Rossari Biotech Limited,Basic Materials,Specialty Chemicals,25536688128.0,2553.67,16.95,13.72,1.91,32.7,,,7.89,5.91,29.53,28.2,4.5,,,1148080000.0,114.81,4359370240.0,435.94,,,,,11.0,0.55,CHEMICALS,0,12,7,0,15,0,34,7,41,"Strong revenue growth, Low debt, Forward PE improving, Chemical revenue growth support, Controlled chemical debt",
06.09.2026 at 01:31 PM IST,LENSKART,Lenskart Solutions Limited,Healthcare,Medical Instruments & Supplies,1183060197376.0,118306.02,181.18,97.0,13.57,34.98,,,10.46,6.8,68.97,43.3,258.1,,,36740300800.0,3674.03,30965960704.0,3096.6,,,,,,,PHARMA_HEALTHCARE,6,20,10,0,3,5,34,7,41,"Strong revenue growth, Strong earnings growth, Cash covers debt, Low debt, Forward PE improving, Healthcare growth support, Controlled healthcare debt","Very high PE, Expensive price-to-book"
06.09.2026 at 01:31 PM IST,PANAMAPET,Panama Petrochem Limited,Energy,Oil & Gas Refining & Marketing,30065319936.0,3006.53,6.28,,2.05,7.55,,,22.37,11.66,23.09,150.3,6.25,,,814499968.0,81.45,1108600064.0,110.86,,,,,61.0,0.59,ENERGY_UTILITIES,8,12,11,0,12,5,38,3,41,"Strong operating margin, Strong revenue growth, Reasonable cash coverage, Low debt, Energy dividend support",Abnormally high dividend yield
06.09.2026 at 01:31 PM IST,POLYMED,Poly Medicure Limited,Healthcare,Medical Instruments & Supplies,172304351232.0,17230.44,54.85,34.83,5.55,11.23,,,16.91,15.77,69.49,30.3,-7.5,,,8270274048.0,827.03,3535759104.0,353.58,,,,,21.0,0.01,PHARMA_HEALTHCARE,8,10,12,0,9,5,34,7,41,"Strong revenue growth, Cash covers debt, Low debt, Forward PE improving, Healthcare growth support, Controlled healthcare debt","Negative earnings growth, Abnormally high dividend yield"
06.09.2026 at 01:31 PM IST,AADHARHFC,Aadhar Housing Finance Limited,Financial Services,Mortgage Finance,212530266112.0,21253.03,18.82,13.11,2.8,255.57,,,61.72,48.15,98.47,19.6,18.4,,,7909499904.0,790.95,192725499904.0,19272.55,,,,,,0.38,FINANCIAL,12,16,0,0,13,8,33,8,41,"Strong operating margin, Strong revenue growth, Strong earnings growth, Forward PE improving, Financial leverage treated differently, Strong financial earnings growth",Very high debt
06.09.2026 at 01:31 PM IST,KIRLPNU,Kirloskar Pneumatic Company Limited,Industrials,Specialty Industrial Machinery,99107848192.0,9910.78,37.71,29.62,7.94,0.27,,,12.11,14.54,49.67,7.6,32.5,,,4565819904.0,456.58,33410000.0,3.34,,,,,79.0,0.58,CAPITAL_GOODS_INFRA,8,12,12,0,7,5,34,7,41,"Strong earnings growth, Cash covers debt, Low debt, Forward PE improving, Strong capital goods earnings growth, Manageable capital goods debt",Abnormally high dividend yield
06.09.2026 at 01:31 PM IST,RSL,Rajputana Stainless Limited,Basic Materials,Steel,15209313280.0,1520.93,25.85,,3.49,18.95,,,8.7,5.44,19.43,32.4,49.4,,,1339689984.0,133.97,688307968.0,68.83,,,,,28.0,,METALS_MINING,0,20,12,0,8,5,35,6,41,"Strong revenue growth, Strong earnings growth, Cash covers debt, Low debt, Controlled metal sector debt, Commodity dividend support",Abnormally high dividend yield
06.09.2026 at 01:31 PM IST,MANYAVAR,Vedant Fashions Limited,Consumer Cyclical,Apparel Manufacturing,145057415168.0,14505.74,37.62,32.73,7.38,23.3,,,29.46,26.51,70.26,7.2,14.9,,,5370480128.0,537.05,4575909888.0,457.59,,,,,1.3,-0.06,CONSUMER_DISCRETIONARY,12,7,10,0,6,0,35,6,41,"Strong operating margin, Cash covers debt, Low debt, Forward PE improving, Healthy discretionary margin, Controlled discretionary debt",
06.09.2026 at 01:31 PM IST,KDDL,KDDL Limited,Consumer Cyclical,Luxury Goods,48144302080.0,4814.43,49.55,30.37,4.46,26.69,,,9.53,4.18,41.06,36.3,43.7,,,7350400000.0,735.04,5118300160.0,511.83,,,,,59.0,0.46,CONSUMER_DISCRETIONARY,0,20,10,0,9,5,34,7,41,"Strong revenue growth, Strong earnings growth, Cash covers debt, Low debt, Forward PE improving, Consumer discretionary growth support, Controlled discretionary debt",Abnormally high dividend yield
06.09.2026 at 01:31 PM IST,UNICHEMLAB,Unichem Laboratories Limited,Healthcare,Drug Manufacturers - Specialty & Generic,38652755968.0,3865.28,12.69,,1.42,18.41,,,6.32,13.21,50.73,20.1,,,,2894799872.0,289.48,5001500160.0,500.15,,,,,,-0.0,PHARMA_HEALTHCARE,5,8,11,0,10,0,34,7,41,"Strong revenue growth, Reasonable cash coverage, Low debt, Healthcare growth support, Controlled healthcare debt",
06.09.2026 at 01:31 PM IST,AFSL,Abans Financial Services Limited,Financial Services,Capital Markets,10269631488.0,1026.96,7.62,,0.82,55.76,,,2.67,0.5,1.45,95.9,88.9,,,19216021504.0,1921.6,7537318912.0,753.73,,,,,,-0.07,FINANCIAL,0,20,7,0,10,0,37,4,41,"Strong revenue growth, Strong earnings growth, Cash covers debt, Strong financial earnings growth",
06.09.2026 at 01:31 PM IST,ZFCVINDIA,ZF Commercial Vehicle Control Systems India Limited,Consumer Cyclical,Auto Parts,290215428096.0,29021.54,2.84,38.3,7.86,,,,12.88,11.86,41.45,32.7,46.1,,,,,,,,,,,16.0,-0.02,AUTO,6,20,0,0,8,0,34,7,41,"Strong revenue growth, Strong earnings growth, Auto revenue growth support, Healthy auto margin",Forward PE deterioration
06.09.2026 at 01:31 PM IST,AAVAS,Aavas Financiers Limited,Financial Services,Mortgage Finance,103637688320.0,10363.77,15.16,11.37,2.05,310.55,,,54.53,42.54,99.34,16.9,23.3,,,18432993280.0,1843.3,156855713792.0,15685.57,,,,,,0.53,FINANCIAL,12,16,0,0,13,8,33,8,41,"Strong operating margin, Strong revenue growth, Strong earnings growth, Forward PE improving, Financial leverage treated differently, Strong financial earnings growth",Very high debt
06.09.2026 at 01:31 PM IST,PLASTIBLEN,Plastiblends India Limited,Basic Materials,Specialty Chemicals,4875574272.0,487.56,11.41,,1.09,4.97,,,8.24,5.27,26.05,11.0,67.6,,,466532992.0,46.65,223107008.0,22.31,,,,,1.6,0.35,CHEMICALS,0,15,12,0,11,0,38,3,41,"Strong earnings growth, Cash covers debt, Low debt, Controlled chemical debt",
06.09.2026 at 01:31 PM IST,ALLDIGI,Alldigi Tech Limited,Industrials,Specialty Business Services,12249327616.0,1224.93,14.33,,4.88,68.01,,,16.84,14.12,42.25,4.4,21.7,,,1438300032.0,143.83,1706899968.0,170.69,,,,,7.45,0.34,CAPITAL_GOODS_INFRA,8,10,6,0,10,0,34,7,41,"Strong earnings growth, Reasonable cash coverage, Strong capital goods earnings growth, Manageable capital goods debt",
06.09.2026 at 01:31 PM IST,BAJAJHFL,Bajaj Housing Finance Limited,Financial Services,Mortgage Finance,692861403136.0,69286.14,25.76,19.0,3.08,460.74,12.68,,80.91,63.18,99.29,19.6,22.9,,,1936400000.0,193.64,1037715505152.0,103771.55,,,,,,,FINANCIAL,16,16,0,0,9,8,33,8,41,"Strong operating margin, Strong revenue growth, Strong earnings growth, Forward PE improving, Financial leverage treated differently, Strong financial earnings growth",Very high debt
06.09.2026 at 01:31 PM IST,KRISHIVAL,Krishival Foods Limited,Consumer Defensive,Packaged Foods,10681875456.0,1068.19,45.11,,4.86,18.09,,,9.59,6.62,31.5,79.6,15.7,,,283116000.0,28.31,361545984.0,36.15,,,,,8.0,-0.88,FMCG_CONSUMER,3,18,11,0,6,0,38,3,41,"Strong revenue growth, Strong earnings growth, Reasonable cash coverage, Low debt, Low debt consumer business",
06.09.2026 at 01:31 PM IST,HARSHA,Harsha Engineers International Limited,Industrials,Tools & Accessories,41497903104.0,4149.79,26.83,19.03,2.96,26.55,,,11.73,9.0,46.67,25.2,-1.4,,,2896600064.0,289.66,3721600000.0,372.16,,,,,33.0,0.59,CAPITAL_GOODS_INFRA,6,10,9,0,13,5,33,8,41,"Strong revenue growth, Reasonable cash coverage, Low debt, Forward PE improving, Strong capital goods revenue growth, Manageable capital goods debt","Negative earnings growth, Abnormally high dividend yield"
06.09.2026 at 01:31 PM IST,AWL,AWL Agri Business Limited,Consumer Defensive,Packaged Foods,242861703168.0,24286.17,21.05,17.7,2.33,10.62,,,2.88,1.49,10.73,17.5,47.3,,,23330600960.0,2333.06,11092700160.0,1109.27,,,,,53.0,-0.16,FMCG_CONSUMER,0,18,12,0,13,5,38,3,41,"Strong revenue growth, Strong earnings growth, Cash covers debt, Low debt, Forward PE improving, Low debt consumer business",Abnormally high dividend yield
06.09.2026 at 01:31 PM IST,ENDURANCE,Endurance Technologies Limited,Consumer Cyclical,Auto Parts,389959614464.0,38995.96,40.17,26.95,5.7,19.39,,,7.27,6.22,41.43,30.0,8.0,,,18893699072.0,1889.37,13266599936.0,1326.66,,,,,41.0,0.72,AUTO,3,15,12,0,9,5,34,7,41,"Strong revenue growth, Cash covers debt, Low debt, Forward PE improving, Auto revenue growth support, Manageable auto debt",Abnormally high dividend yield
06.09.2026 at 01:31 PM IST,IGPL,I G Petrochemicals Limited,Basic Materials,Chemicals,17499172864.0,1749.92,21.44,14.91,1.31,27.14,,,15.3,3.94,24.2,31.4,,,,1996513024.0,199.65,3616896000.0,361.69,,,,,88.0,0.22,CHEMICALS,3,10,9,0,13,5,30,11,41,"Strong revenue growth, Reasonable cash coverage, Low debt, Forward PE improving, Strong chemical margin, Chemical revenue growth support, Controlled chemical debt",Abnormally high dividend yield
06.09.2026 at 01:31 PM IST,SHYAMMETL,Shyam Metalics and Energy Limited,Basic Materials,Steel,295861125120.0,29586.11,26.26,15.74,2.63,8.13,,,9.28,5.74,28.14,23.5,20.7,,,5316599808.0,531.66,10050700288.0,1005.07,,,,,51.0,0.51,METALS_MINING,0,16,11,0,13,5,35,6,41,"Strong revenue growth, Strong earnings growth, Reasonable cash coverage, Low debt, Forward PE improving, Controlled metal sector debt, Commodity dividend support",Abnormally high dividend yield
06.09.2026 at 01:31 PM IST,KPRMILL,K.P.R. Mill Limited,Consumer Cyclical,Textile Manufacturing,405546696704.0,40554.67,44.36,32.33,7.1,10.46,,,16.45,13.38,38.66,9.6,21.5,,,14298900480.0,1429.89,5961399808.0,596.14,,,,,42.0,0.3,CONSUMER_DISCRETIONARY,8,13,12,0,7,5,35,6,41,"Strong earnings growth, Cash covers debt, Low debt, Forward PE improving, Healthy discretionary margin, Controlled discretionary debt",Abnormally high dividend yield
06.09.2026 at 01:31 PM IST,ADFFOODS,ADF Foods Limited,Consumer Defensive,Packaged Foods,29317099520.0,2931.71,31.88,,5.13,9.63,,,14.31,12.81,59.55,25.9,13.0,,,856851968.0,85.69,550675968.0,55.07,,,,,45.0,0.57,FMCG_CONSUMER,8,15,12,0,8,5,38,3,41,"Strong revenue growth, Cash covers debt, Low debt, Low debt consumer business",Abnormally high dividend yield
06.09.2026 at 01:31 PM IST,NARMADA,Narmada Agrobase Limited,Basic Materials,Agricultural Inputs,1022765312.0,102.28,28.08,,1.72,17.02,,,4.01,4.01,11.1,100.9,48.1,,,4981000.0,0.5,100993000.0,10.1,,,,,,0.02,GENERAL,0,20,9,0,8,0,37,4,41,"Strong revenue growth, Strong earnings growth, Low debt, General low debt support, General growth support",
06.09.2026 at 01:31 PM IST,SILVERTUC,Silver Touch Technologies Limited,Technology,Information Technology Services,21329440768.0,2132.94,5.84,,12.6,19.45,,,17.39,11.71,40.84,22.3,148.4,,,131116000.0,13.11,330052000.0,33.01,,,,,6.0,0.68,IT_TECH,6,18,9,0,8,0,41,0,41,"Strong revenue growth, Strong earnings growth, Low debt",Expensive price-to-book
06.09.2026 at 01:31 PM IST,HILTON,Hilton Metal Forging Limited,Industrials,Metal Fabrication,961909888.0,96.19,15.07,,0.43,37.02,,,5.98,1.91,11.07,167.4,483.3,,,69531000.0,6.95,559139968.0,55.91,,,,,,-1.49,METALS_MINING,0,20,7,0,10,0,37,4,41,"Strong revenue growth, Strong earnings growth, Low debt, Controlled metal sector debt",
06.09.2026 at 01:31 PM IST,SIGNPOST,Signpost India Limited,Communication Services,Advertising Agencies,13004385280.0,1300.44,17.66,,4.51,69.75,,,18.92,12.45,32.53,10.6,22.0,,,240184000.0,24.02,2029532032.0,202.95,,,,,20.0,0.74,TELECOM,10,13,4,0,10,0,37,3,40,"Strong operating margin, Strong earnings growth, Telecom revenue growth support",
06.09.2026 at 01:31 PM IST,BANDHANBNK,Bandhan Bank Limited,Financial Services,Banks - Regional,265752838144.0,26575.28,19.64,8.08,1.04,,,,23.77,13.62,0.0,21.6,34.6,,,131266928640.0,13126.69,143028125696.0,14302.81,,,,,91.0,0.79,BANK,10,18,2,0,15,5,40,0,40,"Strong operating margin, Strong revenue growth, Strong earnings growth, Reasonable cash coverage, Forward PE improving",Abnormally high dividend yield
06.09.2026 at 01:31 PM IST,MEDICO,Medico Remedies Limited,Healthcare,Drug Manufacturers - Specialty & Generic,3279527680.0,327.95,23.81,,4.32,25.44,,,3.71,5.82,24.33,81.4,36.4,,,37512000.0,3.75,192040992.0,19.2,,,,,,0.62,PHARMA_HEALTHCARE,0,20,7,0,6,0,33,7,40,"Strong revenue growth, Strong earnings growth, Low debt, Healthcare growth support, Controlled healthcare debt",
06.09.2026 at 01:31 PM IST,IFGLEXPOR,IFGL Refractories Limited,Basic Materials,Building Materials,14956314624.0,1495.63,36.6,12.65,1.27,17.76,,,4.56,2.1,46.23,12.9,58.0,,,1194828032.0,119.48,2087106048.0,208.71,,,,,1.05,1.0,CEMENT_REALTY,0,15,11,0,10,0,36,4,40,"Strong earnings growth, Reasonable cash coverage, Low debt, Forward PE improving, Manageable cement/realty debt",
06.09.2026 at 01:31 PM IST,COFORGE,Coforge Limited,Technology,Information Technology Services,873907159040.0,87390.72,40.48,27.61,6.95,7.52,,,15.96,9.64,37.25,49.9,30.9,,,10992000000.0,1099.2,7278000128.0,727.8,,,,,81.0,0.31,IT_TECH,6,20,12,0,7,5,40,0,40,"Strong revenue growth, Strong earnings growth, Cash covers debt, Low debt, Forward PE improving",Abnormally high dividend yield
06.09.2026 at 01:31 PM IST,MIDHANI,Mishra Dhatu Nigam Limited,Basic Materials,Steel,78738997248.0,7873.9,58.38,33.99,5.14,26.56,,,8.36,10.56,55.17,40.5,27.5,,,1922148992.0,192.21,4068492032.0,406.85,,,,,38.0,0.65,METALS_MINING,3,20,7,0,9,5,34,6,40,"Strong revenue growth, Strong earnings growth, Low debt, Forward PE improving, Controlled metal sector debt, Commodity dividend support",Abnormally high dividend yield
06.09.2026 at 01:31 PM IST,AHCL,Anlon Healthcare Limited,Healthcare,Drug Manufacturers - Specialty & Generic,8360730624.0,836.07,22.8,,3.08,17.13,,,16.59,13.98,35.04,163.0,,,,43759000.0,4.38,436527008.0,43.65,,,,,,,PHARMA_HEALTHCARE,8,10,9,0,6,0,33,7,40,"Strong revenue growth, Low debt, Healthcare growth support, Controlled healthcare debt",
06.09.2026 at 01:31 PM IST,SYRMA,Syrma SGS Technology Limited,Technology,Electronic Components,281232474112.0,28123.25,75.34,47.18,9.76,13.04,,,8.76,6.74,25.41,68.3,86.0,,,8079860224.0,807.99,3998919936.0,399.89,,,,,10.0,0.21,IT_TECH,3,20,12,0,5,0,40,0,40,"Strong revenue growth, Strong earnings growth, Cash covers debt, Low debt, Forward PE improving",
06.09.2026 at 01:31 PM IST,AGROPHOS,Agro Phos (India) Limited,Basic Materials,Agricultural Inputs,531992800.0,53.2,7.54,,0.76,42.35,10.39,5.72,3.92,4.77,33.31,-22.6,,1.58,0.36,22308000.0,2.23,298808000.0,29.88,6479375.0,0.65,41557000.0,4.16,3.88,0.13,GENERAL,4,0,11,17,12,6,38,2,40,"Low debt, Positive operating cash flow, Positive free cash flow, General low debt support",Negative revenue growth
06.09.2026 at 01:31 PM IST,KANSAINER,Kansai Nerolac Paints Limited,Basic Materials,Specialty Chemicals,157307469824.0,15730.75,26.21,19.49,2.34,4.53,,,11.19,7.26,34.88,9.8,4.8,,,25848000512.0,2584.8,3027300096.0,302.73,,,,,1.29,0.36,CHEMICALS,6,7,12,0,12,0,37,3,40,"Cash covers debt, Low debt, Forward PE improving, Controlled chemical debt",
06.09.2026 at 01:31 PM IST,VINATIORGA,Vinati Organics Limited,Basic Materials,Specialty Chemicals,135796506624.0,13579.65,30.27,23.3,4.29,,,,19.94,18.83,44.39,28.4,4.5,,,1965100032.0,196.51,0.0,0.0,,,,,65.0,0.24,CHEMICALS,11,12,3,0,11,5,32,8,40,"Strong operating margin, Strong revenue growth, Net cash position, Forward PE improving, Strong chemical margin, Chemical revenue growth support",Abnormally high dividend yield
06.09.2026 at 01:31 PM IST,MATRIMONY,Matrimony.com Limited,Communication Services,Internet Content & Information,10969300992.0,1096.93,24.95,16.28,5.31,23.9,,,15.1,9.44,66.54,13.2,137.3,,,2485700096.0,248.57,493500000.0,49.35,,,,,95.0,0.14,TELECOM,6,15,10,0,11,5,37,3,40,"Strong earnings growth, Cash covers debt, Low debt, Forward PE improving, Telecom revenue growth support",Abnormally high dividend yield
06.09.2026 at 01:31 PM IST,SSWL,Steel Strips Wheels Limited,Consumer Cyclical,Auto Parts,56756973568.0,5675.7,26.73,17.1,3.14,45.9,,,8.26,3.86,34.38,27.2,46.5,,,114001000.0,11.4,8283693056.0,828.37,,,,,41.0,0.48,AUTO,0,20,7,0,11,5,33,7,40,"Strong revenue growth, Strong earnings growth, Low debt, Forward PE improving, Auto revenue growth support, Manageable auto debt",Abnormally high dividend yield
06.09.2026 at 01:31 PM IST,GLENMARK,Glenmark Pharmaceuticals Limited,Healthcare,Drug Manufacturers - Specialty & Generic,687837937664.0,68783.79,38.31,24.95,6.54,5.65,,,15.72,10.14,71.94,23.1,9.31,,,11762570240.0,1176.26,5935269888.0,593.53,,,,,31.0,0.26,PHARMA_HEALTHCARE,6,13,12,0,7,5,33,7,40,"Strong revenue growth, Cash covers debt, Low debt, Forward PE improving, Healthcare growth support, Controlled healthcare debt",Abnormally high dividend yield
06.09.2026 at 01:31 PM IST,TREL,Transindia Real Estate Limited,Real Estate,Real Estate Services,6751712768.0,675.17,16.55,,0.53,,,,34.83,48.39,92.51,4.2,51.6,,,14900000.0,1.49,0.0,0.0,,,,,,0.0,CEMENT_REALTY,12,12,3,0,10,0,37,3,40,"Strong operating margin, Strong earnings growth, Net cash position, Healthy cement/realty margin",
06.09.2026 at 01:31 PM IST,DCBBANK,DCB Bank Limited,Financial Services,Banks - Regional,71179116544.0,7117.91,9.04,6.44,1.09,,,,34.86,25.28,0.0,17.4,32.4,,,11411887104.0,1141.19,60864475136.0,6086.45,,,,,66.0,0.48,BANK,12,18,0,0,15,5,40,0,40,"Strong operating margin, Strong revenue growth, Strong earnings growth, Forward PE improving",Abnormally high dividend yield
06.09.2026 at 01:31 PM IST,AUSOMENT,AuSom Enterprise Limited,Financial Services,Capital Markets,2185898752.0,218.59,8.81,,1.35,5.49,,,1.02,0.56,1.08,489.1,36.0,,,19791000.0,1.98,88527000.0,8.85,,,,,62.0,0.45,FINANCIAL,0,20,9,0,12,5,36,4,40,"Strong revenue growth, Strong earnings growth, Low debt, Strong financial earnings growth",Abnormally high dividend yield
06.09.2026 at 01:31 PM IST,LTF,L&T Finance Limited,Financial Services,Credit Services,786898354176.0,78689.84,24.74,16.08,2.8,393.44,,,45.95,33.08,99.53,29.3,28.2,,,112093798400.0,11209.38,1102976647168.0,110297.66,,,,,88.0,0.64,FINANCIAL,12,20,0,0,13,13,32,8,40,"Strong operating margin, Strong revenue growth, Strong earnings growth, Forward PE improving, Financial leverage treated differently, Strong financial earnings growth","Very high debt, Abnormally high dividend yield"
06.09.2026 at 01:31 PM IST,ASAHIINDIA,Asahi India Glass Limited,Consumer Cyclical,Auto Parts,243200540672.0,24320.05,54.83,41.12,6.18,55.87,,,17.25,8.46,57.39,15.0,153.2,,,2453100032.0,245.31,21979600896.0,2197.96,,,,,21.0,0.37,AUTO,6,18,4,0,7,5,30,10,40,"Strong revenue growth, Strong earnings growth, Forward PE improving, Auto revenue growth support, Healthy auto margin, Manageable auto debt",Abnormally high dividend yield
06.09.2026 at 01:31 PM IST,CONFIPET,Confidence Petroleum India Limited,Energy,Oil & Gas Refining & Marketing,27343439872.0,2734.34,20.32,,1.94,49.39,,,4.21,2.24,13.91,116.6,204.9,,,2233799936.0,223.38,7613000192.0,761.3,,,,,12.0,0.58,ENERGY_UTILITIES,0,20,7,0,10,0,37,3,40,"Strong revenue growth, Strong earnings growth, Low debt, Energy dividend support",
06.09.2026 at 01:31 PM IST,SIEMENS,Siemens Limited,Industrials,Specialty Industrial Machinery,1416291287040.0,141629.13,84.03,58.7,10.23,2.21,,,7.49,19.02,28.2,14.8,406.1,,,56160002048.0,5616.0,3065999872.0,306.6,,,,,45.0,0.58,CAPITAL_GOODS_INFRA,6,15,12,0,5,5,33,7,40,"Strong earnings growth, Cash covers debt, Low debt, Forward PE improving, Strong capital goods earnings growth, Manageable capital goods debt","Very high PE, Expensive price-to-book, Abnormally high dividend yield"
06.09.2026 at 01:31 PM IST,BALMLAWRIE,Balmer Lawrie & Co. Ltd.,Industrials,Conglomerates,30479724544.0,3047.97,10.91,,1.47,10.54,,,10.7,10.02,35.05,10.0,3.7,,,4529809920.0,452.98,2196474112.0,219.65,,,,,9.55,0.68,CAPITAL_GOODS_INFRA,6,7,12,0,12,0,37,3,40,"Cash covers debt, Low debt, Manageable capital goods debt",
06.09.2026 at 01:31 PM IST,SOBHA,Sobha Limited,Real Estate,Real Estate - Development,136152227840.0,13615.22,58.91,17.61,2.88,24.62,,,3.86,4.11,32.2,50.0,274.0,,,14898549760.0,1489.85,11620320256.0,1162.03,,,,,47.0,0.43,CEMENT_REALTY,0,20,10,0,11,5,36,4,40,"Strong revenue growth, Strong earnings growth, Cash covers debt, Low debt, Forward PE improving, Manageable cement/realty debt",Abnormally high dividend yield
06.09.2026 at 01:31 PM IST,DLINKINDIA,D-Link (India) Limited,Technology,Communication Equipment,16037539840.0,1603.75,14.94,,3.17,2.93,,,7.18,6.42,14.3,30.5,13.2,,,2018619008.0,201.86,148052992.0,14.81,,,,,9.09,0.35,IT_TECH,3,15,12,0,10,0,40,0,40,"Strong revenue growth, Cash covers debt, Low debt",
06.09.2026 at 01:31 PM IST,ZENSARTECH,Zensar Technologies Limited,Technology,Information Technology Services,104713314304.0,10471.33,13.68,12.14,2.22,1.68,,,12.76,13.36,20.45,8.9,0.9,,,25873000448.0,2587.3,793000000.0,79.3,,,,,3.25,0.21,IT_TECH,8,5,12,0,15,0,40,0,40,"Cash covers debt, Low debt, Forward PE improving",
06.09.2026 at 01:31 PM IST,FINPIPE,Finolex Industries Limited,Industrials,Building Products & Equipment,98280996864.0,9828.1,15.97,14.96,1.58,7.17,,,8.95,15.56,43.52,-15.3,16.4,,,24930500608.0,2493.05,4456399872.0,445.64,,,,,1.26,0.6,CAPITAL_GOODS_INFRA,5,8,12,0,14,6,33,7,40,"Strong earnings growth, Cash covers debt, Low debt, Forward PE improving, Strong capital goods earnings growth, Manageable capital goods debt",Negative revenue growth
06.09.2026 at 01:31 PM IST,SIS,SIS Limited,Industrials,Security & Protection Services,60826537984.0,6082.65,41.67,12.15,2.4,70.3,,,3.14,0.86,14.43,29.7,11.5,,,9751900160.0,975.19,17892999168.0,1789.3,,,,,3.25,0.37,CAPITAL_GOODS_INFRA,0,15,6,0,11,0,32,8,40,"Strong revenue growth, Reasonable cash coverage, Forward PE improving, Strong capital goods revenue growth, Manageable capital goods debt",
06.09.2026 at 01:31 PM IST,BECTORFOOD,Mrs. Bectors Food Specialities Limited,Consumer Defensive,Packaged Foods,69468053504.0,6946.81,46.8,32.07,5.49,15.01,,,8.41,7.02,45.62,16.0,25.2,,,2337489920.0,233.75,1907859968.0,190.79,,,,,58.0,0.17,FMCG_CONSUMER,3,18,12,0,9,5,37,3,40,"Strong revenue growth, Strong earnings growth, Cash covers debt, Low debt, Forward PE improving, Low debt consumer business",Abnormally high dividend yield
06.09.2026 at 01:31 PM IST,MASFIN,MAS Financial Services Limited,Financial Services,Credit Services,53565038592.0,5356.5,13.58,9.2,1.8,339.79,,,55.99,40.51,85.18,27.6,24.1,,,10040200192.0,1004.02,103174897664.0,10317.49,,,,,68.0,0.26,FINANCIAL,12,18,0,0,15,13,32,8,40,"Strong operating margin, Strong revenue growth, Strong earnings growth, Forward PE improving, Financial leverage treated differently, Strong financial earnings growth","Very high debt, Abnormally high dividend yield"
06.09.2026 at 01:31 PM IST,SURYODAY,Suryoday Small Finance Bank Limited,Financial Services,Banks - Regional,16236813312.0,1623.68,8.47,4.33,0.78,,,,23.87,13.64,0.0,45.4,113.0,,,9438830592.0,943.88,31223623680.0,3122.36,,,,,99.0,0.49,BANK,10,20,0,0,15,5,40,0,40,"Strong operating margin, Strong revenue growth, Strong earnings growth, Forward PE improving",Abnormally high dividend yield
06.09.2026 at 01:31 PM IST,GANESHHOU,Ganesh Housing Limited,Real Estate,Real Estate - Development,62957252608.0,6295.73,23.74,,2.7,13.08,,,38.74,41.4,72.36,85.6,-54.9,,,587974976.0,58.8,3048823040.0,304.88,,,,,20.0,-0.04,CEMENT_REALTY,12,10,9,0,10,8,33,7,40,"Strong operating margin, Strong revenue growth, Low debt, Manageable cement/realty debt, Healthy cement/realty margin",Negative earnings growth
06.09.2026 at 01:31 PM IST,GRAUWEIL,Grauer & Weil (India) Limited,Basic Materials,Specialty Chemicals,32192215040.0,3219.22,20.06,,2.98,1.34,,,13.99,12.97,49.4,17.9,-8.3,,,4553999872.0,455.4,145300000.0,14.53,,,,,71.0,0.4,CHEMICALS,8,8,12,0,10,5,33,7,40,"Strong revenue growth, Cash covers debt, Low debt, Chemical revenue growth support, Controlled chemical debt","Negative earnings growth, Abnormally high dividend yield"
06.09.2026 at 01:31 PM IST,ROTO,Roto Pumps Limited,Industrials,Specialty Industrial Machinery,12258445312.0,1225.84,44.14,,5.09,13.23,,,15.07,9.41,69.24,14.7,48.5,,,227723008.0,22.77,317952992.0,31.8,,,,,39.0,0.33,CAPITAL_GOODS_INFRA,6,15,11,0,6,5,33,7,40,"Strong earnings growth, Reasonable cash coverage, Low debt, Strong capital goods earnings growth, Manageable capital goods debt",Abnormally high dividend yield
06.09.2026 at 01:31 PM IST,VIDYAWIRES,Vidya Wires Limited,Industrials,Electrical Equipment & Parts,19121039360.0,1912.1,30.47,,3.95,17.77,,,3.81,3.17,6.05,33.5,8.0,,,726070016.0,72.61,852739968.0,85.27,,,,,,,CAPITAL_GOODS_INFRA,0,15,11,0,6,0,32,8,40,"Strong revenue growth, Reasonable cash coverage, Low debt, Strong capital goods revenue growth, Manageable capital goods debt",
06.09.2026 at 01:31 PM IST,ADVENZYMES,Advanced Enzyme Technologies Limited,Basic Materials,Specialty Chemicals,32612591616.0,3261.26,19.84,15.97,2.02,1.9,,,21.65,22.13,72.39,2.1,-7.3,,,7048699904.0,704.87,320089984.0,32.01,,,,,87.0,0.68,CHEMICALS,11,0,12,0,15,5,33,7,40,"Strong operating margin, Cash covers debt, Low debt, Forward PE improving, Strong chemical margin, Controlled chemical debt","Negative earnings growth, Abnormally high dividend yield"
06.09.2026 at 01:31 PM IST,GUJENERGY,Gujarat Energy Limited,Utilities,Utilities - Regulated Gas,247176921088.0,24717.69,55.82,9.35,1.34,118.64,,,10.34,8.9,20.2,21.1,32.6,,,1871500032.0,187.15,22142699520.0,2214.27,,,,,3.38,0.57,ENERGY_UTILITIES,6,18,2,0,11,0,37,3,40,"Strong revenue growth, Strong earnings growth, Forward PE improving, Energy dividend support",
06.09.2026 at 01:31 PM IST,SERVOTECH,Servotech Renewable Power System Limited,Industrials,Electrical Equipment & Parts,17965998080.0,1796.6,48.8,,6.28,71.47,,,6.9,4.99,24.14,57.8,78.3,,,707132992.0,70.71,2114513024.0,211.45,,,,,3.0,0.23,CAPITAL_GOODS_INFRA,0,20,4,0,4,0,28,12,40,"Strong revenue growth, Strong earnings growth, Strong capital goods revenue growth, Strong capital goods earnings growth, Manageable capital goods debt",
06.09.2026 at 01:31 PM IST,RATEGAIN,RateGain Travel Technologies Limited,Technology,Software - Application,100932395008.0,10093.24,41.7,23.21,5.02,47.3,,,17.07,10.38,61.58,187.6,101.5,,,2096320000.0,209.63,9486940160.0,948.69,,,,,,0.81,IT_TECH,6,20,7,0,7,0,40,0,40,"Strong revenue growth, Strong earnings growth, Low debt, Forward PE improving",
06.09.2026 at 01:31 PM IST,VENUSPIPES,Venus Pipes and Tubes Limited,Basic Materials,Steel,33663678464.0,3366.37,32.45,19.15,5.01,42.95,,,13.82,8.56,34.55,16.0,5.5,,,297480000.0,29.75,2870970112.0,287.1,,,,,6.0,0.08,METALS_MINING,6,10,7,0,11,0,34,6,40,"Strong revenue growth, Low debt, Forward PE improving, Controlled metal sector debt, Commodity dividend support",
06.09.2026 at 01:31 PM IST,MAPMYINDIA,C. E. Info Systems Limited,Technology,Software - Infrastructure,53249650688.0,5324.97,38.77,23.62,5.88,0.78,,,33.62,28.0,66.62,14.9,7.9,,,3324999936.0,332.5,70400000.0,7.04,,,,,36.0,-0.0,IT_TECH,12,7,12,0,9,5,35,5,40,"Strong operating margin, Cash covers debt, Low debt, Forward PE improving, Strong tech operating margin",Abnormally high dividend yield
06.09.2026 at 01:31 PM IST,HOMEFIRST,Home First Finance Company India Limited,Financial Services,Mortgage Finance,126516953088.0,12651.7,21.88,15.37,2.9,243.94,,,66.04,51.43,99.94,29.7,32.3,,,10311910400.0,1031.19,106274947072.0,10627.49,,,,,43.0,0.57,FINANCIAL,12,20,0,0,13,13,32,8,40,"Strong operating margin, Strong revenue growth, Strong earnings growth, Forward PE improving, Financial leverage treated differently, Strong financial earnings growth","Very high debt, Abnormally high dividend yield"
06.09.2026 at 01:31 PM IST,SHREEJISPG,Shreeji Shipping Global Limited,Industrials,Marine Shipping,111436087296.0,11143.61,67.06,,14.46,36.17,,,29.18,21.11,33.68,29.6,7.1,,,4205489920.0,420.55,2780730112.0,278.07,,,,,29.0,,CAPITAL_GOODS_INFRA,12,12,10,0,2,5,31,8,39,"Strong operating margin, Strong revenue growth, Cash covers debt, Low debt, Strong capital goods revenue growth, Manageable capital goods debt","Expensive price-to-book, Abnormally high dividend yield"
06.09.2026 at 01:31 PM IST,INDGN,Indegene Limited,Healthcare,Health Information Services,144436609024.0,14443.66,36.13,22.07,4.6,5.04,,,12.24,10.52,97.96,39.7,-0.2,,,14814000128.0,1481.4,1583000064.0,158.3,,,,,37.0,0.74,PHARMA_HEALTHCARE,6,10,12,0,9,5,32,7,39,"Strong revenue growth, Cash covers debt, Low debt, Forward PE improving, Healthcare growth support, Controlled healthcare debt","Negative earnings growth, Abnormally high dividend yield"
06.09.2026 at 01:31 PM IST,HNDFDS,Hindustan Foods Limited,Industrials,Conglomerates,73969827840.0,7396.98,46.39,28.33,6.35,93.41,,,6.17,3.6,16.35,20.7,31.2,,,517100000.0,51.71,10882599936.0,1088.26,,,,,,0.33,CAPITAL_GOODS_INFRA,0,18,4,0,5,0,27,12,39,"Strong revenue growth, Strong earnings growth, Forward PE improving, Strong capital goods revenue growth, Strong capital goods earnings growth, Manageable capital goods debt",
06.09.2026 at 01:31 PM IST,CRIZAC,Crizac Limited,Consumer Defensive,Education & Training Services,28051443712.0,2805.14,12.72,10.28,4.8,0.31,,,28.08,21.32,29.44,-4.0,2.7,,,1650370048.0,165.04,18376000.0,1.84,,,,,9.98,,GENERAL,12,0,12,0,13,0,37,2,39,"Strong operating margin, Cash covers debt, Low debt, Forward PE improving, General low debt support",Negative revenue growth
06.09.2026 at 01:31 PM IST,GRAVITA,Gravita India Limited,Industrials,Metal Fabrication,121557524480.0,12155.75,31.0,21.85,4.96,29.93,,,9.68,8.34,19.19,41.8,14.0,,,5847600128.0,584.76,7359000064.0,735.9,,,,,64.0,0.47,METALS_MINING,3,15,9,0,11,5,33,6,39,"Strong revenue growth, Reasonable cash coverage, Low debt, Forward PE improving, Controlled metal sector debt, Commodity dividend support",Abnormally high dividend yield
06.09.2026 at 01:31 PM IST,NUVAMA,Nuvama Wealth Management Limited,Financial Services,Asset Management,333803454464.0,33380.35,31.09,21.59,8.0,282.32,,,37.21,28.11,90.2,22.5,15.6,,,242923896832.0,24292.39,116407001088.0,11640.7,,,,,1.54,0.38,FINANCIAL,12,16,3,0,8,8,31,8,39,"Strong operating margin, Strong revenue growth, Strong earnings growth, Cash covers debt, Forward PE improving, Financial leverage treated differently, Strong financial earnings growth",Very high debt
06.09.2026 at 01:31 PM IST,GABRIEL,Gabriel India Limited,Consumer Cyclical,Auto Parts,240235282432.0,24023.53,76.45,33.82,14.25,10.64,,,6.44,5.24,25.73,29.8,40.6,,,3509349888.0,350.93,1481170048.0,148.12,,,,,37.0,0.71,AUTO,0,20,12,0,5,5,32,7,39,"Strong revenue growth, Strong earnings growth, Cash covers debt, Low debt, Forward PE improving, Auto revenue growth support, Manageable auto debt","Expensive price-to-book, Abnormally high dividend yield"
06.09.2026 at 01:31 PM IST,CHENNPETRO,Chennai Petroleum Corporation Limited,Energy,Oil & Gas Refining & Marketing,215921524736.0,21592.15,5.17,3.62,1.94,17.68,,,5.11,5.48,11.65,84.8,,,,13421800448.0,1342.18,19641600000.0,1964.16,,,,,4.27,0.04,ENERGY_UTILITIES,0,10,11,0,15,0,36,3,39,"Strong revenue growth, Reasonable cash coverage, Low debt, Forward PE improving, Energy dividend support",
06.09.2026 at 01:31 PM IST,CRAFTSMAN,Craftsman Automation Limited,Consumer Cyclical,Auto Parts,297114337280.0,29711.43,58.63,32.11,8.3,111.01,,,10.84,5.33,42.79,36.3,113.3,,,1581699968.0,158.17,36234801152.0,3623.48,,,,,10.0,0.34,AUTO,3,20,2,0,7,0,32,7,39,"Strong revenue growth, Strong earnings growth, Forward PE improving, Auto revenue growth support, Healthy auto margin",
06.09.2026 at 01:31 PM IST,SUBEXLTD,Subex Limited,Technology,Software - Application,9587899392.0,958.79,32.0,,2.8,8.25,,,15.61,10.25,94.22,19.7,13.0,,,1244400000.0,124.44,282700000.0,28.27,,,,,,0.92,IT_TECH,6,13,12,0,8,0,39,0,39,"Strong revenue growth, Cash covers debt, Low debt",
06.09.2026 at 01:31 PM IST,LORDSCHLO,Lords Chloro Alkali Limited,Basic Materials,Chemicals,4204953856.0,420.5,12.05,,1.74,71.71,,,17.38,8.33,30.93,6.1,32.8,,,294308000.0,29.43,1739181952.0,173.92,,,,,,-0.59,CHEMICALS,6,12,4,0,10,0,32,7,39,"Strong earnings growth, Strong chemical margin, Controlled chemical debt",
06.09.2026 at 01:31 PM IST,ATLANTAELE,Atlanta Electricals Limited,Industrials,Electrical Equipment & Parts,144873242624.0,14487.32,64.59,34.57,15.59,5.46,,,14.36,10.86,29.8,48.0,,,,999025984.0,99.9,507384000.0,50.74,,,,,,,CAPITAL_GOODS_INFRA,6,10,12,0,3,0,31,8,39,"Strong revenue growth, Cash covers debt, Low debt, Forward PE improving, Strong capital goods revenue growth, Manageable capital goods debt",Expensive price-to-book
06.09.2026 at 01:31 PM IST,SARDAEN,Sarda Energy & Minerals Limited,Basic Materials,Steel,179009683456.0,17900.97,15.86,10.73,2.43,35.2,,,35.12,19.94,50.6,-1.5,5.4,,,23797499904.0,2379.75,26319200256.0,2631.92,,,,,39.0,0.53,METALS_MINING,12,2,9,0,15,5,33,6,39,"Strong operating margin, Reasonable cash coverage, Low debt, Forward PE improving, Controlled metal sector debt, Commodity dividend support","Negative revenue growth, Abnormally high dividend yield"
06.09.2026 at 01:31 PM IST,AEGISVOPAK,Aegis Vopak Terminals Limited,Energy,Oil & Gas Equipment & Services,314669596672.0,31466.96,102.9,37.53,7.33,84.44,,,53.03,32.13,98.74,42.5,30.4,,,3023527936.0,302.35,37309267968.0,3730.93,,,,,7.0,,ENERGY_UTILITIES,12,20,4,0,5,5,36,3,39,"Strong operating margin, Strong revenue growth, Strong earnings growth, Forward PE improving, Energy dividend support",Very high PE
06.09.2026 at 01:31 PM IST,RESPONIND,Responsive Industries Limited,Basic Materials,Specialty Chemicals,40521834496.0,4052.18,40.0,,2.6,12.51,10.22,5.94,6.71,10.65,28.79,13.0,-57.6,6.16,4.65,192992000.0,19.3,1949984000.0,195.0,-554249728.0,-55.42,396222016.0,39.62,6.0,0.71,CHEMICALS,7,5,17,12,8,13,36,3,39,"Low debt, Positive operating cash flow, Cash flow supports profitability, Chemical revenue growth support, Controlled chemical debt","Negative earnings growth, Negative free cash flow, Chemical earnings weakness"
06.09.2026 at 01:31 PM IST,JPPOWER,Jaiprakash Power Ventures Limited,Utilities,Utilities - Independent Power Producers,112122593280.0,11212.26,23.37,-9.62,1.26,26.63,,,36.14,11.14,36.72,12.2,67.7,,,7549499904.0,754.95,33910800384.0,3391.08,,,,,,0.31,ENERGY_UTILITIES,9,15,7,0,8,0,39,0,39,"Strong operating margin, Strong earnings growth, Low debt",
06.09.2026 at 01:31 PM IST,NIRAJ,Niraj Cement Structurals Limited,Industrials,Engineering & Construction,1701288704.0,170.13,7.18,,0.64,28.59,,,7.28,4.29,6.39,10.6,252.9,,,318809984.0,31.88,760211008.0,76.02,,,,,,0.12,CAPITAL_GOODS_INFRA,0,15,7,0,10,0,32,7,39,"Strong earnings growth, Low debt, Strong capital goods earnings growth, Manageable capital goods debt",
06.09.2026 at 01:31 PM IST,WSTCSTPAPR,West Coast Paper Mills Limited,Basic Materials,Paper & Paper Products,43116728320.0,4311.67,18.76,,1.2,8.24,,,13.72,5.25,35.41,10.1,145.3,,,11953866752.0,1195.39,3450541056.0,345.05,,,,,46.0,0.01,GENERAL,3,15,12,0,12,5,37,2,39,"Strong earnings growth, Cash covers debt, Low debt, General low debt support",Abnormally high dividend yield
06.09.2026 at 01:31 PM IST,PNGJL,P N Gadgil Jewellers Limited,Consumer Cyclical,Luxury Goods,89764134912.0,8976.41,18.57,15.66,4.22,88.5,,,6.82,3.9,12.21,40.7,51.9,,,5044490240.0,504.45,17370929152.0,1737.09,,,,,,,CONSUMER_DISCRETIONARY,0,20,4,0,11,0,35,4,39,"Strong revenue growth, Strong earnings growth, Forward PE improving, Consumer discretionary growth support",
06.09.2026 at 01:31 PM IST,POONAWALLA,Poonawalla Fincorp Limited,Financial Services,Credit Services,409949470720.0,40994.95,48.96,19.06,3.65,468.06,,,38.98,22.67,99.87,100.3,337.0,,,6262600192.0,626.26,484357996544.0,48435.8,,,,,,0.31,FINANCIAL,12,20,0,0,7,8,31,8,39,"Strong operating margin, Strong revenue growth, Strong earnings growth, Forward PE improving, Financial leverage treated differently, Strong financial earnings growth",Very high debt
06.09.2026 at 01:31 PM IST,DUCON,Ducon Infratechnologies Limited,Industrials,Specialty Industrial Machinery,623857152.0,62.39,8.73,,0.26,139.32,10.11,5.68,3.38,1.17,4.8,5.9,75.0,1.81,1.7,120102000.0,12.01,1094723968.0,109.47,,,,,,-0.2,CAPITAL_GOODS_INFRA,4,12,9,0,10,0,35,4,39,"Strong earnings growth, Strong capital goods earnings growth",
06.09.2026 at 01:31 PM IST,CHOLAHLDNG,Cholamandalam Financial Holdings Limited,Financial Services,Credit Services,286360633344.0,28636.06,10.72,7.98,1.85,623.16,,,38.78,11.88,75.67,13.9,39.3,,,101760696320.0,10176.07,2111249186816.0,211124.92,,,,,9.0,0.4,FINANCIAL,9,15,0,0,15,8,31,8,39,"Strong operating margin, Strong earnings growth, Forward PE improving, Financial leverage treated differently, Strong financial earnings growth",Very high debt
06.09.2026 at 01:31 PM IST,WELSPUNLIV,Welspun Living Limited,Consumer Cyclical,Textile Manufacturing,198144540672.0,19814.45,72.07,22.5,4.08,46.5,,,8.47,2.79,45.62,23.7,83.7,,,10245999616.0,1024.6,23147900928.0,2314.79,,,,,5.0,0.14,CONSUMER_DISCRETIONARY,0,18,7,0,7,0,32,7,39,"Strong revenue growth, Strong earnings growth, Low debt, Forward PE improving, Consumer discretionary growth support, Controlled discretionary debt",
06.09.2026 at 01:31 PM IST,PRICOLLTD,Pricol Limited,Consumer Cyclical,Auto Parts,92995584000.0,9299.56,34.76,23.26,7.41,30.21,,,8.37,6.3,29.56,23.5,34.5,,,1256199936.0,125.62,3791600128.0,379.16,,,,,52.0,-0.13,AUTO,3,18,7,0,9,5,32,7,39,"Strong revenue growth, Strong earnings growth, Low debt, Forward PE improving, Auto revenue growth support, Manageable auto debt",Abnormally high dividend yield
06.09.2026 at 01:31 PM IST,KANPRPLA,Kanpur Plastipack Limited,Consumer Cyclical,Packaging & Containers,6069557760.0,606.96,13.14,,2.26,41.79,,,7.04,6.09,36.32,13.8,112.3,,,108160000.0,10.82,1123847040.0,112.38,,,,,48.0,0.63,CONSUMER_DISCRETIONARY,3,15,7,0,12,5,32,7,39,"Strong earnings growth, Low debt, Consumer discretionary growth support, Controlled discretionary debt",Abnormally high dividend yield
06.09.2026 at 01:31 PM IST,SRTL,Shree Ram Twistex Limited,Consumer Cyclical,Textile Manufacturing,1504658944.0,150.47,10.48,,0.58,15.22,,,9.45,4.74,16.0,46.6,1.7,,,342731008.0,34.27,302032992.0,30.2,,,,,,,CONSUMER_DISCRETIONARY,0,10,12,0,10,0,32,7,39,"Strong revenue growth, Cash covers debt, Low debt, Consumer discretionary growth support, Controlled discretionary debt",
06.09.2026 at 01:31 PM IST,CERA,Cera Sanitaryware Limited,Industrials,Building Products & Equipment,74661912576.0,7466.19,36.78,24.73,5.07,3.17,,,8.19,9.52,47.78,15.1,-2.7,,,8458804224.0,845.88,466985984.0,46.7,,,,,1.3,-0.12,CAPITAL_GOODS_INFRA,3,8,12,0,8,0,31,8,39,"Strong revenue growth, Cash covers debt, Low debt, Forward PE improving, Strong capital goods revenue growth, Manageable capital goods debt",Negative earnings growth
06.09.2026 at 01:31 PM IST,DEEDEV,DEE Development Engineers Limited,Industrials,Metal Fabrication,49582792704.0,4958.28,56.86,29.68,5.18,86.61,,,11.8,6.62,48.62,31.6,22.1,,,392681984.0,39.27,7711898112.0,771.19,,,,,15.0,1.71,METALS_MINING,6,18,4,0,9,0,37,2,39,"Strong revenue growth, Strong earnings growth, Forward PE improving, Commodity dividend support",
06.09.2026 at 01:31 PM IST,RADICO,Radico Khaitan Limited,Consumer Defensive,Beverages - Wineries & Distilleries,602116915200.0,60211.69,85.47,56.37,18.15,20.94,,,14.87,8.84,43.35,19.5,62.1,,,539059968.0,53.91,6235012096.0,623.5,,,,,15.0,0.24,FMCG_CONSUMER,6,18,7,0,5,0,36,3,39,"Strong revenue growth, Strong earnings growth, Low debt, Forward PE improving, Low debt consumer business","Very high PE, Expensive price-to-book"
06.09.2026 at 01:31 PM IST,LGEINDIA,LG Electronics India Limited,Technology,Consumer Electronics,1113186762752.0,111318.68,60.94,41.0,14.52,5.99,,,10.96,7.13,29.94,15.5,27.2,,,44762648576.0,4476.26,4591560192.0,459.16,,,,,,,IT_TECH,6,18,12,0,3,0,39,0,39,"Strong revenue growth, Strong earnings growth, Cash covers debt, Low debt, Forward PE improving",Expensive price-to-book
06.09.2026 at 01:31 PM IST,VIMTALABS,Vimta Labs Limited,Healthcare,Diagnostics & Research,28577275904.0,2857.73,35.81,,6.25,0.73,,,22.7,18.91,75.17,11.8,10.7,,,664700032.0,66.47,33320000.0,3.33,,,,,31.0,-0.08,PHARMA_HEALTHCARE,11,10,12,0,4,5,32,7,39,"Strong operating margin, Cash covers debt, Low debt, Strong healthcare margin, Controlled healthcare debt",Abnormally high dividend yield
06.09.2026 at 01:31 PM IST,AIRAN,Airan Limited,Technology,Information Technology Services,1942810752.0,194.28,12.95,,1.45,0.62,,,8.39,13.88,32.46,3.3,108.0,,,267880000.0,26.79,10253000.0,1.03,,,,,,0.64,IT_TECH,5,12,12,0,10,0,39,0,39,"Strong earnings growth, Cash covers debt, Low debt",
06.09.2026 at 01:31 PM IST,BAYERCROP,Bayer CropScience Limited,Basic Materials,Agricultural Inputs,179543654400.0,17954.37,24.54,21.29,6.05,2.76,,,17.3,13.08,41.76,-4.2,15.4,,,14720000000.0,1472.0,818000000.0,81.8,,,,,3.76,0.22,GENERAL,8,8,12,0,9,0,37,2,39,"Strong earnings growth, Cash covers debt, Low debt, Forward PE improving, General low debt support",Negative revenue growth
06.09.2026 at 01:31 PM IST,SFL,Sheela Foam Limited,Consumer Cyclical,"Furnishings, Fixtures & Appliances",70217728000.0,7021.77,32.81,22.72,2.16,27.85,,,7.27,5.32,39.04,25.6,7.26,,,1702599936.0,170.26,9079799808.0,907.98,,,,,15.0,0.25,CONSUMER_DISCRETIONARY,0,12,7,0,13,0,32,7,39,"Strong revenue growth, Low debt, Forward PE improving, Consumer discretionary growth support, Controlled discretionary debt",
06.09.2026 at 01:31 PM IST,MARATHON,Marathon Nextgen Realty Limited,Real Estate,Real Estate - Development,29540714496.0,2954.07,14.31,,1.28,4.27,,,23.36,34.97,34.78,40.3,-33.5,,,4046190080.0,404.62,993849024.0,99.38,,,,,23.0,0.54,CEMENT_REALTY,11,10,12,0,12,13,32,7,39,"Strong operating margin, Strong revenue growth, Cash covers debt, Low debt, Manageable cement/realty debt, Healthy cement/realty margin","Negative earnings growth, Abnormally high dividend yield"
06.09.2026 at 01:31 PM IST,ENTERO,Entero Healthcare Solutions Limited,Healthcare,Medical Distribution,79420907520.0,7942.09,63.6,31.93,4.7,38.64,,,4.36,1.76,10.62,38.2,37.3,,,2960640000.0,296.06,6771520000.0,677.15,,,,,,-0.53,PHARMA_HEALTHCARE,0,20,7,0,5,0,32,7,39,"Strong revenue growth, Strong earnings growth, Low debt, Forward PE improving, Healthcare growth support, Controlled healthcare debt",
06.09.2026 at 01:31 PM IST,MODISONLTD,Modison Limited,Industrials,Electrical Equipment & Parts,15249878016.0,1524.99,15.01,,5.55,63.52,,,17.67,6.91,29.21,101.6,6.05,,,3737000.0,0.37,1744717056.0,174.47,,,,,1.28,,CAPITAL_GOODS_INFRA,6,12,4,0,9,0,31,8,39,"Strong revenue growth, Strong capital goods revenue growth, Manageable capital goods debt",
06.09.2026 at 01:31 PM IST,RELIABLE,Reliable Data Services Limited,Technology,Information Technology Services,1457184000.0,145.72,19.21,,2.04,28.76,,,6.91,3.74,20.42,45.9,42.1,,,104161000.0,10.42,249479008.0,24.95,,,,,3.0,0.23,IT_TECH,0,20,7,0,12,0,39,0,39,"Strong revenue growth, Strong earnings growth, Low debt",
06.09.2026 at 01:31 PM IST,NDRAUTO,NDR Auto Components Limited,Consumer Cyclical,Auto Parts,17283121152.0,1728.31,26.64,,4.82,17.25,,,8.56,7.54,24.85,19.6,20.6,,,231028000.0,23.1,617006976.0,61.7,,,,,55.0,0.86,AUTO,3,16,9,0,8,5,31,7,38,"Strong revenue growth, Strong earnings growth, Low debt, Auto revenue growth support, Manageable auto debt",Abnormally high dividend yield
06.09.2026 at 01:31 PM IST,STOVEKRAFT,Stove Kraft Limited,Consumer Cyclical,"Furnishings, Fixtures & Appliances",27611504640.0,2761.15,56.93,30.86,5.47,23.22,,,6.35,2.78,39.05,41.3,63.5,,,304489984.0,30.45,1171020032.0,117.1,,,,,42.0,0.42,CONSUMER_DISCRETIONARY,0,20,7,0,9,5,31,7,38,"Strong revenue growth, Strong earnings growth, Low debt, Forward PE improving, Consumer discretionary growth support, Controlled discretionary debt",Abnormally high dividend yield
06.09.2026 at 01:31 PM IST,PYRAMID,Pyramid Technoplast Limited,Consumer Cyclical,Packaging & Containers,5626399744.0,562.64,17.91,,1.97,66.5,,,7.82,4.24,25.86,36.4,31.9,,,,,,,,,,,33.0,,CONSUMER_DISCRETIONARY,0,20,4,0,12,5,31,7,38,"Strong revenue growth, Strong earnings growth, Consumer discretionary growth support, Controlled discretionary debt",Abnormally high dividend yield
06.09.2026 at 01:31 PM IST,SUDARCOLOR,Sudarshan Colorants India Limited,Basic Materials,Specialty Chemicals,8869180416.0,886.92,18.55,,1.56,4.03,,,9.24,6.03,36.2,5.5,19.2,,,2318799872.0,231.88,229800000.0,22.98,,,,,,0.59,CHEMICALS,3,10,12,0,10,0,35,3,38,"Strong earnings growth, Cash covers debt, Low debt, Controlled chemical debt",
06.09.2026 at 01:31 PM IST,NITINSPIN,Nitin Spinners Limited,Consumer Cyclical,Textile Manufacturing,35699699712.0,3569.97,16.84,12.11,2.43,76.46,,,13.48,6.43,29.31,10.3,83.7,,,86437000.0,8.64,11244987392.0,1124.5,,,,,47.0,0.37,CONSUMER_DISCRETIONARY,6,15,4,0,15,5,35,3,38,"Strong earnings growth, Forward PE improving, Healthy discretionary margin",Abnormally high dividend yield
06.09.2026 at 01:31 PM IST,BAJFINANCE,Bajaj Finance Limited,Financial Services,Credit Services,6597278433280.0,659727.84,32.57,20.99,5.78,314.83,,,61.55,43.49,91.55,26.1,27.2,,,47410601984.0,4741.06,3683091742720.0,368309.17,,,,,51.0,0.31,FINANCIAL,12,20,0,0,11,13,30,8,38,"Strong operating margin, Strong revenue growth, Strong earnings growth, Forward PE improving, Financial leverage treated differently, Strong financial earnings growth","Very high debt, Abnormally high dividend yield"
06.09.2026 at 01:31 PM IST,GLOBAL,Global Education Limited,Consumer Defensive,Education & Training Services,6159081472.0,615.91,23.63,,4.55,,20.91,14.69,34.65,28.01,48.55,-5.3,-10.6,8.36,6.46,6329000.0,0.63,0.0,0.0,-39225124.0,-3.92,122922000.0,12.29,83.0,-0.77,GENERAL,23,0,11,12,8,18,36,2,38,"Strong ROE, Strong operating margin, Net cash position, Positive operating cash flow, Cash flow supports profitability, General quality ROE support","Negative revenue growth, Negative earnings growth, Negative free cash flow, Abnormally high dividend yield"
06.09.2026 at 01:31 PM IST,HDBFS,HDB Financial Services Limited,Financial Services,Credit Services,565295972352.0,56529.6,20.4,14.44,2.74,484.31,,,42.42,29.79,99.79,21.0,32.6,,,25889400832.0,2588.94,1000786690048.0,100078.67,,,,,59.0,,FINANCIAL,12,18,0,0,13,13,30,8,38,"Strong operating margin, Strong revenue growth, Strong earnings growth, Forward PE improving, Financial leverage treated differently, Strong financial earnings growth","Very high debt, Abnormally high dividend yield"
06.09.2026 at 01:31 PM IST,PSB,Punjab & Sind Bank,Financial Services,Banks - Regional,165398085632.0,16539.81,11.95,,1.12,,9.79,0.81,35.35,28.52,0.0,10.9,23.7,,,62455001088.0,6245.5,168814493696.0,16881.45,,,,,1.68,0.49,BANK,14,13,0,0,11,0,38,0,38,"Strong operating margin, Strong earnings growth",
06.09.2026 at 01:31 PM IST,ADANIPORTS,Adani Ports and Special Economic Zone Limited,Industrials,Marine Shipping,3933549363200.0,393354.94,29.15,21.84,4.1,64.05,,,44.63,32.43,64.4,18.6,2.4,,,72847302656.0,7284.73,633989890048.0,63398.99,,,,,44.0,0.49,CAPITAL_GOODS_INFRA,12,8,4,0,11,5,30,8,38,"Strong operating margin, Strong revenue growth, Forward PE improving, Strong capital goods revenue growth, Manageable capital goods debt",Abnormally high dividend yield
06.09.2026 at 01:31 PM IST,SUNDARMFIN,Sundaram Finance Limited,Financial Services,Credit Services,513051754496.0,51305.18,23.13,21.02,3.47,409.16,,,60.55,46.09,89.16,26.8,33.8,,,24592799744.0,2459.28,609390297088.0,60939.03,,,,,86.0,0.18,FINANCIAL,12,20,0,0,11,13,30,8,38,"Strong operating margin, Strong revenue growth, Strong earnings growth, Forward PE improving, Financial leverage treated differently, Strong financial earnings growth","Very high debt, Abnormally high dividend yield"
06.09.2026 at 01:31 PM IST,WEWIN,We Win Limited,Technology,Information Technology Services,419141248.0,41.91,13.66,,3.92,10.82,,,2.41,4.51,23.45,15.8,40.8,,,82853000.0,8.29,33697000.0,3.37,,,,,,1.36,IT_TECH,0,18,12,0,8,0,38,0,38,"Strong revenue growth, Strong earnings growth, Cash covers debt, Low debt",
06.09.2026 at 01:31 PM IST,HAL,Hindustan Aeronautics Limited,Industrials,Aerospace & Defense,3247571206144.0,324757.12,34.84,28.23,7.91,0.16,,,15.67,27.59,51.7,14.4,14.9,,,461957791744.0,46195.78,658200000.0,65.82,,,,,41.0,0.5,CAPITAL_GOODS_INFRA,9,10,12,0,9,5,35,3,38,"Cash covers debt, Low debt, Forward PE improving, Manageable capital goods debt",Abnormally high dividend yield
06.09.2026 at 01:31 PM IST,PACEDIGITK,Pace Digitek Limited,Technology,Communication Equipment,36092502016.0,3609.25,11.85,7.67,1.49,43.56,,,14.7,10.77,25.27,51.3,-6.3,,,7690990080.0,769.1,9809829888.0,980.98,,,,,,,IT_TECH,6,10,9,0,13,0,38,0,38,"Strong revenue growth, Reasonable cash coverage, Low debt, Forward PE improving",Negative earnings growth
06.09.2026 at 01:31 PM IST,MMFL,M M Forgings Limited,Industrials,Metal Fabrication,30400509952.0,3040.05,17.91,15.26,3.12,126.62,,,10.72,6.88,53.99,16.3,371.8,,,2254925056.0,225.49,12353164288.0,1235.32,,,,,1.27,0.88,METALS_MINING,6,18,2,0,12,0,38,0,38,"Strong revenue growth, Strong earnings growth, Forward PE improving",
06.09.2026 at 01:31 PM IST,MINDACORP,Minda Corporation Limited,Consumer Cyclical,Auto Parts,164070080512.0,16407.01,33.29,30.0,6.22,55.35,,,7.74,7.54,35.55,33.2,215.8,,,1384000000.0,138.4,14714999808.0,1471.5,,,,,23.0,0.46,AUTO,3,20,4,0,9,5,31,7,38,"Strong revenue growth, Strong earnings growth, Forward PE improving, Auto revenue growth support, Manageable auto debt",Abnormally high dividend yield
06.09.2026 at 01:31 PM IST,GOODLUCK,Goodluck India Limited,Basic Materials,Steel,47105613824.0,4710.56,22.66,14.66,2.85,73.23,,,9.22,4.64,31.04,30.9,51.6,,,495135008.0,49.51,11194542080.0,1119.45,,,,,49.0,0.58,METALS_MINING,0,20,4,0,13,5,32,6,38,"Strong revenue growth, Strong earnings growth, Forward PE improving, Controlled metal sector debt, Commodity dividend support",Abnormally high dividend yield
06.09.2026 at 01:31 PM IST,TCPLPACK,TCPL Packaging Limited,Consumer Cyclical,Packaging & Containers,37594947584.0,3759.49,32.64,,5.24,88.19,,,12.78,6.15,41.86,16.1,79.3,,,180516992.0,18.05,6339108864.0,633.91,,,,,61.0,0.59,CONSUMER_DISCRETIONARY,6,18,4,0,8,5,31,7,38,"Strong revenue growth, Strong earnings growth, Consumer discretionary growth support, Healthy discretionary margin",Abnormally high dividend yield
06.09.2026 at 01:31 PM IST,DOLPHIN,Dolphin Offshore Enterprises (India) Limited,Energy,Oil & Gas Equipment & Services,27083100160.0,2708.31,37.61,,7.66,57.5,,,47.65,50.42,76.69,160.6,30.7,,,437564992.0,43.76,2032076032.0,203.21,,,,,,0.06,ENERGY_UTILITIES,12,20,4,0,2,0,38,0,38,"Strong operating margin, Strong revenue growth, Strong earnings growth",
06.09.2026 at 01:31 PM IST,IKIO,IKIO Technologies Limited,Technology,Electronic Components,16306228224.0,1630.62,35.34,,2.71,11.44,,,8.58,7.22,40.34,40.9,363.3,,,217510000.0,21.75,696990016.0,69.7,,,,,,0.85,IT_TECH,3,20,9,0,6,0,38,0,38,"Strong revenue growth, Strong earnings growth, Low debt",
06.09.2026 at 01:31 PM IST,SKMEGGPROD,SKM Egg Products Export (India) Limited,Consumer Defensive,Packaged Foods,13566249984.0,1356.62,12.18,,3.43,35.86,,,14.81,14.34,33.53,4.9,46.6,,,1701299968.0,170.13,1420600064.0,142.06,,,,,49.0,-0.12,FMCG_CONSUMER,8,12,10,0,10,5,35,3,38,"Strong earnings growth, Cash covers debt, Low debt, Low debt consumer business",Abnormally high dividend yield
06.09.2026 at 01:31 PM IST,NUVOCO,Nuvoco Vistas Corporation Limited,Basic Materials,Building Materials,125826113536.0,12582.61,32.59,20.92,1.23,48.06,,,10.95,3.33,63.68,8.9,19.8,,,962600000.0,96.26,49160998912.0,4916.1,,,,,,0.32,CEMENT_REALTY,3,13,7,0,11,0,34,4,38,"Strong earnings growth, Low debt, Forward PE improving, Manageable cement/realty debt",
06.09.2026 at 01:31 PM IST,EFCIL,EFC (I) Limited,Real Estate,Real Estate Services,28553609216.0,2855.36,10.52,7.12,3.28,172.78,,,35.45,23.38,59.29,28.8,3.0,,,882932992.0,88.29,14059123712.0,1405.91,,,,,,0.82,CEMENT_REALTY,12,12,0,0,11,0,35,3,38,"Strong operating margin, Strong revenue growth, Forward PE improving, Healthy cement/realty margin",
06.09.2026 at 01:31 PM IST,SKYGOLD,Sky Gold and Diamonds Limited,Consumer Cyclical,Luxury Goods,122040623104.0,12204.06,36.28,22.09,10.19,72.07,,,7.56,4.67,8.76,77.9,124.2,,,7980575232.0,798.06,8691079168.0,869.11,,,,,,0.12,CONSUMER_DISCRETIONARY,0,20,6,0,5,0,31,7,38,"Strong revenue growth, Strong earnings growth, Reasonable cash coverage, Forward PE improving, Consumer discretionary growth support, Controlled discretionary debt",Expensive price-to-book
06.09.2026 at 01:31 PM IST,NHPC,NHPC Limited,Utilities,Utilities - Renewable,765933912064.0,76593.39,27.93,11.91,1.85,113.11,,,46.02,31.09,93.4,18.5,2.8,,,36618399744.0,3661.84,547509993472.0,54751.0,,,,,2.11,0.18,ENERGY_UTILITIES,12,8,2,0,13,0,35,3,38,"Strong operating margin, Strong revenue growth, Forward PE improving, Energy dividend support",
06.09.2026 at 01:31 PM IST,VISAKAIND,Visaka Industries Limited,Industrials,Building Products & Equipment,8165250048.0,816.53,9.5,,0.99,36.59,,,12.65,4.87,47.72,16.7,1.2,,,244215008.0,24.42,3025556992.0,302.56,,,,,2.36,0.26,CAPITAL_GOODS_INFRA,3,8,7,0,12,0,30,8,38,"Strong revenue growth, Low debt, Strong capital goods revenue growth, Manageable capital goods debt",
06.09.2026 at 01:31 PM IST,INDIANCARD,The Indian Card Clothing Company Limited,Consumer Cyclical,Textile Manufacturing,1330692096.0,133.07,22.24,,0.39,0.93,,,-41.6,14.21,71.77,1.3,99.0,,,895476992.0,89.55,31749000.0,3.17,,,,,,0.48,CONSUMER_DISCRETIONARY,5,10,12,0,8,0,35,3,38,"Strong earnings growth, Cash covers debt, Low debt, Controlled discretionary debt",
06.09.2026 at 01:31 PM IST,DCW,DCW Limited,Basic Materials,Chemicals,13636161536.0,1363.62,19.17,,1.27,26.98,,,1.75,3.23,29.12,14.0,200.0,,,2045918976.0,204.59,2900333056.0,290.03,,,,,87.0,-0.15,CHEMICALS,0,15,9,0,12,5,31,7,38,"Strong earnings growth, Reasonable cash coverage, Low debt, Chemical revenue growth support, Controlled chemical debt",Abnormally high dividend yield
06.09.2026 at 01:31 PM IST,SCHAND,S Chand And Company Limited,Communication Services,Publishing,4804072448.0,480.41,6.73,5.24,0.46,12.95,,,-17.55,8.8,68.31,11.6,,,,1887190016.0,188.72,1360630016.0,136.06,,,,,2.93,0.41,TELECOM,3,5,12,0,15,0,35,3,38,"Cash covers debt, Low debt, Forward PE improving, Telecom revenue growth support",
06.09.2026 at 01:31 PM IST,EVEREADY,Eveready Industries India Limited,Industrials,Electrical Equipment & Parts,22983712768.0,2298.37,12.89,,3.69,32.4,,,13.21,11.97,42.82,9.0,22.4,,,76236000.0,7.62,2018032000.0,201.8,,,,,79.0,0.5,CAPITAL_GOODS_INFRA,6,13,7,0,10,5,31,7,38,"Strong earnings growth, Low debt, Strong capital goods earnings growth, Manageable capital goods debt",Abnormally high dividend yield
06.09.2026 at 01:31 PM IST,RACLGEAR,RACL Geartech Limited,Consumer Cyclical,Auto Parts,18717130752.0,1871.71,37.25,,5.24,66.89,,,17.18,9.51,72.09,31.5,7.7,,,139500000.0,13.95,2356900096.0,235.69,,,,,19.0,0.37,AUTO,6,12,4,0,6,0,28,10,38,"Strong revenue growth, Auto revenue growth support, Healthy auto margin, Manageable auto debt",
06.09.2026 at 01:31 PM IST,TATACONSUM,Tata Consumer Products Limited,Consumer Defensive,Packaged Foods,999586856960.0,99958.69,60.99,42.22,4.59,12.16,,,10.46,7.84,41.11,11.9,27.9,,,43181600768.0,4318.16,28195100672.0,2819.51,,,,,99.0,0.41,FMCG_CONSUMER,6,15,12,0,7,5,35,3,38,"Strong earnings growth, Cash covers debt, Low debt, Forward PE improving, Low debt consumer business",Abnormally high dividend yield
06.09.2026 at 01:31 PM IST,ICICIPRULI,ICICI Prudential Life Insurance Company Limited,Financial Services,Insurance - Life,716975046656.0,71697.5,42.56,34.84,5.26,18.05,12.57,0.34,1.64,2.56,10.23,12.5,28.5,1.04,0.02,1375800064.0,137.58,25949999104.0,2595.0,,,,,33.0,0.47,FINANCIAL,4,15,11,0,9,5,34,4,38,"Strong earnings growth, Low debt, Forward PE improving, Strong financial earnings growth",Abnormally high dividend yield
06.09.2026 at 01:31 PM IST,RUBFILA,Rubfila International Limited,Basic Materials,Specialty Chemicals,3839427584.0,383.94,14.53,,1.21,0.31,8.43,,4.82,4.35,26.23,-7.9,-13.0,5.88,3.08,365968000.0,36.6,9823000.0,0.98,,,49723000.0,4.97,2.83,0.83,CHEMICALS,2,0,20,9,12,8,35,3,38,"Cash covers debt, Low debt, Positive operating cash flow, Controlled chemical debt","Negative revenue growth, Negative earnings growth"
06.09.2026 at 01:31 PM IST,PIGL,Power & Instrumental (Gujarat) Limited,Industrials,Engineering & Construction,2095509376.0,209.55,22.1,,1.12,8.08,,,9.66,6.49,16.02,18.4,-4.0,,,37914000.0,3.79,135258000.0,13.53,,,,,20.0,0.46,CAPITAL_GOODS_INFRA,3,8,9,0,10,0,30,8,38,"Strong revenue growth, Low debt, Strong capital goods revenue growth, Manageable capital goods debt",Negative earnings growth
06.09.2026 at 01:31 PM IST,LEMONTREE,Lemon Tree Hotels Limited,Consumer Cyclical,Lodging,83143999488.0,8314.4,35.35,21.26,5.97,96.37,,,33.39,15.84,71.76,9.2,20.8,,,1641208064.0,164.12,20036470784.0,2003.65,,,,,,-0.18,CONSUMER_DISCRETIONARY,11,13,4,0,7,0,35,3,38,"Strong operating margin, Strong earnings growth, Forward PE improving, Healthy discretionary margin",
06.09.2026 at 01:31 PM IST,BHARTIHEXA,Bharti Hexacom Limited,Communication Services,Telecom Services,750000013312.0,75000.0,41.11,23.57,10.47,85.65,,,31.95,19.0,59.93,10.9,23.2,,,6641999872.0,664.2,61373001728.0,6137.3,,,,,1.2,0.07,TELECOM,12,13,4,0,6,0,35,3,38,"Strong operating margin, Strong earnings growth, Forward PE improving, Telecom revenue growth support",Expensive price-to-book
06.09.2026 at 01:31 PM IST,DHANBANK,Dhanlaxmi Bank Limited,Financial Services,Banks - Regional,12610628608.0,1261.06,10.94,,0.83,,7.92,0.57,18.08,14.88,0.0,25.0,103.2,,,7641099776.0,764.11,8587100160.0,858.71,,,,,,0.66,BANK,10,20,2,0,10,0,42,-5,37,"Strong operating margin, Strong revenue growth, Strong earnings growth, Reasonable cash coverage",Weak bank ROE
06.09.2026 at 01:31 PM IST,VITAL,Vital Chemtech Limited,Basic Materials,Specialty Chemicals,1341261568.0,134.13,50.91,,1.32,61.91,,,8.41,1.83,25.1,51.5,163.4,,,8929000.0,0.89,618748032.0,61.87,,,,,,0.55,CHEMICALS,0,20,4,0,6,0,30,7,37,"Strong revenue growth, Strong earnings growth, Chemical revenue growth support, Controlled chemical debt",
06.09.2026 at 01:31 PM IST,SRD,Shankar Lal Rampal Dye-Chem Limited,Basic Materials,Specialty Chemicals,2532444928.0,253.24,13.7,,2.06,20.66,,,9.36,3.86,7.14,10.9,118.2,,,1292000.0,0.13,253711008.0,25.37,,,,,13.0,-0.56,CHEMICALS,0,15,7,0,12,0,34,3,37,"Strong earnings growth, Low debt, Controlled chemical debt",
06.09.2026 at 01:31 PM IST,21STCENMGM,Twentyfirst Century Management Services Limited,Financial Services,Capital Markets,399000000.0,39.9,,,1.21,,,,94.58,0.0,0.0,190.2,295.5,,,35456000.0,3.55,0.0,0.0,,,,,,0.5,FINANCIAL,6,20,3,0,4,0,33,4,37,"Strong operating margin, Strong revenue growth, Strong earnings growth, Net cash position, Strong financial earnings growth",
06.09.2026 at 01:31 PM IST,BCPL,BCPL Railway Infrastructure Limited,Industrials,Infrastructure Operations,1152258688.0,115.23,13.98,,1.18,71.38,,,7.82,3.78,16.08,12.2,147.9,,,115642000.0,11.56,739820992.0,73.98,,,,,1.46,0.79,CAPITAL_GOODS_INFRA,0,15,4,0,11,0,30,7,37,"Strong earnings growth, Strong capital goods earnings growth, Manageable capital goods debt",
06.09.2026 at 01:31 PM IST,SASKEN,Sasken Technologies Limited,Technology,Information Technology Services,28651151360.0,2865.12,41.42,32.42,3.35,3.21,6.99,2.91,6.84,4.84,21.35,125.7,144.5,2.17,1.77,1554739968.0,155.47,281148000.0,28.11,-208732752.0,-20.87,-228348000.0,-22.83,1.38,0.62,IT_TECH,0,20,20,0,8,11,37,0,37,"Strong revenue growth, Strong earnings growth, Cash covers debt, Low debt, Forward PE improving","Negative operating cash flow, Negative free cash flow"
06.09.2026 at 01:31 PM IST,TVTODAY,T.V. Today Network Limited,Communication Services,Broadcasting,6608299008.0,660.83,28.69,5.59,0.74,1.65,,,3.77,2.11,44.07,4.6,39.8,,,2222899968.0,222.29,146700000.0,14.67,,,,,2.7,0.08,TELECOM,0,12,12,0,13,0,37,0,37,"Strong earnings growth, Cash covers debt, Low debt, Forward PE improving",
06.09.2026 at 01:31 PM IST,COCKERILL,John Cockerill India Limited,Industrials,Metal Fabrication,,,911.21,,-290.37,,7.95,1.62,-10.32,0.81,52.97,263.6,,1.01,0.92,3826884096.0,382.69,467595008.0,46.76,3483486976.0,348.35,2268749056.0,226.87,9.0,0.89,METALS_MINING,0,10,5,17,4,5,31,6,37,"Strong revenue growth, Cash covers debt, Positive operating cash flow, Positive free cash flow, Metal cashflow support, Commodity dividend support",Very high PE
06.09.2026 at 01:31 PM IST,SMCGLOBAL,SMC Global Securities Limited,Financial Services,Capital Markets,17024220160.0,1702.42,16.69,,1.31,163.32,,,10.08,6.23,44.44,24.8,23.2,,,4432923136.0,443.29,21330757632.0,2133.08,,,,,1.48,0.55,FINANCIAL,6,16,0,0,11,0,33,4,37,"Strong revenue growth, Strong earnings growth, Strong financial earnings growth",
06.09.2026 at 01:31 PM IST,EPACKPEB,EPack Prefab Technologies Limited,Industrials,Engineering & Construction,23145132032.0,2314.51,24.39,16.31,3.15,15.61,,,7.68,5.94,32.99,23.9,-3.2,,,3087917056.0,308.79,1146296064.0,114.63,,,,,,,CAPITAL_GOODS_INFRA,0,8,12,0,9,0,29,8,37,"Strong revenue growth, Cash covers debt, Low debt, Forward PE improving, Strong capital goods revenue growth, Manageable capital goods debt",Negative earnings growth
06.09.2026 at 01:31 PM IST,FINKURVE,Finkurve Financial Services Limited,Financial Services,Credit Services,10216497152.0,1021.65,35.22,,2.93,244.29,,,22.92,18.42,51.91,73.5,55.3,,,1021219008.0,102.12,8471453184.0,847.15,,,,,,0.34,FINANCIAL,11,20,0,0,6,8,29,8,37,"Strong operating margin, Strong revenue growth, Strong earnings growth, Financial leverage treated differently, Strong financial earnings growth",Very high debt
06.09.2026 at 01:31 PM IST,ESCORTS,Escorts Kubota Limited,Industrials,Farm & Heavy Construction Machinery,326594297856.0,32659.43,23.64,21.36,2.68,1.31,,,9.02,11.29,28.82,28.3,-72.4,,,67292999680.0,6729.3,1618899968.0,161.89,,,,,1.11,0.28,CAPITAL_GOODS_INFRA,3,10,12,0,12,8,29,8,37,"Strong revenue growth, Cash covers debt, Low debt, Forward PE improving, Strong capital goods revenue growth, Manageable capital goods debt",Negative earnings growth
06.09.2026 at 01:31 PM IST,VSTTILLERS,V.S.T. Tillers Tractors Limited,Industrials,Farm & Heavy Construction Machinery,35930562560.0,3593.06,33.05,21.27,3.4,0.17,,,11.12,8.57,31.36,11.0,9.5,,,6644673024.0,664.47,19099000.0,1.91,,,,,60.0,0.41,CAPITAL_GOODS_INFRA,6,10,12,0,11,5,34,3,37,"Cash covers debt, Low debt, Forward PE improving, Manageable capital goods debt",Abnormally high dividend yield
06.09.2026 at 01:31 PM IST,PAGEIND,Page Industries Limited,Consumer Cyclical,Apparel Manufacturing,404885635072.0,40488.56,53.48,41.77,26.95,18.42,,,18.33,14.13,57.98,7.9,-4.0,,,4262510080.0,426.25,2768120064.0,276.81,,,,,2.2,0.03,CONSUMER_DISCRETIONARY,10,2,12,0,7,0,31,6,37,"Strong operating margin, Cash covers debt, Low debt, Forward PE improving, Healthy discretionary margin, Controlled discretionary debt","Negative earnings growth, Expensive price-to-book"
06.09.2026 at 01:31 PM IST,AFIL,Akme Fintrade (India) Limited,Financial Services,Credit Services,3947437056.0,394.74,9.16,,0.93,118.75,,,62.25,48.82,100.0,23.0,8.7,,,453744992.0,45.37,5033652224.0,503.37,,,,,,0.84,FINANCIAL,12,13,2,0,10,0,37,0,37,"Strong operating margin, Strong revenue growth",
06.09.2026 at 01:31 PM IST,MANBA,Manba Finance Limited,Financial Services,Credit Services,6556242944.0,655.62,13.4,,1.6,379.64,,,47.79,33.83,100.0,19.0,36.1,,,2670963968.0,267.1,15556019200.0,1555.6,,,,,97.0,,FINANCIAL,12,18,0,0,12,13,29,8,37,"Strong operating margin, Strong revenue growth, Strong earnings growth, Financial leverage treated differently, Strong financial earnings growth","Very high debt, Abnormally high dividend yield"
06.09.2026 at 01:31 PM IST,HDFCAMC,HDFC Asset Management Company Limited,Financial Services,Asset Management,1054144921600.0,105414.49,35.84,27.96,11.41,2.36,,,80.2,61.62,88.85,13.4,11.8,,,91690598400.0,9169.06,2182000128.0,218.2,,,,,2.2,0.55,FINANCIAL,12,10,12,0,7,0,41,-4,37,"Strong operating margin, Cash covers debt, Low debt, Forward PE improving","Expensive price-to-book, Expensive financial P/B"
06.09.2026 at 01:31 PM IST,CARBORUNIV,Carborundum Universal Limited,Industrials,Conglomerates,215271079936.0,21527.11,101.99,37.43,5.52,10.29,,,6.75,3.85,56.52,19.4,23.5,,,6999849984.0,699.98,4125339904.0,412.53,,,,,35.0,0.35,CAPITAL_GOODS_INFRA,0,16,12,0,7,10,25,12,37,"Strong revenue growth, Strong earnings growth, Cash covers debt, Low debt, Forward PE improving, Strong capital goods revenue growth, Strong capital goods earnings growth, Manageable capital goods debt","Very high PE, Abnormally high dividend yield"
06.09.2026 at 01:31 PM IST,DCMNVL,DCM Nouvelle Limited,Consumer Cyclical,Textile Manufacturing,3469952000.0,347.0,11.83,,1.06,98.36,,,14.45,2.76,28.76,13.8,16.62,,,12900000.0,1.29,3278599936.0,327.86,,,,,,1.03,CONSUMER_DISCRETIONARY,3,13,4,0,10,0,30,7,37,"Strong earnings growth, Consumer discretionary growth support, Healthy discretionary margin",
06.09.2026 at 01:31 PM IST,JMA,Jullundur Motor Agency (Delhi) Limited,Consumer Cyclical,Auto Parts,2078535936.0,207.85,6.49,,0.76,,,,5.32,4.98,13.71,15.4,42.3,,,218847008.0,21.88,0.0,0.0,,,,,2.21,0.13,AUTO,0,18,3,0,12,0,33,4,37,"Strong revenue growth, Strong earnings growth, Net cash position, Auto revenue growth support",
06.09.2026 at 01:31 PM IST,MEDANTA,Global Health Limited,Healthcare,Medical Care Facilities,397166444544.0,39716.64,71.82,43.79,10.02,29.87,,,16.7,11.88,52.79,26.5,-0.2,,,11302280192.0,1130.23,11900460032.0,1190.05,,,,,3.0,0.14,PHARMA_HEALTHCARE,6,10,9,0,5,0,30,7,37,"Strong revenue growth, Reasonable cash coverage, Low debt, Forward PE improving, Healthcare growth support, Controlled healthcare debt","Negative earnings growth, Expensive price-to-book"
06.09.2026 at 01:31 PM IST,METROPOLIS,Metropolis Healthcare Limited,Healthcare,Diagnostics & Research,122451312640.0,12245.13,60.44,37.94,8.09,15.21,,,17.5,11.79,77.74,16.6,12.7,,,2029644032.0,202.96,2319110912.0,231.91,,,,,34.0,0.2,PHARMA_HEALTHCARE,6,13,11,0,5,5,30,7,37,"Strong revenue growth, Reasonable cash coverage, Low debt, Forward PE improving, Healthcare growth support, Controlled healthcare debt",Abnormally high dividend yield
06.09.2026 at 01:31 PM IST,HESTERBIO,Hester Biosciences Limited,Healthcare,Drug Manufacturers - Specialty & Generic,20339914752.0,2033.99,15.06,,5.65,52.96,,,20.37,41.61,74.86,-8.2,459.3,,,65380000.0,6.54,1947939968.0,194.79,,,,,46.0,0.41,PHARMA_HEALTHCARE,11,10,4,0,10,5,30,7,37,"Strong operating margin, Strong earnings growth, Strong healthcare margin, Controlled healthcare debt","Negative revenue growth, Abnormally high dividend yield"
06.09.2026 at 01:31 PM IST,INTERARCH,Interarch Building Solutions Limited,Industrials,Engineering & Construction,28588953600.0,2858.9,21.32,15.49,3.24,1.99,,,7.7,6.8,36.1,20.7,-0.7,,,953428992.0,95.34,175346000.0,17.53,,,,,73.0,0.34,CAPITAL_GOODS_INFRA,3,8,12,0,11,5,29,8,37,"Strong revenue growth, Cash covers debt, Low debt, Forward PE improving, Strong capital goods revenue growth, Manageable capital goods debt","Negative earnings growth, Abnormally high dividend yield"
06.09.2026 at 01:31 PM IST,OMPOWER,Om Power Transmission Limited,Industrials,Engineering & Construction,,,27.21,,3.3,34.81,,,11.93,8.76,21.67,36.9,-6.2,,,70299000.0,7.03,476680992.0,47.67,,,,,,,CAPITAL_GOODS_INFRA,6,10,7,0,6,0,29,8,37,"Strong revenue growth, Low debt, Strong capital goods revenue growth, Manageable capital goods debt",Negative earnings growth
06.09.2026 at 01:31 PM IST,SCILAL,Shipping Corporation of India Land and Assets Limited,Real Estate,Real Estate Services,18552774656.0,1855.28,65.3,,0.56,0.0,,,-22.01,111.98,8.33,37.7,-3.2,,,11316100096.0,1131.61,900000.0,0.09,,,,,1.38,0.9,CEMENT_REALTY,6,10,12,0,5,0,33,4,37,"Strong revenue growth, Cash covers debt, Low debt, Manageable cement/realty debt",Negative earnings growth
06.09.2026 at 01:31 PM IST,TEXMOPIPES,Texmo Pipes and Products Limited,Industrials,Building Products & Equipment,1356107776.0,135.61,8.97,,0.66,23.81,,,7.4,3.9,30.94,11.6,23.6,,,105337000.0,10.53,545084032.0,54.51,,,,,,0.2,CAPITAL_GOODS_INFRA,0,13,7,0,10,0,30,7,37,"Strong earnings growth, Low debt, Strong capital goods earnings growth, Manageable capital goods debt",
06.09.2026 at 01:31 PM IST,JKPAPER,JK Paper Limited,Basic Materials,Paper & Paper Products,73551953920.0,7355.2,23.19,6.6,1.33,44.54,,,10.12,4.34,31.41,12.7,49.6,,,5798300160.0,579.83,25775200256.0,2577.52,,,,,99.0,0.32,GENERAL,3,15,7,0,13,5,33,4,37,"Strong earnings growth, Low debt, Forward PE improving, General low debt support, General growth support",Abnormally high dividend yield
06.09.2026 at 01:31 PM IST,GUFICBIO,Gufic Biosciences Limited,Healthcare,Drug Manufacturers - Specialty & Generic,44725997568.0,4472.6,60.76,,6.73,60.87,,,14.92,7.49,54.77,16.6,70.8,,,621859008.0,62.19,4047533056.0,404.75,,,,,2.0,-0.04,PHARMA_HEALTHCARE,6,18,4,0,2,0,30,7,37,"Strong revenue growth, Strong earnings growth, Healthcare growth support, Controlled healthcare debt",
06.09.2026 at 01:31 PM IST,TMCV,Tata Motors Limited,Consumer Cyclical,Auto Manufacturers,1684835401728.0,168483.54,40.1,19.53,13.23,44.09,,,6.85,4.81,31.65,19.3,83.4,,,130479996928.0,13048.0,56149999616.0,5615.0,,,,,87.0,,AUTO,0,18,10,0,7,5,30,7,37,"Strong revenue growth, Strong earnings growth, Cash covers debt, Low debt, Forward PE improving, Auto revenue growth support, Manageable auto debt","Expensive price-to-book, Abnormally high dividend yield"
06.09.2026 at 01:31 PM IST,TSFINV,TSF Investments Limited,Financial Services,Asset Management,89909854208.0,8990.99,18.61,,1.5,3.85,,,22.0,44.55,37.52,70.9,-22.3,,,14965999616.0,1496.6,2346077952.0,234.61,,,,,3.14,0.47,FINANCIAL,11,10,12,0,12,8,37,0,37,"Strong operating margin, Strong revenue growth, Cash covers debt, Low debt",Negative earnings growth
06.09.2026 at 01:31 PM IST,VOLTAS,Voltas Limited,Consumer Cyclical,"Furnishings, Fixtures & Appliances",387135143936.0,38713.51,86.22,36.22,6.07,15.51,,,5.22,3.0,22.23,18.7,52.0,,,12949300224.0,1294.93,9924800512.0,992.48,,,,,34.0,0.12,CONSUMER_DISCRETIONARY,0,18,12,0,5,5,30,7,37,"Strong revenue growth, Strong earnings growth, Cash covers debt, Low debt, Forward PE improving, Consumer discretionary growth support, Controlled discretionary debt","Very high PE, Abnormally high dividend yield"
06.09.2026 at 01:31 PM IST,EDELWEISS,Edelweiss Financial Services Limited,Financial Services,Financial Conglomerates,128633643008.0,12863.36,18.27,8.63,2.78,319.99,,,5.35,8.39,64.64,23.0,27.3,,,143082553344.0,14308.26,190187765760.0,19018.78,,,,,1.1,0.7,FINANCIAL,3,18,2,0,14,8,29,8,37,"Strong revenue growth, Strong earnings growth, Reasonable cash coverage, Forward PE improving, Financial leverage treated differently, Strong financial earnings growth",Very high debt
06.09.2026 at 01:31 PM IST,ETERNAL,Eternal Limited,Consumer Cyclical,Internet Retail,2971040743424.0,297104.07,717.22,85.81,9.54,14.83,,,0.24,0.64,35.19,182.0,233.3,,,66140000256.0,6614.0,45920002048.0,4592.0,,,,,,0.23,CONSUMER_DISCRETIONARY,0,20,12,0,3,5,30,7,37,"Strong revenue growth, Strong earnings growth, Cash covers debt, Low debt, Forward PE improving, Consumer discretionary growth support, Controlled discretionary debt",Very high PE
06.09.2026 at 01:31 PM IST,BIRLACORPN,Birla Corporation Limited,Basic Materials,Building Materials,68688764928.0,6868.88,12.41,11.45,0.93,46.04,,,7.56,5.62,82.08,7.8,48.7,,,12043799552.0,1204.38,33907200000.0,3390.72,,,,,1.41,0.46,CEMENT_REALTY,0,12,7,0,14,0,33,4,37,"Strong earnings growth, Low debt, Forward PE improving, Manageable cement/realty debt",
06.09.2026 at 01:31 PM IST,ATULAUTO,Atul Auto Limited,Consumer Cyclical,Auto Manufacturers,12959847424.0,1295.98,27.44,,5.66,,,,9.27,8.08,26.93,25.3,56.1,,,571000000.0,57.1,0.0,0.0,,,,,1.29,0.62,AUTO,3,20,3,0,7,0,33,4,37,"Strong revenue growth, Strong earnings growth, Net cash position, Auto revenue growth support",
06.09.2026 at 01:31 PM IST,KRISHNADEF,Krishna Defence and Allied Industries Limited,Industrials,Specialty Industrial Machinery,15172322304.0,1517.23,36.2,,7.84,1.12,,,28.77,18.46,48.61,-15.2,22.6,,,295315008.0,29.53,21690000.0,2.17,,,,,12.0,0.9,CAPITAL_GOODS_INFRA,12,8,12,0,4,6,30,7,37,"Strong operating margin, Strong earnings growth, Cash covers debt, Low debt, Strong capital goods earnings growth, Manageable capital goods debt",Negative revenue growth
06.09.2026 at 01:31 PM IST,JAMNAAUTO,Jamna Auto Industries Limited,Consumer Cyclical,Auto Parts,48581292032.0,4858.13,20.8,15.78,4.22,13.05,,,10.95,8.82,39.11,6.7,6.1,,,1064174976.0,106.42,1497432960.0,149.74,,,,,1.74,0.3,AUTO,6,4,11,0,10,0,31,6,37,"Reasonable cash coverage, Low debt, Forward PE improving, Healthy auto margin, Manageable auto debt",
06.09.2026 at 01:31 PM IST,AIAENG,AIA Engineering Limited,Industrials,Specialty Industrial Machinery,392972075008.0,39297.21,31.0,27.85,4.9,0.13,,,23.88,27.84,54.66,12.4,-1.3,,,43838373888.0,4383.84,102667000.0,10.27,,,,,38.0,0.25,CAPITAL_GOODS_INFRA,11,5,12,0,11,5,34,3,37,"Strong operating margin, Cash covers debt, Low debt, Forward PE improving, Manageable capital goods debt","Negative earnings growth, Abnormally high dividend yield"
06.09.2026 at 01:31 PM IST,INTELLECT,Intellect Design Arena Limited,Technology,Software - Application,96565321728.0,9656.53,27.67,16.23,3.01,4.96,,,12.85,11.09,39.66,20.4,8.1,,,8514050048.0,851.41,1587049984.0,158.7,,,,,58.0,0.63,IT_TECH,6,13,12,0,11,5,37,0,37,"Strong revenue growth, Cash covers debt, Low debt, Forward PE improving",Abnormally high dividend yield
06.09.2026 at 01:31 PM IST,UGROCAP,UGRO Capital Limited,Financial Services,Credit Services,13142133760.0,1314.21,6.01,4.34,0.45,373.98,,,34.18,24.01,100.0,6.7,33.7,,,21542193152.0,2154.22,108680577024.0,10868.06,,,,,,0.2,FINANCIAL,12,12,0,0,13,8,29,8,37,"Strong operating margin, Strong earnings growth, Forward PE improving, Financial leverage treated differently, Strong financial earnings growth",Very high debt
06.09.2026 at 01:31 PM IST,SGMART,SG Mart Limited,Industrials,Industrial Distribution,103600930816.0,10360.09,83.79,40.9,6.49,16.78,,,4.18,1.92,4.05,14.4,34.6,,,9841300480.0,984.13,2679200000.0,267.92,,,,,,-0.76,CAPITAL_GOODS_INFRA,0,15,12,0,3,0,30,7,37,"Strong earnings growth, Cash covers debt, Low debt, Forward PE improving, Strong capital goods earnings growth, Manageable capital goods debt",Very high PE
06.09.2026 at 01:31 PM IST,TRIDENT,Trident Limited,Consumer Cyclical,Textile Manufacturing,123313143808.0,12331.31,31.03,21.04,2.59,38.32,,,13.34,5.83,47.82,4.7,14.8,,,4690400256.0,469.04,18285299712.0,1828.53,,,,,4.14,0.01,CONSUMER_DISCRETIONARY,3,7,7,0,13,0,30,6,36,"Low debt, Forward PE improving, Healthy discretionary margin, Controlled discretionary debt",
06.09.2026 at 01:31 PM IST,GLOBE,Globe Enterprises (India) Limited,Consumer Cyclical,Textile Manufacturing,855795648.0,85.58,11.88,,0.57,114.16,,,4.53,1.57,10.74,47.0,200.0,,,8652000.0,0.87,1667533056.0,166.75,,,,,,0.51,CONSUMER_DISCRETIONARY,0,20,2,0,10,0,32,4,36,"Strong revenue growth, Strong earnings growth, Consumer discretionary growth support",
06.09.2026 at 01:31 PM IST,TCI,Transport Corporation of India Limited,Industrials,Integrated Freight & Logistics,66689433600.0,6668.94,14.64,12.6,2.6,11.99,,,7.94,9.04,13.88,9.6,-0.9,,,2947360000.0,294.74,3124009984.0,312.4,,,,,1.15,-0.09,CAPITAL_GOODS_INFRA,3,5,11,0,14,0,33,3,36,"Reasonable cash coverage, Low debt, Forward PE improving, Manageable capital goods debt",Negative earnings growth
06.09.2026 at 01:31 PM IST,REPRO,Repro India Limited,Industrials,Specialty Business Services,4619198976.0,461.92,4.73,,1.32,53.07,,,-3.56,18.94,41.92,20.1,,,,213400000.0,21.34,1855299968.0,185.53,,,,,,0.26,CAPITAL_GOODS_INFRA,6,8,4,0,10,0,28,8,36,"Strong revenue growth, Strong capital goods revenue growth, Manageable capital goods debt",
06.09.2026 at 01:31 PM IST,BRIGHOTEL,Brigade Hotel Ventures Limited,Consumer Cyclical,Lodging,22437300224.0,2243.73,32.82,19.05,2.34,31.38,,,22.17,12.92,68.84,2.3,,,,2507200000.0,250.72,3077400064.0,307.74,,,,,,,CONSUMER_DISCRETIONARY,10,0,9,0,11,0,30,6,36,"Strong operating margin, Reasonable cash coverage, Low debt, Forward PE improving, Healthy discretionary margin, Controlled discretionary debt",
06.09.2026 at 01:31 PM IST,JUBLCPL,Jubilant Agri and Consumer Products Limited,Basic Materials,Specialty Chemicals,33852186624.0,3385.22,26.45,,7.36,11.13,,,12.05,6.58,43.08,18.4,4.2,,,57140000.0,5.71,512110016.0,51.21,,,,,,,CHEMICALS,6,10,9,0,4,0,29,7,36,"Strong revenue growth, Low debt, Chemical revenue growth support, Controlled chemical debt",
06.09.2026 at 01:31 PM IST,ALICON,Alicon Castalloy Limited,Industrials,Metal Fabrication,11288756224.0,1128.88,30.89,8.69,1.8,56.41,,,4.92,1.89,44.49,38.3,23.4,,,197964992.0,19.8,3543979008.0,354.4,,,,,88.0,0.55,METALS_MINING,0,18,4,0,13,5,30,6,36,"Strong revenue growth, Strong earnings growth, Forward PE improving, Controlled metal sector debt, Commodity dividend support",Abnormally high dividend yield
06.09.2026 at 01:31 PM IST,TECHNOE,Techno Electric & Engineering Company Limited,Industrials,Engineering & Construction,113740988416.0,11374.1,26.41,16.8,2.74,1.74,,,14.79,12.85,21.38,19.8,-31.5,,,23309979648.0,2331.0,724929984.0,72.49,,,,,71.0,0.77,CAPITAL_GOODS_INFRA,8,8,12,0,13,13,28,8,36,"Strong revenue growth, Cash covers debt, Low debt, Forward PE improving, Strong capital goods revenue growth, Manageable capital goods debt","Negative earnings growth, Abnormally high dividend yield"
06.09.2026 at 01:31 PM IST,RBLBANK,RBL Bank Limited,Financial Services,Banks - Regional,642287337472.0,64228.73,34.24,20.69,1.53,,,,13.97,9.08,0.0,40.8,367.9,,,108387999744.0,10838.8,152253202432.0,15225.32,,,,,33.0,0.64,BANK,6,20,2,0,13,5,36,0,36,"Strong revenue growth, Strong earnings growth, Reasonable cash coverage, Forward PE improving",Abnormally high dividend yield
06.09.2026 at 01:31 PM IST,FLAIR,Flair Writing Industries Limited,Industrials,Business Equipment & Supplies,25569972224.0,2557.0,18.3,13.17,2.24,5.8,,,12.22,10.91,50.53,10.6,-0.4,,,1310091008.0,131.01,662897984.0,66.29,,,,,41.0,0.37,CAPITAL_GOODS_INFRA,6,5,12,0,15,5,33,3,36,"Cash covers debt, Low debt, Forward PE improving, Manageable capital goods debt","Negative earnings growth, Abnormally high dividend yield"
06.09.2026 at 01:31 PM IST,ASIANENE,Asian Energy Services Limited,Energy,Oil & Gas Equipment & Services,25218924544.0,2521.89,41.09,,4.7,32.05,,,6.18,6.08,20.95,135.1,102.4,,,1468454016.0,146.85,1586429952.0,158.64,,,,,24.0,0.86,ENERGY_UTILITIES,3,20,9,0,6,5,33,3,36,"Strong revenue growth, Strong earnings growth, Reasonable cash coverage, Low debt, Energy dividend support",Abnormally high dividend yield
06.09.2026 at 01:31 PM IST,ANUHPHR,Anuh Pharma Limited,Healthcare,Drug Manufacturers - Specialty & Generic,8091083776.0,809.11,22.55,,2.3,0.02,,,7.15,5.67,22.43,3.9,37.3,,,529193984.0,52.92,583000.0,0.06,,,,,1.85,0.49,PHARMA_HEALTHCARE,0,12,12,0,9,0,33,3,36,"Strong earnings growth, Cash covers debt, Low debt, Controlled healthcare debt",
06.09.2026 at 01:31 PM IST,PITTIENG,Pitti Engineering Limited,Industrials,Metal Fabrication,40235810816.0,4023.58,32.41,22.43,4.08,82.13,,,11.12,6.27,39.42,15.9,30.1,,,1467398016.0,146.74,8105842176.0,810.58,,,,,23.0,0.51,METALS_MINING,6,18,4,0,11,5,34,2,36,"Strong revenue growth, Strong earnings growth, Forward PE improving, Commodity dividend support",Abnormally high dividend yield
06.09.2026 at 01:31 PM IST,MOTHERSON,Samvardhana Motherson International Limited,Consumer Cyclical,Auto Parts,1692368764928.0,169236.88,38.63,23.19,4.13,43.91,,,4.98,3.36,43.82,16.6,104.2,,,79525003264.0,7952.5,191696994304.0,19169.7,,,,,31.0,1.04,AUTO,0,18,7,0,9,5,29,7,36,"Strong revenue growth, Strong earnings growth, Low debt, Forward PE improving, Auto revenue growth support, Manageable auto debt",Abnormally high dividend yield
06.09.2026 at 01:31 PM IST,AARTIDRUGS,Aarti Drugs Limited,Healthcare,Drug Manufacturers - Specialty & Generic,39702450176.0,3970.25,20.77,15.59,2.56,37.22,,,11.45,7.14,37.53,19.1,-7.1,,,,,,,,,,,46.0,,PHARMA_HEALTHCARE,6,8,7,0,13,5,29,7,36,"Strong revenue growth, Low debt, Forward PE improving, Healthcare growth support, Controlled healthcare debt","Negative earnings growth, Abnormally high dividend yield"
06.09.2026 at 01:31 PM IST,TCC,TCC Concept Limited,,,,,,,0.64,17.69,,,15.69,23.06,75.08,480.2,-7.2,,,795822976.0,79.58,2910500096.0,291.05,,,,,,0.18,GENERAL,9,10,9,0,4,0,32,4,36,"Strong revenue growth, Low debt, General low debt support, General growth support",Negative earnings growth
06.09.2026 at 01:31 PM IST,CMSINFO,CMS Info Systems Limited,Industrials,Specialty Business Services,39007453184.0,3900.75,13.71,9.59,1.65,9.1,,,15.14,11.77,93.16,1.2,-8.8,,,4457330176.0,445.73,2213819904.0,221.38,,,,,2.05,0.32,CAPITAL_GOODS_INFRA,6,0,12,0,15,0,33,3,36,"Cash covers debt, Low debt, Forward PE improving, Manageable capital goods debt",Negative earnings growth
06.09.2026 at 01:31 PM IST,MUNJALAU,Munjal Auto Industries Limited,Consumer Cyclical,Auto Parts,11209999360.0,1121.0,22.33,,2.5,90.75,,,3.61,2.0,26.13,42.4,63.3,,,1288731008.0,128.87,4234358016.0,423.44,,,,,89.0,0.7,AUTO,0,20,4,0,10,5,29,7,36,"Strong revenue growth, Strong earnings growth, Auto revenue growth support, Manageable auto debt",Abnormally high dividend yield
06.09.2026 at 01:31 PM IST,NETWEB,Netweb Technologies India Limited,Technology,Computer Hardware,308524253184.0,30852.43,113.57,62.63,40.75,39.02,,,14.3,9.65,20.41,172.1,178.4,,,5893499904.0,589.35,2822230016.0,282.22,,,,,6.0,1.74,IT_TECH,6,20,10,0,5,5,36,0,36,"Strong revenue growth, Strong earnings growth, Cash covers debt, Low debt, Forward PE improving","Very high PE, Expensive price-to-book"
06.09.2026 at 01:31 PM IST,GCSL,Gretex Corporate Services Limited,Financial Services,Capital Markets,13483995136.0,1348.4,44.48,,8.48,6.79,,,44.47,18.27,46.49,68.2,8.45,,,7854000.0,0.79,148556000.0,14.86,,,,,12.0,-0.71,FINANCIAL,12,15,9,0,4,0,40,-4,36,"Strong operating margin, Strong revenue growth, Low debt",Expensive financial P/B
06.09.2026 at 01:31 PM IST,IMAGICAA,Imagicaaworld Entertainment Limited,Communication Services,Entertainment,31292827648.0,3129.28,221.2,32.53,1.75,27.31,,,36.75,3.45,89.59,19.9,34.2,,,271215008.0,27.12,3425138944.0,342.51,,,,,,0.26,TELECOM,6,18,7,0,7,5,33,3,36,"Strong operating margin, Strong revenue growth, Strong earnings growth, Low debt, Forward PE improving, Telecom revenue growth support",Very high PE
06.09.2026 at 01:31 PM IST,PNB,Punjab National Bank,Financial Services,Banks - Regional,1344674332672.0,134467.43,6.09,6.82,0.86,,14.97,1.13,29.4,38.15,0.0,15.2,1.9,,,24066799616.0,2406.68,63164899328.0,6316.49,,,,,2.56,0.5,BANK,16,8,0,0,12,0,36,0,36,"Strong operating margin, Strong revenue growth",
06.09.2026 at 01:31 PM IST,MUTHOOTMF,Muthoot Microfin Limited,Financial Services,Credit Services,34727702528.0,3472.77,14.16,6.81,1.22,341.25,,,32.11,20.95,98.13,48.3,12.42,,,8837929984.0,883.79,97403863040.0,9740.39,,,,,,0.66,FINANCIAL,12,15,0,0,13,8,32,4,36,"Strong operating margin, Strong revenue growth, Forward PE improving, Financial leverage treated differently",Very high debt
06.09.2026 at 01:31 PM IST,MUKANDLTD,Mukand Limited,Basic Materials,Steel,19391305728.0,1939.13,3.07,,1.27,111.45,,,-0.79,12.35,33.52,20.7,97.5,,,309100000.0,30.91,16967100416.0,1696.71,,,,,1.49,0.7,METALS_MINING,5,18,2,0,11,0,36,0,36,"Strong revenue growth, Strong earnings growth",
06.09.2026 at 01:31 PM IST,EMAMILTD,Emami Limited,Consumer Defensive,Household & Personal Products,160195493888.0,16019.55,21.37,18.34,5.48,5.54,,,17.65,19.12,67.93,14.9,-16.2,,,9032932352.0,903.29,1619223040.0,161.92,,,,,3.28,0.14,FMCG_CONSUMER,9,5,12,0,11,8,29,7,36,"Cash covers debt, Low debt, Forward PE improving, Healthy consumer margins, Low debt consumer business",Negative earnings growth
06.09.2026 at 01:31 PM IST,KRISHANA,Krishana Phoschem Limited,Basic Materials,Agricultural Inputs,57332731904.0,5733.27,31.27,,10.22,130.81,,,14.13,7.7,27.6,34.6,53.5,,,423918016.0,42.39,7334649856.0,733.46,,,,,5.0,0.05,GENERAL,6,20,2,0,6,0,34,2,36,"Strong revenue growth, Strong earnings growth, General growth support",Expensive price-to-book
06.09.2026 at 01:31 PM IST,EQUITASBNK,Equitas Small Finance Bank Limited,Financial Services,Banks - Regional,84190765056.0,8419.08,16.5,8.14,1.37,94.25,,,31.5,10.93,100.0,19.2,,,,56662847488.0,5666.28,57725501440.0,5772.55,,,,,,0.44,BANK,9,8,6,0,13,0,36,0,36,"Strong operating margin, Strong revenue growth, Reasonable cash coverage, Forward PE improving",
06.09.2026 at 01:31 PM IST,HITECH,Hi-Tech Pipes Limited,Basic Materials,Steel,15365436416.0,1536.54,20.38,13.42,1.12,20.06,,,2.94,1.56,6.61,78.5,-4.8,,,869963008.0,87.0,2675116032.0,267.51,,,,,3.0,0.76,METALS_MINING,0,10,7,0,13,0,30,6,36,"Strong revenue growth, Low debt, Forward PE improving, Controlled metal sector debt, Commodity dividend support",Negative earnings growth
06.09.2026 at 01:31 PM IST,TCIEXP,TCI Express Limited,Industrials,Integrated Freight & Logistics,21284120576.0,2128.41,26.1,19.38,2.6,7.74,,,7.78,6.52,15.94,9.3,1.4,,,1370700032.0,137.07,633600000.0,63.36,,,,,2.17,0.25,CAPITAL_GOODS_INFRA,3,5,12,0,13,0,33,3,36,"Cash covers debt, Low debt, Forward PE improving, Manageable capital goods debt",
06.09.2026 at 01:31 PM IST,ASKAUTOLTD,ASK Automotive Limited,Consumer Cyclical,Auto Parts,122031267840.0,12203.13,38.62,27.59,9.31,51.79,,,9.38,6.81,32.51,52.4,29.0,,,129000000.0,12.9,6790099968.0,679.01,,,,,30.0,-0.23,AUTO,3,20,4,0,7,5,29,7,36,"Strong revenue growth, Strong earnings growth, Forward PE improving, Auto revenue growth support, Manageable auto debt",Abnormally high dividend yield
06.09.2026 at 01:31 PM IST,KEYFINSERV,Keynote Financial Services Limited,Financial Services,Capital Markets,1363826048.0,136.38,24.04,,0.94,2.87,,,78.85,17.51,98.48,20.2,-7.8,,,118549000.0,11.85,41436000.0,4.14,,,,,41.0,0.1,FINANCIAL,11,8,12,0,10,5,36,0,36,"Strong operating margin, Strong revenue growth, Cash covers debt, Low debt","Negative earnings growth, Abnormally high dividend yield"
06.09.2026 at 01:31 PM IST,ABCAPITAL,Aditya Birla Capital Limited,Financial Services,Financial Conglomerates,1108433305600.0,110843.33,26.17,15.96,3.08,495.94,,,17.87,11.94,28.11,31.4,39.1,,,171203493888.0,17120.35,1823427919872.0,182342.79,,,,,,0.68,FINANCIAL,6,20,0,0,9,8,27,8,35,"Strong revenue growth, Strong earnings growth, Forward PE improving, Financial leverage treated differently, Strong financial earnings growth",Very high debt
06.09.2026 at 01:31 PM IST,PGIL,Pearl Global Industries Limited,Consumer Cyclical,Apparel Manufacturing,105175867392.0,10517.59,33.88,22.03,7.2,65.57,,,9.04,5.83,48.51,24.5,48.5,,,7469975040.0,747.0,9428482048.0,942.85,,,,,92.0,0.07,CONSUMER_DISCRETIONARY,0,18,6,0,9,5,28,7,35,"Strong revenue growth, Strong earnings growth, Reasonable cash coverage, Forward PE improving, Consumer discretionary growth support, Controlled discretionary debt",Abnormally high dividend yield
06.09.2026 at 01:31 PM IST,MOTILALOFS,Motilal Oswal Financial Services Limited,Financial Services,Capital Markets,624609198080.0,62460.92,32.16,17.57,4.84,165.8,,,51.27,22.96,62.9,23.9,8.7,,,52623298560.0,5262.33,214747299840.0,21474.73,,,,,1.06,0.36,FINANCIAL,12,13,0,0,10,0,35,0,35,"Strong operating margin, Strong revenue growth, Forward PE improving",
06.09.2026 at 01:31 PM IST,LTFOODS,LT Foods Limited,Consumer Defensive,Packaged Foods,153572605952.0,15357.26,23.96,14.62,8.62,28.49,,,10.86,5.49,32.94,23.8,70.7,,,465561984.0,46.56,5035781120.0,503.58,,,,,90.0,0.37,FMCG_CONSUMER,3,18,7,0,9,5,32,3,35,"Strong revenue growth, Strong earnings growth, Low debt, Forward PE improving, Low debt consumer business",Abnormally high dividend yield
06.09.2026 at 01:31 PM IST,OMINFRAL,Om Infra Limited,Industrials,Engineering & Construction,8137671680.0,813.77,24.42,,1.07,10.6,,,7.29,6.35,59.77,19.2,,,,795513984.0,79.55,856156032.0,85.62,,,,,59.0,0.48,CAPITAL_GOODS_INFRA,3,8,11,0,10,5,27,8,35,"Strong revenue growth, Reasonable cash coverage, Low debt, Strong capital goods revenue growth, Manageable capital goods debt",Abnormally high dividend yield
06.09.2026 at 01:31 PM IST,SHK,S H Kelkar and Company Limited,Basic Materials,Specialty Chemicals,20786651136.0,2078.67,23.46,15.39,1.53,75.52,,,8.08,3.64,41.05,14.1,77.3,,,645900032.0,64.59,10289200128.0,1028.92,,,,,1.33,0.33,CHEMICALS,0,15,4,0,12,0,31,4,35,"Strong earnings growth, Forward PE improving, Chemical revenue growth support",
06.09.2026 at 01:31 PM IST,BALPHARMA,Bal Pharma Limited,Healthcare,Drug Manufacturers - Specialty & Generic,1401036800.0,140.1,19.43,,1.7,193.94,,,5.83,2.15,47.5,34.5,446.2,,,92917000.0,9.29,1595164032.0,159.52,,,,,1.37,0.45,PHARMA_HEALTHCARE,0,20,0,0,11,0,31,4,35,"Strong revenue growth, Strong earnings growth, Healthcare growth support",
06.09.2026 at 01:31 PM IST,SPAL,S.P. Apparels Limited,Consumer Cyclical,Apparel Manufacturing,26672355328.0,2667.24,25.4,16.89,2.82,44.6,,,12.0,6.67,57.16,-0.6,19.8,,,726329984.0,72.63,4190330112.0,419.03,,,,,28.0,0.1,CONSUMER_DISCRETIONARY,6,8,7,0,13,5,29,6,35,"Strong earnings growth, Low debt, Forward PE improving, Healthy discretionary margin, Controlled discretionary debt","Negative revenue growth, Abnormally high dividend yield"
06.09.2026 at 01:31 PM IST,KSB,KSB Limited,Industrials,Specialty Industrial Machinery,141841956864.0,14184.2,57.92,40.55,8.35,0.37,15.19,6.95,9.67,9.01,45.46,3.6,-18.6,2.04,0.96,1766000000.0,176.6,63000000.0,6.3,-1268770048.0,-126.88,200790000.0,20.08,54.0,-0.16,CAPITAL_GOODS_INFRA,9,2,17,12,7,18,29,6,35,"Cash covers debt, Low debt, Positive operating cash flow, Cash flow supports profitability, Forward PE improving, Manageable capital goods debt, Capital goods cashflow support","Negative earnings growth, Negative free cash flow, Abnormally high dividend yield"
06.09.2026 at 01:31 PM IST,PRAJIND,Praj Industries Limited,Industrials,Engineering & Construction,61577383936.0,6157.74,204.27,30.92,4.7,13.22,,,0.67,0.93,35.96,11.8,117.2,,,6120878080.0,612.09,1730449024.0,173.04,,,,,1.07,0.13,CAPITAL_GOODS_INFRA,0,15,12,0,6,5,28,7,35,"Strong earnings growth, Cash covers debt, Low debt, Forward PE improving, Strong capital goods earnings growth, Manageable capital goods debt",Very high PE
06.09.2026 at 01:31 PM IST,PCBL,PCBL Chemical Limited,Basic Materials,Specialty Chemicals,125160456192.0,12516.05,48.27,20.42,3.13,124.13,,,11.82,3.03,30.0,17.0,58.9,,,2813400064.0,281.34,49890598912.0,4989.06,,,,,1.42,0.58,CHEMICALS,3,18,2,0,8,0,31,4,35,"Strong revenue growth, Strong earnings growth, Forward PE improving, Chemical revenue growth support",
06.09.2026 at 01:31 PM IST,PARADEEP,Paradeep Phosphates Limited,Basic Materials,Agricultural Inputs,163265773568.0,16326.58,15.25,13.73,2.4,101.82,,,10.04,4.58,25.26,63.1,20.8,,,4092199936.0,409.22,69062803456.0,6906.28,,,,,96.0,-0.09,GENERAL,3,18,2,0,15,5,33,2,35,"Strong revenue growth, Strong earnings growth, Forward PE improving, General growth support",Abnormally high dividend yield
06.09.2026 at 01:31 PM IST,HMAAGRO,HMA Agro Industries Limited,Consumer Defensive,Packaged Foods,10471095296.0,1047.11,4.89,,1.11,88.32,,,0.12,2.72,11.74,86.1,49.5,,,2455140096.0,245.51,8500270080.0,850.03,,,,,1.37,0.44,FMCG_CONSUMER,0,20,4,0,11,0,35,0,35,"Strong revenue growth, Strong earnings growth",
06.09.2026 at 01:31 PM IST,SUPREME,Supreme Holdings & Hospitality (India) Limited,Real Estate,Real Estate - Development,1405428736.0,140.54,213.06,,0.35,1.06,,,-10.36,12.17,6.64,12.84,400.0,,,247168992.0,24.72,60288000.0,6.03,,,,,,-0.56,CEMENT_REALTY,5,15,12,0,4,5,31,4,35,"Strong earnings growth, Cash covers debt, Low debt, Manageable cement/realty debt",Very high PE
06.09.2026 at 01:31 PM IST,TENNIND,Tenneco Clean Air India Limited,Consumer Cyclical,Auto Parts,209531191296.0,20953.12,34.82,24.9,17.49,4.29,,,14.19,10.61,34.67,20.1,-45.9,,,5714409984.0,571.44,514960000.0,51.5,,,,,,,AUTO,6,8,12,0,7,8,25,10,35,"Strong revenue growth, Cash covers debt, Low debt, Forward PE improving, Auto revenue growth support, Healthy auto margin, Manageable auto debt","Negative earnings growth, Expensive price-to-book"
06.09.2026 at 01:31 PM IST,TEGA,Tega Industries Limited,Industrials,Specialty Industrial Machinery,115704160256.0,11570.42,414.01,17.52,3.42,11.69,,,10.03,0.69,49.93,384.0,,,,23211909120.0,2321.19,3984009984.0,398.4,,,,,13.0,0.41,CAPITAL_GOODS_INFRA,3,10,12,0,7,5,27,8,35,"Strong revenue growth, Cash covers debt, Low debt, Forward PE improving, Strong capital goods revenue growth, Manageable capital goods debt",Very high PE
06.09.2026 at 01:31 PM IST,CONCOR,Container Corporation of India Limited,Industrials,Railroads,386901901312.0,38690.19,31.15,21.77,2.99,7.39,,,13.64,13.67,39.47,0.3,0.6,,,34873200640.0,3487.32,9645700096.0,964.57,,,,,1.26,0.22,CAPITAL_GOODS_INFRA,8,0,12,0,12,0,32,3,35,"Cash covers debt, Low debt, Forward PE improving, Manageable capital goods debt",
06.09.2026 at 01:31 PM IST,ISFT,IntraSoft Technologies Limited,Consumer Cyclical,Internet Retail,1350117504.0,135.01,9.83,6.43,0.51,6.49,,,3.39,2.52,34.63,8.3,11.2,,,46742000.0,4.67,172915008.0,17.29,,,,,,0.41,CONSUMER_DISCRETIONARY,0,10,9,0,13,0,32,3,35,"Low debt, Forward PE improving, Controlled discretionary debt",
06.09.2026 at 01:31 PM IST,JAIBALAJI,Jai Balaji Industries Limited,Basic Materials,Steel,63583924224.0,6358.39,44.11,,2.87,18.45,,,7.12,2.37,27.87,24.0,20.8,,,603400000.0,60.34,4166299904.0,416.63,,,,,,0.38,METALS_MINING,0,16,9,0,6,0,31,4,35,"Strong revenue growth, Strong earnings growth, Low debt, Controlled metal sector debt",
06.09.2026 at 01:31 PM IST,ORIENTCER,Orient Ceratech Limited,Basic Materials,Specialty Chemicals,5268910592.0,526.89,18.43,,1.76,13.11,,,12.92,6.4,45.73,2.2,97.2,,,92738000.0,9.27,396088000.0,39.61,,,,,80.0,0.42,CHEMICALS,6,10,9,0,12,5,32,3,35,"Strong earnings growth, Low debt, Controlled chemical debt",Abnormally high dividend yield
06.09.2026 at 01:31 PM IST,AGARWALEYE,Dr. Agarwal's Health Care Limited,Healthcare,Medical Instruments & Supplies,163135324160.0,16313.53,111.16,61.25,8.05,50.3,,,15.0,6.72,43.61,26.0,49.5,,,2837600000.0,283.76,10661999616.0,1066.2,,,,,,,PHARMA_HEALTHCARE,6,20,4,0,3,5,28,7,35,"Strong revenue growth, Strong earnings growth, Forward PE improving, Healthcare growth support, Controlled healthcare debt",Very high PE
06.09.2026 at 01:31 PM IST,MMTC,MMTC Limited,Industrials,Conglomerates,96284999680.0,9628.5,21.61,,4.54,0.11,,,-30.72,163.87,100.0,-50.0,130.0,,,17886699520.0,1788.67,24200000.0,2.42,,,,,,0.64,CAPITAL_GOODS_INFRA,6,10,12,0,6,6,28,7,35,"Strong earnings growth, Cash covers debt, Low debt, Strong capital goods earnings growth, Manageable capital goods debt",Negative revenue growth
06.09.2026 at 01:31 PM IST,JINDRILL,Jindal Drilling & Industries Limited,Energy,Oil & Gas Equipment & Services,19242004480.0,1924.2,10.04,,1.06,5.12,,,24.89,18.83,49.05,8.4,-28.7,,,3061199872.0,306.12,931800000.0,93.18,,,,,15.0,-0.36,ENERGY_UTILITIES,11,5,12,0,12,8,32,3,35,"Strong operating margin, Cash covers debt, Low debt, Energy dividend support",Negative earnings growth
06.09.2026 at 01:31 PM IST,EMIL,Electronics Mart India Limited,Consumer Cyclical,Specialty Retail,66407641088.0,6640.76,32.14,26.71,4.09,122.81,,,8.16,2.62,15.28,39.1,460.7,,,497470016.0,49.75,19969849344.0,1996.98,,,,,,0.52,CONSUMER_DISCRETIONARY,0,20,2,0,9,0,31,4,35,"Strong revenue growth, Strong earnings growth, Forward PE improving, Consumer discretionary growth support",
06.09.2026 at 01:31 PM IST,PALASHSECU,Palash Securities Limited,Consumer Defensive,Packaged Foods,906281024.0,90.63,5.6,,0.19,0.02,,,39.65,26.74,71.04,-97.1,,,,98548000.0,9.85,1000000.0,0.1,,,,,,0.21,FMCG_CONSUMER,12,0,12,0,10,6,28,7,35,"Strong operating margin, Cash covers debt, Low debt, Healthy consumer margins, Low debt consumer business",Negative revenue growth
06.09.2026 at 01:31 PM IST,GREENPLY,Greenply Industries Limited,Basic Materials,Lumber & Wood Production,38207537152.0,3820.75,38.62,18.24,4.24,57.51,,,8.4,3.45,40.62,20.7,32.0,,,278732000.0,27.87,5148791808.0,514.88,,,,,16.0,0.69,GENERAL,0,18,4,0,9,0,31,4,35,"Strong revenue growth, Strong earnings growth, Forward PE improving, General low debt support, General growth support",
06.09.2026 at 01:31 PM IST,INFOBEAN,InfoBeans Technologies Limited,Technology,Software - Application,15636648960.0,1563.66,18.43,,3.78,3.55,,,16.72,15.32,36.84,36.6,-6.7,,,2282500096.0,228.25,146700000.0,14.67,,,,,31.0,0.65,IT_TECH,8,10,12,0,10,5,35,0,35,"Strong revenue growth, Cash covers debt, Low debt","Negative earnings growth, Abnormally high dividend yield"
06.09.2026 at 01:31 PM IST,TEAMGTY,Team India Guaranty Limited,Financial Services,Asset Management,2114289408.0,211.43,192.7,,4.68,,,,26.42,15.54,96.84,124.5,67.7,,,48083000.0,4.81,0.0,0.0,,,,,,0.41,FINANCIAL,11,20,3,0,2,5,31,4,35,"Strong operating margin, Strong revenue growth, Strong earnings growth, Net cash position, Strong financial earnings growth",Very high PE
06.09.2026 at 01:31 PM IST,OSWALSEEDS,ShreeOswal Seeds and Chemicals Limited,Basic Materials,Agricultural Inputs,1083919488.0,108.39,15.0,,2.13,121.21,,,15.5,4.57,11.42,19.5,67.5,,,15148000.0,1.51,618492992.0,61.85,,,,,,-0.82,GENERAL,3,18,2,0,10,0,33,2,35,"Strong revenue growth, Strong earnings growth, General growth support",
06.09.2026 at 01:31 PM IST,GLOBECIVIL,Globe Civil Projects Limited,Industrials,Engineering & Construction,2880844544.0,288.08,10.65,,1.23,64.33,,,14.54,5.88,20.06,37.1,2.6,,,221870000.0,22.19,1530169984.0,153.02,,,,,,,CAPITAL_GOODS_INFRA,3,10,4,0,10,0,27,8,35,"Strong revenue growth, Strong capital goods revenue growth, Manageable capital goods debt",
06.09.2026 at 01:31 PM IST,GANESHCP,Ganesh Consumer Products Limited,Consumer Defensive,Packaged Foods,6991439360.0,699.14,14.62,,1.88,7.17,,,8.25,5.3,26.08,-7.1,19.8,,,1309373952.0,130.94,265487008.0,26.55,,,,,2.87,,FMCG_CONSUMER,0,8,12,0,12,0,32,3,35,"Strong earnings growth, Cash covers debt, Low debt, Low debt consumer business",Negative revenue growth
06.09.2026 at 01:31 PM IST,AMDIND,AMD Industries Limited,Consumer Cyclical,Packaging & Containers,1155754880.0,115.58,35.26,,0.75,51.23,,,11.55,1.03,34.2,40.8,5.03,,,132032000.0,13.2,783169024.0,78.32,,,,,,0.23,CONSUMER_DISCRETIONARY,3,12,4,0,6,0,25,10,35,"Strong revenue growth, Consumer discretionary growth support, Healthy discretionary margin, Controlled discretionary debt",
06.09.2026 at 01:31 PM IST,PKTEA,The Peria Karamalai Tea and Produce Company Limited,Consumer Defensive,Farm Products,2470511360.0,247.05,,,0.55,10.13,,,54.62,-6.18,89.31,23.5,26.2,,,319732992.0,31.97,455601984.0,45.56,,,,,12.0,0.18,GENERAL,6,18,11,0,6,10,31,4,35,"Strong operating margin, Strong revenue growth, Strong earnings growth, Reasonable cash coverage, Low debt, General low debt support, General growth support",Negative net margin
06.09.2026 at 01:31 PM IST,BOSCH-HCIL,Bosch Home Comfort India Limited,Consumer Cyclical,"Furnishings, Fixtures & Appliances",49840889856.0,4984.09,1117.68,,9.98,16.32,,,2.54,0.16,30.48,28.5,48.2,,,557299968.0,55.73,816800000.0,81.68,,,,,3.81,0.66,CONSUMER_DISCRETIONARY,0,20,11,0,2,5,28,7,35,"Strong revenue growth, Strong earnings growth, Reasonable cash coverage, Low debt, Consumer discretionary growth support, Controlled discretionary debt",Very high PE
06.09.2026 at 01:31 PM IST,CENTURYPLY,Century Plyboards (India) Limited,Basic Materials,Lumber & Wood Production,166685294592.0,16668.53,57.27,29.04,6.39,67.11,,,9.2,5.03,48.18,33.5,54.9,,,590134976.0,59.01,17648764928.0,1764.88,,,,,13.0,0.2,GENERAL,0,20,4,0,7,0,31,4,35,"Strong revenue growth, Strong earnings growth, Forward PE improving, General low debt support, General growth support",
06.09.2026 at 01:31 PM IST,ICIL,Indo Count Industries Limited,Consumer Cyclical,Textile Manufacturing,88936300544.0,8893.63,59.09,18.91,3.78,56.99,,,8.12,3.44,54.43,25.9,67.0,,,3036368896.0,303.64,13423334400.0,1342.33,,,,,33.0,0.36,CONSUMER_DISCRETIONARY,0,20,4,0,9,5,28,7,35,"Strong revenue growth, Strong earnings growth, Forward PE improving, Consumer discretionary growth support, Controlled discretionary debt",Abnormally high dividend yield
06.09.2026 at 01:31 PM IST,EBGNG,GNG Electronics Limited,Technology,Computer Hardware,68862959616.0,6886.3,48.51,26.09,9.08,58.54,,,11.17,7.15,20.89,32.1,25.1,,,1182380032.0,118.24,4445230080.0,444.52,,,,,,,IT_TECH,6,20,4,0,5,0,35,0,35,"Strong revenue growth, Strong earnings growth, Forward PE improving",
06.09.2026 at 01:31 PM IST,ZUARIIND,Zuari Industries Limited,Industrials,Conglomerates,8191314432.0,819.13,7.55,,0.23,72.1,,,1.99,9.87,28.2,21.2,9.0,,,4541595136.0,454.16,25982674944.0,2598.27,,,,,36.0,0.32,CAPITAL_GOODS_INFRA,3,13,4,0,12,5,27,8,35,"Strong revenue growth, Strong capital goods revenue growth, Manageable capital goods debt",Abnormally high dividend yield
06.09.2026 at 01:31 PM IST,RVNL,Rail Vikas Nigam Limited,Industrials,Engineering & Construction,443045937152.0,44304.59,49.3,38.63,4.51,49.08,,,4.03,4.32,6.4,10.6,16.9,,,6357100032.0,635.71,48184901632.0,4818.49,,,,,1.61,0.81,CAPITAL_GOODS_INFRA,0,13,7,0,8,0,28,7,35,"Strong earnings growth, Low debt, Forward PE improving, Strong capital goods earnings growth, Manageable capital goods debt",
06.09.2026 at 01:31 PM IST,SPCENET,Spacenet Enterprises India Limited,Financial Services,Capital Markets,1947334528.0,194.73,7.62,,1.0,13.67,,,-5.11,13.17,8.2,-8.5,228.6,,,29584000.0,2.96,248107008.0,24.81,,,,,59.0,0.15,FINANCIAL,5,10,9,0,12,5,31,4,35,"Strong earnings growth, Low debt, Strong financial earnings growth","Negative revenue growth, Abnormally high dividend yield"
06.09.2026 at 01:31 PM IST,PARACABLES,Paramount Communications Limited,Technology,Communication Equipment,21401462784.0,2140.15,32.86,,2.57,15.81,,,5.73,3.67,20.98,17.4,4.9,2.65,2.02,331100000.0,33.11,1229900032.0,122.99,,,,,,,IT_TECH,0,10,17,0,8,0,35,0,35,"Strong revenue growth, Low debt",
06.09.2026 at 01:31 PM IST,TVSSRICHAK,TVS Srichakra Limited,Consumer Cyclical,Auto Parts,39969800192.0,3996.98,43.33,33.89,3.36,64.48,,,4.09,2.37,42.32,30.3,164.2,,,232700000.0,23.27,7674500096.0,767.45,,,,,72.0,0.8,AUTO,0,20,4,0,9,5,28,7,35,"Strong revenue growth, Strong earnings growth, Forward PE improving, Auto revenue growth support, Manageable auto debt",Abnormally high dividend yield
06.09.2026 at 01:31 PM IST,JASH,Jash Engineering Limited,Industrials,Specialty Industrial Machinery,30225909760.0,3022.59,35.36,21.99,5.82,19.56,,,1.66,11.36,57.59,17.5,,,,1068084992.0,106.81,1026880000.0,102.69,,,,,33.0,-0.16,CAPITAL_GOODS_INFRA,3,8,12,0,9,5,27,8,35,"Strong revenue growth, Cash covers debt, Low debt, Forward PE improving, Strong capital goods revenue growth, Manageable capital goods debt",Abnormally high dividend yield
06.09.2026 at 01:31 PM IST,FMGOETZE,Federal-Mogul Goetze (India) Limited,Consumer Cyclical,Auto Parts,27982960640.0,2798.3,16.36,,1.95,0.07,,,8.83,8.54,62.1,8.8,0.5,,,8292592128.0,829.26,10335000.0,1.03,,,,,2.99,0.1,AUTO,3,5,12,0,12,0,32,3,35,"Cash covers debt, Low debt, Manageable auto debt",
06.09.2026 at 01:31 PM IST,DISAQ,DISA India Limited,,,,,,,5.72,,18.75,8.62,16.98,12.61,40.94,-16.2,3.6,2.19,1.1,1158000000.0,115.8,0.0,0.0,-464675008.0,-46.47,132100000.0,13.21,,0.23,GENERAL,18,2,10,12,2,11,33,2,35,"Strong ROE, Net cash position, Positive operating cash flow, Cash flow supports profitability, General quality ROE support","Negative revenue growth, Negative free cash flow"
06.09.2026 at 01:31 PM IST,ORIENTBELL,Orient Bell Limited,Industrials,Building Products & Equipment,6188697600.0,618.87,29.36,,1.88,9.49,,,5.95,2.81,54.02,42.6,,,,592715008.0,59.27,312020000.0,31.2,,,,,24.0,0.2,CAPITAL_GOODS_INFRA,0,10,12,0,10,5,27,8,35,"Strong revenue growth, Cash covers debt, Low debt, Strong capital goods revenue growth, Manageable capital goods debt",Abnormally high dividend yield
06.09.2026 at 01:31 PM IST,SHADOWFAX,Shadowfax Technologies Limited,Industrials,Integrated Freight & Logistics,152960663552.0,15296.07,90.52,37.99,8.78,14.16,,,3.83,3.57,90.86,64.9,6.33,,,11200000000.0,1120.0,2470799872.0,247.08,,,,,,,CAPITAL_GOODS_INFRA,0,12,12,0,3,0,27,8,35,"Strong revenue growth, Cash covers debt, Low debt, Forward PE improving, Strong capital goods revenue growth, Manageable capital goods debt",Very high PE
06.09.2026 at 01:31 PM IST,CSLFINANCE,CSL Finance Limited,Financial Services,Credit Services,5666846208.0,566.68,6.65,,0.92,137.67,,,77.31,32.51,95.44,15.9,3.9,,,926886016.0,92.69,8556990976.0,855.7,,,,,1.19,0.46,FINANCIAL,12,10,2,0,11,0,35,0,35,"Strong operating margin, Strong revenue growth",
06.09.2026 at 01:31 PM IST,GULPOLY,Gulshan Polyols Limited,Basic Materials,Chemicals,11640115200.0,1164.01,7.92,,1.62,43.5,,,11.63,6.25,36.05,7.9,306.6,,,281040000.0,28.1,3125575936.0,312.56,,,,,81.0,0.38,CHEMICALS,6,12,7,0,12,5,32,3,35,"Strong earnings growth, Low debt, Controlled chemical debt",Abnormally high dividend yield
06.09.2026 at 01:31 PM IST,NBCC,NBCC (India) Limited,Industrials,Engineering & Construction,233819996160.0,23382.0,31.49,30.93,7.78,0.01,,,9.31,5.69,12.39,-5.9,16.3,,,65157222400.0,6515.72,2579000.0,0.26,,,,,1.25,0.67,CAPITAL_GOODS_INFRA,0,8,12,0,8,0,28,7,35,"Strong earnings growth, Cash covers debt, Low debt, Forward PE improving, Strong capital goods earnings growth, Manageable capital goods debt",Negative revenue growth
06.09.2026 at 01:31 PM IST,HONAUT,Honeywell Automation India Limited,Industrials,Electrical Equipment & Parts,314965983232.0,31496.6,57.05,42.89,7.05,2.48,,,13.2,11.72,38.95,1.8,20.9,,,38050000896.0,3805.0,1104999936.0,110.5,,,,,31.0,0.5,CAPITAL_GOODS_INFRA,6,8,12,0,7,5,28,7,35,"Strong earnings growth, Cash covers debt, Low debt, Forward PE improving, Strong capital goods earnings growth, Manageable capital goods debt",Abnormally high dividend yield
06.09.2026 at 01:31 PM IST,360ONE,360 One Wam Limited,Financial Services,Asset Management,463400861696.0,46340.09,37.74,27.76,4.69,161.98,,,61.07,26.46,72.87,29.9,12.8,,,14815899648.0,1481.59,159313100800.0,15931.31,,,,,1.58,0.47,FINANCIAL,12,15,0,0,8,0,35,0,35,"Strong operating margin, Strong revenue growth, Forward PE improving",
06.09.2026 at 01:31 PM IST,GOCLCORP,GOCL Corporation Limited,Basic Materials,Specialty Chemicals,21241810944.0,2124.18,7.88,,0.68,0.02,,,-142.67,31.89,53.98,26.3,-96.7,,,939606016.0,93.96,6152000.0,0.62,,,,,7.02,0.79,CHEMICALS,6,10,12,0,12,8,32,3,35,"Strong revenue growth, Cash covers debt, Low debt, Chemical revenue growth support, Controlled chemical debt","Negative earnings growth, Chemical earnings weakness"
06.09.2026 at 01:31 PM IST,MUNJALSHOW,Munjal Showa Limited,Consumer Cyclical,Auto Parts,5191351296.0,519.14,20.87,,0.77,,,,-0.06,1.8,21.43,21.5,35.7,,,3193910016.0,319.39,0.0,0.0,,,,,3.48,0.35,AUTO,0,18,3,0,10,0,31,4,35,"Strong revenue growth, Strong earnings growth, Net cash position, Auto revenue growth support",
06.09.2026 at 01:31 PM IST,JSWSTEEL,JSW Steel Limited,Basic Materials,Steel,3234295971840.0,323429.6,13.07,18.19,3.23,95.37,,,15.3,13.06,42.29,9.8,113.0,,,490080010240.0,49008.0,1005959970816.0,100596.0,,,,,54.0,0.63,METALS_MINING,8,15,4,0,10,5,32,2,34,"Strong earnings growth, Commodity dividend support","Forward PE deterioration, Abnormally high dividend yield"
06.09.2026 at 01:31 PM IST,J&KBANK,Jammu and Kashmir Bank Limited,Financial Services,Banks - Regional,165507727360.0,16550.77,7.19,5.96,1.0,,14.61,1.25,23.3,34.22,0.0,,,,,,,,,,,,,1.43,0.46,BANK,15,0,0,0,14,0,29,5,34,"Strong operating margin, Forward PE improving, Healthy bank ROA",
06.09.2026 at 01:31 PM IST,TBZ,Tribhovandas Bhimji Zaveri Limited,Consumer Cyclical,Luxury Goods,32087418880.0,3208.74,15.02,161.9,3.83,105.73,,,7.58,6.25,17.59,34.8,61.8,,,1018267008.0,101.83,8862133248.0,886.21,,,,,52.0,0.44,CONSUMER_DISCRETIONARY,3,20,2,0,10,5,30,4,34,"Strong revenue growth, Strong earnings growth, Consumer discretionary growth support","Forward PE deterioration, Abnormally high dividend yield"
06.09.2026 at 01:31 PM IST,MUFIN,Mufin Green Finance Limited,Financial Services,Credit Services,27122458624.0,2712.25,63.66,,4.19,243.19,,,57.06,41.07,101.08,49.0,268.4,,,2427653888.0,242.77,13975982080.0,1397.6,,,,,,-0.34,FINANCIAL,12,20,0,0,2,8,26,8,34,"Strong operating margin, Strong revenue growth, Strong earnings growth, Financial leverage treated differently, Strong financial earnings growth",Very high debt
06.09.2026 at 01:31 PM IST,SARLAPOLY,Sarla Performance Fibers Limited,Consumer Cyclical,Textile Manufacturing,7942349824.0,794.23,212.55,,1.91,39.89,,,18.75,0.47,53.45,10.6,76.1,,,865673984.0,86.57,2052915968.0,205.29,,,,,2.0,0.47,CONSUMER_DISCRETIONARY,5,15,7,0,6,5,28,6,34,"Strong operating margin, Strong earnings growth, Low debt, Healthy discretionary margin, Controlled discretionary debt",Very high PE
06.09.2026 at 01:31 PM IST,CAMPUS,Campus Activewear Limited,Consumer Cyclical,Footwear & Accessories,67845611520.0,6784.56,43.95,32.43,7.48,26.06,,,8.32,8.48,52.29,12.2,19.4,,,1287000064.0,128.7,2361600000.0,236.16,,,,,67.0,0.12,CONSUMER_DISCRETIONARY,3,13,9,0,7,5,27,7,34,"Strong earnings growth, Reasonable cash coverage, Low debt, Forward PE improving, Consumer discretionary growth support, Controlled discretionary debt",Abnormally high dividend yield
06.09.2026 at 01:31 PM IST,AUTOIND,Autoline Industries Limited,Consumer Cyclical,Auto Parts,3941761024.0,394.18,9.78,13.16,2.0,164.64,,,4.7,4.25,32.52,74.7,266.7,,,85700000.0,8.57,3245400064.0,324.54,,,,,,0.28,AUTO,0,20,0,0,10,0,30,4,34,"Strong revenue growth, Strong earnings growth, Auto revenue growth support",Forward PE deterioration
06.09.2026 at 01:31 PM IST,PDSL,PDS Limited,Industrials,Specialty Business Services,50845466624.0,5084.55,43.48,31.86,2.88,67.99,,,1.74,0.87,20.67,14.8,46.2,,,10360357888.0,1036.04,12640018432.0,1264.0,,,,,92.0,0.09,CAPITAL_GOODS_INFRA,0,15,6,0,11,5,27,7,34,"Strong earnings growth, Reasonable cash coverage, Forward PE improving, Strong capital goods earnings growth, Manageable capital goods debt",Abnormally high dividend yield
06.09.2026 at 01:31 PM IST,KPIL,Kalpataru Projects International Limited,Industrials,Engineering & Construction,240447750144.0,24044.78,21.16,15.34,3.09,45.81,,,6.64,4.15,27.78,3.8,45.2,,,19881500672.0,1988.15,35426201600.0,3542.62,,,,,78.0,0.46,CAPITAL_GOODS_INFRA,0,12,9,0,11,5,27,7,34,"Strong earnings growth, Reasonable cash coverage, Low debt, Forward PE improving, Strong capital goods earnings growth, Manageable capital goods debt",Abnormally high dividend yield
06.09.2026 at 01:31 PM IST,VIKASLIFE,Vikas Lifecare Limited,Consumer Defensive,Farm Products,2414969088.0,241.5,13.0,,0.44,19.14,3.39,-3.75,-16.44,3.69,3.14,24.7,,1.65,0.9,10796000.0,1.08,1054489984.0,105.45,-364365504.0,-36.44,3096335872.0,309.63,,0.35,GENERAL,0,8,13,9,10,10,30,4,34,"Strong revenue growth, Low debt, Positive operating cash flow, General low debt support, General growth support",Negative free cash flow
06.09.2026 at 01:31 PM IST,KOTHARIPET,Kothari Petrochemicals Limited,Basic Materials,Specialty Chemicals,7679455232.0,767.95,10.68,,2.06,0.6,,,13.46,12.46,30.63,-8.8,-3.3,,,326558016.0,32.66,22378000.0,2.24,,,,,1.53,0.33,CHEMICALS,8,0,12,0,11,0,31,3,34,"Cash covers debt, Low debt, Controlled chemical debt","Negative revenue growth, Negative earnings growth"
06.09.2026 at 01:31 PM IST,APOLLOHOSP,Apollo Hospitals Enterprise Limited,Healthcare,Medical Care Facilities,1243737227264.0,124373.72,59.52,39.7,13.12,85.15,,,12.17,7.91,35.21,20.6,34.1,,,18559000576.0,1855.9,84929003520.0,8492.9,,,,,23.0,0.2,PHARMA_HEALTHCARE,6,18,4,0,7,5,30,4,34,"Strong revenue growth, Strong earnings growth, Forward PE improving, Healthcare growth support","Expensive price-to-book, Abnormally high dividend yield"
06.09.2026 at 01:31 PM IST,TARIL,Transformers and Rectifiers (India) Limited,Industrials,Electrical Equipment & Parts,90650075136.0,9065.01,34.01,23.53,5.85,29.59,,,15.12,10.13,31.88,8.1,-8.5,,,2923099904.0,292.31,4566499840.0,456.65,,,,,8.0,-0.25,CAPITAL_GOODS_INFRA,6,5,9,0,11,0,31,3,34,"Reasonable cash coverage, Low debt, Forward PE improving, Manageable capital goods debt",Negative earnings growth
06.09.2026 at 01:31 PM IST,JYOTISTRUC,Jyoti Structures Limited,Industrials,Specialty Industrial Machinery,12044028928.0,1204.4,18.69,,2.54,439.05,,,7.07,7.6,24.03,61.0,74.0,,,973400000.0,97.34,20837500928.0,2083.75,,,,,,0.48,CAPITAL_GOODS_INFRA,3,20,0,0,10,8,25,9,34,"Strong revenue growth, Strong earnings growth, Strong capital goods revenue growth, Strong capital goods earnings growth",Very high debt
06.09.2026 at 01:31 PM IST,DIXON,Dixon Technologies (India) Limited,Technology,Consumer Electronics,865818968064.0,86581.9,46.3,50.63,15.86,18.46,,,2.29,3.64,6.87,21.1,154.6,,,12413700096.0,1241.37,9942200320.0,994.22,,,,,7.0,-0.15,IT_TECH,0,18,12,0,4,0,34,0,34,"Strong revenue growth, Strong earnings growth, Cash covers debt, Low debt",Expensive price-to-book
06.09.2026 at 01:31 PM IST,CENTEXT,Century Extrusions Limited,Basic Materials,Aluminum,1640000000.0,164.0,13.31,,1.98,82.3,,,6.21,2.41,20.1,32.8,56.7,,,66300000.0,6.63,682300032.0,68.23,,,,,,0.13,METALS_MINING,0,20,4,0,10,0,34,0,34,"Strong revenue growth, Strong earnings growth",
06.09.2026 at 01:31 PM IST,CANBK,Canara Bank,Financial Services,Banks - Regional,1138366742528.0,113836.67,5.73,5.39,0.97,,,,44.14,43.13,0.0,-12.9,62.2,,,1555679936512.0,155567.99,1552876830720.0,155287.68,,,,,3.35,0.5,BANK,12,10,3,0,15,6,34,0,34,"Strong operating margin, Strong earnings growth, Cash covers debt, Forward PE improving",Negative revenue growth
06.09.2026 at 01:31 PM IST,SUMICHEM,Sumitomo Chemical India Limited,Basic Materials,Agricultural Inputs,247825858560.0,24782.59,42.84,34.01,7.31,1.86,,,20.32,17.86,41.83,0.6,20.4,,,12887329792.0,1288.73,633000000.0,63.3,,,,,26.0,0.21,GENERAL,10,8,12,0,7,5,32,2,34,"Strong operating margin, Strong earnings growth, Cash covers debt, Low debt, Forward PE improving, General low debt support",Abnormally high dividend yield
06.09.2026 at 01:31 PM IST,YASHO,Yasho Industries Limited,Basic Materials,Specialty Chemicals,49920192512.0,4992.02,86.36,,11.25,125.68,,,19.16,6.14,39.13,54.9,8.9,,,35164000.0,3.52,5579323904.0,557.93,,,,,1.0,0.4,CHEMICALS,8,15,2,0,1,0,26,8,34,"Strong operating margin, Strong revenue growth, Strong chemical margin, Chemical revenue growth support","Very high PE, Expensive price-to-book"
06.09.2026 at 01:31 PM IST,RPTECH,Rashi Peripherals Limited,Technology,Electronics & Computer Distribution,54771458048.0,5477.15,17.51,,2.68,48.65,,,2.92,1.8,5.29,61.9,64.0,,,812110016.0,81.21,9906310144.0,990.63,,,,,24.0,0.79,IT_TECH,0,20,7,0,12,5,34,0,34,"Strong revenue growth, Strong earnings growth, Low debt",Abnormally high dividend yield
06.09.2026 at 01:31 PM IST,PATELRMART,Patel Retail Limited,Consumer Cyclical,Department Stores,7311375360.0,731.14,15.86,,2.01,44.93,,,4.72,3.54,15.77,69.7,2.5,,,233812992.0,23.38,1634914944.0,163.49,,,,,,,CONSUMER_DISCRETIONARY,0,10,7,0,10,0,27,7,34,"Strong revenue growth, Low debt, Consumer discretionary growth support, Controlled discretionary debt",
06.09.2026 at 01:31 PM IST,NIITLTD,NIIT Limited,Consumer Defensive,Education & Training Services,13576079360.0,1357.61,145.74,31.97,1.28,0.65,,,-13.88,2.24,55.54,13.7,87.1,,,6810890240.0,681.09,69520000.0,6.95,,,,,1.01,0.09,GENERAL,0,15,12,0,8,5,30,4,34,"Strong earnings growth, Cash covers debt, Low debt, Forward PE improving, General low debt support, General growth support",Very high PE
06.09.2026 at 01:31 PM IST,MEDICAMEQ,Medicamen Biotech Limited,Healthcare,Drug Manufacturers - Specialty & Generic,3685694976.0,368.57,36.72,,1.16,17.34,,,6.97,4.66,51.4,12.1,15.3,,,312641984.0,31.26,477836000.0,47.78,,,,,37.0,0.73,PHARMA_HEALTHCARE,0,13,11,0,8,5,27,7,34,"Strong earnings growth, Reasonable cash coverage, Low debt, Healthcare growth support, Controlled healthcare debt",Abnormally high dividend yield
06.09.2026 at 01:31 PM IST,BAJAJHLDNG,Bajaj Holdings & Investment Limited,Financial Services,Asset Management,1242258210816.0,124225.82,14.03,,1.7,0.01,11.6,,84.84,7.35,98.98,24.2,-22.4,,,1005600000.0,100.56,96200000.0,9.62,,,,,1.43,0.15,FINANCIAL,11,8,12,0,11,8,34,0,34,"Strong operating margin, Strong revenue growth, Cash covers debt, Low debt",Negative earnings growth
06.09.2026 at 01:31 PM IST,TREJHARA,Trejhara Solutions Limited,Technology,Software - Application,3700715776.0,370.07,28.74,,1.18,7.64,,,8.04,7.17,15.08,6.82,334.8,,,205050000.0,20.5,227443008.0,22.74,,,,,,0.14,IT_TECH,3,12,11,0,8,0,34,0,34,"Strong earnings growth, Reasonable cash coverage, Low debt",
06.09.2026 at 01:31 PM IST,EMKAY,Emkay Global Financial Services Limited,Financial Services,Capital Markets,7389380096.0,738.94,39.5,,1.84,26.36,,,9.52,4.88,78.98,22.6,68.7,,,850788992.0,85.08,1003276992.0,100.33,,,,,56.0,0.39,FINANCIAL,0,18,9,0,8,5,30,4,34,"Strong revenue growth, Strong earnings growth, Reasonable cash coverage, Low debt, Strong financial earnings growth",Abnormally high dividend yield
06.09.2026 at 01:31 PM IST,NGIL,Nakoda Group of Industries Limited,Consumer Defensive,Packaged Foods,697137536.0,69.71,41.41,,2.37,44.65,,,8.1,3.66,17.55,20.1,88.9,,,486000.0,0.05,129310000.0,12.93,,,,,,0.45,FMCG_CONSUMER,0,18,7,0,6,0,31,3,34,"Strong revenue growth, Strong earnings growth, Low debt, Low debt consumer business",
06.09.2026 at 01:31 PM IST,SKIPPER,Skipper Limited,Industrials,Engineering & Construction,66810961920.0,6681.1,29.71,19.34,4.45,63.56,,,9.0,4.01,23.75,4.5,25.4,,,319420000.0,31.94,9477820416.0,947.78,,,,,2.0,0.65,CAPITAL_GOODS_INFRA,0,12,4,0,11,0,27,7,34,"Strong earnings growth, Forward PE improving, Strong capital goods earnings growth, Manageable capital goods debt",
06.09.2026 at 01:31 PM IST,TATATECH,Tata Technologies Limited,Technology,Information Technology Services,325653561344.0,32565.36,58.28,34.02,8.3,23.91,,,13.26,9.4,24.55,33.8,6.2,,,15765199872.0,1576.52,9379800064.0,937.98,,,,,1.04,0.85,IT_TECH,6,12,10,0,6,0,34,0,34,"Strong revenue growth, Cash covers debt, Low debt, Forward PE improving",
06.09.2026 at 01:31 PM IST,SHARDAMOTR,Sharda Motor Industries Limited,Consumer Cyclical,Auto Parts,50670940160.0,5067.09,15.25,,3.86,3.74,,,8.75,9.09,22.38,33.7,-13.4,,,9908697088.0,990.87,491534016.0,49.15,,,,,2.27,0.58,AUTO,3,10,12,0,10,8,27,7,34,"Strong revenue growth, Cash covers debt, Low debt, Auto revenue growth support, Manageable auto debt",Negative earnings growth
06.09.2026 at 01:31 PM IST,INNOVISION,Innovision Limited,Industrials,Staffing & Employment Services,6054530048.0,605.45,15.13,,4.7,42.51,,,-4.01,1.7,4.83,18.3,,,,2191680000.0,219.17,1250569984.0,125.06,,,,,,,CAPITAL_GOODS_INFRA,0,8,10,0,8,0,26,8,34,"Strong revenue growth, Cash covers debt, Low debt, Strong capital goods revenue growth, Manageable capital goods debt",
06.09.2026 at 01:31 PM IST,PVP,PVP Ventures Limited,Industrials,Conglomerates,17743906816.0,1774.39,358.63,,8.13,64.73,,,15.69,4.23,75.65,165.2,45.0,,,513367008.0,51.34,2571718912.0,257.17,,,,,,0.65,CAPITAL_GOODS_INFRA,3,20,4,0,0,5,22,12,34,"Strong revenue growth, Strong earnings growth, Strong capital goods revenue growth, Strong capital goods earnings growth, Manageable capital goods debt",Very high PE
06.09.2026 at 01:31 PM IST,ANDHRSUGAR,The Andhra Sugars Limited,Basic Materials,Chemicals,13485771776.0,1348.58,12.96,,0.8,0.03,,,8.55,4.23,27.22,4.6,94.2,,,4203663104.0,420.37,5603000.0,0.56,,,,,80.0,0.38,CHEMICALS,0,12,12,0,12,5,31,3,34,"Strong earnings growth, Cash covers debt, Low debt, Controlled chemical debt",Abnormally high dividend yield
06.09.2026 at 01:31 PM IST,LOKESHMACH,Lokesh Machines Limited,Industrials,Specialty Industrial Machinery,7999414784.0,799.94,165.32,,3.21,74.22,,,10.36,2.05,38.94,15.4,113.0,,,2193000.0,0.22,1694344960.0,169.43,,,,,,0.3,CAPITAL_GOODS_INFRA,3,18,4,0,2,5,22,12,34,"Strong revenue growth, Strong earnings growth, Strong capital goods revenue growth, Strong capital goods earnings growth, Manageable capital goods debt",Very high PE
06.09.2026 at 01:31 PM IST,ABCOTS,A B Cotspin India Limited,Consumer Cyclical,Textile Manufacturing,4546469376.0,454.65,32.5,,2.97,95.83,,,8.52,4.19,25.44,51.4,21.5,,,16102000.0,1.61,1468244992.0,146.82,,,,,,-0.66,CONSUMER_DISCRETIONARY,0,18,4,0,8,0,30,4,34,"Strong revenue growth, Strong earnings growth, Consumer discretionary growth support",
06.09.2026 at 01:31 PM IST,CELLO,Cello World Limited,Consumer Cyclical,"Furnishings, Fixtures & Appliances",75664171008.0,7566.42,23.85,17.62,2.8,1.41,,,17.49,13.96,48.99,-0.3,-1.8,,,7254198784.0,725.42,381135008.0,38.11,,,,,44.0,0.25,CONSUMER_DISCRETIONARY,8,0,12,0,13,5,28,6,34,"Cash covers debt, Low debt, Forward PE improving, Healthy discretionary margin, Controlled discretionary debt","Negative revenue growth, Negative earnings growth, Abnormally high dividend yield"
06.09.2026 at 01:31 PM IST,AEROPLANE,Amir Chand Jagdish Kumar (Exports) Limited,Consumer Defensive,Farm Products,20316813312.0,2031.68,33.42,,1.8,82.03,,,9.09,4.91,14.84,55.1,81.1,,,2569580032.0,256.96,7580850176.0,758.09,,,,,,,GENERAL,0,20,4,0,8,0,32,2,34,"Strong revenue growth, Strong earnings growth, General growth support",
06.09.2026 at 01:31 PM IST,SBICARD,SBI Cards and Payment Services Limited,Financial Services,Credit Services,626419040256.0,62641.9,27.55,18.52,3.99,280.21,,,26.67,18.2,24.65,23.4,19.5,,,23197800448.0,2319.78,440637292544.0,44063.73,,,,,38.0,0.24,FINANCIAL,12,16,0,0,11,13,26,8,34,"Strong operating margin, Strong revenue growth, Strong earnings growth, Forward PE improving, Financial leverage treated differently, Strong financial earnings growth","Very high debt, Abnormally high dividend yield"
06.09.2026 at 01:31 PM IST,UDS,Updater Services Limited,Industrials,Specialty Business Services,16097137664.0,1609.71,18.46,12.31,1.52,4.25,,,4.37,2.89,18.25,9.1,2.5,,,3244280064.0,324.43,449089984.0,44.91,,,,,1.67,0.73,CAPITAL_GOODS_INFRA,0,5,12,0,14,0,31,3,34,"Cash covers debt, Low debt, Forward PE improving, Manageable capital goods debt",
06.09.2026 at 01:31 PM IST,GRASIM,Grasim Industries Limited,Basic Materials,Building Materials,2253155467264.0,225315.55,39.68,22.0,2.18,135.04,,,18.81,3.09,56.36,21.4,51.3,,,229705793536.0,22970.58,2293929869312.0,229392.99,,,,,30.0,0.36,CEMENT_REALTY,5,18,2,0,11,5,31,3,34,"Strong operating margin, Strong revenue growth, Strong earnings growth, Forward PE improving, Healthy cement/realty margin",Abnormally high dividend yield
06.09.2026 at 01:31 PM IST,BHEL,Bharat Heavy Electricals Limited,Industrials,Specialty Industrial Machinery,1501117546496.0,150111.75,61.76,31.28,5.74,31.31,,,5.48,6.76,31.47,40.3,,,,112016498688.0,11201.65,81869496320.0,8186.95,,,,,32.0,0.84,CAPITAL_GOODS_INFRA,3,10,10,0,7,5,25,8,33,"Strong revenue growth, Cash covers debt, Low debt, Forward PE improving, Strong capital goods revenue growth, Manageable capital goods debt",Abnormally high dividend yield
06.09.2026 at 01:31 PM IST,AWFIS,Awfis Space Solutions Limited,Industrials,Rental & Leasing Services,18745976832.0,1874.6,22.07,13.79,3.39,271.73,,,11.56,5.36,83.63,27.0,138.6,,,895870016.0,89.59,15011720192.0,1501.17,,,,,,1.05,CAPITAL_GOODS_INFRA,3,20,0,0,9,8,24,9,33,"Strong revenue growth, Strong earnings growth, Forward PE improving, Strong capital goods revenue growth, Strong capital goods earnings growth",Very high debt
06.09.2026 at 01:31 PM IST,ADANIENSOL,Adani Energy Solutions Limited,Utilities,Utilities - Independent Power Producers,1723876638720.0,172387.66,58.13,38.99,6.66,194.5,,,24.95,9.58,43.66,42.4,124.1,,,48825597952.0,4882.56,515923509248.0,51592.35,,,,,,0.65,ENERGY_UTILITIES,8,20,0,0,5,0,33,0,33,"Strong operating margin, Strong revenue growth, Strong earnings growth, Forward PE improving",
06.09.2026 at 01:31 PM IST,NAVA,Nava Limited,Industrials,Conglomerates,158754209792.0,15875.42,20.92,,1.81,20.68,,,35.09,17.54,52.98,1.6,-10.0,,,34930257920.0,3493.03,22264098816.0,2226.41,,,,,1.52,0.44,CAPITAL_GOODS_INFRA,11,0,10,0,9,0,30,3,33,"Strong operating margin, Cash covers debt, Low debt, Manageable capital goods debt",Negative earnings growth
06.09.2026 at 01:31 PM IST,CANHLIFE,Canara HSBC Life Insurance Company Limited,Financial Services,Insurance - Life,148470890496.0,14847.09,113.55,82.47,9.11,15.3,8.28,0.2,0.85,1.07,12.43,18.3,20.2,2.91,2.21,22577600512.0,2257.76,2500000000.0,250.0,,,,,25.0,,FINANCIAL,2,16,20,0,5,10,33,0,33,"Strong revenue growth, Strong earnings growth, Cash covers debt, Low debt, Forward PE improving, Strong financial earnings growth","Very high PE, Abnormally high dividend yield, Expensive financial P/B"
06.09.2026 at 01:31 PM IST,AMNPLST,Amines & Plasticizers Limited,Basic Materials,Chemicals,9507456000.0,950.75,24.69,,3.25,9.31,,,8.97,6.64,24.77,7.3,27.4,,,531457984.0,53.15,272137984.0,27.21,,,,,29.0,0.15,CHEMICALS,3,12,12,0,8,5,30,3,33,"Strong earnings growth, Cash covers debt, Low debt, Controlled chemical debt",Abnormally high dividend yield
06.09.2026 at 01:31 PM IST,ASPINWALL,Aspinwall and Company Limited,Consumer Defensive,Farm Products,2013600000.0,201.36,12.8,,1.0,39.55,,,-0.36,3.57,39.68,25.8,,,,160800000.0,16.08,794600000.0,79.46,,,,,2.51,-0.01,GENERAL,0,10,7,0,12,0,29,4,33,"Strong revenue growth, Low debt, General low debt support, General growth support",
06.09.2026 at 01:31 PM IST,SIMPLEXINF,Simplex Infrastructures Limited,Industrials,Engineering & Construction,21672124416.0,2167.21,46.68,,2.18,167.84,,,4.56,4.29,34.52,19.8,100.0,,,1815299968.0,181.53,16416600064.0,1641.66,,,,,,0.69,CAPITAL_GOODS_INFRA,0,18,0,0,6,0,24,9,33,"Strong revenue growth, Strong earnings growth, Strong capital goods revenue growth, Strong capital goods earnings growth",
06.09.2026 at 01:31 PM IST,INDUSINDBK,IndusInd Bank Limited,Financial Services,Banks - Regional,785763270656.0,78576.33,59.53,12.76,1.19,,,,27.31,7.65,0.0,1.0,71.7,,,489323495424.0,48932.35,427891884032.0,42789.19,,,,,15.0,0.49,BANK,9,10,3,0,11,0,33,0,33,"Strong operating margin, Strong earnings growth, Cash covers debt, Forward PE improving",
06.09.2026 at 01:31 PM IST,PATELENG,Patel Engineering Limited,Industrials,Engineering & Construction,26072801280.0,2607.28,9.32,6.5,0.64,27.38,,,11.96,5.57,26.36,3.8,8.0,,,5501060096.0,550.11,12160889856.0,1216.09,,,,,,0.54,CAPITAL_GOODS_INFRA,3,7,7,0,13,0,30,3,33,"Low debt, Forward PE improving, Manageable capital goods debt",
06.09.2026 at 01:31 PM IST,KRN,KRN Heat Exchanger and Refrigeration Limited,Technology,Electronic Components,103496417280.0,10349.64,102.2,45.43,17.16,32.63,,,16.88,13.15,32.56,118.9,160.0,,,464439008.0,46.44,1873127040.0,187.31,,,,,,,IT_TECH,8,20,7,0,3,5,33,0,33,"Strong revenue growth, Strong earnings growth, Low debt, Forward PE improving","Very high PE, Expensive price-to-book"
06.09.2026 at 01:31 PM IST,GANDHAR,Gandhar Oil Refinery (India) Limited,Energy,Oil & Gas Refining & Marketing,26231713792.0,2623.17,8.7,,1.94,22.51,,,15.79,5.95,14.92,91.8,6.33,,,1316899968.0,131.69,3150700032.0,315.07,,,,,1.21,0.53,ENERGY_UTILITIES,3,12,7,0,11,0,33,0,33,"Strong revenue growth, Low debt",
06.09.2026 at 01:31 PM IST,LTTS,L&T Technology Services Limited,Technology,Information Technology Services,369352048640.0,36935.2,28.89,21.43,5.7,8.91,,,15.69,11.68,40.76,2.6,12.8,,,30784000000.0,3078.4,5784999936.0,578.5,,,,,1.66,0.15,IT_TECH,6,5,12,0,10,0,33,0,33,"Cash covers debt, Low debt, Forward PE improving",
06.09.2026 at 01:31 PM IST,AVALON,Avalon Technologies Limited,Technology,Electronic Components,146091016192.0,14609.1,109.27,59.91,20.22,29.5,,,10.19,7.45,35.31,49.8,145.3,,,1430710016.0,143.07,2129229952.0,212.92,,,,,,,IT_TECH,6,20,9,0,3,5,33,0,33,"Strong revenue growth, Strong earnings growth, Reasonable cash coverage, Low debt, Forward PE improving","Very high PE, Expensive price-to-book"
06.09.2026 at 01:31 PM IST,SANSTAR,Sanstar Limited,Basic Materials,Chemicals,22141673472.0,2214.17,45.69,,2.9,2.87,,,4.91,5.36,32.14,22.1,,,,1607200000.0,160.72,199000000.0,19.9,,,,,,1.2,CHEMICALS,0,8,12,0,6,0,26,7,33,"Strong revenue growth, Cash covers debt, Low debt, Chemical revenue growth support, Controlled chemical debt",
06.09.2026 at 01:31 PM IST,CORDSCABLE,Cords Cable Industries Limited,Industrials,Electrical Equipment & Parts,4082592768.0,408.26,16.6,,2.03,55.4,,,5.26,2.52,17.45,9.5,102.4,,,278449984.0,27.84,1117644032.0,111.76,,,,,38.0,0.81,CAPITAL_GOODS_INFRA,0,15,4,0,12,5,26,7,33,"Strong earnings growth, Strong capital goods earnings growth, Manageable capital goods debt",Abnormally high dividend yield
06.09.2026 at 01:31 PM IST,IGARASHI,Igarashi Motors India Limited,Consumer Cyclical,Auto Parts,13345420288.0,1334.54,81.54,,2.86,31.47,,,3.51,1.8,32.14,22.5,168.8,,,31103000.0,3.11,1468571008.0,146.86,,,,,31.0,0.41,AUTO,0,18,7,0,6,5,26,7,33,"Strong revenue growth, Strong earnings growth, Low debt, Auto revenue growth support, Manageable auto debt","Very high PE, Abnormally high dividend yield"
06.09.2026 at 01:31 PM IST,THANGAMAYL,Thangamayil Jewellery Limited,Consumer Cyclical,Luxury Goods,166257721344.0,16625.77,42.51,29.38,11.74,64.49,,,4.86,4.07,10.28,71.2,86.1,,,1241799936.0,124.18,9132099584.0,913.21,,,,,34.0,0.56,CONSUMER_DISCRETIONARY,0,20,4,0,7,5,26,7,33,"Strong revenue growth, Strong earnings growth, Forward PE improving, Consumer discretionary growth support, Controlled discretionary debt","Expensive price-to-book, Abnormally high dividend yield"
06.09.2026 at 01:31 PM IST,PAYTM,One97 Communications Limited,Technology,Software - Infrastructure,1063960444928.0,106396.04,163.98,52.5,6.64,1.07,,,2.94,7.25,36.98,27.7,79.9,,,145910005760.0,14591.0,1720000000.0,172.0,,,,,,-0.27,IT_TECH,3,20,12,0,3,5,33,0,33,"Strong revenue growth, Strong earnings growth, Cash covers debt, Low debt, Forward PE improving",Very high PE
06.09.2026 at 01:31 PM IST,RKSWAMY,R K Swamy Limited,Communication Services,Advertising Agencies,4744860672.0,474.49,20.89,,1.8,21.32,,,4.02,6.54,32.23,7.8,21.1,,,919529984.0,91.95,563425024.0,56.34,,,,,2.12,1.06,TELECOM,3,10,10,0,10,0,33,0,33,"Strong earnings growth, Cash covers debt, Low debt",
06.09.2026 at 01:31 PM IST,SUYOG,Suyog Telematics Limited,Communication Services,Telecom Services,8612083712.0,861.21,14.82,,1.76,75.81,,,34.94,26.66,81.48,30.0,-19.0,,,175640992.0,17.56,3711585024.0,371.16,,,,,14.0,0.34,TELECOM,12,10,4,0,12,8,30,3,33,"Strong operating margin, Strong revenue growth, Telecom revenue growth support",Negative earnings growth
06.09.2026 at 01:31 PM IST,JAGRAN,Jagran Prakashan Limited,Communication Services,Publishing,13272557568.0,1327.26,7.04,6.04,0.66,5.16,,,10.53,9.85,52.35,8.5,-12.6,,,8766917632.0,876.69,1098740992.0,109.87,,,,,11.48,0.38,TELECOM,6,5,12,0,15,8,30,3,33,"Cash covers debt, Low debt, Forward PE improving, Telecom revenue growth support",Negative earnings growth
06.09.2026 at 01:31 PM IST,IRFC,Indian Railway Finance Corporation Limited,Financial Services,Credit Services,1089913421824.0,108991.34,15.19,11.42,1.92,773.35,,,97.76,97.27,100.0,10.3,9.7,,,34541801472.0,3454.18,4388650483712.0,438865.05,,,,,3.48,0.31,FINANCIAL,12,10,0,0,15,8,29,4,33,"Strong operating margin, Forward PE improving, Financial leverage treated differently",Very high debt
06.09.2026 at 01:31 PM IST,YESBANK,Yes Bank Limited,Financial Services,Banks - Regional,706225242112.0,70622.52,18.75,12.37,1.35,,7.47,0.86,54.69,23.18,0.0,19.8,11.8,,,,,,,,,,,,0.48,BANK,12,13,0,0,13,0,38,-5,33,"Strong operating margin, Strong revenue growth, Forward PE improving",Weak bank ROE
06.09.2026 at 01:31 PM IST,TITAN,Titan Company Limited,Consumer Cyclical,Luxury Goods,4454307856384.0,445430.79,77.52,56.45,28.38,195.0,,,12.33,6.23,20.47,29.3,62.8,,,38610001920.0,3861.0,306210013184.0,30621.0,,,,,30.0,0.18,CONSUMER_DISCRETIONARY,6,20,0,0,5,5,26,7,33,"Strong revenue growth, Strong earnings growth, Forward PE improving, Consumer discretionary growth support, Healthy discretionary margin","Expensive price-to-book, Abnormally high dividend yield"
06.09.2026 at 01:31 PM IST,SUBROS,Subros Limited,Consumer Cyclical,Auto Parts,46346739712.0,4634.67,27.89,19.36,3.73,6.01,,,5.04,4.25,26.69,17.5,1.6,,,1400700032.0,140.07,747600000.0,74.76,,,,,42.0,0.55,AUTO,0,8,12,0,11,5,26,7,33,"Strong revenue growth, Cash covers debt, Low debt, Forward PE improving, Auto revenue growth support, Manageable auto debt",Abnormally high dividend yield
06.09.2026 at 01:31 PM IST,FORTIS,Fortis Healthcare Limited,Healthcare,Medical Care Facilities,683237113856.0,68323.71,65.34,39.78,6.9,34.15,,,16.32,11.02,59.39,17.5,2.3,,,5586745856.0,558.67,34725834752.0,3472.58,,,,,11.0,0.65,PHARMA_HEALTHCARE,6,8,7,0,5,0,26,7,33,"Strong revenue growth, Low debt, Forward PE improving, Healthcare growth support, Controlled healthcare debt",
06.09.2026 at 01:31 PM IST,IRIS,IRIS RegTech Solutions Limited,Technology,Software - Application,5450585600.0,545.06,4.96,,2.72,0.83,,,-9.46,92.13,45.56,9.7,,,,1029500032.0,102.95,16600000.0,1.66,,,,,,0.83,IT_TECH,6,5,12,0,10,0,33,0,33,"Cash covers debt, Low debt",
06.09.2026 at 01:31 PM IST,UNIONBANK,Union Bank of India,Financial Services,Banks - Regional,1429163606016.0,142916.36,6.93,6.99,1.02,,15.8,1.35,-8.88,40.46,0.0,,,,,,,,,,,,,2.67,0.9,BANK,10,0,0,0,12,0,22,11,33,"Strong bank ROE, Healthy bank ROA",
06.09.2026 at 01:31 PM IST,MSPL,MSP Steel & Power Limited,Basic Materials,Steel,20109944832.0,2010.99,56.32,-2.05,1.95,31.17,,,4.62,1.28,21.44,16.3,23.3,,,44924000.0,4.49,3211936000.0,321.19,,,,,,0.9,METALS_MINING,0,16,7,0,6,0,29,4,33,"Strong revenue growth, Strong earnings growth, Low debt, Controlled metal sector debt",
06.09.2026 at 01:31 PM IST,SEPC,SEPC Limited,Industrials,Engineering & Construction,10505772032.0,1050.58,41.54,,0.55,18.4,,,5.83,2.3,13.11,35.4,,,,760473024.0,76.05,3534973952.0,353.5,,,,,,0.84,CAPITAL_GOODS_INFRA,0,10,9,0,6,0,25,8,33,"Strong revenue growth, Low debt, Strong capital goods revenue growth, Manageable capital goods debt",
06.09.2026 at 01:31 PM IST,EIHAHOTELS,EIH Associated Hotels Limited,Consumer Cyclical,Lodging,18253467648.0,1825.35,20.74,,3.03,0.71,,,4.11,23.07,68.28,-4.0,11.9,,,2155290112.0,215.53,42890000.0,4.29,,,,,1.18,-0.05,CONSUMER_DISCRETIONARY,6,5,12,0,7,0,30,3,33,"Cash covers debt, Low debt, Controlled discretionary debt",Negative revenue growth
06.09.2026 at 01:31 PM IST,PGEL,PG Electroplast Limited,Technology,Electronic Components,161097089024.0,16109.71,78.1,33.96,5.27,19.57,,,5.98,3.54,16.99,35.3,13.7,,,3893722112.0,389.37,5965281792.0,596.53,,,,,4.0,-0.16,IT_TECH,0,15,11,0,7,0,33,0,33,"Strong revenue growth, Reasonable cash coverage, Low debt, Forward PE improving",
06.09.2026 at 01:31 PM IST,MARKOLINES,Markolines Pavement Technologies Limited,Industrials,Infrastructure Operations,3791038208.0,379.1,14.17,,1.88,42.55,,,10.24,7.62,70.03,4.3,14.0,,,18278000.0,1.83,862137984.0,86.21,,,,,,-0.18,CAPITAL_GOODS_INFRA,6,7,7,0,10,0,30,3,33,"Low debt, Manageable capital goods debt",
06.09.2026 at 01:31 PM IST,GOKULAGRO,Gokul Agro Resources Limited,Consumer Defensive,Packaged Foods,68395200512.0,6839.52,16.28,,4.82,41.41,,,3.59,1.72,5.3,7.3,71.5,,,6803260928.0,680.33,5891100160.0,589.11,,,,,,-0.1,FMCG_CONSUMER,0,12,10,0,8,0,30,3,33,"Strong earnings growth, Cash covers debt, Low debt, Low debt consumer business",
06.09.2026 at 01:31 PM IST,POLICYBZR,PB Fintech Limited,Financial Services,Insurance Brokers,848309125120.0,84830.91,113.61,54.82,11.6,4.92,,,5.25,10.2,64.25,40.1,92.3,,,25516500992.0,2551.65,3601499904.0,360.15,,,,,,0.4,FINANCIAL,3,20,12,0,3,5,33,0,33,"Strong revenue growth, Strong earnings growth, Cash covers debt, Low debt, Forward PE improving, Strong financial earnings growth","Very high PE, Expensive price-to-book, Expensive financial P/B"
06.09.2026 at 01:31 PM IST,COSMOFIRST,Cosmo First Limited,Consumer Cyclical,Packaging & Containers,23881502720.0,2388.15,14.43,,1.49,103.94,,,8.41,4.17,34.68,45.7,25.2,,,4197299968.0,419.73,16803800064.0,1680.38,,,,,43.0,0.5,CONSUMER_DISCRETIONARY,0,20,2,0,12,5,29,4,33,"Strong revenue growth, Strong earnings growth, Consumer discretionary growth support",Abnormally high dividend yield
06.09.2026 at 01:31 PM IST,VERANDA,Veranda Learning Solutions Limited,Consumer Defensive,Education & Training Services,23509606400.0,2350.96,16.82,,2.45,39.89,,,25.09,25.76,82.61,7.4,,,,345992000.0,34.6,3823158016.0,382.32,,,,,,0.94,GENERAL,12,2,7,0,10,0,31,2,33,"Strong operating margin, Low debt, General low debt support",
06.09.2026 at 01:31 PM IST,CYIENT,Cyient Limited,Industrials,Conglomerates,115312099328.0,11531.21,32.33,15.49,2.14,7.53,,,9.01,4.96,29.85,21.3,-32.4,,,16679000064.0,1667.9,4640000000.0,464.0,,,,,2.9,0.66,CAPITAL_GOODS_INFRA,0,8,12,0,13,8,25,8,33,"Strong revenue growth, Cash covers debt, Low debt, Forward PE improving, Strong capital goods revenue growth, Manageable capital goods debt",Negative earnings growth
06.09.2026 at 01:31 PM IST,AVANTEL,Avantel Limited,Technology,Communication Equipment,41193152512.0,4119.32,369.12,,12.18,10.16,,,14.67,7.11,58.69,35.7,66.7,,,72862000.0,7.29,343795008.0,34.38,,,,,13.0,0.13,IT_TECH,6,20,9,0,2,5,32,0,32,"Strong revenue growth, Strong earnings growth, Low debt","Very high PE, Expensive price-to-book"
06.09.2026 at 01:31 PM IST,DOLLAR,Dollar Industries Limited,Consumer Cyclical,Apparel Manufacturing,14944697344.0,1494.47,13.33,10.62,1.58,30.54,,,9.49,5.94,52.65,1.4,22.1,,,1282000.0,0.13,2914280960.0,291.43,,,,,1.14,0.29,CONSUMER_DISCRETIONARY,0,8,7,0,14,0,29,3,32,"Strong earnings growth, Low debt, Forward PE improving, Controlled discretionary debt",
06.09.2026 at 01:31 PM IST,GLOTTIS,Glottis Limited,Industrials,Integrated Freight & Logistics,5731758080.0,573.18,14.19,,2.05,18.8,,,6.82,4.56,9.49,40.7,-22.1,,,1006648000.0,100.66,528216000.0,52.82,,,,,,,CAPITAL_GOODS_INFRA,0,10,12,0,10,8,24,8,32,"Strong revenue growth, Cash covers debt, Low debt, Strong capital goods revenue growth, Manageable capital goods debt",Negative earnings growth
06.09.2026 at 01:31 PM IST,BIL,Bhartiya International Ltd.,Consumer Cyclical,Footwear & Accessories,12253762560.0,1225.38,47.94,54.58,2.48,111.22,,,9.02,1.77,40.69,33.2,213.0,,,1027262016.0,102.73,5419662848.0,541.97,,,,,,0.18,CONSUMER_DISCRETIONARY,0,20,2,0,6,0,28,4,32,"Strong revenue growth, Strong earnings growth, Consumer discretionary growth support",
06.09.2026 at 01:31 PM IST,IVALUE,iValue Infosolutions Limited,Technology,Information Technology Services,12515820544.0,1251.58,12.09,7.74,2.2,12.22,,,8.77,10.29,20.08,-21.1,53.4,,,2756400128.0,275.64,693299968.0,69.33,,,,,,,IT_TECH,3,10,12,0,13,6,32,0,32,"Strong earnings growth, Cash covers debt, Low debt, Forward PE improving",Negative revenue growth
06.09.2026 at 01:31 PM IST,GOYALALUM,Goyal Aluminiums Limited,Basic Materials,Aluminum,894934528.0,89.49,26.12,,3.56,42.44,,,2.89,4.54,5.61,9.1,50.0,,,440000.0,0.04,107681000.0,10.77,,,,,,0.37,METALS_MINING,0,15,7,0,6,0,28,4,32,"Strong earnings growth, Low debt, Controlled metal sector debt",
06.09.2026 at 01:31 PM IST,INDBANK,Indbank Merchant Banking Services Limited,Financial Services,Capital Markets,1265222528.0,126.52,17.28,,1.3,,,,44.73,29.2,94.97,4.2,12.5,,,867160000.0,86.72,0.0,0.0,,,,,,0.21,FINANCIAL,12,7,3,0,10,0,32,0,32,"Strong operating margin, Net cash position",
06.09.2026 at 01:31 PM IST,RELAXO,Relaxo Footwears Limited,Consumer Cyclical,Footwear & Accessories,86058074112.0,8605.81,46.4,34.78,3.9,10.54,,,9.65,6.73,60.47,7.7,12.8,,,2126099968.0,212.61,2326500096.0,232.65,,,,,1.02,0.59,CONSUMER_DISCRETIONARY,3,7,11,0,8,0,29,3,32,"Reasonable cash coverage, Low debt, Forward PE improving, Controlled discretionary debt",
06.09.2026 at 01:31 PM IST,PNCINFRA,PNC Infratech Limited,Industrials,Engineering & Construction,46946668544.0,4694.67,6.41,9.02,0.69,75.88,,,28.67,13.0,38.36,18.7,-23.0,,,30249373696.0,3024.94,51698511872.0,5169.85,,,,,33.0,0.53,CAPITAL_GOODS_INFRA,11,8,6,0,12,13,24,8,32,"Strong operating margin, Strong revenue growth, Reasonable cash coverage, Strong capital goods revenue growth, Manageable capital goods debt","Negative earnings growth, Forward PE deterioration, Abnormally high dividend yield"
06.09.2026 at 01:31 PM IST,OLECTRA,Olectra Greentech Limited,Industrials,Farm & Heavy Construction Machinery,100885430272.0,10088.54,56.82,28.39,8.22,30.84,,,9.32,2.01,20.55,65.7,-0.3,,,1719499008.0,171.95,3802938112.0,380.29,,,,,5.0,0.3,CAPITAL_GOODS_INFRA,0,10,7,0,7,0,24,8,32,"Strong revenue growth, Low debt, Forward PE improving, Strong capital goods revenue growth, Manageable capital goods debt",Negative earnings growth
06.09.2026 at 01:31 PM IST,TORNTPHARM,Torrent Pharmaceuticals Limited,Healthcare,Drug Manufacturers - Specialty & Generic,1847446732800.0,184744.67,77.51,52.14,19.6,85.45,,,21.76,13.87,75.98,54.8,-8.2,,,23552100352.0,2355.21,150254993408.0,15025.5,,,,,78.0,0.14,PHARMA_HEALTHCARE,10,10,4,0,5,5,24,8,32,"Strong operating margin, Strong revenue growth, Forward PE improving, Strong healthcare margin, Healthcare growth support","Negative earnings growth, Expensive price-to-book, Abnormally high dividend yield"
06.09.2026 at 01:31 PM IST,FISCHER,Fischer Medical Ventures Limited,Healthcare,Medical Devices,24731742208.0,2473.17,84.09,,6.07,27.7,,,12.07,8.22,34.33,249.4,,,,250458000.0,25.05,1070753024.0,107.08,,,,,14.0,0.05,PHARMA_HEALTHCARE,6,10,7,0,2,0,25,7,32,"Strong revenue growth, Low debt, Healthcare growth support, Controlled healthcare debt",Very high PE
06.09.2026 at 01:31 PM IST,SHREECEM,Shree Cement Limited,Basic Materials,Building Materials,860706242560.0,86070.62,52.91,34.6,9.34,38.15,,,18.6,14.53,73.54,5.2,3.4,,,25250000896.0,2525.0,33939900416.0,3393.99,,,,,59.0,,CEMENT_REALTY,10,4,9,0,7,5,25,7,32,"Strong operating margin, Reasonable cash coverage, Low debt, Forward PE improving, Manageable cement/realty debt, Healthy cement/realty margin",Abnormally high dividend yield
06.09.2026 at 01:31 PM IST,DHARMAJ,Dharmaj Crop Guard Limited,Basic Materials,Agricultural Inputs,9125269504.0,912.53,15.15,,2.04,29.38,,,13.74,5.22,23.28,4.1,17.0,,,64690000.0,6.47,1319049984.0,131.9,,,,,,0.09,GENERAL,3,10,7,0,10,0,30,2,32,"Strong earnings growth, Low debt, General low debt support",
06.09.2026 at 01:31 PM IST,ACMESOLAR,ACME Solar Holdings Limited,Utilities,Utilities - Renewable,295936131072.0,29593.61,43.2,16.83,5.01,393.19,,,67.58,21.15,98.63,46.8,71.5,,,61580910592.0,6158.09,198962937856.0,19896.29,,,,,5.0,,ENERGY_UTILITIES,12,20,0,0,9,8,33,-1,32,"Strong operating margin, Strong revenue growth, Strong earnings growth, Forward PE improving, Energy dividend support","Very high debt, High energy/utility leverage"
06.09.2026 at 01:31 PM IST,MSUMI,Motherson Sumi Wiring India Limited,Consumer Cyclical,Auto Parts,242519883776.0,24251.99,38.9,24.88,11.22,10.79,,,5.85,5.09,30.13,36.4,0.0,,,662000000.0,66.2,2332000000.0,233.2,,,,,1.59,0.04,AUTO,0,10,9,0,6,0,25,7,32,"Strong revenue growth, Low debt, Forward PE improving, Auto revenue growth support, Manageable auto debt",Expensive price-to-book
06.09.2026 at 01:31 PM IST,GLOBUSSPR,Globus Spirits Limited,Consumer Defensive,Beverages - Wineries & Distilleries,28787081216.0,2878.71,7.84,19.55,2.4,48.42,,,6.48,3.59,34.21,12.7,48.7,,,706558016.0,70.66,5274258944.0,527.43,,,,,71.0,0.42,FMCG_CONSUMER,0,15,7,0,12,5,29,3,32,"Strong earnings growth, Low debt, Low debt consumer business","Forward PE deterioration, Abnormally high dividend yield"
06.09.2026 at 01:31 PM IST,AJAXENGG,Ajax Engineering Limited,Industrials,Farm & Heavy Construction Machinery,66701795328.0,6670.18,29.44,19.87,4.79,0.13,,,11.87,10.8,25.36,1.7,5.2,,,10508980224.0,1050.9,18330000.0,1.83,,,,,,,CAPITAL_GOODS_INFRA,6,2,12,0,9,0,29,3,32,"Cash covers debt, Low debt, Forward PE improving, Manageable capital goods debt",
06.09.2026 at 01:31 PM IST,NTPC,NTPC Limited,Utilities,Utilities - Regulated Electric,3224141561856.0,322414.16,10.16,11.81,1.59,118.13,,,18.43,14.53,48.18,8.0,-1.6,,,128116301824.0,12811.63,1234561925120.0,123456.19,,,,,3.71,0.29,ENERGY_UTILITIES,10,5,2,0,12,0,29,3,32,"Strong operating margin, Energy dividend support",Negative earnings growth
06.09.2026 at 01:31 PM IST,SAIPARENT,Sai Parenteral's Limited,Healthcare,Drug Manufacturers - General,22887051264.0,2288.71,115.89,,3.45,49.06,,,8.62,3.95,37.94,435.1,15.27,,,4169659904.0,416.97,2429080064.0,242.91,,,,,,,PHARMA_HEALTHCARE,0,18,10,0,2,5,25,7,32,"Strong revenue growth, Strong earnings growth, Cash covers debt, Low debt, Healthcare growth support, Controlled healthcare debt",Very high PE
06.09.2026 at 01:31 PM IST,DIGIDRIVE,Digidrive Distributors Limited,Consumer Cyclical,Internet Retail,686401728.0,68.64,11.87,,0.26,0.32,,,1.17,12.29,41.0,6.8,,,,169200000.0,16.92,8700000.0,0.87,,,,,,0.8,CONSUMER_DISCRETIONARY,5,2,12,0,10,0,29,3,32,"Cash covers debt, Low debt, Controlled discretionary debt",
06.09.2026 at 01:31 PM IST,AURIONPRO,Aurionpro Solutions Limited,Technology,Software - Application,37926174720.0,3792.62,18.38,13.44,2.13,3.48,,,14.1,14.23,26.89,6.3,-8.3,,,2049942016.0,204.99,606734976.0,60.67,,,,,87.0,-0.18,IT_TECH,8,2,12,0,15,5,32,0,32,"Cash covers debt, Low debt, Forward PE improving","Negative earnings growth, Abnormally high dividend yield"
06.09.2026 at 01:31 PM IST,NTPCGREEN,NTPC Green Energy Limited,Utilities,Utilities - Renewable,751628582912.0,75162.86,143.87,31.79,4.03,165.28,,,58.36,18.48,100.0,62.7,38.5,,,6175000064.0,617.5,317161406464.0,31716.14,,,,,,,ENERGY_UTILITIES,12,20,0,0,5,5,32,0,32,"Strong operating margin, Strong revenue growth, Strong earnings growth, Forward PE improving",Very high PE
06.09.2026 at 01:31 PM IST,LICHSGFIN,LIC Housing Finance Limited,Financial Services,Mortgage Finance,309162901504.0,30916.29,5.39,5.16,0.75,642.52,,,82.44,65.18,98.49,14.5,9.9,,,13484000256.0,1348.4,2662161973248.0,266216.2,,,,,1.78,0.23,FINANCIAL,12,10,0,0,14,8,28,4,32,"Strong operating margin, Forward PE improving, Financial leverage treated differently",Very high debt
06.09.2026 at 01:31 PM IST,AURUM,Aurum PropTech Limited,Real Estate,Real Estate Services,17388421120.0,1738.84,40.39,107.9,2.76,44.06,,,1.83,10.42,73.88,63.5,,,,1409600000.0,140.96,2247600128.0,224.76,,,,,,-0.03,CEMENT_REALTY,3,10,9,0,6,0,28,4,32,"Strong revenue growth, Reasonable cash coverage, Low debt, Manageable cement/realty debt",Forward PE deterioration
06.09.2026 at 01:31 PM IST,EPIGRAL,Epigral Limited,Basic Materials,Chemicals,52951674880.0,5295.17,19.54,12.04,2.38,25.75,,,19.32,10.32,37.24,16.3,-37.9,,,50200000.0,5.02,5720399872.0,572.04,,,,,41.0,0.21,CHEMICALS,8,8,7,0,15,13,25,7,32,"Strong operating margin, Strong revenue growth, Low debt, Forward PE improving, Strong chemical margin, Chemical revenue growth support, Controlled chemical debt","Negative earnings growth, Abnormally high dividend yield, Chemical earnings weakness"
06.09.2026 at 01:31 PM IST,RUSHIL,Rushil Décor Limited,Consumer Cyclical,"Furnishings, Fixtures & Appliances",4688800768.0,468.88,20.23,3.32,0.73,39.93,,,4.14,2.49,44.64,27.8,,,,55390000.0,5.54,2598850048.0,259.89,,,,,31.0,0.4,CONSUMER_DISCRETIONARY,0,10,7,0,13,5,25,7,32,"Strong revenue growth, Low debt, Forward PE improving, Consumer discretionary growth support, Controlled discretionary debt",Abnormally high dividend yield
06.09.2026 at 01:31 PM IST,RECLTD,REC Limited,Financial Services,Credit Services,839208468480.0,83920.85,5.24,4.49,1.0,607.46,,,96.85,68.89,98.57,25.2,-6.1,,,215720296448.0,21572.03,5166743420928.0,516674.34,,,,,1.95,0.32,FINANCIAL,12,10,0,0,14,8,28,4,32,"Strong operating margin, Strong revenue growth, Forward PE improving, Financial leverage treated differently","Negative earnings growth, Very high debt"
06.09.2026 at 01:31 PM IST,BMWVENTLTD,BMW Ventures Limited,Basic Materials,Steel,4787534848.0,478.75,11.95,,1.08,58.38,,,3.12,1.67,9.26,25.7,-3.9,,,56979000.0,5.7,2579436032.0,257.94,,,,,5.42,,METALS_MINING,0,10,4,0,12,0,26,6,32,"Strong revenue growth, Controlled metal sector debt, Commodity dividend support",Negative earnings growth
06.09.2026 at 01:31 PM IST,ARMANFIN,Arman Financial Services Limited,Financial Services,Credit Services,21746884608.0,2174.69,18.83,,2.33,190.26,,,48.42,30.79,100.0,265.7,,,,3988753920.0,398.88,17757224960.0,1775.72,,,,,,0.2,FINANCIAL,12,10,0,0,10,0,32,0,32,"Strong operating margin, Strong revenue growth",
06.09.2026 at 01:31 PM IST,ADSL,Allied Digital Services Limited,Technology,Information Technology Services,5919421440.0,591.94,17.05,10.14,0.96,20.27,,,6.8,2.56,18.43,18.9,-4.8,,,1520400000.0,152.04,1360600064.0,136.06,,,,,1.44,0.69,IT_TECH,0,8,10,0,14,0,32,0,32,"Strong revenue growth, Cash covers debt, Low debt, Forward PE improving",Negative earnings growth
06.09.2026 at 01:31 PM IST,ARTEMISMED,Artemis Medicare Services Limited,,,,,145.39,26.8,5.64,27.8,,,15.21,10.21,22.91,12.7,46.7,,,334049984.0,33.4,2615600128.0,261.56,,,,,,0.33,GENERAL,6,15,7,0,5,5,28,4,32,"Strong earnings growth, Low debt, Forward PE improving, General low debt support, General growth support",Very high PE
06.09.2026 at 01:31 PM IST,GOPAL,Gopal Snacks Limited,Consumer Defensive,Packaged Foods,33161373696.0,3316.14,39.52,25.52,6.93,32.17,,,4.94,5.22,27.16,31.1,415.0,,,7510000.0,0.75,1540259968.0,154.03,,,,,38.0,0.8,FMCG_CONSUMER,0,20,7,0,7,5,29,3,32,"Strong revenue growth, Strong earnings growth, Low debt, Forward PE improving, Low debt consumer business",Abnormally high dividend yield
06.09.2026 at 01:31 PM IST,IDBI,IDBI Bank Limited,Financial Services,Banks - Regional,974382759936.0,97438.28,10.45,18.49,1.38,,13.87,2.2,15.58,48.59,0.0,,,,,304949592064.0,30494.96,367488598016.0,36748.86,,,,,2.43,0.84,BANK,13,0,2,0,12,0,27,5,32,"Reasonable cash coverage, Healthy bank ROA",Forward PE deterioration
06.09.2026 at 01:31 PM IST,ROLEXRINGS,Rolex Rings Limited,Industrials,Metal Fabrication,45278699520.0,4527.87,30.93,18.63,3.87,,,,19.61,13.15,52.78,4.4,22.4,,,3674030080.0,367.4,0.0,0.0,,,,,,0.43,METALS_MINING,10,10,3,0,9,0,32,0,32,"Strong operating margin, Strong earnings growth, Net cash position, Forward PE improving",
06.09.2026 at 01:31 PM IST,NSIL,Nalwa Sons Investments Limited,Financial Services,Asset Management,29281265664.0,2928.13,52.72,,0.19,0.02,,,98.29,56.26,84.39,-7.3,3.5,,,167675838464.0,16767.58,29100000.0,2.91,,,,,,0.21,FINANCIAL,12,2,12,0,6,0,32,0,32,"Strong operating margin, Cash covers debt, Low debt",Negative revenue growth
06.09.2026 at 01:31 PM IST,SAIL,Steel Authority of India Limited,Basic Materials,Steel,812887375872.0,81288.74,19.01,12.41,1.35,52.9,,,9.88,3.84,51.8,1.3,121.1,,,7325100032.0,732.51,319277105152.0,31927.71,,,,,1.19,1.05,METALS_MINING,0,10,4,0,14,0,28,4,32,"Strong earnings growth, Forward PE improving, Controlled metal sector debt",
06.09.2026 at 01:31 PM IST,UNIECOM,Unicommerce eSolutions Limited,Technology,Software - Application,9815196672.0,981.52,47.73,29.38,5.31,4.91,,,6.54,10.08,61.52,14.3,14.7,,,577889984.0,57.79,94690000.0,9.47,,,,,,0.93,IT_TECH,3,10,12,0,7,0,32,0,32,"Cash covers debt, Low debt, Forward PE improving",
06.09.2026 at 01:31 PM IST,SESHAPAPER,Seshasayee Paper and Boards Limited,Basic Materials,Paper & Paper Products,14666496000.0,1466.65,14.15,,0.69,,,,6.56,5.45,30.97,27.7,107.0,,,708800000.0,70.88,0.0,0.0,,,,,86.0,-0.14,GENERAL,0,20,3,0,12,5,30,2,32,"Strong revenue growth, Strong earnings growth, Net cash position, General growth support",Abnormally high dividend yield
06.09.2026 at 01:31 PM IST,DHAMPURSUG,Dhampur Sugar Mills Limited,Consumer Defensive,Confectioners,10764908544.0,1076.49,15.37,,0.9,75.02,5.56,2.93,13.83,3.31,21.53,-20.8,-5.3,1.37,0.41,2679500032.0,267.95,8991500288.0,899.15,1585312512.0,158.53,2430899968.0,243.09,2.39,0.34,GENERAL,3,0,6,17,12,6,32,0,32,"Positive operating cash flow, Positive free cash flow","Negative revenue growth, Negative earnings growth"
06.09.2026 at 01:31 PM IST,ASHOKAMET,Ashoka Metcast Limited,Basic Materials,Steel,338695808.0,33.87,1.97,,0.2,43.16,,,-22.43,49.04,35.63,-25.4,186.7,,,17876000.0,1.79,577283968.0,57.73,,,,,,0.99,METALS_MINING,6,10,7,0,10,6,27,4,31,"Strong earnings growth, Low debt, Controlled metal sector debt",Negative revenue growth
06.09.2026 at 01:31 PM IST,TRUALT,TruAlt Bioenergy Limited,Energy,Oil & Gas Refining & Marketing,36462002176.0,3646.2,24.56,,2.4,104.64,,,17.22,7.24,37.26,106.3,8.96,,,938334976.0,93.83,16515111936.0,1651.51,,,,,,,ENERGY_UTILITIES,6,15,2,0,8,0,31,0,31,Strong revenue growth,
06.09.2026 at 01:31 PM IST,TASTYBITE,Tasty Bite Eatables Limited,Consumer Defensive,Packaged Foods,25685659648.0,2568.57,71.63,,8.06,12.25,,,7.97,5.94,38.69,29.1,8.0,,,273020000.0,27.3,419089984.0,41.91,,,,,10.0,0.14,FMCG_CONSUMER,0,15,11,0,2,0,28,3,31,"Strong revenue growth, Reasonable cash coverage, Low debt, Low debt consumer business",
06.09.2026 at 01:31 PM IST,MCLOUD,Magellanic Cloud Limited,Technology,Information Technology Services,15492465664.0,1549.25,15.56,,2.25,42.5,,,20.0,15.43,41.39,10.0,-14.9,,,581873984.0,58.19,2918938880.0,291.89,,,,,11.0,0.06,IT_TECH,10,5,7,0,12,8,26,5,31,"Strong operating margin, Low debt, Strong tech operating margin",Negative earnings growth
06.09.2026 at 01:31 PM IST,PAVNAIND,Pavna Industries Limited,Consumer Cyclical,Auto Parts,2399916032.0,239.99,9.1,,1.21,52.07,,,3.95,2.3,34.54,52.1,,,,24198000.0,2.42,1132114944.0,113.21,,,,,,0.08,AUTO,0,10,4,0,10,0,24,7,31,"Strong revenue growth, Auto revenue growth support, Manageable auto debt",
06.09.2026 at 01:31 PM IST,IVC,IL&FS Investment Managers Limited,Financial Services,Financial Conglomerates,3215695104.0,321.57,68.27,,1.7,,,,3.84,7.37,86.51,14.1,100.0,,,850273024.0,85.03,0.0,0.0,,,,,11.72,0.17,FINANCIAL,3,15,3,0,6,0,27,4,31,"Strong earnings growth, Net cash position, Strong financial earnings growth",
06.09.2026 at 01:31 PM IST,HIKAL,Hikal Limited,Healthcare,Drug Manufacturers - Specialty & Generic,27483736064.0,2748.37,,24.77,2.29,,,,13.16,6.15,47.01,37.3,68.3,,,,,,,,,,,27.0,,PHARMA_HEALTHCARE,6,20,0,0,6,5,27,4,31,"Strong revenue growth, Strong earnings growth, Healthcare growth support",Abnormally high dividend yield
06.09.2026 at 01:31 PM IST,VINDHYATEL,Vindhya Telelinks Limited,Industrials,Engineering & Construction,32198795264.0,3219.88,13.75,,0.77,34.12,,,10.77,6.88,17.66,-20.8,76.5,,,125445000.0,12.54,14347682816.0,1434.77,,,,,22.0,0.92,CAPITAL_GOODS_INFRA,6,10,7,0,12,11,24,7,31,"Strong earnings growth, Low debt, Strong capital goods earnings growth, Manageable capital goods debt","Negative revenue growth, Abnormally high dividend yield"
06.09.2026 at 01:31 PM IST,NCC,NCC Limited,Industrials,Engineering & Construction,94176985088.0,9417.7,13.45,10.88,1.2,57.39,,,8.19,3.26,16.21,12.2,12.7,,,7049200128.0,704.92,46078599168.0,4607.86,,,,,1.47,0.56,CAPITAL_GOODS_INFRA,0,10,4,0,14,0,28,3,31,"Forward PE improving, Manageable capital goods debt",
06.09.2026 at 01:31 PM IST,RML,Rane (Madras) Limited,Consumer Cyclical,Auto Parts,35801145344.0,3580.11,30.2,,4.77,100.19,,,4.56,2.96,38.41,18.3,62.5,,,461800000.0,46.18,7520099840.0,752.01,,,,,1.23,0.47,AUTO,0,18,2,0,7,0,27,4,31,"Strong revenue growth, Strong earnings growth, Auto revenue growth support",
06.09.2026 at 01:31 PM IST,PODDARMENT,Poddar Pigments Limited,Basic Materials,Specialty Chemicals,2734727424.0,273.47,17.94,,0.78,1.74,,,2.77,4.08,31.91,-1.2,11.4,,,256588000.0,25.66,61108000.0,6.11,,,,,1.56,0.23,CHEMICALS,0,5,12,0,11,0,28,3,31,"Cash covers debt, Low debt, Controlled chemical debt",Negative revenue growth
06.09.2026 at 01:31 PM IST,STEELCAS,Steelcast Limited,Basic Materials,Steel,32839399424.0,3283.94,36.22,,8.31,,,,23.0,20.55,77.22,17.0,19.1,,,977646016.0,97.76,0.0,0.0,,,,,55.0,0.09,METALS_MINING,11,16,3,0,4,5,29,2,31,"Strong operating margin, Strong revenue growth, Strong earnings growth, Net cash position, Commodity dividend support",Abnormally high dividend yield
06.09.2026 at 01:31 PM IST,SANDESH,The Sandesh Limited,Communication Services,Publishing,7947892224.0,794.79,7.41,8.92,1.34,0.34,,,35.66,19.65,56.86,2.6,-3.0,,,1740676992.0,174.07,19886000.0,1.99,,,,,48.0,0.24,TELECOM,12,0,12,0,12,5,31,0,31,"Strong operating margin, Cash covers debt, Low debt","Negative earnings growth, Abnormally high dividend yield"
06.09.2026 at 01:31 PM IST,BOROSCI,Borosil Scientific Limited,Consumer Cyclical,Packaging & Containers,11652649984.0,1165.26,27.01,,2.64,1.96,,,3.34,9.02,65.36,11.2,,,,1361852032.0,136.19,86298000.0,8.63,,,,,,0.6,CONSUMER_DISCRETIONARY,3,5,12,0,8,0,28,3,31,"Cash covers debt, Low debt, Controlled discretionary debt",
06.09.2026 at 01:31 PM IST,KOLTEPATIL,Kolte-Patil Developers Limited,Real Estate,Real Estate - Development,39152263168.0,3915.23,75.09,14.52,3.24,98.24,,,20.11,7.92,27.79,10.16,,,,7603999744.0,760.4,11834200064.0,1183.42,,,,,,0.23,CEMENT_REALTY,8,5,6,0,5,0,24,7,31,"Strong operating margin, Reasonable cash coverage, Forward PE improving, Manageable cement/realty debt, Healthy cement/realty margin",
06.09.2026 at 01:31 PM IST,WINDLAS,Windlas Biotech Limited,Healthcare,Drug Manufacturers - Specialty & Generic,23339573248.0,2333.96,36.38,,4.11,6.07,,,7.85,7.05,37.98,18.1,-0.2,,,2788189952.0,278.82,352420000.0,35.24,,,,,56.0,0.29,PHARMA_HEALTHCARE,3,8,12,0,6,5,24,7,31,"Strong revenue growth, Cash covers debt, Low debt, Healthcare growth support, Controlled healthcare debt","Negative earnings growth, Abnormally high dividend yield"
06.09.2026 at 01:31 PM IST,BLSE,BLS E-Services Limited,Industrials,Specialty Business Services,28927717376.0,2892.77,49.86,,5.56,1.08,,,6.51,4.93,8.33,24.6,3.7,,,3880653056.0,388.07,61320000.0,6.13,,,,,31.0,-0.05,CAPITAL_GOODS_INFRA,0,10,12,0,6,5,23,8,31,"Strong revenue growth, Cash covers debt, Low debt, Strong capital goods revenue growth, Manageable capital goods debt",Abnormally high dividend yield
06.09.2026 at 01:31 PM IST,DCMSHRIRAM,DCM Shriram Limited,Industrials,Conglomerates,157951918080.0,15795.19,11.1,23.8,2.11,37.8,,,5.84,10.35,33.1,9.3,5.11,,,8946799616.0,894.68,29231699968.0,2923.17,,,,,1.43,-0.38,CAPITAL_GOODS_INFRA,3,7,7,0,11,0,28,3,31,"Low debt, Manageable capital goods debt",Forward PE deterioration
06.09.2026 at 01:31 PM IST,CGPOWER,CG Power and Industrial Solutions Limited,Industrials,Electrical Equipment & Parts,1403726069760.0,140372.61,112.36,63.98,17.61,1.45,,,10.45,9.75,30.72,14.0,13.1,,,29838700544.0,2983.87,1185100032.0,118.51,,,,,15.0,0.42,CAPITAL_GOODS_INFRA,6,10,12,0,5,5,28,3,31,"Cash covers debt, Low debt, Forward PE improving, Manageable capital goods debt","Very high PE, Expensive price-to-book"
06.09.2026 at 01:31 PM IST,RAMAPHO,Rama Phosphates Limited,Basic Materials,Agricultural Inputs,4370223616.0,437.02,8.13,,1.03,32.87,,,11.62,5.79,31.59,18.1,6.4,,,1545000.0,0.15,1388542976.0,138.85,,,,,61.0,0.42,GENERAL,3,10,7,0,12,5,27,4,31,"Strong revenue growth, Low debt, General low debt support, General growth support",Abnormally high dividend yield
06.09.2026 at 01:31 PM IST,NEOGEN,Neogen Chemicals Limited,Basic Materials,Specialty Chemicals,58761072640.0,5876.11,161.96,37.13,6.93,170.91,,,15.99,3.85,46.14,34.0,61.7,,,49500000.0,4.95,13950900224.0,1395.09,,,,,5.0,0.66,CHEMICALS,3,20,0,0,5,5,23,8,31,"Strong revenue growth, Strong earnings growth, Forward PE improving, Strong chemical margin, Chemical revenue growth support",Very high PE
06.09.2026 at 01:31 PM IST,FILATEX,Filatex India Limited,Consumer Cyclical,Textile Manufacturing,34680958976.0,3468.1,18.16,5.88,3.6,9.98,,,7.03,4.33,19.43,-1.8,17.0,,,3551000064.0,355.1,1405100032.0,140.51,,,,,62.0,0.04,CONSUMER_DISCRETIONARY,0,8,12,0,13,5,28,3,31,"Strong earnings growth, Cash covers debt, Low debt, Forward PE improving, Controlled discretionary debt","Negative revenue growth, Abnormally high dividend yield"
06.09.2026 at 01:31 PM IST,UFLEX,Uflex Limited,Consumer Cyclical,Packaging & Containers,48887177216.0,4888.72,7.16,11.99,0.6,124.99,,,12.99,4.14,41.01,35.5,6.3,,,10296866816.0,1029.69,101523062784.0,10152.31,,,,,44.0,0.67,CONSUMER_DISCRETIONARY,3,12,2,0,12,5,24,7,31,"Strong revenue growth, Consumer discretionary growth support, Healthy discretionary margin","Forward PE deterioration, Abnormally high dividend yield"
06.09.2026 at 01:31 PM IST,LINDEINDIA,Linde India Limited,Basic Materials,Specialty Chemicals,543089950720.0,54309.0,99.36,74.0,12.73,,,,20.44,20.59,58.52,13.1,6.76,,,,,,,,,,,6.0,-0.06,CHEMICALS,11,7,0,0,5,0,23,8,31,"Strong operating margin, Forward PE improving, Strong chemical margin, Chemical revenue growth support","Very high PE, Expensive price-to-book"
06.09.2026 at 01:31 PM IST,MRF,MRF Limited,Consumer Cyclical,Auto Parts,551348600832.0,55134.86,22.79,19.42,2.63,15.29,,,6.45,7.58,35.83,9.6,-1.0,,,52284600320.0,5228.46,32066600960.0,3206.66,,,,,36.0,0.15,AUTO,3,5,12,0,13,5,28,3,31,"Cash covers debt, Low debt, Forward PE improving, Manageable auto debt","Negative earnings growth, Abnormally high dividend yield"
06.09.2026 at 01:31 PM IST,SADBHAV,Sadbhav Engineering Limited,Industrials,Engineering & Construction,1412027648.0,141.2,4.76,1.79,-1.27,,,,56.72,3.12,75.82,-8.1,28.2,,,1239230976.0,123.92,32638697472.0,3263.87,,,,,,0.8,CAPITAL_GOODS_INFRA,6,10,0,0,11,0,27,4,31,"Strong operating margin, Strong earnings growth, Forward PE improving, Strong capital goods earnings growth",Negative revenue growth
06.09.2026 at 01:31 PM IST,V2RETAIL,V2 Retail Limited,Consumer Cyclical,Apparel Retail,78834630656.0,7883.46,43.07,2.46,8.74,110.22,,,7.58,5.22,29.67,57.7,61.3,,,59500000.0,5.95,9945844736.0,994.58,,,,,,0.26,CONSUMER_DISCRETIONARY,0,20,2,0,5,0,27,4,31,"Strong revenue growth, Strong earnings growth, Forward PE improving, Consumer discretionary growth support",
06.09.2026 at 01:31 PM IST,NRAIL,N R Agarwal Industries Limited,Basic Materials,Paper & Paper Products,10126364672.0,1012.64,16.3,,1.24,100.63,,,8.72,2.66,21.52,43.1,111.4,,,161296000.0,16.13,8205305856.0,820.53,,,,,34.0,-0.08,GENERAL,0,20,2,0,12,5,29,2,31,"Strong revenue growth, Strong earnings growth, General growth support",Abnormally high dividend yield
06.09.2026 at 01:31 PM IST,AQYLON,Aqylon Nexus Limited,Communication Services,Broadcasting,5749534208.0,574.95,20.23,,-99.82,,,,55.36,54.86,38.14,242.95,,,,25716000.0,2.57,180490000.0,18.05,,,,,,-0.03,TELECOM,12,10,0,0,6,0,28,3,31,"Strong operating margin, Strong revenue growth, Telecom revenue growth support",
06.09.2026 at 01:31 PM IST,SHALBY,Shalby Limited,Healthcare,Medical Care Facilities,16397723648.0,1639.77,43.57,16.22,1.62,59.12,,,6.9,3.34,23.88,11.7,38.0,,,841969984.0,84.2,5945849856.0,594.58,,,,,,0.62,PHARMA_HEALTHCARE,0,15,4,0,9,0,28,3,31,"Strong earnings growth, Forward PE improving, Controlled healthcare debt",
06.09.2026 at 01:31 PM IST,ONIDA,Onida Electronics Limited,Consumer Cyclical,"Furnishings, Fixtures & Appliances",12767186944.0,1276.72,,,5.38,32.64,,,-7.2,2.54,29.13,29.5,,1.03,0.45,817900032.0,81.79,776200000.0,77.62,,,,,,,CONSUMER_DISCRETIONARY,0,10,12,0,2,0,24,7,31,"Strong revenue growth, Cash covers debt, Low debt, Consumer discretionary growth support, Controlled discretionary debt",
06.09.2026 at 01:31 PM IST,VMART,V-Mart Retail Limited,Consumer Cyclical,Department Stores,65418928128.0,6541.89,47.71,31.92,6.87,100.68,,,7.04,3.45,33.14,23.0,40.4,,,542200000.0,54.22,9575900160.0,957.59,,,,,12.0,0.7,CONSUMER_DISCRETIONARY,0,18,2,0,7,0,27,4,31,"Strong revenue growth, Strong earnings growth, Forward PE improving, Consumer discretionary growth support",
06.09.2026 at 01:31 PM IST,DATAPATTNS,Data Patterns (India) Limited,Industrials,Aerospace & Defense,255846727680.0,25584.67,95.85,56.45,14.74,0.3,,,21.93,28.46,62.25,16.8,-13.4,,,4226500096.0,422.65,52700000.0,5.27,,,,,22.0,0.54,CAPITAL_GOODS_INFRA,11,8,12,0,5,13,23,8,31,"Strong operating margin, Strong revenue growth, Cash covers debt, Low debt, Forward PE improving, Strong capital goods revenue growth, Manageable capital goods debt","Negative earnings growth, Very high PE, Expensive price-to-book, Abnormally high dividend yield"
06.09.2026 at 01:31 PM IST,XPROINDIA,Xpro India Limited,Basic Materials,Specialty Chemicals,31016122368.0,3101.61,93.19,,4.08,40.68,,,5.64,6.11,29.98,20.4,,,,2975014912.0,297.5,3247748096.0,324.77,,,,,15.0,-0.54,CHEMICALS,3,8,9,0,4,0,24,7,31,"Strong revenue growth, Reasonable cash coverage, Low debt, Chemical revenue growth support, Controlled chemical debt",Very high PE
06.09.2026 at 01:31 PM IST,JKIL,J. Kumar Infraprojects Limited,Industrials,Engineering & Construction,36822618112.0,3682.26,9.67,7.04,1.09,18.44,,,10.78,6.62,23.49,1.8,-5.8,,,6928745984.0,692.87,6211883008.0,621.19,,,,,82.0,0.33,CAPITAL_GOODS_INFRA,6,0,12,0,15,5,28,3,31,"Cash covers debt, Low debt, Forward PE improving, Manageable capital goods debt","Negative earnings growth, Abnormally high dividend yield"
06.09.2026 at 01:31 PM IST,CAPILLARY,Capillary Technologies India Limited,Technology,Software - Application,38663118848.0,3866.31,91.97,22.42,3.77,5.24,,,10.12,5.19,34.47,42.7,,,,4836740096.0,483.67,536070016.0,53.61,,,,,,,IT_TECH,3,10,12,0,5,0,30,0,30,"Strong revenue growth, Cash covers debt, Low debt, Forward PE improving",Very high PE
06.09.2026 at 01:31 PM IST,PGHH,Procter & Gamble Hygiene and Health Care Limited,Consumer Defensive,Household & Personal Products,248616779776.0,24861.68,31.41,25.84,33.0,0.12,,,18.0,18.63,62.21,-4.9,-34.3,,,5679399936.0,567.94,8700000.0,0.87,,,,,1.57,0.21,FMCG_CONSUMER,11,0,12,0,8,8,23,7,30,"Strong operating margin, Cash covers debt, Low debt, Forward PE improving, Healthy consumer margins, Low debt consumer business","Negative revenue growth, Negative earnings growth, Expensive price-to-book"
06.09.2026 at 01:31 PM IST,KALYANKJIL,Kalyan Jewellers India Limited,Consumer Cyclical,Luxury Goods,618411261952.0,61841.13,43.3,31.41,9.79,96.97,,,4.89,3.67,12.7,45.7,31.6,,,8609130496.0,860.91,61173379072.0,6117.34,,,,,42.0,-0.23,CONSUMER_DISCRETIONARY,0,20,4,0,7,5,26,4,30,"Strong revenue growth, Strong earnings growth, Forward PE improving, Consumer discretionary growth support",Abnormally high dividend yield
06.09.2026 at 01:31 PM IST,VEDPOWER,Vedanta Power Limited,Utilities,Utilities - Independent Power Producers,133561163776.0,13356.12,,,3.0,,0.88,3.83,2.54,0.61,26.58,31.0,,0.57,0.44,,,,,1888562560.0,188.86,7675700224.0,767.57,,,ENERGY_UTILITIES,0,10,0,17,4,5,26,4,30,"Strong revenue growth, Positive operating cash flow, Positive free cash flow, Energy cashflow support",
06.09.2026 at 01:31 PM IST,TRIGYN,Trigyn Technologies Limited,Technology,Information Technology Services,1830827776.0,183.08,18.13,3.16,0.22,1.29,,,1.07,1.0,50.97,12.6,,,,4740096000.0,474.01,102591000.0,10.26,,,,,,0.91,IT_TECH,0,5,12,0,13,0,30,0,30,"Cash covers debt, Low debt, Forward PE improving",
06.09.2026 at 01:31 PM IST,LAGNAM,Lagnam Spintex Limited,Consumer Cyclical,Textile Manufacturing,1325175040.0,132.52,7.24,,0.98,264.43,,,10.02,2.9,28.14,18.4,200.0,,,2216000.0,0.22,3578973952.0,357.9,,,,,,0.61,CONSUMER_DISCRETIONARY,3,18,0,0,10,8,23,7,30,"Strong revenue growth, Strong earnings growth, Consumer discretionary growth support, Healthy discretionary margin",Very high debt
06.09.2026 at 01:31 PM IST,SAKSOFT,Saksoft Limited,Technology,Information Technology Services,20101965824.0,2010.2,15.72,4.58,2.57,5.61,,,16.93,12.93,47.9,-0.2,-9.3,,,2507760128.0,250.78,436760000.0,43.68,,,,,71.0,0.37,IT_TECH,8,0,12,0,15,5,30,0,30,"Cash covers debt, Low debt, Forward PE improving","Negative revenue growth, Negative earnings growth, Abnormally high dividend yield"
06.09.2026 at 01:31 PM IST,VIKRAN,Vikran Engineering Limited,Industrials,Engineering & Construction,15727414272.0,1572.74,15.68,,1.27,24.32,,,7.2,7.31,59.53,-11.0,119.4,,,2208999936.0,220.9,3008999936.0,300.9,,,,,30.0,,CAPITAL_GOODS_INFRA,3,10,9,0,12,11,23,7,30,"Strong earnings growth, Reasonable cash coverage, Low debt, Strong capital goods earnings growth, Manageable capital goods debt","Negative revenue growth, Abnormally high dividend yield"
06.09.2026 at 01:31 PM IST,BHAGYANGR,Bhagyanagar India Limited,Basic Materials,Copper,12385306624.0,1238.53,18.84,,4.59,100.53,,,5.14,2.42,8.75,45.2,166.0,,,10124000.0,1.01,2589148928.0,258.91,,,,,,1.27,METALS_MINING,0,20,2,0,8,0,30,0,30,"Strong revenue growth, Strong earnings growth",
06.09.2026 at 01:31 PM IST,JSWCEMENT,JSW Cement Limited,Basic Materials,Building Materials,167577812992.0,16757.78,22.04,21.84,2.54,68.39,,,10.6,10.87,59.1,19.9,,,,4475400192.0,447.54,44643901440.0,4464.39,,,,,40.0,,CEMENT_REALTY,6,8,4,0,13,5,26,4,30,"Strong revenue growth, Forward PE improving, Manageable cement/realty debt",Abnormally high dividend yield
06.09.2026 at 01:31 PM IST,NATHBIOGEN,Nath Bio-Genes (India) Limited,Basic Materials,Agricultural Inputs,2913558016.0,291.36,6.38,,0.5,20.35,,,10.4,9.31,53.76,15.8,-13.3,,,759953024.0,76.0,1385015040.0,138.5,,,,,1.31,0.84,GENERAL,6,8,9,0,11,8,26,4,30,"Strong revenue growth, Reasonable cash coverage, Low debt, General low debt support, General growth support",Negative earnings growth
06.09.2026 at 01:31 PM IST,CUBEXTUB,Cubex Tubings Limited,Basic Materials,Copper,1098265344.0,109.83,14.55,,1.32,52.12,,,1.67,2.49,2.87,30.3,7.0,,,39877000.0,3.99,434193984.0,43.42,,,,,,0.92,METALS_MINING,0,12,4,0,10,0,26,4,30,"Strong revenue growth, Controlled metal sector debt",
06.09.2026 at 01:31 PM IST,RAMRAT,Ram Ratna Wires Limited,Industrials,Electrical Equipment & Parts,52392165376.0,5239.22,41.36,,9.04,115.44,,,4.15,2.1,9.29,88.6,127.8,,,80834000.0,8.08,6752235008.0,675.22,,,,,45.0,0.49,CAPITAL_GOODS_INFRA,0,20,2,0,4,5,21,9,30,"Strong revenue growth, Strong earnings growth, Strong capital goods revenue growth, Strong capital goods earnings growth",Abnormally high dividend yield
06.09.2026 at 01:31 PM IST,MGL,Mahanagar Gas Limited,Utilities,Utilities - Regulated Gas,108655550464.0,10865.56,15.2,11.77,1.69,3.46,,,9.85,8.38,29.02,13.9,-39.3,,,11498999808.0,1149.9,2229299968.0,222.93,,,,,3.28,0.74,ENERGY_UTILITIES,3,5,12,0,15,8,27,3,30,"Cash covers debt, Low debt, Forward PE improving, Energy dividend support",Negative earnings growth
06.09.2026 at 01:31 PM IST,SINGERIND,Singer India Limited,,,,,,,2.71,2.8,,,1.58,2.97,26.08,56.9,,,,810233024.0,81.02,49913000.0,4.99,,,,,,0.4,GENERAL,0,10,12,0,4,0,26,4,30,"Strong revenue growth, Cash covers debt, Low debt, General low debt support, General growth support",
06.09.2026 at 01:31 PM IST,SECMARK,SecMark Consultancy Limited,Industrials,Consulting Services,1582746368.0,158.27,46.58,,6.44,54.91,,,-4.12,7.96,71.23,55.5,,,,275852992.0,27.59,128548000.0,12.85,,,,,,0.12,CAPITAL_GOODS_INFRA,3,10,7,0,2,0,22,8,30,"Strong revenue growth, Cash covers debt, Strong capital goods revenue growth, Manageable capital goods debt",
06.09.2026 at 01:31 PM IST,KSHITIJPOL,Kshitij Polyline Limited,Industrials,Business Equipment & Supplies,293701568.0,29.37,14.35,,1.1,29.79,,,3.55,7.41,29.44,57.6,-40.0,,,2516000.0,0.25,187796992.0,18.78,,,,,,-0.17,CAPITAL_GOODS_INFRA,3,10,7,0,10,8,22,8,30,"Strong revenue growth, Low debt, Strong capital goods revenue growth, Manageable capital goods debt",Negative earnings growth
06.09.2026 at 01:31 PM IST,GPTINFRA,GPT Infraprojects Limited,Industrials,Engineering & Construction,14040371200.0,1404.04,14.26,,2.33,49.76,,,12.54,7.7,36.55,-3.4,4.8,,,183550000.0,18.36,2940242944.0,294.02,,,,,3.57,-0.03,CAPITAL_GOODS_INFRA,6,2,7,0,12,0,27,3,30,"Low debt, Manageable capital goods debt",Negative revenue growth
06.09.2026 at 01:31 PM IST,LMW,LMW Limited,Industrials,Specialty Industrial Machinery,200413085696.0,20041.31,114.86,49.68,6.99,,,,3.89,5.18,38.07,24.0,383.9,,,16019500032.0,1601.95,0.0,0.0,,,,,19.0,0.59,CAPITAL_GOODS_INFRA,0,18,3,0,5,5,21,9,30,"Strong revenue growth, Strong earnings growth, Net cash position, Forward PE improving, Strong capital goods revenue growth, Strong capital goods earnings growth",Very high PE
06.09.2026 at 01:31 PM IST,LUMAXIND,Lumax Industries Limited,Consumer Cyclical,Auto Parts,57750286336.0,5775.03,30.85,18.02,6.29,106.06,,,5.53,4.18,32.51,32.6,41.2,,,254147008.0,25.41,9731290112.0,973.13,,,,,89.0,0.88,AUTO,0,20,2,0,9,5,26,4,30,"Strong revenue growth, Strong earnings growth, Forward PE improving, Auto revenue growth support",Abnormally high dividend yield
06.09.2026 at 01:31 PM IST,RAMKY,Ramky Infrastructure Limited,Industrials,Engineering & Construction,24094672896.0,2409.47,10.21,,1.11,27.39,,,4.17,12.17,25.24,24.3,-47.2,,,2673570048.0,267.36,5911830016.0,591.18,,,,,,-0.08,CAPITAL_GOODS_INFRA,5,8,7,0,10,8,22,8,30,"Strong revenue growth, Low debt, Strong capital goods revenue growth, Manageable capital goods debt",Negative earnings growth
06.09.2026 at 01:31 PM IST,TERASOFT,Tera Software Limited,Technology,Information Technology Services,3528974080.0,352.9,14.24,,2.42,27.0,,,16.28,9.72,84.96,52.3,-0.3,,,53055000.0,5.31,394008992.0,39.4,,,,,35.0,0.38,IT_TECH,6,10,7,0,12,5,30,0,30,"Strong revenue growth, Low debt","Negative earnings growth, Abnormally high dividend yield"
06.09.2026 at 01:31 PM IST,PINELABS,Pine Labs Limited,Technology,Software - Infrastructure,192140443648.0,19214.04,151.38,41.83,3.22,7.47,,,3.08,4.49,37.04,19.6,264.4,,,82259197952.0,8225.92,4406499840.0,440.65,,,,,,,IT_TECH,0,18,12,0,5,5,30,0,30,"Strong revenue growth, Strong earnings growth, Cash covers debt, Low debt, Forward PE improving",Very high PE
06.09.2026 at 01:31 PM IST,HPL,HPL Electric & Power Limited,Industrials,Electrical Equipment & Parts,19656658944.0,1965.67,21.57,16.17,1.97,75.32,,,8.75,4.7,34.1,34.5,1.0,,,811609984.0,81.16,7550846976.0,755.08,,,,,33.0,0.73,CAPITAL_GOODS_INFRA,0,10,4,0,13,5,22,8,30,"Strong revenue growth, Forward PE improving, Strong capital goods revenue growth, Manageable capital goods debt",Abnormally high dividend yield
06.09.2026 at 01:31 PM IST,WOCKPHARMA,Wockhardt Limited,Healthcare,Drug Manufacturers - Specialty & Generic,340746108928.0,34074.61,82.98,,6.99,42.28,,,14.32,11.2,65.15,25.9,,,,6800000000.0,680.0,22329999360.0,2233.0,,,,,,0.97,PHARMA_HEALTHCARE,6,10,7,0,0,0,23,7,30,"Strong revenue growth, Low debt, Healthcare growth support, Controlled healthcare debt",Very high PE
06.09.2026 at 01:31 PM IST,FUSION,Fusion Finance Limited,Financial Services,Credit Services,32828416000.0,3282.84,16.52,6.86,1.34,227.51,,,23.22,19.64,100.0,128.1,,,,19120099328.0,1912.01,55874101248.0,5587.41,,,,,,1.03,FINANCIAL,11,10,0,0,13,8,26,4,30,"Strong operating margin, Strong revenue growth, Forward PE improving, Financial leverage treated differently",Very high debt
06.09.2026 at 01:31 PM IST,TGBHOTELS,TGB Banquets and Hotels Limited,Consumer Cyclical,Lodging,278220800.0,27.82,18.63,,0.36,16.05,,,1.6,3.81,57.29,-6.1,16.7,,,7063000.0,0.71,124504000.0,12.45,,,,,,0.28,CONSUMER_DISCRETIONARY,0,8,9,0,10,0,27,3,30,"Strong earnings growth, Low debt, Controlled discretionary debt",Negative revenue growth
06.09.2026 at 01:31 PM IST,CEINSYS,Ceinsys Tech Limited,Industrials,Engineering & Construction,14254358528.0,1425.44,10.27,,1.85,8.43,,,22.64,20.05,34.04,0.8,-9.5,,,136700000.0,13.67,567400000.0,56.74,,,,,52.0,-0.25,CAPITAL_GOODS_INFRA,11,0,9,0,12,5,27,3,30,"Strong operating margin, Low debt, Manageable capital goods debt","Negative earnings growth, Abnormally high dividend yield"
06.09.2026 at 01:31 PM IST,APLAPOLLO,APL Apollo Tubes Limited,Basic Materials,Steel,624731422720.0,62473.14,50.77,35.36,11.8,9.4,,,6.28,5.23,15.61,8.5,11.0,,,8862300160.0,886.23,4976500224.0,497.65,,,,,38.0,0.33,METALS_MINING,0,10,12,0,7,5,24,6,30,"Cash covers debt, Low debt, Forward PE improving, Controlled metal sector debt, Commodity dividend support","Expensive price-to-book, Abnormally high dividend yield"
06.09.2026 at 01:31 PM IST,BANG,Bang Overseas Limited,Consumer Cyclical,Apparel Manufacturing,472294816.0,47.23,10.27,,0.5,44.21,,,2.95,28.49,10.83,17.8,-80.0,,,43939000.0,4.39,413064992.0,41.31,,,,,,,CONSUMER_DISCRETIONARY,6,8,7,0,10,8,23,7,30,"Strong revenue growth, Low debt, Consumer discretionary growth support, Controlled discretionary debt",Negative earnings growth
06.09.2026 at 01:31 PM IST,FABTECH,Fabtech Technologies Limited,Healthcare,Health Information Services,6707624448.0,670.76,13.78,,1.38,16.59,,,3.94,11.66,42.28,10.3,,,,2552550912.0,255.26,696345984.0,69.63,,,,,40.0,,PHARMA_HEALTHCARE,3,5,12,0,12,5,27,3,30,"Cash covers debt, Low debt, Controlled healthcare debt",Abnormally high dividend yield
06.09.2026 at 01:31 PM IST,HARDWYN,Hardwyn India Limited,Industrials,Building Products & Equipment,6222650368.0,622.27,47.89,,1.54,1.56,,,11.51,6.46,14.74,-19.4,20.0,,,20883000.0,2.09,64382000.0,6.44,,,,,,-0.33,CAPITAL_GOODS_INFRA,6,8,9,0,6,6,23,7,30,"Strong earnings growth, Low debt, Strong capital goods earnings growth, Manageable capital goods debt",Negative revenue growth
06.09.2026 at 01:31 PM IST,MRPL,Mangalore Refinery and Petrochemicals Limited,Energy,Oil & Gas Refining & Marketing,307405815808.0,30740.58,9.79,3.43,2.16,108.06,,,2.4,2.87,11.12,120.4,,,,6105900032.0,610.59,153410207744.0,15341.02,,,,,2.29,0.09,ENERGY_UTILITIES,0,10,2,0,15,0,27,3,30,"Strong revenue growth, Forward PE improving, Energy dividend support",
06.09.2026 at 01:31 PM IST,GOKEX,Gokaldas Exports Limited,Consumer Cyclical,Apparel Manufacturing,57659023360.0,5765.9,58.99,18.76,2.67,58.93,,,5.32,2.46,50.89,20.7,3.4,,,4249924096.0,424.99,12732076032.0,1273.21,,,,,,-0.04,CONSUMER_DISCRETIONARY,0,10,4,0,9,0,23,7,30,"Strong revenue growth, Forward PE improving, Consumer discretionary growth support, Controlled discretionary debt",
06.09.2026 at 01:31 PM IST,OAL,Oriental Aromatics Limited,Basic Materials,Specialty Chemicals,17382072320.0,1738.21,331.09,,2.62,60.59,,,4.65,0.5,20.35,15.2,400.0,,,131278000.0,13.13,4026052096.0,402.61,,,,,10.0,0.73,CHEMICALS,0,18,4,0,6,5,23,7,30,"Strong revenue growth, Strong earnings growth, Chemical revenue growth support, Controlled chemical debt",Very high PE
06.09.2026 at 01:31 PM IST,BIMETAL,Bimetal Bearings Limited,Consumer Cyclical,Auto Parts,2428875008.0,242.89,21.27,,1.06,1.6,,,3.05,3.75,37.15,11.0,-7.0,,,122718000.0,12.27,36753000.0,3.68,,,,,2.13,0.45,AUTO,0,5,12,0,10,0,27,3,30,"Cash covers debt, Low debt, Manageable auto debt",Negative earnings growth
06.09.2026 at 01:31 PM IST,FCSSOFT,FCS Software Solutions Limited,Technology,Information Technology Services,2495947776.0,249.59,73.0,,0.6,,,,17.84,4.13,41.96,120.1,83.2,,,530068000.0,53.01,0.0,0.0,,,,,,0.72,IT_TECH,3,20,3,0,4,0,30,0,30,"Strong revenue growth, Strong earnings growth, Net cash position",
06.09.2026 at 01:31 PM IST,SAHLIBHFI,Shalibhadra Finance Limited,Financial Services,Credit Services,2776867328.0,277.69,14.0,,1.62,32.61,,,70.21,54.15,85.16,7.7,7.4,,,62800000.0,6.28,560899968.0,56.09,,,,,56.0,-0.08,FINANCIAL,12,4,7,0,12,5,30,0,30,"Strong operating margin, Low debt",Abnormally high dividend yield
06.09.2026 at 01:31 PM IST,CNL,Creative Newtech Limited,Technology,Electronics & Computer Distribution,18467508224.0,1846.75,28.34,,5.6,83.72,,,4.97,2.65,8.59,20.8,39.0,,,221811008.0,22.18,3242608896.0,324.26,,,,,4.0,0.63,IT_TECH,0,18,4,0,8,0,30,0,30,"Strong revenue growth, Strong earnings growth",
06.09.2026 at 01:31 PM IST,SBILIFE,SBI Life Insurance Company Limited,Financial Services,Insurance - Life,1780945518592.0,178094.55,68.48,50.8,8.85,,13.7,0.35,1.71,2.14,9.71,18.8,21.8,1.06,0.19,15267399680.0,1526.74,0.0,0.0,,,,,15.0,0.35,FINANCIAL,4,16,5,0,5,0,30,0,30,"Strong revenue growth, Strong earnings growth, Net cash position, Forward PE improving, Strong financial earnings growth",Expensive financial P/B
06.09.2026 at 01:31 PM IST,BOSCHLTD,Bosch Limited,Consumer Cyclical,Auto Parts,1381007360000.0,138100.74,58.48,41.04,9.3,0.8,,,12.36,11.33,33.55,22.0,-36.7,,,63159001088.0,6315.9,1188000000.0,118.8,,,,,58.0,0.67,AUTO,6,8,12,0,7,13,20,10,30,"Strong revenue growth, Cash covers debt, Low debt, Forward PE improving, Auto revenue growth support, Healthy auto margin, Manageable auto debt","Negative earnings growth, Abnormally high dividend yield"
06.09.2026 at 01:31 PM IST,AJOONI,Ajooni Biotech Limited,Consumer Defensive,Packaged Foods,642468608.0,64.25,14.92,,0.77,29.37,4.4,3.61,1.78,1.83,18.54,99.8,,2.36,0.54,3736000.0,0.37,269110016.0,26.91,,,,,,0.33,FMCG_CONSUMER,0,10,12,0,10,5,27,3,30,"Strong revenue growth, Low debt, Low debt consumer business",
06.09.2026 at 01:31 PM IST,BANKBARODA,Bank of Baroda Limited,Financial Services,Banks - Regional,1235955613696.0,123595.56,6.81,5.57,0.73,,11.32,0.93,45.54,27.39,0.0,18.0,-48.6,,,506651410432.0,50665.14,1732858085376.0,173285.81,,,,,3.56,0.42,BANK,14,8,0,0,15,8,29,0,29,"Strong operating margin, Strong revenue growth, Forward PE improving",Negative earnings growth
06.09.2026 at 01:31 PM IST,LOTUSEYE,Lotus Eye Hospital and Institute Limited,Healthcare,Medical Care Facilities,2256401920.0,225.64,1356.25,,3.84,26.33,,,7.67,0.26,26.84,26.2,15.4,,,38266000.0,3.83,158336992.0,15.83,,,,,,0.49,PHARMA_HEALTHCARE,0,18,7,0,2,5,22,7,29,"Strong revenue growth, Strong earnings growth, Low debt, Healthcare growth support, Controlled healthcare debt",Very high PE
06.09.2026 at 01:31 PM IST,GKSL,Gujarat Kidney And Super Speciality Limited,Healthcare,Medical Care Facilities,13639815168.0,1363.98,86.5,,4.26,11.43,,,20.24,15.67,71.39,124.7,-22.4,,,132823000.0,13.28,291091008.0,29.11,,,,,,,PHARMA_HEALTHCARE,10,10,9,0,2,8,23,6,29,"Strong operating margin, Strong revenue growth, Low debt, Strong healthcare margin, Healthcare growth support, Controlled healthcare debt","Negative earnings growth, Very high PE, Healthcare earnings contraction"
06.09.2026 at 01:31 PM IST,WEIZMANIND,Weizmann Limited,Consumer Cyclical,Textile Manufacturing,1158785152.0,115.88,18.89,,1.75,9.44,,,7.72,4.77,27.64,5.8,17.9,,,18591000.0,1.86,62346000.0,6.23,,,,,67.0,0.2,CONSUMER_DISCRETIONARY,0,10,9,0,12,5,26,3,29,"Strong earnings growth, Low debt, Controlled discretionary debt",Abnormally high dividend yield
06.09.2026 at 01:31 PM IST,TIGERLOGS,Tiger Logistics (India) Limited,Industrials,Integrated Freight & Logistics,3023735040.0,302.37,15.63,,0.57,34.41,20.67,10.92,4.88,3.16,8.14,-10.0,-28.2,1.77,1.6,61387000.0,6.14,177388992.0,17.74,,,,,,,CAPITAL_GOODS_INFRA,10,0,14,0,10,8,26,3,29,"Strong ROE, Low debt, Manageable capital goods debt","Negative revenue growth, Negative earnings growth"
06.09.2026 at 01:31 PM IST,FSL,Firstsource Solutions Limited,Technology,Information Technology Services,182446505984.0,18244.65,27.73,16.7,4.16,67.14,,,12.35,6.67,41.07,22.9,-1.7,,,3087399936.0,308.74,29438369792.0,2943.84,,,,,2.08,0.17,IT_TECH,6,8,4,0,11,0,29,0,29,"Strong revenue growth, Forward PE improving",Negative earnings growth
06.09.2026 at 01:31 PM IST,LANDSMILL,Landsmill Green Limited,Industrials,Conglomerates,902844800.0,90.28,32.0,,0.44,0.44,,,-213.04,117.24,87.31,,,,,34387000.0,3.44,7778000.0,0.78,,,,,,-0.74,CAPITAL_GOODS_INFRA,6,0,12,0,8,0,26,3,29,"Cash covers debt, Low debt, Manageable capital goods debt",
06.09.2026 at 01:31 PM IST,PONNIERODE,Ponni Sugars (Erode) Limited,Consumer Defensive,Confectioners,3296633344.0,329.66,6.66,,0.58,,,,-5.07,11.08,18.56,52.2,,,,471700000.0,47.17,0.0,0.0,,,,,1.31,0.1,GENERAL,3,10,3,0,11,0,27,2,29,"Strong revenue growth, Net cash position, General growth support",
06.09.2026 at 01:31 PM IST,SHAKTIPUMP,Shakti Pumps (India) Limited,Industrials,Specialty Industrial Machinery,58490638336.0,5849.06,27.69,14.77,3.43,29.62,,,8.77,7.22,28.68,37.9,-48.1,,,6838900224.0,683.89,5052800000.0,505.28,,,,,21.0,-0.15,CAPITAL_GOODS_INFRA,3,10,10,0,11,13,21,8,29,"Strong revenue growth, Cash covers debt, Low debt, Forward PE improving, Strong capital goods revenue growth, Manageable capital goods debt","Negative earnings growth, Abnormally high dividend yield"
06.09.2026 at 01:31 PM IST,IOC,Indian Oil Corporation Limited,Energy,Oil & Gas Refining & Marketing,1943082500096.0,194308.25,5.63,7.34,0.86,58.45,,,-0.13,3.92,16.63,38.5,,,,115512000512.0,11551.2,1318223872000.0,131822.39,,,,,6.0,0.77,ENERGY_UTILITIES,0,10,4,0,12,0,26,3,29,"Strong revenue growth, Energy dividend support",Forward PE deterioration
06.09.2026 at 01:31 PM IST,BVCL,Barak Valley Cements Limited,Basic Materials,Building Materials,957533568.0,95.75,47.48,,0.76,23.44,,,8.27,0.94,62.78,6.0,130.0,,,,,,,,,,,,,CEMENT_REALTY,0,12,7,0,6,0,25,4,29,"Strong earnings growth, Low debt, Manageable cement/realty debt",
06.09.2026 at 01:31 PM IST,CCL,CCL Products (India) Limited,Consumer Defensive,Packaged Foods,147402211328.0,14740.22,34.11,23.3,6.28,56.49,,,13.1,9.38,35.57,13.8,61.0,,,2165156096.0,216.52,13243601920.0,1324.36,,,,,52.0,0.03,FMCG_CONSUMER,6,15,4,0,9,5,29,0,29,"Strong earnings growth, Forward PE improving",Abnormally high dividend yield
06.09.2026 at 01:31 PM IST,DIAMONDYD,Prataap Snacks Limited,Consumer Defensive,Packaged Foods,27752017920.0,2775.2,244.42,43.24,3.93,6.45,1.4,0.99,0.88,0.56,28.83,4.9,,1.94,0.74,428063008.0,42.81,451590016.0,45.16,597051648.0,59.71,504699008.0,50.47,4.0,0.07,FMCG_CONSUMER,0,2,15,17,7,10,31,-2,29,"Reasonable cash coverage, Low debt, Positive operating cash flow, Positive free cash flow, Forward PE improving, Low debt consumer business","Very high PE, Premium valuation without growth"
06.09.2026 at 01:31 PM IST,SHRINGARMS,Shringar House of Mangalsutra Limited,Consumer Cyclical,Luxury Goods,21022193664.0,2102.22,15.44,8.35,3.1,27.9,,,8.69,4.92,8.96,64.9,-10.6,,,1272409984.0,127.24,1890899968.0,189.09,,,,,,,CONSUMER_DISCRETIONARY,0,10,9,0,11,8,22,7,29,"Strong revenue growth, Reasonable cash coverage, Low debt, Forward PE improving, Consumer discretionary growth support, Controlled discretionary debt",Negative earnings growth
06.09.2026 at 01:31 PM IST,PICCADIL,Piccadily Agro Industries Limited,Consumer Defensive,Beverages - Wineries & Distilleries,60818616320.0,6081.86,42.82,,6.63,58.89,,,13.43,13.07,44.11,17.4,12.4,,,1492308992.0,149.23,5306228224.0,530.62,,,,,16.0,-0.68,FMCG_CONSUMER,8,13,4,0,4,0,29,0,29,Strong revenue growth,
06.09.2026 at 01:31 PM IST,ITC,ITC Limited,Consumer Defensive,Tobacco,3309115539456.0,330911.55,16.66,15.69,4.56,3.29,,,24.87,25.94,58.28,-11.1,-16.0,,,245109702656.0,24510.97,23993600000.0,2399.36,,,,,6.06,-0.09,FMCG_CONSUMER,11,0,12,0,13,14,22,7,29,"Strong operating margin, Cash covers debt, Low debt, Forward PE improving, Healthy consumer margins, Low debt consumer business","Negative revenue growth, Negative earnings growth"
06.09.2026 at 01:31 PM IST,PDMJEPAPER,Pudumjee Paper Products Limited,Basic Materials,Paper & Paper Products,8925299712.0,892.53,9.8,,1.33,6.35,,,15.04,11.18,31.06,3.3,-7.1,,,1356892032.0,135.69,425127008.0,42.51,,,,,64.0,0.09,GENERAL,6,2,12,0,12,5,27,2,29,"Cash covers debt, Low debt, General low debt support","Negative earnings growth, Abnormally high dividend yield"
06.09.2026 at 01:31 PM IST,BAJAJFINSV,Bajaj Finserv Ltd.,Financial Services,Financial Conglomerates,3152482140160.0,315248.21,31.15,20.75,4.04,256.4,,,40.22,6.47,51.48,19.3,12.7,,,90790502400.0,9079.05,3614400839680.0,361440.08,,,,,7.0,0.37,FINANCIAL,9,13,0,0,11,8,25,4,29,"Strong operating margin, Strong revenue growth, Forward PE improving, Financial leverage treated differently",Very high debt
06.09.2026 at 01:31 PM IST,SSDL,Saraswati Saree Depot Limited,Consumer Cyclical,Apparel Retail,2225508864.0,222.55,9.37,,1.17,0.32,,,4.93,3.73,9.69,1.9,5.6,,,699459968.0,69.95,6220000.0,0.62,,,,,6.2,1.18,CONSUMER_DISCRETIONARY,0,2,12,0,12,0,26,3,29,"Cash covers debt, Low debt, Controlled discretionary debt",
06.09.2026 at 01:31 PM IST,CENTRALBK,Central Bank of India,Financial Services,Banks - Regional,281498583040.0,28149.86,6.17,,0.69,,11.56,0.88,39.67,27.84,0.0,-3.2,2.8,,,371055984640.0,37105.6,288185712640.0,28818.57,,,,,4.46,0.37,BANK,14,0,3,0,12,0,29,0,29,"Strong operating margin, Cash covers debt",Negative revenue growth
06.09.2026 at 01:31 PM IST,LAMBODHARA,Lambodhara Textiles Limited,Consumer Cyclical,Textile Manufacturing,1395787264.0,139.58,11.25,,1.09,30.33,,,6.98,5.34,25.09,-8.8,65.4,,,321060000.0,32.11,388993984.0,38.9,,,,,37.0,0.41,CONSUMER_DISCRETIONARY,0,10,9,0,12,5,26,3,29,"Strong earnings growth, Reasonable cash coverage, Low debt, Controlled discretionary debt","Negative revenue growth, Abnormally high dividend yield"
06.09.2026 at 01:31 PM IST,BPCL,Bharat Petroleum Corporation Limited,Energy,Oil & Gas Refining & Marketing,1348855136256.0,134885.51,7.87,7.91,1.35,54.33,,,-4.05,3.47,12.75,34.4,,,,201686106112.0,20168.61,544244203520.0,54424.42,,,,,6.34,0.87,ENERGY_UTILITIES,0,10,4,0,12,0,26,3,29,"Strong revenue growth, Energy dividend support",
06.09.2026 at 01:31 PM IST,HAVELLS,Havells India Limited,Industrials,Electrical Equipment & Parts,724206157824.0,72420.62,44.44,35.37,7.66,2.8,,,5.3,6.92,32.03,19.5,-16.6,,,23418200064.0,2341.82,2652000000.0,265.2,,,,,1.04,0.3,CAPITAL_GOODS_INFRA,3,8,12,0,6,8,21,8,29,"Strong revenue growth, Cash covers debt, Low debt, Forward PE improving, Strong capital goods revenue growth, Manageable capital goods debt",Negative earnings growth
06.09.2026 at 01:31 PM IST,WORTHPERI,Worth Peripherals Limited,Consumer Cyclical,Packaging & Containers,2441404928.0,244.14,15.88,,1.3,20.29,,,9.78,4.94,28.14,7.6,21.6,,,342224992.0,34.22,415180992.0,41.52,,,,,65.0,0.09,CONSUMER_DISCRETIONARY,0,10,9,0,12,5,26,3,29,"Strong earnings growth, Reasonable cash coverage, Low debt, Controlled discretionary debt",Abnormally high dividend yield
06.09.2026 at 01:31 PM IST,CMRGREEN,CMR Green Technologies Limited,Basic Materials,Aluminum,,,35.1,12.62,3.26,82.68,,,3.86,2.24,11.71,64.9,15.4,,,88200000.0,8.82,14259800064.0,1425.98,,,,,,,METALS_MINING,0,18,4,0,7,0,29,0,29,"Strong revenue growth, Strong earnings growth, Forward PE improving",
06.09.2026 at 01:31 PM IST,KAPSTON,Kapston Services Limited,Industrials,Specialty Business Services,17825652736.0,1782.57,58.28,,15.32,158.27,,,6.06,3.54,7.33,16.2,38.6,,,151720992.0,15.17,1841489024.0,184.15,,,,,,0.12,CAPITAL_GOODS_INFRA,0,18,0,0,2,0,20,9,29,"Strong revenue growth, Strong earnings growth, Strong capital goods revenue growth, Strong capital goods earnings growth",Expensive price-to-book
06.09.2026 at 01:31 PM IST,JSL,Jindal Stainless Limited,Basic Materials,Steel,609722892288.0,60972.29,18.82,14.26,13.55,37.52,,,9.1,7.38,21.99,10.5,7.6,,,29351499776.0,2935.15,74603298816.0,7460.33,,,,,54.0,0.54,METALS_MINING,3,7,7,0,11,5,23,6,29,"Low debt, Forward PE improving, Controlled metal sector debt, Commodity dividend support","Expensive price-to-book, Abnormally high dividend yield"
06.09.2026 at 01:31 PM IST,INOXINDIA,INOX India Limited,Industrials,Specialty Industrial Machinery,204257296384.0,20425.73,79.95,48.98,18.24,7.25,,,17.9,15.75,55.29,9.2,-4.9,,,3129007104.0,312.9,810403968.0,81.04,,,,,9.0,0.53,CAPITAL_GOODS_INFRA,8,5,12,0,5,0,30,-1,29,"Cash covers debt, Low debt, Forward PE improving, Manageable capital goods debt","Negative earnings growth, Expensive price-to-book, Expensive capital goods valuation without growth"
06.09.2026 at 01:31 PM IST,BEML,BEML Limited,Industrials,Conglomerates,171408769024.0,17140.88,96.17,28.45,5.84,10.53,,,-2.61,3.93,46.85,29.3,,,,370900000.0,37.09,3088399872.0,308.84,,,,,86.0,0.69,CAPITAL_GOODS_INFRA,0,10,9,0,7,5,21,8,29,"Strong revenue growth, Low debt, Forward PE improving, Strong capital goods revenue growth, Manageable capital goods debt","Very high PE, Abnormally high dividend yield"
06.09.2026 at 01:31 PM IST,SUVEN,Suven Life Sciences Limited,Healthcare,Drug Manufacturers - Specialty & Generic,106921721856.0,10692.17,,19.56,16.87,2.82,,,-37.76,0.0,92.83,91.0,,,,5181076992.0,518.11,166942000.0,16.69,,,,,,0.84,PHARMA_HEALTHCARE,0,10,12,0,0,0,22,7,29,"Strong revenue growth, Cash covers debt, Low debt, Healthcare growth support, Controlled healthcare debt",Expensive price-to-book
06.09.2026 at 01:31 PM IST,GFLLIMITED,GFL Limited,Financial Services,Asset Management,6950340096.0,695.03,11.47,,0.27,,,,-4.17,21.57,100.0,28.6,,,,5100000.0,0.51,0.0,0.0,,,,,,0.1,FINANCIAL,6,10,3,0,10,0,29,0,29,"Strong revenue growth, Net cash position",
06.09.2026 at 01:31 PM IST,NAGREEKEXP,Nagreeka Exports Limited,Consumer Cyclical,Textile Manufacturing,703108096.0,70.31,22.06,,0.43,108.51,,,2.52,0.53,16.14,92.5,13.8,,,28691000.0,2.87,1727837056.0,172.78,,,,,,1.18,CONSUMER_DISCRETIONARY,0,15,2,0,8,0,25,4,29,"Strong revenue growth, Consumer discretionary growth support",
06.09.2026 at 01:31 PM IST,SAKUMA,Sakuma Exports Limited,Consumer Defensive,Farm Products,2586735872.0,258.67,23.57,1.4,0.35,1.18,,,0.05,0.64,4.51,-11.3,70.5,,,1477021056.0,147.7,88005000.0,8.8,,,,,,0.61,GENERAL,0,10,12,0,11,6,27,2,29,"Strong earnings growth, Cash covers debt, Low debt, Forward PE improving, General low debt support",Negative revenue growth
06.09.2026 at 01:31 PM IST,BSHSL,Bombay Super Hybrid Seeds Limited,Basic Materials,Agricultural Inputs,9529354240.0,952.94,33.26,,7.28,82.64,,,9.2,7.68,18.73,19.4,16.2,,,7083000.0,0.71,1082681984.0,108.27,,,,,,0.89,GENERAL,3,16,4,0,4,0,27,2,29,"Strong revenue growth, Strong earnings growth, General growth support",
06.09.2026 at 01:31 PM IST,KOPRAN,Kopran Limited,Healthcare,Drug Manufacturers - General,11250545664.0,1125.05,44.89,41.09,2.12,28.8,,,6.51,3.57,35.78,13.9,-9.7,,,6820000.0,0.68,1526925056.0,152.69,,,,,1.29,0.92,PHARMA_HEALTHCARE,0,5,7,0,10,0,22,7,29,"Low debt, Forward PE improving, Healthcare growth support, Controlled healthcare debt",Negative earnings growth
06.09.2026 at 01:31 PM IST,TATASTEEL,Tata Steel Limited,Basic Materials,Steel,2355025936384.0,235502.59,21.36,10.55,2.31,89.02,,,9.25,4.6,56.35,14.3,11.4,,,99790397440.0,9979.04,923818983424.0,92381.9,,,,,2.12,0.86,METALS_MINING,0,10,4,0,13,0,27,2,29,"Forward PE improving, Commodity dividend support",
06.09.2026 at 01:31 PM IST,MONARCH,Monarch Networth Capital Limited,Financial Services,Capital Markets,29899243520.0,2989.92,16.54,,3.07,3.83,,,62.64,50.53,92.14,-8.3,-0.2,,,7086507008.0,708.65,372068992.0,37.21,,,,,26.0,0.22,FINANCIAL,12,0,12,0,10,5,29,0,29,"Strong operating margin, Cash covers debt, Low debt","Negative revenue growth, Negative earnings growth, Abnormally high dividend yield"
06.09.2026 at 01:31 PM IST,IGL,Indraprastha Gas Limited,Utilities,Utilities - Regulated Gas,221634232320.0,22163.42,17.34,11.56,1.92,0.85,,,3.41,8.08,21.21,17.2,-43.8,,,43097800704.0,4309.78,977500032.0,97.75,,,,,1.9,0.52,ENERGY_UTILITIES,3,8,12,0,14,8,29,0,29,"Strong revenue growth, Cash covers debt, Low debt, Forward PE improving",Negative earnings growth
06.09.2026 at 01:31 PM IST,S&SPOWER,S&S Power Switchgear Limited,Industrials,Electrical Equipment & Parts,4045560064.0,404.56,50.12,,4.54,44.2,,,1.5,2.93,33.24,20.0,,,,262940000.0,26.29,394462016.0,39.45,,,,,,0.44,CAPITAL_GOODS_INFRA,0,8,9,0,4,0,21,8,29,"Strong revenue growth, Reasonable cash coverage, Low debt, Strong capital goods revenue growth, Manageable capital goods debt",
06.09.2026 at 01:31 PM IST,FORCEMOT,Force Motors Limited,Consumer Cyclical,Auto Manufacturers,230584582144.0,23058.46,18.42,,5.6,,,,10.26,13.61,31.09,6.2,22.8,,,8315899904.0,831.59,0.0,0.0,,,,,29.0,0.65,AUTO,8,10,3,0,10,5,26,3,29,"Strong earnings growth, Net cash position, Healthy auto margin",Abnormally high dividend yield
06.09.2026 at 01:31 PM IST,BATAINDIA,Bata India Limited,Consumer Cyclical,Footwear & Accessories,86499033088.0,8649.9,59.19,31.95,5.42,86.9,,,10.56,4.11,55.1,3.9,23.0,,,5264059904.0,526.41,13865700352.0,1386.57,,,,,5.05,0.38,CONSUMER_DISCRETIONARY,3,10,4,0,9,0,26,3,29,"Strong earnings growth, Forward PE improving, Healthy discretionary margin",
06.09.2026 at 01:31 PM IST,SUNDARAM,Sundaram Multi Pap Limited,Basic Materials,Paper & Paper Products,582869632.0,58.29,13.67,,0.8,23.31,,,0.85,2.7,31.82,22.0,,,,2006000.0,0.2,211416992.0,21.14,,,,,,0.47,GENERAL,0,8,7,0,10,0,25,4,29,"Strong revenue growth, Low debt, General low debt support, General growth support",
06.09.2026 at 01:31 PM IST,LOVABLE,Lovable Lingerie Limited,Consumer Cyclical,Apparel Manufacturing,1050800000.0,105.08,13.27,4.02,0.58,1.51,,,10.0,8.54,48.5,-22.2,-1.6,,,8437000.0,0.84,27344000.0,2.73,,,,,,0.56,CONSUMER_DISCRETIONARY,6,0,9,0,13,6,22,6,28,"Low debt, Forward PE improving, Healthy discretionary margin, Controlled discretionary debt","Negative revenue growth, Negative earnings growth"
06.09.2026 at 01:31 PM IST,REPCOHOME,Repco Home Finance Limited,Financial Services,Mortgage Finance,22518962176.0,2251.9,4.67,4.55,0.56,318.34,,,66.57,55.46,99.48,13.3,2.0,,,1811200000.0,181.12,114940403712.0,11494.04,,,,,2.34,0.41,FINANCIAL,12,5,0,0,15,8,24,4,28,"Strong operating margin, Forward PE improving, Financial leverage treated differently",Very high debt
06.09.2026 at 01:31 PM IST,BATLIBOI,Batliboi Limited,Industrials,Specialty Industrial Machinery,4274501376.0,427.45,45.48,,1.85,37.08,,,1.05,1.88,35.34,80.2,,,,368704992.0,36.87,858112000.0,85.81,,,,,66.0,1.2,CAPITAL_GOODS_INFRA,0,10,7,0,8,5,20,8,28,"Strong revenue growth, Low debt, Strong capital goods revenue growth, Manageable capital goods debt",Abnormally high dividend yield
06.09.2026 at 01:31 PM IST,LT,Larsen & Toubro Limited,Industrials,Engineering & Construction,5454071070720.0,545407.11,32.89,22.04,4.99,97.64,,,10.61,5.59,37.43,8.1,14.0,,,766146510848.0,76614.65,1254965903360.0,125496.59,,,,,96.0,0.51,CAPITAL_GOODS_INFRA,3,10,6,0,11,5,25,3,28,"Reasonable cash coverage, Forward PE improving, Manageable capital goods debt",Abnormally high dividend yield
06.09.2026 at 01:31 PM IST,DLF,DLF Limited,Real Estate,Real Estate - Development,1687915069440.0,168791.51,38.03,26.82,3.71,0.67,10.1,,8.99,65.79,46.51,-52.9,4.2,,,95860482048.0,9586.05,3058931968.0,305.89,,,,,1.17,0.39,CEMENT_REALTY,8,2,12,0,8,6,24,4,28,"Cash covers debt, Low debt, Forward PE improving, Manageable cement/realty debt",Negative revenue growth
06.09.2026 at 01:31 PM IST,CANTABIL,Cantabil Retail India Limited,Consumer Cyclical,Apparel Manufacturing,20382590976.0,2038.26,20.94,,4.26,113.83,,,17.57,11.16,71.04,12.7,11.4,,,253880992.0,25.39,5441070080.0,544.11,,,,,62.0,-0.22,CONSUMER_DISCRETIONARY,6,10,2,0,8,5,21,7,28,"Consumer discretionary growth support, Healthy discretionary margin",Abnormally high dividend yield
06.09.2026 at 01:31 PM IST,MITTAL,Mittal Life Style Limited,Consumer Cyclical,Textile Manufacturing,363998624.0,36.4,16.4,,0.06,29.49,,,7.92,3.3,16.17,-9.9,15.0,,,21872000.0,2.19,189612992.0,18.96,,,,,,0.45,CONSUMER_DISCRETIONARY,0,8,7,0,10,0,25,3,28,"Strong earnings growth, Low debt, Controlled discretionary debt",Negative revenue growth
06.09.2026 at 01:31 PM IST,ARVIND,Arvind Limited,Consumer Cyclical,Textile Manufacturing,150438477824.0,15043.85,34.98,21.6,3.58,40.07,,,5.88,4.23,48.3,24.7,0.5,,,3134000128.0,313.4,16595200000.0,1659.52,,,,,81.0,0.18,CONSUMER_DISCRETIONARY,0,8,7,0,11,5,21,7,28,"Strong revenue growth, Low debt, Forward PE improving, Consumer discretionary growth support, Controlled discretionary debt",Abnormally high dividend yield
06.09.2026 at 01:31 PM IST,UMESLTD,Usha Martin Education & Solutions Limited,Consumer Defensive,Education & Training Services,136327648.0,13.63,34.0,,5.81,9.18,,,23.75,44.92,73.06,-9.4,0.0,,,239000.0,0.02,2250000.0,0.23,,,,,,-0.55,GENERAL,11,0,9,0,6,0,26,2,28,"Strong operating margin, Low debt, General low debt support",Negative revenue growth
06.09.2026 at 01:31 PM IST,DRREDDY,Dr. Reddy's Laboratories Limited,Healthcare,Drug Manufacturers - Specialty & Generic,958769463296.0,95876.95,28.99,19.41,2.5,18.61,8.84,4.01,4.25,10.0,50.18,-5.6,-68.7,1.9,1.16,81426997248.0,8142.7,71951998976.0,7195.2,-3909625088.0,-390.96,41199001600.0,4119.9,70.0,0.24,PHARMA_HEALTHCARE,5,0,18,12,13,18,30,-2,28,"Cash covers debt, Low debt, Positive operating cash flow, Cash flow supports profitability, Forward PE improving, Controlled healthcare debt","Negative revenue growth, Negative earnings growth, Negative free cash flow, Abnormally high dividend yield, Healthcare earnings contraction"
06.09.2026 at 01:31 PM IST,MODINATUR,Modi Naturals Limited,Consumer Defensive,Packaged Foods,4502884864.0,450.29,8.6,,2.62,93.66,,,12.38,7.27,24.52,0.4,19.9,,,18258000.0,1.83,1612140032.0,161.21,,,,,,0.18,FMCG_CONSUMER,6,8,4,0,10,0,28,0,28,Strong earnings growth,
06.09.2026 at 01:31 PM IST,SUPRAJIT,Suprajit Engineering Limited,Consumer Cyclical,Auto Parts,65900957696.0,6590.1,35.27,18.73,4.59,69.08,,,8.36,4.63,43.8,23.9,8.6,,,3412100096.0,341.21,9926169600.0,992.62,,,,,73.0,0.29,AUTO,0,13,4,0,9,5,21,7,28,"Strong revenue growth, Forward PE improving, Auto revenue growth support, Manageable auto debt",Abnormally high dividend yield
06.09.2026 at 01:31 PM IST,HINDPETRO,Hindustan Petroleum Corporation Limited,Energy,Oil & Gas Refining & Marketing,758568714240.0,75856.87,45.47,6.3,1.16,85.37,,,-12.85,0.36,6.47,26.9,,,,32777699328.0,3277.77,559644278784.0,55964.43,,,,,6.8,0.9,ENERGY_UTILITIES,0,10,4,0,11,0,25,3,28,"Strong revenue growth, Forward PE improving, Energy dividend support",
06.09.2026 at 01:31 PM IST,TRANSRAILL,Transrail Lighting Limited,Industrials,Engineering & Construction,57998606336.0,5799.86,14.36,11.34,2.54,29.73,,,10.74,5.93,30.44,4.0,2.0,,,7642399744.0,764.24,6781300224.0,678.13,,,,,47.0,,CAPITAL_GOODS_INFRA,3,2,10,0,15,5,25,3,28,"Cash covers debt, Low debt, Forward PE improving, Manageable capital goods debt",Abnormally high dividend yield
06.09.2026 at 01:31 PM IST,CESC,CESC Limited,Utilities,Utilities - Regulated Electric,193533280256.0,19353.33,12.45,10.33,1.55,164.31,,,11.78,8.24,38.36,5.4,3.8,,,56710000640.0,5671.0,216710004736.0,21671.0,,,,,4.1,0.37,ENERGY_UTILITIES,6,4,0,0,15,0,25,3,28,"Forward PE improving, Energy dividend support",
06.09.2026 at 01:31 PM IST,CHAMBLFERT,Chambal Fertilisers and Chemicals Limited,Basic Materials,Agricultural Inputs,168073641984.0,16807.36,8.71,8.59,1.61,10.27,,,15.15,9.58,37.52,-11.8,-4.6,,,10606600192.0,1060.66,10675000320.0,1067.5,,,,,2.86,0.29,GENERAL,6,0,11,0,15,6,26,2,28,"Reasonable cash coverage, Low debt, Forward PE improving, General low debt support","Negative revenue growth, Negative earnings growth"
06.09.2026 at 01:31 PM IST,BBL,Bharat Bijlee Limited,Industrials,Electrical Equipment & Parts,25771114496.0,2577.11,23.05,53.66,1.27,15.12,,,4.2,4.75,23.35,17.7,-29.6,,,2642599936.0,264.26,3066700032.0,306.67,,,,,1.53,0.54,CAPITAL_GOODS_INFRA,0,8,11,0,9,8,20,8,28,"Strong revenue growth, Reasonable cash coverage, Low debt, Strong capital goods revenue growth, Manageable capital goods debt","Negative earnings growth, Forward PE deterioration"
06.09.2026 at 01:31 PM IST,JYOTICNC,Jyoti CNC Automation Limited,Industrials,Specialty Industrial Machinery,227991666688.0,22799.17,70.85,41.43,11.4,42.61,,,18.44,14.68,55.68,24.0,-20.1,,,1371200000.0,137.12,8527499776.0,852.75,,,,,,-0.42,CAPITAL_GOODS_INFRA,10,8,7,0,3,8,20,8,28,"Strong operating margin, Strong revenue growth, Low debt, Forward PE improving, Strong capital goods revenue growth, Manageable capital goods debt","Negative earnings growth, Expensive price-to-book"
06.09.2026 at 01:31 PM IST,SINTERCOM,Sintercom India Limited,Consumer Cyclical,Auto Parts,2194242816.0,219.42,132.85,,2.16,51.5,,,8.67,1.58,37.67,17.9,80.0,,,5835000.0,0.58,530894016.0,53.09,,,,,,0.36,AUTO,0,18,4,0,4,5,21,7,28,"Strong revenue growth, Strong earnings growth, Auto revenue growth support, Manageable auto debt",Very high PE
06.09.2026 at 01:31 PM IST,PROTEAN,Protean eGov Technologies Limited,Technology,Information Technology Services,20351217664.0,2035.12,24.68,16.04,1.89,8.12,,,-2.04,7.96,23.01,19.0,-75.6,,,3253100032.0,325.31,874899968.0,87.49,,,,,2.01,0.27,IT_TECH,3,8,12,0,13,8,28,0,28,"Strong revenue growth, Cash covers debt, Low debt, Forward PE improving",Negative earnings growth
06.09.2026 at 01:31 PM IST,RELIANCE,Reliance Industries Limited,Energy,Oil & Gas Refining & Marketing,17889929199616.0,1788992.92,23.92,18.52,1.98,36.65,,,12.33,6.61,33.84,29.7,-22.4,,,2581470117888.0,258147.01,3979999969280.0,398000.0,,,,,45.0,0.15,ENERGY_UTILITIES,6,10,9,0,13,13,25,3,28,"Strong revenue growth, Reasonable cash coverage, Low debt, Forward PE improving, Energy dividend support","Negative earnings growth, Abnormally high dividend yield"
06.09.2026 at 01:31 PM IST,NILAINFRA,Nila Infrastructures Limited,Real Estate,Real Estate - Development,2631179776.0,263.12,10.6,,1.4,12.65,,,9.53,8.22,14.74,-19.9,23.5,,,2803000.0,0.28,236908000.0,23.69,,,,,,0.79,CEMENT_REALTY,3,8,9,0,10,6,24,4,28,"Strong earnings growth, Low debt, Manageable cement/realty debt",Negative revenue growth
06.09.2026 at 01:31 PM IST,20MICRONS,20 Microns Limited,Basic Materials,Other Industrial Metals & Mining,7867125760.0,786.71,11.61,,1.63,32.04,,,11.05,7.12,47.23,-1.0,5.4,,,735836032.0,73.58,1560039936.0,156.0,,,,,56.0,0.73,METALS_MINING,6,2,7,0,12,5,22,6,28,"Low debt, Controlled metal sector debt, Commodity dividend support","Negative revenue growth, Abnormally high dividend yield"
06.09.2026 at 01:31 PM IST,MOKSH,Moksh Ornaments Limited,Consumer Cyclical,Luxury Goods,841677120.0,84.17,8.04,,0.65,19.06,,,1.63,1.32,3.02,77.6,-37.9,,,67196000.0,6.72,246016000.0,24.6,,,,,,0.21,CONSUMER_DISCRETIONARY,0,10,9,0,10,8,21,7,28,"Strong revenue growth, Low debt, Consumer discretionary growth support, Controlled discretionary debt",Negative earnings growth
06.09.2026 at 01:31 PM IST,PROZONER,Prozone Realty Limited,Real Estate,Real Estate - Diversified,7614883840.0,761.49,124.75,,1.65,134.62,2.82,2.32,24.07,5.47,71.03,-0.5,,1.97,0.35,768251008.0,76.83,6575349248.0,657.53,763118720.0,76.31,737424000.0,73.74,,0.81,CEMENT_REALTY,5,0,6,17,4,10,22,6,28,"Strong operating margin, Positive operating cash flow, Positive free cash flow, Healthy cement/realty margin, Cement/realty cashflow support","Negative revenue growth, Very high PE"
06.09.2026 at 01:31 PM IST,BRIGADE,Brigade Enterprises Limited,Real Estate,Real Estate - Development,226030518272.0,22603.05,35.05,18.53,33.14,84.32,,,25.83,12.56,52.99,-12.9,33.8,,,27353100288.0,2735.31,63439499264.0,6343.95,,,,,29.0,0.18,CEMENT_REALTY,11,10,4,0,7,11,21,7,28,"Strong operating margin, Strong earnings growth, Forward PE improving, Manageable cement/realty debt, Healthy cement/realty margin","Negative revenue growth, Expensive price-to-book, Abnormally high dividend yield"
06.09.2026 at 01:31 PM IST,ZYDUSLIFE,Zydus Lifesciences Limited,Healthcare,Drug Manufacturers - Specialty & Generic,1117204250624.0,111720.43,24.94,22.77,4.16,42.3,,,16.44,15.78,72.11,22.0,-35.9,,,49711001600.0,4971.1,125145997312.0,12514.6,,,,,9.0,0.37,PHARMA_HEALTHCARE,8,8,7,0,11,8,26,2,28,"Strong revenue growth, Low debt, Forward PE improving, Healthcare growth support, Controlled healthcare debt","Negative earnings growth, Healthcare earnings contraction"
06.09.2026 at 01:31 PM IST,UNITEDPOLY,United Polyfab Gujarat Limited,Consumer Cyclical,Textile Manufacturing,9639651328.0,963.97,36.52,,7.21,80.16,,,5.68,3.66,11.31,23.0,30.8,,,85364000.0,8.54,1063134976.0,106.31,,,,,,-0.05,CONSUMER_DISCRETIONARY,0,18,4,0,2,0,24,4,28,"Strong revenue growth, Strong earnings growth, Consumer discretionary growth support",
06.09.2026 at 01:31 PM IST,IIFLCAPS,IIFL Capital Services Limited,Financial Services,Capital Markets,107317542912.0,10731.75,19.71,,3.46,59.29,,,36.18,24.52,61.66,3.3,4.5,,,50653908992.0,5065.39,18208868352.0,1820.89,,,,,88.0,0.76,FINANCIAL,12,4,7,0,10,5,28,0,28,"Strong operating margin, Cash covers debt",Abnormally high dividend yield
06.09.2026 at 01:31 PM IST,SHREEPUSHK,Shree Pushkar Chemicals & Fertilisers Limited,Basic Materials,Specialty Chemicals,15263390720.0,1526.34,21.45,29.23,2.5,21.54,,,9.14,7.19,33.61,10.0,6.9,,,1318530048.0,131.85,1314195968.0,131.42,,,,,44.0,0.09,CHEMICALS,3,7,10,0,10,5,25,3,28,"Cash covers debt, Low debt, Controlled chemical debt","Forward PE deterioration, Abnormally high dividend yield"
06.09.2026 at 01:31 PM IST,MAANALU,Maan Aluminium Limited,Basic Materials,Aluminum,7067416576.0,706.74,49.71,,2.51,19.94,,,1.46,1.62,12.05,9.8,4.0,,,469700000.0,46.97,547900032.0,54.79,,,,,,0.74,METALS_MINING,0,7,11,0,6,0,24,4,28,"Reasonable cash coverage, Low debt, Controlled metal sector debt",
06.09.2026 at 01:31 PM IST,REDTAPE,REDTAPE Limited,Consumer Cyclical,Footwear & Accessories,66889719808.0,6688.97,27.13,,6.55,70.49,,,15.1,9.81,44.41,6.9,14.3,,,90500000.0,9.05,7199600128.0,719.96,,,,,1.66,0.13,CONSUMER_DISCRETIONARY,6,7,4,0,5,0,22,6,28,"Healthy discretionary margin, Controlled discretionary debt",
06.09.2026 at 01:31 PM IST,HDFCLIFE,HDFC Life Insurance Company Limited,Financial Services,Insurance - Life,1186807676928.0,118680.77,59.91,45.65,6.08,15.88,10.83,0.38,2.19,1.9,10.2,14.3,11.9,1.24,0.41,26966700032.0,2696.67,30990000128.0,3099.0,,,,,38.0,0.5,FINANCIAL,2,10,13,0,7,5,27,0,27,"Reasonable cash coverage, Low debt, Forward PE improving",Abnormally high dividend yield
06.09.2026 at 01:31 PM IST,TRITURBINE,Triveni Turbine Limited,Industrials,Specialty Industrial Machinery,183745314816.0,18374.53,54.73,37.35,12.69,2.48,,,9.46,14.93,45.13,19.2,-21.2,,,5805000192.0,580.5,358000000.0,35.8,,,,,69.0,0.53,CAPITAL_GOODS_INFRA,5,8,12,0,7,13,19,8,27,"Strong revenue growth, Cash covers debt, Low debt, Forward PE improving, Strong capital goods revenue growth, Manageable capital goods debt","Negative earnings growth, Expensive price-to-book, Abnormally high dividend yield"
06.09.2026 at 01:31 PM IST,JUBLFOOD,Jubilant FoodWorks Limited,Consumer Cyclical,Restaurants,317459529728.0,31745.95,85.43,53.04,13.85,2.65,,,8.03,4.42,52.59,20.3,,,,1179687040.0,117.97,146060000.0,14.61,,,,,25.0,0.17,CONSUMER_DISCRETIONARY,0,8,12,0,5,5,20,7,27,"Strong revenue growth, Cash covers debt, Low debt, Forward PE improving, Consumer discretionary growth support, Controlled discretionary debt","Very high PE, Expensive price-to-book, Abnormally high dividend yield"
06.09.2026 at 01:31 PM IST,SBC,SBC Exports Limited,Industrials,Conglomerates,21880932352.0,2188.09,67.57,,27.7,283.23,,,10.42,7.14,14.81,66.3,185.7,,,180483008.0,18.05,2271311104.0,227.13,,,,,,0.3,CAPITAL_GOODS_INFRA,6,20,0,0,0,8,18,9,27,"Strong revenue growth, Strong earnings growth, Strong capital goods revenue growth, Strong capital goods earnings growth","Very high debt, Expensive price-to-book"
06.09.2026 at 01:31 PM IST,PRINCEPIPE,Prince Pipes and Fittings Limited,Industrials,Building Products & Equipment,31405359104.0,3140.54,30.15,18.91,1.91,8.84,,,6.91,3.89,29.02,5.0,5.93,,,2771419904.0,277.14,1453449984.0,145.34,,,,,35.0,0.68,CAPITAL_GOODS_INFRA,0,4,12,0,13,5,24,3,27,"Cash covers debt, Low debt, Forward PE improving, Manageable capital goods debt",Abnormally high dividend yield
06.09.2026 at 01:31 PM IST,OPTIEMUS,Optiemus Infracom Limited,Technology,Electronics & Computer Distribution,51859234816.0,5185.92,71.18,,6.57,45.35,,,2.69,3.28,12.7,102.8,46.0,,,418145984.0,41.81,3728220928.0,372.82,,,,,,0.06,IT_TECH,0,20,7,0,0,0,27,0,27,"Strong revenue growth, Strong earnings growth, Low debt",
06.09.2026 at 01:31 PM IST,SONATSOFTW,Sonata Software Limited,Technology,Information Technology Services,78927937536.0,7892.79,17.05,13.61,4.14,37.96,,,4.34,4.21,12.1,10.6,-0.8,,,5792799744.0,579.28,7230300160.0,723.03,,,,,2.77,0.38,IT_TECH,0,5,9,0,13,0,27,0,27,"Reasonable cash coverage, Low debt, Forward PE improving",Negative earnings growth
06.09.2026 at 01:31 PM IST,MONTECARLO,Monte Carlo Fashions Limited,Consumer Cyclical,Apparel Manufacturing,11900205056.0,1190.02,11.35,11.28,1.31,63.99,,,-20.04,8.15,49.1,7.6,,,,1158800000.0,115.88,5796599808.0,579.66,,,,,3.48,0.21,CONSUMER_DISCRETIONARY,3,2,4,0,15,0,24,3,27,"Forward PE improving, Controlled discretionary debt",
06.09.2026 at 01:31 PM IST,HINDCOMPOS,Hindustan Composites Limited,Consumer Cyclical,Auto Parts,5790924800.0,579.09,18.39,,0.51,0.15,,,7.88,8.5,51.8,-77.0,16.4,,,361700000.0,36.17,16800000.0,1.68,,,,,51.0,0.35,AUTO,3,8,12,0,12,11,24,3,27,"Strong earnings growth, Cash covers debt, Low debt, Manageable auto debt","Negative revenue growth, Abnormally high dividend yield"
06.09.2026 at 01:31 PM IST,ARCHIDPLY,Archidply Industries Limited,Basic Materials,Lumber & Wood Production,2076708096.0,207.67,15.83,,1.84,163.1,,,5.75,1.83,33.67,27.8,8.76,,,7611000.0,0.76,1824672000.0,182.47,,,,,,0.2,GENERAL,0,15,0,0,10,0,25,2,27,"Strong revenue growth, General growth support",
06.09.2026 at 01:31 PM IST,ASHIANA,Ashiana Housing Limited,Real Estate,Real Estate - Development,36063293440.0,3606.33,29.8,20.86,3.96,35.12,14.33,1.73,3.97,12.35,32.28,-63.3,3.8,1.31,0.26,8170999808.0,817.1,3066299904.0,306.63,,,,,70.0,0.4,CEMENT_REALTY,9,2,12,0,11,11,23,4,27,"Cash covers debt, Low debt, Forward PE improving, Manageable cement/realty debt","Negative revenue growth, Abnormally high dividend yield"
06.09.2026 at 01:31 PM IST,SURANAT&P,Surana Telecom and Power Limited,Utilities,Utilities - Independent Power Producers,2250900224.0,225.09,7.61,,1.4,34.44,,,4.21,54.52,23.12,-15.6,350.0,,,30369000.0,3.04,665086016.0,66.51,,,,,,0.28,ENERGY_UTILITIES,6,10,7,0,10,6,27,0,27,"Strong earnings growth, Low debt",Negative revenue growth
06.09.2026 at 01:31 PM IST,VINYLINDIA,Vinyl Chemicals (India) Limited,Basic Materials,Specialty Chemicals,4283549440.0,428.35,22.95,,3.29,0.38,,,7.4,3.11,5.78,-34.1,49.2,,,603961984.0,60.4,4947000.0,0.49,,,,,3.01,0.3,CHEMICALS,0,10,12,0,8,6,24,3,27,"Strong earnings growth, Cash covers debt, Low debt, Controlled chemical debt",Negative revenue growth
06.09.2026 at 01:31 PM IST,ADVANIHOTR,Advani Hotels & Resorts (India) Limited,Consumer Cyclical,Lodging,4554444800.0,455.44,19.87,,0.88,0.56,,,4.03,21.24,59.9,5.5,-40.0,,,597504000.0,59.75,28760000.0,2.88,,,,,5.46,-0.03,CONSUMER_DISCRETIONARY,6,2,12,0,12,8,24,3,27,"Cash covers debt, Low debt, Controlled discretionary debt",Negative earnings growth
06.09.2026 at 01:31 PM IST,MUKKA,Mukka Proteins Limited,Consumer Defensive,Packaged Foods,9390000128.0,939.0,13.49,,1.87,147.38,,,8.82,3.93,19.59,186.7,11.6,,,604289984.0,60.43,7792880128.0,779.29,,,,,,0.65,FMCG_CONSUMER,0,15,2,0,10,0,27,0,27,Strong revenue growth,
06.09.2026 at 01:31 PM IST,ZUARI,Zuari Agro Chemicals Limited,Basic Materials,Agricultural Inputs,9509315584.0,950.93,1.01,52.58,0.38,30.7,,,8.82,36.56,28.29,-50.6,19.7,,,633600000.0,63.36,6416399872.0,641.64,,,,,,-0.1,GENERAL,6,8,7,0,10,6,25,2,27,"Strong earnings growth, Low debt, General low debt support","Negative revenue growth, Forward PE deterioration"
06.09.2026 at 01:31 PM IST,POWERGRID,Power Grid Corporation of India Limited,Utilities,Utilities - Regulated Electric,2473960669184.0,247396.07,13.02,13.7,2.46,150.81,,,55.74,33.8,97.6,2.7,-0.8,,,57857601536.0,5785.76,1515580948480.0,151558.09,,,,,4.61,0.16,ENERGY_UTILITIES,12,0,0,0,12,0,24,3,27,"Strong operating margin, Energy dividend support",Negative earnings growth
06.09.2026 at 01:31 PM IST,COASTCORP,Coastal Corporation Limited,Consumer Defensive,Packaged Foods,2813043712.0,281.3,8.64,,0.99,169.52,,,6.38,3.12,34.2,38.2,101.2,,,702174016.0,70.22,4809099776.0,480.91,,,,,67.0,0.31,FMCG_CONSUMER,0,20,0,0,12,5,27,0,27,"Strong revenue growth, Strong earnings growth",Abnormally high dividend yield
06.09.2026 at 01:31 PM IST,PVRINOX,PVR INOX Limited,Communication Services,Entertainment,120785952768.0,12078.6,43.2,20.99,1.64,91.87,,,13.19,6.52,66.96,10.4,,,,5916000256.0,591.6,67790999552.0,6779.1,,,,,,0.33,TELECOM,6,5,4,0,9,0,24,3,27,"Forward PE improving, Telecom revenue growth support",
06.09.2026 at 01:31 PM IST,UMIYA-MRO,Umiya Buildcon Limited,Technology,Communication Equipment,1941330176.0,194.13,17.64,,1.53,110.39,,,24.07,11.82,65.65,27.3,-99.2,,,15795000.0,1.58,1272153984.0,127.22,,,,,,0.51,IT_TECH,8,10,2,0,10,8,22,5,27,"Strong operating margin, Strong revenue growth, Strong tech operating margin",Negative earnings growth
06.09.2026 at 01:31 PM IST,HALDER,Halder Venture Limited,Consumer Defensive,Farm Products,3656811776.0,365.68,13.97,,2.05,197.41,,,6.88,0.59,14.63,81.3,12.9,,,215670000.0,21.57,3607066880.0,360.71,,,,,,5.41,GENERAL,0,15,0,0,10,0,25,2,27,"Strong revenue growth, General growth support",
06.09.2026 at 01:31 PM IST,HILINFRA,Highway Infrastructure Limited,Industrials,Infrastructure Operations,3193002496.0,319.3,12.0,,1.31,45.42,,,1.01,3.16,6.2,170.9,-87.2,,,143190000.0,14.32,1038080000.0,103.81,,,,,,,CAPITAL_GOODS_INFRA,0,10,7,0,10,8,19,8,27,"Strong revenue growth, Low debt, Strong capital goods revenue growth, Manageable capital goods debt",Negative earnings growth
06.09.2026 at 01:31 PM IST,TEMBO,Tembo Global Industries Limited,Industrials,Metal Fabrication,114647506944.0,11464.75,11.75,,1.98,78.44,,,15.83,8.94,18.98,21.9,-9.1,,,1504888960.0,150.49,3858177024.0,385.82,,,,,34.0,0.72,METALS_MINING,6,8,4,0,12,5,25,2,27,"Strong revenue growth, Commodity dividend support","Negative earnings growth, Abnormally high dividend yield"
06.09.2026 at 01:31 PM IST,INDOFARM,Indo Farm Equipment Limited,Industrials,Farm & Heavy Construction Machinery,6419694080.0,641.97,25.74,,1.16,26.87,,,9.83,5.49,40.51,14.5,4.4,,,761824000.0,76.18,1495470976.0,149.55,,,,,,,CAPITAL_GOODS_INFRA,0,7,9,0,8,0,24,3,27,"Reasonable cash coverage, Low debt, Manageable capital goods debt",
06.09.2026 at 01:31 PM IST,RATNAVEER,Ratnaveer Precision Engineering Limited,Basic Materials,Steel,22091485184.0,2209.15,16.7,19.37,3.13,50.05,,,7.88,6.04,16.74,18.9,-9.7,,,915609984.0,91.56,3349760000.0,334.98,,,,,,0.56,METALS_MINING,3,8,4,0,8,0,23,4,27,"Strong revenue growth, Controlled metal sector debt",Negative earnings growth
06.09.2026 at 01:31 PM IST,ALPA,Alpa Laboratories Limited,Healthcare,Drug Manufacturers - Specialty & Generic,1305569152.0,130.56,30.57,11.73,1.92,1.35,,,-19.54,3.82,25.54,25.2,-91.2,,,1378720000.0,137.87,25079000.0,2.51,,,,,,0.9,PHARMA_HEALTHCARE,0,10,12,0,11,8,25,2,27,"Strong revenue growth, Cash covers debt, Low debt, Forward PE improving, Healthcare growth support, Controlled healthcare debt","Negative earnings growth, Healthcare earnings contraction"
06.09.2026 at 01:31 PM IST,ANDHRAPAP,Andhra Paper Limited,Basic Materials,Paper & Paper Products,12706527232.0,1270.65,45.97,,0.66,11.97,,,5.53,1.62,32.81,0.1,42.1,,,5186136064.0,518.61,2321529088.0,232.15,,,,,78.0,0.08,GENERAL,0,10,12,0,8,5,25,2,27,"Strong earnings growth, Cash covers debt, Low debt, General low debt support",Abnormally high dividend yield
06.09.2026 at 01:31 PM IST,VERTOZ,Vertoz Limited,Technology,Software - Infrastructure,3153509888.0,315.35,90.24,,1.46,38.59,,,11.9,8.71,26.29,15.8,13.2,,,84123000.0,8.41,881201024.0,88.12,,,,,27.0,1.44,IT_TECH,6,13,7,0,6,5,27,0,27,"Strong revenue growth, Low debt","Very high PE, Abnormally high dividend yield"
06.09.2026 at 01:31 PM IST,AHLUCONT,Ahluwalia Contracts (India) Limited,Industrials,Engineering & Construction,40192536576.0,4019.25,17.85,12.52,1.95,3.55,,,1.43,4.8,20.46,12.0,-79.7,,,8174610944.0,817.46,731398976.0,73.14,,,,,12.0,0.52,CAPITAL_GOODS_INFRA,0,5,12,0,15,8,24,3,27,"Cash covers debt, Low debt, Forward PE improving, Manageable capital goods debt",Negative earnings growth
06.09.2026 at 01:31 PM IST,TATAINVEST,Tata Investment Corporation Limited,Financial Services,Asset Management,322190835712.0,32219.08,75.01,,1.1,0.01,,,91.65,105.25,99.99,4.1,-1.8,,,324551180288.0,32455.12,19179000.0,1.92,,,,,54.0,0.3,FINANCIAL,12,2,12,0,6,5,27,0,27,"Strong operating margin, Cash covers debt, Low debt","Negative earnings growth, Abnormally high dividend yield"
06.09.2026 at 01:31 PM IST,DYNAMATECH,Dynamatic Technologies Limited,Consumer Cyclical,Auto Parts,79269724160.0,7926.97,185.48,62.22,9.99,80.39,,,8.34,2.53,50.05,14.5,93.1,,,676499968.0,67.65,6378899968.0,637.89,,,,,7.0,0.44,AUTO,0,15,4,0,5,5,19,7,26,"Strong earnings growth, Forward PE improving, Auto revenue growth support, Manageable auto debt",Very high PE
06.09.2026 at 01:31 PM IST,SHARDACROP,Sharda Cropchem Limited,Basic Materials,Agricultural Inputs,69564514304.0,6956.45,11.11,9.38,2.22,0.1,,,3.96,11.85,35.23,4.9,-38.3,,,7016671232.0,701.67,32666000.0,3.27,,,,,2.34,0.58,GENERAL,3,2,12,0,15,8,24,2,26,"Cash covers debt, Low debt, Forward PE improving, General low debt support",Negative earnings growth
06.09.2026 at 01:31 PM IST,APEX,Apex Frozen Foods Limited,Consumer Defensive,Farm Products,11678125056.0,1167.81,22.74,21.73,2.21,7.97,,,3.98,3.45,35.23,14.5,,,,138995008.0,13.9,405926016.0,40.59,,,,,52.0,-0.1,GENERAL,0,5,9,0,13,5,22,4,26,"Low debt, Forward PE improving, General low debt support, General growth support",Abnormally high dividend yield
06.09.2026 at 01:31 PM IST,JAINREC,Jain Resource Recycling Limited,Basic Materials,Other Industrial Metals & Mining,95657795584.0,9565.78,25.98,17.38,6.26,81.89,,,3.86,3.13,7.77,75.9,14.1,,,3652489984.0,365.25,12758859776.0,1275.89,,,,,,,METALS_MINING,0,15,4,0,7,0,26,0,26,"Strong revenue growth, Forward PE improving",
06.09.2026 at 01:31 PM IST,SUKHJITS,The Sukhjit Starch & Chemicals Limited,Basic Materials,Specialty Chemicals,4969670656.0,496.97,14.54,,0.88,60.88,,,5.45,2.34,27.55,7.2,143.1,,,900499968.0,90.05,3454099968.0,345.41,,,,,63.0,0.35,CHEMICALS,0,12,4,0,12,5,23,3,26,"Strong earnings growth, Controlled chemical debt",Abnormally high dividend yield
06.09.2026 at 01:31 PM IST,NYKAA,FSN E-Commerce Ventures Limited,Consumer Cyclical,Internet Retail,952642371584.0,95264.24,369.44,113.28,66.21,82.83,,,5.27,2.4,45.35,29.1,250.0,,,4181100032.0,418.11,12441799680.0,1244.18,,,,,,0.36,CONSUMER_DISCRETIONARY,0,20,4,0,3,5,22,4,26,"Strong revenue growth, Strong earnings growth, Forward PE improving, Consumer discretionary growth support","Very high PE, Expensive price-to-book"
06.09.2026 at 01:31 PM IST,NH,Narayana Hrudayalaya Limited,Healthcare,Medical Care Facilities,378171916288.0,37817.19,46.01,26.57,8.33,129.03,,,12.84,8.98,39.83,80.4,5.4,,,,,,,,,,,24.0,,PHARMA_HEALTHCARE,6,12,2,0,7,5,22,4,26,"Strong revenue growth, Forward PE improving, Healthcare growth support",Abnormally high dividend yield
06.09.2026 at 01:31 PM IST,METROBRAND,Metro Brands Limited,Consumer Cyclical,Apparel Retail,252693463040.0,25269.35,62.34,44.22,12.67,77.48,,,18.0,13.75,58.0,14.7,-5.0,,,6977500160.0,697.75,15702099968.0,1570.21,,,,,65.0,-0.01,CONSUMER_DISCRETIONARY,10,5,4,0,5,5,19,7,26,"Strong operating margin, Forward PE improving, Consumer discretionary growth support, Healthy discretionary margin","Negative earnings growth, Expensive price-to-book, Abnormally high dividend yield"
06.09.2026 at 01:31 PM IST,SAMPANN,Sampann Utpadan India Limited,Basic Materials,Specialty Chemicals,1287460864.0,128.75,18.52,,2.58,201.92,20.73,4.44,7.26,4.62,19.67,27.6,-6.7,1.99,0.55,4094000.0,0.41,963488000.0,96.35,,,,,,0.39,CHEMICALS,6,10,4,0,10,8,22,4,26,"Strong ROE, Strong revenue growth, Chemical revenue growth support","Negative earnings growth, Very high debt"
06.09.2026 at 01:31 PM IST,ZFSTEERING,ZF Steering Gear (India) Limited,Consumer Cyclical,Auto Parts,6051891200.0,605.19,30.55,,,22.16,,,2.07,3.41,38.3,7.6,73.0,,,49800000.0,4.98,1064300032.0,106.43,,,,,,0.53,AUTO,0,12,7,0,4,0,23,3,26,"Strong earnings growth, Low debt, Manageable auto debt",
06.09.2026 at 01:31 PM IST,DMART,Avenue Supermarts Limited,Consumer Defensive,Discount Stores,2458967343104.0,245896.73,79.99,54.71,10.03,9.91,,,6.45,4.29,15.19,14.9,11.4,,,3057799936.0,305.78,24249899008.0,2424.99,,,,,,0.23,GENERAL,0,10,9,0,3,0,22,4,26,"Low debt, Forward PE improving, General low debt support, General growth support",Expensive price-to-book
06.09.2026 at 01:31 PM IST,LANDMARK,Landmark Cars Limited,Consumer Cyclical,Auto & Truck Dealerships,21064175616.0,2106.42,46.73,16.08,3.6,173.7,,,2.74,0.88,16.03,22.7,110.2,,,564670016.0,56.47,10153339904.0,1015.33,,,,,29.0,0.57,AUTO,0,18,0,0,9,5,22,4,26,"Strong revenue growth, Strong earnings growth, Forward PE improving, Auto revenue growth support",Abnormally high dividend yield
06.09.2026 at 01:31 PM IST,BIOCON,Biocon Limited,Healthcare,Biotechnology,647083917312.0,64708.39,116.2,36.11,1.89,42.15,,,6.91,2.86,61.19,10.0,234.6,,,38831001600.0,3883.1,154340999168.0,15434.1,,,,,13.0,0.3,IT_TECH,0,15,7,0,9,5,26,0,26,"Strong earnings growth, Low debt, Forward PE improving",Very high PE
06.09.2026 at 01:31 PM IST,NAVNETEDUL,Navneet Education Limited,Communication Services,Publishing,29014321152.0,2901.43,8.58,15.08,1.41,5.14,,,22.72,19.59,47.0,-0.8,-10.1,,,710000000.0,71.0,1080000000.0,108.0,,,,,3.43,0.12,TELECOM,11,0,11,0,12,8,26,0,26,"Strong operating margin, Reasonable cash coverage, Low debt","Negative revenue growth, Negative earnings growth, Forward PE deterioration"
06.09.2026 at 01:31 PM IST,GLOSTERLTD,Gloster Limited,Consumer Cyclical,Textile Manufacturing,6521635840.0,652.16,50.98,,0.6,88.11,,,4.83,0.83,39.18,39.8,,,,185274000.0,18.53,9591956480.0,959.2,,,,,3.35,0.34,CONSUMER_DISCRETIONARY,0,10,4,0,8,0,22,4,26,"Strong revenue growth, Consumer discretionary growth support",
06.09.2026 at 01:31 PM IST,AKASH,Akash Infra-Projects Limited,Industrials,Engineering & Construction,432355360.0,43.24,64.1,,0.51,108.17,,,2.98,0.69,26.54,84.5,10.0,,,54752000.0,5.48,923203008.0,92.32,,,,,,0.59,CAPITAL_GOODS_INFRA,0,15,2,0,4,0,21,5,26,"Strong revenue growth, Strong capital goods revenue growth",
06.09.2026 at 01:31 PM IST,SHIVAUM,Shiv Aum Steels Limited,Basic Materials,Steel,6093659136.0,609.37,84.7,,5.04,80.36,,,4.71,1.57,4.79,25.2,149.1,,,224266000.0,22.43,970963968.0,97.1,,,,,,-0.72,METALS_MINING,0,20,4,0,2,0,26,0,26,"Strong revenue growth, Strong earnings growth",Very high PE
06.09.2026 at 01:31 PM IST,ADANIENT,Adani Enterprises Limited,Energy,Thermal Coal,4180695842816.0,418069.58,51.02,44.62,4.69,119.56,,,9.4,6.55,43.31,49.9,,,,98084003840.0,9808.4,1066217897984.0,106621.79,,,,,4.0,0.8,METALS_MINING,3,10,2,0,9,0,24,2,26,"Strong revenue growth, Forward PE improving, Commodity dividend support",
06.09.2026 at 01:31 PM IST,GRPLTD,GRP Limited,Consumer Cyclical,Auto Parts,10719996928.0,1072.0,188.38,13.65,6.01,116.33,,,7.59,1.0,47.37,26.7,139.9,,,139286000.0,13.93,2075005952.0,207.5,,,,,17.0,0.0,AUTO,0,20,2,0,5,5,22,4,26,"Strong revenue growth, Strong earnings growth, Forward PE improving, Auto revenue growth support",Very high PE
06.09.2026 at 01:31 PM IST,BHARATRAS,Bharat Rasayan Limited,Basic Materials,Agricultural Inputs,19611203584.0,1961.12,3.38,3.53,1.54,0.1,,,12.93,11.92,35.0,-10.4,-6.1,,,2726039040.0,272.6,12263000.0,1.23,,,,,4.0,0.17,GENERAL,6,0,12,0,12,6,24,2,26,"Cash covers debt, Low debt, General low debt support","Negative revenue growth, Negative earnings growth"
06.09.2026 at 01:31 PM IST,HBSL,HB Stockholdings Limited,Financial Services,Capital Markets,394641504.0,39.46,,,0.5,14.12,,,88.79,0.0,99.37,-0.1,6.6,,,408968992.0,40.9,110886000.0,11.09,,,,,2.02,1.19,FINANCIAL,6,2,12,0,6,0,26,0,26,"Strong operating margin, Cash covers debt, Low debt",Negative revenue growth
06.09.2026 at 01:31 PM IST,JSWINFRA,JSW Infrastructure Limited,Industrials,Marine Shipping,770948923392.0,77094.89,46.97,29.72,6.38,59.0,,,35.16,26.58,52.82,18.1,-10.3,,,23128999936.0,2312.9,68989198336.0,6898.92,,,,,27.0,0.56,CAPITAL_GOODS_INFRA,12,8,4,0,7,13,18,8,26,"Strong operating margin, Strong revenue growth, Forward PE improving, Strong capital goods revenue growth, Manageable capital goods debt","Negative earnings growth, Abnormally high dividend yield"
06.09.2026 at 01:31 PM IST,FMNL,Future Market Networks Limited,Real Estate,Real Estate Services,674305856.0,67.43,8.35,,0.55,130.24,,,10.61,8.33,78.44,1.0,21.7,,,50329000.0,5.03,1455634048.0,145.56,,,,,,-0.05,CEMENT_REALTY,6,8,2,0,10,0,26,0,26,Strong earnings growth,
06.09.2026 at 01:31 PM IST,PIRAMALFIN,Piramal Finance Limited,Financial Services,Credit Services,526596898816.0,52659.69,29.92,15.08,1.75,286.78,6.04,,24.71,32.2,98.62,2.1,67.1,48.57,46.73,70505897984.0,7050.59,828972597248.0,82897.26,,,-155370192896.0,-15537.02,49.0,,FINANCIAL,11,10,8,0,13,19,23,3,26,"Strong operating margin, Strong earnings growth, Forward PE improving, Financial leverage treated differently, Strong financial earnings growth","Very high debt, Negative operating cash flow, Profit not backed by cash flow, Abnormally high dividend yield, Weak financial ROE"
06.09.2026 at 01:31 PM IST,CARRARO,Carraro India Limited,Consumer Cyclical,Auto Parts,30409887744.0,3040.99,22.89,,5.39,27.43,,,5.97,5.76,26.23,10.5,7.8,,,904089984.0,90.41,1549240064.0,154.92,,,,,1.26,,AUTO,0,7,9,0,7,0,23,3,26,"Reasonable cash coverage, Low debt, Manageable auto debt",
06.09.2026 at 01:31 PM IST,BAJAJHCARE,Bajaj HealthCare Limited,Healthcare,Drug Manufacturers - Specialty & Generic,10798100480.0,1079.81,45.76,,1.92,46.73,,,13.12,2.81,48.73,11.3,11.5,,,379872992.0,37.99,2490907904.0,249.09,,,,,47.0,0.28,PHARMA_HEALTHCARE,3,10,7,0,8,5,23,3,26,"Low debt, Controlled healthcare debt",Abnormally high dividend yield
06.09.2026 at 01:31 PM IST,SPIC,Southern Petrochemical Industries Corporation Limited,Basic Materials,Agricultural Inputs,14529737728.0,1452.97,7.09,,1.06,51.3,,,5.79,6.78,23.39,8.7,-9.8,,,1253799936.0,125.38,7027800064.0,702.78,,,,,2.81,0.63,GENERAL,3,5,4,0,12,0,24,2,26,General low debt support,Negative earnings growth
06.09.2026 at 01:31 PM IST,BESTAGRO,Best Agrolife Limited,Basic Materials,Agricultural Inputs,6791951360.0,679.2,22.8,,0.88,57.55,,,17.15,2.33,32.68,3.9,104.9,,,978899968.0,97.89,4424200192.0,442.42,,,,,52.0,0.03,GENERAL,3,12,4,0,10,5,24,2,26,"Strong earnings growth, General low debt support",Abnormally high dividend yield
06.09.2026 at 01:31 PM IST,RVHL,Ravinder Heights Limited,Real Estate,Real Estate - Development,2453029888.0,245.3,5.15,,0.85,0.34,,,-281.72,63.59,100.0,-89.5,,,,464696000.0,46.47,10000000.0,1.0,,,,,,0.26,CEMENT_REALTY,6,0,12,0,10,6,22,4,26,"Cash covers debt, Low debt, Manageable cement/realty debt",Negative revenue growth
06.09.2026 at 01:31 PM IST,JLHL,Jupiter Life Line Hospitals Limited,Healthcare,Medical Care Facilities,93431578624.0,9343.16,49.74,34.83,6.05,37.84,,,12.85,12.04,61.55,18.2,-13.3,,,5404769792.0,540.48,5842400256.0,584.24,,,,,7.0,0.07,PHARMA_HEALTHCARE,8,8,9,0,7,8,24,2,26,"Strong revenue growth, Reasonable cash coverage, Low debt, Forward PE improving, Healthcare growth support, Controlled healthcare debt","Negative earnings growth, Healthcare earnings contraction"
06.09.2026 at 01:31 PM IST,CINELINE,Cineline India Limited,Communication Services,Entertainment,3281010944.0,328.1,26.52,,2.11,77.94,,,4.51,4.93,57.95,30.9,,,,99012000.0,9.9,1207131008.0,120.71,,,,,1.31,0.18,TELECOM,0,10,4,0,9,0,23,3,26,"Strong revenue growth, Telecom revenue growth support",
06.09.2026 at 01:31 PM IST,INOXGREEN,Inox Green Energy Services Limited,Utilities,Utilities - Renewable,70863347712.0,7086.33,56.03,,4.05,5.15,,,-3.14,44.54,19.85,-23.0,74.1,,,5045799936.0,504.58,882800000.0,88.28,,,,,,1.36,ENERGY_UTILITIES,6,10,12,0,4,6,26,0,26,"Strong earnings growth, Cash covers debt, Low debt",Negative revenue growth
06.09.2026 at 01:31 PM IST,INCREDIBLE,Incredible Industries Limited,Basic Materials,Steel,1522160128.0,152.22,12.87,,0.92,21.82,,,2.71,1.41,8.06,-3.1,8.8,,,162751008.0,16.28,342884992.0,34.29,,,,,,0.29,METALS_MINING,0,5,7,0,10,0,22,4,26,"Low debt, Controlled metal sector debt",Negative revenue growth
06.09.2026 at 01:31 PM IST,TEXRAIL,Texmaco Rail & Engineering Limited,Industrials,Railroads,47094575104.0,4709.46,21.76,17.28,1.98,37.09,,,5.9,5.1,17.5,-16.9,68.5,,,4291040000.0,429.1,8947088384.0,894.71,,,,,65.0,0.65,CAPITAL_GOODS_INFRA,0,10,7,0,13,11,19,7,26,"Strong earnings growth, Low debt, Forward PE improving, Strong capital goods earnings growth, Manageable capital goods debt","Negative revenue growth, Abnormally high dividend yield"
06.09.2026 at 01:31 PM IST,DOMS,DOMS Industries Limited,Industrials,Business Equipment & Supplies,134018056192.0,13401.81,62.1,42.06,10.99,10.85,,,8.83,8.93,42.47,19.2,-22.5,,,617854976.0,61.79,1412615040.0,141.26,,,,,17.0,-0.29,CAPITAL_GOODS_INFRA,3,8,9,0,5,8,17,8,25,"Strong revenue growth, Low debt, Forward PE improving, Strong capital goods revenue growth, Manageable capital goods debt","Negative earnings growth, Expensive price-to-book"
06.09.2026 at 01:31 PM IST,INDIANHUME,The Indian Hume Pipe Company Limited,Industrials,Engineering & Construction,20545890304.0,2054.59,14.39,16.74,1.38,28.09,,,8.29,10.97,23.08,-1.5,7.5,,,8113349120.0,811.33,4169755904.0,416.98,,,,,52.0,0.53,CAPITAL_GOODS_INFRA,3,2,10,0,12,5,22,3,25,"Cash covers debt, Low debt, Manageable capital goods debt","Negative revenue growth, Abnormally high dividend yield"
06.09.2026 at 01:31 PM IST,GOKUL,Gokul Refoils & Solvent Limited,Consumer Defensive,Packaged Foods,4331031040.0,433.1,20.93,,1.19,106.35,,,1.36,0.49,3.31,9.7,56.4,,,1853172992.0,185.32,3864788992.0,386.48,,,,,,0.13,FMCG_CONSUMER,0,15,2,0,8,0,25,0,25,Strong earnings growth,
06.09.2026 at 01:31 PM IST,PTC,PTC India Limited,Utilities,Utilities - Independent Power Producers,46325301248.0,4632.53,9.11,11.86,0.77,25.06,,,3.1,2.9,6.12,19.1,-49.8,,,46707998720.0,4670.8,17688199168.0,1768.82,,,,,7.04,0.66,ENERGY_UTILITIES,0,8,10,0,12,8,22,3,25,"Strong revenue growth, Cash covers debt, Low debt, Energy dividend support","Negative earnings growth, Forward PE deterioration"
06.09.2026 at 01:31 PM IST,PENIND,Pennar Industries Limited,Industrials,Specialty Industrial Machinery,22874474496.0,2287.45,16.0,11.72,1.96,99.89,,,7.93,3.9,42.43,2.9,10.5,,,2714599936.0,271.46,11618299904.0,1161.83,,,,,,-0.07,CAPITAL_GOODS_INFRA,0,5,4,0,13,0,22,3,25,"Forward PE improving, Manageable capital goods debt",
06.09.2026 at 01:31 PM IST,AMAGI,Amagi Media Labs Limited,Technology,Software - Application,122274775040.0,12227.48,120.77,41.05,7.16,1.76,,,5.48,6.3,99.99,32.4,6.45,,,14476810240.0,1447.68,309750016.0,30.98,,,,,,,IT_TECH,3,12,12,0,3,5,25,0,25,"Strong revenue growth, Cash covers debt, Low debt, Forward PE improving",Very high PE
06.09.2026 at 01:31 PM IST,NAGREEKCAP,Nagreeka Capital & Infrastructure Ltd.,Financial Services,Asset Management,294441088.0,29.44,4.35,,1.03,380.22,,,27.28,11.64,31.08,108.3,-0.7,,,10838000.0,1.08,1085099008.0,108.51,,,,,,0.45,FINANCIAL,9,10,0,0,10,8,21,4,25,"Strong operating margin, Strong revenue growth, Financial leverage treated differently","Negative earnings growth, Very high debt"
06.09.2026 at 01:31 PM IST,5PAISA,5paisa Capital Limited,Financial Services,Capital Markets,16023328768.0,1602.33,26.23,22.05,1.65,58.31,,,19.33,14.89,100.0,13.4,-29.3,,,14177139712.0,1417.71,3785600000.0,378.56,,,,,,0.66,FINANCIAL,10,5,7,0,11,8,25,0,25,"Strong operating margin, Cash covers debt, Forward PE improving",Negative earnings growth
06.09.2026 at 01:31 PM IST,CORALFINAC,Coral India Finance and Housing Limited,Real Estate,Real Estate Services,1338033920.0,133.8,9.27,,0.64,,,,85.12,97.23,100.0,-9.1,-7.6,,,1363832960.0,136.38,0.0,0.0,,,,,60.0,0.44,CEMENT_REALTY,12,0,3,0,12,5,22,3,25,"Strong operating margin, Net cash position, Healthy cement/realty margin","Negative revenue growth, Negative earnings growth, Abnormally high dividend yield"
06.09.2026 at 01:31 PM IST,SOLARWORLD,Solarworld Energy Solutions Limited,Technology,Solar,12915092480.0,1291.51,10.25,,1.52,30.13,,,5.43,7.93,13.79,146.8,-37.4,,,5719719936.0,571.97,2554589952.0,255.46,,,,,,,IT_TECH,3,10,10,0,10,8,25,0,25,"Strong revenue growth, Cash covers debt, Low debt",Negative earnings growth
06.09.2026 at 01:31 PM IST,BELRISE,Belrise Industries Limited,Consumer Cyclical,Auto Parts,229215010816.0,22921.5,41.73,25.88,4.04,29.1,,,7.64,5.17,19.03,12.6,-8.7,,,8060080128.0,806.01,15208429568.0,1520.84,,,,,24.0,,AUTO,0,5,9,0,9,5,18,7,25,"Reasonable cash coverage, Low debt, Forward PE improving, Auto revenue growth support, Manageable auto debt","Negative earnings growth, Abnormally high dividend yield"
06.09.2026 at 01:31 PM IST,NIRLON,Nirlon Limited,Real Estate,Real Estate Services,55873183744.0,5587.32,15.65,,11.93,244.75,,,68.47,52.92,90.73,3.3,18.8,,,2977798912.0,297.78,11468976128.0,1146.9,,,,,4.84,0.12,CEMENT_REALTY,12,10,0,0,8,8,22,3,25,"Strong operating margin, Strong earnings growth, Healthy cement/realty margin","Very high debt, Expensive price-to-book"
06.09.2026 at 01:31 PM IST,OSWALPUMPS,Oswal Pumps Limited,Industrials,Electrical Equipment & Parts,31921371136.0,3192.14,9.24,9.63,1.8,14.11,,,14.51,16.57,37.58,-7.9,-43.1,,,3908339968.0,390.83,2374820096.0,237.48,,,,,,,CAPITAL_GOODS_INFRA,8,0,12,0,10,8,22,3,25,"Cash covers debt, Low debt, Manageable capital goods debt","Negative revenue growth, Negative earnings growth"
06.09.2026 at 01:31 PM IST,RKFORGE,Ramkrishna Forgings Limited,Industrials,Metal Fabrication,127620333568.0,12762.03,120.61,35.04,3.86,74.42,,,9.78,2.41,44.1,19.8,289.2,,,1664913024.0,166.49,24487675904.0,2448.77,,,,,29.0,0.42,METALS_MINING,0,18,4,0,7,10,19,6,25,"Strong revenue growth, Strong earnings growth, Forward PE improving, Controlled metal sector debt, Commodity dividend support","Very high PE, Abnormally high dividend yield"
06.09.2026 at 01:31 PM IST,STARCEMENT,Star Cement Limited,Basic Materials,Building Materials,77845151744.0,7784.52,21.05,18.83,2.44,18.92,,,10.93,9.71,71.38,3.4,-24.2,,,1246712064.0,124.67,6033243136.0,603.32,,,,,1.05,-0.02,CEMENT_REALTY,6,2,9,0,12,8,21,4,25,"Low debt, Forward PE improving, Manageable cement/realty debt",Negative earnings growth
06.09.2026 at 01:31 PM IST,STUDDS,Studds Accessories Limited,Consumer Cyclical,Auto Parts,16731098112.0,1673.11,22.42,15.18,3.2,1.56,,,8.33,11.41,58.18,13.2,-39.3,,,845889984.0,84.59,81550000.0,8.15,,,,,71.0,,AUTO,3,5,12,0,11,13,18,7,25,"Cash covers debt, Low debt, Forward PE improving, Auto revenue growth support, Manageable auto debt","Negative earnings growth, Abnormally high dividend yield"
06.09.2026 at 01:31 PM IST,KKCL,Kewal Kiran Clothing Limited,Consumer Cyclical,Apparel Manufacturing,31428843520.0,3142.88,21.28,14.53,3.73,,14.95,8.42,9.18,11.84,42.42,,,3.27,2.26,,,,,,,,,78.0,0.2,CONSUMER_DISCRETIONARY,11,0,8,0,11,5,25,0,25,Forward PE improving,Abnormally high dividend yield
06.09.2026 at 01:31 PM IST,MANAKCOAT,Manaksia Coated Metals & Industries Limited,Industrials,Metal Fabrication,13009353728.0,1300.94,28.98,,2.85,33.07,,,9.48,4.55,26.51,4.9,-7.0,,,339041984.0,33.9,1154034048.0,115.4,,,,,4.0,0.36,METALS_MINING,0,2,7,0,10,0,19,6,25,"Low debt, Controlled metal sector debt, Commodity dividend support",Negative earnings growth
06.09.2026 at 01:31 PM IST,MMP,MMP Industries Limited,Basic Materials,Aluminum,10161044480.0,1016.1,20.28,,2.93,53.25,,,7.62,5.74,20.81,26.9,,,,20081000.0,2.01,1845245056.0,184.52,,,,,49.0,0.51,METALS_MINING,0,10,4,0,10,5,19,6,25,"Strong revenue growth, Controlled metal sector debt, Commodity dividend support",Abnormally high dividend yield
06.09.2026 at 01:31 PM IST,AMJLAND,AMJ Land Holdings Limited,Real Estate,Real Estate - Development,1625650048.0,162.57,11.17,,0.76,,,,28.97,23.47,56.25,2.5,-7.1,,,1090110976.0,109.01,0.0,0.0,,,,,51.0,0.33,CEMENT_REALTY,12,0,3,0,12,5,22,3,25,"Strong operating margin, Net cash position, Healthy cement/realty margin","Negative earnings growth, Abnormally high dividend yield"
06.09.2026 at 01:31 PM IST,VIKRAMSOLR,Vikram Solar Limited,Technology,Solar,61056712704.0,6105.67,16.11,8.7,1.93,20.37,,,3.97,6.82,26.7,37.9,-87.1,,,357729984.0,35.77,6451310080.0,645.13,,,,,,,IT_TECH,3,10,7,0,13,8,25,0,25,"Strong revenue growth, Low debt, Forward PE improving",Negative earnings growth
06.09.2026 at 01:31 PM IST,NFL,National Fertilizers Limited,Basic Materials,Agricultural Inputs,34654457856.0,3465.45,9.52,,1.22,139.52,,,3.63,1.62,13.88,27.3,,,,590499968.0,59.05,39637000192.0,3963.7,,,,,1.47,0.4,GENERAL,0,10,2,0,11,0,23,2,25,"Strong revenue growth, General growth support",
06.09.2026 at 01:31 PM IST,KPEL,K.P. Energy Limited,Industrials,Engineering & Construction,16719010816.0,1671.9,9.17,,3.16,100.15,,,9.89,10.13,27.02,136.7,1.6,,,762808000.0,76.28,5231286784.0,523.13,,,,,30.0,0.22,CAPITAL_GOODS_INFRA,3,10,2,0,10,5,20,5,25,"Strong revenue growth, Strong capital goods revenue growth",Abnormally high dividend yield
06.09.2026 at 01:31 PM IST,SNOWMAN,Snowman Logistics Limited,Industrials,Integrated Freight & Logistics,6185203712.0,618.52,115.59,26.42,1.55,77.68,,,6.32,0.86,25.37,9.2,80.0,,,142406000.0,14.24,3123632896.0,312.36,,,,,1.36,0.66,CAPITAL_GOODS_INFRA,0,15,4,0,8,5,22,3,25,"Strong earnings growth, Forward PE improving, Strong capital goods earnings growth, Manageable capital goods debt","Very high PE, Expensive capital goods valuation without growth"
06.09.2026 at 01:31 PM IST,SURAJLTD,Suraj Limited,Basic Materials,Steel,3691367680.0,369.14,44.47,,2.68,43.77,,,12.91,4.28,41.4,-22.5,30.9,,,1233000.0,0.12,603020992.0,60.3,,,,,1.49,0.37,METALS_MINING,3,10,7,0,7,6,21,4,25,"Strong earnings growth, Low debt, Controlled metal sector debt",Negative revenue growth
06.09.2026 at 01:31 PM IST,PAKKA,Pakka Limited,Basic Materials,Paper & Paper Products,3527439360.0,352.74,51.03,,0.72,99.35,,,11.32,3.56,39.01,43.0,,,,221034000.0,22.1,4602871808.0,460.29,,,,,,-0.38,GENERAL,3,10,4,0,6,0,23,2,25,"Strong revenue growth, General growth support",
06.09.2026 at 01:31 PM IST,HECPROJECT,HEC Infra Projects Limited,Industrials,Engineering & Construction,1289741056.0,128.97,10.24,,1.96,67.51,,,8.66,7.03,14.77,11.5,2.4,,,157470000.0,15.75,443803008.0,44.38,,,,,,0.09,CAPITAL_GOODS_INFRA,3,5,4,0,10,0,22,3,25,Manageable capital goods debt,
06.09.2026 at 01:31 PM IST,JPOLYINVST,Jindal Poly Investment and Finance Company Limited,Financial Services,Asset Management,10596024320.0,1059.6,1.31,,0.66,1.46,,,98.87,77.98,100.0,5.7,-77.9,,,400000.0,0.04,234600000.0,23.46,,,,,,-0.89,FINANCIAL,12,2,9,0,10,8,25,0,25,"Strong operating margin, Low debt",Negative earnings growth
06.09.2026 at 01:31 PM IST,NLCINDIA,NLC India Limited,Utilities,Utilities - Regulated Electric,378967785472.0,37896.78,11.5,10.08,1.76,82.0,,,28.3,17.46,80.47,-0.3,-12.7,,,4175899904.0,417.59,115108700160.0,11510.87,,,,,2.64,0.49,ENERGY_UTILITIES,11,0,4,0,15,8,22,3,25,"Strong operating margin, Forward PE improving, Energy dividend support","Negative revenue growth, Negative earnings growth"
06.09.2026 at 01:31 PM IST,SAFARI,Safari Industries (India) Limited,Consumer Cyclical,Footwear & Accessories,75646935040.0,7564.69,45.77,30.66,6.79,10.46,,,9.58,7.83,46.36,11.5,-5.5,,,2828900096.0,282.89,1165500032.0,116.55,,,,,26.0,-0.4,CONSUMER_DISCRETIONARY,3,5,12,0,7,5,22,3,25,"Cash covers debt, Low debt, Forward PE improving, Controlled discretionary debt","Negative earnings growth, Abnormally high dividend yield"
06.09.2026 at 01:31 PM IST,BAJEL,Bajel Projects Limited,Utilities,Utilities - Regulated Electric,21346084864.0,2134.61,97.62,12.3,2.86,49.07,,,2.4,0.8,17.83,-6.7,41.4,,,825110976.0,82.51,3668114944.0,366.81,,,,,33.0,0.98,ENERGY_UTILITIES,0,10,7,0,9,5,21,3,24,"Strong earnings growth, Low debt, Forward PE improving, Energy dividend support","Negative revenue growth, Very high PE, Abnormally high dividend yield"
06.09.2026 at 01:31 PM IST,BIKAJI,Bikaji Foods International Limited,Consumer Defensive,Packaged Foods,146179325952.0,14617.93,56.71,41.75,9.1,17.53,,,9.91,8.41,34.81,12.5,0.4,,,2423301888.0,242.33,2993338112.0,299.33,,,,,21.0,0.23,FMCG_CONSUMER,3,5,11,0,7,5,21,3,24,"Reasonable cash coverage, Low debt, Forward PE improving, Low debt consumer business",Abnormally high dividend yield
06.09.2026 at 01:31 PM IST,GTL,GTL Limited,Communication Services,Telecom Services,1124672000.0,112.47,0.13,,-0.02,,,,5.14,388.83,57.63,7.7,19.69,,,188608992.0,18.86,48897216512.0,4889.72,,,,,,0.46,TELECOM,6,10,0,0,8,0,24,0,24,Strong earnings growth,
06.09.2026 at 01:31 PM IST,ASIANTILES,Asian Granito India Limited,Industrials,Building Products & Equipment,14880094208.0,1488.01,86.53,2.66,0.98,28.47,,,3.19,0.89,25.11,36.8,-15.6,,,826956992.0,82.7,4392369152.0,439.24,,,,,,0.35,CAPITAL_GOODS_INFRA,0,10,7,0,7,8,16,8,24,"Strong revenue growth, Low debt, Forward PE improving, Strong capital goods revenue growth, Manageable capital goods debt","Negative earnings growth, Very high PE"
06.09.2026 at 01:31 PM IST,VISACHROME,VISA Chrome Limited,Basic Materials,Steel,5553122304.0,555.31,0.45,,-2.07,,,,-2.59,202.76,34.79,27.7,,,,201915008.0,20.19,22983639040.0,2298.36,,,,,,1.52,METALS_MINING,6,10,0,0,8,0,24,0,24,Strong revenue growth,
06.09.2026 at 01:31 PM IST,SOMATEX,Soma Textiles & Industries Limited,Consumer Cyclical,Textile Manufacturing,3088252672.0,308.83,33.42,,1.79,0.17,,,7.68,8.35,11.7,12.85,-23.6,,,5867000.0,0.59,2852000.0,0.29,,,,,55.0,-0.14,CONSUMER_DISCRETIONARY,3,5,12,0,10,13,17,7,24,"Cash covers debt, Low debt, Consumer discretionary growth support, Controlled discretionary debt","Negative earnings growth, Abnormally high dividend yield"
06.09.2026 at 01:31 PM IST,SMSPHARMA,SMS Pharmaceuticals Limited,Healthcare,Drug Manufacturers - General,36894220288.0,3689.42,35.59,,4.7,46.45,,,14.96,11.41,34.64,5.6,-3.5,,,460748000.0,46.07,3650480128.0,365.05,,,,,10.0,0.33,PHARMA_HEALTHCARE,6,2,7,0,6,0,21,3,24,"Low debt, Controlled healthcare debt",Negative earnings growth
06.09.2026 at 01:31 PM IST,MOL,Meghmani Organics Limited,Basic Materials,Agricultural Inputs,16855945216.0,1685.59,26.2,,1.08,46.99,,,12.55,3.06,41.15,-11.5,280.0,,,264880000.0,26.49,7259639808.0,725.96,,,,,,0.56,GENERAL,3,10,7,0,8,6,22,2,24,"Strong earnings growth, Low debt, General low debt support",Negative revenue growth
06.09.2026 at 01:31 PM IST,PRSMJOHNSN,Prism Johnson Limited,Basic Materials,Building Materials,55872581632.0,5587.26,28.03,45.31,3.59,93.47,,,0.35,2.54,43.29,-0.8,26.0,,,3730599936.0,373.06,16941800448.0,1694.18,,,,,,0.45,CEMENT_REALTY,0,10,4,0,6,0,20,4,24,"Strong earnings growth, Manageable cement/realty debt","Negative revenue growth, Forward PE deterioration"
06.09.2026 at 01:31 PM IST,BLBLIMITED,BLB Limited,Financial Services,Capital Markets,896066112.0,89.61,3.27,,0.69,1.66,,,8.14,3.51,5.69,60.6,-51.6,,,292187008.0,29.22,21567000.0,2.16,,,,,,0.21,FINANCIAL,0,10,12,0,10,8,24,0,24,"Strong revenue growth, Cash covers debt, Low debt",Negative earnings growth
06.09.2026 at 01:31 PM IST,WINDMACHIN,Windsor Machines Limited,Industrials,Specialty Industrial Machinery,31746523136.0,3174.65,251.52,,3.54,17.49,,,0.82,1.7,28.32,31.4,,,,338616992.0,33.86,862988032.0,86.3,,,,,,0.93,CAPITAL_GOODS_INFRA,0,10,9,0,2,5,16,8,24,"Strong revenue growth, Low debt, Strong capital goods revenue growth, Manageable capital goods debt",Very high PE
06.09.2026 at 01:31 PM IST,PASHUPATI,Pashupati Cotspin Limited,Consumer Cyclical,Textile Manufacturing,13069152256.0,1306.92,,,7.65,60.1,,,7.8,2.24,12.7,9.7,265.1,,,334351008.0,33.44,987526016.0,98.75,,,,,6.0,-0.15,CONSUMER_DISCRETIONARY,0,15,4,0,2,0,21,3,24,"Strong earnings growth, Controlled discretionary debt",
06.09.2026 at 01:31 PM IST,TVSMOTOR,TVS Motor Company Limited,Consumer Cyclical,Auto Manufacturers,1964157566976.0,196415.76,57.14,36.05,58.78,306.09,,,13.14,5.69,36.7,34.3,67.1,,,44654501888.0,4465.45,327910096896.0,32791.01,,,,,29.0,-0.04,AUTO,3,20,0,0,7,13,17,7,24,"Strong revenue growth, Strong earnings growth, Forward PE improving, Auto revenue growth support, Healthy auto margin","Very high debt, Expensive price-to-book, Abnormally high dividend yield"
06.09.2026 at 01:31 PM IST,RICOAUTO,Rico Auto Industries Limited,Consumer Cyclical,Auto Parts,17762920448.0,1776.29,59.14,,2.28,92.78,,,1.02,1.14,35.33,38.9,,,,153400000.0,15.34,7276199936.0,727.62,,,,,42.0,0.52,AUTO,0,10,4,0,8,5,17,7,24,"Strong revenue growth, Auto revenue growth support, Manageable auto debt",Abnormally high dividend yield
06.09.2026 at 01:31 PM IST,JINDALSTEL,Jindal Steel Limited,Basic Materials,Steel,1185373618176.0,118537.36,43.67,13.23,2.33,43.61,,,11.2,4.82,50.8,25.9,-43.7,,,62485598208.0,6248.56,226095497216.0,22609.55,,,,,17.0,0.67,METALS_MINING,3,10,7,0,11,8,23,1,24,"Strong revenue growth, Low debt, Forward PE improving, Controlled metal sector debt, Commodity dividend support","Negative earnings growth, Cyclical earnings decline"
06.09.2026 at 01:31 PM IST,KOHINOOR,Kohinoor Foods Limited,Consumer Defensive,Packaged Foods,1204824704.0,120.48,1.42,,-1.28,,,,-0.3,52.71,23.38,81.8,,,,6700000.0,0.67,1472700032.0,147.27,,,,,,-0.36,FMCG_CONSUMER,6,10,0,0,8,0,24,0,24,Strong revenue growth,
06.09.2026 at 01:31 PM IST,TATAPOWER,The Tata Power Company Limited,Utilities,Utilities - Independent Power Producers,1175884922880.0,117588.49,30.49,22.04,2.98,168.05,,,14.45,6.09,35.71,5.6,10.9,,,150506897408.0,15050.69,799033196544.0,79903.32,,,,,68.0,0.32,ENERGY_UTILITIES,6,7,0,0,13,5,21,3,24,"Forward PE improving, Energy dividend support",Abnormally high dividend yield
06.09.2026 at 01:31 PM IST,ONWARDTEC,Onward Technologies Limited,Technology,Information Technology Services,6241848320.0,624.18,15.02,,2.55,15.72,,,9.19,7.63,26.89,12.2,-11.2,,,1279592960.0,127.96,398432992.0,39.84,,,,,2.81,0.83,IT_TECH,3,5,12,0,12,8,24,0,24,"Cash covers debt, Low debt",Negative earnings growth
06.09.2026 at 01:31 PM IST,BBOX,Black Box Limited,Technology,Software - Application,126805827584.0,12680.58,54.8,24.92,9.85,89.59,,,6.59,3.4,17.38,23.9,12.9,,,5399799808.0,539.98,11530000384.0,1153.0,,,,,14.0,0.92,IT_TECH,0,13,4,0,7,0,24,0,24,"Strong revenue growth, Forward PE improving",
06.09.2026 at 01:31 PM IST,KRITINUT,Kriti Nutrients Limited,Consumer Defensive,Packaged Foods,4328442880.0,432.84,12.97,,1.89,3.97,,,4.17,3.54,10.68,7.9,-5.8,,,492756992.0,49.28,91009000.0,9.1,,,,,34.0,1.01,FMCG_CONSUMER,0,2,12,0,12,5,21,3,24,"Cash covers debt, Low debt, Low debt consumer business","Negative earnings growth, Abnormally high dividend yield"
06.09.2026 at 01:31 PM IST,EXCELINDUS,Excel Industries Limited,Basic Materials,Specialty Chemicals,13136372736.0,1313.64,18.42,,0.77,0.46,,,11.16,6.62,46.2,-5.1,-12.7,,,1449020032.0,144.9,78815000.0,7.88,,,,,1.33,0.44,CHEMICALS,6,0,12,0,11,8,21,3,24,"Cash covers debt, Low debt, Controlled chemical debt","Negative revenue growth, Negative earnings growth"
06.09.2026 at 01:31 PM IST,KRSNAA,Krsnaa Diagnostics Limited,Healthcare,Diagnostics & Research,18230534144.0,1823.05,18.94,12.14,1.86,54.5,,,12.75,11.58,78.39,22.1,-19.4,,,3607170048.0,360.72,5343170048.0,534.32,,,,,36.0,0.07,PHARMA_HEALTHCARE,6,8,6,0,15,13,22,2,24,"Strong revenue growth, Reasonable cash coverage, Forward PE improving, Healthcare growth support, Controlled healthcare debt","Negative earnings growth, Abnormally high dividend yield, Healthcare earnings contraction"
06.09.2026 at 01:31 PM IST,PRABHA,Prabha Energy Limited,Energy,Oil & Gas E&P,34443141120.0,3444.31,2611.0,,5.17,37.63,,,18.09,16.45,30.83,49.3,,,,62546000.0,6.25,1634838016.0,163.48,,,,,,,ENERGY_UTILITIES,10,10,7,0,2,5,24,0,24,"Strong operating margin, Strong revenue growth, Low debt",Very high PE
06.09.2026 at 01:31 PM IST,BLUEDART,Blue Dart Express Limited,Industrials,Integrated Freight & Logistics,118639673344.0,11863.97,41.39,27.12,6.68,,,,13.49,4.52,25.16,8.0,189.1,,,,,,,,,,,50.0,0.22,CAPITAL_GOODS_INFRA,3,15,0,0,7,5,20,4,24,"Strong earnings growth, Forward PE improving, Strong capital goods earnings growth",Abnormally high dividend yield
06.09.2026 at 01:31 PM IST,SUNFLAG,Sunflag Iron and Steel Company Limited,Basic Materials,Steel,62130659328.0,6213.07,30.21,,0.7,5.91,,,8.29,5.14,38.21,6.5,5.5,,,1818899968.0,181.89,5239799808.0,523.98,,,,,29.0,1.1,METALS_MINING,0,4,9,0,10,5,18,6,24,"Low debt, Controlled metal sector debt, Commodity dividend support",Abnormally high dividend yield
06.09.2026 at 01:31 PM IST,UNOMINDA,Uno Minda Limited,Consumer Cyclical,Auto Parts,721647763456.0,72164.78,59.88,39.48,11.55,37.74,,,7.11,5.8,34.04,23.8,1.2,,,3607399936.0,360.74,27401199616.0,2740.12,,,,,21.0,0.3,AUTO,0,8,7,0,7,5,17,7,24,"Strong revenue growth, Low debt, Forward PE improving, Auto revenue growth support, Manageable auto debt","Expensive price-to-book, Abnormally high dividend yield"
06.09.2026 at 01:31 PM IST,RISHABH,Rishabh Instruments Limited,Technology,Scientific & Technical Instruments,28771198976.0,2877.12,35.71,21.68,3.85,10.75,,,12.03,10.33,60.91,4.2,-4.5,,,2018310016.0,201.83,805440000.0,80.54,,,,,27.0,1.05,IT_TECH,6,2,12,0,9,5,24,0,24,"Cash covers debt, Low debt, Forward PE improving","Negative earnings growth, Abnormally high dividend yield"
06.09.2026 at 01:31 PM IST,STARHEALTH,Star Health and Allied Insurance Company Limited,Financial Services,Insurance - Life,328858730496.0,32885.87,49.16,19.94,3.24,,7.51,2.53,13.66,3.62,21.95,14.08,109.6,,,,,0.0,0.0,,,,,,0.19,FINANCIAL,3,15,0,0,7,0,25,-1,24,"Strong earnings growth, Forward PE improving, Strong financial earnings growth",Weak financial ROE
06.09.2026 at 01:31 PM IST,CCCL,Consolidated Construction Consortium Limited,Industrials,Engineering & Construction,6455673856.0,645.57,,,2.32,0.11,,,-8.86,-1.21,13.32,134.4,,,,433124000.0,43.31,3000000.0,0.3,,,,,,6.41,CAPITAL_GOODS_INFRA,0,10,12,0,4,10,16,8,24,"Strong revenue growth, Cash covers debt, Low debt, Strong capital goods revenue growth, Manageable capital goods debt",Negative net margin
06.09.2026 at 01:31 PM IST,UPL,UPL Limited,Basic Materials,Agricultural Inputs,492082200576.0,49208.22,23.87,12.35,1.42,57.13,,,6.56,3.82,49.95,10.5,,,,66339999744.0,6634.0,235759992832.0,23576.0,,,,,1.03,0.54,GENERAL,0,5,4,0,12,0,21,2,23,"Forward PE improving, General low debt support",
06.09.2026 at 01:31 PM IST,SYMPHONY,Symphony Limited,Consumer Cyclical,"Furnishings, Fixtures & Appliances",39856881664.0,3985.69,,20.78,7.31,31.64,,,10.58,-12.35,47.98,50.6,-5.1,,,1630700032.0,163.07,1725100032.0,172.51,,,,,1.55,0.27,CONSUMER_DISCRETIONARY,3,10,9,0,1,10,13,10,23,"Strong revenue growth, Reasonable cash coverage, Low debt, Consumer discretionary growth support, Healthy discretionary margin, Controlled discretionary debt","Negative net margin, Negative earnings growth"
06.09.2026 at 01:31 PM IST,CEATLTD,CEAT Limited,Consumer Cyclical,Auto Parts,134820159488.0,13482.02,22.83,14.03,2.29,64.74,,,4.15,3.58,38.51,22.3,-96.2,,,433000000.0,43.3,32720900096.0,3272.09,,,,,1.05,0.46,AUTO,0,8,4,0,12,8,16,7,23,"Strong revenue growth, Forward PE improving, Auto revenue growth support, Manageable auto debt",Negative earnings growth
06.09.2026 at 01:31 PM IST,GATEWAY,Gateway Distriparks Limited,Industrials,Integrated Freight & Logistics,27325521920.0,2732.55,11.16,10.13,1.18,25.36,,,14.26,11.05,84.35,-0.2,-18.3,,,1182777984.0,118.28,6457721856.0,645.77,,,,,3.66,0.2,CAPITAL_GOODS_INFRA,6,0,7,0,15,8,20,3,23,"Low debt, Forward PE improving, Manageable capital goods debt","Negative revenue growth, Negative earnings growth"
06.09.2026 at 01:31 PM IST,MWL,Mangalam Worldwide Limited,Basic Materials,Steel,11390208000.0,1139.02,21.91,,3.8,160.46,,,8.21,4.16,23.43,14.7,17.6,,,64448000.0,6.44,4901586944.0,490.16,,,,,8.0,0.57,METALS_MINING,0,13,0,0,8,0,21,2,23,"Strong earnings growth, Commodity dividend support",
06.09.2026 at 01:31 PM IST,RAYMONDREL,Raymond Realty Limited,Real Estate,Real Estate - Development,35465261056.0,3546.53,11.82,,2.26,64.68,,,10.12,9.6,27.93,40.7,-18.5,,,3560000000.0,356.0,10137499648.0,1013.75,,,,,38.0,,CEMENT_REALTY,6,10,4,0,12,13,19,4,23,"Strong revenue growth, Manageable cement/realty debt","Negative earnings growth, Abnormally high dividend yield"
06.09.2026 at 01:31 PM IST,AAKASH,Aakash Exploration Services Limited,Energy,Oil & Gas Equipment & Services,891000000.0,89.1,25.14,,1.36,41.93,,,-1.03,2.99,83.1,16.9,0.0,,,1144000.0,0.11,267812992.0,26.78,,,,,,-0.12,ENERGY_UTILITIES,0,8,7,0,8,0,23,0,23,"Strong revenue growth, Low debt",
06.09.2026 at 01:31 PM IST,HISARMETAL,Hisar Metal Industries Limited,Basic Materials,Steel,877500032.0,87.75,18.42,,1.33,131.66,,,5.87,1.8,11.72,3.7,326.9,,,2691000.0,0.27,865488000.0,86.55,,,,,62.0,0.67,METALS_MINING,0,12,2,0,12,5,21,2,23,"Strong earnings growth, Commodity dividend support",Abnormally high dividend yield
06.09.2026 at 01:31 PM IST,LUXIND,Lux Industries Limited,Consumer Cyclical,Apparel Manufacturing,35219951616.0,3522.0,34.37,16.83,1.92,33.96,,,5.64,3.49,29.91,0.8,-6.1,,,2520499968.0,252.05,6184000000.0,618.4,,,,,17.0,0.66,CONSUMER_DISCRETIONARY,0,0,7,0,13,0,20,3,23,"Low debt, Forward PE improving, Controlled discretionary debt",Negative earnings growth
06.09.2026 at 01:31 PM IST,CAMLINFINE,Camlin Fine Sciences Limited,Basic Materials,Specialty Chemicals,19787358208.0,1978.74,,12.64,1.9,71.95,,,-0.29,0.32,43.58,22.7,,,,1085550976.0,108.56,7200926208.0,720.09,,,,,,0.65,CHEMICALS,0,8,4,0,4,0,16,7,23,"Strong revenue growth, Chemical revenue growth support, Controlled chemical debt",
06.09.2026 at 01:31 PM IST,WAAREEINDO,Indosolar Limited,Technology,Solar,11274600448.0,1127.46,6.77,,3.93,1.07,,,57.28,30.07,49.51,-64.9,-68.7,,,57627000.0,5.76,30720000.0,3.07,,,,,,0.74,IT_TECH,12,0,12,0,8,14,18,5,23,"Strong operating margin, Cash covers debt, Low debt, Strong tech operating margin","Negative revenue growth, Negative earnings growth"
06.09.2026 at 01:31 PM IST,HEIDELBERG,HeidelbergCement India Limited,Basic Materials,Building Materials,36261011456.0,3626.1,31.19,18.9,2.64,1.04,,,6.02,4.93,52.76,5.1,-36.6,,,4078400000.0,407.84,142300000.0,14.23,,,,,4.37,0.39,CEMENT_REALTY,0,2,12,0,13,8,19,4,23,"Cash covers debt, Low debt, Forward PE improving, Manageable cement/realty debt",Negative earnings growth
06.09.2026 at 01:31 PM IST,SUPREMEINF,Supreme Infrastructure India Limited,Industrials,Engineering & Construction,8068353536.0,806.84,0.1,,2.78,632.07,,,0.78,75.64,24.53,189.8,,,,27029000.0,2.7,14602173440.0,1460.22,,,,,,1.18,CAPITAL_GOODS_INFRA,6,10,0,0,10,8,18,5,23,"Strong revenue growth, Strong capital goods revenue growth",Very high debt
06.09.2026 at 01:31 PM IST,JAYBARMARU,Jay Bharat Maruti Limited,Consumer Cyclical,Auto Parts,13260624896.0,1326.06,9.59,,1.9,76.31,,,6.18,5.27,25.04,12.6,-6.0,,,725166016.0,72.52,5312058880.0,531.21,,,,,57.0,0.55,AUTO,0,5,4,0,12,5,16,7,23,"Auto revenue growth support, Manageable auto debt","Negative earnings growth, Abnormally high dividend yield"
06.09.2026 at 01:31 PM IST,NUCLEUS,Nucleus Software Exports Limited,Technology,Software - Application,19170088960.0,1917.01,18.19,12.38,2.11,0.94,,,1.34,12.13,30.81,-3.3,-32.2,,,4141400064.0,414.14,85500000.0,8.55,,,,,1.71,-0.04,IT_TECH,5,0,12,0,14,8,23,0,23,"Cash covers debt, Low debt, Forward PE improving","Negative revenue growth, Negative earnings growth"
06.09.2026 at 01:31 PM IST,ARFIN,Arfin India Limited,Basic Materials,Aluminum,14661984256.0,1466.2,79.0,,8.7,75.88,,,4.21,2.56,14.07,95.5,300.0,,,89562000.0,8.96,1292659968.0,129.27,,,,,25.0,0.46,METALS_MINING,0,20,4,0,2,5,21,2,23,"Strong revenue growth, Strong earnings growth, Commodity dividend support",Abnormally high dividend yield
06.09.2026 at 01:31 PM IST,ZIMLAB,ZIM Laboratories Limited,Healthcare,Drug Manufacturers - Specialty & Generic,6720725504.0,672.07,152.74,,2.26,42.73,,,-3.1,0.93,53.02,31.2,,,,402518016.0,40.25,1265588992.0,126.56,,,,,,0.83,PHARMA_HEALTHCARE,0,10,7,0,4,5,16,7,23,"Strong revenue growth, Low debt, Healthcare growth support, Controlled healthcare debt",Very high PE
06.09.2026 at 01:31 PM IST,STARPAPER,Star Paper Mills Limited,Basic Materials,Paper & Paper Products,2373845760.0,237.38,7.62,3.59,0.33,0.61,,,1.02,7.43,30.69,2.3,-14.1,,,2435717888.0,243.57,43063000.0,4.31,,,,,1.65,-0.11,GENERAL,3,0,12,0,14,8,21,2,23,"Cash covers debt, Low debt, Forward PE improving, General low debt support",Negative earnings growth
06.09.2026 at 01:31 PM IST,WEL,Wonder Electricals Limited,Consumer Cyclical,"Furnishings, Fixtures & Appliances",10184607744.0,1018.46,84.44,,11.38,107.75,,,2.96,1.63,11.22,50.9,275.0,,,285572992.0,28.56,1130077952.0,113.01,,,,,26.0,-0.23,CONSUMER_DISCRETIONARY,0,20,2,0,2,5,19,4,23,"Strong revenue growth, Strong earnings growth, Consumer discretionary growth support","Very high PE, Expensive price-to-book, Abnormally high dividend yield"
06.09.2026 at 01:31 PM IST,KICL,Kalyani Investment Company Limited,Financial Services,Asset Management,22699591680.0,2269.96,55.84,,0.2,,,,55.72,51.95,100.0,2.9,,,,3101139968.0,310.11,0.0,0.0,,,,,19.0,0.41,FINANCIAL,12,0,3,0,8,0,23,0,23,"Strong operating margin, Net cash position",
06.09.2026 at 01:31 PM IST,SENCO,Senco Gold Limited,Consumer Cyclical,Luxury Goods,58799468544.0,5879.95,10.29,13.34,2.34,107.38,,,6.27,5.91,18.46,67.3,-3.3,,,456889984.0,45.69,26991099904.0,2699.11,,,,,49.0,0.36,CONSUMER_DISCRETIONARY,0,10,2,0,12,5,19,4,23,"Strong revenue growth, Consumer discretionary growth support","Negative earnings growth, Abnormally high dividend yield"
06.09.2026 at 01:31 PM IST,JKIPL,Jinkushal Industries Limited,Industrials,Industrial Distribution,3876986112.0,387.7,45.29,,2.0,49.72,,,-1.8,2.34,24.73,15.9,-68.7,,,555644992.0,55.56,1006771968.0,100.68,,,,,,,CAPITAL_GOODS_INFRA,0,8,9,0,6,8,15,8,23,"Strong revenue growth, Reasonable cash coverage, Low debt, Strong capital goods revenue growth, Manageable capital goods debt",Negative earnings growth
06.09.2026 at 01:31 PM IST,PRIMO,Primo Chemicals Limited,Basic Materials,Chemicals,5135252992.0,513.53,32.6,,1.27,32.29,,,8.95,2.85,36.26,-1.2,11.8,,,41044000.0,4.1,1311542016.0,131.15,,,,,,-0.16,CHEMICALS,0,5,7,0,8,0,20,3,23,"Low debt, Controlled chemical debt",Negative revenue growth
06.09.2026 at 01:31 PM IST,PUNJABCHEM,Punjab Chemicals and Crop Protection Limited,Basic Materials,Chemicals,13561976832.0,1356.2,20.73,,3.2,36.42,,,9.64,6.18,38.96,8.7,7.0,,,104200000.0,10.42,1542200064.0,154.22,,,,,27.0,0.5,CHEMICALS,3,7,7,0,8,5,20,3,23,"Low debt, Controlled chemical debt",Abnormally high dividend yield
06.09.2026 at 01:31 PM IST,SJVN,SJVN Limited,Utilities,Utilities - Renewable,257401569280.0,25740.16,37.22,13.63,1.81,226.53,,,45.68,12.77,89.15,52.0,-1.7,,,25225199616.0,2522.52,322784886784.0,32278.49,,,,,2.3,0.47,ENERGY_UTILITIES,11,10,0,0,11,8,24,-1,23,"Strong operating margin, Strong revenue growth, Forward PE improving, Energy dividend support","Negative earnings growth, Very high debt, High energy/utility leverage"
06.09.2026 at 01:31 PM IST,RACE,Race Eco Chain Limited,Industrials,Waste Management,1709325696.0,170.93,29.22,,2.18,104.09,,,1.48,1.15,3.57,21.9,,,,155900992.0,15.59,900484992.0,90.05,,,,,,0.33,CAPITAL_GOODS_INFRA,0,8,2,0,8,0,18,5,23,"Strong revenue growth, Strong capital goods revenue growth",
06.09.2026 at 01:31 PM IST,CAPACITE,Capacit'e Infraprojects Limited,Industrials,Engineering & Construction,18316775424.0,1831.68,9.94,6.68,0.96,25.27,,,11.05,6.96,30.79,6.7,-15.1,,,1016604032.0,101.66,4832071168.0,483.21,,,,,,0.24,CAPITAL_GOODS_INFRA,6,2,7,0,13,8,20,3,23,"Low debt, Forward PE improving, Manageable capital goods debt",Negative earnings growth
06.09.2026 at 01:31 PM IST,BHAGCHEM,Bhagiradha Chemicals & Industries Limited,Basic Materials,Agricultural Inputs,34491973632.0,3449.2,125.47,,4.94,33.58,,,11.38,4.53,37.59,57.6,,,,163515008.0,16.35,2344865024.0,234.49,,,,,6.0,0.51,GENERAL,3,10,7,0,4,5,19,4,23,"Strong revenue growth, Low debt, General low debt support, General growth support",Very high PE
06.09.2026 at 01:31 PM IST,BBTCL,B&B Triplewall Containers Limited,Consumer Cyclical,Packaging & Containers,4662204928.0,466.22,6.55,,3.53,192.9,,,13.74,5.15,41.37,18.5,,,,17815000.0,1.78,2510443008.0,251.04,,,,,43.0,0.03,CONSUMER_DISCRETIONARY,3,8,0,0,10,5,16,7,23,"Strong revenue growth, Consumer discretionary growth support, Healthy discretionary margin",Abnormally high dividend yield
06.09.2026 at 01:31 PM IST,SOLARA,Solara Active Pharma Sciences Limited,Healthcare,Drug Manufacturers - Specialty & Generic,30740400128.0,3074.04,,20.29,2.22,54.68,,,9.24,-0.11,48.69,19.6,43.1,,,533400000.0,53.34,6865600000.0,686.56,,,,,,0.92,PHARMA_HEALTHCARE,0,18,4,0,4,10,16,7,23,"Strong revenue growth, Strong earnings growth, Healthcare growth support, Controlled healthcare debt",Negative net margin
06.09.2026 at 01:31 PM IST,DIGISPICE,DiGiSPICE Technologies Limited,Financial Services,Financial Conglomerates,3544169472.0,354.42,18.27,,1.78,35.37,,,11.17,4.14,21.03,-8.0,-3.4,,,3402404096.0,340.24,836497984.0,83.65,,,,,,0.23,FINANCIAL,3,0,10,0,10,0,23,0,23,"Cash covers debt, Low debt","Negative revenue growth, Negative earnings growth"
06.09.2026 at 01:31 PM IST,BELLACASA,Bella Casa Fashion & Retail Limited,Consumer Cyclical,Textile Manufacturing,3239774976.0,323.98,17.93,,1.89,47.05,,,3.81,4.02,12.18,33.4,-46.2,,,321188992.0,32.12,786212992.0,78.62,,,,,82.0,0.46,CONSUMER_DISCRETIONARY,0,10,7,0,12,13,16,7,23,"Strong revenue growth, Low debt, Consumer discretionary growth support, Controlled discretionary debt","Negative earnings growth, Abnormally high dividend yield"
06.09.2026 at 01:31 PM IST,AIROLAM,Airo Lam Limited,Consumer Cyclical,"Furnishings, Fixtures & Appliances",1293322368.0,129.33,24.63,,2.05,106.3,7.0,4.43,4.92,2.27,33.27,4.5,-90.8,1.33,0.55,18943000.0,1.89,822846016.0,82.28,83289248.0,8.33,193275008.0,19.33,,-0.55,CONSUMER_DISCRETIONARY,0,2,4,17,8,8,23,0,23,"Positive operating cash flow, Positive free cash flow",Negative earnings growth
06.09.2026 at 01:31 PM IST,JBMA,JBM Auto Limited,Consumer Cyclical,Auto Parts,148092715008.0,14809.27,66.26,31.59,12.97,190.28,,,8.27,3.57,31.95,15.0,14.1,,,1295000064.0,129.5,30287998976.0,3028.8,,,,,14.0,0.13,AUTO,0,13,0,0,5,0,18,4,22,"Strong revenue growth, Forward PE improving, Auto revenue growth support",Expensive price-to-book
06.09.2026 at 01:31 PM IST,RNBDENIMS,R & B Denims Limited,Consumer Cyclical,Textile Manufacturing,2932989184.0,293.3,20.96,,1.39,29.35,,,3.79,2.72,22.79,16.3,-31.1,,,299403008.0,29.94,739936000.0,73.99,,,,,,0.09,CONSUMER_DISCRETIONARY,0,8,7,0,8,8,15,7,22,"Strong revenue growth, Low debt, Consumer discretionary growth support, Controlled discretionary debt",Negative earnings growth
06.09.2026 at 01:31 PM IST,DENTA,Denta Water and Infra Solutions Limited,Industrials,Engineering & Construction,7358520320.0,735.85,13.75,8.98,1.6,2.64,,,22.16,22.14,32.45,-12.8,-39.9,,,914449984.0,91.44,120980000.0,12.1,,,,,91.0,,CAPITAL_GOODS_INFRA,11,0,12,0,15,19,19,3,22,"Strong operating margin, Cash covers debt, Low debt, Forward PE improving, Manageable capital goods debt","Negative revenue growth, Negative earnings growth, Abnormally high dividend yield"
06.09.2026 at 01:31 PM IST,GSPCROP,GSP Crop Science Limited,Basic Materials,Agricultural Inputs,28804411392.0,2880.44,28.57,,3.23,34.02,,,8.78,6.6,37.4,2.4,-5.8,,,1844070016.0,184.41,2620300032.0,262.03,,,,,16.0,,GENERAL,3,0,9,0,8,0,20,2,22,"Reasonable cash coverage, Low debt, General low debt support",Negative earnings growth
06.09.2026 at 01:31 PM IST,JTEKTINDIA,JTEKT India Limited,Consumer Cyclical,Auto Parts,33692626944.0,3369.26,46.01,27.29,2.84,28.65,,,1.38,2.57,26.13,26.8,-48.8,,,378684992.0,37.87,3397683968.0,339.77,,,,,62.0,0.8,AUTO,0,10,7,0,11,13,15,7,22,"Strong revenue growth, Low debt, Forward PE improving, Auto revenue growth support, Manageable auto debt","Negative earnings growth, Abnormally high dividend yield"
06.09.2026 at 01:31 PM IST,SHRADHA,Shradha Realty Limited,Real Estate,Real Estate - Development,2551423488.0,255.14,7.66,,0.86,30.41,,,8.04,23.23,25.68,-9.5,-41.3,,,576742976.0,57.67,1024923008.0,102.49,,,,,1.91,0.64,CEMENT_REALTY,6,0,9,0,11,8,18,4,22,"Reasonable cash coverage, Low debt, Manageable cement/realty debt","Negative revenue growth, Negative earnings growth"
06.09.2026 at 01:31 PM IST,MUTHOOTCAP,Muthoot Capital Services Limited,Financial Services,Credit Services,3959743488.0,395.97,16.51,,0.59,482.1,,,14.51,9.28,100.0,64.0,,,,5234647040.0,523.46,32320679936.0,3232.07,,,,,,0.05,FINANCIAL,6,10,0,0,10,8,18,4,22,"Strong revenue growth, Financial leverage treated differently",Very high debt
06.09.2026 at 01:31 PM IST,DELHIVERY,Delhivery Limited,Industrials,Integrated Freight & Logistics,342992125952.0,34299.21,369.27,41.57,3.53,15.1,,,-1.61,0.84,84.92,27.8,-65.0,,,19824910336.0,1982.49,14625710080.0,1462.57,,,,,,0.17,CAPITAL_GOODS_INFRA,0,10,12,0,5,13,14,8,22,"Strong revenue growth, Cash covers debt, Low debt, Forward PE improving, Strong capital goods revenue growth, Manageable capital goods debt","Negative earnings growth, Very high PE"
06.09.2026 at 01:31 PM IST,ARSSBL,Anand Rathi Share and Stock Brokers Limited,Financial Services,Financial Conglomerates,32542263296.0,3254.23,22.07,,2.4,63.43,,,25.22,16.18,87.24,27.0,-26.5,,,1118060032.0,111.81,8551190016.0,855.12,,,,,97.0,,FINANCIAL,11,10,4,0,10,13,22,0,22,"Strong operating margin, Strong revenue growth","Negative earnings growth, Abnormally high dividend yield"
06.09.2026 at 01:31 PM IST,KELLTONTEC,Kellton Tech Solutions Limited,Technology,Software - Application,7386524672.0,738.65,7.94,,0.99,28.59,,,9.68,7.38,53.21,6.8,-9.5,,,374160992.0,37.42,2307514880.0,230.75,,,,,,0.47,IT_TECH,3,2,7,0,10,0,22,0,22,Low debt,Negative earnings growth
06.09.2026 at 01:31 PM IST,MINDTECK,Mindteck (India) Limited,Technology,Information Technology Services,5405056000.0,540.51,17.4,,1.78,1.28,,,6.73,7.59,15.79,2.7,-4.4,,,1915500032.0,191.55,38800000.0,3.88,,,,,59.0,0.97,IT_TECH,3,0,12,0,12,5,22,0,22,"Cash covers debt, Low debt","Negative earnings growth, Abnormally high dividend yield"
06.09.2026 at 01:31 PM IST,IPL,India Pesticides Limited,Basic Materials,Agricultural Inputs,15996210176.0,1599.62,14.86,11.77,1.58,10.91,,,11.76,10.41,46.59,-8.5,-34.7,,,1167800064.0,116.78,1102599936.0,110.26,,,,,54.0,0.35,GENERAL,6,0,12,0,15,13,20,2,22,"Cash covers debt, Low debt, Forward PE improving, General low debt support","Negative revenue growth, Negative earnings growth, Abnormally high dividend yield"
06.09.2026 at 01:31 PM IST,MEGASTAR,Megastar Foods Limited,Consumer Defensive,Packaged Foods,3477895168.0,347.79,35.77,,3.39,127.73,,,3.9,1.78,12.62,23.5,23.8,,,90937000.0,9.09,1313980032.0,131.4,,,,,,-0.45,FMCG_CONSUMER,0,16,2,0,4,0,22,0,22,"Strong revenue growth, Strong earnings growth",
06.09.2026 at 01:31 PM IST,KNRCON,KNR Constructions Limited,Industrials,Engineering & Construction,35095265280.0,3509.53,8.9,14.76,0.71,49.16,,,14.58,14.76,44.22,-4.0,-34.6,,,6257760768.0,625.78,24442490880.0,2444.25,,,,,20.0,0.47,CAPITAL_GOODS_INFRA,8,0,7,0,12,8,19,3,22,"Low debt, Manageable capital goods debt","Negative revenue growth, Negative earnings growth, Forward PE deterioration"
06.09.2026 at 01:31 PM IST,SHAH,Shah Metacorp Limited,Basic Materials,Steel,3493157120.0,349.32,23.47,,1.06,77.53,,,8.49,5.55,16.53,102.1,0.0,,,22695000.0,2.27,2390839040.0,239.08,,,,,,0.67,METALS_MINING,0,10,4,0,8,0,22,0,22,Strong revenue growth,
06.09.2026 at 01:31 PM IST,KRYSTAL,Krystal Integrated Services Limited,Industrials,Specialty Business Services,9179572224.0,917.96,14.06,,1.84,23.99,,,5.49,4.97,10.08,11.6,,,,594040000.0,59.4,1197379968.0,119.74,,,,,23.0,0.88,CAPITAL_GOODS_INFRA,0,5,7,0,12,5,19,3,22,"Low debt, Manageable capital goods debt",Abnormally high dividend yield
06.09.2026 at 01:31 PM IST,DYNPRO,Dynemic Products Limited,Basic Materials,Specialty Chemicals,2944160512.0,294.42,14.48,,1.2,29.64,,,9.45,5.48,48.36,-8.5,8.0,,,12063000.0,1.21,727422016.0,72.74,,,,,64.0,0.12,CHEMICALS,0,5,7,0,12,5,19,3,22,"Low debt, Controlled chemical debt","Negative revenue growth, Abnormally high dividend yield"
06.09.2026 at 01:31 PM IST,PARKHOTELS,Apeejay Surrendra Park Hotels Limited,Consumer Cyclical,Lodging,23878711296.0,2387.87,37.3,18.35,1.77,27.78,,,15.46,8.86,64.61,8.1,-14.3,,,1014000000.0,101.4,3728900096.0,372.89,,,,,45.0,0.86,CONSUMER_DISCRETIONARY,6,5,7,0,11,13,16,6,22,"Low debt, Forward PE improving, Healthy discretionary margin, Controlled discretionary debt","Negative earnings growth, Abnormally high dividend yield"
06.09.2026 at 01:31 PM IST,TIINDIA,Tube Investments of India Limited,Industrials,Conglomerates,522258120704.0,52225.81,86.2,36.29,6.74,27.72,,,7.28,2.82,31.7,20.7,-14.2,,,23999899648.0,2399.99,31472199680.0,3147.22,,,,,16.0,-0.3,CAPITAL_GOODS_INFRA,0,8,9,0,5,8,14,8,22,"Strong revenue growth, Reasonable cash coverage, Low debt, Forward PE improving, Strong capital goods revenue growth, Manageable capital goods debt","Negative earnings growth, Very high PE"
06.09.2026 at 01:31 PM IST,BTML,Bodhi Tree Multimedia Limited,Communication Services,Entertainment,1508091520.0,150.81,18.44,,1.61,41.59,,,5.55,5.16,16.17,65.2,-33.3,,,31202000.0,3.12,363592992.0,36.36,,,,,,-0.07,TELECOM,0,10,7,0,10,8,19,3,22,"Strong revenue growth, Low debt, Telecom revenue growth support",Negative earnings growth
06.09.2026 at 01:31 PM IST,GANGESSECU,Ganges Securities Limited,Consumer Defensive,Packaged Foods,1185436928.0,118.54,41.15,,0.22,,,,19.28,4.61,92.83,-13.5,41.7,,,123846000.0,12.38,0.0,0.0,,,,,,-0.09,FMCG_CONSUMER,5,10,3,0,6,6,18,4,22,"Strong operating margin, Strong earnings growth, Net cash position, Healthy consumer margins",Negative revenue growth
06.09.2026 at 01:31 PM IST,KIRLOSBROS,Kirloskar Brothers Limited,Industrials,Specialty Industrial Machinery,148256473088.0,14825.65,39.63,,6.02,10.1,,,8.0,8.01,49.4,12.9,-0.1,,,8829616128.0,882.96,2500865024.0,250.09,,,,,38.0,0.3,CAPITAL_GOODS_INFRA,3,5,12,0,4,5,19,3,22,"Cash covers debt, Low debt, Manageable capital goods debt","Negative earnings growth, Abnormally high dividend yield"
06.09.2026 at 01:31 PM IST,IDEAFORGE,ideaForge Technology Limited,Technology,Computer Hardware,38601138176.0,3860.11,835.0,39.42,5.67,13.97,,,-17.32,1.4,55.65,436.7,,,,1078109952.0,107.81,837110016.0,83.71,,,,,,1.97,IT_TECH,0,10,12,0,5,5,22,0,22,"Strong revenue growth, Cash covers debt, Low debt, Forward PE improving",Very high PE
06.09.2026 at 01:31 PM IST,INNOVANA,Innovana Thinklabs Limited,Technology,Software - Application,6395302912.0,639.53,22.0,,3.8,20.73,,,12.01,22.14,46.99,21.4,-58.1,,,112686000.0,11.27,579196992.0,57.92,,,,,,0.19,IT_TECH,9,8,7,0,6,8,22,0,22,"Strong revenue growth, Low debt",Negative earnings growth
06.09.2026 at 01:31 PM IST,UEL,Ujaas Energy Limited,Technology,Solar,32228913152.0,3222.89,2416.0,,36.35,27.07,,,-96.03,11.52,34.72,14.5,286.3,,,174376992.0,17.44,240000000.0,24.0,,,,,,-0.41,IT_TECH,3,15,9,0,0,5,22,0,22,"Strong earnings growth, Reasonable cash coverage, Low debt","Very high PE, Expensive price-to-book"
06.09.2026 at 01:31 PM IST,DONEAR,Donear Industries Limited,Consumer Cyclical,Textile Manufacturing,4785039872.0,478.5,10.42,30.88,1.73,154.25,,,9.33,4.94,48.43,8.0,28.4,,,116789000.0,11.68,4270850048.0,427.09,,,,,22.0,0.27,CONSUMER_DISCRETIONARY,0,15,0,0,12,5,22,0,22,Strong earnings growth,"Forward PE deterioration, Abnormally high dividend yield"
06.09.2026 at 01:31 PM IST,ADROITINFO,Adroit Infotech Limited,Technology,Information Technology Services,589864832.0,58.99,13.04,,0.72,34.11,,,3.72,5.73,45.72,52.7,-25.0,,,396636000.0,39.66,264544992.0,26.45,,,,,,-0.19,IT_TECH,0,10,10,0,10,8,22,0,22,"Strong revenue growth, Cash covers debt, Low debt",Negative earnings growth
06.09.2026 at 01:31 PM IST,PRESTIGE,Prestige Estates Projects Limited,Real Estate,Real Estate - Diversified,683568922624.0,68356.89,59.89,27.72,4.2,105.49,7.75,,23.7,8.72,58.8,15.9,-19.3,,,32796000256.0,3279.6,176593993728.0,17659.4,,,,,13.0,0.44,CEMENT_REALTY,8,8,2,0,9,8,19,3,22,"Strong operating margin, Strong revenue growth, Forward PE improving, Healthy cement/realty margin",Negative earnings growth
06.09.2026 at 01:31 PM IST,WHIRLPOOL,Whirlpool of India Limited,Consumer Cyclical,"Furnishings, Fixtures & Appliances",103909687296.0,10390.97,41.45,23.53,2.5,8.62,,,3.1,3.01,32.38,12.1,-29.4,,,25527500800.0,2552.75,3586899968.0,358.69,,,,,61.0,0.36,CONSUMER_DISCRETIONARY,0,5,12,0,11,13,15,7,22,"Cash covers debt, Low debt, Forward PE improving, Consumer discretionary growth support, Controlled discretionary debt","Negative earnings growth, Abnormally high dividend yield"
06.09.2026 at 01:31 PM IST,SARVESHWAR,Sarveshwar Foods Limited,Consumer Defensive,Packaged Foods,4162897664.0,416.29,11.66,,0.87,52.77,,,4.18,2.35,8.05,18.8,0.0,,,50617000.0,5.06,2520092928.0,252.01,,,,,,0.36,FMCG_CONSUMER,0,8,4,0,10,0,22,0,22,Strong revenue growth,
06.09.2026 at 01:31 PM IST,ELIN,Elin Electronics Limited,Industrials,Electrical Equipment & Parts,4734803456.0,473.48,,,0.82,2.97,,,-0.89,-0.61,23.23,22.8,,,,861000000.0,86.1,165230000.0,16.52,,,,,,0.76,CAPITAL_GOODS_INFRA,0,8,12,0,4,10,14,8,22,"Strong revenue growth, Cash covers debt, Low debt, Strong capital goods revenue growth, Manageable capital goods debt",Negative net margin
06.09.2026 at 01:31 PM IST,PNBHOUSING,PNB Housing Finance Limited,Financial Services,Mortgage Finance,304097361920.0,30409.74,13.14,11.12,1.58,287.73,,,75.16,61.35,98.95,5.8,4.3,,,28500400128.0,2850.04,552998076416.0,55299.81,,,,,69.0,0.31,FINANCIAL,12,4,0,0,15,13,18,4,22,"Strong operating margin, Forward PE improving, Financial leverage treated differently","Very high debt, Abnormally high dividend yield"
06.09.2026 at 01:31 PM IST,JYOTHYLAB,Jyothy Labs Limited,Consumer Defensive,Household & Personal Products,74177331200.0,7417.73,26.1,20.88,4.67,3.25,,,6.28,9.57,44.22,3.0,-50.8,,,8148100096.0,814.81,515800000.0,51.58,,,,,1.74,0.46,FMCG_CONSUMER,3,2,12,0,10,8,19,3,22,"Cash covers debt, Low debt, Forward PE improving, Low debt consumer business",Negative earnings growth
06.09.2026 at 01:31 PM IST,COROMANDEL,Coromandel International Limited,Basic Materials,Agricultural Inputs,571439185920.0,57143.92,31.27,20.08,4.55,11.47,,,6.77,5.62,23.99,15.9,-24.5,,,22944000000.0,2294.4,15061900288.0,1506.19,,,,,57.0,0.13,GENERAL,0,8,12,0,11,13,18,4,22,"Strong revenue growth, Cash covers debt, Low debt, Forward PE improving, General low debt support, General growth support","Negative earnings growth, Abnormally high dividend yield"
06.09.2026 at 01:31 PM IST,KOTHARIPRO,Kothari Products Limited,Industrials,Conglomerates,4014596608.0,401.46,13.01,,0.34,8.51,,,-5.0,1.97,1.98,8.6,-58.4,,,1300300032.0,130.03,985200000.0,98.52,,,,,,0.32,CAPITAL_GOODS_INFRA,0,5,12,0,10,8,19,3,22,"Cash covers debt, Low debt, Manageable capital goods debt",Negative earnings growth
06.09.2026 at 01:31 PM IST,KUANTUM,Kuantum Papers Limited,Basic Materials,Paper & Paper Products,6513357312.0,651.34,18.03,,0.53,70.81,,,7.39,3.06,59.01,36.3,-48.6,,,409300000.0,40.93,8697499648.0,869.75,,,,,3.37,0.14,GENERAL,0,10,4,0,12,8,18,4,22,"Strong revenue growth, General low debt support, General growth support",Negative earnings growth
06.09.2026 at 01:31 PM IST,ROSSTECH,Rossell Techsys Limited,Industrials,Aerospace & Defense,43622256640.0,4362.23,169.78,,28.0,264.37,,,11.86,4.66,37.32,77.1,117.2,,,474984000.0,47.5,4094053888.0,409.41,,,,,3.0,,CAPITAL_GOODS_INFRA,3,20,0,0,2,13,12,9,21,"Strong revenue growth, Strong earnings growth, Strong capital goods revenue growth, Strong capital goods earnings growth","Very high debt, Very high PE, Expensive price-to-book"
06.09.2026 at 01:31 PM IST,TARSONS,Tarsons Products Limited,Healthcare,Medical Instruments & Supplies,17749614592.0,1774.96,160.38,25.66,2.78,61.91,,,-0.94,2.51,66.41,20.7,,,,252560000.0,25.26,3929570048.0,392.96,,,,,,0.3,PHARMA_HEALTHCARE,0,8,4,0,7,5,14,7,21,"Strong revenue growth, Forward PE improving, Healthcare growth support, Controlled healthcare debt",Very high PE
06.09.2026 at 01:31 PM IST,MURUDCERA,Murudeshwar Ceramics Ltd.,Industrials,Building Products & Equipment,1798799616.0,179.88,18.23,,0.41,37.49,,,11.41,4.62,42.17,8.6,-59.4,,,60522000.0,6.05,1425005952.0,142.5,,,,,1.64,0.32,CAPITAL_GOODS_INFRA,3,5,7,0,11,8,18,3,21,"Low debt, Manageable capital goods debt",Negative earnings growth
06.09.2026 at 01:31 PM IST,BANSWRAS,Banswara Syntex Limited,Consumer Cyclical,Textile Manufacturing,4005153792.0,400.52,10.77,,0.68,89.72,,,7.17,1.92,56.54,0.3,38.2,,,99251000.0,9.93,5038962176.0,503.9,,,,,99.0,-0.09,CONSUMER_DISCRETIONARY,0,10,4,0,12,5,21,0,21,Strong earnings growth,Abnormally high dividend yield
06.09.2026 at 01:31 PM IST,STEELXIND,Steel Exchange India Limited,Basic Materials,Steel,14413359104.0,1441.34,45.2,,1.82,54.38,,,10.39,3.09,26.52,-10.1,33.3,,,162363008.0,16.24,4175371008.0,417.54,,,,,,0.62,METALS_MINING,3,10,4,0,6,6,17,4,21,"Strong earnings growth, Controlled metal sector debt",Negative revenue growth
06.09.2026 at 01:31 PM IST,KPIGREEN,KPI Green Energy Limited,Utilities,Utilities - Renewable,60784132096.0,6078.41,13.32,,2.0,158.76,,,28.05,16.43,48.11,15.1,-17.7,,,7581110784.0,758.11,51969515520.0,5196.95,,,,,28.0,0.64,ENERGY_UTILITIES,11,8,0,0,12,13,18,3,21,"Strong operating margin, Strong revenue growth, Energy dividend support","Negative earnings growth, Abnormally high dividend yield"
06.09.2026 at 01:31 PM IST,IONEXCHANG,Ion Exchange (India) Limited,Industrials,Pollution & Treatment Controls,50622758912.0,5062.28,49.79,22.88,3.65,35.98,,,1.43,3.23,35.46,20.1,-91.6,,,3192699904.0,319.27,4821899776.0,482.19,,,,,31.0,0.41,CAPITAL_GOODS_INFRA,0,8,9,0,9,13,13,8,21,"Strong revenue growth, Reasonable cash coverage, Low debt, Forward PE improving, Strong capital goods revenue growth, Manageable capital goods debt","Negative earnings growth, Abnormally high dividend yield"
06.09.2026 at 01:31 PM IST,DREDGECORP,Dredging Corporation of India Limited,Industrials,Engineering & Construction,30368798720.0,3036.88,61.56,,2.44,88.83,3.19,,5.72,2.97,56.18,46.7,,0.89,0.53,801923968.0,80.19,11055268864.0,1105.53,,,,,,0.73,CAPITAL_GOODS_INFRA,0,10,4,0,4,5,13,8,21,"Strong revenue growth, Strong capital goods revenue growth, Manageable capital goods debt",
06.09.2026 at 01:31 PM IST,BALKRISIND,Balkrishna Industries Limited,Consumer Cyclical,Auto Parts,440956485632.0,44095.65,31.4,22.63,4.03,35.27,,,16.36,12.33,50.17,6.9,-15.0,,,14258400256.0,1425.84,36819701760.0,3681.97,,,,,75.0,0.32,AUTO,8,2,7,0,11,13,15,6,21,"Low debt, Forward PE improving, Healthy auto margin, Manageable auto debt","Negative earnings growth, Abnormally high dividend yield"
06.09.2026 at 01:31 PM IST,ASHIMASYN,Ashima Limited,Real Estate,Real Estate - Development,3438381824.0,343.84,,,1.24,59.3,,,38.85,-90.1,71.39,201.1,,,,665400000.0,66.54,1642099968.0,164.21,,,,,,0.22,CEMENT_REALTY,6,10,4,0,4,10,14,7,21,"Strong operating margin, Strong revenue growth, Manageable cement/realty debt, Healthy cement/realty margin",Negative net margin
06.09.2026 at 01:31 PM IST,GREENPOWER,Orient Green Power Company Limited,Utilities,Utilities - Independent Power Producers,10838812672.0,1083.88,17.11,,0.94,45.39,,,39.84,22.26,80.05,-6.8,-20.0,,,675299968.0,67.53,5241200128.0,524.12,,,,,,0.78,ENERGY_UTILITIES,12,0,7,0,10,8,21,0,21,"Strong operating margin, Low debt","Negative revenue growth, Negative earnings growth"
06.09.2026 at 01:31 PM IST,COMPUSOFT,Compucom Software Limited,Consumer Defensive,Education & Training Services,1036539968.0,103.65,36.39,,0.71,34.17,,,-6.1,8.68,50.84,-8.1,0.0,,,400127008.0,40.01,485752000.0,48.58,,,,,1.92,0.58,GENERAL,3,0,9,0,7,0,19,2,21,"Reasonable cash coverage, Low debt, General low debt support",Negative revenue growth
06.09.2026 at 01:31 PM IST,SWIGGY,Swiggy Limited,Consumer Cyclical,Internet Retail,723382501376.0,72338.25,,-49.93,3.93,13.93,,,-13.92,-15.05,44.37,37.3,,,,111519997952.0,11152.0,25510000640.0,2551.0,,,,,,,CONSUMER_DISCRETIONARY,0,10,12,0,2,10,14,7,21,"Strong revenue growth, Cash covers debt, Low debt, Consumer discretionary growth support, Controlled discretionary debt",Negative net margin
06.09.2026 at 01:31 PM IST,INDTERRAIN,Indian Terrain Fashions Limited,Consumer Cyclical,Apparel Retail,1530154496.0,153.02,377.5,2.76,0.82,55.33,,,3.87,0.11,42.48,18.8,,,,419200000.0,41.92,1017699968.0,101.77,,,,,,0.53,CONSUMER_DISCRETIONARY,0,8,4,0,7,5,14,7,21,"Strong revenue growth, Forward PE improving, Consumer discretionary growth support, Controlled discretionary debt",Very high PE
06.09.2026 at 01:31 PM IST,TVSHLTD,TVS Holdings Limited,Consumer Cyclical,Auto Parts,271009038336.0,27100.9,13.76,,4.19,289.85,,,0.23,3.64,29.46,35.7,81.9,,,52290400256.0,5229.04,373681815552.0,37368.18,,,,,64.0,0.3,AUTO,0,20,0,0,10,13,17,4,21,"Strong revenue growth, Strong earnings growth, Auto revenue growth support","Very high debt, Abnormally high dividend yield"
06.09.2026 at 01:31 PM IST,GREENLAM,Greenlam Industries Limited,Basic Materials,Lumber & Wood Production,62003441664.0,6200.34,66.76,25.38,5.26,98.42,,,5.58,2.93,52.26,18.2,,,,1153100032.0,115.31,11604100096.0,1160.41,,,,,16.0,0.42,GENERAL,0,8,4,0,7,0,19,2,21,"Strong revenue growth, Forward PE improving, General growth support",
06.09.2026 at 01:31 PM IST,MAXIND,Max India Limited,Healthcare,Medical Care Facilities,8473445888.0,847.34,,,1.94,23.56,,,-19.7,-55.42,73.66,66.0,,,,1065876992.0,106.59,962083008.0,96.21,,,,,,0.39,PHARMA_HEALTHCARE,0,10,10,0,4,10,14,7,21,"Strong revenue growth, Cash covers debt, Low debt, Healthcare growth support, Controlled healthcare debt",Negative net margin
06.09.2026 at 01:31 PM IST,EASEMYTRIP,Easy Trip Planners Limited,Consumer Cyclical,Travel Services,21784750080.0,2178.48,,,2.54,4.35,,,-0.36,-9.37,52.34,18.4,,,,1955970048.0,195.6,354489984.0,35.45,,,,,,0.43,CONSUMER_DISCRETIONARY,0,8,12,0,4,10,14,7,21,"Strong revenue growth, Cash covers debt, Low debt, Consumer discretionary growth support, Controlled discretionary debt",Negative net margin
06.09.2026 at 01:31 PM IST,KALAMANDIR,Sai Silks (Kalamandir) Limited,Consumer Cyclical,Apparel Retail,12782609408.0,1278.26,9.37,7.17,1.01,28.66,,,9.87,8.27,42.04,-1.0,-14.7,,,3484199936.0,348.42,3612199936.0,361.22,,,,,1.73,0.98,CONSUMER_DISCRETIONARY,3,0,9,0,14,8,18,3,21,"Reasonable cash coverage, Low debt, Forward PE improving, Controlled discretionary debt","Negative revenue growth, Negative earnings growth"
06.09.2026 at 01:31 PM IST,GENESYS,Genesys International Corporation Limited,Technology,Software - Application,15512588288.0,1551.26,45.85,17.06,1.34,24.52,,,11.92,9.1,44.82,14.8,-27.6,,,1038824000.0,103.88,1729383936.0,172.94,,,,,,-0.21,IT_TECH,6,5,9,0,9,8,21,0,21,"Reasonable cash coverage, Low debt, Forward PE improving",Negative earnings growth
06.09.2026 at 01:31 PM IST,NCLIND,NCL Industries Limited,Basic Materials,Building Materials,8028820480.0,802.88,6.73,5.76,0.81,31.94,,,8.45,6.32,51.31,1.5,-14.3,,,101290000.0,10.13,3002649088.0,300.26,,,,,2.25,0.17,CEMENT_REALTY,3,0,7,0,15,8,17,4,21,"Low debt, Forward PE improving, Manageable cement/realty debt",Negative earnings growth
06.09.2026 at 01:31 PM IST,JWL,Jupiter Wagons Limited,Industrials,Railroads,104278376448.0,10427.84,62.24,25.89,3.52,33.37,,,6.89,5.33,26.79,46.0,-14.3,,,6511984128.0,651.2,9964552192.0,996.46,,,,,69.0,0.33,CAPITAL_GOODS_INFRA,0,10,9,0,7,13,13,8,21,"Strong revenue growth, Reasonable cash coverage, Low debt, Forward PE improving, Strong capital goods revenue growth, Manageable capital goods debt","Negative earnings growth, Abnormally high dividend yield"
06.09.2026 at 01:31 PM IST,INVENTURE,Inventure Growth & Securities Limited,Financial Services,Capital Markets,997499968.0,99.75,31.67,,0.36,13.28,,,46.65,7.83,72.94,-9.8,-13.7,,,1242141952.0,124.21,366395008.0,36.64,,,,,,0.51,FINANCIAL,9,0,12,0,8,8,21,0,21,"Strong operating margin, Cash covers debt, Low debt","Negative revenue growth, Negative earnings growth"
06.09.2026 at 01:31 PM IST,HINDOILEXP,Hindustan Oil Exploration Company Limited,Energy,Oil & Gas E&P,24463685632.0,2446.37,97.88,,1.76,3.59,,,-11.1,8.41,46.15,45.2,-85.8,,,549420992.0,54.94,497671008.0,49.77,,,,,,0.47,ENERGY_UTILITIES,3,10,12,0,4,8,21,0,21,"Strong revenue growth, Cash covers debt, Low debt","Negative earnings growth, Very high PE"
06.09.2026 at 01:31 PM IST,RANEHOLDIN,Rane Holdings Limited,Consumer Cyclical,Auto Parts,23486996480.0,2348.7,27.83,,2.04,71.62,,,3.31,1.38,31.5,18.4,-26.4,,,628000000.0,62.8,10209899520.0,1020.99,,,,,2.85,0.41,AUTO,0,8,4,0,10,8,14,7,21,"Strong revenue growth, Auto revenue growth support, Manageable auto debt",Negative earnings growth
06.09.2026 at 01:31 PM IST,DODLA,Dodla Dairy Limited,Consumer Defensive,Food Distribution,64255148032.0,6425.51,26.27,19.46,3.84,3.4,,,3.51,5.67,24.66,19.0,-35.3,,,5702830080.0,570.28,569950016.0,57.0,,,,,47.0,0.35,FMCG_CONSUMER,0,8,12,0,11,13,18,3,21,"Strong revenue growth, Cash covers debt, Low debt, Forward PE improving, Low debt consumer business","Negative earnings growth, Abnormally high dividend yield"
06.09.2026 at 01:31 PM IST,CONTROLPR,Control Print Limited,Industrials,Business Equipment & Supplies,9484567552.0,948.46,24.31,,2.09,1.51,,,9.09,8.01,55.37,3.8,-54.2,,,589742976.0,58.97,68162000.0,6.82,,,,,1.69,0.3,CAPITAL_GOODS_INFRA,3,2,12,0,9,8,18,3,21,"Cash covers debt, Low debt, Manageable capital goods debt",Negative earnings growth
06.09.2026 at 01:31 PM IST,KIOCL,KIOCL Limited,Basic Materials,Steel,232100134912.0,23210.01,587.54,,13.37,11.05,,,-22.02,5.71,27.62,73.8,,,,8258314240.0,825.83,1918723968.0,191.87,,,,,,0.59,METALS_MINING,0,10,12,0,0,5,17,4,21,"Strong revenue growth, Cash covers debt, Low debt, Controlled metal sector debt","Very high PE, Expensive price-to-book"
06.09.2026 at 01:31 PM IST,GODFRYPHLP,Godfrey Phillips India Limited,Consumer Defensive,Tobacco,319918604288.0,31991.86,23.42,18.3,5.15,3.76,,,12.21,22.39,43.61,-18.9,-44.3,,,5983799808.0,598.38,2336800000.0,233.68,,,,,2.44,0.32,FMCG_CONSUMER,9,0,12,0,11,14,18,3,21,"Cash covers debt, Low debt, Forward PE improving, Low debt consumer business","Negative revenue growth, Negative earnings growth"
06.09.2026 at 01:31 PM IST,PLATIND,Platinum Industries Limited,Basic Materials,Specialty Chemicals,13179825152.0,1317.98,25.37,,2.88,2.29,,,10.67,11.35,29.97,-5.6,-12.5,,,1426450048.0,142.65,104340000.0,10.43,,,,,,0.54,CHEMICALS,6,0,12,0,8,8,18,3,21,"Cash covers debt, Low debt, Controlled chemical debt","Negative revenue growth, Negative earnings growth"
06.09.2026 at 01:31 PM IST,GEOJITFSL,Geojit Financial Services Limited,Financial Services,Capital Markets,23069442048.0,2306.94,31.79,,1.92,9.47,,,11.07,10.74,89.26,4.9,-28.3,,,2330295040.0,233.03,1226902016.0,122.69,,,,,1.81,0.42,FINANCIAL,6,2,12,0,9,8,21,0,21,"Cash covers debt, Low debt",Negative earnings growth
06.09.2026 at 01:31 PM IST,ALKEM,Alkem Laboratories Limited,Healthcare,Drug Manufacturers - Specialty & Generic,620542361600.0,62054.24,28.74,23.24,4.49,14.27,,,17.8,14.31,64.8,10.9,-21.7,,,40614498304.0,4061.45,20471599104.0,2047.16,,,,,39.0,0.28,PHARMA_HEALTHCARE,8,5,12,0,11,13,23,-2,21,"Cash covers debt, Low debt, Forward PE improving, Controlled healthcare debt","Negative earnings growth, Abnormally high dividend yield, Healthcare earnings contraction"
06.09.2026 at 01:31 PM IST,RELIGARE,Religare Enterprises Limited,Financial Services,Insurance - Life,87628816384.0,8762.88,172.35,,2.94,12.72,,,-2.62,0.55,82.97,26.0,,,,17026802688.0,1702.68,4932328960.0,493.23,,,,,,-0.25,FINANCIAL,0,10,12,0,4,5,21,0,21,"Strong revenue growth, Cash covers debt, Low debt",Very high PE
06.09.2026 at 01:31 PM IST,DAVANGERE,Davangere Sugar Company Limited,Consumer Defensive,Confectioners,3306996992.0,330.7,39.0,,0.75,60.22,,,22.99,3.26,31.25,44.2,-95.0,,,65670000.0,6.57,3039998976.0,304.0,,,,,,0.55,GENERAL,5,10,4,0,6,8,17,4,21,"Strong operating margin, Strong revenue growth, General low debt support, General growth support",Negative earnings growth
06.09.2026 at 01:31 PM IST,UNITDSPR,United Spirits Limited,Consumer Defensive,Beverages - Wineries & Distilleries,1044988559360.0,104498.86,61.73,48.69,11.67,4.61,,,13.16,14.92,46.86,-10.2,11.2,,,31289999360.0,3129.0,4129999872.0,413.0,,,,,1.16,0.14,FMCG_CONSUMER,8,5,12,0,4,6,23,-2,21,"Cash covers debt, Low debt, Forward PE improving, Low debt consumer business","Negative revenue growth, Expensive price-to-book, Premium valuation without growth"
06.09.2026 at 01:31 PM IST,ZYDUSWELL,Zydus Wellness Limited,Consumer Defensive,Packaged Foods,168625176576.0,16862.52,89.83,33.21,2.89,54.97,,,12.87,4.15,62.63,66.9,-7.0,,,1148999936.0,114.9,32028000256.0,3202.8,,,,,23.0,-0.11,FMCG_CONSUMER,3,10,4,0,9,5,21,0,21,"Strong revenue growth, Forward PE improving","Negative earnings growth, Very high PE, Abnormally high dividend yield"
06.09.2026 at 01:31 PM IST,HBLENGINE,HBL Engineering Limited,Industrials,Electrical Equipment & Parts,192650493952.0,19265.05,24.66,,8.62,3.02,,,21.05,23.38,57.15,6.0,-23.5,,,6924299776.0,692.43,668700032.0,66.87,,,,,57.0,0.07,CAPITAL_GOODS_INFRA,11,2,12,0,6,13,18,3,21,"Strong operating margin, Cash covers debt, Low debt, Manageable capital goods debt","Negative earnings growth, Abnormally high dividend yield"
06.09.2026 at 01:31 PM IST,DEVIT,Dev Information Technology Limited,Technology,Information Technology Services,1375274496.0,137.53,1.84,,1.28,28.01,,,6.98,39.73,8.97,2.7,-3.2,,,62269000.0,6.23,306127008.0,30.61,,,,,83.0,-0.39,IT_TECH,6,0,7,0,12,5,20,0,20,Low debt,"Negative earnings growth, Abnormally high dividend yield"
06.09.2026 at 01:31 PM IST,DHANUKA,Dhanuka Agritech Limited,Basic Materials,Agricultural Inputs,45202419712.0,4520.24,17.06,13.94,2.72,1.82,,,8.77,13.72,40.21,-12.6,-34.5,,,3208559104.0,320.86,306392000.0,30.64,,,,,20.0,0.32,GENERAL,5,0,12,0,15,14,18,2,20,"Cash covers debt, Low debt, Forward PE improving, General low debt support","Negative revenue growth, Negative earnings growth"
06.09.2026 at 01:31 PM IST,JKCEMENT,J.K. Cement Limited,Basic Materials,Building Materials,395613437952.0,39561.34,41.79,26.29,5.62,87.52,,,11.93,6.56,62.85,28.0,-14.5,,,10534800384.0,1053.48,62055698432.0,6205.57,,,,,39.0,0.4,CEMENT_REALTY,6,10,4,0,9,13,16,4,20,"Strong revenue growth, Forward PE improving, Manageable cement/realty debt","Negative earnings growth, Abnormally high dividend yield"
06.09.2026 at 01:31 PM IST,DSSL,Dynacons Systems & Solutions Limited,Technology,Information Technology Services,13413419008.0,1341.34,15.77,,4.24,75.02,,,10.23,6.02,12.87,-4.6,0.8,,,1115133952.0,111.51,2365440000.0,236.54,,,,,5.0,0.73,IT_TECH,6,0,4,0,10,0,20,0,20,,Negative revenue growth
06.09.2026 at 01:31 PM IST,INSPIRISYS,Inspirisys Solutions Limited,Technology,Information Technology Services,3628905472.0,362.89,9.83,,3.62,82.3,,,4.68,7.81,14.57,26.4,-33.1,,,1001400000.0,100.14,824700032.0,82.47,,,,,,0.91,IT_TECH,3,10,7,0,8,8,20,0,20,"Strong revenue growth, Cash covers debt",Negative earnings growth
06.09.2026 at 01:31 PM IST,ASAL,Automotive Stampings and Assemblies Limited,Consumer Cyclical,Auto Parts,7499893760.0,749.99,25.13,,20.74,343.96,,,3.65,3.07,27.36,46.4,84.4,,,189767008.0,18.98,1243800064.0,124.38,,,,,,0.49,AUTO,0,20,0,0,4,8,16,4,20,"Strong revenue growth, Strong earnings growth, Auto revenue growth support","Very high debt, Expensive price-to-book"
06.09.2026 at 01:31 PM IST,AKG,AKG Exim Limited,Industrials,Industrial Distribution,297428736.0,29.74,78.0,,0.61,10.82,,,1.27,0.47,9.23,-27.4,50.0,,,379000.0,0.04,57883000.0,5.79,,,,,,0.53,CAPITAL_GOODS_INFRA,0,10,9,0,4,6,17,3,20,"Strong earnings growth, Low debt, Strong capital goods earnings growth, Manageable capital goods debt","Negative revenue growth, Expensive capital goods valuation without growth"
06.09.2026 at 01:31 PM IST,MMWL,Media Matrix Worldwide Limited,Communication Services,Entertainment,16118922240.0,1611.89,237.17,,24.08,115.61,,,1.46,0.49,4.95,83.4,84.0,,,30117000.0,3.01,1077424000.0,107.74,,,,,,0.51,TELECOM,0,20,2,0,0,5,17,3,20,"Strong revenue growth, Strong earnings growth, Telecom revenue growth support","Very high PE, Expensive price-to-book"
06.09.2026 at 01:31 PM IST,GODREJPROP,Godrej Properties Limited,Real Estate,Real Estate - Development,597030928384.0,59703.09,37.31,17.76,3.12,82.12,,,-62.25,30.75,42.86,16.5,-41.7,,,84177002496.0,8417.7,158940905472.0,15894.09,,,,,50.0,0.47,CEMENT_REALTY,6,8,6,0,9,13,16,4,20,"Strong revenue growth, Reasonable cash coverage, Forward PE improving, Manageable cement/realty debt","Negative earnings growth, Abnormally high dividend yield"
06.09.2026 at 01:31 PM IST,IRCON,Ircon International Limited,Industrials,Engineering & Construction,112062447616.0,11206.24,18.14,15.47,1.69,85.83,,,8.19,5.67,12.03,9.5,-43.4,,,51762200576.0,5176.22,57256300544.0,5725.63,,,,,1.59,0.62,CAPITAL_GOODS_INFRA,0,5,6,0,14,8,17,3,20,"Reasonable cash coverage, Forward PE improving, Manageable capital goods debt",Negative earnings growth
06.09.2026 at 01:31 PM IST,UTLSOLAR,Fujiyama Power Systems Limited,Technology,Solar,130954985472.0,13095.5,44.54,16.73,9.95,40.8,,,17.08,8.65,29.9,125.3,-21.7,,,1608280064.0,160.83,5195610112.0,519.56,,,,,,,IT_TECH,6,10,7,0,5,8,20,0,20,"Strong revenue growth, Low debt, Forward PE improving",Negative earnings growth
06.09.2026 at 01:31 PM IST,RHIM,RHI Magnesita India Limited,Industrials,Metal Fabrication,76756582400.0,7675.66,,20.24,2.16,12.6,,,8.68,-8.68,39.98,5.6,121.6,,,3907262976.0,390.73,4484449792.0,448.44,,,,,67.0,0.36,METALS_MINING,0,12,11,0,6,15,14,6,20,"Strong earnings growth, Reasonable cash coverage, Low debt, Controlled metal sector debt, Commodity dividend support","Negative net margin, Abnormally high dividend yield"
06.09.2026 at 01:31 PM IST,PWL,Physicswallah Limited,Consumer Defensive,Education & Training Services,367660072960.0,36766.01,1584.25,59.71,8.08,23.02,,,-11.69,0.5,32.53,23.9,,,,33559599104.0,3355.96,10521100288.0,1052.11,,,,,,,GENERAL,0,8,10,0,3,5,16,4,20,"Strong revenue growth, Cash covers debt, Low debt, Forward PE improving, General low debt support, General growth support",Very high PE
06.09.2026 at 01:31 PM IST,SUDARSCHEM,Sudarshan Chemical Industries Limited,Basic Materials,Specialty Chemicals,97320263680.0,9732.03,135.08,19.14,2.79,64.17,,,6.17,0.73,47.99,5.4,105.0,,,13642999808.0,1364.3,24732000256.0,2473.2,,,,,41.0,0.5,CHEMICALS,0,12,6,0,9,10,17,3,20,"Strong earnings growth, Reasonable cash coverage, Forward PE improving, Controlled chemical debt","Very high PE, Abnormally high dividend yield"
06.09.2026 at 01:31 PM IST,BEDMUTHA,Bedmutha Industries Limited,Basic Materials,Steel,3613554944.0,361.36,21.62,,2.38,136.98,,,2.87,0.98,12.57,74.3,,,,215276000.0,21.53,2079088000.0,207.91,,,,,,0.13,METALS_MINING,0,10,2,0,8,0,20,0,20,Strong revenue growth,
06.09.2026 at 01:31 PM IST,SURYALAXMI,Suryalakshmi Cotton Mills Limited,Consumer Cyclical,Textile Manufacturing,1149567360.0,114.96,28.7,,0.42,111.04,,,6.27,0.5,38.38,2.2,61.1,,,88680000.0,8.87,3026273024.0,302.63,,,,,,0.75,CONSUMER_DISCRETIONARY,0,10,2,0,8,0,20,0,20,Strong earnings growth,
06.09.2026 at 01:31 PM IST,GICRE,General Insurance Corporation of India,Financial Services,Insurance - Reinsurance,630005039104.0,63000.5,7.1,6.28,0.64,,9.11,3.03,15.1,16.82,20.67,-0.8,-31.1,0.52,0.25,296094498816.0,29609.45,0.0,0.0,,,,,3.7,0.33,FINANCIAL,10,0,3,0,15,8,20,0,20,"Net cash position, Forward PE improving","Negative revenue growth, Negative earnings growth"
06.09.2026 at 01:31 PM IST,APOLSINHOT,Apollo Sindoori Hotels Limited,Industrials,Specialty Business Services,3157405440.0,315.74,38.05,,2.01,57.79,,,1.29,1.24,13.2,28.9,-55.5,,,1115601024.0,111.56,907691008.0,90.77,,,,,25.0,-0.33,CAPITAL_GOODS_INFRA,0,10,7,0,8,13,12,8,20,"Strong revenue growth, Cash covers debt, Strong capital goods revenue growth, Manageable capital goods debt","Negative earnings growth, Abnormally high dividend yield"
06.09.2026 at 01:31 PM IST,ISGEC,Isgec Heavy Engineering Limited,Industrials,Specialty Industrial Machinery,57783164928.0,5778.32,51.97,,2.11,32.93,,,2.97,1.5,34.17,47.7,-82.8,,,4418599936.0,441.86,9509099520.0,950.91,,,,,76.0,0.33,CAPITAL_GOODS_INFRA,0,10,7,0,8,13,12,8,20,"Strong revenue growth, Low debt, Strong capital goods revenue growth, Manageable capital goods debt","Negative earnings growth, Abnormally high dividend yield"
06.09.2026 at 01:31 PM IST,LCCINFOTEC,LCC Infotech Limited,Consumer Defensive,Education & Training Services,650770304.0,65.08,,,1.53,0.79,,,-0.55,0.0,0.0,6.2,,,,5497000.0,0.55,4643000.0,0.46,,,,,,-0.15,GENERAL,0,2,12,0,4,0,18,2,20,"Cash covers debt, Low debt, General low debt support",
06.09.2026 at 01:31 PM IST,PRAKASH,Prakash Industries Limited,Basic Materials,Steel,22564311040.0,2256.43,7.21,3.89,0.63,14.36,,,10.12,9.01,41.33,-0.5,-22.0,,,1954599936.0,195.46,5153999872.0,515.4,,,,,1.19,0.47,METALS_MINING,6,0,9,0,14,8,21,-1,20,"Low debt, Forward PE improving, Controlled metal sector debt","Negative revenue growth, Negative earnings growth, Cyclical earnings decline"
06.09.2026 at 01:31 PM IST,QUADFUTURE,Quadrant Future Tek Limited,Industrials,Railroads,16838000640.0,1683.8,,,6.01,10.23,,,-17.11,-23.41,20.4,41.3,,,,324520000.0,32.45,263950000.0,26.39,,,,,,,CAPITAL_GOODS_INFRA,0,10,12,0,0,10,12,8,20,"Strong revenue growth, Cash covers debt, Low debt, Strong capital goods revenue growth, Manageable capital goods debt",Negative net margin
06.09.2026 at 01:31 PM IST,NDL,Nandan Denim Limited,Consumer Cyclical,Textile Manufacturing,4108194304.0,410.82,,0.16,0.63,18.05,,,2.05,1.5,14.56,-40.6,25.0,,,237027008.0,23.7,1175411968.0,117.54,,,,,,1.02,CONSUMER_DISCRETIONARY,0,10,9,0,4,6,17,3,20,"Strong earnings growth, Low debt, Controlled discretionary debt",Negative revenue growth
06.09.2026 at 01:31 PM IST,SANGAMIND,Sangam (India) Limited,Consumer Cyclical,Textile Manufacturing,28353259520.0,2835.33,23.77,,2.68,118.74,,,9.27,3.68,31.49,8.9,18.43,,,1800499968.0,180.05,12779499520.0,1277.95,,,,,35.0,0.51,CONSUMER_DISCRETIONARY,0,13,2,0,10,5,20,0,20,Strong earnings growth,Abnormally high dividend yield
06.09.2026 at 01:31 PM IST,OSWALGREEN,Oswal Greentech Limited,Financial Services,Asset Management,5200385536.0,520.04,,,0.22,0.18,,,50.97,-62.84,69.79,-32.4,26.9,,,1967800960.0,196.78,43907000.0,4.39,,,,,,0.57,FINANCIAL,6,10,12,0,4,16,16,4,20,"Strong operating margin, Strong earnings growth, Cash covers debt, Low debt, Strong financial earnings growth","Negative net margin, Negative revenue growth"
06.09.2026 at 01:31 PM IST,STCINDIA,The State Trading Corporation of India Limited,Industrials,Conglomerates,6905999872.0,690.6,1.05,,-0.17,,,,59.24,0.0,0.0,,9.22,,,1539204992.0,153.92,11766526976.0,1176.65,,,,,,0.58,CAPITAL_GOODS_INFRA,6,5,0,0,8,0,19,0,19,Strong operating margin,
06.09.2026 at 01:31 PM IST,JKLAKSHMI,JK Lakshmi Cement Limited,Basic Materials,Building Materials,63810232320.0,6381.02,17.24,10.2,1.64,66.59,,,9.23,5.34,55.79,9.4,-28.1,,,12268600320.0,1226.86,25857800192.0,2585.78,,,,,1.26,0.48,CEMENT_REALTY,0,5,4,0,14,8,15,4,19,"Forward PE improving, Manageable cement/realty debt",Negative earnings growth
06.09.2026 at 01:31 PM IST,PURVA,Puravankara Limited,Real Estate,Real Estate - Development,53951553536.0,5395.16,33.65,16.37,3.02,315.04,,,20.8,3.94,45.1,61.8,,,,14846100480.0,1484.61,55945601024.0,5594.56,,,,,,0.33,CEMENT_REALTY,5,10,0,0,9,8,16,3,19,"Strong operating margin, Strong revenue growth, Forward PE improving, Healthy cement/realty margin",Very high debt
06.09.2026 at 01:31 PM IST,KANANIIND,Kanani Industries Limited,Consumer Cyclical,Luxury Goods,302738048.0,30.27,12.75,,0.4,0.69,,,-0.05,1.46,1.95,-23.2,,,,15624000.0,1.56,4800000.0,0.48,,,,,,0.36,CONSUMER_DISCRETIONARY,0,0,12,0,10,6,16,3,19,"Cash covers debt, Low debt, Controlled discretionary debt",Negative revenue growth
06.09.2026 at 01:31 PM IST,SCODATUBES,Scoda Tubes Limited,Basic Materials,Steel,8146412032.0,814.64,21.86,,2.16,47.97,,,9.53,6.78,32.41,27.6,-38.9,,,742369984.0,74.24,1872189952.0,187.22,,,,,,,METALS_MINING,3,10,7,0,8,8,20,-1,19,"Strong revenue growth, Low debt, Controlled metal sector debt","Negative earnings growth, Cyclical earnings decline"
06.09.2026 at 01:31 PM IST,SHRIRAMPPS,Shriram Properties Limited,Real Estate,Real Estate - Development,13063595008.0,1306.36,14.31,6.43,0.9,42.19,,,-3.32,7.3,27.19,-7.4,-46.3,,,1548499968.0,154.85,6160600064.0,616.06,,,,,,0.82,CEMENT_REALTY,3,0,7,0,13,8,15,4,19,"Low debt, Forward PE improving, Manageable cement/realty debt","Negative revenue growth, Negative earnings growth"
06.09.2026 at 01:31 PM IST,ALANKIT,Alankit Limited,Technology,Information Technology Services,2209938432.0,220.99,11.64,,0.69,6.35,,,8.67,8.19,43.68,-18.0,0.0,,,612716032.0,61.27,216404992.0,21.64,,,,,,0.66,IT_TECH,3,0,12,0,10,6,19,0,19,"Cash covers debt, Low debt",Negative revenue growth
06.09.2026 at 01:31 PM IST,AEPL,Artemis Electricals and Projects Limited,Industrials,Electrical Equipment & Parts,4345448448.0,434.54,49.46,,4.66,1.8,,,11.83,11.25,19.17,-17.6,0.0,,,144500000.0,14.45,17065000.0,1.71,,,,,,1.44,CAPITAL_GOODS_INFRA,6,0,12,0,4,6,16,3,19,"Cash covers debt, Low debt, Manageable capital goods debt",Negative revenue growth
06.09.2026 at 01:31 PM IST,MARSONS,Marsons Limited,Industrials,Electrical Equipment & Parts,23734310912.0,2373.43,53.87,,10.94,0.32,,,14.21,17.86,21.49,4.8,-27.7,,,110653000.0,11.07,6979000.0,0.7,,,,,,0.9,CAPITAL_GOODS_INFRA,8,2,12,0,2,8,16,3,19,"Cash covers debt, Low debt, Manageable capital goods debt","Negative earnings growth, Expensive price-to-book"
06.09.2026 at 01:31 PM IST,SINDHUTRAD,Sindhu Trade Links Limited,Industrials,Conglomerates,46151712768.0,4615.17,69.58,,2.87,25.01,3.52,0.22,10.63,12.58,24.45,-21.9,,5.32,2.77,1466360960.0,146.64,5593370112.0,559.34,,,,,,0.48,CAPITAL_GOODS_INFRA,8,0,15,0,4,11,16,3,19,"Low debt, Manageable capital goods debt",Negative revenue growth
06.09.2026 at 01:31 PM IST,JAYKAY,Jaykay Enterprises Limited,Industrials,Specialty Business Services,21656725504.0,2165.67,10.67,,1.92,,,,11.73,28.79,100.0,12.6,-76.7,,,205867008.0,20.59,0.0,0.0,,,,,,,CAPITAL_GOODS_INFRA,9,5,3,0,10,8,19,0,19,Net cash position,Negative earnings growth
06.09.2026 at 01:31 PM IST,PANSARI,Pansari Developers Limited,Real Estate,Real Estate - Development,5233167872.0,523.32,26.31,,3.39,65.04,13.79,1.73,-6.57,20.7,19.82,-27.3,53.1,1.15,0.03,29641000.0,2.96,1002868992.0,100.29,-121276248.0,-12.13,-89005000.0,-8.9,,-0.5,CEMENT_REALTY,10,10,6,0,6,17,15,4,19,"Strong earnings growth, Manageable cement/realty debt","Negative revenue growth, Negative operating cash flow, Negative free cash flow, Profit not backed by cash flow"
06.09.2026 at 01:31 PM IST,MEESHO,Meesho Limited,Consumer Cyclical,Internet Retail,971413782528.0,97141.38,,138.41,22.12,1.43,,,-6.58,-8.68,93.15,48.3,,,,28449120256.0,2844.91,626289984.0,62.63,,,,,,,CONSUMER_DISCRETIONARY,0,10,12,0,0,10,12,7,19,"Strong revenue growth, Cash covers debt, Low debt, Consumer discretionary growth support, Controlled discretionary debt","Negative net margin, Expensive price-to-book"
06.09.2026 at 01:31 PM IST,LPDC,Landmark Property Development Company Limited,Real Estate,Real Estate Services,893393408.0,89.34,10.57,,2.06,,,,6.28,98.66,25.67,,,,,163114000.0,16.31,0.0,0.0,,,,,,0.11,CEMENT_REALTY,6,0,3,0,10,0,19,0,19,Net cash position,
06.09.2026 at 01:31 PM IST,SUNCLAY,Sundaram-Clayton Limited,Industrials,Metal Fabrication,28854018048.0,2885.4,11.51,,2.23,100.17,,,-6.06,11.89,46.66,14.8,,,,541200000.0,54.12,12975599616.0,1297.56,,,,,34.0,0.73,METALS_MINING,3,5,2,0,12,5,17,2,19,Commodity dividend support,Abnormally high dividend yield
06.09.2026 at 01:31 PM IST,HCG,HealthCare Global Enterprises Limited,Healthcare,Medical Care Facilities,105101287424.0,10510.13,457.11,45.22,7.65,123.06,,,7.46,0.87,36.51,13.4,170.6,,,5409200128.0,540.92,17353601024.0,1735.36,,,,,,-0.03,PHARMA_HEALTHCARE,0,15,2,0,3,5,15,4,19,"Strong earnings growth, Forward PE improving, Healthcare growth support",Very high PE
06.09.2026 at 01:31 PM IST,INA,Insolation Energy Limited,Technology,Solar,19818622976.0,1981.86,9.88,,2.46,109.83,,,7.46,7.7,18.7,104.7,-11.7,,,5209383936.0,520.94,8879167488.0,887.92,,,,,,0.38,IT_TECH,3,10,4,0,10,8,19,0,19,"Strong revenue growth, Reasonable cash coverage",Negative earnings growth
06.09.2026 at 01:31 PM IST,NELCAST,Nelcast Limited,Industrials,Metal Fabrication,10207508480.0,1020.75,24.84,26.41,1.71,,,,8.15,5.76,54.03,27.3,4.4,,,,,,,,,,,60.0,,METALS_MINING,0,12,0,0,10,5,17,2,19,"Strong revenue growth, Commodity dividend support",Abnormally high dividend yield
06.09.2026 at 01:31 PM IST,RELCHEMQ,Reliance Chemotex Industries Limited,Consumer Cyclical,Textile Manufacturing,889008896.0,88.9,15.99,,0.62,187.46,,,7.25,1.51,42.61,7.0,28.4,,,128453000.0,12.85,2675919872.0,267.59,,,,,43.0,-0.06,CONSUMER_DISCRETIONARY,0,12,0,0,12,5,19,0,19,Strong earnings growth,Abnormally high dividend yield
06.09.2026 at 01:31 PM IST,VINNY,Vinny Overseas Limited,Consumer Cyclical,Textile Manufacturing,474551552.0,47.46,102.0,,0.52,19.67,,,0.11,0.64,44.04,32.2,-50.0,,,95453000.0,9.55,163272992.0,16.33,,,,,,0.16,CONSUMER_DISCRETIONARY,0,10,11,0,4,13,12,7,19,"Strong revenue growth, Reasonable cash coverage, Low debt, Consumer discretionary growth support, Controlled discretionary debt","Negative earnings growth, Very high PE"
06.09.2026 at 01:31 PM IST,DALBHARAT,Dalmia Bharat Limited,Basic Materials,Building Materials,328900870144.0,32890.09,35.14,23.96,1.83,40.99,,,11.41,6.2,61.49,7.0,-52.1,,,53210001408.0,5321.0,74280001536.0,7428.0,,,,,57.0,0.19,CEMENT_REALTY,6,2,9,0,11,13,15,4,19,"Reasonable cash coverage, Low debt, Forward PE improving, Manageable cement/realty debt","Negative earnings growth, Abnormally high dividend yield"
06.09.2026 at 01:31 PM IST,JINDWORLD,Jindal Worldwide Limited,Consumer Cyclical,Textile Manufacturing,57930342400.0,5793.03,67.98,,6.73,64.87,,,7.73,3.66,20.97,6.1,88.2,,,,,,,,,,,,,CONSUMER_DISCRETIONARY,0,12,4,0,0,0,16,3,19,"Strong earnings growth, Controlled discretionary debt",
06.09.2026 at 01:31 PM IST,BFUTILITIE,BF Utilities Limited,Industrials,Infrastructure Operations,20227516416.0,2022.75,12.79,,10.04,,38.9,,-97.33,17.85,91.91,2.0,,,,,,,,,,,,,0.39,CAPITAL_GOODS_INFRA,13,0,0,0,6,0,19,0,19,Strong ROE,Expensive price-to-book
06.09.2026 at 01:31 PM IST,NAHARINDUS,Nahar Industrial Enterprises Limited,Consumer Cyclical,Textile Manufacturing,5901882368.0,590.19,8.17,,0.57,65.37,,,13.6,5.4,33.79,-18.5,5.08,,,444968992.0,44.5,6817944064.0,681.79,,,,,,0.58,CONSUMER_DISCRETIONARY,3,2,4,0,10,6,13,6,19,"Healthy discretionary margin, Controlled discretionary debt",Negative revenue growth
06.09.2026 at 01:31 PM IST,RAYMOND,Raymond Limited,Industrials,Specialty Industrial Machinery,49351213056.0,4935.12,112.53,32.67,1.74,34.13,,,6.51,1.61,42.94,15.5,-99.6,,,6635899904.0,663.59,10639599616.0,1063.96,,,,,,0.46,CAPITAL_GOODS_INFRA,0,8,9,0,7,13,11,8,19,"Strong revenue growth, Reasonable cash coverage, Low debt, Forward PE improving, Strong capital goods revenue growth, Manageable capital goods debt","Negative earnings growth, Very high PE"
06.09.2026 at 01:31 PM IST,DCI,DC Infotech and Communication Limited,Technology,Electronics & Computer Distribution,5786740224.0,578.67,26.08,,5.27,80.89,,,4.58,2.87,9.17,12.9,4.8,,,253634000.0,25.36,871892992.0,87.19,,,,,3.0,-0.3,IT_TECH,0,7,4,0,8,0,19,0,19,,
06.09.2026 at 01:31 PM IST,RADIANTCMS,Radiant Cash Management Services Limited,Industrials,Specialty Business Services,4502006272.0,450.2,14.4,,1.63,70.51,,,6.11,7.2,97.14,5.7,-13.0,,,2246469888.0,224.65,1938979968.0,193.9,,,,,5.98,0.3,CAPITAL_GOODS_INFRA,3,2,7,0,12,8,16,3,19,"Cash covers debt, Manageable capital goods debt",Negative earnings growth
06.09.2026 at 01:31 PM IST,GMRAIRPORT,GMR Airports Limited,Industrials,Airports & Air Services,1028972150784.0,102897.22,243.62,63.3,-40.98,,,,25.01,3.07,57.35,23.7,,,,52835098624.0,5283.51,432825204736.0,43282.52,,,,,,0.55,CAPITAL_GOODS_INFRA,6,8,0,0,5,5,14,5,19,"Strong operating margin, Strong revenue growth, Forward PE improving, Strong capital goods revenue growth",Very high PE
06.09.2026 at 01:31 PM IST,RUCHINFRA,Ruchi Infrastructure Limited,Industrials,Specialty Business Services,1357143424.0,135.71,38.33,,0.82,40.88,,,31.26,9.64,100.0,6.8,-51.5,,,213100000.0,21.31,852400000.0,85.24,,,,,,0.44,CAPITAL_GOODS_INFRA,9,2,7,0,6,8,16,3,19,"Strong operating margin, Low debt, Manageable capital goods debt",Negative earnings growth
06.09.2026 at 01:31 PM IST,ELECON,Elecon Engineering Company Limited,Industrials,Specialty Industrial Machinery,97165172736.0,9716.52,41.08,18.43,4.21,11.82,,,15.25,9.85,41.75,6.1,-59.8,,,8400399872.0,840.04,2726500096.0,272.65,,,,,46.0,0.52,CAPITAL_GOODS_INFRA,6,2,12,0,9,13,16,3,19,"Cash covers debt, Low debt, Forward PE improving, Manageable capital goods debt","Negative earnings growth, Abnormally high dividend yield"
06.09.2026 at 01:31 PM IST,INDOUS,Indo Us Bio-Tech Limited,Basic Materials,Agricultural Inputs,1548014336.0,154.8,13.54,,1.68,40.02,,,11.57,10.17,25.28,7.2,-35.7,,,61230000.0,6.12,370355008.0,37.04,,,,,,0.23,GENERAL,6,2,7,0,10,8,17,2,19,"Low debt, General low debt support",Negative earnings growth
06.09.2026 at 01:31 PM IST,VARROC,Varroc Engineering Limited,Consumer Cyclical,Auto Parts,126441447424.0,12644.14,64.2,22.8,7.1,50.85,,,5.26,2.08,34.0,29.9,-26.5,,,2424740096.0,242.47,9246380032.0,924.64,,,,,18.0,0.32,AUTO,0,10,4,0,5,8,11,7,18,"Strong revenue growth, Forward PE improving, Auto revenue growth support, Manageable auto debt",Negative earnings growth
06.09.2026 at 01:31 PM IST,REMSONSIND,Remsons Industries Limited,Consumer Cyclical,Auto Parts,3478755840.0,347.88,20.0,,2.32,62.79,,,5.07,3.54,45.17,20.2,-21.2,,,236710000.0,23.67,984865984.0,98.49,,,,,50.0,1.13,AUTO,0,8,4,0,12,13,11,7,18,"Strong revenue growth, Auto revenue growth support, Manageable auto debt","Negative earnings growth, Abnormally high dividend yield"
06.09.2026 at 01:31 PM IST,CIFL,Capital India Finance Limited,Financial Services,Credit Services,7961906176.0,796.19,20.36,,1.18,145.74,,,13.29,7.32,58.4,-8.9,,,,4748086784.0,474.81,10064169984.0,1006.42,,,,,10.0,0.56,FINANCIAL,6,0,2,0,10,0,18,0,18,,Negative revenue growth
06.09.2026 at 01:31 PM IST,GENCON,Generic Engineering Construction and Projects Limited,Industrials,Engineering & Construction,2564379904.0,256.44,30.0,,0.85,21.94,2.94,2.62,3.64,2.79,15.83,4.1,-68.2,1.79,0.92,43291000.0,4.33,642760000.0,64.28,-163999008.0,-16.4,236136000.0,23.61,,0.48,CAPITAL_GOODS_INFRA,0,2,11,9,8,18,12,6,18,"Low debt, Positive operating cash flow, Manageable capital goods debt, Capital goods cashflow support","Negative earnings growth, Negative free cash flow"
06.09.2026 at 01:31 PM IST,ACC,ACC Limited,Basic Materials,Building Materials,241682202624.0,24168.22,12.69,13.11,1.18,2.08,,,3.38,7.56,40.61,-3.8,-60.6,,,5376000000.0,537.6,4286099968.0,428.61,,,,,58.0,0.35,CEMENT_REALTY,3,0,12,0,12,13,14,4,18,"Cash covers debt, Low debt, Manageable cement/realty debt","Negative revenue growth, Negative earnings growth, Abnormally high dividend yield"
06.09.2026 at 01:31 PM IST,ORIENTHOT,Oriental Hotels Limited,Consumer Cyclical,Lodging,24850290688.0,2485.03,37.2,,3.26,17.14,,,12.93,13.39,64.6,3.6,-18.9,,,104010000.0,10.4,1305854976.0,130.59,,,,,46.0,0.22,CONSUMER_DISCRETIONARY,8,2,9,0,6,13,12,6,18,"Low debt, Healthy discretionary margin, Controlled discretionary debt","Negative earnings growth, Abnormally high dividend yield"
06.09.2026 at 01:31 PM IST,DMCC,DMCC Speciality Chemicals Limited,Basic Materials,Chemicals,7269990400.0,727.0,18.2,,2.93,28.62,,,15.96,5.65,22.12,-46.7,-8.5,,,93092000.0,9.31,208299008.0,20.83,,,,,85.0,0.28,CHEMICALS,3,0,7,0,12,11,11,7,18,"Low debt, Strong chemical margin, Controlled chemical debt","Negative revenue growth, Negative earnings growth, Abnormally high dividend yield"
06.09.2026 at 01:31 PM IST,CIPLA,Cipla Limited,Healthcare,Drug Manufacturers - Specialty & Generic,1118883938304.0,111888.39,33.22,21.82,3.25,1.78,,,12.55,12.01,63.28,3.5,-39.2,,,100281196544.0,10028.12,6137699840.0,613.77,,,,,94.0,0.08,PHARMA_HEALTHCARE,8,2,12,0,11,13,20,-2,18,"Cash covers debt, Low debt, Forward PE improving, Controlled healthcare debt","Negative earnings growth, Abnormally high dividend yield, Healthcare earnings contraction"
06.09.2026 at 01:31 PM IST,DENORA,De Nora India Limited,Industrials,Electrical Equipment & Parts,4310610944.0,431.06,35.32,,3.34,,,,15.76,10.61,44.48,-16.0,96.7,,,771292032.0,77.13,0.0,0.0,,,,,49.0,-0.17,CAPITAL_GOODS_INFRA,6,10,3,0,6,11,14,4,18,"Strong earnings growth, Net cash position, Strong capital goods earnings growth","Negative revenue growth, Abnormally high dividend yield"
06.09.2026 at 01:31 PM IST,MCL,M Tek Copper Limited,Basic Materials,Copper,1587582464.0,158.76,35.45,,3.16,82.89,,,3.31,1.67,9.5,73.7,2.6,,,4662000.0,0.47,416105984.0,41.61,,,,,,0.42,METALS_MINING,0,10,4,0,4,0,18,0,18,Strong revenue growth,
06.09.2026 at 01:31 PM IST,ARIHANTSUP,Arihant Superstructures Limited,Real Estate,Real Estate - Development,9904247808.0,990.42,23.32,,2.73,194.33,,,20.4,7.11,37.72,8.8,-37.1,,,201822000.0,20.18,8741853184.0,874.19,,,,,11.0,0.66,CEMENT_REALTY,8,5,0,0,10,8,15,3,18,"Strong operating margin, Healthy cement/realty margin",Negative earnings growth
06.09.2026 at 01:31 PM IST,CYBERMEDIA,Cyber Media (India) Limited,Communication Services,Publishing,557195008.0,55.72,11.58,,-5.7,216.3,,,3.27,3.45,19.35,95.0,9.9,,,37456000.0,3.75,101219000.0,10.12,,,,,,0.21,TELECOM,0,15,0,0,8,8,15,3,18,"Strong revenue growth, Telecom revenue growth support",Very high debt
06.09.2026 at 01:31 PM IST,DEVX,Dev Accelerator Limited,Real Estate,Real Estate Services,3137049344.0,313.7,26.31,,1.94,199.51,,,23.43,4.53,72.49,-3.3,7.0,,,553043008.0,55.3,3704083968.0,370.41,,,,,,,CEMENT_REALTY,5,2,0,0,8,0,15,3,18,"Strong operating margin, Healthy cement/realty margin",Negative revenue growth
06.09.2026 at 01:31 PM IST,HERITGFOOD,Heritage Foods Limited,Consumer Defensive,Packaged Foods,35355275264.0,3535.53,26.15,18.32,3.2,32.62,,,2.64,2.85,22.34,17.7,-37.8,,,2605240064.0,260.52,3614810112.0,361.48,,,,,65.0,0.35,FMCG_CONSUMER,0,8,9,0,11,13,15,3,18,"Strong revenue growth, Reasonable cash coverage, Low debt, Forward PE improving, Low debt consumer business","Negative earnings growth, Abnormally high dividend yield"
06.09.2026 at 01:31 PM IST,LIBAS,Libas Consumer Products Limited,Consumer Cyclical,Apparel Manufacturing,273983616.0,27.4,3.01,,0.34,16.92,,,5.24,2.62,17.27,-30.2,,,,73393000.0,7.34,144056992.0,14.41,,,,,,0.33,CONSUMER_DISCRETIONARY,0,0,11,0,10,6,15,3,18,"Reasonable cash coverage, Low debt, Controlled discretionary debt",Negative revenue growth
06.09.2026 at 01:31 PM IST,AVROIND,Avro India Limited,Consumer Cyclical,"Furnishings, Fixtures & Appliances",115789920.0,11.58,inf,,1.3,19.74,,,4.39,4.31,34.22,17.0,-32.4,,,298971008.0,29.9,176644992.0,17.66,,,,,,-0.21,CONSUMER_DISCRETIONARY,0,8,12,0,4,13,11,7,18,"Strong revenue growth, Cash covers debt, Low debt, Consumer discretionary growth support, Controlled discretionary debt","Negative earnings growth, Very high PE"
06.09.2026 at 01:31 PM IST,PRECAM,Precision Camshafts Limited,Consumer Cyclical,Auto Parts,11816238080.0,1181.62,28.8,,1.41,13.01,,,13.29,5.34,60.58,-8.9,-29.0,,,2854937088.0,285.49,758651008.0,75.87,,,,,81.0,0.59,AUTO,3,0,12,0,10,13,12,6,18,"Cash covers debt, Low debt, Healthy auto margin, Manageable auto debt","Negative revenue growth, Negative earnings growth, Abnormally high dividend yield"
06.09.2026 at 01:31 PM IST,GILLANDERS,Gillanders Arbuthnot and Company Limited,Consumer Defensive,Farm Products,2219603968.0,221.96,12.73,,0.86,57.61,,,4.32,4.02,73.74,3.4,,,,28734000.0,2.87,1486040064.0,148.6,,,,,,0.37,GENERAL,0,2,4,0,10,0,16,2,18,General low debt support,
06.09.2026 at 01:31 PM IST,DIAMINESQ,Diamines and Chemicals Limited,Basic Materials,Chemicals,2413324544.0,241.33,,,1.53,5.2,,,-3.72,-24.81,41.72,17.3,,,,327457984.0,32.75,81857000.0,8.19,,,,,41.0,0.29,CHEMICALS,0,8,12,0,6,15,11,7,18,"Strong revenue growth, Cash covers debt, Low debt, Chemical revenue growth support, Controlled chemical debt","Negative net margin, Abnormally high dividend yield"
06.09.2026 at 01:31 PM IST,CROMPTON,Crompton Greaves Consumer Electricals Limited,Consumer Cyclical,"Furnishings, Fixtures & Appliances",149645819904.0,14964.58,,20.74,5.04,5.8,,,8.02,-2.69,31.54,11.8,14.7,,,11492200448.0,1149.22,1991699968.0,199.17,,,,,1.29,0.33,CONSUMER_DISCRETIONARY,0,10,12,0,3,10,15,3,18,"Cash covers debt, Low debt, Controlled discretionary debt",Negative net margin
06.09.2026 at 01:31 PM IST,NATCOPHARM,NATCO Pharma Limited,Healthcare,Drug Manufacturers - Specialty & Generic,150955933696.0,15095.59,12.96,17.47,1.61,7.74,,,18.96,32.84,82.64,-44.7,-57.0,,,21290999808.0,2129.1,7138999808.0,713.9,,,,,78.0,0.16,PHARMA_HEALTHCARE,11,0,12,0,12,19,16,2,18,"Strong operating margin, Cash covers debt, Low debt, Strong healthcare margin, Controlled healthcare debt","Negative revenue growth, Negative earnings growth, Forward PE deterioration, Abnormally high dividend yield, Healthcare earnings contraction"
06.09.2026 at 01:31 PM IST,BOHRAIND,Bohra Industries Limited,Basic Materials,Agricultural Inputs,127272792.0,12.73,,,0.35,1.6,,,-1528.2,0.0,100.0,,,,,162999008.0,16.3,11807000.0,1.18,,,,,,-1.39,GENERAL,0,0,12,0,4,0,16,2,18,"Cash covers debt, Low debt, General low debt support",
06.09.2026 at 01:31 PM IST,JAICORPLTD,Jai Corp Limited,Basic Materials,Specialty Chemicals,17496092672.0,1749.61,10.32,,1.16,0.03,,,21.75,15.36,39.85,-25.5,-72.9,,,4932700160.0,493.27,5000000.0,0.5,,,,,50.0,0.03,CHEMICALS,10,0,12,0,12,19,15,3,18,"Strong operating margin, Cash covers debt, Low debt, Strong chemical margin, Controlled chemical debt","Negative revenue growth, Negative earnings growth, Abnormally high dividend yield, Chemical earnings weakness"
06.09.2026 at 01:31 PM IST,TNPL,Tamil Nadu Newsprint and Papers Limited,Basic Materials,Paper & Paper Products,10831459328.0,1083.15,4.15,4.21,0.47,69.64,,,3.21,5.61,28.01,0.4,,,,156800000.0,15.68,16128100352.0,1612.81,,,,,2.57,0.02,GENERAL,0,0,4,0,12,0,16,2,18,General low debt support,
06.09.2026 at 01:31 PM IST,MBAPL,Madhya Bharat Agro Products Limited,Basic Materials,Agricultural Inputs,73146580992.0,7314.66,48.82,,13.31,156.71,,,14.2,8.24,28.07,1.6,16.5,,,417000.0,0.04,8614218752.0,861.42,,,,,6.0,-0.13,GENERAL,6,8,0,0,4,0,18,0,18,Strong earnings growth,Expensive price-to-book
06.09.2026 at 01:31 PM IST,BALAJITELE,Balaji Telefilms Limited,Communication Services,Entertainment,11336912896.0,1133.69,,,1.79,3.05,,,10.13,-5.52,7.14,229.9,,,,1276311040.0,127.63,189268000.0,18.93,,,,,,0.63,TELECOM,3,10,12,0,4,10,19,-2,17,"Strong revenue growth, Cash covers debt, Low debt, Telecom revenue growth support","Negative net margin, Telecom negative profitability"
06.09.2026 at 01:31 PM IST,MANOMAY,Manomay Tex India Limited,Consumer Cyclical,Textile Manufacturing,4241453056.0,424.15,21.06,,2.48,203.44,,,6.45,2.71,38.83,20.5,11.4,,,4554000.0,0.46,3477996032.0,347.8,,,,,,-0.06,CONSUMER_DISCRETIONARY,0,13,0,0,8,8,13,4,17,"Strong revenue growth, Consumer discretionary growth support",Very high debt
06.09.2026 at 01:31 PM IST,CREATIVEYE,Creative Eye Limited,Communication Services,Entertainment,124160568.0,12.42,,,0.82,45.36,,,12.01,0.0,-15.86,,,,,81077000.0,8.11,66843000.0,6.68,,,,,,0.14,TELECOM,3,0,10,0,4,0,17,0,17,"Cash covers debt, Low debt",
06.09.2026 at 01:31 PM IST,BAJAJINDEF,Indef Manufacturing Limited,Industrials,Farm & Heavy Construction Machinery,7136000000.0,713.6,30.42,,2.65,1.82,,,-6.93,11.6,44.89,-13.2,-2.8,,,55553000.0,5.56,48898000.0,4.89,,,,,90.0,,CAPITAL_GOODS_INFRA,3,0,12,0,10,11,14,3,17,"Cash covers debt, Low debt, Manageable capital goods debt","Negative revenue growth, Negative earnings growth, Abnormally high dividend yield"
06.09.2026 at 01:31 PM IST,TOLINS,Tolins Tyres Limited,Consumer Cyclical,Auto Parts,3634812416.0,363.48,11.33,,1.01,3.0,,,10.03,10.29,24.15,-11.7,-36.7,,,51430000.0,5.14,108330000.0,10.83,,,,,,,AUTO,6,0,9,0,10,14,11,6,17,"Low debt, Healthy auto margin, Manageable auto debt","Negative revenue growth, Negative earnings growth"
06.09.2026 at 01:31 PM IST,ADVENTHTL,Advent Hotels International Limited,Consumer Cyclical,Lodging,7233741824.0,723.37,11.45,,0.8,78.14,,,23.9,9.5,74.87,0.0,-79.8,,,267858000.0,26.79,7990221824.0,799.02,,,,,,,CONSUMER_DISCRETIONARY,8,0,4,0,10,8,14,3,17,"Strong operating margin, Healthy discretionary margin",Negative earnings growth
06.09.2026 at 01:31 PM IST,USK,Udayshivakumar Infra Limited,Industrials,Engineering & Construction,1167482112.0,116.75,9.72,,0.69,44.98,,,10.52,5.94,21.89,-20.5,,,,367984000.0,36.8,766120000.0,76.61,,,,,,0.58,CAPITAL_GOODS_INFRA,3,0,7,0,10,6,14,3,17,"Low debt, Manageable capital goods debt",Negative revenue growth
06.09.2026 at 01:31 PM IST,BLUEJET,Blue Jet Healthcare Limited,Healthcare,Biotechnology,99074777088.0,9907.48,42.12,29.3,7.29,3.1,,,31.17,26.52,54.9,-17.4,-14.3,,,3234210048.0,323.42,421840000.0,42.18,,,,,21.0,0.62,IT_TECH,12,0,12,0,7,19,12,5,17,"Strong operating margin, Cash covers debt, Low debt, Forward PE improving, Strong tech operating margin","Negative revenue growth, Negative earnings growth, Abnormally high dividend yield"
06.09.2026 at 01:31 PM IST,LINC,Linc Limited,Industrials,Business Equipment & Supplies,5654817280.0,565.48,17.93,,2.19,10.28,,,5.93,5.78,39.06,1.4,-16.9,,,204534000.0,20.45,266934000.0,26.69,,,,,1.58,0.43,CAPITAL_GOODS_INFRA,0,0,11,0,11,8,14,3,17,"Reasonable cash coverage, Low debt, Manageable capital goods debt",Negative earnings growth
06.09.2026 at 01:31 PM IST,VSTIND,VST Industries Limited,Consumer Defensive,Tobacco,35315945472.0,3531.59,12.7,10.41,2.45,,,,15.01,19.57,53.1,-13.9,-24.2,,,5822255104.0,582.23,0.0,0.0,,,,,5.77,0.36,FMCG_CONSUMER,9,0,3,0,15,14,13,4,17,"Net cash position, Forward PE improving, Healthy consumer margins","Negative revenue growth, Negative earnings growth"
06.09.2026 at 01:31 PM IST,RAYMONDLSL,Raymond Lifestyle Limited,Consumer Cyclical,Apparel Manufacturing,40496259072.0,4049.63,93.65,14.06,0.42,22.68,,,-1.29,0.62,41.67,5.9,,,,9371299840.0,937.13,21855299584.0,2185.53,,,,,15.0,,CONSUMER_DISCRETIONARY,0,2,7,0,9,0,18,-1,17,"Low debt, Forward PE improving, Controlled discretionary debt","Very high PE, Expensive discretionary valuation without growth"
06.09.2026 at 01:31 PM IST,HATHWAY,Hathway Cable and Datacom Limited,Communication Services,Entertainment,18639200256.0,1863.92,25.07,23.4,0.45,0.21,,,0.0,3.47,45.62,6.5,-22.2,,,18132899840.0,1813.29,94500000.0,9.45,,,,,,0.48,TELECOM,0,2,12,0,11,8,17,0,17,"Cash covers debt, Low debt, Forward PE improving",Negative earnings growth
06.09.2026 at 01:31 PM IST,VAISHALI,Vaishali Pharma Limited,Healthcare,Drug Manufacturers - Specialty & Generic,1095881856.0,109.59,140.0,,1.59,27.33,,,5.89,4.11,12.4,-3.6,18.5,,,14302000.0,1.43,188900992.0,18.89,,,,,,0.37,PHARMA_HEALTHCARE,0,8,7,0,4,5,14,3,17,"Strong earnings growth, Low debt, Controlled healthcare debt","Negative revenue growth, Very high PE"
06.09.2026 at 01:31 PM IST,JHS,JHS Svendgaard Laboratories Limited,Consumer Defensive,Household & Personal Products,694875840.0,69.49,,5.26,0.4,8.5,,,1.14,-1.7,35.67,24.6,0.0,,,190996000.0,19.1,148512992.0,14.85,,,,,,0.62,FMCG_CONSUMER,0,8,12,0,4,10,14,3,17,"Strong revenue growth, Cash covers debt, Low debt, Low debt consumer business",Negative net margin
06.09.2026 at 01:31 PM IST,ATHERENERG,Ather Energy Limited,Consumer Cyclical,Auto Manufacturers,627452805120.0,62745.28,,351.12,23.56,25.82,,,-5.94,-9.19,20.9,88.8,,,,24890200064.0,2489.02,6642200064.0,664.22,,,,,,,AUTO,0,10,10,0,0,10,10,7,17,"Strong revenue growth, Cash covers debt, Low debt, Auto revenue growth support, Manageable auto debt","Negative net margin, Expensive price-to-book"
06.09.2026 at 01:31 PM IST,INOXWIND,Inox Wind Limited,Industrials,Specialty Industrial Machinery,128580894720.0,12858.09,36.29,15.5,1.74,20.63,,,11.53,7.83,37.37,-1.5,-38.3,,,6117199872.0,611.72,15869500416.0,1586.95,,,,,,0.45,CAPITAL_GOODS_INFRA,6,0,7,0,9,8,14,3,17,"Low debt, Forward PE improving, Manageable capital goods debt","Negative revenue growth, Negative earnings growth"
06.09.2026 at 01:31 PM IST,AEQUS,Aequs Limited,Industrials,Aerospace & Defense,157819846656.0,15781.98,,451.99,9.79,47.18,,,-7.73,-12.41,59.37,54.8,,,,3566520064.0,356.65,7009310208.0,700.93,,,,,,,CAPITAL_GOODS_INFRA,0,10,9,0,0,10,9,8,17,"Strong revenue growth, Reasonable cash coverage, Low debt, Strong capital goods revenue growth, Manageable capital goods debt",Negative net margin
06.09.2026 at 01:31 PM IST,SALONA,Salona Cotspin Limited,Consumer Cyclical,Textile Manufacturing,1420584960.0,142.06,90.89,,1.7,226.37,,,4.19,0.36,16.89,25.1,47.4,,,22584000.0,2.26,1896468992.0,189.65,,,,,22.0,0.23,CONSUMER_DISCRETIONARY,0,20,0,0,6,13,13,4,17,"Strong revenue growth, Strong earnings growth, Consumer discretionary growth support","Very high debt, Very high PE, Abnormally high dividend yield"
06.09.2026 at 01:31 PM IST,SANATHAN,Sanathan Textiles Limited,Consumer Cyclical,Textile Manufacturing,38412288000.0,3841.23,63.12,9.85,2.05,80.77,,,5.5,1.38,29.96,79.1,-41.1,,,1690400000.0,169.04,15120799744.0,1512.08,,,,,,,CONSUMER_DISCRETIONARY,0,10,4,0,7,8,13,4,17,"Strong revenue growth, Forward PE improving, Consumer discretionary growth support",Negative earnings growth
06.09.2026 at 01:31 PM IST,ZEEL,Zee Entertainment Enterprises Limited,Communication Services,Broadcasting,87906738176.0,8790.67,43.37,11.48,0.74,2.26,,,1.86,2.51,27.56,4.5,-47.3,,,27238000640.0,2723.8,2651000064.0,265.1,,,,,2.18,0.42,TELECOM,0,2,12,0,11,8,17,0,17,"Cash covers debt, Low debt, Forward PE improving",Negative earnings growth
06.09.2026 at 01:31 PM IST,ITDC,India Tourism Development Corporation Limited,Consumer Cyclical,Lodging,55321264128.0,5532.13,67.19,,13.09,0.15,,,7.47,15.38,47.97,2.7,-4.4,,,2707346944.0,270.73,6349000.0,0.63,,,,,46.0,0.71,CONSUMER_DISCRETIONARY,5,0,12,0,2,5,14,3,17,"Cash covers debt, Low debt, Controlled discretionary debt","Negative earnings growth, Expensive price-to-book, Abnormally high dividend yield"
06.09.2026 at 01:31 PM IST,BLUSPRING,Bluspring Enterprises Limited,Industrials,Specialty Business Services,20511688704.0,2051.17,,,3.02,18.38,,,0.71,-0.31,12.97,19.1,,,,546110016.0,54.61,1358969984.0,135.9,,,,,,,CAPITAL_GOODS_INFRA,0,8,9,0,2,10,9,8,17,"Strong revenue growth, Low debt, Strong capital goods revenue growth, Manageable capital goods debt",Negative net margin
06.09.2026 at 01:31 PM IST,ASIANHOTNR,Asian Hotels (North) Limited,Consumer Cyclical,Lodging,16573667328.0,1657.37,,,1.52,36.25,,,12.09,-26.47,64.25,10.4,,,,1842332032.0,184.23,3337306880.0,333.73,,,,,,0.02,CONSUMER_DISCRETIONARY,3,5,9,0,4,10,11,6,17,"Reasonable cash coverage, Low debt, Healthy discretionary margin, Controlled discretionary debt",Negative net margin
06.09.2026 at 01:31 PM IST,AMRUTANJAN,Amrutanjan Health Care Limited,Healthcare,Drug Manufacturers - Specialty & Generic,14507840512.0,1450.78,26.92,,3.92,0.48,,,2.23,10.55,51.27,9.5,-47.4,,,1787385984.0,178.74,17774000.0,1.78,,,,,1.48,0.38,PHARMA_HEALTHCARE,3,5,12,0,7,8,19,-2,17,"Cash covers debt, Low debt, Controlled healthcare debt","Negative earnings growth, Healthcare earnings contraction"
06.09.2026 at 01:31 PM IST,HATSUN,Hatsun Agro Product Limited,Consumer Defensive,Packaged Foods,258722119680.0,25872.21,73.05,42.55,13.33,94.53,,,6.45,3.39,29.39,19.3,-1.2,,,511900000.0,51.19,18382499840.0,1838.25,,,,,1.71,-0.12,FMCG_CONSUMER,0,8,4,0,4,0,16,0,16,"Strong revenue growth, Forward PE improving","Negative earnings growth, Expensive price-to-book"
06.09.2026 at 01:31 PM IST,TVSSCS,TVS Supply Chain Solutions Limited,Industrials,Integrated Freight & Logistics,57623826432.0,5762.38,89.45,25.61,2.83,133.61,,,2.32,0.55,15.24,28.7,-70.4,,,7239499776.0,723.95,27553599488.0,2755.36,,,,,,0.87,CAPITAL_GOODS_INFRA,0,10,2,0,7,8,11,5,16,"Strong revenue growth, Forward PE improving, Strong capital goods revenue growth","Negative earnings growth, Very high PE"
06.09.2026 at 01:31 PM IST,MAWANASUG,Mawana Sugars Limited,Consumer Defensive,Confectioners,5691503616.0,569.15,20.67,,1.08,80.14,,,-5.69,1.74,18.12,3.8,,,,265900000.0,26.59,4204699904.0,420.47,,,,,2.75,0.17,GENERAL,0,2,4,0,10,0,16,0,16,,
06.09.2026 at 01:31 PM IST,JMFINANCIL,JM Financial Limited,Financial Services,Capital Markets,126318714880.0,12631.87,12.15,8.8,1.18,102.44,,,47.23,30.87,87.61,-10.3,-35.7,,,85386797056.0,8538.68,116346298368.0,11634.63,,,,,1.33,0.41,FINANCIAL,12,0,4,0,14,14,16,0,16,"Strong operating margin, Reasonable cash coverage, Forward PE improving","Negative revenue growth, Negative earnings growth"
06.09.2026 at 01:31 PM IST,RAMCOCEM,The Ramco Cements Limited,Basic Materials,Building Materials,208409886720.0,20840.99,32.38,33.49,2.58,47.9,,,5.13,6.99,52.97,9.6,-63.3,,,1883200000.0,188.32,38767398912.0,3876.74,,,,,28.0,0.11,CEMENT_REALTY,3,5,7,0,10,13,12,4,16,"Low debt, Manageable cement/realty debt","Negative earnings growth, Abnormally high dividend yield"
06.09.2026 at 01:31 PM IST,GALLANTT,Gallantt Ispat Limited,Basic Materials,Steel,138374627328.0,13837.46,28.55,,4.17,,,,13.78,11.15,27.56,,,,,,,,,,,,,14.0,0.88,METALS_MINING,6,0,0,0,8,0,14,2,16,Commodity dividend support,
06.09.2026 at 01:31 PM IST,DECCANCE,Deccan Cements Limited,Basic Materials,Building Materials,7968165888.0,796.82,134.8,73.88,1.06,100.27,,,0.6,0.83,46.96,45.7,,,,905072000.0,90.51,7526840832.0,752.68,,,,,9.0,0.51,CEMENT_REALTY,0,10,2,0,9,5,16,0,16,"Strong revenue growth, Forward PE improving",Very high PE
06.09.2026 at 01:31 PM IST,INDNIPPON,India Nippon Electricals Limited,Consumer Cyclical,Auto Parts,26467065856.0,2646.71,23.01,47.77,3.22,,,,14.82,10.01,29.26,,,,,,,,,,,,,1.34,0.4,AUTO,6,0,0,0,7,0,13,3,16,Healthy auto margin,Forward PE deterioration
06.09.2026 at 01:31 PM IST,WSI,W.S. Industries (India) Limited,Industrials,Engineering & Construction,4591666688.0,459.17,177.94,,1.04,17.36,,,-6.77,4.67,19.78,-98.3,15.8,,,1082700032.0,108.27,685200000.0,68.52,,,,,,0.49,CAPITAL_GOODS_INFRA,0,8,12,0,4,11,13,3,16,"Strong earnings growth, Cash covers debt, Low debt, Strong capital goods earnings growth, Manageable capital goods debt","Negative revenue growth, Very high PE, Expensive capital goods valuation without growth"
06.09.2026 at 01:31 PM IST,SKFINDIA,SKF India Limited,Industrials,Tools & Accessories,77024346112.0,7702.43,36.75,26.54,5.79,0.22,,,12.16,6.83,40.96,-54.2,-47.7,,,2923399936.0,292.34,29100000.0,2.91,,,,,2.58,0.38,CAPITAL_GOODS_INFRA,6,0,12,0,9,14,13,3,16,"Cash covers debt, Low debt, Forward PE improving, Manageable capital goods debt","Negative revenue growth, Negative earnings growth"
06.09.2026 at 01:31 PM IST,IDEA,Vodafone Idea Limited,Communication Services,Telecom Services,1627312357376.0,162731.24,4.3,-9.86,-4.55,,,,-3.77,82.28,45.2,6.1,,,,37149999104.0,3715.0,1925280038912.0,192528.0,,,,,,0.45,TELECOM,6,2,0,0,8,0,16,0,16,,
06.09.2026 at 01:31 PM IST,GOCOLORS,Go Fashion (India) Limited,Consumer Cyclical,Apparel Retail,17146291200.0,1714.63,32.6,25.47,2.54,77.14,,,11.81,6.37,63.13,0.0,-23.8,,,1578400000.0,157.84,5324995072.0,532.5,,,,,,0.19,CONSUMER_DISCRETIONARY,6,0,4,0,11,8,13,3,16,"Forward PE improving, Healthy discretionary margin",Negative earnings growth
06.09.2026 at 01:31 PM IST,GRMOVER,GRM Overseas Limited,Consumer Defensive,Packaged Foods,18257948672.0,1825.79,16.76,,1.34,60.71,,,8.1,4.17,15.52,30.5,-44.6,,,741140992.0,74.11,3676316928.0,367.63,,,,,,-0.0,FMCG_CONSUMER,0,10,4,0,10,8,16,0,16,Strong revenue growth,Negative earnings growth
06.09.2026 at 01:31 PM IST,BOROLTD,Borosil Limited,Consumer Cyclical,"Furnishings, Fixtures & Appliances",30938515456.0,3093.85,44.22,30.26,3.47,16.7,,,4.97,5.76,61.03,9.0,-26.7,,,693924992.0,69.39,1480770048.0,148.08,,,,,,0.08,CONSUMER_DISCRETIONARY,0,5,9,0,7,8,13,3,16,"Low debt, Forward PE improving, Controlled discretionary debt",Negative earnings growth
06.09.2026 at 01:31 PM IST,VIVIDHA,Visagar Polytex Limited,Consumer Cyclical,Textile Manufacturing,155131280.0,15.51,,,-53.0,,,,-152.56,0.0,23.81,109.0,,,,4682000.0,0.47,62914000.0,6.29,,,,,,-0.05,CONSUMER_DISCRETIONARY,0,10,0,0,2,0,12,4,16,"Strong revenue growth, Consumer discretionary growth support",
06.09.2026 at 01:31 PM IST,RHETAN,Rhetan TMT Limited,Basic Materials,Steel,20256563200.0,2025.66,158.88,,18.65,38.42,,,-20.0,54.11,39.24,-19.3,300.0,,,3024000.0,0.3,417284000.0,41.73,,,,,,0.91,METALS_MINING,6,10,7,0,0,11,12,4,16,"Strong earnings growth, Low debt, Controlled metal sector debt","Negative revenue growth, Very high PE, Expensive price-to-book"
06.09.2026 at 01:31 PM IST,AVADHSUGAR,Avadh Sugar & Energy Limited,Consumer Defensive,Confectioners,16196902912.0,1619.69,24.56,,1.44,125.14,,,2.68,2.39,18.51,8.7,,,,19057000.0,1.91,14071809024.0,1407.18,,,,,1.24,0.06,GENERAL,0,5,2,0,9,0,16,0,16,,
06.09.2026 at 01:31 PM IST,CEMPRO,Cemindia Projects Limited,Industrials,Engineering & Construction,223152078848.0,22315.21,37.08,22.77,9.3,37.71,,,8.52,5.89,26.77,7.0,2.6,,,6337800192.0,633.78,9049100288.0,904.91,,,,,23.0,0.82,CAPITAL_GOODS_INFRA,0,2,9,0,7,5,13,3,16,"Reasonable cash coverage, Low debt, Forward PE improving, Manageable capital goods debt",Abnormally high dividend yield
06.09.2026 at 01:31 PM IST,MAGADSUGAR,Magadh Sugar & Energy Limited,Consumer Defensive,Confectioners,7778579968.0,777.86,15.24,,0.88,78.53,,,-2.29,4.18,23.47,-6.8,,,,3042000.0,0.3,6912306176.0,691.23,,,,,2.26,0.0,GENERAL,0,0,4,0,12,0,16,0,16,,Negative revenue growth
06.09.2026 at 01:31 PM IST,AWHCL,Antony Waste Handling Cell Limited,Industrials,Waste Management,10520218624.0,1052.02,18.02,11.34,1.42,50.1,,,5.72,5.48,57.64,5.5,-95.7,,,1219572992.0,121.96,4585421824.0,458.54,,,,,13.0,0.81,CAPITAL_GOODS_INFRA,0,2,4,0,15,8,13,3,16,"Forward PE improving, Manageable capital goods debt",Negative earnings growth
06.09.2026 at 01:31 PM IST,MAITHANALL,Maithan Alloys Limited,Basic Materials,Steel,31993593856.0,3199.36,11.01,,0.77,5.7,,,15.79,13.97,29.36,-14.7,-26.7,,,17599299584.0,1759.93,2372000000.0,237.2,,,,,1.56,0.65,METALS_MINING,8,0,12,0,11,14,17,-1,16,"Cash covers debt, Low debt, Controlled metal sector debt","Negative revenue growth, Negative earnings growth, Cyclical earnings decline"
06.09.2026 at 01:31 PM IST,AMBUJACEM,Ambuja Cements Limited,Basic Materials,Building Materials,1006350958592.0,100635.1,22.73,27.87,1.69,1.21,,,7.95,11.13,56.82,-7.7,-27.5,,,9089500160.0,908.95,8659300352.0,865.93,,,,,49.0,0.21,CEMENT_REALTY,3,0,12,0,10,13,12,4,16,"Cash covers debt, Low debt, Manageable cement/realty debt","Negative revenue growth, Negative earnings growth, Abnormally high dividend yield"
06.09.2026 at 01:31 PM IST,BEARDSELL,Beardsell Limited,Industrials,Building Products & Equipment,1017080256.0,101.71,9.41,,1.11,24.17,,,3.27,3.84,33.21,10.0,-21.9,,,125600000.0,12.56,222300000.0,22.23,,,,,40.0,0.21,CAPITAL_GOODS_INFRA,0,5,9,0,12,13,13,3,16,"Reasonable cash coverage, Low debt, Manageable capital goods debt","Negative earnings growth, Abnormally high dividend yield"
06.09.2026 at 01:31 PM IST,EIDPARRY,E.I.D.- Parry (India) Limited,Basic Materials,Agricultural Inputs,139161354240.0,13916.14,30.05,10.44,1.58,23.65,,,5.63,1.2,22.57,3.4,-42.4,,,33091198976.0,3309.12,35280699392.0,3528.07,,,,,,0.03,GENERAL,0,2,9,0,11,8,14,2,16,"Reasonable cash coverage, Low debt, Forward PE improving, General low debt support",Negative earnings growth
06.09.2026 at 01:31 PM IST,RUDRA,Rudra Global Infra Products Limited,Basic Materials,Steel,2041996800.0,204.2,15.42,,1.53,97.15,,,5.59,2.09,8.32,6.7,-7.7,,,8887000.0,0.89,1347667968.0,134.77,,,,,,0.2,METALS_MINING,0,2,4,0,10,0,16,0,16,,Negative earnings growth
06.09.2026 at 01:31 PM IST,MUFTI,Credo Brands Marketing Limited,Consumer Cyclical,Apparel Retail,4940524544.0,494.05,11.4,,1.13,52.02,,,5.86,7.27,58.4,4.4,-63.9,,,726080000.0,72.61,2281520128.0,228.15,,,,,2.66,1.03,CONSUMER_DISCRETIONARY,3,2,4,0,12,8,13,3,16,Controlled discretionary debt,Negative earnings growth
06.09.2026 at 01:31 PM IST,GTPL,GTPL Hathway Limited,Communication Services,Entertainment,6629696512.0,662.97,87.99,5.0,0.58,39.62,,,0.78,0.19,25.67,12.4,-77.7,,,673110016.0,67.31,5020460032.0,502.05,,,,,3.41,0.29,TELECOM,0,5,7,0,9,8,13,3,16,"Low debt, Forward PE improving, Telecom revenue growth support","Negative earnings growth, Very high PE"
06.09.2026 at 01:31 PM IST,ZODIAC,Zodiac Energy Limited,,,,,63.83,,3.08,204.71,,,9.52,4.32,21.12,44.6,157.1,,,339200000.0,33.92,2429100032.0,242.91,,,,,,-0.05,GENERAL,0,20,0,0,2,8,14,2,16,"Strong revenue growth, Strong earnings growth, General growth support",Very high debt
06.09.2026 at 01:31 PM IST,MERCURYEV,Mercury Ev-Tech Limited,Consumer Cyclical,Auto Manufacturers,7017604608.0,701.76,153.92,,2.53,,3.09,,7.92,4.76,28.01,46.3,22.4,,,,,,,,,,,,2.02,AUTO,0,18,0,0,4,10,12,4,16,"Strong revenue growth, Strong earnings growth, Auto revenue growth support",Very high PE
06.09.2026 at 01:31 PM IST,SIGACHI,Sigachi Industries Limited,Healthcare,Drug Manufacturers - Specialty & Generic,13325790208.0,1332.58,52.0,,2.57,30.68,,,10.72,5.33,49.06,-4.7,,,,260143008.0,26.01,1622627968.0,162.26,,,,,29.0,0.45,PHARMA_HEALTHCARE,3,0,7,0,8,5,13,3,16,"Low debt, Controlled healthcare debt","Negative revenue growth, Abnormally high dividend yield"
06.09.2026 at 01:31 PM IST,MTNL,Mahanagar Telephone Nigam Limited,Communication Services,Telecom Services,16726499328.0,1672.65,,,-0.06,,,,-43.86,0.0,38.27,229.9,,,,7758900224.0,775.89,354445688832.0,35444.57,,,,,,0.62,TELECOM,0,10,0,0,2,0,12,3,15,"Strong revenue growth, Telecom revenue growth support",
06.09.2026 at 01:31 PM IST,COCHINSHIP,Cochin Shipyard Limited,Industrials,Aerospace & Defense,394384408576.0,39438.44,57.81,33.54,6.72,28.47,,,14.7,13.48,33.39,2.4,-19.3,,,24059408384.0,2405.94,16717533184.0,1671.75,,,,,88.0,0.58,CAPITAL_GOODS_INFRA,8,0,10,0,7,13,12,3,15,"Cash covers debt, Low debt, Forward PE improving, Manageable capital goods debt","Negative earnings growth, Abnormally high dividend yield"
06.09.2026 at 01:31 PM IST,WELENT,Welspun Enterprises Limited,Industrials,Engineering & Construction,110932090880.0,11093.21,33.29,22.23,3.64,60.92,,,18.08,8.62,32.36,-8.4,-50.0,,,15754999808.0,1575.5,19865200640.0,1986.52,,,,,37.0,0.41,CAPITAL_GOODS_INFRA,8,0,6,0,11,13,12,3,15,"Strong operating margin, Reasonable cash coverage, Forward PE improving, Manageable capital goods debt","Negative revenue growth, Negative earnings growth, Abnormally high dividend yield"
06.09.2026 at 01:31 PM IST,RUCHIRA,Ruchira Papers Limited,Basic Materials,Paper & Paper Products,3214901760.0,321.49,9.65,,0.65,37.05,,,5.61,5.08,22.04,3.8,-63.8,,,6003000.0,0.6,1833980032.0,183.4,,,,,2.33,-0.06,GENERAL,0,2,7,0,12,8,13,2,15,"Low debt, General low debt support",Negative earnings growth
06.09.2026 at 01:31 PM IST,GRADIENTE,Gradiente Infotainment Limited,Communication Services,Entertainment,897480000.0,89.75,,,0.24,3.25,0.95,0.75,2.31,9.94,20.44,8.27,,9.39,1.48,6562000.0,0.66,102535000.0,10.25,-38761500.0,-3.88,-8473000.0,-0.85,,,TELECOM,3,5,16,0,4,16,12,3,15,"Low debt, Telecom revenue growth support","Negative operating cash flow, Negative free cash flow"
06.09.2026 at 01:31 PM IST,ODIGMA,Odigma Consultancy Solutions Limited,Communication Services,Advertising Agencies,735823936.0,73.58,,,1.43,,,,-1.04,-2.16,8.73,87.5,66.7,,,8167000.0,0.82,0.0,0.0,,,,,,,TELECOM,0,20,3,0,4,10,17,-2,15,"Strong revenue growth, Strong earnings growth, Net cash position, Telecom revenue growth support","Negative net margin, Telecom negative profitability"
06.09.2026 at 01:31 PM IST,SURANASOL,Surana Solar Limited,Technology,Solar,1282816000.0,128.28,651.75,,2.25,,,,0.12,18.05,14.65,7.22,36.0,,,68384000.0,6.84,0.0,0.0,,,,,,0.84,IT_TECH,6,12,3,0,4,5,20,-5,15,"Strong earnings growth, Net cash position","Very high PE, Expensive tech valuation without growth"
06.09.2026 at 01:31 PM IST,HPAL,HP Adhesives Limited,Basic Materials,Specialty Chemicals,3293709056.0,329.37,179.25,,1.74,2.25,,,-2.54,0.76,37.68,-4.1,,,,304276992.0,30.43,42334000.0,4.23,,,,,1.12,0.53,CHEMICALS,0,0,12,0,5,5,12,3,15,"Cash covers debt, Low debt, Controlled chemical debt","Negative revenue growth, Very high PE"
06.09.2026 at 01:31 PM IST,MANORG,Mangalam Organics Limited,Basic Materials,Specialty Chemicals,4195290880.0,419.53,20.55,,1.4,112.73,,,8.96,16.0,57.65,22.2,-40.5,,,25914000.0,2.59,3591460096.0,359.15,,,,,,,CHEMICALS,5,8,2,0,8,8,15,0,15,"Strong revenue growth, Chemical revenue growth support","Negative earnings growth, Chemical earnings weakness"
06.09.2026 at 01:31 PM IST,THOMASCOOK,Thomas Cook (India) Limited,Consumer Cyclical,Travel Services,51956899840.0,5195.69,23.82,17.29,2.04,21.37,,,2.43,2.71,13.54,-13.1,-0.6,,,13658099712.0,1365.81,5393699840.0,539.37,,,,,45.0,-0.26,CONSUMER_DISCRETIONARY,0,0,10,0,13,11,12,3,15,"Cash covers debt, Low debt, Forward PE improving, Controlled discretionary debt","Negative revenue growth, Negative earnings growth, Abnormally high dividend yield"
06.09.2026 at 01:31 PM IST,GODIGIT,Go Digit General Insurance Limited,Financial Services,Insurance - Property & Casualty,241294245888.0,24129.42,49.06,29.59,5.15,7.47,,,4.74,4.83,14.88,8.6,-37.6,,,2940699904.0,294.07,3500000000.0,350.0,,,,,,0.23,FINANCIAL,0,5,11,0,7,8,15,0,15,"Reasonable cash coverage, Low debt, Forward PE improving",Negative earnings growth
06.09.2026 at 01:31 PM IST,SMLMAH,SML Mahindra Limited,Consumer Cyclical,Auto Manufacturers,91149664256.0,9114.97,58.14,,17.55,55.67,,,9.07,5.3,22.75,13.2,-5.0,,,66416000.0,6.64,2891105024.0,289.11,,,,,37.0,0.06,AUTO,0,5,4,0,4,5,8,7,15,"Auto revenue growth support, Manageable auto debt","Negative earnings growth, Expensive price-to-book, Abnormally high dividend yield"
06.09.2026 at 01:31 PM IST,PARAGMILK,Parag Milk Foods Limited,Consumer Defensive,Packaged Foods,31728340992.0,3172.83,24.81,15.77,2.49,48.26,,,5.42,3.31,26.72,10.9,-21.0,,,182700000.0,18.27,6073999872.0,607.4,,,,,40.0,0.57,FMCG_CONSUMER,0,5,7,0,13,13,12,3,15,"Low debt, Forward PE improving, Low debt consumer business","Negative earnings growth, Abnormally high dividend yield"
06.09.2026 at 01:31 PM IST,FIRSTCRY,Brainbees Solutions Limited,Consumer Cyclical,Internet Retail,87376101376.0,8737.61,,53.41,1.79,29.76,,,-1.65,-1.42,27.0,13.1,,,,14025589760.0,1402.56,15939040256.0,1593.9,,,,,,0.41,CONSUMER_DISCRETIONARY,0,5,9,0,4,10,8,7,15,"Reasonable cash coverage, Low debt, Consumer discretionary growth support, Controlled discretionary debt",Negative net margin
06.09.2026 at 01:31 PM IST,INDIACEM,The India Cements Limited,Basic Materials,Building Materials,168622604288.0,16862.26,122.14,21.59,1.11,12.89,,,8.22,2.07,35.98,-0.5,,,,622187008.0,62.22,13048031232.0,1304.8,,,,,,0.22,CEMENT_REALTY,0,0,9,0,7,5,11,4,15,"Low debt, Forward PE improving, Manageable cement/realty debt","Negative revenue growth, Very high PE"
06.09.2026 at 01:31 PM IST,ASHOKA,Ashoka Buildcon Limited,Industrials,Engineering & Construction,32499326976.0,3249.93,1.32,8.25,0.49,24.46,,,14.81,34.5,31.8,-20.5,-41.2,,,6742646784.0,674.26,16084635648.0,1608.46,,,,,,0.51,CAPITAL_GOODS_INFRA,9,0,7,0,10,14,12,3,15,"Low debt, Manageable capital goods debt","Negative revenue growth, Negative earnings growth, Forward PE deterioration"
06.09.2026 at 01:31 PM IST,WCIL,Western Carriers (India) Limited,Industrials,Integrated Freight & Logistics,8468400128.0,846.84,23.07,,0.98,26.01,,,2.59,1.96,94.09,11.8,-19.8,,,384960000.0,38.5,2255200000.0,225.52,,,,,,,CAPITAL_GOODS_INFRA,0,5,7,0,8,8,12,3,15,"Low debt, Manageable capital goods debt",Negative earnings growth
06.09.2026 at 01:31 PM IST,SUPERHOUSE,Superhouse Limited,Consumer Cyclical,Footwear & Accessories,1874139776.0,187.41,22.79,,0.39,37.1,,,3.38,1.06,45.76,0.1,,,,174427008.0,17.44,1814878976.0,181.49,,,,,47.0,0.35,CONSUMER_DISCRETIONARY,0,0,7,0,10,5,12,3,15,"Low debt, Controlled discretionary debt",Abnormally high dividend yield
06.09.2026 at 01:31 PM IST,RETAIL,JHS Svendgaard Retail Ventures Limited,Consumer Defensive,Grocery Stores,141447296.0,14.14,,,0.71,39.83,,,2.05,-0.33,42.17,21.5,,,,71103000.0,7.11,101634000.0,10.16,,,,,,1.52,GENERAL,0,8,9,0,4,10,11,4,15,"Strong revenue growth, Reasonable cash coverage, Low debt, General low debt support, General growth support",Negative net margin
06.09.2026 at 01:31 PM IST,RPOWER,Reliance Power Limited,Utilities,Utilities - Independent Power Producers,91690041344.0,9169.0,,4.92,0.57,92.35,,,18.15,-4.12,53.24,3.8,47.2,,,17051599872.0,1705.16,148120305664.0,14812.03,,,,,,0.83,ENERGY_UTILITIES,5,12,4,0,4,10,15,0,15,"Strong operating margin, Strong earnings growth",Negative net margin
06.09.2026 at 01:31 PM IST,TAKE,TAKE LIMITED,Healthcare,Health Information Services,2020829312.0,202.08,32.9,0.77,6.7,,,,-0.87,15.16,-0.32,,,,,2804000.0,0.28,0.0,0.0,,,,,,0.37,PHARMA_HEALTHCARE,5,0,3,0,7,0,15,0,15,"Net cash position, Forward PE improving",
06.09.2026 at 01:31 PM IST,IMPAL,India Motor Parts & Accessories Limited,Consumer Cyclical,Auto Parts,14064959488.0,1406.5,14.38,32.81,0.61,,,,7.48,10.67,15.78,,,,,,,,,,,,,2.94,0.19,AUTO,3,0,0,0,12,0,15,0,15,,Forward PE deterioration
06.09.2026 at 01:31 PM IST,SKFINDUS,SKF India (Industrial) Limited,Industrials,Tools & Accessories,147374571520.0,14737.46,70.91,34.36,9.98,0.31,,,8.92,5.79,32.17,,,,,5691700224.0,569.17,45700000.0,4.57,,,,,100.0,,CAPITAL_GOODS_INFRA,0,0,12,0,5,5,12,3,15,"Cash covers debt, Low debt, Forward PE improving, Manageable capital goods debt",Abnormally high dividend yield
06.09.2026 at 01:31 PM IST,RATNAMANI,Ratnamani Metals & Tubes Limited,Basic Materials,Steel,191351160832.0,19135.12,44.3,30.57,4.66,7.55,,,12.97,9.94,41.98,-8.5,-43.4,,,7944710144.0,794.47,3176250880.0,317.63,,,,,37.0,0.36,METALS_MINING,6,0,12,0,9,13,14,1,15,"Cash covers debt, Low debt, Forward PE improving, Controlled metal sector debt, Commodity dividend support","Negative revenue growth, Negative earnings growth, Abnormally high dividend yield, Cyclical earnings decline"
06.09.2026 at 01:31 PM IST,DAMCAPITAL,DAM Capital Advisors Limited,Financial Services,Capital Markets,10216953856.0,1021.7,14.07,,2.72,25.43,,,0.65,31.95,96.08,-3.2,-33.3,,,2984300032.0,298.43,844099968.0,84.41,,,,,69.0,,FINANCIAL,6,0,10,0,12,13,15,0,15,"Cash covers debt, Low debt","Negative revenue growth, Negative earnings growth, Abnormally high dividend yield"
06.09.2026 at 01:31 PM IST,BANSALWIRE,Bansal Wire Industries Limited,Basic Materials,Steel,49064636416.0,4906.46,34.55,18.92,3.43,38.77,,,3.52,3.24,22.55,24.4,-47.8,,,69510000.0,6.95,5546579968.0,554.66,,,,,,0.84,METALS_MINING,0,8,7,0,9,8,16,-1,15,"Strong revenue growth, Low debt, Forward PE improving, Controlled metal sector debt","Negative earnings growth, Cyclical earnings decline"
06.09.2026 at 01:31 PM IST,UFO,UFO Moviez India Limited,Communication Services,Entertainment,2524385536.0,252.44,10.5,2.23,0.78,28.75,,,6.55,4.93,50.62,1.5,-13.7,,,1194384000.0,119.44,935065984.0,93.51,,,,,,0.03,TELECOM,0,0,10,0,13,8,15,0,15,"Cash covers debt, Low debt, Forward PE improving",Negative earnings growth
06.09.2026 at 01:31 PM IST,BIOFILCHEM,Biofil Chemicals and Pharmaceuticals Limited,Healthcare,Drug Manufacturers - Specialty & Generic,518320544.0,51.83,106.17,,2.41,14.01,,,1.09,1.4,7.17,34.0,-95.3,,,33264000.0,3.33,30200000.0,3.02,,,,,,0.57,PHARMA_HEALTHCARE,0,10,12,0,4,13,13,2,15,"Strong revenue growth, Cash covers debt, Low debt, Healthcare growth support, Controlled healthcare debt","Negative earnings growth, Very high PE, Healthcare earnings contraction"
06.09.2026 at 01:31 PM IST,REGAAL,Regaal Resources Limited,Consumer Defensive,Packaged Foods,9093327872.0,909.33,14.22,,1.83,125.55,,,12.72,5.48,28.95,-17.9,18.3,,,676060032.0,67.61,6144640000.0,614.46,,,,,28.0,,FMCG_CONSUMER,3,8,2,0,12,11,14,0,14,Strong earnings growth,"Negative revenue growth, Abnormally high dividend yield"
06.09.2026 at 01:31 PM IST,ASHOKLEY,Ashok Leyland Limited,Industrials,Farm & Heavy Construction Machinery,992681394176.0,99268.14,28.55,20.63,6.97,344.74,,,19.65,6.02,40.06,11.6,1.0,,,170057891840.0,17005.79,639357026304.0,63935.7,,,,,2.07,0.45,CAPITAL_GOODS_INFRA,8,5,0,0,9,8,14,0,14,"Strong operating margin, Forward PE improving",Very high debt
06.09.2026 at 01:31 PM IST,MARALOVER,Maral Overseas Limited,Consumer Cyclical,Textile Manufacturing,2606702336.0,260.67,11.94,,2.35,364.67,,,3.32,2.14,40.86,16.7,,,,78654000.0,7.87,4038170112.0,403.82,,,,,,0.44,CONSUMER_DISCRETIONARY,0,8,0,0,10,8,10,4,14,"Strong revenue growth, Consumer discretionary growth support",Very high debt
06.09.2026 at 01:31 PM IST,WALCHANNAG,Walchandnagar Industries Limited,Industrials,Engineering & Construction,14151855104.0,1415.19,,,3.98,61.01,,,4.66,-0.98,45.8,83.8,,,,223600000.0,22.36,2188999936.0,218.9,,,,,,1.17,CAPITAL_GOODS_INFRA,0,10,4,0,2,10,6,8,14,"Strong revenue growth, Strong capital goods revenue growth, Manageable capital goods debt",Negative net margin
06.09.2026 at 01:31 PM IST,BHARATWIRE,Bharat Wire Ropes Limited,Basic Materials,Steel,12484111360.0,1248.41,25.1,,1.54,9.24,,,14.53,11.92,48.87,-8.0,-39.5,,,177772000.0,17.78,748966016.0,74.9,,,,,,0.61,METALS_MINING,6,0,9,0,8,8,15,-1,14,"Low debt, Controlled metal sector debt","Negative revenue growth, Negative earnings growth, Cyclical earnings decline"
06.09.2026 at 01:31 PM IST,PIIND,PI Industries Limited,Basic Materials,Agricultural Inputs,373955657728.0,37395.57,32.05,23.21,3.33,3.05,,,15.49,17.88,57.63,-10.4,-38.9,,,35027001344.0,3502.7,3423000064.0,342.3,,,,,61.0,0.37,GENERAL,8,0,12,0,11,19,12,2,14,"Cash covers debt, Low debt, Forward PE improving, General low debt support","Negative revenue growth, Negative earnings growth, Abnormally high dividend yield"
06.09.2026 at 01:31 PM IST,ICEMAKE,Ice Make Refrigeration Limited,Industrials,Specialty Industrial Machinery,11661224960.0,1166.12,97.11,,8.77,119.45,,,0.52,1.63,27.65,60.4,,,,71836000.0,7.18,1584056064.0,158.41,,,,,30.0,-0.21,CAPITAL_GOODS_INFRA,0,10,2,0,2,5,9,5,14,"Strong revenue growth, Strong capital goods revenue growth","Very high PE, Abnormally high dividend yield"
06.09.2026 at 01:31 PM IST,SYNGENE,Syngene International Limited,Healthcare,Diagnostics & Research,159049121792.0,15904.91,71.85,37.07,3.28,9.47,,,3.9,6.14,68.0,-15.8,,,,12890999808.0,1289.1,4584000000.0,458.4,,,,,32.0,0.08,PHARMA_HEALTHCARE,3,0,12,0,7,11,11,3,14,"Cash covers debt, Low debt, Forward PE improving, Controlled healthcare debt","Negative revenue growth, Abnormally high dividend yield"
06.09.2026 at 01:31 PM IST,TATACHEM,Tata Chemicals Limited,Basic Materials,Chemicals,159146246144.0,15914.62,,20.09,0.75,36.08,,,5.15,-14.32,62.02,14.4,,,,11360000000.0,1136.0,80010002432.0,8001.0,,,,,1.76,0.58,CHEMICALS,0,5,7,0,5,10,7,7,14,"Low debt, Chemical revenue growth support, Controlled chemical debt",Negative net margin
06.09.2026 at 01:31 PM IST,SWANCORP,Swan Corp Limited,Industrials,Conglomerates,88300814336.0,8830.08,40.01,,1.25,24.56,,,-3.39,5.36,1.44,-16.4,,,,12897659904.0,1289.77,22583410688.0,2258.34,,,,,5.0,-0.13,CAPITAL_GOODS_INFRA,0,0,9,0,8,6,11,3,14,"Reasonable cash coverage, Low debt, Manageable capital goods debt",Negative revenue growth
06.09.2026 at 01:31 PM IST,SVPGLOB,SVP Global Textiles Limited,Consumer Cyclical,Textile Manufacturing,461725024.0,46.17,0.69,,-0.05,,,,-5678.05,1192.81,-251.07,,,,,47658000.0,4.77,31855413248.0,3185.54,,,,,,1.29,CONSUMER_DISCRETIONARY,6,0,0,0,8,0,14,0,14,,
06.09.2026 at 01:31 PM IST,BLUESTONE,BlueStone Jewellery and Lifestyle Limited,Consumer Cyclical,Luxury Goods,129098006528.0,12909.8,217.78,97.5,7.14,110.03,,,6.43,2.1,42.59,49.6,,,,8568280064.0,856.83,19838949376.0,1983.89,,,,,,,CONSUMER_DISCRETIONARY,0,10,2,0,3,5,10,4,14,"Strong revenue growth, Forward PE improving, Consumer discretionary growth support",Very high PE
06.09.2026 at 01:31 PM IST,XELPMOC,Xelpmoc Design and Tech Limited,Technology,Information Technology Services,1198315008.0,119.83,,,1.6,0.92,,,-208.21,-202.34,-84.48,22.5,,,,67101260.0,6.71,6898800.0,0.69,,,,,,0.98,IT_TECH,0,8,12,0,4,10,14,0,14,"Strong revenue growth, Cash covers debt, Low debt",Negative net margin
06.09.2026 at 01:31 PM IST,THEMISMED,Themis Medicare Limited,Healthcare,Drug Manufacturers - Specialty & Generic,11169254400.0,1116.93,27.71,,2.79,25.11,,,-63.21,12.06,59.27,-10.9,,,,91499000.0,9.15,1000912000.0,100.09,,,,,40.0,0.58,PHARMA_HEALTHCARE,5,0,7,0,10,11,11,3,14,"Low debt, Controlled healthcare debt","Negative revenue growth, Abnormally high dividend yield"
06.09.2026 at 01:31 PM IST,LFIC,Lakshmi Finance & Industrial Corporation Limited,Financial Services,Asset Management,403800032.0,40.38,,,0.71,,,,91.97,-5.44,100.0,12.2,8.0,,,38876000.0,3.89,0.0,0.0,,,,,1.86,0.53,FINANCIAL,6,10,3,0,5,10,14,0,14,"Strong operating margin, Net cash position",Negative net margin
06.09.2026 at 01:31 PM IST,ARTNIRMAN,Art Nirman Limited,Real Estate,Real Estate - Development,1013962304.0,101.4,79.67,,2.44,195.93,,,-10.9,1.17,161.7,41.0,,,,69891000.0,6.99,729635008.0,72.96,,,,,,0.71,CEMENT_REALTY,0,10,0,0,4,0,14,0,14,Strong revenue growth,
06.09.2026 at 01:31 PM IST,MANGLMCEM,Mangalam Cement Limited,Basic Materials,Building Materials,30109540352.0,3010.95,26.24,18.65,3.08,90.91,,,6.88,6.51,54.53,0.8,-44.0,,,1558775040.0,155.88,8884919296.0,888.49,,,,,14.0,0.45,CEMENT_REALTY,3,0,4,0,11,8,10,4,14,"Forward PE improving, Manageable cement/realty debt",Negative earnings growth
06.09.2026 at 01:31 PM IST,ELECTCAST,Electrosteel Castings Limited,Industrials,Building Products & Equipment,51402047488.0,5140.2,42.64,19.34,0.87,26.35,,,3.97,2.09,44.7,-8.5,-45.8,,,8570331136.0,857.03,15610588160.0,1561.06,,,,,1.08,0.07,CAPITAL_GOODS_INFRA,0,0,9,0,10,8,11,3,14,"Reasonable cash coverage, Low debt, Forward PE improving, Manageable capital goods debt","Negative revenue growth, Negative earnings growth"
06.09.2026 at 01:31 PM IST,CREST,Crest Ventures Limited,Financial Services,Financial Conglomerates,10094780416.0,1009.48,30.78,,0.77,15.37,,,45.53,26.1,98.49,-52.0,-55.3,,,1484619008.0,148.46,2049293952.0,204.93,,,,,28.0,-0.0,FINANCIAL,12,0,11,0,10,19,14,0,14,"Strong operating margin, Reasonable cash coverage, Low debt","Negative revenue growth, Negative earnings growth, Abnormally high dividend yield"
06.09.2026 at 01:31 PM IST,UGARSUGAR,The Ugar Sugar Works Limited,Consumer Defensive,Confectioners,5995125248.0,599.51,20.82,,2.57,310.59,,,3.66,1.8,14.91,34.1,,,,19544000.0,1.95,7257871872.0,725.79,,,,,19.0,0.08,GENERAL,0,10,0,0,10,8,12,2,14,"Strong revenue growth, General growth support",Very high debt
06.09.2026 at 01:31 PM IST,LLOYDSENT,Lloyds Enterprises Limited,Basic Materials,Steel,113270145024.0,11327.01,132.5,,2.68,14.69,,,14.41,5.65,16.14,70.2,-62.6,,,9657299968.0,965.73,7983099904.0,798.31,,,,,34.0,1.19,METALS_MINING,3,10,12,0,6,18,13,1,14,"Strong revenue growth, Cash covers debt, Low debt, Controlled metal sector debt, Commodity dividend support","Negative earnings growth, Very high PE, Abnormally high dividend yield, Cyclical earnings decline"
06.09.2026 at 01:31 PM IST,BANARISUG,Bannari Amman Sugars Limited,Consumer Defensive,Confectioners,47650861056.0,4765.09,39.18,,2.49,0.48,,,-8.18,7.29,31.74,-58.8,,,,2730859008.0,273.09,92525000.0,9.25,,,,,33.0,0.19,GENERAL,3,0,12,0,8,11,12,2,14,"Cash covers debt, Low debt, General low debt support","Negative revenue growth, Abnormally high dividend yield"
06.09.2026 at 01:31 PM IST,SAURASHCEM,Saurashtra Cement Limited,Basic Materials,Building Materials,6438794240.0,643.88,96.42,,0.68,11.12,,,2.11,0.39,44.97,7.8,-45.7,,,2235885056.0,223.59,1069238016.0,106.92,,,,,,0.25,CEMENT_REALTY,0,2,12,0,4,8,10,4,14,"Cash covers debt, Low debt, Manageable cement/realty debt","Negative earnings growth, Very high PE"
06.09.2026 at 01:31 PM IST,EKC,Everest Kanto Cylinder Limited,Industrials,Specialty Industrial Machinery,11950117888.0,1195.01,9.53,6.7,0.85,19.07,,,9.36,8.76,44.73,-10.5,-41.7,,,1526499968.0,152.65,2668900096.0,266.89,,,,,60.0,0.62,CAPITAL_GOODS_INFRA,3,0,11,0,15,19,10,3,13,"Reasonable cash coverage, Low debt, Forward PE improving, Manageable capital goods debt","Negative revenue growth, Negative earnings growth, Abnormally high dividend yield"
06.09.2026 at 01:31 PM IST,PPLPHARMA,Piramal Pharma Limited,Healthcare,Drug Manufacturers - Specialty & Generic,283500969984.0,28350.1,,52.53,3.48,69.98,,,-1.25,-3.41,59.41,17.4,,,,13554199552.0,1355.42,57119801344.0,5711.98,,,,,8.0,0.34,PHARMA_HEALTHCARE,0,8,4,0,4,10,6,7,13,"Strong revenue growth, Healthcare growth support, Controlled healthcare debt",Negative net margin
06.09.2026 at 01:31 PM IST,ALLTIME,All Time Plastics Limited,Consumer Defensive,Household & Personal Products,13524080640.0,1352.41,36.41,,2.2,14.08,,,9.41,5.59,39.32,2.3,-25.0,,,1261403008.0,126.14,863966976.0,86.4,,,,,,,FMCG_CONSUMER,0,0,12,0,6,8,10,3,13,"Cash covers debt, Low debt, Low debt consumer business",Negative earnings growth
06.09.2026 at 01:31 PM IST,ADANIGREEN,Adani Green Energy Limited,Utilities,Utilities - Renewable,2143470485504.0,214347.05,125.0,43.62,11.11,346.55,,,66.78,13.1,94.69,16.6,18.5,,,40730001408.0,4073.0,1035449991168.0,103545.0,,,,,,1.06,ENERGY_UTILITIES,11,16,0,0,3,13,17,-4,13,"Strong operating margin, Strong revenue growth, Strong earnings growth, Forward PE improving","Very high debt, Very high PE, Expensive price-to-book, High energy/utility leverage"
06.09.2026 at 01:31 PM IST,VISL,Vedanta Iron and Steel Limited,Basic Materials,Steel,139835473920.0,13983.55,,,-4.83,,,,9.92,64.22,105.59,12.3,,,,67000.0,0.01,622000.0,0.06,,,,,,,METALS_MINING,6,5,0,0,2,0,13,0,13,,
06.09.2026 at 01:31 PM IST,SUMIT,Sumit Woods Limited,Real Estate,Real Estate - Development,2475733248.0,247.57,40.73,,1.47,,6.1,,9.52,9.59,41.27,6.9,11.8,,,,,,,,,,,39.0,1.15,CEMENT_REALTY,3,7,0,0,8,5,13,0,13,,Abnormally high dividend yield
06.09.2026 at 01:31 PM IST,JKTYRE,JK Tyre & Industries Limited,Consumer Cyclical,Auto Parts,106220273664.0,10622.03,16.0,10.76,1.75,80.55,,,3.36,4.0,35.89,2.0,-74.3,,,2480199936.0,248.02,48815398912.0,4881.54,,,,,1.09,0.49,AUTO,0,0,4,0,14,8,10,3,13,"Forward PE improving, Manageable auto debt",Negative earnings growth
06.09.2026 at 01:31 PM IST,JINDALSAW,Jindal Saw Limited,Basic Materials,Steel,194474442752.0,19447.44,29.81,13.09,1.55,38.19,,,5.23,3.58,41.22,9.0,-75.4,,,5426617856.0,542.66,46907392000.0,4690.74,,,,,66.0,0.47,METALS_MINING,0,5,7,0,13,13,12,1,13,"Low debt, Forward PE improving, Controlled metal sector debt, Commodity dividend support","Negative earnings growth, Abnormally high dividend yield, Cyclical earnings decline"
06.09.2026 at 01:31 PM IST,VOGL,Vedanta Oil and Gas Limited,Basic Materials,Other Industrial Metals & Mining,148787380224.0,14878.74,,,-0.19,,,,8.94,420.83,81.37,8.9,,,,,,0.0,0.0,,,,,,,METALS_MINING,6,5,0,0,2,0,13,0,13,,
06.09.2026 at 01:31 PM IST,ZENTEC,Zen Technologies Limited,Industrials,Aerospace & Defense,161805910016.0,16180.59,89.95,34.35,9.0,0.95,,,21.79,26.85,69.64,-10.5,-27.9,,,3547316992.0,354.73,185174000.0,18.52,,,,,6.0,0.07,CAPITAL_GOODS_INFRA,11,0,12,0,5,14,14,-1,13,"Strong operating margin, Cash covers debt, Low debt, Forward PE improving, Manageable capital goods debt","Negative revenue growth, Negative earnings growth, Very high PE, Expensive capital goods valuation without growth"
06.09.2026 at 01:31 PM IST,MEDPLUS,MedPlus Health Services Limited,Healthcare,Pharmaceutical Retailers,79624093696.0,7962.41,37.85,29.23,4.03,72.13,,,2.94,2.91,25.8,21.8,-21.8,,,6129480192.0,612.95,14243829760.0,1424.38,,,,,,0.46,PHARMA_HEALTHCARE,0,8,4,0,7,8,11,2,13,"Strong revenue growth, Forward PE improving, Healthcare growth support, Controlled healthcare debt","Negative earnings growth, Healthcare earnings contraction"
06.09.2026 at 01:31 PM IST,SHIVAMILLS,Shiva Mills Limited,Consumer Cyclical,Textile Manufacturing,522829376.0,52.28,15.55,,0.57,,,,7.58,2.41,26.37,1.4,,,,39708000.0,3.97,0.0,0.0,,,,,,0.35,CONSUMER_DISCRETIONARY,0,0,3,0,10,0,13,0,13,Net cash position,
06.09.2026 at 01:31 PM IST,GEMAROMA,Gem Aromatics Limited,Basic Materials,Chemicals,8509429248.0,850.94,,,1.89,33.75,,,-5.89,-3.82,21.06,12.8,,,,81490000.0,8.15,1518470016.0,151.85,,,,,,,CHEMICALS,0,5,7,0,4,10,6,7,13,"Low debt, Chemical revenue growth support, Controlled chemical debt",Negative net margin
06.09.2026 at 01:31 PM IST,KHANDSE,Khandwala Securities Limited,Financial Services,Capital Markets,280364928.0,28.04,,,1.01,10.39,,,3.3,-6.73,97.86,99.6,,,,4278000.0,0.43,28835000.0,2.88,,,,,,0.57,FINANCIAL,0,10,9,0,4,10,13,0,13,"Strong revenue growth, Low debt",Negative net margin
06.09.2026 at 01:31 PM IST,ICICIGI,ICICI Lombard General Insurance Company Limited,Financial Services,Insurance - Diversified,754400231424.0,75440.02,31.25,21.73,4.42,,14.63,2.65,7.44,8.76,21.54,10.9,-46.2,0.28,0.01,7762599936.0,776.26,0.0,0.0,,,,,93.0,0.45,FINANCIAL,7,5,3,0,11,13,13,0,13,"Net cash position, Forward PE improving","Negative earnings growth, Abnormally high dividend yield"
06.09.2026 at 01:31 PM IST,UNIENTER,Uniphos Enterprises Limited,Basic Materials,Chemicals,12945263616.0,1294.53,31.23,,0.26,,,,-8.23,77.48,0.53,-97.2,,,,203539008.0,20.35,0.0,0.0,,,,,3.76,0.27,CHEMICALS,6,0,3,0,10,6,13,0,13,Net cash position,Negative revenue growth
06.09.2026 at 01:31 PM IST,KEC,KEC International Limited,Industrials,Engineering & Construction,108689457152.0,10868.95,19.63,11.15,1.76,87.31,,,4.78,2.35,23.65,0.0,-41.7,,,4144600064.0,414.46,53777600512.0,5377.76,,,,,1.35,0.06,CAPITAL_GOODS_INFRA,0,0,4,0,14,8,10,3,13,"Forward PE improving, Manageable capital goods debt",Negative earnings growth
06.09.2026 at 01:31 PM IST,63MOONS,63 moons technologies limited,Technology,Software - Application,40318717952.0,4031.87,,,1.14,0.15,,,-58.95,-20.48,7.59,350.5,,,,19559452672.0,1955.95,54222000.0,5.42,,,,,23.0,0.65,IT_TECH,0,10,12,0,6,15,13,0,13,"Strong revenue growth, Cash covers debt, Low debt","Negative net margin, Abnormally high dividend yield"
06.09.2026 at 01:31 PM IST,BALAJEE,Shree Tirupati Balajee Agro Trading Company Limited,Consumer Cyclical,Packaging & Containers,2133077632.0,213.31,23.14,,0.7,66.47,,,6.28,1.57,33.68,11.3,-34.9,,,10841000.0,1.08,2316429056.0,231.64,,,,,,,CONSUMER_DISCRETIONARY,0,5,4,0,8,8,9,3,12,Controlled discretionary debt,Negative earnings growth
06.09.2026 at 01:31 PM IST,KARMAENG,Karma Energy Limited,Utilities,Utilities - Renewable,433293440.0,43.33,49.28,,1.06,3.74,,,4.73,8.9,37.84,4.8,-28.3,,,1057000.0,0.11,15264000.0,1.53,,,,,,0.62,ENERGY_UTILITIES,3,2,9,0,6,8,12,0,12,Low debt,Negative earnings growth
06.09.2026 at 01:31 PM IST,DELTACORP,Delta Corp Limited,Consumer Cyclical,Resorts & Casinos,15064802304.0,1506.48,,,0.67,2.17,,,12.15,-23.27,48.91,-8.5,,,,2784399872.0,278.44,489800000.0,48.98,,,,,89.0,0.57,CONSUMER_DISCRETIONARY,3,0,12,0,6,15,6,6,12,"Cash covers debt, Low debt, Healthy discretionary margin, Controlled discretionary debt","Negative net margin, Negative revenue growth, Abnormally high dividend yield"
06.09.2026 at 01:31 PM IST,ROHLTD,Royal Orchid Hotels Limited,Consumer Cyclical,Lodging,8145289216.0,814.53,29.44,52.75,3.15,232.51,,,19.96,6.71,54.63,36.1,-41.4,,,778612992.0,77.86,6406871040.0,640.69,,,,,84.0,0.3,CONSUMER_DISCRETIONARY,8,10,0,0,8,21,5,7,12,"Strong operating margin, Strong revenue growth, Consumer discretionary growth support, Healthy discretionary margin","Negative earnings growth, Very high debt, Forward PE deterioration, Abnormally high dividend yield"
06.09.2026 at 01:31 PM IST,INSECTICID,Insecticides (India) Limited,Basic Materials,Agricultural Inputs,17911173120.0,1791.12,14.3,9.12,1.47,12.87,,,9.47,6.05,31.98,-11.5,-24.5,,,917915008.0,91.79,1570503936.0,157.05,,,,,65.0,0.45,GENERAL,3,0,11,0,15,19,10,2,12,"Reasonable cash coverage, Low debt, Forward PE improving, General low debt support","Negative revenue growth, Negative earnings growth, Abnormally high dividend yield"
06.09.2026 at 01:31 PM IST,TORNTPOWER,Torrent Power Limited,Utilities,Utilities - Independent Power Producers,656082403328.0,65608.24,28.23,21.34,3.44,70.89,,,14.0,7.96,26.63,2.8,-12.7,,,23194099712.0,2319.41,139705597952.0,13970.56,,,,,1.54,0.63,ENERGY_UTILITIES,6,0,4,0,10,8,12,0,12,Forward PE improving,Negative earnings growth
06.09.2026 at 01:31 PM IST,BLUESTARCO,Blue Star Limited,Industrials,Building Products & Equipment,305099964416.0,30510.0,59.89,38.45,8.89,23.59,,,3.5,3.98,21.93,13.3,-15.1,,,8334199808.0,833.42,8099899904.0,809.99,,,,,57.0,0.15,CAPITAL_GOODS_INFRA,0,5,10,0,7,13,9,3,12,"Cash covers debt, Low debt, Forward PE improving, Manageable capital goods debt","Negative earnings growth, Abnormally high dividend yield"
06.09.2026 at 01:31 PM IST,XTGLOBAL,XTGlobal Infotech Limited,Technology,Software - Application,4265133568.0,426.51,37.41,,2.92,23.79,,,6.13,3.99,62.68,1.1,4.5,,,160875008.0,16.09,501137984.0,50.11,,,,,32.0,0.9,IT_TECH,0,2,7,0,8,5,12,0,12,Low debt,Abnormally high dividend yield
06.09.2026 at 01:31 PM IST,RSSOFTWARE,R S Software (India) Limited,Technology,Information Technology Services,798184448.0,79.82,,,3.67,62.44,-82.66,-33.13,-121.19,-141.96,-46.37,-24.3,,1.65,1.06,36323000.0,3.63,147871008.0,14.79,10317750.0,1.03,44188000.0,4.42,,1.02,IT_TECH,0,0,10,17,2,21,8,4,12,"Positive operating cash flow, Positive free cash flow, Positive tech free cash flow","Negative net margin, Negative revenue growth"
06.09.2026 at 01:31 PM IST,IDFCFIRSTB,IDFC First Bank Limited,Financial Services,Banks - Regional,747588419584.0,74758.84,33.48,12.84,1.57,,,,33.4,32.78,0.0,-1.1,-23.2,,,,,,,,,,,29.0,,BANK,12,0,0,0,13,13,12,0,12,"Strong operating margin, Forward PE improving","Negative revenue growth, Negative earnings growth, Abnormally high dividend yield"
06.09.2026 at 01:31 PM IST,ONESOURCE,OneSource Specialty Pharma Limited,Healthcare,Biotechnology,175965552640.0,17596.56,,20.32,3.02,25.79,,,11.49,-3.15,67.99,37.2,,,,1030270016.0,103.03,15039389696.0,1503.94,,,,,,,IT_TECH,3,10,7,0,2,10,12,0,12,"Strong revenue growth, Low debt",Negative net margin
06.09.2026 at 01:31 PM IST,KWIL,Kwality Walls (India) Limited,Consumer Defensive,Packaged Foods,99035275264.0,9903.53,,,14.74,81.51,,,7.34,-17.57,44.87,16.2,37.5,,,140000000.0,14.0,5479000064.0,547.9,,,,,,,FMCG_CONSUMER,0,18,4,0,0,10,12,0,12,"Strong revenue growth, Strong earnings growth","Negative net margin, Expensive price-to-book"
06.09.2026 at 01:31 PM IST,ASTERDM,Aster DM Quality Care Limited,Healthcare,Medical Care Facilities,684567953408.0,68456.8,128.12,39.18,8.84,45.92,,,14.88,6.54,58.62,21.6,-81.4,,,13267699712.0,1326.77,22196600832.0,2219.66,,,,,51.0,-0.08,PHARMA_HEALTHCARE,6,8,9,0,5,18,10,2,12,"Strong revenue growth, Reasonable cash coverage, Low debt, Forward PE improving, Healthcare growth support, Controlled healthcare debt","Negative earnings growth, Very high PE, Abnormally high dividend yield, Healthcare earnings contraction"
06.09.2026 at 01:31 PM IST,GREENPANEL,Greenpanel Industries Limited,Basic Materials,Lumber & Wood Production,19453609984.0,1945.36,293.78,13.95,1.43,27.3,,,1.55,0.43,49.18,6.6,,,,1969021952.0,196.9,3701435904.0,370.14,,,,,32.0,0.43,GENERAL,0,2,9,0,9,10,10,2,12,"Reasonable cash coverage, Low debt, Forward PE improving, General low debt support","Very high PE, Abnormally high dividend yield"
06.09.2026 at 01:31 PM IST,MAHEPC,Mahindra EPC Irrigation Limited,Industrials,Farm & Heavy Construction Machinery,2885076736.0,288.51,30.18,,1.56,24.48,,,-3.84,3.15,53.55,-12.7,,,,300000.0,0.03,453100000.0,45.31,,,,,,0.41,CAPITAL_GOODS_INFRA,0,0,7,0,8,6,9,3,12,"Low debt, Manageable capital goods debt",Negative revenue growth
06.09.2026 at 01:31 PM IST,JUBLPHARMA,Jubilant Pharmova Limited,Healthcare,Drug Manufacturers - Specialty & Generic,147300073472.0,14730.01,41.91,18.4,2.08,50.94,,,5.41,4.09,64.98,17.3,-45.0,,,12670999552.0,1267.1,36146999296.0,3614.7,,,,,54.0,0.49,PHARMA_HEALTHCARE,0,8,4,0,11,13,10,2,12,"Strong revenue growth, Forward PE improving, Healthcare growth support, Controlled healthcare debt","Negative earnings growth, Abnormally high dividend yield, Healthcare earnings contraction"
06.09.2026 at 01:31 PM IST,ATGL,Adani Total Gas Limited,Utilities,Utilities - Regulated Gas,675283337216.0,67528.33,106.6,,13.88,58.65,,,11.6,10.08,28.25,27.2,-14.0,,,5449200128.0,544.92,28532299776.0,2853.23,,,,,4.0,0.6,ENERGY_UTILITIES,6,10,4,0,2,13,9,3,12,"Strong revenue growth, Energy dividend support","Negative earnings growth, Very high PE, Expensive price-to-book"
06.09.2026 at 01:31 PM IST,LGHL,Laxmi Goldorna House Limited,Consumer Cyclical,Luxury Goods,8816290816.0,881.63,,,12.48,153.42,,,11.95,2.96,20.65,30.5,-47.9,,,47485000.0,4.75,1084153984.0,108.42,,,,,,-0.17,CONSUMER_DISCRETIONARY,3,10,0,0,0,8,5,7,12,"Strong revenue growth, Consumer discretionary growth support, Healthy discretionary margin","Negative earnings growth, Expensive price-to-book"
06.09.2026 at 01:31 PM IST,LIKHITHA,Likhitha Infrastructure Limited,Energy,Oil & Gas Equipment & Services,8022828544.0,802.28,24.58,,1.95,0.09,,,11.01,7.79,21.12,-30.5,-47.3,,,766873984.0,76.69,3626000.0,0.36,,,,,,0.31,ENERGY_UTILITIES,6,0,12,0,8,14,12,0,12,"Cash covers debt, Low debt","Negative revenue growth, Negative earnings growth"
06.09.2026 at 01:31 PM IST,VIPCLOTHNG,VIP Clothing Limited,Consumer Cyclical,Apparel Manufacturing,1819715072.0,181.97,19.6,,0.94,35.85,,,6.71,3.75,28.28,-1.2,-16.0,,,103653000.0,10.37,696856000.0,69.69,,,,,,0.28,CONSUMER_DISCRETIONARY,0,0,7,0,10,8,9,3,12,"Low debt, Controlled discretionary debt","Negative revenue growth, Negative earnings growth"
06.09.2026 at 01:31 PM IST,VHL,Vardhman Holdings Limited,Financial Services,Credit Services,11607616512.0,1160.76,4.62,,0.31,,,,91.81,14.55,100.0,-11.4,-18.3,,,15500000.0,1.55,0.0,0.0,,,,,16.0,-0.14,FINANCIAL,11,0,3,0,12,14,12,0,12,"Strong operating margin, Net cash position","Negative revenue growth, Negative earnings growth"
06.09.2026 at 01:31 PM IST,HCC,Hindustan Construction Company Limited,Industrials,Engineering & Construction,60169179136.0,6016.92,33.29,33.78,2.83,47.91,,,9.93,4.28,35.55,-9.0,-30.4,,,5991399936.0,599.14,10191500288.0,1019.15,,,,,,0.69,CAPITAL_GOODS_INFRA,0,0,9,0,8,8,9,3,12,"Reasonable cash coverage, Low debt, Manageable capital goods debt","Negative revenue growth, Negative earnings growth"
06.09.2026 at 01:31 PM IST,CHALET,Chalet Hotels Limited,Consumer Cyclical,Lodging,197094719488.0,19709.47,37.31,28.57,5.33,64.04,,,33.73,22.12,69.15,-42.7,-57.7,,,3231089920.0,323.11,23676780544.0,2367.68,,,,,22.0,-0.04,CONSUMER_DISCRETIONARY,12,0,4,0,9,19,6,6,12,"Strong operating margin, Forward PE improving, Healthy discretionary margin, Controlled discretionary debt","Negative revenue growth, Negative earnings growth, Abnormally high dividend yield"
06.09.2026 at 01:31 PM IST,BAJAJHIND,Bajaj Hindusthan Sugar Limited,Consumer Defensive,Confectioners,52459933696.0,5245.99,10.82,,5.21,93.0,,,-15.62,2.17,16.74,-9.8,,,,879000000.0,87.9,35450101760.0,3545.01,,,,,,0.12,GENERAL,0,0,4,0,8,0,12,0,12,,Negative revenue growth
06.09.2026 at 01:31 PM IST,HYUNDAI,Hyundai Motor India Limited,Consumer Cyclical,Auto Manufacturers,1791653183488.0,179165.32,36.23,24.12,8.95,5.48,,,5.84,7.0,28.22,-0.5,-35.1,,,105519783936.0,10551.98,10975620096.0,1097.56,,,,,95.0,,AUTO,3,0,12,0,7,13,9,3,12,"Cash covers debt, Low debt, Forward PE improving, Manageable auto debt","Negative revenue growth, Negative earnings growth, Abnormally high dividend yield"
06.09.2026 at 01:31 PM IST,DALMIASUG,Dalmia Bharat Sugar and Industries Limited,Consumer Defensive,Confectioners,35532353536.0,3553.24,17.47,9.42,1.11,55.74,,,1.05,5.82,26.41,-10.0,-82.1,,,4338100224.0,433.81,18031699968.0,1803.17,,,,,1.37,0.05,GENERAL,0,0,4,0,14,8,10,2,12,"Forward PE improving, General low debt support","Negative revenue growth, Negative earnings growth"
06.09.2026 at 01:31 PM IST,URBANCO,Urban Company Limited,Technology,Software - Application,268002312192.0,26800.23,,-207.57,13.09,6.33,,,-20.52,-19.42,50.45,43.6,,,,17183700992.0,1718.37,1357900032.0,135.79,,,,,,,IT_TECH,0,10,12,0,0,10,12,0,12,"Strong revenue growth, Cash covers debt, Low debt","Negative net margin, Expensive price-to-book"
06.09.2026 at 01:31 PM IST,MODIRUBBER,Modi Rubber Limited,Real Estate,Real Estate Services,3280309760.0,328.03,13100.0,,0.48,3.36,,,-74.07,0.02,34.28,10.1,-12.8,,,873932032.0,87.39,227256000.0,22.73,,,,,,-0.06,CEMENT_REALTY,0,5,12,0,4,13,8,4,12,"Cash covers debt, Low debt, Manageable cement/realty debt","Negative earnings growth, Very high PE"
06.09.2026 at 01:31 PM IST,PFS,PTC India Financial Services Limited,Financial Services,Credit Services,17335226368.0,1733.52,7.78,4.46,0.56,,,,84.14,54.59,99.45,-55.5,-62.4,,,,,,,,,,,,,FINANCIAL,12,0,0,0,13,14,11,0,11,"Strong operating margin, Forward PE improving","Negative revenue growth, Negative earnings growth"
06.09.2026 at 01:31 PM IST,FIBERWEB,Fiberweb (India) Limited,Consumer Cyclical,Textile Manufacturing,742826112.0,74.28,14.25,,0.4,6.45,,,5.13,7.98,47.36,-65.9,-94.9,,,22077300.0,2.21,120198704.0,12.02,,,,,,0.2,CONSUMER_DISCRETIONARY,3,0,9,0,10,14,8,3,11,"Low debt, Controlled discretionary debt","Negative revenue growth, Negative earnings growth"
06.09.2026 at 01:31 PM IST,CENTUM,Centum Electronics Limited,Technology,Electronic Components,55505178624.0,5550.52,59.05,33.97,16.15,37.98,,,9.22,5.55,33.08,-25.3,17.19,,,379120000.0,37.91,1234759936.0,123.48,,,,,13.0,0.13,IT_TECH,0,8,7,0,7,6,16,-5,11,"Strong earnings growth, Low debt, Forward PE improving","Negative revenue growth, Expensive price-to-book, Expensive tech valuation without growth"
06.09.2026 at 01:31 PM IST,ACI,Archean Chemical Industries Limited,Basic Materials,Chemicals,61895864320.0,6189.59,63.7,16.17,3.2,24.13,,,13.47,8.72,92.35,11.9,-23.7,,,490728992.0,49.07,4663793152.0,466.38,,,,,50.0,0.18,CHEMICALS,6,5,7,0,7,13,12,-1,11,"Low debt, Forward PE improving, Controlled chemical debt","Negative earnings growth, Abnormally high dividend yield, Chemical earnings weakness"
06.09.2026 at 01:31 PM IST,GMRP&UI,GMR Power And Urban Infra Limited,Energy,Thermal Coal,74423164928.0,7442.32,12.22,8.08,3.91,549.82,,,17.16,7.67,37.3,3.4,,,,17596999680.0,1759.7,115935797248.0,11593.58,,,,,,0.8,METALS_MINING,6,2,0,0,11,8,11,0,11,Forward PE improving,Very high debt
06.09.2026 at 01:31 PM IST,BIRLAMONEY,Aditya Birla Money Limited,Financial Services,Capital Markets,7136546816.0,713.65,13.16,,2.38,734.59,,,17.54,15.8,75.79,8.0,-27.6,,,9129842688.0,912.98,22056144896.0,2205.61,,,,,,0.44,FINANCIAL,8,5,0,0,10,16,7,4,11,Financial leverage treated differently,"Negative earnings growth, Very high debt"
06.09.2026 at 01:31 PM IST,ATLANTAA,Atlantaa Limited,Industrials,Infrastructure Operations,3202135040.0,320.21,,,1.51,148.26,,,-13.86,-6.51,71.18,26.2,,,,1492702976.0,149.27,3176199936.0,317.62,,,,,,0.97,CAPITAL_GOODS_INFRA,0,10,2,0,4,10,6,5,11,"Strong revenue growth, Strong capital goods revenue growth",Negative net margin
06.09.2026 at 01:31 PM IST,KMSUGAR,K.M. Sugar Mills Limited,Consumer Defensive,Confectioners,2810605056.0,281.06,5.84,,0.72,63.73,,,5.46,7.52,27.18,-8.8,-40.6,,,75468000.0,7.55,2497446912.0,249.74,,,,,,0.07,GENERAL,3,0,4,0,10,8,9,2,11,General low debt support,"Negative revenue growth, Negative earnings growth"
06.09.2026 at 01:31 PM IST,ASTRAZEN,AstraZeneca Pharma India Limited,Healthcare,Drug Manufacturers - Specialty & Generic,173749993472.0,17375.0,102.13,,19.91,12.68,,,6.4,6.97,36.83,29.7,-32.1,,,4477199872.0,447.72,1106599936.0,110.66,,,,,52.0,0.22,PHARMA_HEALTHCARE,3,10,12,0,2,18,9,2,11,"Strong revenue growth, Cash covers debt, Low debt, Healthcare growth support, Controlled healthcare debt","Negative earnings growth, Very high PE, Expensive price-to-book, Abnormally high dividend yield, Healthcare earnings contraction"
06.09.2026 at 01:31 PM IST,ZOTA,Zota Health Care Limited,Healthcare,Biotechnology,34230403072.0,3423.04,,,5.64,38.85,,,-22.66,-16.95,61.41,67.6,,,,955740992.0,95.57,2704393984.0,270.44,,,,,9.0,0.38,IT_TECH,0,10,7,0,4,10,11,0,11,"Strong revenue growth, Low debt",Negative net margin
06.09.2026 at 01:31 PM IST,DBOL,Dhampur Bio Organics Limited,Consumer Defensive,Farm Products,8236731392.0,823.67,32.77,,0.81,103.29,,,-0.74,3.91,23.1,-2.3,,,,87100000.0,8.71,10604600320.0,1060.46,,,,,1.2,0.55,GENERAL,0,0,2,0,9,0,11,0,11,,Negative revenue growth
06.09.2026 at 01:31 PM IST,NORBTEAEXP,Norben Tea & Exports Limited,Consumer Defensive,Farm Products,1098812416.0,109.88,,,5.84,46.92,,,40.1,-3.16,99.66,4.6,5.0,,,1856749.0,0.19,88293776.0,8.83,,,,,,0.89,GENERAL,6,4,7,0,2,10,9,2,11,"Strong operating margin, Low debt, General low debt support",Negative net margin
06.09.2026 at 01:31 PM IST,AMBICAAGAR,Ambica Agarbathies Aroma & Industries Limited,Consumer Defensive,Household & Personal Products,447643040.0,44.76,13.1,,0.6,85.0,,,10.1,2.52,14.81,-18.2,-3.0,,,2835000.0,0.28,958134016.0,95.81,,,,,,-0.04,FMCG_CONSUMER,3,0,4,0,10,6,11,0,11,,"Negative revenue growth, Negative earnings growth"
06.09.2026 at 01:31 PM IST,STYLEBAAZA,Baazar Style Retail Limited,Consumer Cyclical,Apparel Retail,30389852160.0,3038.99,63.57,26.8,6.61,221.08,,,4.14,2.41,33.09,28.7,3.6,,,128801000.0,12.88,9952258048.0,995.23,,,,,,,CONSUMER_DISCRETIONARY,0,12,0,0,3,8,7,4,11,"Strong revenue growth, Forward PE improving, Consumer discretionary growth support",Very high debt
06.09.2026 at 01:31 PM IST,SHREYANIND,Shreyans Industries Limited,Basic Materials,Paper & Paper Products,1797191552.0,179.72,,4.73,0.42,14.39,,,-7.8,-2.23,43.74,4.2,,,,1643360000.0,164.34,614032000.0,61.4,,,,,1.16,0.31,GENERAL,0,2,12,0,5,10,9,2,11,"Cash covers debt, Low debt, General low debt support",Negative net margin
06.09.2026 at 01:31 PM IST,TOUCHWOOD,Touchwood Entertainment Limited,Communication Services,Advertising Agencies,696567104.0,69.66,17.17,,1.53,7.9,,,10.9,5.14,100.0,-76.6,-69.9,,,194695008.0,19.47,35349000.0,3.53,,,,,,0.07,TELECOM,3,0,12,0,10,14,11,0,11,"Cash covers debt, Low debt","Negative revenue growth, Negative earnings growth"
06.09.2026 at 01:31 PM IST,MBLINFRA,MBL Infrastructure Limited,Industrials,Engineering & Construction,3781630976.0,378.16,,,0.38,103.5,,,-10.89,-8.27,92.11,35.6,,,,518700000.0,51.87,9894299648.0,989.43,,,,,,0.49,CAPITAL_GOODS_INFRA,0,10,2,0,4,10,6,5,11,"Strong revenue growth, Strong capital goods revenue growth",Negative net margin
06.09.2026 at 01:31 PM IST,SHREDIGCEM,Shree Digvijay Cement Company Limited,Basic Materials,Building Materials,10945655808.0,1094.57,60.66,,2.99,140.51,,,5.84,2.02,39.36,72.1,-50.5,,,4219312128.0,421.93,5139314176.0,513.93,,,,,1.34,0.09,CEMENT_REALTY,0,10,4,0,5,8,11,0,11,"Strong revenue growth, Reasonable cash coverage",Negative earnings growth
06.09.2026 at 01:31 PM IST,VIKASECO,Vikas Ecotech Limited,Basic Materials,Specialty Chemicals,1485540992.0,148.55,107.0,,0.23,7.13,,,1.07,0.1,8.01,15.1,-50.0,,,44452000.0,4.45,297236992.0,29.72,,,,,,0.37,CHEMICALS,0,8,9,0,4,13,8,3,11,"Strong revenue growth, Low debt, Chemical revenue growth support, Controlled chemical debt","Negative earnings growth, Very high PE, Chemical earnings weakness"
06.09.2026 at 01:31 PM IST,VINEETLAB,Vineet Laboratories Limited,Basic Materials,Chemicals,717353984.0,71.74,37.35,,2.45,99.39,3.69,3.52,10.5,1.87,35.12,22.6,,1.47,0.42,170747008.0,17.07,453254016.0,45.33,-186093120.0,-18.61,-120319000.0,-12.03,,0.24,CHEMICALS,3,8,6,0,6,16,7,4,11,"Strong revenue growth, Chemical revenue growth support","Negative operating cash flow, Negative free cash flow"
06.09.2026 at 01:31 PM IST,MAHAPEXLTD,Maha Rashtra Apex Corporation Limited,Financial Services,Credit Services,1494022784.0,149.4,,,0.16,3.81,,,66.43,0.0,95.47,-0.8,-92.7,,,29971000.0,3.0,175114000.0,17.51,,,,,,0.57,FINANCIAL,6,0,9,0,4,8,11,0,11,"Strong operating margin, Low debt","Negative revenue growth, Negative earnings growth"
06.09.2026 at 01:31 PM IST,KSCL,Kaveri Seed Company Limited,Basic Materials,Agricultural Inputs,38025445376.0,3802.54,15.52,11.98,1.8,,,,37.76,19.52,49.71,-13.5,-14.0,,,4391930880.0,439.19,0.0,0.0,,,,,67.0,0.1,GENERAL,12,0,3,0,15,19,11,0,11,"Strong operating margin, Net cash position, Forward PE improving","Negative revenue growth, Negative earnings growth, Abnormally high dividend yield"
06.09.2026 at 01:31 PM IST,RAJPALAYAM,Rajapalayam Mills Limited,,,7338357248.0,733.84,5.92,,0.3,,,,,,,,,,,,,,,,,,,,,GENERAL,0,0,0,0,10,0,10,0,10,,
06.09.2026 at 01:31 PM IST,NACLIND,NACL Industries Limited,Basic Materials,Agricultural Inputs,39306031104.0,3930.6,335.6,,5.75,45.68,,,8.48,0.81,33.25,-14.5,36.9,,,26900000.0,2.69,3119600128.0,311.96,,,,,,0.26,GENERAL,0,10,7,0,2,11,8,2,10,"Strong earnings growth, Low debt, General low debt support","Negative revenue growth, Very high PE"
06.09.2026 at 01:31 PM IST,ANTHEM,Anthem Biosciences Limited,Healthcare,Biotechnology,524275613696.0,52427.56,92.5,61.75,17.23,1.77,,,28.83,28.69,61.66,-22.6,-12.8,,,9384960000.0,938.5,539240000.0,53.92,,,,,21.0,,IT_TECH,12,0,12,0,5,19,10,0,10,"Strong operating margin, Cash covers debt, Low debt, Forward PE improving, Strong tech operating margin","Negative revenue growth, Negative earnings growth, Very high PE, Expensive price-to-book, Abnormally high dividend yield, Expensive tech valuation without growth"
06.09.2026 at 01:31 PM IST,MAFATIND,Mafatlal Industries Limited,,,8820264960.0,882.03,14.94,,1.14,,,,,,,,,,,,,,,,,,,,,GENERAL,0,0,0,0,10,0,10,0,10,,
06.09.2026 at 01:31 PM IST,CCHHL,Country Club Hospitality & Holidays Limited,Consumer Cyclical,Lodging,2097252608.0,209.73,,,0.7,7.9,,,2.22,-16.38,75.21,-37.6,50.0,,,13587000.0,1.36,235484000.0,23.55,,,,,,0.32,CONSUMER_DISCRETIONARY,0,10,9,0,4,16,7,3,10,"Strong earnings growth, Low debt, Controlled discretionary debt","Negative net margin, Negative revenue growth"
06.09.2026 at 01:31 PM IST,YATRA,Yatra Online Limited,Consumer Cyclical,Travel Services,17809987584.0,1781.0,57.61,18.73,2.16,12.4,,,0.67,3.16,26.96,-10.4,-98.0,,,2359970048.0,236.0,1029720000.0,102.97,,,,,,0.17,CONSUMER_DISCRETIONARY,0,0,12,0,9,14,7,3,10,"Cash covers debt, Low debt, Forward PE improving, Controlled discretionary debt","Negative revenue growth, Negative earnings growth"
06.09.2026 at 01:31 PM IST,AYMSYNTEX,AYM Syntex Limited,Consumer Cyclical,Textile Manufacturing,18507112448.0,1850.71,98.47,,3.14,31.91,,,4.71,1.35,45.27,7.5,,,,145700000.0,14.57,1878300032.0,187.83,,,,,,0.43,CONSUMER_DISCRETIONARY,0,2,7,0,2,0,11,-1,10,"Low debt, Controlled discretionary debt","Very high PE, Expensive discretionary valuation without growth"
06.09.2026 at 01:31 PM IST,ORISSAMINE,The Orissa Minerals Development Company Limited,Basic Materials,Steel,25770000384.0,2577.0,,,-47.16,,,0.91,-32.95,-3.09,115.96,331.5,,0.35,0.11,63402000.0,6.34,2119005056.0,211.9,-1186800000.0,-118.68,349692992.0,34.97,,0.6,METALS_MINING,0,10,0,9,2,15,6,4,10,"Strong revenue growth, Positive operating cash flow, Metal cashflow support","Negative net margin, Negative free cash flow"
06.09.2026 at 01:31 PM IST,AAATECH,AAA Technologies Limited,Technology,Information Technology Services,1173139072.0,117.31,54.12,,3.82,,,,17.94,10.57,49.61,-11.4,6.3,,,65973000.0,6.6,0.0,0.0,,,,,1.63,0.33,IT_TECH,6,2,3,0,5,6,10,0,10,Net cash position,Negative revenue growth
06.09.2026 at 01:31 PM IST,ESSARSHPNG,Essar Shipping Limited,Industrials,Marine Shipping,3534036992.0,353.4,3.86,,-0.17,,,,-79.75,758.25,0.0,-97.6,7.43,,,29600000.0,2.96,16154900480.0,1615.49,,,,,,0.87,CAPITAL_GOODS_INFRA,6,2,0,0,8,6,10,0,10,,Negative revenue growth
06.09.2026 at 01:31 PM IST,HARRMALAYA,Harrisons Malayalam Limited,Consumer Defensive,Farm Products,3571120640.0,357.11,13.17,,1.99,62.15,,,3.26,4.95,62.67,7.3,-34.1,,,42781000.0,4.28,1110040960.0,111.0,,,,,,0.46,GENERAL,0,2,4,0,10,8,8,2,10,General low debt support,Negative earnings growth
06.09.2026 at 01:31 PM IST,ROSSELLIND,Rossell India Limited,Industrials,Conglomerates,2148699136.0,214.87,18.39,,1.08,,,,13.19,5.31,96.45,,,,,,,,,,,,,70.0,0.3,CAPITAL_GOODS_INFRA,3,0,0,0,12,5,10,0,10,,Abnormally high dividend yield
06.09.2026 at 01:31 PM IST,TRIVENI,Triveni Engineering & Industries Limited,Consumer Defensive,Confectioners,60820189184.0,6082.02,21.82,15.21,1.82,64.65,,,1.38,4.27,27.04,-1.1,-15.0,,,703400000.0,70.34,21610100736.0,2161.01,,,,,1.9,0.33,GENERAL,0,0,4,0,12,8,8,2,10,"Forward PE improving, General low debt support","Negative revenue growth, Negative earnings growth"
06.09.2026 at 01:31 PM IST,APOLLOPIPE,Apollo Pipes Limited,Industrials,Building Products & Equipment,26571210752.0,2657.12,,43.92,3.25,13.87,,,-4.0,-0.82,27.81,7.4,,,,823417024.0,82.34,1238695040.0,123.87,,,,,12.0,0.12,CAPITAL_GOODS_INFRA,0,2,11,0,4,10,7,3,10,"Reasonable cash coverage, Low debt, Manageable capital goods debt",Negative net margin
06.09.2026 at 01:31 PM IST,ANTGRAPHIC,Antarctica Limited,Consumer Cyclical,Packaging & Containers,114707104.0,11.47,,,0.72,,12.19,,1.45,5.12,10.09,7.11,0.0,,,,,,,,,,,,0.59,CONSUMER_DISCRETIONARY,4,2,0,0,4,0,10,0,10,,
06.09.2026 at 01:31 PM IST,RTNPOWER,RattanIndia Power Limited,Utilities,Utilities - Independent Power Producers,39577677824.0,3957.77,35.1,,0.85,80.01,,,8.0,3.75,23.45,-2.8,,,,753500032.0,75.35,37107101696.0,3710.71,,,,,,0.42,ENERGY_UTILITIES,0,0,4,0,6,0,10,0,10,,Negative revenue growth
06.09.2026 at 01:31 PM IST,HLVLTD,HLV Limited,Consumer Cyclical,Lodging,4278596608.0,427.86,92.71,,0.91,8.38,0.94,,10.95,2.15,57.78,5.5,-37.5,,,1178599936.0,117.86,380200000.0,38.02,,,,,,-0.17,CONSUMER_DISCRETIONARY,3,2,12,0,4,13,8,2,10,"Cash covers debt, Low debt, Healthy discretionary margin, Controlled discretionary debt","Negative earnings growth, Very high PE, Expensive discretionary valuation without growth"
06.09.2026 at 01:31 PM IST,MKPL,M. K. Proteins Limited,Consumer Defensive,Packaged Foods,1516453376.0,151.65,30.92,,2.0,48.67,,,2.06,1.23,3.05,0.2,-55.6,,,4382000.0,0.44,371376992.0,37.14,,,,,,0.1,FMCG_CONSUMER,0,0,7,0,8,8,7,3,10,"Low debt, Low debt consumer business",Negative earnings growth
06.09.2026 at 01:31 PM IST,SUNDROP,Sundrop Brands Limited,Consumer Defensive,Packaged Foods,25021286400.0,2502.13,89.45,31.46,1.69,,,,6.03,1.74,35.74,0.5,13.9,,,324700000.0,32.47,0.0,0.0,,,,,,0.45,FMCG_CONSUMER,0,5,3,0,7,0,15,-5,10,"Net cash position, Forward PE improving","Very high PE, Premium valuation without growth"
06.09.2026 at 01:31 PM IST,RPSGVENT,RPSG Ventures Limited,Technology,Information Technology Services,27428632576.0,2742.86,,,1.09,188.64,,,16.99,-1.09,44.51,20.4,9.6,,,9880000512.0,988.0,82650103808.0,8265.01,,,,,,0.05,IT_TECH,3,13,0,0,4,10,10,0,10,Strong revenue growth,Negative net margin
06.09.2026 at 01:31 PM IST,HEALTHX,Health X Platform Limited,Healthcare,Pharmaceutical Retailers,9590865920.0,959.09,,,1.5,3.35,,,0.56,-1.33,4.11,42.0,-89.4,,,302164000.0,30.22,256564992.0,25.66,,,,,,0.4,PHARMA_HEALTHCARE,0,10,12,0,4,18,8,2,10,"Strong revenue growth, Cash covers debt, Low debt, Healthcare growth support, Controlled healthcare debt","Negative net margin, Negative earnings growth, Healthcare earnings contraction"
06.09.2026 at 01:31 PM IST,MAMATA,Mamata Machinery Limited,Industrials,Specialty Industrial Machinery,10052286464.0,1005.23,112.53,,5.43,4.5,,,-15.92,3.88,54.13,-6.2,,,,231966000.0,23.2,83331000.0,8.33,,,,,12.0,,CAPITAL_GOODS_INFRA,0,0,12,0,4,5,11,-1,10,"Cash covers debt, Low debt, Manageable capital goods debt","Negative revenue growth, Very high PE, Expensive capital goods valuation without growth"
06.09.2026 at 01:31 PM IST,FAZE3Q,Faze Three Limited,Consumer Cyclical,Textile Manufacturing,12247876608.0,1224.79,39.91,,2.68,60.91,,,5.8,3.24,46.6,8.2,-24.6,,,308500000.0,30.85,2754899968.0,275.49,,,,,,0.12,CONSUMER_DISCRETIONARY,0,5,4,0,6,8,7,3,10,Controlled discretionary debt,Negative earnings growth
06.09.2026 at 01:31 PM IST,NIACL,The New India Assurance Company Limited,Financial Services,Insurance - Diversified,380688007168.0,38068.8,49.46,11.94,0.99,,,,-1.65,1.49,17.72,1.5,,,,219491500032.0,21949.15,0.0,0.0,,,,,65.0,1.11,FINANCIAL,0,0,3,0,11,5,9,0,9,"Net cash position, Forward PE improving",Abnormally high dividend yield
06.09.2026 at 01:31 PM IST,SALZERELEC,Salzer Electronics Limited,Industrials,Electrical Equipment & Parts,9702517760.0,970.25,22.18,,1.64,88.78,,,4.89,2.41,22.28,12.9,-54.3,,,204716000.0,20.47,5347529216.0,534.75,,,,,45.0,0.28,CAPITAL_GOODS_INFRA,0,5,4,0,10,13,6,3,9,Manageable capital goods debt,"Negative earnings growth, Abnormally high dividend yield"
06.09.2026 at 01:31 PM IST,HARIOMPIPE,Hariom Pipe Industries Limited,Basic Materials,Steel,11117256704.0,1111.73,16.17,,1.72,62.24,,,8.03,4.2,17.59,-6.9,-29.7,,,28935000.0,2.89,4040910080.0,404.09,,,,,17.0,0.68,METALS_MINING,0,0,4,0,12,8,8,1,9,"Controlled metal sector debt, Commodity dividend support","Negative revenue growth, Negative earnings growth, Cyclical earnings decline"
06.09.2026 at 01:31 PM IST,EUROBOND,Euro Panel Products Limited,Industrials,Building Products & Equipment,3699500032.0,369.95,14.45,,2.31,100.86,,,8.48,4.95,30.1,14.3,-16.7,,,60202000.0,6.02,1614530944.0,161.45,,,,,,0.09,CAPITAL_GOODS_INFRA,0,5,2,0,10,8,9,0,9,,Negative earnings growth
06.09.2026 at 01:31 PM IST,EXICOM,Exicom Tele-Systems Limited,Industrials,Electrical Equipment & Parts,24811831296.0,2481.18,,,3.69,109.47,,,-18.35,-20.37,31.03,61.2,,,,642739008.0,64.27,7129992192.0,713.0,,,,,,1.82,CAPITAL_GOODS_INFRA,0,10,2,0,2,10,4,5,9,"Strong revenue growth, Strong capital goods revenue growth",Negative net margin
06.09.2026 at 01:31 PM IST,ESTER,Ester Industries Limited,Basic Materials,Specialty Chemicals,9788089344.0,978.81,,,1.17,93.14,,,7.24,-0.12,35.48,27.8,,,,1594317952.0,159.43,7290094080.0,729.01,,,,,27.0,0.46,CHEMICALS,0,10,4,0,6,15,5,4,9,"Strong revenue growth, Chemical revenue growth support","Negative net margin, Abnormally high dividend yield"
06.09.2026 at 01:31 PM IST,EMSLIMITED,EMS Limited,Industrials,Engineering & Construction,21309947904.0,2130.99,31.3,,2.02,14.57,,,15.2,10.46,23.71,-34.2,-59.1,,,589507968.0,58.95,1542451968.0,154.25,,,,,39.0,0.32,CAPITAL_GOODS_INFRA,6,0,9,0,10,19,6,3,9,"Low debt, Manageable capital goods debt","Negative revenue growth, Negative earnings growth, Abnormally high dividend yield"
06.09.2026 at 01:31 PM IST,TTL,T.T. Limited,Consumer Cyclical,Textile Manufacturing,1774596096.0,177.46,687.0,,1.42,63.73,,,4.47,0.27,37.31,-3.6,50.0,,,6538000.0,0.65,797372032.0,79.74,,,,,73.0,0.07,CONSUMER_DISCRETIONARY,0,10,4,0,6,10,10,-1,9,"Strong earnings growth, Controlled discretionary debt","Negative revenue growth, Very high PE, Abnormally high dividend yield, Expensive discretionary valuation without growth"
06.09.2026 at 01:31 PM IST,KIRLOSIND,Kirloskar Industries Limited,Industrials,Metal Fabrication,39095635968.0,3909.56,25.69,,0.63,13.28,,,9.22,2.16,44.05,4.3,-23.0,,,3222500096.0,322.25,11086199808.0,1108.62,,,,,35.0,0.39,METALS_MINING,0,2,9,0,10,13,8,1,9,"Low debt, Controlled metal sector debt, Commodity dividend support","Negative earnings growth, Abnormally high dividend yield, Cyclical earnings decline"
06.09.2026 at 01:31 PM IST,GODREJAGRO,Godrej Agrovet Limited,Consumer Defensive,Packaged Foods,124297756672.0,12429.78,27.83,18.98,6.11,72.75,,,6.43,4.26,24.78,9.6,-16.3,,,3087099904.0,308.71,15740800000.0,1574.08,,,,,1.71,0.32,FMCG_CONSUMER,0,5,4,0,8,8,9,0,9,Forward PE improving,Negative earnings growth
06.09.2026 at 01:31 PM IST,STEL,STEL Holdings Limited,Financial Services,Asset Management,11326082048.0,1132.61,58.34,,0.7,,,,-125.03,72.23,100.0,-86.2,,,,23807000.0,2.38,0.0,0.0,,,,,,0.35,FINANCIAL,6,0,3,0,6,6,9,0,9,Net cash position,Negative revenue growth
06.09.2026 at 01:31 PM IST,MAXESTATES,Max Estates Limited,Real Estate,Real Estate - Development,87736229888.0,8773.62,705.79,17.03,3.62,76.2,,,35.11,3.02,97.21,-0.1,-31.1,,,10805031936.0,1080.5,24087910400.0,2408.79,,,,,,1.19,CEMENT_REALTY,6,0,4,0,5,13,2,7,9,"Strong operating margin, Forward PE improving, Manageable cement/realty debt, Healthy cement/realty margin","Negative revenue growth, Negative earnings growth, Very high PE"
06.09.2026 at 01:31 PM IST,ESSENTIA,Integra Essentia Limited,Consumer Defensive,Food Distribution,1878153088.0,187.82,inf,,0.8,25.66,,,0.59,-0.04,2.41,42.1,,,,441000.0,0.04,436083008.0,43.61,,,,,,0.76,FMCG_CONSUMER,0,10,7,0,4,15,6,3,9,"Strong revenue growth, Low debt, Low debt consumer business","Negative net margin, Very high PE"
06.09.2026 at 01:31 PM IST,RAJMET,Rajnandini Metal Limited,Basic Materials,Copper,879206400.0,87.92,,,1.59,23.66,,,1.44,0.85,6.46,-29.7,,,,7300000.0,0.73,133300000.0,13.33,,,,,,0.07,METALS_MINING,0,0,7,0,4,6,5,4,9,"Low debt, Controlled metal sector debt",Negative revenue growth
06.09.2026 at 01:31 PM IST,VSTL,Vibhor Steel Tubes Limited,Basic Materials,Steel,2222398464.0,222.24,29.3,,1.13,97.86,,,2.13,0.62,11.17,27.2,-38.6,,,160272992.0,16.03,1927842048.0,192.78,,,,,,0.72,METALS_MINING,0,10,4,0,8,8,14,-5,9,Strong revenue growth,"Negative earnings growth, Cyclical earnings decline"
06.09.2026 at 01:31 PM IST,AFFORDABLE,Affordable Robotic & Automation Limited,Industrials,Specialty Industrial Machinery,1913835008.0,191.38,29.74,,1.65,67.07,,,-35.25,5.33,42.82,-41.2,,,,70393000.0,7.04,740128000.0,74.01,,,,,,0.29,CAPITAL_GOODS_INFRA,0,0,4,0,8,6,6,3,9,Manageable capital goods debt,Negative revenue growth
06.09.2026 at 01:31 PM IST,MIRZAINT,Mirza International Limited,Consumer Cyclical,Footwear & Accessories,4259382528.0,425.94,,5.31,0.76,3.71,,,-3.3,-4.37,36.95,-9.6,,,,324600000.0,32.46,209000000.0,20.9,,,,,,-0.08,CONSUMER_DISCRETIONARY,0,0,12,0,4,10,6,3,9,"Cash covers debt, Low debt, Controlled discretionary debt","Negative net margin, Negative revenue growth"
06.09.2026 at 01:31 PM IST,HGINFRA,H.G. Infra Engineering Limited,Industrials,Engineering & Construction,31282132992.0,3128.21,16.77,7.59,0.96,153.26,,,23.51,3.84,32.67,-25.7,,,,2490030080.0,249.0,50292371456.0,5029.24,,,,,41.0,0.41,CAPITAL_GOODS_INFRA,5,0,0,0,15,11,9,0,9,"Strong operating margin, Forward PE improving","Negative revenue growth, Abnormally high dividend yield"
06.09.2026 at 01:31 PM IST,DBL,Dilip Buildcon Limited,Industrials,Engineering & Construction,65180987392.0,6518.1,5.22,16.26,0.77,115.51,,,14.93,13.57,25.82,-9.3,-53.8,,,3791728128.0,379.17,80414269440.0,8041.43,,,,,25.0,0.62,CAPITAL_GOODS_INFRA,8,0,2,0,12,13,9,0,9,,"Negative revenue growth, Negative earnings growth, Forward PE deterioration, Abnormally high dividend yield"
06.09.2026 at 01:31 PM IST,SEMAC,Semac Construction Limited,Industrials,Engineering & Construction,863494336.0,86.35,12.81,,1.1,32.27,,,1.34,3.0,21.15,-41.0,-62.7,,,588145024.0,58.81,280532992.0,28.05,,,,,,-0.52,CAPITAL_GOODS_INFRA,0,0,10,0,10,14,6,3,9,"Cash covers debt, Low debt, Manageable capital goods debt","Negative revenue growth, Negative earnings growth"
06.09.2026 at 01:31 PM IST,HPIL,Hindprakash Industries Limited,Basic Materials,Specialty Chemicals,1399453440.0,139.95,40.03,,2.57,60.18,,,-10.78,3.15,9.93,-11.9,7.33,,,34135000.0,3.41,327582016.0,32.76,,,,,,0.33,CHEMICALS,0,2,4,0,6,6,6,3,9,Controlled chemical debt,Negative revenue growth
06.09.2026 at 01:31 PM IST,BHARATFORG,Bharat Forge Limited,Industrials,Metal Fabrication,935141376000.0,93514.14,131.54,40.59,9.76,76.47,,,9.62,4.03,53.26,18.7,,,,23854880768.0,2385.49,73086148608.0,7308.61,,,,,43.0,0.52,METALS_MINING,0,8,4,0,5,10,7,2,9,"Strong revenue growth, Forward PE improving, Commodity dividend support","Very high PE, Abnormally high dividend yield"
06.09.2026 at 01:31 PM IST,AMBER,Amber Enterprises India Limited,Consumer Cyclical,"Furnishings, Fixtures & Appliances",263591297024.0,26359.13,285.7,39.33,6.02,46.57,,,5.24,0.76,19.22,12.7,-79.3,,,4660511232.0,466.05,27015864320.0,2701.59,,,,,,0.2,CONSUMER_DISCRETIONARY,0,5,7,0,3,13,2,7,9,"Low debt, Forward PE improving, Consumer discretionary growth support, Controlled discretionary debt","Negative earnings growth, Very high PE"
06.09.2026 at 01:31 PM IST,KAMOPAINTS,Kamdhenu Ventures Limited,Basic Materials,Steel,1496950016.0,149.7,,,0.8,19.08,,,-8.1,-2.11,40.59,-7.9,,,,197514000.0,19.75,341016000.0,34.1,,,,,,1.3,METALS_MINING,0,0,11,0,4,10,5,4,9,"Reasonable cash coverage, Low debt, Controlled metal sector debt","Negative net margin, Negative revenue growth"
06.09.2026 at 01:31 PM IST,ELPROINTL,Elpro International Limited,,,29489369088.0,2948.94,22.83,,1.45,,,,,,,,,,,,,,,,,,,,,GENERAL,0,0,0,0,8,0,8,0,8,,
06.09.2026 at 01:31 PM IST,SOMICONVEY,Somi Conveyor Beltings Limited,Industrials,Specialty Industrial Machinery,1106867200.0,110.69,24.21,,1.31,16.57,,,6.66,4.91,33.72,-40.5,-50.0,,,96643000.0,9.66,135094000.0,13.51,,,,,,-0.06,CAPITAL_GOODS_INFRA,0,0,11,0,8,14,5,3,8,"Reasonable cash coverage, Low debt, Manageable capital goods debt","Negative revenue growth, Negative earnings growth"
06.09.2026 at 01:31 PM IST,DCMFINSERV,DCM Financial Services Limited,Financial Services,Credit Services,116156536.0,11.62,,,-0.22,,,,36.42,0.0,0.0,,,,,32746000.0,3.27,693016000.0,69.3,,,,,,-0.26,FINANCIAL,6,0,0,0,2,0,8,0,8,Strong operating margin,
06.09.2026 at 01:31 PM IST,GAYAHWS,Gayatri Highways Limited,Industrials,Infrastructure Operations,462528160.0,46.25,,,-0.07,,,,7.01,1134.9,100.0,,,,,1382114944.0,138.21,10367003648.0,1036.7,,,,,,0.92,CAPITAL_GOODS_INFRA,6,0,0,0,2,0,8,0,8,,
06.09.2026 at 01:31 PM IST,ARVINDFASN,Arvind Fashions Limited,Consumer Cyclical,Apparel Retail,59628859392.0,5962.89,49.45,24.74,6.31,115.11,,,6.31,2.2,54.63,15.5,-23.4,,,639100032.0,63.91,13358799872.0,1335.88,,,,,36.0,0.09,CONSUMER_DISCRETIONARY,0,8,2,0,7,13,4,4,8,"Strong revenue growth, Forward PE improving, Consumer discretionary growth support","Negative earnings growth, Abnormally high dividend yield"
06.09.2026 at 01:31 PM IST,HGS,Hinduja Global Solutions Limited,Industrials,Specialty Business Services,18654633984.0,1865.46,,3.72,0.22,23.33,,,-15.05,-1.01,39.35,-0.6,,,,47304699904.0,4730.47,19679100928.0,1967.91,,,,,1.25,0.31,CAPITAL_GOODS_INFRA,0,0,10,0,5,10,5,3,8,"Cash covers debt, Low debt, Manageable capital goods debt","Negative net margin, Negative revenue growth"
06.09.2026 at 01:31 PM IST,SMARTWORKS,Smartworks Coworking Spaces Limited,Real Estate,Real Estate Services,62566445056.0,6256.64,224.18,47.25,11.82,900.42,,,18.35,1.42,66.57,44.0,,,,2355610112.0,235.56,47783501824.0,4778.35,,,,,,,CEMENT_REALTY,5,10,0,0,3,13,5,3,8,"Strong operating margin, Strong revenue growth, Forward PE improving, Healthy cement/realty margin","Very high debt, Very high PE, Expensive price-to-book"
06.09.2026 at 01:31 PM IST,HINDWAREAP,Hindware Home Innovation Limited,Consumer Cyclical,"Furnishings, Fixtures & Appliances",15156720640.0,1515.67,,11.73,2.06,129.33,,,3.23,-0.24,44.42,15.8,,,,384974016.0,38.5,9652903936.0,965.29,,,,,,0.41,CONSUMER_DISCRETIONARY,0,8,2,0,4,10,4,4,8,"Strong revenue growth, Consumer discretionary growth support",Negative net margin
06.09.2026 at 01:31 PM IST,TNTELE,Tamilnadu Telecommunications Limited,Technology,Communication Equipment,406104096.0,40.61,,,-0.21,,,-13.41,0.0,0.0,0.0,,,0.04,0.02,100400.0,0.01,397525184.0,39.75,48051864.0,4.81,-29760100.0,-2.98,,0.05,IT_TECH,0,0,0,8,2,6,4,4,8,"Positive free cash flow, Positive tech free cash flow",Negative operating cash flow
06.09.2026 at 01:31 PM IST,ALKYLAMINE,Alkyl Amines Chemicals Limited,Basic Materials,Specialty Chemicals,103622156288.0,10362.22,45.98,43.92,6.76,,,,13.98,11.77,45.43,-4.6,-3.5,,,,,,,,,,,76.0,0.27,CHEMICALS,6,0,0,0,7,5,8,0,8,Forward PE improving,"Negative revenue growth, Negative earnings growth, Abnormally high dividend yield"
06.09.2026 at 01:31 PM IST,ARKADE,Arkade Developers Limited,Real Estate,Real Estate - Development,23391758336.0,2339.18,,,2.65,11.23,,,16.75,-0.53,30.92,-7.8,-33.5,,,809366976.0,80.94,990638016.0,99.06,,,,,1.42,,CEMENT_REALTY,3,0,11,0,5,18,1,7,8,"Reasonable cash coverage, Low debt, Manageable cement/realty debt, Healthy cement/realty margin","Negative net margin, Negative revenue growth, Negative earnings growth"
06.09.2026 at 01:31 PM IST,WEWORK,WeWork India Management Limited,Real Estate,Real Estate Services,92682231808.0,9268.22,110.17,34.38,30.15,1854.96,,,22.69,3.25,99.15,27.7,,,,3184689920.0,318.47,55502979072.0,5550.3,,,,,,,CEMENT_REALTY,5,10,0,0,3,13,5,3,8,"Strong operating margin, Strong revenue growth, Forward PE improving, Healthy cement/realty margin","Very high debt, Very high PE, Expensive price-to-book"
06.09.2026 at 01:31 PM IST,TMPV,Tata Motors Passenger Vehicles Limited,Consumer Cyclical,Auto Manufacturers,1147220656128.0,114722.07,,6.54,1.02,70.36,,,2.69,22.81,46.47,-8.2,-80.3,,,476639985664.0,47664.0,852310032384.0,85231.0,,,,,96.0,0.78,AUTO,6,0,6,0,6,13,5,3,8,"Reasonable cash coverage, Manageable auto debt","Negative revenue growth, Negative earnings growth, Abnormally high dividend yield"
06.09.2026 at 01:31 PM IST,MASKINVEST,Mask Investments Limited,Financial Services,Capital Markets,445976704.0,44.6,584.6,,0.75,1.19,,,-109.82,81.37,100.0,-14.2,,,,3525000.0,0.35,7254000.0,0.73,,,,,,0.01,FINANCIAL,6,0,9,0,4,11,8,0,8,Low debt,"Negative revenue growth, Very high PE"
06.09.2026 at 01:31 PM IST,JSWDULUX,JSW Dulux Limited,,,144453877760.0,14445.39,7.36,31.99,5.89,,,,,,,,,,,,,,,,,,,,,GENERAL,0,0,0,0,8,0,8,0,8,,Forward PE deterioration
06.09.2026 at 01:31 PM IST,MAHSCOOTER,Maharashtra Scooters Ltd.,Financial Services,Asset Management,155645673472.0,15564.57,55.93,,0.56,,,,84.1,96.25,100.0,-81.5,-90.6,,,1300000.0,0.13,0.0,0.0,,,,,1.62,0.07,FINANCIAL,12,0,3,0,7,14,8,0,8,"Strong operating margin, Net cash position","Negative revenue growth, Negative earnings growth"
06.09.2026 at 01:31 PM IST,BAGFILMS,B.A.G. Films and Media Limited,,,978452224.0,97.85,24.94,,0.54,,,,,,,,,,,,,,,,,,,,,GENERAL,0,0,0,0,8,0,8,0,8,,
06.09.2026 at 01:31 PM IST,GICL,Globe International Carriers Limited,Industrials,Integrated Freight & Logistics,2758561024.0,275.86,41.76,,3.51,46.43,,,8.87,5.63,13.1,5.0,-76.2,,,33043000.0,3.3,596435008.0,59.64,,,,,,-0.2,CAPITAL_GOODS_INFRA,0,2,7,0,4,8,5,3,8,"Low debt, Manageable capital goods debt",Negative earnings growth
06.09.2026 at 01:31 PM IST,INDOCO,Indoco Remedies Limited,Healthcare,Drug Manufacturers - Specialty & Generic,24564291584.0,2456.43,375.35,21.93,2.39,116.91,,,1.39,0.3,69.85,6.8,,,,329900000.0,32.99,10897500160.0,1089.75,,,,,8.0,0.64,PHARMA_HEALTHCARE,0,2,2,0,9,5,8,0,8,Forward PE improving,Very high PE
06.09.2026 at 01:31 PM IST,INFOMEDIA,Infomedia Press Limited,Financial Services,Shell Companies,269542688.0,26.95,,,-0.42,,,,66.67,0.0,100.0,,,,,9135000.0,0.91,385032992.0,38.5,,,,,,0.58,FINANCIAL,6,0,0,0,2,0,8,0,8,Strong operating margin,
06.09.2026 at 01:31 PM IST,SIGNATURE,Signatureglobal (India) Limited,Real Estate,Real Estate - Development,111704711168.0,11170.47,10.7,14.41,6.03,161.04,,,-9.31,45.73,25.55,-36.2,,,,27367038976.0,2736.7,29785849856.0,2978.58,,,,,,0.8,CEMENT_REALTY,6,0,2,0,6,6,8,0,8,Reasonable cash coverage,"Negative revenue growth, Forward PE deterioration"
06.09.2026 at 01:31 PM IST,GODAVARIB,Godavari Biorefineries Limited,Basic Materials,Chemicals,12372303872.0,1237.23,4835.2,,1.57,67.33,,,-2.5,0.01,27.75,4.6,,,,321527008.0,32.15,5307644928.0,530.76,,,,,,,CHEMICALS,0,2,4,0,4,5,5,3,8,Controlled chemical debt,Very high PE
06.09.2026 at 01:31 PM IST,JITFINFRA,JITF Infralogistics Limited,Industrials,Engineering & Construction,7839630336.0,783.96,,,-1.53,,,,17.39,-1.45,32.45,20.7,,,,2004222976.0,200.42,39460335616.0,3946.03,,,,,,0.04,CAPITAL_GOODS_INFRA,3,8,0,0,2,10,3,5,8,"Strong revenue growth, Strong capital goods revenue growth",Negative net margin
06.09.2026 at 01:31 PM IST,TIRUMALCHM,Thirumalai Chemicals Limited,Basic Materials,Specialty Chemicals,18987061248.0,1898.71,,,1.21,139.08,,,1.75,-8.28,21.33,21.5,,,,678499968.0,67.85,21747099648.0,2174.71,,,,,,0.22,CHEMICALS,0,8,2,0,4,10,4,4,8,"Strong revenue growth, Chemical revenue growth support",Negative net margin
06.09.2026 at 01:31 PM IST,FACT,The Fertilisers and Chemicals Travancore Limited,Basic Materials,Agricultural Inputs,518628212736.0,51862.82,,,37.84,295.15,,,-2.91,7.69,47.47,20.2,,,,16706942976.0,1670.69,39854510080.0,3985.45,,,,,5.0,,GENERAL,3,8,0,0,2,8,5,2,7,"Strong revenue growth, General growth support","Very high debt, Expensive price-to-book"
06.09.2026 at 01:31 PM IST,ABLBL,Aditya Birla Lifestyle Brands Limited,Consumer Cyclical,Apparel Retail,104762548224.0,10476.25,59.48,27.82,7.45,213.72,,,5.08,2.05,57.2,11.1,20.0,,,1078499968.0,107.85,30180999168.0,3018.1,,,,,58.0,,CONSUMER_DISCRETIONARY,0,13,0,0,7,13,7,0,7,"Strong earnings growth, Forward PE improving","Very high debt, Abnormally high dividend yield"
06.09.2026 at 01:31 PM IST,BSL,BSL Limited,Consumer Cyclical,Textile Manufacturing,1274684928.0,127.47,35.08,119.09,1.06,366.35,,,5.73,0.54,42.57,7.4,271.1,,,1506000.0,0.15,4392888832.0,439.29,,,,,66.0,0.55,CONSUMER_DISCRETIONARY,0,12,0,0,8,13,7,0,7,Strong earnings growth,"Very high debt, Forward PE deterioration, Abnormally high dividend yield"
06.09.2026 at 01:31 PM IST,VMSTMT,VMS TMT Limited,Basic Materials,Steel,2251271680.0,225.13,11.01,,0.99,101.23,,,3.89,1.93,26.63,16.8,-63.7,,,98972000.0,9.9,2309296896.0,230.93,,,,,,,METALS_MINING,0,8,2,0,10,8,12,-5,7,Strong revenue growth,"Negative earnings growth, Cyclical earnings decline"
06.09.2026 at 01:31 PM IST,ATAM,Atam Valves Limited,Industrials,Specialty Industrial Machinery,603756160.0,60.38,33.34,,1.58,39.25,,,7.8,3.84,36.04,-0.7,-49.1,,,14558000.0,1.46,149399008.0,14.94,,,,,66.0,0.07,CAPITAL_GOODS_INFRA,0,0,7,0,10,13,4,3,7,"Low debt, Manageable capital goods debt","Negative revenue growth, Negative earnings growth, Abnormally high dividend yield"
06.09.2026 at 01:31 PM IST,GKWLIMITED,GKW Limited,Industrials,Specialty Business Services,9656779776.0,965.68,,,0.37,0.01,,,77.91,-16.48,88.69,2.2,-21.9,,,2844015104.0,284.4,3835000.0,0.38,,,,,,0.0,CAPITAL_GOODS_INFRA,6,0,12,0,4,18,4,3,7,"Strong operating margin, Cash covers debt, Low debt, Manageable capital goods debt","Negative net margin, Negative earnings growth"
06.09.2026 at 01:31 PM IST,REGENCERAM,Regency Ceramics Limited,Industrials,Building Products & Equipment,916994240.0,91.7,,,-1.09,,,,-87.11,-49.03,13.14,172.7,,,,12317000.0,1.23,1091756032.0,109.18,,,,,,-1.31,CAPITAL_GOODS_INFRA,0,10,0,0,2,10,2,5,7,"Strong revenue growth, Strong capital goods revenue growth",Negative net margin
06.09.2026 at 01:31 PM IST,UBL,United Breweries Limited,Consumer Defensive,Beverages - Brewers,338174181376.0,33817.42,85.44,45.01,7.48,29.08,,,6.42,4.19,42.07,7.1,-9.5,,,4638400000.0,463.84,13165299712.0,1316.53,,,,,78.0,-0.04,FMCG_CONSUMER,0,2,7,0,5,5,9,-2,7,"Low debt, Forward PE improving, Low debt consumer business","Negative earnings growth, Very high PE, Abnormally high dividend yield, Premium valuation without growth"
06.09.2026 at 01:31 PM IST,SUMEETINDS,Sumeet Industries Limited,Consumer Cyclical,Textile Manufacturing,8003514368.0,800.35,37.16,,2.72,75.27,,,1.53,1.91,21.2,9.6,-99.0,,,386507008.0,38.65,1594777984.0,159.48,,,,,,-0.1,CONSUMER_DISCRETIONARY,0,5,4,0,6,8,7,0,7,,Negative earnings growth
06.09.2026 at 01:31 PM IST,SAATVIKGL,Saatvik Green Energy Limited,Technology,Solar,53511208960.0,5351.12,21.76,7.13,3.71,69.03,,,5.7,5.94,20.41,-44.2,,,,817529984.0,81.75,9394360320.0,939.44,,,,,,,IT_TECH,0,0,4,0,9,6,7,0,7,Forward PE improving,Negative revenue growth
06.09.2026 at 01:31 PM IST,KOKUYOCMLN,Kokuyo Camlin Limited,Industrials,Business Equipment & Supplies,8048377344.0,804.84,36.47,,2.5,11.42,,,4.55,1.35,38.66,0.8,-27.0,,,113909000.0,11.39,367593984.0,36.76,,,,,37.0,,CAPITAL_GOODS_INFRA,0,0,9,0,8,13,4,3,7,"Low debt, Manageable capital goods debt","Negative earnings growth, Abnormally high dividend yield"
06.09.2026 at 01:31 PM IST,THERMAX,Thermax Limited,Industrials,Conglomerates,411167653888.0,41116.77,69.19,40.82,7.41,42.17,,,0.4,5.47,34.09,7.1,-83.4,,,24674000896.0,2467.4,23525300224.0,2352.53,,,,,38.0,0.3,CAPITAL_GOODS_INFRA,0,2,10,0,5,13,4,3,7,"Cash covers debt, Low debt, Forward PE improving, Manageable capital goods debt","Negative earnings growth, Abnormally high dividend yield"
06.09.2026 at 01:31 PM IST,CLEANMAX,Clean Max Enviro Energy Solutions Limited,Utilities,Utilities - Renewable,157612441600.0,15761.24,100.75,42.31,3.02,231.88,,,36.81,6.69,68.51,109.2,,,,12019600384.0,1201.96,128077217792.0,12807.72,,,,,,,ENERGY_UTILITIES,9,10,0,0,5,13,11,-4,7,"Strong operating margin, Strong revenue growth, Forward PE improving","Very high debt, Very high PE, High energy/utility leverage"
06.09.2026 at 01:31 PM IST,UNITEDTEA,The United Nilgiri Tea Estates Company Limited,Consumer Defensive,Farm Products,2218475264.0,221.85,10.92,,0.92,,,,21.18,22.1,75.69,-10.5,-20.5,,,483720000.0,48.37,0.0,0.0,,,,,72.0,,GENERAL,11,0,3,0,12,19,7,0,7,"Strong operating margin, Net cash position","Negative revenue growth, Negative earnings growth, Abnormally high dividend yield"
06.09.2026 at 01:31 PM IST,PIONEEREMB,Pioneer Embroideries Limited,Consumer Cyclical,Textile Manufacturing,665613568.0,66.56,,,0.43,58.42,,,2.1,-0.1,35.56,12.3,-88.6,,,21258000.0,2.13,914563008.0,91.46,,,,,,0.45,CONSUMER_DISCRETIONARY,0,5,4,0,4,18,0,7,7,"Consumer discretionary growth support, Controlled discretionary debt","Negative net margin, Negative earnings growth"
06.09.2026 at 01:31 PM IST,ARENTERP,Rajdarshan Industries Limited,Basic Materials,Other Industrial Metals & Mining,111890896.0,11.19,,,0.52,,,,-35.39,-11.21,35.22,-1.6,46.2,,,1023000.0,0.1,0.0,0.0,,,,,,0.07,METALS_MINING,0,10,3,0,4,10,7,0,7,"Strong earnings growth, Net cash position","Negative net margin, Negative revenue growth"
06.09.2026 at 01:31 PM IST,KREBSBIO,Krebs Biochemicals & Industries Limited,Healthcare,Drug Manufacturers - Specialty & Generic,1188850688.0,118.89,,,-0.73,,,,-8.65,-55.85,97.97,27.4,,,,1291000.0,0.13,2248381952.0,224.84,,,,,,0.87,PHARMA_HEALTHCARE,0,10,0,0,2,10,2,4,6,"Strong revenue growth, Healthcare growth support",Negative net margin
06.09.2026 at 01:31 PM IST,RAMCOSYS,Ramco Systems Limited,Technology,Software - Application,22933964800.0,2293.4,55.15,26.52,6.52,12.1,,,2.37,5.83,54.24,7.1,-36.0,,,1255699968.0,125.57,428260000.0,42.83,,,,,,0.58,IT_TECH,0,2,12,0,5,8,11,-5,6,"Cash covers debt, Low debt, Forward PE improving","Negative earnings growth, Expensive tech valuation without growth"
06.09.2026 at 01:31 PM IST,MADHAV,Madhav Marbles and Granites Limited,Industrials,Building Products & Equipment,319855264.0,31.99,,,0.26,6.74,,,-7.34,-0.75,37.61,-1.5,,,,14602000.0,1.46,79553296.0,7.96,,,,,,0.46,CAPITAL_GOODS_INFRA,0,0,9,0,4,10,3,3,6,"Low debt, Manageable capital goods debt","Negative net margin, Negative revenue growth"
06.09.2026 at 01:31 PM IST,WEALTH,Wealth First Portfolio Managers Limited,Financial Services,Capital Markets,9039702016.0,903.97,27.39,,6.01,,,,72.39,50.7,100.0,-23.8,-35.3,,,12977000.0,1.3,0.0,0.0,,,,,1.07,-0.09,FINANCIAL,12,0,3,0,5,14,6,0,6,"Strong operating margin, Net cash position","Negative revenue growth, Negative earnings growth"
06.09.2026 at 01:31 PM IST,BALRAMCHIN,Balrampur Chini Mills Limited,Consumer Defensive,Confectioners,146330255360.0,14633.03,37.93,18.52,3.38,76.61,,,4.25,5.83,26.26,6.1,-15.4,,,42020000.0,4.2,31700359168.0,3170.04,,,,,1.01,0.37,GENERAL,0,2,4,0,8,8,6,0,6,Forward PE improving,Negative earnings growth
06.09.2026 at 01:31 PM IST,TAINWALCHM,Tainwala Chemicals and Plastics (India) Limited,Basic Materials,Specialty Chemicals,2001525760.0,200.15,25.0,,1.16,,,,-2.24,45.0,25.22,-5.7,-99.0,,,9104000.0,0.91,0.0,0.0,,,,,1.4,0.2,CHEMICALS,6,0,3,0,9,8,10,-4,6,Net cash position,"Negative revenue growth, Negative earnings growth, Chemical earnings weakness"
06.09.2026 at 01:31 PM IST,BONLON,Bonlon Industries Limited,Basic Materials,Other Industrial Metals & Mining,656317312.0,65.63,111.28,,0.57,38.2,2.9,2.17,1.64,0.4,2.86,-31.1,81.4,2.5,1.54,165826000.0,16.58,380767008.0,38.08,-401667360.0,-40.17,-28562000.0,-2.86,,0.11,METALS_MINING,0,10,15,0,4,27,2,4,6,"Strong earnings growth, Low debt, Controlled metal sector debt","Negative revenue growth, Negative operating cash flow, Negative free cash flow, Very high PE"
06.09.2026 at 01:31 PM IST,PNBGILTS,PNB Gilts Ltd.,Financial Services,Capital Markets,14994844672.0,1499.48,14.67,,0.88,1480.22,,,87.28,37.66,90.56,-48.1,-49.6,,,10136254464.0,1013.63,253055025152.0,25305.5,,,,,2.41,0.52,FINANCIAL,12,0,0,0,12,22,2,4,6,"Strong operating margin, Financial leverage treated differently","Negative revenue growth, Negative earnings growth, Very high debt"
06.09.2026 at 01:31 PM IST,KSL,Kalyani Steels Limited,Basic Materials,Steel,40958779392.0,4095.88,15.45,11.07,1.94,,,,13.82,8.61,51.89,-10.2,-10.2,,,,,,,,,,,1.06,,METALS_MINING,6,0,0,0,14,14,6,0,6,Forward PE improving,"Negative revenue growth, Negative earnings growth"
06.09.2026 at 01:31 PM IST,KHAICHEM,Khaitan Chemicals and Fertilizers Limited,Basic Materials,Agricultural Inputs,5324707328.0,532.47,9.13,,1.83,105.22,,,9.37,5.47,32.91,-5.7,-48.9,,,591000.0,0.06,3058217984.0,305.82,,,,,9.0,0.53,GENERAL,0,0,2,0,12,8,6,0,6,,"Negative revenue growth, Negative earnings growth"
06.09.2026 at 01:31 PM IST,IFCI,IFCI Limited,Financial Services,Credit Services,275278069760.0,27527.81,154.8,29.03,3.02,,,,117.94,0.0,0.0,,,,,,,,,,,,,,1.38,FINANCIAL,6,0,0,0,5,5,6,0,6,"Strong operating margin, Forward PE improving",Very high PE
06.09.2026 at 01:31 PM IST,BALKRISHNA,Balkrishna Paper Mills Limited,Consumer Cyclical,Packaging & Containers,560619840.0,56.06,,,-0.32,,,,-9.23,-121.86,7.01,57.6,,,,17051000.0,1.71,1660850944.0,166.09,,,,,,0.39,CONSUMER_DISCRETIONARY,0,10,0,0,2,10,2,4,6,"Strong revenue growth, Consumer discretionary growth support",Negative net margin
06.09.2026 at 01:31 PM IST,RKDL,Ravi Kumar Distilleries Limited,Consumer Defensive,Beverages - Wineries & Distilleries,440640000.0,44.06,229.5,,1.08,109.19,,,-5.4,0.9,24.84,-9.4,200.0,,,27212000.0,2.72,459003008.0,45.9,,,,,,-0.42,FMCG_CONSUMER,0,10,2,0,4,5,11,-5,6,Strong earnings growth,"Negative revenue growth, Very high PE, Premium valuation without growth"
06.09.2026 at 01:31 PM IST,KAKATCEM,Kakatiya Cement Sugar and Industries Limited,Basic Materials,Building Materials,848283392.0,84.83,,2.23,0.46,10.67,,,-43.87,-38.18,18.64,-29.8,,,,422873984.0,42.29,195004000.0,19.5,,,,,2.74,0.67,CEMENT_REALTY,0,0,12,0,6,16,2,4,6,"Cash covers debt, Low debt, Manageable cement/realty debt","Negative net margin, Negative revenue growth"
06.09.2026 at 01:31 PM IST,MOBIKWIK,One MobiKwik Systems Limited,Technology,Software - Infrastructure,15117833216.0,1511.78,,19.39,2.79,51.21,,,12.29,-1.11,55.76,3.7,,,,8931349504.0,893.13,2759549952.0,275.95,,,,,,,IT_TECH,3,2,7,0,4,10,6,0,6,Cash covers debt,Negative net margin
06.09.2026 at 01:31 PM IST,TEXINFRA,Texmaco Infrastructure & Holdings Limited,Real Estate,Real Estate Services,14654058496.0,1465.41,161.97,,1.31,2.63,,,-64.87,53.25,94.79,-10.8,-50.0,,,30318000.0,3.03,280495008.0,28.05,,,,,13.0,0.21,CEMENT_REALTY,6,0,9,0,6,19,2,4,6,"Low debt, Manageable cement/realty debt","Negative revenue growth, Negative earnings growth, Very high PE"
06.09.2026 at 01:31 PM IST,LIBERTSHOE,Liberty Shoes Ltd.,Consumer Cyclical,Footwear & Accessories,3961799936.0,396.18,46.13,,1.68,71.14,,,3.25,1.16,52.82,-1.7,-79.5,,,62414000.0,6.24,1663168000.0,166.32,,,,,,-0.36,CONSUMER_DISCRETIONARY,0,0,4,0,6,8,2,3,5,Controlled discretionary debt,"Negative revenue growth, Negative earnings growth"
06.09.2026 at 01:31 PM IST,FINOPB,Fino Payments Bank Limited,Financial Services,Banks - Regional,11575680000.0,1157.57,55.42,6.84,1.44,,,,-5.05,1.59,0.0,-36.1,,,,13505999872.0,1350.6,15352999936.0,1535.3,,,,,,0.56,BANK,0,0,2,0,9,6,5,0,5,"Reasonable cash coverage, Forward PE improving",Negative revenue growth
06.09.2026 at 01:31 PM IST,CHEMFAB,Chemfab Alkalis Limited,Basic Materials,Specialty Chemicals,5175251456.0,517.53,,,1.37,33.5,,,3.21,-0.08,30.25,-20.1,125.4,,,143984000.0,14.4,1257550976.0,125.76,,,,,35.0,0.04,CHEMICALS,0,10,7,0,6,21,2,3,5,"Strong earnings growth, Low debt, Controlled chemical debt","Negative net margin, Negative revenue growth, Abnormally high dividend yield"
06.09.2026 at 01:31 PM IST,HIRECT,Hirect Limited,Industrials,Electrical Equipment & Parts,41947881472.0,4194.79,100.86,,20.11,118.87,,,3.29,4.0,26.44,20.3,-26.7,,,39140000.0,3.91,2446439936.0,244.64,,,,,11.0,0.3,CAPITAL_GOODS_INFRA,0,8,2,0,2,13,0,5,5,"Strong revenue growth, Strong capital goods revenue growth","Negative earnings growth, Very high PE, Expensive price-to-book"
06.09.2026 at 01:31 PM IST,IGCL,Indogulf Cropsciences Limited,Basic Materials,Agricultural Inputs,4583739904.0,458.37,11.89,,0.8,39.86,,,4.52,5.58,33.34,-11.0,-52.5,,,129650000.0,12.96,1831110016.0,183.11,,,,,,,GENERAL,0,0,7,0,10,14,3,2,5,"Low debt, General low debt support","Negative revenue growth, Negative earnings growth"
06.09.2026 at 01:31 PM IST,BLKASHYAP,B.L. Kashyap and Sons Limited,Industrials,Engineering & Construction,13393654784.0,1339.37,1980.0,56.57,2.52,56.78,,,7.07,0.05,17.8,2.6,-8.3,,,433904992.0,43.39,2991156992.0,299.12,,,,,,0.32,CAPITAL_GOODS_INFRA,0,0,4,0,7,5,6,-1,5,"Forward PE improving, Manageable capital goods debt","Negative earnings growth, Very high PE, Expensive capital goods valuation without growth"
06.09.2026 at 01:31 PM IST,TTML,Tata Teleservices (Maharashtra) Limited,Communication Services,Telecom Services,73700777984.0,7370.08,198.42,,-0.37,,,,43.65,3.19,55.54,6.1,,,,385500000.0,38.55,208689201152.0,20868.92,,,,,,0.43,TELECOM,6,2,0,0,2,5,5,0,5,Strong operating margin,Very high PE
06.09.2026 at 01:31 PM IST,KIRLOSENG,Kirloskar Oil Engines Limited,Industrials,Specialty Industrial Machinery,318979538944.0,31897.95,58.56,38.42,8.8,154.86,,,12.59,6.87,41.31,13.4,-19.9,,,15692999680.0,1569.3,55365898240.0,5536.59,,,,,32.0,0.72,CAPITAL_GOODS_INFRA,6,5,0,0,7,13,5,0,5,Forward PE improving,"Negative earnings growth, Abnormally high dividend yield"
06.09.2026 at 01:31 PM IST,ANUP,The Anup Engineering Limited,Industrials,Specialty Industrial Machinery,35738136576.0,3573.81,42.34,27.57,5.17,17.66,,,1.62,10.97,51.05,-28.5,-97.9,,,98645000.0,9.86,1220344064.0,122.03,,,,,67.0,-0.01,CAPITAL_GOODS_INFRA,3,0,9,0,9,19,2,3,5,"Low debt, Forward PE improving, Manageable capital goods debt","Negative revenue growth, Negative earnings growth, Abnormally high dividend yield"
06.09.2026 at 01:31 PM IST,HEMIPROP,Hemisphere Properties India Limited,Real Estate,Real Estate - Diversified,36011253760.0,3601.13,,,8.37,20.14,,,-11.36,0.0,100.0,-38.8,,,,251262000.0,25.13,873665984.0,87.37,,,,,,0.27,CEMENT_REALTY,0,0,7,0,0,6,1,4,5,"Low debt, Manageable cement/realty debt",Negative revenue growth
06.09.2026 at 01:31 PM IST,ORIENTPPR,Orient Paper & Industries Limited,Basic Materials,Paper & Paper Products,3615641088.0,361.56,,4.66,0.25,19.89,,,-2.93,-7.94,32.48,-4.5,,,,5674000.0,0.57,2920175104.0,292.02,,,,,,0.28,GENERAL,0,0,9,0,4,10,3,2,5,"Low debt, General low debt support","Negative net margin, Negative revenue growth"
06.09.2026 at 01:31 PM IST,BHARATCOAL,Bharat Coking Coal Limited,Basic Materials,Coking Coal,,,,,2.73,38.79,,,-15.9,-0.86,68.52,-3.6,,,,9703499776.0,970.35,22417399808.0,2241.74,,,,,,,METALS_MINING,0,0,7,0,4,10,1,4,5,"Low debt, Controlled metal sector debt","Negative net margin, Negative revenue growth"
06.09.2026 at 01:31 PM IST,DNAMEDIA,Diligent Media Corporation Limited,Communication Services,Publishing,314280416.0,31.43,,,-0.12,,,,22.31,-88.56,54.24,118.4,,,,3590000.0,0.36,4362655744.0,436.27,,,,,,-0.59,TELECOM,5,10,0,0,2,10,7,-2,5,"Strong operating margin, Strong revenue growth, Telecom revenue growth support","Negative net margin, Telecom negative profitability"
06.09.2026 at 01:31 PM IST,MAGNUM,Magnum Ventures Limited,Basic Materials,Paper & Paper Products,1299815040.0,129.98,,,0.19,45.04,-0.22,1.76,3.95,-0.32,37.26,6.6,,2.45,0.88,343624000.0,34.36,3069287936.0,306.93,,,,,,0.37,GENERAL,0,2,12,0,4,15,3,2,5,"Low debt, General low debt support",Negative net margin
06.09.2026 at 01:31 PM IST,ELCIDIN,Elcid Investments Limited,,,,,,,0.25,,,,98.78,82.73,99.8,-20.2,-18.5,,,23041000.0,2.3,0.0,0.0,,,,,,-20934.23,GENERAL,12,0,3,0,4,14,5,0,5,"Strong operating margin, Net cash position","Negative revenue growth, Negative earnings growth"
06.09.2026 at 01:31 PM IST,PARASPETRO,Paras Petrofils Limited,Consumer Cyclical,Textile Manufacturing,711890752.0,71.19,,,4.12,,,,0.0,0.0,0.0,,,,,307000.0,0.03,0.0,0.0,,,,,,-1.59,CONSUMER_DISCRETIONARY,0,0,3,0,2,0,5,0,5,Net cash position,
06.09.2026 at 01:31 PM IST,SHYAMTEL,Shyam Telecom Limited,Technology,Communication Equipment,136557104.0,13.66,,,-0.43,,,,-112.94,0.0,100.0,,,,,1179000.0,0.12,0.0,0.0,,,,,,1.16,IT_TECH,0,0,3,0,2,0,5,0,5,Net cash position,
06.09.2026 at 01:31 PM IST,NAHARPOLY,Nahar Poly Films Limited,Consumer Cyclical,Packaging & Containers,5977340928.0,597.73,8.27,,0.69,9.11,,,4.41,5.89,20.7,-18.7,-36.0,,,47100000.0,4.71,789516992.0,78.95,,,,,61.0,,CONSUMER_DISCRETIONARY,0,0,9,0,12,19,2,3,5,"Low debt, Controlled discretionary debt","Negative revenue growth, Negative earnings growth, Abnormally high dividend yield"
06.09.2026 at 01:31 PM IST,HIMATSEIDE,Himatsingka Seide Limited,Consumer Cyclical,Textile Manufacturing,9016979456.0,901.7,16.08,2.74,0.43,123.11,,,9.49,2.26,44.42,-5.4,-54.0,,,790339008.0,79.03,26355261440.0,2635.53,,,,,35.0,0.35,CONSUMER_DISCRETIONARY,0,0,2,0,15,13,4,0,4,Forward PE improving,"Negative revenue growth, Negative earnings growth, Abnormally high dividend yield"
06.09.2026 at 01:31 PM IST,ABREL,Aditya Birla Real Estate Limited,Real Estate,Real Estate Services,151712792576.0,15171.28,,23.48,4.1,152.37,,,-38.47,-25.42,58.74,29.7,,,,23729299456.0,2372.93,56364900352.0,5636.49,,,,,18.0,0.42,CEMENT_REALTY,0,10,0,0,4,10,4,0,4,Strong revenue growth,Negative net margin
06.09.2026 at 01:31 PM IST,SHIVATEX,Shiva Texyarn Limited,Consumer Cyclical,Textile Manufacturing,2513440512.0,251.34,24.65,,1.63,50.44,,,5.39,2.84,48.23,-3.1,-24.3,,,69343000.0,6.93,732630016.0,73.26,,,,,33.0,0.66,CONSUMER_DISCRETIONARY,0,0,4,0,10,13,1,3,4,Controlled discretionary debt,"Negative revenue growth, Negative earnings growth, Abnormally high dividend yield"
06.09.2026 at 01:31 PM IST,SAPPHIRE,Sapphire Foods India Limited,Consumer Cyclical,Restaurants,73521700864.0,7352.17,,96.55,5.28,102.06,,,4.76,-0.5,52.72,14.7,,,,1412220032.0,141.22,14171299840.0,1417.13,,,,,,0.34,CONSUMER_DISCRETIONARY,0,5,2,0,2,10,0,4,4,Consumer discretionary growth support,Negative net margin
06.09.2026 at 01:31 PM IST,ADL,Archidply Decor Limited,Consumer Cyclical,"Furnishings, Fixtures & Appliances",400769984.0,40.08,,,0.7,37.41,,,-3.27,-0.22,30.77,-0.1,,,,4807000.0,0.48,190160992.0,19.02,,,,,,0.4,CONSUMER_DISCRETIONARY,0,0,7,0,4,10,1,3,4,"Low debt, Controlled discretionary debt","Negative net margin, Negative revenue growth"
06.09.2026 at 01:31 PM IST,KSR,KSR Footwear Limited,Consumer Cyclical,Footwear & Accessories,628356864.0,62.84,,,0.83,45.36,,,1.98,-3.79,26.63,-0.7,,,,22620000.0,2.26,342480000.0,34.25,,,,,,,CONSUMER_DISCRETIONARY,0,0,7,0,4,10,1,3,4,"Low debt, Controlled discretionary debt","Negative net margin, Negative revenue growth"
06.09.2026 at 01:31 PM IST,IITL,Industrial Investment Trust Limited,,,3287432960.0,328.74,,,0.76,,,,,,,,,,,,,,,,,,,,,GENERAL,0,0,0,0,4,0,4,0,4,,
06.09.2026 at 01:31 PM IST,RBA,Restaurant Brands Asia Limited,Consumer Cyclical,Restaurants,68964786176.0,6896.48,,455.49,7.83,285.66,,,-0.4,-5.89,47.68,17.9,,,,1934889984.0,193.49,19670009856.0,1967.0,,,,,,0.41,CONSUMER_DISCRETIONARY,0,8,0,0,0,18,0,4,4,"Strong revenue growth, Consumer discretionary growth support","Negative net margin, Very high debt"
06.09.2026 at 01:31 PM IST,DWARKESH,Dwarikesh Sugar Industries Limited,Consumer Defensive,Confectioners,8796261376.0,879.63,60.86,,1.06,40.6,,,-9.31,1.07,16.54,-11.7,,,,132989000.0,13.3,3364589056.0,336.46,,,,,21.0,0.04,GENERAL,0,0,7,0,6,11,2,2,4,"Low debt, General low debt support","Negative revenue growth, Abnormally high dividend yield"
06.09.2026 at 01:31 PM IST,GSLSU,Global Surfaces Limited,Basic Materials,Building Materials,1202372096.0,120.24,,,0.44,78.91,,,5.86,-13.32,49.93,-12.2,,,,105690000.0,10.57,2137510016.0,213.75,,,,,,0.5,CEMENT_REALTY,0,0,4,0,4,16,0,4,4,Manageable cement/realty debt,"Negative net margin, Negative revenue growth"
06.09.2026 at 01:31 PM IST,MALUPAPER,Malu Paper Mills Limited,Basic Materials,Paper & Paper Products,553068032.0,55.31,,,-2.14,,,,3.58,-3.34,35.36,30.8,,,,35814000.0,3.58,1553906048.0,155.39,,,,,,-0.09,GENERAL,0,10,0,0,2,10,2,2,4,"Strong revenue growth, General growth support",Negative net margin
06.09.2026 at 01:31 PM IST,UTKARSHBNK,Utkarsh Small Finance Bank Limited,Financial Services,Banks - Regional,25963251712.0,2596.33,,6.78,0.93,,,,-10.52,-146.14,0.0,234.7,,,,7281204224.0,728.12,28294391808.0,2829.44,,,,,,0.98,BANK,0,10,0,0,4,10,4,0,4,Strong revenue growth,Negative net margin
06.09.2026 at 01:31 PM IST,OMAXE,Omaxe Limited,Real Estate,Real Estate - Development,24986167296.0,2498.62,,19.44,-2.76,,,,-0.14,-37.04,-24.74,43.9,,,,9090100224.0,909.01,14662400000.0,1466.24,,,,,,0.03,CEMENT_REALTY,0,10,2,0,2,10,4,0,4,"Strong revenue growth, Reasonable cash coverage",Negative net margin
06.09.2026 at 01:31 PM IST,PRAENG,Prajay Engineers Syndicate Limited,Real Estate,Real Estate - Development,1722518528.0,172.25,,,0.35,34.49,,,-45.53,-63.54,24.93,-67.0,,,,426736992.0,42.67,1638978944.0,163.9,,,,,,0.27,CEMENT_REALTY,0,0,7,0,4,16,0,4,4,"Low debt, Manageable cement/realty debt","Negative net margin, Negative revenue growth"
06.09.2026 at 01:31 PM IST,SOLEX,Solex Energy Limited,Technology,Solar,7794535936.0,779.45,9.76,,3.08,132.24,,,7.21,4.93,19.94,0.5,-67.0,,,1234179968.0,123.42,3386469888.0,338.65,,,,,8.0,-0.29,IT_TECH,0,0,2,0,10,8,4,0,4,,Negative earnings growth
06.09.2026 at 01:31 PM IST,SAGCEM,Sagar Cements Limited,Basic Materials,Building Materials,19932901376.0,1993.29,,45.66,1.18,91.8,,,1.88,-1.32,44.39,5.3,,,,853699968.0,85.37,17083499520.0,1708.35,,,,,,0.42,CEMENT_REALTY,0,2,4,0,4,10,0,4,4,Manageable cement/realty debt,Negative net margin
06.09.2026 at 01:31 PM IST,TRU,TruCap Finance Limited,Financial Services,Credit Services,477824736.0,47.78,,,0.64,649.53,,,-12.63,0.0,0.0,-90.9,,,,184146000.0,18.41,3312704000.0,331.27,,,,,,0.86,FINANCIAL,0,0,0,0,4,14,0,4,4,Financial leverage treated differently,"Negative revenue growth, Very high debt"
06.09.2026 at 01:31 PM IST,DANGEE,Dangee Dums Limited,Consumer Cyclical,Restaurants,454226272.0,45.42,,,3.1,157.72,,,-2.38,-4.74,47.01,12.3,,,,1670000.0,0.17,227572992.0,22.76,,,,,,0.2,CONSUMER_DISCRETIONARY,0,5,0,0,2,10,0,4,4,Consumer discretionary growth support,Negative net margin
06.09.2026 at 01:31 PM IST,SECURKLOUD,SecureKloud Technologies Limited,Technology,Software - Application,578003392.0,57.8,21.1,,-1.12,,,,-6.59,-5.34,17.73,22.6,,,,34782000.0,3.48,567198016.0,56.72,,,,,,0.27,IT_TECH,0,8,0,0,6,10,4,0,4,Strong revenue growth,Negative net margin
06.09.2026 at 01:31 PM IST,TOKYOPLAST,Tokyo Plast International Limited,Consumer Cyclical,Packaging & Containers,731607808.0,73.16,213.89,,1.08,77.17,,,1.79,0.43,52.14,8.9,,,,53106000.0,5.31,483780992.0,48.38,,,,,,0.59,CONSUMER_DISCRETIONARY,0,5,4,0,4,5,8,-4,4,,"Very high PE, Expensive discretionary valuation without growth"
06.09.2026 at 01:31 PM IST,EPACK,EPACK Durable Limited,Consumer Cyclical,"Furnishings, Fixtures & Appliances",18139068416.0,1813.91,,19.43,1.58,76.95,,,4.33,-0.37,14.53,33.8,-48.5,,,157764992.0,15.78,7389731840.0,738.97,,,,,,1.02,CONSUMER_DISCRETIONARY,0,10,4,0,4,18,0,4,4,"Strong revenue growth, Consumer discretionary growth support","Negative net margin, Negative earnings growth"
06.09.2026 at 01:31 PM IST,SPENCERS,Spencer's Retail Limited,Consumer Cyclical,Department Stores,2577775360.0,257.78,,,-0.28,,,,-3.38,-13.39,20.23,12.9,,,,514486016.0,51.45,19204036608.0,1920.4,,,,,,0.68,CONSUMER_DISCRETIONARY,0,5,0,0,2,10,0,4,4,Consumer discretionary growth support,Negative net margin
06.09.2026 at 01:31 PM IST,PVSL,Popular Vehicles and Services Limited,Consumer Cyclical,Auto & Truck Dealerships,7262216192.0,726.22,,,1.16,223.87,,,0.97,-0.03,12.6,44.1,,,,660569984.0,66.06,14055079936.0,1405.51,,,,,,0.9,AUTO,0,10,0,0,4,18,0,4,4,"Strong revenue growth, Auto revenue growth support","Negative net margin, Very high debt"
06.09.2026 at 01:31 PM IST,MONEYBOXX,Moneyboxx Finance Limited,Financial Services,Credit Services,4104082944.0,410.41,309.42,,1.39,228.03,,,0.84,1.13,100.0,-4.5,-14.3,,,1434035968.0,143.4,6754856960.0,675.49,,,,,,0.33,FINANCIAL,0,0,0,0,4,21,0,4,4,Financial leverage treated differently,"Negative revenue growth, Negative earnings growth, Very high debt, Very high PE"
06.09.2026 at 01:31 PM IST,BOMDYEING,The Bombay Dyeing and Manufacturing Company Limited,Consumer Cyclical,Textile Manufacturing,23478886400.0,2347.89,118.42,,1.03,0.14,,,-2.27,1.35,29.44,8.7,-49.3,,,9256200192.0,925.62,31500000.0,3.15,,,,,35.0,0.31,CONSUMER_DISCRETIONARY,0,5,12,0,6,18,5,-1,4,"Cash covers debt, Low debt, Controlled discretionary debt","Negative earnings growth, Very high PE, Abnormally high dividend yield, Expensive discretionary valuation without growth"
06.09.2026 at 01:31 PM IST,ZENITHEXPO,Zenith Exports Limited,Consumer Cyclical,Textile Manufacturing,1101374720.0,110.14,385.09,,1.3,2.52,,,-12.16,0.48,42.87,-24.6,,,,164100000.0,16.41,21200000.0,2.12,,,,,,0.86,CONSUMER_DISCRETIONARY,0,0,12,0,4,11,5,-1,4,"Cash covers debt, Low debt, Controlled discretionary debt","Negative revenue growth, Very high PE, Expensive discretionary valuation without growth"
06.09.2026 at 01:31 PM IST,CENTRUM,Centrum Capital Limited,Financial Services,Financial Conglomerates,10795044864.0,1079.5,,,3.55,1218.68,,,-41.33,-20.09,82.6,137.7,,,,13570192384.0,1357.02,160577028096.0,16057.7,,,,,,0.01,FINANCIAL,0,10,0,0,2,18,0,4,4,"Strong revenue growth, Financial leverage treated differently","Negative net margin, Very high debt"
06.09.2026 at 01:31 PM IST,DELTAMAGNT,Delta Manufacturing Limited,Consumer Cyclical,Textile Manufacturing,639564992.0,63.96,93.56,,27.67,1732.8,,,3.76,-15.75,54.27,33.2,,,,34976000.0,3.5,399497984.0,39.95,,,,,,0.38,CONSUMER_DISCRETIONARY,0,10,0,0,0,18,0,4,4,"Strong revenue growth, Consumer discretionary growth support","Negative net margin, Very high debt, Very high PE, Expensive price-to-book"
06.09.2026 at 01:31 PM IST,NIMBSPROJ,Nimbus Projects Limited,,,2913265408.0,291.33,,,0.35,,,,,,,,,,,,,,,,,,,,,GENERAL,0,0,0,0,4,0,4,0,4,,
06.09.2026 at 01:31 PM IST,PRAXIS,Praxis Home Retail Limited,Consumer Cyclical,Specialty Retail,864026816.0,86.4,,,-1.12,,,,-25.45,-61.98,44.63,13.2,,,,77195000.0,7.72,1893068032.0,189.31,,,,,,0.7,CONSUMER_DISCRETIONARY,0,5,0,0,2,10,0,4,4,Consumer discretionary growth support,Negative net margin
06.09.2026 at 01:31 PM IST,DIGJAMLMTD,Digjam Limited,Consumer Cyclical,Textile Manufacturing,1019400000.0,101.94,26.41,,23.33,1361.38,,,9.89,-3.08,28.54,88.7,-14.6,,,10394000.0,1.04,601321024.0,60.13,,,,,,0.16,CONSUMER_DISCRETIONARY,0,10,0,0,4,26,0,4,4,"Strong revenue growth, Consumer discretionary growth support","Negative net margin, Negative earnings growth, Very high debt, Expensive price-to-book"
06.09.2026 at 01:31 PM IST,GUJAPOLLO,Gujarat Apollo Industries Limited,Industrials,Specialty Industrial Machinery,4642611712.0,464.26,80.44,,0.92,8.06,,,-48.7,9.34,26.16,-10.0,-35.4,,,13660000.0,1.37,408535008.0,40.85,,,,,56.0,-0.08,CAPITAL_GOODS_INFRA,3,0,9,0,6,13,5,-1,4,"Low debt, Manageable capital goods debt","Negative revenue growth, Negative earnings growth, Very high PE, Abnormally high dividend yield, Expensive capital goods valuation without growth"
06.09.2026 at 01:31 PM IST,SHIVAMAUTO,Shivam Autotech Limited,Consumer Cyclical,Auto Parts,2369958656.0,237.0,,,-3.93,,,,-0.47,-19.64,51.35,20.9,,,,223356000.0,22.34,4030262016.0,403.03,,,,,,0.44,AUTO,0,8,0,0,2,10,0,4,4,"Strong revenue growth, Auto revenue growth support",Negative net margin
06.09.2026 at 01:31 PM IST,EMBDL,Embassy Developments Limited,Real Estate,Real Estate - Diversified,80065921024.0,8006.59,,,0.81,53.41,,,-66.27,-74.24,3.76,-68.2,,,,11361609728.0,1136.16,53221371904.0,5322.14,,,,,,1.0,CEMENT_REALTY,0,0,4,0,4,16,0,4,4,Manageable cement/realty debt,"Negative net margin, Negative revenue growth"
06.09.2026 at 01:31 PM IST,RITCO,Ritco Logistics Limited,Industrials,Integrated Freight & Logistics,8598093824.0,859.81,26.54,,2.37,132.24,,,3.22,2.1,8.24,3.0,-38.7,,,274609984.0,27.46,4738757120.0,473.88,,,,,,-0.15,CAPITAL_GOODS_INFRA,0,2,2,0,8,8,4,0,4,,Negative earnings growth
06.09.2026 at 01:31 PM IST,RADIOCITY,Music Broadcast Limited,Communication Services,Broadcasting,2213468160.0,221.35,,0.47,0.49,5.31,,,10.88,-24.71,56.57,-9.7,,,,1023891968.0,102.39,236384000.0,23.64,,,,,,0.23,TELECOM,3,0,12,0,4,10,9,-5,4,"Cash covers debt, Low debt","Negative net margin, Negative revenue growth, Telecom negative profitability"
06.09.2026 at 01:31 PM IST,RANASUG,Rana Sugars Limited,Consumer Defensive,Confectioners,2266661120.0,226.67,92.25,,0.4,53.56,,,-4.42,0.34,21.93,-12.5,,,,461862016.0,46.19,3211638016.0,321.16,,,,,,0.14,GENERAL,0,0,4,0,4,6,2,2,4,General low debt support,"Negative revenue growth, Very high PE"
06.09.2026 at 01:31 PM IST,HEXATRADEX,Hexa Tradex Limited,Financial Services,Credit Services,8728663040.0,872.87,,,0.19,0.19,,,-54.82,-150.24,100.0,,,,,632000.0,0.06,86330000.0,8.63,,,,,,0.05,FINANCIAL,0,0,9,0,4,10,3,0,3,Low debt,Negative net margin
06.09.2026 at 01:31 PM IST,ARCHIES,Archies Limited,Consumer Cyclical,Specialty Retail,434748608.0,43.47,,,0.35,34.56,,,-17.46,-12.06,64.54,-41.9,,,,2094000.0,0.21,432646016.0,43.26,,,,,,0.83,CONSUMER_DISCRETIONARY,0,0,7,0,4,16,0,3,3,"Low debt, Controlled discretionary debt","Negative net margin, Negative revenue growth"
06.09.2026 at 01:31 PM IST,DHRUV,Dhruv Consultancy Services Limited,Industrials,Engineering & Construction,433386080.0,43.34,,,0.64,38.85,,,-27.93,-93.1,-70.94,-26.1,,,,57549000.0,5.75,280558016.0,28.06,,,,,,0.16,CAPITAL_GOODS_INFRA,0,0,7,0,4,16,0,3,3,"Low debt, Manageable capital goods debt","Negative net margin, Negative revenue growth"
06.09.2026 at 01:31 PM IST,BRNL,Bharat Road Network Limited,Industrials,Infrastructure Operations,1448137472.0,144.81,,,0.21,81.27,,,-196.92,-86.34,96.98,2.5,,,,3501332992.0,350.13,4343087104.0,434.31,,,,,,-0.09,CAPITAL_GOODS_INFRA,0,0,6,0,4,10,0,3,3,"Reasonable cash coverage, Manageable capital goods debt",Negative net margin
06.09.2026 at 01:31 PM IST,ABFRL,Aditya Birla Fashion and Retail Limited,Consumer Cyclical,Apparel Manufacturing,64574365696.0,6457.44,,-9.3,1.11,98.82,,,-11.49,-9.31,54.8,10.6,,,,11319300096.0,1131.93,61891100672.0,6189.11,,,,,,0.01,CONSUMER_DISCRETIONARY,0,5,4,0,4,10,3,0,3,,Negative net margin
06.09.2026 at 01:31 PM IST,PILITA,Pil Italica Lifestyle Limited,Consumer Cyclical,"Furnishings, Fixtures & Appliances",1880000000.0,188.0,61.54,,2.24,18.37,,,3.39,3.1,44.44,-30.5,-85.7,,,27184000.0,2.72,154184000.0,15.42,,,,,,0.47,CONSUMER_DISCRETIONARY,0,0,9,0,4,14,0,3,3,"Low debt, Controlled discretionary debt","Negative revenue growth, Negative earnings growth"
06.09.2026 at 01:31 PM IST,RIIL,Reliance Industrial Infrastructure Limited,Industrials,Engineering & Construction,11297064960.0,1129.71,93.05,90.03,2.38,,,,-41.2,29.16,86.11,-30.7,-8.3,,,3209799936.0,320.98,0.0,0.0,,,,,47.0,0.11,CAPITAL_GOODS_INFRA,6,0,3,0,9,11,7,-4,3,"Net cash position, Forward PE improving","Negative revenue growth, Negative earnings growth, Very high PE, Abnormally high dividend yield, Expensive capital goods valuation without growth"
06.09.2026 at 01:31 PM IST,AHLEAST,Asian Hotels (East) Limited,Consumer Cyclical,Lodging,2384352000.0,238.44,3.43,7.32,1.3,235.03,,,19.34,-38.48,63.9,7.6,,,,109635000.0,10.96,4306591232.0,430.66,,,,,72.0,-0.27,CONSUMER_DISCRETIONARY,5,2,0,0,12,23,0,3,3,"Strong operating margin, Healthy discretionary margin","Negative net margin, Very high debt, Forward PE deterioration, Abnormally high dividend yield"
06.09.2026 at 01:31 PM IST,INDIQUBE,IndiQube Spaces Limited,Real Estate,Real Estate Services,41233539072.0,4123.35,,81.04,8.01,1011.58,,,16.7,-5.97,87.34,36.7,,,,722600000.0,72.26,52070871040.0,5207.09,,,,,,,CEMENT_REALTY,3,10,0,0,0,18,0,3,3,"Strong revenue growth, Healthy cement/realty margin","Negative net margin, Very high debt"
06.09.2026 at 01:31 PM IST,OLAELEC,Ola Electric Mobility Limited,Consumer Cyclical,Auto Manufacturers,168837791744.0,16883.78,,-12.78,5.03,82.45,,,-64.18,-92.61,30.96,-45.0,,,,7089999872.0,709.0,27630000128.0,2763.0,,,,,,1.37,AUTO,0,0,4,0,2,16,0,3,3,Manageable auto debt,"Negative net margin, Negative revenue growth"
06.09.2026 at 01:31 PM IST,HALEOSLABS,Haleos Labs Limited,Healthcare,Biotechnology,4362603008.0,436.26,27.62,,2.04,48.15,,,6.69,4.87,39.52,-11.6,-36.4,,,23693000.0,2.37,1105379968.0,110.54,,,,,10.0,0.31,IT_TECH,0,0,7,0,10,14,3,0,3,Low debt,"Negative revenue growth, Negative earnings growth"
06.09.2026 at 01:31 PM IST,LASA,Lasa Supergenerics Limited,Healthcare,Drug Manufacturers - Specialty & Generic,335177312.0,33.52,,,0.68,19.64,,,-215.6,-253.83,-53.2,-93.4,,,,6967000.0,0.7,97473000.0,9.75,,,,,,0.62,PHARMA_HEALTHCARE,0,0,9,0,4,16,0,3,3,"Low debt, Controlled healthcare debt","Negative net margin, Negative revenue growth"
06.09.2026 at 01:31 PM IST,SHRIPISTON,SPR Auto Technologies Limited,Consumer Cyclical,Auto Parts,211521404928.0,21152.14,35.64,23.86,6.92,,,,5.48,8.02,67.31,-5.3,-50.6,1.94,1.16,,,,,,,,,22.0,,AUTO,3,0,6,0,7,13,3,0,3,Forward PE improving,"Negative revenue growth, Negative earnings growth, Abnormally high dividend yield"
06.09.2026 at 01:31 PM IST,TARC,TARC Limited,Real Estate,Real Estate - Development,37477232640.0,3747.72,,1.8,3.49,178.38,,,17.54,-2.66,15.69,186.1,-58.2,,,810907008.0,81.09,18949443584.0,1894.94,,,,,,0.24,CEMENT_REALTY,3,10,0,0,2,18,0,3,3,"Strong revenue growth, Healthy cement/realty margin","Negative net margin, Negative earnings growth"
06.09.2026 at 01:31 PM IST,DCMSIL,DCM Shriram International Limited,Industrials,Industrial Distribution,6002460672.0,600.25,,,1.61,19.87,,,1.61,-3.81,51.98,-4.9,-99.1,,,2191000.0,0.22,741668992.0,74.17,,,,,58.0,,CAPITAL_GOODS_INFRA,0,0,9,0,6,23,0,3,3,"Low debt, Manageable capital goods debt","Negative net margin, Negative revenue growth, Negative earnings growth, Abnormally high dividend yield"
06.09.2026 at 01:31 PM IST,JISLDVREQS,Jain Irrigation Systems Limited,Industrials,Conglomerates,15983188992.0,1598.32,,,0.27,71.79,,,6.0,-0.84,43.35,-2.4,,,,1342300032.0,134.23,43057598464.0,4305.76,,,,,,0.23,CAPITAL_GOODS_INFRA,0,0,4,0,4,10,0,3,3,Manageable capital goods debt,"Negative net margin, Negative revenue growth"
06.09.2026 at 01:31 PM IST,PFOCUS,Prime Focus Limited,Communication Services,Entertainment,239122513920.0,23912.25,222.5,43.74,11.42,224.57,,,9.66,2.35,95.92,23.8,,,,9238934528.0,923.89,57167257600.0,5716.73,,,,,,0.12,TELECOM,0,8,0,0,3,13,0,3,3,"Strong revenue growth, Forward PE improving, Telecom revenue growth support","Very high debt, Very high PE, Expensive price-to-book"
06.09.2026 at 01:31 PM IST,NIBE,Nibe Limited,Industrials,Conglomerates,20772376576.0,2077.24,,,5.59,33.61,,,-21.95,-1.6,27.91,-23.6,,,,477807008.0,47.78,1196566016.0,119.66,,,,,9.0,0.15,CAPITAL_GOODS_INFRA,0,0,7,0,4,16,0,3,3,"Low debt, Manageable capital goods debt","Negative net margin, Negative revenue growth"
06.09.2026 at 01:31 PM IST,NIPPOBATRY,Indo National Limited,Industrials,Electrical Equipment & Parts,2475000064.0,247.5,,,0.82,36.97,,,10.69,-1.21,37.55,7.3,-26.0,,,475476000.0,47.55,1056313024.0,105.63,,,,,1.75,-0.13,CAPITAL_GOODS_INFRA,3,2,7,0,5,18,0,3,3,"Low debt, Manageable capital goods debt","Negative net margin, Negative earnings growth"
06.09.2026 at 01:31 PM IST,HLEGLAS,HLE Glascoat Limited,Industrials,Specialty Industrial Machinery,23163154432.0,2316.32,63.65,,4.29,56.22,,,3.67,2.61,42.79,5.9,-84.7,,,584977024.0,58.5,3476045056.0,347.6,,,,,33.0,0.44,CAPITAL_GOODS_INFRA,0,2,4,0,4,13,0,3,3,Manageable capital goods debt,"Negative earnings growth, Abnormally high dividend yield"
06.09.2026 at 01:31 PM IST,ASTRAMICRO,Astra Microwave Products Limited,Technology,Communication Equipment,164672618496.0,16467.26,87.24,53.33,12.53,21.88,,,11.99,16.59,51.09,-11.5,-24.6,,,2528466944.0,252.85,2876673024.0,287.67,,,,,14.0,0.49,IT_TECH,8,0,9,0,5,14,8,-5,3,"Reasonable cash coverage, Low debt, Forward PE improving","Negative revenue growth, Negative earnings growth, Very high PE, Expensive price-to-book, Expensive tech valuation without growth"
06.09.2026 at 01:31 PM IST,JISLJALEQS,Jain Irrigation Systems Limited,Industrials,Conglomerates,22885521408.0,2288.55,,,0.39,71.79,,,6.0,-0.84,43.35,-2.4,,,,1342300032.0,134.23,43057598464.0,4305.76,,,,,,0.23,CAPITAL_GOODS_INFRA,0,0,4,0,4,10,0,3,3,Manageable capital goods debt,"Negative net margin, Negative revenue growth"
06.09.2026 at 01:31 PM IST,NITCO,NITCO Limited,Industrials,Building Products & Equipment,24373594112.0,2437.36,,,6.01,86.28,,,-6.61,-5.57,29.88,-22.9,,,,313656000.0,31.37,3144817920.0,314.48,,,,,,-0.2,CAPITAL_GOODS_INFRA,0,0,4,0,0,16,0,3,3,Manageable capital goods debt,"Negative net margin, Negative revenue growth"
06.09.2026 at 01:31 PM IST,UTTAMSUGAR,Uttam Sugar Mills Limited,Consumer Defensive,Confectioners,10716811264.0,1071.68,12.32,,1.22,81.15,,,2.26,3.99,23.0,-3.6,-91.6,,,166100000.0,16.61,7219200000.0,721.92,,,,,89.0,0.0,GENERAL,0,0,4,0,12,13,3,0,3,,"Negative revenue growth, Negative earnings growth, Abnormally high dividend yield"
06.09.2026 at 01:31 PM IST,ACEINTEG,Ace Integrated Solutions Limited,Industrials,Staffing & Employment Services,187680000.0,18.77,,,1.56,0.48,,,-238.46,-170.0,-120.0,-70.5,,,,31200000.0,3.12,800000.0,0.08,,,,,,0.16,CAPITAL_GOODS_INFRA,0,0,12,0,4,16,0,3,3,"Cash covers debt, Low debt, Manageable capital goods debt","Negative net margin, Negative revenue growth"
06.09.2026 at 01:31 PM IST,DIGITIDE,Digitide Solutions Limited,Industrials,Specialty Business Services,14510721024.0,1451.07,,,1.73,57.94,,,2.8,-0.77,100.0,5.3,,,,2569019904.0,256.9,5308449792.0,530.84,,,,,,,CAPITAL_GOODS_INFRA,0,2,4,0,4,10,0,3,3,Manageable capital goods debt,Negative net margin
06.09.2026 at 01:31 PM IST,LAXMICOT,Laxmi Cotspin Limited,Consumer Cyclical,Textile Manufacturing,239724416.0,23.97,3.12,,0.4,70.18,,,1.55,-2.49,19.83,-63.9,,,,3240000.0,0.32,426751008.0,42.68,,,,,,0.27,CONSUMER_DISCRETIONARY,0,0,4,0,10,16,0,3,3,Controlled discretionary debt,"Negative net margin, Negative revenue growth"
06.09.2026 at 01:31 PM IST,TI,Tilaknagar Industries Ltd.,Consumer Defensive,Beverages - Wineries & Distilleries,132236394496.0,13223.64,,31.99,4.46,77.18,,,12.23,-1.2,44.91,155.7,-72.0,,,3604162048.0,360.42,23012075520.0,2301.21,,,,,19.0,0.23,FMCG_CONSUMER,3,10,4,0,4,18,3,0,3,Strong revenue growth,"Negative net margin, Negative earnings growth"
06.09.2026 at 01:31 PM IST,WHEELS,Wheels India Limited,Consumer Cyclical,Auto Parts,42146947072.0,4214.69,25.77,46.27,4.05,,,,4.89,3.19,32.66,2.5,-9.8,,,,,,,,,,,84.0,,AUTO,0,0,0,0,8,5,3,0,3,,"Negative earnings growth, Forward PE deterioration, Abnormally high dividend yield"
06.09.2026 at 01:31 PM IST,RPPINFRA,R.P.P. Infra Projects Limited,Industrials,Engineering & Construction,2677639680.0,267.76,,,0.5,19.71,,,1.37,-0.04,6.39,0.0,-74.4,,,307800000.0,30.78,1054600000.0,105.46,,,,,92.0,0.74,CAPITAL_GOODS_INFRA,0,0,9,0,6,23,0,3,3,"Low debt, Manageable capital goods debt","Negative net margin, Negative earnings growth, Abnormally high dividend yield"
06.09.2026 at 01:31 PM IST,BHANDARI,Bhandari Hosiery Exports Limited,Consumer Cyclical,Apparel Manufacturing,1012187584.0,101.22,10.48,,0.52,57.83,,,8.23,2.77,29.97,-19.3,-40.7,,,191452000.0,19.15,1060243968.0,106.02,,,,,33.0,0.51,CONSUMER_DISCRETIONARY,0,0,4,0,12,19,0,3,3,Controlled discretionary debt,"Negative revenue growth, Negative earnings growth, Abnormally high dividend yield"
06.09.2026 at 01:31 PM IST,MOHITIND,Mohit Industries Limited,Consumer Cyclical,Textile Manufacturing,335959264.0,33.6,,,0.34,60.17,,,-3.64,-0.49,19.83,-23.0,,,,13591000.0,1.36,556843008.0,55.68,,,,,,0.24,CONSUMER_DISCRETIONARY,0,0,4,0,4,16,0,3,3,Controlled discretionary debt,"Negative net margin, Negative revenue growth"
06.09.2026 at 01:31 PM IST,GLOBALE,Globale Tessile Limited,Consumer Cyclical,Textile Manufacturing,115760992.0,11.58,,,1.21,107.5,,,0.83,-4.57,24.27,8.88,,,,79868000.0,7.99,103060000.0,10.31,,,,,,0.88,CONSUMER_DISCRETIONARY,0,5,4,0,4,10,3,0,3,Reasonable cash coverage,Negative net margin
06.09.2026 at 01:31 PM IST,ATLASCYCLE,Atlas Cycles (Haryana) Limited,Consumer Cyclical,Leisure,625669184.0,62.57,,,0.16,2.37,,,-125.04,-129.66,5.92,-22.5,,,,27752000.0,2.78,90000000.0,9.0,,,,,,0.49,CONSUMER_DISCRETIONARY,0,0,9,0,4,16,0,3,3,"Low debt, Controlled discretionary debt","Negative net margin, Negative revenue growth"
06.09.2026 at 01:31 PM IST,VASCONEQ,Vascon Engineers Limited,Industrials,Engineering & Construction,7114826240.0,711.48,24.5,,0.62,26.09,4.36,1.32,3.89,5.16,13.05,-34.7,-83.8,1.95,0.89,1033731968.0,103.37,2996762880.0,299.68,-1871617792.0,-187.16,-1224888064.0,-122.49,,0.64,CAPITAL_GOODS_INFRA,0,0,11,0,8,30,0,3,3,"Low debt, Manageable capital goods debt","Negative revenue growth, Negative earnings growth, Negative operating cash flow, Negative free cash flow"
06.09.2026 at 01:31 PM IST,ANIKINDS,Anik Industries Limited,Consumer Defensive,Food Distribution,1265558912.0,126.56,,,0.4,3.69,7.67,2.23,2.39,-4.54,3.21,-13.3,-98.5,1.8,1.2,488184320.0,48.82,117274560.0,11.73,,,,,,,FMCG_CONSUMER,0,0,18,0,4,24,0,3,3,"Cash covers debt, Low debt, Low debt consumer business","Negative net margin, Negative revenue growth, Negative earnings growth"
06.09.2026 at 01:31 PM IST,AROGRANITE,Aro Granite Industries Limited,Industrials,Building Products & Equipment,375614976.0,37.56,,,0.22,87.15,,,-24.91,-28.8,34.99,-23.7,,,,94865000.0,9.49,1515904000.0,151.59,,,,,,0.5,CAPITAL_GOODS_INFRA,0,0,4,0,4,16,0,3,3,Manageable capital goods debt,"Negative net margin, Negative revenue growth"
06.09.2026 at 01:31 PM IST,DREAMFOLKS,Dreamfolks Services Limited,Industrials,Airports & Air Services,3569080832.0,356.91,,5.3,1.14,3.87,,,-55.69,-6.67,-4.32,-88.8,,,,1509209984.0,150.92,123500000.0,12.35,,,,,,0.69,CAPITAL_GOODS_INFRA,0,0,12,0,4,16,0,3,3,"Cash covers debt, Low debt, Manageable capital goods debt","Negative net margin, Negative revenue growth"
06.09.2026 at 01:31 PM IST,MALLCOM,Mallcom (India) Limited,Industrials,Security & Protection Services,6419712512.0,641.97,24.0,,2.02,37.78,,,9.22,5.08,16.89,-10.6,-33.4,,,99774000.0,9.98,1202932992.0,120.29,,,,,31.0,0.23,CAPITAL_GOODS_INFRA,0,0,7,0,10,19,0,3,3,"Low debt, Manageable capital goods debt","Negative revenue growth, Negative earnings growth, Abnormally high dividend yield"
06.09.2026 at 01:31 PM IST,DCXINDIA,DCX Systems Limited,Industrials,Aerospace & Defense,18896705536.0,1889.67,,35.34,1.13,0.19,,,-8.72,-3.27,9.2,-53.6,,,,7648399872.0,764.84,29210000.0,2.92,,,,,,0.56,CAPITAL_GOODS_INFRA,0,0,12,0,4,16,0,3,3,"Cash covers debt, Low debt, Manageable capital goods debt","Negative net margin, Negative revenue growth"
06.09.2026 at 01:31 PM IST,KRITI,Kriti Industries (India) Limited,Industrials,Building Products & Equipment,3267151872.0,326.72,,,1.43,41.0,,,0.34,-1.55,22.68,-22.7,,,,46338000.0,4.63,911153024.0,91.12,,,,,,0.55,CAPITAL_GOODS_INFRA,0,0,7,0,4,16,0,3,3,"Low debt, Manageable capital goods debt","Negative net margin, Negative revenue growth"
06.09.2026 at 01:31 PM IST,MADRASFERT,Madras Fertilizers Limited,Basic Materials,Agricultural Inputs,10486082560.0,1048.61,14.79,,11.37,689.62,,,6.02,2.9,41.94,21.1,-21.5,,,6559200256.0,655.92,6342400000.0,634.24,,,,,,0.24,GENERAL,0,8,3,0,6,16,1,2,3,"Strong revenue growth, Cash covers debt, General growth support","Negative earnings growth, Very high debt, Expensive price-to-book"
06.09.2026 at 01:31 PM IST,ISHANCH,Ishan Dyes and Chemicals Limited,Basic Materials,Chemicals,1213342336.0,121.33,,,0.82,63.52,,,3.17,-7.36,18.38,154.7,-57.1,,,4038000.0,0.4,902862016.0,90.29,,,,,,0.8,CHEMICALS,0,10,4,0,4,18,0,3,3,"Strong revenue growth, Chemical revenue growth support, Controlled chemical debt","Negative net margin, Negative earnings growth, Chemical earnings weakness"
06.09.2026 at 01:31 PM IST,PRAKASHSTL,Prakash Steelage Limited,Basic Materials,Steel,670251456.0,67.03,95.75,,7.47,4.67,,,1.47,0.68,16.0,2.3,-50.0,,,7524000.0,0.75,4538000.0,0.45,,,,,,-0.15,METALS_MINING,0,0,12,0,0,8,4,-1,3,"Cash covers debt, Low debt, Controlled metal sector debt","Negative earnings growth, Very high PE, Cyclical earnings decline"
06.09.2026 at 01:31 PM IST,ZODIACLOTH,Zodiac Clothing Company Limited,Consumer Cyclical,Apparel Manufacturing,2004443648.0,200.44,,,1.06,58.75,,,-27.92,-22.25,61.74,-14.8,,,,178731008.0,17.87,1069142016.0,106.91,,,,,,0.5,CONSUMER_DISCRETIONARY,0,0,4,0,4,16,0,3,3,Controlled discretionary debt,"Negative net margin, Negative revenue growth"
06.09.2026 at 01:31 PM IST,INDORAMA,Indo Rama Synthetics (India) Limited,Consumer Cyclical,Textile Manufacturing,19191816192.0,1919.18,11.91,,3.69,219.56,,,9.87,3.55,24.0,-28.3,20.8,,,182600000.0,18.26,11398700032.0,1139.87,,,,,,0.22,CONSUMER_DISCRETIONARY,0,8,0,0,8,14,2,0,2,Strong earnings growth,"Negative revenue growth, Very high debt"
06.09.2026 at 01:31 PM IST,SAKHTISUG,Sakthi Sugars Limited,Consumer Defensive,Confectioners,2364873728.0,236.49,8.6,,1.03,315.6,,,4.58,-43.63,22.41,24.6,,,,59472000.0,5.95,7202561024.0,720.26,,,,,,,GENERAL,0,8,0,0,10,18,0,2,2,"Strong revenue growth, General growth support","Negative net margin, Very high debt"
06.09.2026 at 01:31 PM IST,ATL,Allcargo Terminals Limited,Industrials,Integrated Freight & Logistics,7354855424.0,735.49,17.38,,2.09,218.11,,,12.45,4.89,29.02,12.3,-36.1,,,532200000.0,53.22,7688999936.0,768.9,,,,,,1.1,CAPITAL_GOODS_INFRA,3,5,0,0,10,16,2,0,2,,"Negative earnings growth, Very high debt"
06.09.2026 at 01:31 PM IST,SATIA,Satia Industries Limited,Basic Materials,Paper & Paper Products,6379999744.0,638.0,,,0.59,28.73,,,6.01,-0.54,47.72,-2.5,,,,265471008.0,26.55,3125977088.0,312.6,,,,,63.0,0.03,GENERAL,0,0,7,0,6,15,0,2,2,"Low debt, General low debt support","Negative net margin, Negative revenue growth, Abnormally high dividend yield"
06.09.2026 at 01:31 PM IST,NDGL,Naga Dhunseri Group Limited,Financial Services,Capital Markets,2784999936.0,278.5,,,,,,,0.0,0.0,0.0,,,,,,,,,,,,,9.0,,FINANCIAL,0,0,0,0,2,0,2,0,2,,
06.09.2026 at 01:31 PM IST,NEXTMEDIA,Next Mediaworks Limited,Communication Services,Broadcasting,258875552.0,25.89,,,-0.73,,,,0.0,0.0,0.0,,,,,5200000.0,0.52,389200000.0,38.92,,,,,,0.04,TELECOM,0,0,0,0,2,0,2,0,2,,
06.09.2026 at 01:31 PM IST,TARAPUR,Tarapur Transformers Limited,Industrials,Specialty Industrial Machinery,257595152.0,25.76,,,-13.92,,,,-138.44,0.0,0.0,,,,,3137000.0,0.31,86120000.0,8.61,,,,,,-0.42,CAPITAL_GOODS_INFRA,0,0,0,0,2,0,2,0,2,,
06.09.2026 at 01:31 PM IST,KIMS,Krishna Institute of Medical Sciences Limited,Healthcare,Medical Care Facilities,304905879552.0,30490.59,148.83,44.64,13.57,166.23,,,10.39,4.85,59.32,35.3,-46.9,,,705000000.0,70.5,42529001472.0,4252.9,,,,,,0.29,PHARMA_HEALTHCARE,3,10,0,0,3,13,3,-1,2,"Strong revenue growth, Forward PE improving, Healthcare growth support","Negative earnings growth, Very high PE, Expensive price-to-book, Healthcare earnings contraction"
06.09.2026 at 01:31 PM IST,SGIL,Synergy Green Industries Limited,Industrials,Metal Fabrication,9460814848.0,946.08,,,8.52,225.41,,,-5.42,-2.47,63.21,-10.1,,,,119639000.0,11.96,2503926016.0,250.39,,,,,16.0,0.32,METALS_MINING,0,0,0,0,2,24,0,2,2,Commodity dividend support,"Negative net margin, Negative revenue growth, Very high debt"
06.09.2026 at 01:31 PM IST,SAMBHAAV,Sambhaav Media Limited,Communication Services,Publishing,1148576256.0,114.86,,,1.37,5.92,,,-13.39,-3.67,30.07,4.2,,,,30502000.0,3.05,50602000.0,5.06,,,,,,0.62,TELECOM,0,2,11,0,4,10,7,-5,2,"Reasonable cash coverage, Low debt","Negative net margin, Telecom negative profitability"
06.09.2026 at 01:31 PM IST,UNITECH,Unitech Limited,Real Estate,Real Estate - Diversified,10674507776.0,1067.45,,1.77,-0.11,,,,4.85,0.0,50.65,1.0,,,,3204602112.0,320.46,75194769408.0,7519.48,,,,,,1.04,CEMENT_REALTY,0,0,0,0,2,0,2,0,2,,
06.09.2026 at 01:31 PM IST,BURNPUR,Burnpur Cement Limited,Basic Materials,Building Materials,371368224.0,37.14,,,-0.06,,,,0.0,0.0,0.0,,,,,7795000.0,0.78,5629745152.0,562.97,,,,,,0.1,CEMENT_REALTY,0,0,0,0,2,0,2,0,2,,
06.09.2026 at 01:31 PM IST,BANKA,Banka BioLoo Limited,Industrials,Pollution & Treatment Controls,859062336.0,85.91,254.84,,2.21,95.84,,,9.18,0.62,30.27,-5.3,,,,110079000.0,11.01,408032992.0,40.8,,,,,,1.09,CAPITAL_GOODS_INFRA,0,0,4,0,4,5,3,-1,2,Manageable capital goods debt,"Negative revenue growth, Very high PE, Expensive capital goods valuation without growth"
06.09.2026 at 01:31 PM IST,HERANBA,Heranba Industries Limited,Basic Materials,Agricultural Inputs,6946338304.0,694.63,,,0.91,74.83,,,7.09,-4.94,33.53,-15.3,16.3,,,327900000.0,32.79,5760500224.0,576.05,,,,,58.0,0.51,GENERAL,0,8,4,0,6,21,0,2,2,"Strong earnings growth, General low debt support","Negative net margin, Negative revenue growth, Abnormally high dividend yield"
06.09.2026 at 01:31 PM IST,WIPL,The Western India Plywoods Limited,Basic Materials,Lumber & Wood Production,1425788288.0,142.58,195.34,,2.85,20.84,,,-2.15,-0.16,60.49,-8.7,,,,29700000.0,2.97,92600000.0,9.26,,,,,60.0,-0.47,GENERAL,0,0,7,0,6,20,0,2,2,"Low debt, General low debt support","Negative net margin, Negative revenue growth, Very high PE, Abnormally high dividend yield"
06.09.2026 at 01:31 PM IST,BEL,Bharat Electronics Limited,,,2963018874880.0,296301.89,48.31,35.92,12.35,,,,,,,,,,,,,,,,,,,62.0,,GENERAL,0,0,0,0,7,5,2,0,2,Forward PE improving,"Expensive price-to-book, Abnormally high dividend yield"
06.09.2026 at 01:31 PM IST,BIRLANU,BirlaNu Limited,Industrials,Building Products & Equipment,10941844480.0,1094.18,,11.48,0.99,100.12,,,2.97,-2.83,41.09,11.6,,,,542868992.0,54.29,11116869632.0,1111.69,,,,,1.04,0.59,CAPITAL_GOODS_INFRA,0,5,2,0,5,10,2,0,2,,Negative net margin
06.09.2026 at 01:31 PM IST,KEEPLEARN,DSJ Keep Learning Limited,Consumer Defensive,Education & Training Services,300524320.0,30.05,,,4.74,26.43,,,5.24,-15.96,46.25,-22.0,-50.0,,,24103000.0,2.41,16334000.0,1.63,,,,,,1.17,GENERAL,0,0,10,0,2,24,0,2,2,"Cash covers debt, Low debt, General low debt support","Negative net margin, Negative revenue growth, Negative earnings growth"
06.09.2026 at 01:31 PM IST,GTLINFRA,GTL Infrastructure Limited,Technology,Communication Equipment,14986659840.0,1498.67,1.41,,-0.29,,,,13.89,-135.35,52.03,-2.2,,0.58,0.42,1173299968.0,117.33,58982400000.0,5898.24,,,,,,,IT_TECH,3,0,0,0,8,10,1,0,1,,"Negative net margin, Negative revenue growth"
06.09.2026 at 01:31 PM IST,SWELECTES,Swelect Energy Systems Limited,Technology,Solar,8864200704.0,886.42,20.76,,0.94,83.57,,,12.02,6.83,49.26,-26.2,-66.7,,,2354311936.0,235.43,7975800832.0,797.58,,,,,61.0,0.71,IT_TECH,6,0,4,0,10,19,1,0,1,,"Negative revenue growth, Negative earnings growth, Abnormally high dividend yield"
06.09.2026 at 01:31 PM IST,ITI,ITI Limited,Technology,Communication Equipment,262762299392.0,26276.23,80.74,,13.78,40.14,,,-2.52,15.36,16.66,-14.7,,,,3507599872.0,350.76,7649900032.0,764.99,,,,,,0.06,IT_TECH,5,0,7,0,0,6,6,-5,1,Low debt,"Negative revenue growth, Very high PE, Expensive price-to-book, Expensive tech valuation without growth"
06.09.2026 at 01:31 PM IST,SHANKARA,Shankara Building Products Limited,Consumer Cyclical,Home Improvement Retail,3575805696.0,357.58,72.28,2.61,0.8,42.93,0.9,2.26,5.85,0.28,5.1,,,1.47,0.33,11600000.0,1.16,1920300032.0,192.03,-1761025024.0,-176.1,-1009400000.0,-100.94,2.61,-0.47,CONSUMER_DISCRETIONARY,0,0,9,0,9,16,2,-1,1,"Low debt, Forward PE improving, Controlled discretionary debt","Negative operating cash flow, Negative free cash flow, Expensive discretionary valuation without growth"
06.09.2026 at 01:31 PM IST,RAJSREESUG,Rajshree Sugars & Chemicals Limited,Consumer Defensive,Confectioners,1177970816.0,117.8,,,0.45,126.18,,,-12.88,-1.45,25.91,8.7,,,,69664000.0,6.97,3317677056.0,331.77,,,,,,0.4,GENERAL,0,5,2,0,4,10,1,0,1,,Negative net margin
06.09.2026 at 01:31 PM IST,NETWORK18,Network18 Media & Investments Limited,Communication Services,Entertainment,43724443648.0,4372.44,,,0.88,65.92,,,-4.56,-1.59,40.62,10.3,,,,1644899968.0,164.49,32877099008.0,3287.71,,,,,,0.24,TELECOM,0,5,4,0,4,10,3,-2,1,Telecom revenue growth support,"Negative net margin, Telecom negative profitability"
06.09.2026 at 01:31 PM IST,GSS,GSS Infotech Limited,Technology,Information Technology Services,285165632.0,28.52,,,0.1,48.02,,,1.81,-54.53,15.92,-2.4,,,,77565000.0,7.76,1449812992.0,144.98,,,,,,0.53,IT_TECH,0,0,7,0,4,10,1,0,1,Low debt,"Negative net margin, Negative revenue growth"
06.09.2026 at 01:31 PM IST,ALLCARGO,Allcargo Logistics Limited,Industrials,Integrated Freight & Logistics,18617387008.0,1861.74,62.15,12.43,3.33,120.73,,,3.66,1.47,19.5,-85.7,,,,1310000000.0,131.0,6929999872.0,693.0,,,,,,0.72,CAPITAL_GOODS_INFRA,0,0,2,0,5,6,1,0,1,Forward PE improving,Negative revenue growth
06.09.2026 at 01:31 PM IST,TEJASNET,Tejas Networks Limited,Technology,Communication Equipment,108756738048.0,10875.67,,,3.71,142.52,,,-48.42,-70.37,29.34,99.1,,,,4691700224.0,469.17,41770799104.0,4177.08,,,,,42.0,-0.08,IT_TECH,0,10,2,0,4,15,1,0,1,Strong revenue growth,"Negative net margin, Abnormally high dividend yield"
06.09.2026 at 01:31 PM IST,ASTEC,Astec LifeSciences Limited,Basic Materials,Agricultural Inputs,12307593216.0,1230.76,,50.21,3.15,114.84,,,-14.04,-15.11,34.86,-8.3,,,,100490000.0,10.05,4489298944.0,448.93,,,,,,0.17,GENERAL,0,0,2,0,2,10,0,0,0,,"Negative net margin, Negative revenue growth"
06.09.2026 at 01:31 PM IST,MHRIL,Mahindra Holidays & Resorts India Limited,Consumer Cyclical,Resorts & Casinos,41858015232.0,4185.8,79.52,19.4,5.38,488.66,,,0.46,1.75,64.36,4.5,,,,7685533184.0,768.55,38294204416.0,3829.42,,,,,,-0.08,CONSUMER_DISCRETIONARY,0,2,0,0,5,8,0,-4,0,Forward PE improving,"Very high debt, Expensive discretionary valuation without growth"
06.09.2026 at 01:31 PM IST,MCLEODRUSS,McLeod Russel India Limited,Consumer Defensive,Packaged Foods,4831077888.0,483.11,,,-9.58,,,,5.14,-7.79,97.99,21.0,,,,606899968.0,60.69,14953600000.0,1495.36,,,,,,1.18,FMCG_CONSUMER,0,8,0,0,2,10,0,0,0,Strong revenue growth,Negative net margin
06.09.2026 at 01:31 PM IST,VIPIND,V.I.P. Industries Limited,Consumer Cyclical,Footwear & Accessories,44462804992.0,4446.28,,117.17,9.58,335.61,,,-7.36,-20.18,34.06,3.0,,,,942499968.0,94.25,7004899840.0,700.49,,,,,,0.06,CONSUMER_DISCRETIONARY,0,2,0,0,0,18,0,0,0,,"Negative net margin, Very high debt"
06.09.2026 at 01:31 PM IST,AAREYDRUGS,Aarey Drugs & Pharmaceuticals Limited,Healthcare,Drug Manufacturers - Specialty & Generic,3202013184.0,320.2,75.59,,1.82,40.38,,,1.07,0.87,3.82,-56.3,-25.0,,,33980000.0,3.4,607486976.0,60.75,,,,,,1.25,PHARMA_HEALTHCARE,0,0,7,0,4,14,0,-2,0,"Low debt, Controlled healthcare debt","Negative revenue growth, Negative earnings growth, Healthcare earnings contraction"
06.09.2026 at 01:31 PM IST,INDOWIND,Indowind Energy Limited,Utilities,Utilities - Renewable,1455459712.0,145.55,,,0.48,3.09,,,24.67,-0.8,91.71,-27.0,-35.0,,,215714000.0,21.57,95338000.0,9.53,,,,,,0.18,ENERGY_UTILITIES,5,0,12,0,4,24,0,0,0,"Strong operating margin, Cash covers debt, Low debt","Negative net margin, Negative revenue growth, Negative earnings growth"
06.09.2026 at 01:31 PM IST,NKIND,N.K. Industries Limited,Consumer Defensive,Household & Personal Products,343165280.0,34.32,,,-0.09,,,,-40.81,-33.27,100.0,-44.3,,,,23153000.0,2.32,9846000.0,0.98,,,,,,-0.55,FMCG_CONSUMER,0,0,3,0,2,16,0,0,0,Cash covers debt,"Negative net margin, Negative revenue growth"
06.09.2026 at 01:31 PM IST,HEADSUP,Heads UP Ventures Limited,Consumer Cyclical,Apparel Retail,156786512.0,15.68,,,1.02,,,,-64.65,-51.48,-50.75,,,,,10328000.0,1.03,0.0,0.0,,,,,,0.56,CONSUMER_DISCRETIONARY,0,0,3,0,4,10,0,0,0,Net cash position,Negative net margin
06.09.2026 at 01:31 PM IST,TFL,Transwarranty Finance Limited,Financial Services,Mortgage Finance,683440768.0,68.34,,,2.42,107.02,,,2.72,-31.25,65.25,-22.3,,,,16870000.0,1.69,306719008.0,30.67,,,,,,0.26,FINANCIAL,0,0,2,0,4,16,0,0,0,,"Negative net margin, Negative revenue growth"
06.09.2026 at 01:31 PM IST,RAJTV,Raj Television Network Limited,Communication Services,Broadcasting,41894068224.0,4189.41,,,0.36,16.56,,,-3.85,-0.83,14.56,-9.7,,,,2300590.0,0.23,205917056.0,20.59,,,,,,-0.54,TELECOM,0,0,9,0,4,10,3,-5,0,Low debt,"Negative net margin, Negative revenue growth, Telecom negative profitability"
06.09.2026 at 01:31 PM IST,CURAA,Cura Technologies Limited,Technology,Software - Application,732600000.0,73.26,,,11.48,95.09,,,-494.4,-236.16,16.38,-65.8,,,,19665000.0,1.97,60704000.0,6.07,,,,,,-0.22,IT_TECH,0,0,4,0,0,16,0,0,0,,"Negative net margin, Negative revenue growth, Expensive price-to-book"
06.09.2026 at 01:31 PM IST,BPL,BPL Limited,Technology,Consumer Electronics,2414504448.0,241.45,,,1.02,84.55,-3.91,0.04,3.97,-18.36,36.2,9.8,,0.72,0.12,31050000.0,3.1,3143572992.0,314.36,-1055346752.0,-105.53,-808179008.0,-80.82,,0.15,IT_TECH,0,5,4,0,4,26,0,0,0,,"Negative net margin, Negative operating cash flow, Negative free cash flow"
06.09.2026 at 01:31 PM IST,SPANDANA,Spandana Sphoorty Financial Limited,Financial Services,Credit Services,21273481216.0,2127.35,,5.71,0.9,185.14,,,10.18,-116.17,100.0,,,,,12821900288.0,1282.19,39427301376.0,3942.73,,,,,,0.36,FINANCIAL,3,0,0,0,4,10,0,0,0,,Negative net margin
06.09.2026 at 01:31 PM IST,GENUSPAPER,Genus Paper & Boards Limited,Basic Materials,Paper & Paper Products,3265499392.0,326.55,23.09,16.28,0.65,87.43,1.86,,6.44,0.98,29.18,-14.4,-12.5,,,202919008.0,20.29,4429387776.0,442.94,,,,,,0.31,GENERAL,0,0,4,0,11,19,0,0,0,Forward PE improving,"Negative revenue growth, Negative earnings growth"
06.09.2026 at 01:31 PM IST,GLOBALVECT,Global Vectra Helicorp Limited,Industrials,Airports & Air Services,1967000064.0,196.7,,,-24.28,,,,-10.06,-6.64,28.94,1.1,,,,91292000.0,9.13,6014043136.0,601.4,,,,,,0.58,CAPITAL_GOODS_INFRA,0,0,0,0,2,10,0,0,0,,Negative net margin
06.09.2026 at 01:31 PM IST,ZENITHSTL,Zenith Steel Pipes & Industries Limited,Basic Materials,Steel,826649408.0,82.66,21.52,,-0.33,,,,-7.7,9.28,50.04,-62.1,-57.1,,,15253000.0,1.53,2201985024.0,220.2,,,,,,0.16,METALS_MINING,3,0,0,0,6,14,0,-5,0,,"Negative revenue growth, Negative earnings growth, Cyclical earnings decline"
06.09.2026 at 01:31 PM IST,LOYALTEX,Loyal Textile Mills Limited,Consumer Cyclical,Textile Manufacturing,1022531520.0,102.25,,,0.5,105.73,,,-5.96,-13.01,45.99,-36.4,,,,103200000.0,10.32,2156000000.0,215.6,,,,,,0.52,CONSUMER_DISCRETIONARY,0,0,2,0,4,16,0,0,0,,"Negative net margin, Negative revenue growth"
06.09.2026 at 01:31 PM IST,SWSOLAR,Sterling and Wilson Renewable Energy Limited,Technology,Solar,43718946816.0,4371.89,,10.4,6.73,182.95,,,4.74,-3.89,9.74,-9.7,69.3,,,3171899904.0,317.19,11914300416.0,1191.43,,,,,,0.72,IT_TECH,0,10,0,0,0,10,0,0,0,Strong earnings growth,"Negative net margin, Negative revenue growth"
06.09.2026 at 01:31 PM IST,PNC,PNC Media and Entertainment Limited,Communication Services,Entertainment,242322256.0,24.23,,,0.4,2.36,,,-56.78,-77.21,12.82,-92.6,,,,8878000.0,0.89,14396000.0,1.44,,,,,,0.55,TELECOM,0,0,11,0,4,16,0,-5,0,"Reasonable cash coverage, Low debt","Negative net margin, Negative revenue growth, Telecom negative profitability"
06.09.2026 at 01:31 PM IST,ALOKINDS,Alok Industries Limited,Consumer Cyclical,Textile Manufacturing,39026790400.0,3902.68,,,-0.18,,,,-0.95,-18.83,48.19,6.5,,,,293000000.0,29.3,261057593344.0,26105.76,,,,,,0.2,CONSUMER_DISCRETIONARY,0,2,0,0,2,10,0,0,0,,Negative net margin
06.09.2026 at 01:31 PM IST,ORIENTTECH,Orient Technologies Limited,Technology,Information Technology Services,10947613696.0,1094.76,,,3.25,18.58,,,3.25,-0.03,9.12,-5.0,-48.4,,,730481984.0,73.05,624988032.0,62.5,,,,,,0.56,IT_TECH,0,0,12,0,2,18,0,0,0,"Cash covers debt, Low debt","Negative net margin, Negative revenue growth, Negative earnings growth"
06.09.2026 at 01:31 PM IST,SHANTI,Shanti Overseas (India) Limited,Consumer Defensive,Farm Products,69079320.0,6.91,,,1.73,403.99,,,-23.25,-73.3,38.7,,-86.7,,,325000.0,0.03,161582000.0,16.16,,,,,,0.41,GENERAL,0,0,0,0,4,26,0,0,0,,"Negative net margin, Negative earnings growth, Very high debt"
06.09.2026 at 01:31 PM IST,SDBL,Som Distilleries & Breweries Limited,Consumer Defensive,Beverages - Brewers,15403407360.0,1540.34,,12.66,1.96,,,,-44.39,-3.13,31.69,-79.3,,,,,,,,,,,,,0.46,FMCG_CONSUMER,0,0,0,0,4,16,0,0,0,,"Negative net margin, Negative revenue growth"
06.09.2026 at 01:31 PM IST,VISHWARAJ,Vishwaraj Sugar Industries Limited,Consumer Defensive,Confectioners,1285183488.0,128.52,,,0.53,184.77,-15.32,-2.29,-12.91,-10.72,7.0,-19.5,,0.73,0.09,69409000.0,6.94,4196486912.0,419.65,-436095744.0,-43.61,1003000.0,0.1,,0.71,GENERAL,0,0,0,9,4,26,0,0,0,Positive operating cash flow,"Negative net margin, Negative revenue growth, Negative free cash flow"
06.09.2026 at 01:31 PM IST,BALAXI,Balaxi Pharmaceuticals Limited,Healthcare,Drug Manufacturers - Specialty & Generic,1376322944.0,137.63,55.4,,0.55,23.14,0.59,1.23,-0.74,0.52,44.16,-7.3,-92.9,4.04,2.42,145588000.0,14.56,576489024.0,57.65,-634658752.0,-63.47,-44998000.0,-4.5,,0.7,PHARMA_HEALTHCARE,0,0,15,0,6,24,0,-2,0,"Low debt, Controlled healthcare debt","Negative revenue growth, Negative earnings growth, Negative operating cash flow, Negative free cash flow, Healthcare earnings contraction"
06.09.2026 at 01:31 PM IST,BCLIND,BCL Industries Limited,Consumer Defensive,Beverages - Wineries & Distilleries,10891527168.0,1089.15,9.37,,1.2,59.84,,,8.8,4.51,25.63,-26.4,-26.0,,,1975438976.0,197.54,5691612160.0,569.16,,,,,96.0,0.61,FMCG_CONSUMER,0,0,4,0,12,19,0,0,0,,"Negative revenue growth, Negative earnings growth, Abnormally high dividend yield"
06.09.2026 at 01:31 PM IST,PEARLPOLY,Pearl Polymers Limited,Consumer Cyclical,Packaging & Containers,253365728.0,25.34,,,0.88,,,,-29.54,-26.8,40.53,2.5,-18.6,,,233524992.0,23.35,0.0,0.0,,,,,,0.64,CONSUMER_DISCRETIONARY,0,0,3,0,4,18,0,0,0,Net cash position,"Negative net margin, Negative earnings growth"
06.09.2026 at 01:31 PM IST,TECILCHEM,Tecil Chemicals and Hydro Power Ltd.,Financial Services,Shell Companies,187740624.0,18.77,,,,,,,0.0,0.0,0.0,,,,,,,,,,,,,,,FINANCIAL,0,0,0,0,0,0,0,0,0,,
06.09.2026 at 01:31 PM IST,URJA,Urja Global Limited,Technology,Solar,5120722944.0,512.07,306.33,,2.57,24.76,,,3.18,2.05,17.67,-26.6,,,,7308000.0,0.73,472988992.0,47.3,,,,,,0.38,IT_TECH,0,0,7,0,4,11,0,-5,0,Low debt,"Negative revenue growth, Very high PE, Expensive tech valuation without growth"
06.09.2026 at 01:31 PM IST,SHOPERSTOP,Shoppers Stop Limited,Consumer Cyclical,Department Stores,41988358144.0,4198.84,,45.63,14.42,1139.71,,,3.82,-0.67,36.51,11.2,,,,127100000.0,12.71,33166800896.0,3316.68,,,,,,-0.2,CONSUMER_DISCRETIONARY,0,5,0,0,0,18,0,0,0,,"Negative net margin, Very high debt, Expensive price-to-book"
06.09.2026 at 01:31 PM IST,INDIGO,InterGlobe Aviation Limited,Industrials,Airlines,1924439605248.0,192443.96,,21.4,27.6,866.46,,,15.76,3.79,34.53,6.2,-77.6,,,496290988032.0,49629.1,748138004480.0,74813.8,,,,,24.0,0.61,CAPITAL_GOODS_INFRA,3,2,2,0,2,21,0,0,0,Reasonable cash coverage,"Negative earnings growth, Very high debt, Expensive price-to-book, Abnormally high dividend yield"
06.09.2026 at 01:31 PM IST,SHANTIGEAR,Shanthi Gears Limited,Industrials,Specialty Industrial Machinery,47237496832.0,4723.75,73.9,159.47,10.73,,,,8.76,12.78,48.33,-14.4,-56.8,,,2157400064.0,215.74,0.0,0.0,,,,,64.0,0.03,CAPITAL_GOODS_INFRA,5,0,3,0,2,19,0,0,0,Net cash position,"Negative revenue growth, Negative earnings growth, Forward PE deterioration, Expensive price-to-book, Abnormally high dividend yield"
06.09.2026 at 01:31 PM IST,3PLAND,3P Land Holdings Ltd,,,,,,,,,,,,,,,,,,,,,,,,,,,,GENERAL,0,0,0,0,0,0,0,0,0,,
06.09.2026 at 01:31 PM IST,NDLVENTURE,NDL Ventures Limited,Communication Services,Entertainment,4208952576.0,420.9,568.18,,6.4,,,,-90.92,7.11,100.0,,-57.1,,,55322000.0,5.53,0.0,0.0,,,,,40.0,-0.4,TELECOM,3,0,3,0,2,18,0,0,0,Net cash position,"Negative earnings growth, Very high PE, Abnormally high dividend yield"
06.09.2026 at 01:31 PM IST,SALSTEEL,S.A.L. Steel Limited,Basic Materials,Steel,11797038080.0,1179.7,62.21,,8.1,238.17,,,12.35,7.42,29.42,-31.5,,,,4700000.0,0.47,3492000000.0,349.2,,,,,,1.1,METALS_MINING,6,0,0,0,0,14,0,0,0,,"Negative revenue growth, Very high debt"
06.09.2026 at 01:31 PM IST,NAZARA,Nazara Technologies Limited,Communication Services,Electronic Gaming & Multimedia,141722009600.0,14172.2,,57.12,4.65,6.05,,,-0.29,-1.29,77.78,-14.0,,,,7343300096.0,734.33,2149299968.0,214.93,,,,,,0.16,IT_TECH,0,0,12,0,2,16,0,0,0,"Cash covers debt, Low debt","Negative net margin, Negative revenue growth"
06.09.2026 at 01:31 PM IST,RENUKA,Shree Renuka Sugars Limited,Consumer Defensive,Confectioners,51381739520.0,5138.17,,-5.61,-1.93,,,,-5.61,-8.42,20.34,5.5,,,,605000000.0,60.5,71743995904.0,7174.4,,,,,,-0.29,GENERAL,0,2,0,0,2,10,0,0,0,,Negative net margin
06.09.2026 at 01:31 PM IST,HGM,Handson Global Management (HGM) Limited,Technology,Information Technology Services,671312000.0,67.13,,,3.29,115.26,,,-15.64,-12.08,14.93,-20.6,,,,65665000.0,6.57,234994000.0,23.5,,,,,,0.45,IT_TECH,0,0,2,0,2,16,0,0,0,,"Negative net margin, Negative revenue growth"
06.09.2026 at 01:31 PM IST,JINDALPHOT,Jindal Photo Limited,Financial Services,Asset Management,10657876992.0,1065.79,,,1.04,,,,26.67,0.0,97.7,-96.4,-99.5,,,,,,,,,,,,,FINANCIAL,6,0,0,0,4,14,0,0,0,Strong operating margin,"Negative revenue growth, Negative earnings growth"
06.09.2026 at 01:31 PM IST,DISHTV,Dish TV India Limited,Communication Services,Entertainment,4768853504.0,476.89,,-1.44,-0.12,,,,-84.39,-90.91,35.07,-19.3,,,,1580199936.0,158.02,307200000.0,30.72,,,,,,0.9,TELECOM,0,0,3,0,2,16,0,-5,0,Cash covers debt,"Negative net margin, Negative revenue growth, Telecom negative profitability"
06.09.2026 at 01:31 PM IST,AXITA,Axita Cotton Limited,Consumer Cyclical,Textile Manufacturing,3069041920.0,306.9,89.11,,4.9,,3.1,,2.67,0.49,3.72,-62.8,,,,,,,,,,,,,-0.16,CONSUMER_DISCRETIONARY,0,0,0,0,2,11,0,-4,0,,"Negative revenue growth, Very high PE, Expensive discretionary valuation without growth"
06.09.2026 at 01:31 PM IST,SHILCTECH,Shilchar Technologies Limited,Industrials,Electrical Equipment & Parts,46336241664.0,4633.62,33.66,,9.44,,,,15.6,21.78,34.91,-15.2,-49.7,,,2458964992.0,245.9,0.0,0.0,,,,,31.0,-0.3,CAPITAL_GOODS_INFRA,9,0,3,0,6,19,0,0,0,Net cash position,"Negative revenue growth, Negative earnings growth, Abnormally high dividend yield"
06.09.2026 at 01:31 PM IST,MFSL,Max Financial Services Limited,Financial Services,Insurance - Life,531563806720.0,53156.38,499.48,124.62,19.43,12.67,,,4.6,0.22,11.77,-40.2,,,,4491100160.0,449.11,3572400128.0,357.24,,,,,,0.71,FINANCIAL,0,0,12,0,3,11,4,-4,0,"Cash covers debt, Low debt, Forward PE improving","Negative revenue growth, Very high PE, Expensive price-to-book, Expensive financial P/B"
06.09.2026 at 01:31 PM IST,PILANIINVS,Pilani Investment and Industries Corporation Limited,Financial Services,Asset Management,47854264320.0,4785.43,,,0.3,15.07,,,79.49,-4.91,99.1,-70.5,,,,68007000.0,6.8,23913785344.0,2391.38,,,,,21.0,0.24,FINANCIAL,6,0,9,0,6,21,0,0,0,"Strong operating margin, Low debt","Negative net margin, Negative revenue growth, Abnormally high dividend yield"
06.09.2026 at 01:31 PM IST,TRF,TRF Limited,Industrials,Specialty Industrial Machinery,2549061888.0,254.91,,,-0.72,153.66,-5.33,1.62,-34.9,-5.26,91.2,-28.5,,2.67,2.41,2380537088.0,238.05,1296466048.0,129.65,1215663232.0,121.57,-742000.0,-0.07,,0.18,CAPITAL_GOODS_INFRA,0,0,11,8,2,27,0,0,0,"Cash covers debt, Positive free cash flow","Negative net margin, Negative revenue growth, Negative operating cash flow"
06.09.2026 at 01:31 PM IST,NITIRAJ,Nitiraj Engineers Limited,Technology,Scientific & Technical Instruments,2243431424.0,224.34,93.13,,2.73,0.03,1.28,-0.01,-14.76,2.29,58.3,-63.8,,6.59,2.27,108443000.0,10.84,233000.0,0.02,-105135752.0,-10.51,-34298000.0,-3.43,68.0,-0.05,IT_TECH,0,0,20,0,6,27,0,-5,0,"Cash covers debt, Low debt","Negative revenue growth, Negative operating cash flow, Negative free cash flow, Very high PE, Abnormally high dividend yield, Expensive tech valuation without growth"
06.09.2026 at 01:31 PM IST,RELTD,Ravindra Energy Limited,Technology,Solar,31730192384.0,3173.02,35.91,,6.72,366.24,,,-6.38,12.51,46.85,-34.0,,,,237500000.0,23.75,3120399872.0,312.04,,,,,,1.25,IT_TECH,5,0,0,0,2,14,0,0,0,,"Negative revenue growth, Very high debt"
06.09.2026 at 01:31 PM IST,SCHNEIDER,Schneider Electric Infrastructure Limited,Industrials,Electrical Equipment & Parts,292711137280.0,29271.11,160.24,51.22,37.75,70.8,,,3.87,6.29,36.3,4.8,-69.8,,,3578500096.0,357.85,5482500096.0,548.25,,,,,,0.43,CAPITAL_GOODS_INFRA,3,2,6,0,3,13,1,-1,0,"Reasonable cash coverage, Forward PE improving, Manageable capital goods debt","Negative earnings growth, Very high PE, Expensive price-to-book, Expensive capital goods valuation without growth"
06.09.2026 at 01:31 PM IST,STLNETWORK,STL Networks Limited,Communication Services,Telecom Services,14091693056.0,1409.17,,,1.76,116.75,,,4.79,-10.43,13.39,-9.2,,,,847400000.0,84.74,9344600064.0,934.46,,,,,,,TELECOM,0,0,2,0,4,10,0,-5,0,,"Negative net margin, Negative revenue growth, Telecom negative profitability"
06.09.2026 at 01:31 PM IST,WESTLIFE,Westlife Foodworld Limited,Consumer Cyclical,Restaurants,82016010240.0,8201.6,261.58,102.48,13.51,291.52,,,4.49,1.18,53.28,11.4,-50.0,,,169275008.0,16.93,18047832064.0,1804.78,,,,,15.0,-0.02,CONSUMER_DISCRETIONARY,0,5,0,0,5,21,0,0,0,Forward PE improving,"Negative earnings growth, Very high debt, Very high PE, Expensive price-to-book"
06.09.2026 at 01:31 PM IST,AERONEU,Aeroflex Neu Limited,Consumer Cyclical,Packaging & Containers,2060842368.0,206.08,285.32,,1.98,22.95,,,0.29,0.74,38.31,-4.9,-93.5,,,175826000.0,17.58,241471008.0,24.15,,,,,,0.26,CONSUMER_DISCRETIONARY,0,0,9,0,4,13,0,-1,0,"Reasonable cash coverage, Low debt, Controlled discretionary debt","Negative revenue growth, Negative earnings growth, Very high PE, Expensive discretionary valuation without growth"
06.09.2026 at 01:31 PM IST,ABDL,Allied Blenders and Distillers Limited,Consumer Defensive,Beverages - Wineries & Distilleries,169560293376.0,16956.03,76.44,39.04,10.2,68.25,,,9.47,5.55,45.6,6.1,-12.9,,,1346532992.0,134.65,11505278976.0,1150.53,,,,,89.0,0.81,FMCG_CONSUMER,0,2,4,0,5,13,0,-5,0,Forward PE improving,"Negative earnings growth, Expensive price-to-book, Abnormally high dividend yield, Premium valuation without growth"
06.09.2026 at 01:31 PM IST,KECL,Kirloskar Electric Company Limited,Industrials,Specialty Industrial Machinery,8414662656.0,841.47,422.33,,6.38,76.21,,,-0.67,0.35,29.93,-21.5,,,,231123008.0,23.11,1004675008.0,100.47,,,,,,0.46,CAPITAL_GOODS_INFRA,0,0,4,0,0,11,0,-1,0,Manageable capital goods debt,"Negative revenue growth, Very high PE, Expensive capital goods valuation without growth"
06.09.2026 at 01:31 PM IST,TATACOMM,Tata Communications Limited,Communication Services,Telecom Services,499355975680.0,49935.6,52.77,22.36,14.48,335.85,,,7.45,3.72,27.46,10.5,-29.4,,,9905099776.0,990.51,122623803392.0,12262.38,,,,,100.0,0.81,TELECOM,0,5,0,0,7,21,0,-2,0,"Forward PE improving, Telecom revenue growth support","Negative earnings growth, Very high debt, Expensive price-to-book, Abnormally high dividend yield, Very high telecom leverage"
06.09.2026 at 01:31 PM IST,A2ZINFRA,A2Z Infra Engineering Limited,Industrials,Engineering & Construction,2794201856.0,279.42,74.95,,5.62,301.81,,,-0.74,1.0,12.98,-24.4,-75.0,,,47456000.0,4.75,966489984.0,96.65,,,,,,0.06,CAPITAL_GOODS_INFRA,0,0,0,0,2,22,0,0,0,,"Negative revenue growth, Negative earnings growth, Very high debt"
06.09.2026 at 01:31 PM IST,ORTINGLOBE,Ortin Global Limited,Healthcare,Drug Manufacturers - Specialty & Generic,123841096.0,12.38,,,11.45,81.24,,,-20.91,0.0,-69.38,-59.8,,,,6059000.0,0.61,10050000.0,1.0,,,,,,0.48,PHARMA_HEALTHCARE,0,0,6,0,0,6,0,0,0,Reasonable cash coverage,"Negative revenue growth, Expensive price-to-book"
06.09.2026 at 01:31 PM IST,ZEEMEDIA,Zee Media Corporation Limited,Communication Services,Broadcasting,5453166592.0,545.32,,,2.64,37.19,,,-5.15,-0.18,44.08,4.7,,,,94900000.0,9.49,832300032.0,83.23,,,,,,0.69,TELECOM,0,2,7,0,4,10,3,-5,0,Low debt,"Negative net margin, Telecom negative profitability"
06.09.2026 at 01:31 PM IST,AFCONS,Afcons Infrastructure Limited,Industrials,Engineering & Construction,107393114112.0,10739.31,75.06,19.96,1.97,66.54,,,6.29,1.29,32.22,-20.8,-78.1,,,8204899840.0,820.49,36269101056.0,3626.91,,,,,68.0,,CAPITAL_GOODS_INFRA,0,0,4,0,9,19,0,-1,0,"Forward PE improving, Manageable capital goods debt","Negative revenue growth, Negative earnings growth, Abnormally high dividend yield, Expensive capital goods valuation without growth"
06.09.2026 at 01:31 PM IST,NDTV,New Delhi Television Limited,Communication Services,Broadcasting,8394159104.0,839.42,,,6.54,199.4,,,-66.22,-62.07,11.96,8.9,,,,149250000.0,14.93,2575460096.0,257.55,,,,,,0.78,TELECOM,0,5,0,0,0,10,0,-2,0,Telecom revenue growth support,"Negative net margin, Telecom negative profitability"
06.09.2026 at 01:31 PM IST,MANGALAM,Mangalam Drugs & Organics Limited,Healthcare,Drug Manufacturers - Specialty & Generic,474847424.0,47.48,,,0.46,109.41,,,-5.38,-16.48,35.16,-0.2,,,,7514000.0,0.75,1127529984.0,112.75,,,,,,0.3,PHARMA_HEALTHCARE,0,0,2,0,4,10,0,0,0,,"Negative net margin, Negative revenue growth"
06.09.2026 at 01:31 PM IST,HCL-INSYS,HCL Infosystems Limited,Technology,Electronics & Computer Distribution,3325020416.0,332.5,,,-1.12,,,,-330.38,-240.35,3.94,-40.5,,,,2141100032.0,214.11,3329900032.0,332.99,,,,,,0.79,IT_TECH,0,0,2,0,2,16,0,0,0,Reasonable cash coverage,"Negative net margin, Negative revenue growth"
06.09.2026 at 01:31 PM IST,AGARIND,Agarwal Industrial Corporation Limited,Basic Materials,Specialty Chemicals,6774382592.0,677.44,16.58,41.02,0.98,49.54,,,3.7,2.74,28.89,-27.0,-20.6,,,1113123968.0,111.31,3413619968.0,341.36,,,,,73.0,0.17,CHEMICALS,0,0,7,0,12,19,0,-1,0,"Low debt, Controlled chemical debt","Negative revenue growth, Negative earnings growth, Forward PE deterioration, Abnormally high dividend yield, Chemical earnings weakness"
06.09.2026 at 01:31 PM IST,UNIINFO,Uniinfo Telecom Services Limited,Communication Services,Telecom Services,117624320.0,11.76,,,0.37,16.83,,,3.09,-2.5,54.88,-1.4,5.5,,,1017000.0,0.1,53541000.0,5.35,,,,,,0.35,TELECOM,0,2,9,0,4,10,5,-5,0,Low debt,"Negative net margin, Negative revenue growth, Telecom negative profitability"
06.09.2026 at 01:31 PM IST,SUVIDHAA,Suvidhaa Infoserve Limited,Technology,Information Technology Services,523435040.0,52.34,,,1.28,4.64,-30.3,-9.48,-280.88,-288.0,-128.86,-60.0,,0.8,0.39,24500000.0,2.45,13000000.0,1.3,-26850000.0,-2.69,-41400000.0,-4.14,,0.85,IT_TECH,0,0,12,0,4,32,0,0,0,"Cash covers debt, Low debt","Negative net margin, Negative revenue growth, Negative operating cash flow, Negative free cash flow"
06.09.2026 at 01:31 PM IST,ROML,Raj Oil Mills Limited,Consumer Defensive,Packaged Foods,635819968.0,63.58,14.58,,29.54,1222.77,,,4.4,2.85,15.11,5.8,-21.3,,,5271000.0,0.53,263312000.0,26.33,,,,,,0.46,FMCG_CONSUMER,0,2,0,0,6,16,0,0,0,,"Negative earnings growth, Very high debt, Expensive price-to-book"
06.09.2026 at 01:31 PM IST,HAVISHA,Sri Havisha Hospitality and Infrastructure Limited,Consumer Cyclical,Lodging,433778752.0,43.38,,,1.85,237.23,,,-19.74,-37.32,38.45,3.3,,,,11668000.0,1.17,486259008.0,48.63,,,,,,0.83,CONSUMER_DISCRETIONARY,0,2,0,0,4,18,0,0,0,,"Negative net margin, Very high debt"
06.09.2026 at 01:31 PM IST,ORCHASP,Orchasp Limited,Technology,Software - Application,478067008.0,47.81,69.0,,0.42,6.02,,,-16.92,5.07,-12.15,-73.1,-50.0,,,3213000.0,0.32,73286000.0,7.33,,,,,,-0.25,IT_TECH,0,0,9,0,4,14,0,-5,0,Low debt,"Negative revenue growth, Negative earnings growth, Expensive tech valuation without growth"
06.09.2026 at 01:31 PM IST,NIBL,NRB Industrial Bearings Limited,Industrials,Tools & Accessories,748727104.0,74.87,,,-0.63,,,,-21.97,-40.76,56.59,1.9,,,,288492000.0,28.85,1380385024.0,138.04,,,,,,0.43,CAPITAL_GOODS_INFRA,0,0,0,0,2,10,0,0,0,,Negative net margin
06.09.2026 at 01:31 PM IST,RTNINDIA,RattanIndia Enterprises Limited,Consumer Cyclical,Internet Retail,38388674560.0,3838.87,,,4.99,143.03,,,-5.66,0.0,0.0,1.9,-97.0,,,10594899968.0,1059.49,11008600064.0,1100.86,,,,,,,CONSUMER_DISCRETIONARY,0,0,4,0,2,8,0,0,0,Reasonable cash coverage,Negative earnings growth
06.09.2026 at 01:31 PM IST,GLFL,Gujarat Lease Financing Limited,Financial Services,Shell Companies,157329456.0,15.73,580.0,,-3.9,,,,0.0,0.0,0.0,,,,,60260000.0,6.03,100000000.0,10.0,,,,,,0.3,FINANCIAL,0,0,2,0,2,5,0,0,0,Reasonable cash coverage,Very high PE
06.09.2026 at 01:31 PM IST,VPRPL,Vishnu Prakash R Punglia Limited,Industrials,Engineering & Construction,4555138048.0,455.51,,10.71,0.72,103.11,,,-28.62,-27.56,2.52,-50.1,,,,556929984.0,55.69,6495450112.0,649.55,,,,,,0.88,CAPITAL_GOODS_INFRA,0,0,2,0,4,16,0,0,0,,"Negative net margin, Negative revenue growth"
06.09.2026 at 01:31 PM IST,DCMSRIND,DCM Shriram Industries Limited,Consumer Defensive,Confectioners,3949445376.0,394.94,28.73,,1.08,116.59,,,0.92,2.8,23.34,-41.1,-90.7,,,477542016.0,47.75,4252984064.0,425.3,,,,,89.0,0.24,GENERAL,0,0,2,0,10,19,0,0,0,,"Negative revenue growth, Negative earnings growth, Abnormally high dividend yield"
06.09.2026 at 01:31 PM IST,TRACXN,Tracxn Technologies Limited,Technology,Software - Application,3194919936.0,319.49,,,6.24,,,,-20.35,-14.34,1.13,-0.6,,,,890147968.0,89.01,0.0,0.0,,,,,,0.98,IT_TECH,0,0,3,0,0,10,0,0,0,Net cash position,"Negative net margin, Negative revenue growth"
06.09.2026 at 01:31 PM IST,FILATFASH,Filatex Fashions Limited,Consumer Cyclical,Apparel Manufacturing,1583473792.0,158.35,inf,,0.06,2.55,,,2.07,1.92,10.06,-56.7,-80.0,,,27523000.0,2.75,589310976.0,58.93,,,,,,0.4,CONSUMER_DISCRETIONARY,0,0,9,0,4,19,0,-1,0,"Low debt, Controlled discretionary debt","Negative revenue growth, Negative earnings growth, Very high PE, Expensive discretionary valuation without growth"
06.09.2026 at 01:31 PM IST,COHANCE,Cohance Lifesciences Limited,Healthcare,Drug Manufacturers - Specialty & Generic,174464385024.0,17446.44,166.42,46.36,4.47,9.93,,,-11.46,4.96,70.36,-23.1,-96.8,,,3259800064.0,325.98,4004900096.0,400.49,,,,,,0.61,PHARMA_HEALTHCARE,0,0,11,0,5,19,0,-2,0,"Reasonable cash coverage, Low debt, Forward PE improving, Controlled healthcare debt","Negative revenue growth, Negative earnings growth, Very high PE, Healthcare earnings contraction"
06.09.2026 at 01:31 PM IST,LEMERITE,Le Merite Exports Limited,Consumer Cyclical,Textile Manufacturing,500841600.0,50.08,93.45,,2.19,,,,-10.96,3.41,9.78,-18.7,,,,,,,,,,,,,-0.25,CONSUMER_DISCRETIONARY,0,0,0,0,4,6,0,-4,0,,"Negative revenue growth, Very high PE, Expensive discretionary valuation without growth"
06.09.2026 at 01:31 PM IST,SILLYMONKS,Silly Monks Entertainment Limited,Communication Services,Entertainment,165320960.0,16.53,,,1.45,,-20.27,-8.63,-21.27,-8.61,7.35,-21.6,,4.35,2.4,46435000.0,4.64,0.0,0.0,-26991750.0,-2.7,-32768000.0,-3.28,,-0.1,TELECOM,0,0,11,0,4,32,0,-5,0,Net cash position,"Negative net margin, Negative revenue growth, Negative operating cash flow, Negative free cash flow, Telecom negative profitability"
06.09.2026 at 01:31 PM IST,GODREJIND,Godrej Industries Limited,Industrials,Conglomerates,395126276096.0,39512.63,33.6,,3.53,222.41,,,8.1,4.76,40.59,-4.7,-18.6,,,112279003136.0,11227.9,515644096512.0,51564.41,,,,,,0.61,CAPITAL_GOODS_INFRA,0,0,0,0,6,16,0,0,0,,"Negative revenue growth, Negative earnings growth, Very high debt"
06.09.2026 at 01:31 PM IST,JSWENERGY,JSW Energy Limited,Utilities,Utilities - Independent Power Producers,989206544384.0,98920.65,42.37,31.83,3.08,229.16,,,38.09,10.37,66.89,1.2,-39.5,,,79783903232.0,7978.39,769457782784.0,76945.78,,,,,37.0,0.12,ENERGY_UTILITIES,9,0,0,0,9,21,0,-1,0,"Strong operating margin, Forward PE improving, Energy dividend support","Negative earnings growth, Very high debt, Abnormally high dividend yield, High energy/utility leverage"
06.09.2026 at 01:31 PM IST,ORCHPHARMA,Orchid Pharma Limited,Healthcare,Drug Manufacturers - Specialty & Generic,48588902400.0,4858.89,170.16,22.81,3.77,,,,-12.26,-29.57,52.99,-1.5,,,,,,,,,,,,,,PHARMA_HEALTHCARE,0,0,0,0,5,15,0,0,0,Forward PE improving,"Negative net margin, Negative revenue growth, Very high PE"
06.09.2026 at 01:31 PM IST,PRIMESECU,Prime Securities Limited,Financial Services,Capital Markets,9564924928.0,956.49,210.19,,3.07,0.58,,,19.18,6.89,89.21,-28.8,-78.4,,,46900000.0,4.69,15100000.0,1.51,,,,,50.0,0.21,FINANCIAL,8,0,12,0,4,24,0,0,0,"Strong operating margin, Cash covers debt, Low debt","Negative revenue growth, Negative earnings growth, Very high PE, Abnormally high dividend yield"
06.09.2026 at 01:31 PM IST,PREMEXPLN,Premier Explosives Limited,Basic Materials,Specialty Chemicals,35712671744.0,3571.27,106.41,44.27,12.39,11.13,,,2.93,9.61,43.76,-27.8,-80.0,,,600718976.0,60.07,323332000.0,32.33,,,,,8.0,1.34,CHEMICALS,3,0,12,0,5,19,1,-1,0,"Cash covers debt, Low debt, Forward PE improving, Controlled chemical debt","Negative revenue growth, Negative earnings growth, Very high PE, Expensive price-to-book, Chemical earnings weakness"
06.09.2026 at 01:31 PM IST,RAMANEWS,Shree Rama Newsprint Limited,Consumer Defensive,Beverages - Non-Alcoholic,4800877568.0,480.09,,,-5.7,,,,-1.92,-206.68,43.33,6.0,,,,13674000.0,1.37,3762722048.0,376.27,,,,,,0.28,FMCG_CONSUMER,0,2,0,0,2,10,0,0,0,,Negative net margin
06.09.2026 at 01:31 PM IST,MOSCHIP,MosChip Technologies Limited,Technology,Semiconductor Equipment & Materials,41386254336.0,4138.63,153.91,,10.07,21.56,,,2.99,4.72,12.94,-14.3,-77.8,,,1492785024.0,149.28,880950016.0,88.1,,,,,,1.27,IT_TECH,0,0,10,0,0,19,0,-5,0,"Cash covers debt, Low debt","Negative revenue growth, Negative earnings growth, Very high PE, Expensive price-to-book, Expensive tech valuation without growth"
06.09.2026 at 01:31 PM IST,GOACARBON,Goa Carbon Limited,Basic Materials,Specialty Chemicals,3433017088.0,343.3,,,2.04,99.27,,,-7.77,-8.33,8.46,-67.0,,,,755945024.0,75.59,1674024960.0,167.4,,,,,,1.21,CHEMICALS,0,0,4,0,4,16,0,0,0,,"Negative net margin, Negative revenue growth"
06.09.2026 at 01:31 PM IST,AXISCADES,AXISCADES Technologies Limited,Industrials,Engineering & Construction,72736514048.0,7273.65,114.85,,10.01,52.83,,,-0.03,2.91,30.9,-24.8,,,,497783008.0,49.78,3880355072.0,388.04,,,,,,0.4,CAPITAL_GOODS_INFRA,0,0,4,0,0,11,0,-1,0,Manageable capital goods debt,"Negative revenue growth, Very high PE, Expensive price-to-book, Expensive capital goods valuation without growth"
06.09.2026 at 01:31 PM IST,ICDSLTD,ICDS Limited,Real Estate,Real Estate Services,930757696.0,93.08,142.9,,,,,,0.0,0.0,0.0,,,,,,,,,,,,,,,CEMENT_REALTY,0,0,0,0,0,5,0,0,0,,Very high PE
06.09.2026 at 01:31 PM IST,INDOSTAR,IndoStar Capital Finance Limited,Financial Services,Credit Services,41466228736.0,4146.62,,14.21,1.1,144.79,,,6.25,0.0,100.0,,-98.2,,,3223300096.0,322.33,54767599616.0,5476.76,,,,,,0.45,FINANCIAL,0,0,2,0,4,8,0,0,0,,Negative earnings growth
06.09.2026 at 01:31 PM IST,KABRAEXTRU,Kabra Extrusiontechnik Limited,Industrials,Specialty Industrial Machinery,20284243968.0,2028.42,3411.76,,4.59,32.04,,,-6.0,-0.31,36.56,-8.9,,,,438592000.0,43.86,1430444032.0,143.04,,,,,1.25,0.32,CAPITAL_GOODS_INFRA,0,0,7,0,3,15,0,-1,0,"Low debt, Manageable capital goods debt","Negative net margin, Negative revenue growth, Very high PE, Expensive capital goods valuation without growth"
06.09.2026 at 01:31 PM IST,JINDALPOLY,Jindal Poly Films Limited,Consumer Cyclical,Packaging & Containers,29472632832.0,2947.26,,,0.97,131.57,-29.93,-4.84,-82.84,-36.56,22.25,-52.5,,3.17,1.91,27688476672.0,2768.85,40037449728.0,4003.74,-1846807040.0,-184.68,-978648000.0,-97.86,88.0,-0.16,CONSUMER_DISCRETIONARY,0,0,12,0,6,37,0,0,0,Reasonable cash coverage,"Negative net margin, Negative revenue growth, Negative operating cash flow, Negative free cash flow, Abnormally high dividend yield"
06.09.2026 at 01:31 PM IST,SAYAJIHOTL,Sayaji Hotels Limited,Consumer Cyclical,Lodging,5598745088.0,559.87,,,3.6,81.22,,,-8.19,-0.67,34.23,-43.7,,,,74617000.0,7.46,1261616000.0,126.16,,,,,,-0.37,CONSUMER_DISCRETIONARY,0,0,4,0,2,16,0,0,0,,"Negative net margin, Negative revenue growth"
06.09.2026 at 01:31 PM IST,ELECTHERM,Electrotherm (India) Limited,Basic Materials,Steel,12487957504.0,1248.8,,,-8.11,,,,1.23,-0.97,26.18,9.5,-75.0,,,914499968.0,91.45,10635499520.0,1063.55,,,,,,0.68,METALS_MINING,0,5,0,0,2,18,0,-5,0,,"Negative net margin, Negative earnings growth, Cyclical earnings decline"
06.09.2026 at 01:31 PM IST,STANLEY,Stanley Lifestyles Limited,Consumer Cyclical,"Furnishings, Fixtures & Appliances",7723961344.0,772.4,162.9,,1.66,65.39,,,1.88,1.14,57.82,-8.6,-94.2,,,1830000000.0,183.0,3087000064.0,308.7,,,,,,0.76,CONSUMER_DISCRETIONARY,0,0,6,0,4,13,0,-1,0,"Reasonable cash coverage, Controlled discretionary debt","Negative revenue growth, Negative earnings growth, Very high PE, Expensive discretionary valuation without growth"
06.09.2026 at 01:31 PM IST,WANBURY,Wanbury Limited,Healthcare,Drug Manufacturers - Specialty & Generic,8540672000.0,854.07,14.98,,5.06,,,,5.49,-25.9,48.25,-19.2,,,,,,,,,,,,,,PHARMA_HEALTHCARE,0,0,0,0,8,16,0,0,0,,"Negative net margin, Negative revenue growth"
06.09.2026 at 01:31 PM IST,ENERGYDEV,Energy Development Company Limited,Utilities,Utilities - Regulated Electric,736249984.0,73.62,,,18.81,,,,-1.36,-8.75,99.1,-38.4,,,,223252992.0,22.33,1374832000.0,137.48,,,,,,0.24,ENERGY_UTILITIES,0,0,0,0,0,16,0,0,0,,"Negative net margin, Negative revenue growth, Expensive price-to-book"
06.09.2026 at 01:31 PM IST,ENIL,Entertainment Network (India) Limited,Communication Services,Broadcasting,4910052864.0,491.01,,10.3,0.65,22.5,,,-11.06,-1.47,34.08,-2.8,,,,2770717952.0,277.07,1707643008.0,170.76,,,,,1.95,0.3,TELECOM,0,0,10,0,5,10,5,-5,0,"Cash covers debt, Low debt","Negative net margin, Negative revenue growth, Telecom negative profitability"
06.09.2026 at 01:31 PM IST,KAVDEFENCE,Kavveri Defence & Wireless Technologies Limited,Technology,Communication Equipment,4014496512.0,401.45,,,2.12,3.94,,,-109.26,-17.6,50.52,-63.1,,,,177360992.0,17.74,44057000.0,4.41,,,,,,1.01,IT_TECH,0,0,12,0,4,16,0,0,0,"Cash covers debt, Low debt","Negative net margin, Negative revenue growth"
06.09.2026 at 01:31 PM IST,SALASAR,Salasar Techno Engineering Limited,Basic Materials,Steel,9106821120.0,910.68,65.12,,1.09,50.61,,,5.21,0.91,19.39,-1.5,-40.0,,,441956992.0,44.2,4223064064.0,422.31,,,,,,0.45,METALS_MINING,0,0,4,0,4,8,0,-1,0,Controlled metal sector debt,"Negative revenue growth, Negative earnings growth, Cyclical earnings decline"
06.09.2026 at 01:31 PM IST,GANGAFORGE,Ganga Forging Limited,Industrials,Metal Fabrication,288490464.0,28.85,,,0.92,78.9,,,5.59,-6.58,26.96,,,,,188000.0,0.02,67775000.0,6.78,,,,,,0.03,METALS_MINING,0,0,4,0,4,10,0,0,0,,Negative net margin
06.09.2026 at 01:31 PM IST,TVSELECT,TVS Electronics Limited,Technology,Computer Hardware,7960887296.0,796.09,,,8.22,55.94,,,-6.03,-0.39,44.8,9.6,,,,107200000.0,10.72,536700000.0,53.67,,,,,,0.75,IT_TECH,0,5,4,0,0,10,0,0,0,,Negative net margin
06.09.2026 at 01:31 PM IST,TIPSFILMS,Tips Films Limited,Communication Services,Entertainment,1428713856.0,142.87,,,4.78,630.1,,,-61.32,-45.1,-34.57,-49.7,,,,39241000.0,3.92,1883106944.0,188.31,,,,,,1.05,TELECOM,0,0,0,0,2,24,0,-10,0,,"Negative net margin, Negative revenue growth, Very high debt, Very high telecom leverage, Telecom negative profitability"
06.09.2026 at 01:31 PM IST,PANACEABIO,Panacea Biotec Limited,Healthcare,Biotechnology,23281408000.0,2328.14,,,2.96,2.79,,,1.99,-1.29,57.7,1.0,-12.2,,,848700032.0,84.87,229000000.0,22.9,,,,,,0.14,IT_TECH,0,0,12,0,4,18,0,0,0,"Cash covers debt, Low debt","Negative net margin, Negative earnings growth"
06.09.2026 at 01:31 PM IST,DGCONTENT,Digicontent Limited,Communication Services,Internet Content & Information,1424450304.0,142.45,122.75,,3.99,265.56,,,-0.01,0.24,54.38,11.6,,,,555600000.0,55.56,980700032.0,98.07,,,,,,0.06,TELECOM,0,5,2,0,2,13,0,-2,0,"Reasonable cash coverage, Telecom revenue growth support","Very high debt, Very high PE, Very high telecom leverage"
06.09.2026 at 01:31 PM IST,OSWALAGRO,Oswal Agro Mills Limited,Real Estate,Real Estate - Development,4932490752.0,493.25,,,0.55,,,,-64.75,0.0,100.0,-76.9,-70.8,,,1679421952.0,167.94,0.0,0.0,,,,,,0.07,CEMENT_REALTY,0,0,3,0,4,14,0,0,0,Net cash position,"Negative revenue growth, Negative earnings growth"
06.09.2026 at 01:31 PM IST,WILLAMAGOR,Williamson Magor & Co. Limited,Financial Services,Credit Services,278948928.0,27.89,,,-0.13,,,,-1391.5,0.0,100.0,-100.0,,,,2824000.0,0.28,5534699008.0,553.47,,,,,,0.77,FINANCIAL,0,0,0,0,2,6,0,0,0,,Negative revenue growth
06.09.2026 at 01:31 PM IST,LEXUS,Lexus Granito (India) Limited,Industrials,Building Products & Equipment,277016736.0,27.7,16.33,,1.54,305.09,,,-137.8,-4.75,70.73,-80.2,,,,152000.0,0.02,556515008.0,55.65,,,,,,-0.95,CAPITAL_GOODS_INFRA,0,0,0,0,10,24,0,0,0,,"Negative net margin, Negative revenue growth, Very high debt"
06.09.2026 at 01:31 PM IST,BCONCEPTS,Brand Concepts Limited,Consumer Cyclical,Footwear & Accessories,2128784128.0,212.88,215.89,,2.57,219.53,,,0.39,0.27,55.43,11.0,,,,60014000.0,6.0,1815580032.0,181.56,,,,,,-0.22,CONSUMER_DISCRETIONARY,0,5,0,0,4,13,0,0,0,,"Very high debt, Very high PE"
06.09.2026 at 01:31 PM IST,AHLADA,Ahlada Engineers Limited,Industrials,Building Products & Equipment,478076992.0,47.81,264.29,,0.35,27.95,,,4.6,-0.23,43.64,-12.1,-68.9,,,11096000.0,1.11,383575008.0,38.36,,,,,4.29,0.81,CAPITAL_GOODS_INFRA,0,0,7,0,6,29,0,-1,0,"Low debt, Manageable capital goods debt","Negative net margin, Negative revenue growth, Negative earnings growth, Very high PE, Expensive capital goods valuation without growth"
06.09.2026 at 01:31 PM IST,INTENTECH,Intense Technologies Limited,Technology,Software - Infrastructure,1915220864.0,191.52,,,1.55,0.12,,,-1.05,-12.83,29.67,-1.3,-30.8,,,540972992.0,54.1,1565000.0,0.16,,,,,1.22,0.96,IT_TECH,0,0,12,0,5,18,0,0,0,"Cash covers debt, Low debt","Negative net margin, Negative revenue growth, Negative earnings growth"
06.09.2026 at 01:31 PM IST,VAKRANGEE,Vakrangee Limited,Technology,Information Technology Services,6293344256.0,629.33,72.62,,2.77,1.71,,,3.75,4.42,19.4,-18.8,-33.3,,,569340992.0,56.93,38079000.0,3.81,,,,,,0.57,IT_TECH,0,0,12,0,4,14,2,-5,0,"Cash covers debt, Low debt","Negative revenue growth, Negative earnings growth, Expensive tech valuation without growth"
06.09.2026 at 01:31 PM IST,VIRINCHI,Virinchi Limited,Technology,Software - Application,1661306752.0,166.13,,,0.32,56.7,,,1.98,-9.49,59.52,-12.0,0.0,,,86593000.0,8.66,2733811968.0,273.38,,,,,,0.79,IT_TECH,0,0,4,0,4,16,0,0,0,,"Negative net margin, Negative revenue growth"
06.09.2026 at 01:31 PM IST,MFML,Mahalaxmi Fabric Mills Limited,Consumer Cyclical,Textile Manufacturing,199661168.0,19.97,,,0.2,79.12,,,4.64,-1.89,60.1,-9.6,-98.4,,,199012992.0,19.9,772924032.0,77.29,,,,,,0.26,CONSUMER_DISCRETIONARY,0,0,4,0,4,18,0,0,0,,"Negative net margin, Negative revenue growth, Negative earnings growth"
06.09.2026 at 01:31 PM IST,ACL,Andhra Cements Limited,Basic Materials,Building Materials,4017783808.0,401.78,,,4.98,1395.92,,,-11.97,-15.14,39.14,42.8,,,,443400000.0,44.34,11270700032.0,1127.07,,,,,,1.02,CEMENT_REALTY,0,10,0,0,2,18,0,0,0,Strong revenue growth,"Negative net margin, Very high debt"
06.09.2026 at 01:31 PM IST,JAYSREETEA,Jay Shree Tea & Industries Limited,Consumer Defensive,Farm Products,2864069376.0,286.41,,,0.72,105.88,,,-0.07,-2.33,41.44,8.6,,,,17760000.0,1.78,4194085120.0,419.41,,,,,57.0,0.39,GENERAL,0,5,2,0,6,15,0,0,0,,"Negative net margin, Abnormally high dividend yield"
06.09.2026 at 01:31 PM IST,VASWANI,Vaswani Industries Limited,Basic Materials,Steel,1526516352.0,152.65,,,1.0,184.54,,,8.56,-0.01,26.53,3.1,-80.0,,,162423008.0,16.24,2769882880.0,276.99,,,,,,0.86,METALS_MINING,0,2,0,0,4,18,0,-5,0,,"Negative net margin, Negative earnings growth, Cyclical earnings decline"
06.09.2026 at 01:31 PM IST,RKEC,RKEC Projects Limited,Industrials,Engineering & Construction,515797888.0,51.58,2.57,,0.26,171.85,-32.25,-5.78,-120.0,-43.14,-18.63,-77.2,,1.18,0.36,388184992.0,38.82,2602900992.0,260.29,-503089504.0,-50.31,-663086016.0,-66.31,,,CAPITAL_GOODS_INFRA,0,0,2,0,10,32,0,0,0,,"Negative net margin, Negative revenue growth, Negative operating cash flow, Negative free cash flow"
06.09.2026 at 01:31 PM IST,RADAAN,Radaan Mediaworks India Limited,Communication Services,Entertainment,160859776.0,16.09,,,-1.02,,,,-1.67,-56.44,-23.31,426.8,,,,1248000.0,0.12,146535008.0,14.65,,,,,,0.94,TELECOM,0,10,0,0,2,10,2,-2,0,"Strong revenue growth, Telecom revenue growth support","Negative net margin, Telecom negative profitability"
06.09.2026 at 01:31 PM IST,SELMC,SEL Manufacturing Company Limited,Consumer Cyclical,Textile Manufacturing,912428992.0,91.24,,,-0.23,,,,-7.51,0.0,57.63,-47.6,,,,23527000.0,2.35,9846468608.0,984.65,,,,,,-1.66,CONSUMER_DISCRETIONARY,0,0,0,0,2,6,0,0,0,,Negative revenue growth
06.09.2026 at 01:31 PM IST,AGRITECH,Agri-tech (India) Limited,Consumer Defensive,Farm Products,599939968.0,59.99,,,,,,,0.0,0.0,0.0,,,,,,,,,,,,,,,GENERAL,0,0,0,0,0,0,0,0,0,,
06.09.2026 at 01:31 PM IST,KITEX,Kitex Garments Limited,Consumer Cyclical,Apparel Manufacturing,25855201280.0,2585.52,,6.84,2.46,96.81,,,-4.67,-3.79,48.61,-19.5,,,,1522594944.0,152.26,11993771008.0,1199.38,,,,,39.0,0.46,CONSUMER_DISCRETIONARY,0,0,4,0,6,21,0,0,0,,"Negative net margin, Negative revenue growth, Abnormally high dividend yield"
06.09.2026 at 01:31 PM IST,FOODSIN,Foods and Inns Limited,Consumer Defensive,Packaged Foods,4242035712.0,424.2,17.22,7.8,0.73,76.26,,,9.32,3.09,42.34,-33.3,-45.3,,,158382000.0,15.84,4315054080.0,431.51,,,,,52.0,0.79,FMCG_CONSUMER,0,0,4,0,15,19,0,0,0,Forward PE improving,"Negative revenue growth, Negative earnings growth, Abnormally high dividend yield"
06.09.2026 at 01:31 PM IST,CEWATER,Concord Enviro Systems Limited,Utilities,Utilities - Regulated Water,5422412800.0,542.24,1007.69,,0.95,29.28,,,-23.53,-0.36,37.35,-16.6,,,,658019968.0,65.8,1673590016.0,167.36,,,,,,,ENERGY_UTILITIES,0,0,7,0,4,21,0,0,0,Low debt,"Negative net margin, Negative revenue growth, Very high PE"
06.09.2026 at 01:31 PM IST,CHEMPLASTS,Chemplast Sanmar Limited,Basic Materials,Chemicals,27036735488.0,2703.67,,58.3,1.54,111.24,,,-15.61,-9.21,34.39,2.3,,,,4320900096.0,432.09,19518400512.0,1951.84,,,,,,-0.12,CHEMICALS,0,0,2,0,4,10,0,0,0,,Negative net margin
06.09.2026 at 01:31 PM IST,BLAL,BEML Land Assets Limited,Financial Services,Shell Companies,6717257728.0,671.73,293.27,,604.12,1062.5,,,64.81,116.14,100.0,,,,,200000.0,0.02,119000000.0,11.9,,,,,,0.6,FINANCIAL,12,0,0,0,0,13,0,0,0,"Strong operating margin, Financial leverage treated differently","Very high debt, Very high PE, Expensive price-to-book, Expensive financial P/B"
06.09.2026 at 01:31 PM IST,CELEBRITY,Celebrity Fashions Limited,Consumer Cyclical,Apparel Manufacturing,440219712.0,44.02,,,3.7,605.2,,,-6.89,-7.2,50.18,-35.0,,,,265200000.0,26.52,582200000.0,58.22,,,,,,0.11,CONSUMER_DISCRETIONARY,0,0,0,0,2,24,0,0,0,,"Negative net margin, Negative revenue growth, Very high debt"
