fundamental_scan_time,symbol,company_name,sector_yf,industry_yf,market_cap,market_cap_cr,trailing_pe,forward_pe,price_to_book,debt_to_equity,roe,roa,operating_margin,net_profit_margin,gross_margin,revenue_growth,earnings_growth,current_ratio,quick_ratio,total_cash,total_cash_cr,total_debt,total_debt_cr,free_cashflow,free_cashflow_cr,operating_cashflow,operating_cashflow_cr,dividend_yield,beta
27.09.2026 at 02:56 PM IST,ADANIENSOL,Adani Energy Solutions Limited,Utilities,Utilities - Independent Power Producers,1636924653568.0,163692.47,55.24,37.09,6.32,194.5,,,24.95,9.58,43.66,42.4,124.1,,,48825597952.0,4882.56,515923509248.0,51592.35,,,,,,0.65
27.09.2026 at 02:56 PM IST,ASAL,Automotive Stampings and Assemblies Limited,Consumer Cyclical,Auto Parts,6956537856.0,695.65,23.31,,19.24,343.96,,,3.65,3.07,27.36,46.4,84.4,,,189767008.0,18.98,1243800064.0,124.38,,,,,,0.49
27.09.2026 at 02:56 PM IST,BESTAGRO,Best Agrolife Limited,Basic Materials,Agricultural Inputs,6469200896.0,646.92,21.71,,0.84,57.55,,,17.15,2.33,32.68,3.9,104.9,,,978899968.0,97.89,4424200192.0,442.42,,,,,55.0,0.03
27.09.2026 at 02:56 PM IST,BIKAJI,Bikaji Foods International Limited,Consumer Defensive,Packaged Foods,143910158336.0,14391.02,55.56,41.1,8.96,17.53,,,9.91,8.41,34.81,12.5,0.4,,,2423301888.0,242.33,2993338112.0,299.33,,,,,22.0,0.23
27.09.2026 at 02:56 PM IST,BLUSPRING,Bluspring Enterprises Limited,Industrials,Specialty Business Services,21695746048.0,2169.57,,,3.2,18.38,,,0.71,-0.31,12.97,19.1,,,,546110016.0,54.61,1358969984.0,135.9,,,,,,
27.09.2026 at 02:56 PM IST,CINEVISTA,Cinevista Limited,Communication Services,Entertainment,806408128.0,80.64,13.25,,1.42,27.13,,,30.2,22.76,49.03,61.8,,,,2901000.0,0.29,153604992.0,15.36,,,,,,0.34
27.09.2026 at 02:56 PM IST,CONTROLPR,Control Print Limited,Industrials,Business Equipment & Supplies,9465374720.0,946.54,24.27,,2.09,1.51,,,9.09,8.01,55.37,3.8,-54.2,,,589742976.0,58.97,68162000.0,6.82,,,,,1.69,0.3
27.09.2026 at 02:56 PM IST,BMWVENTLTD,BMW Ventures Limited,Basic Materials,Steel,4523921408.0,452.39,11.29,,1.02,58.38,,,3.12,1.67,9.26,25.7,-3.9,,,56979000.0,5.7,2579436032.0,257.94,,,,,5.75,
27.09.2026 at 02:56 PM IST,DATAPATTNS,Data Patterns (India) Limited,Industrials,Aerospace & Defense,247381950464.0,24738.2,92.6,54.58,14.25,0.3,,,21.93,28.46,62.25,16.8,-13.4,,,4226500096.0,422.65,52700000.0,5.27,,,,,23.0,0.54
27.09.2026 at 02:56 PM IST,DONEAR,Donear Industries Limited,Consumer Cyclical,Textile Manufacturing,4297280000.0,429.73,9.36,27.73,1.55,154.25,,,9.33,4.94,48.43,8.0,28.4,,,116789000.0,11.68,4270850048.0,427.09,,,,,24.0,0.27
27.09.2026 at 02:56 PM IST,DBEIL,Deepak Builders & Engineers India Limited,Industrials,Engineering & Construction,3088311040.0,308.83,,,0.69,39.77,,,11.36,5.12,20.49,-15.7,-98.1,,,28670000.0,2.87,1777260032.0,177.73,,,,,1.4,
27.09.2026 at 02:56 PM IST,EIHOTEL,EIH Limited,Consumer Cyclical,Lodging,184294817792.0,18429.48,25.9,21.36,3.5,4.67,,,19.72,23.14,65.66,14.5,246.3,,,10520620032.0,1052.06,2524229888.0,252.42,,,,,51.0,-0.3
27.09.2026 at 02:56 PM IST,FMNL,Future Market Networks Limited,Real Estate,Real Estate Services,534103648.0,53.41,6.61,,0.43,130.24,,,10.61,8.33,78.44,1.0,21.7,,,50329000.0,5.03,1455634048.0,145.56,,,,,,-0.05
27.09.2026 at 02:56 PM IST,EXCELSOFT,Excelsoft Technologies Limited,Technology,Software - Application,9968589824.0,996.86,21.33,16.04,1.72,1.14,,,8.1,15.73,49.93,44.1,33.3,,,1460620032.0,146.06,65770000.0,6.58,,,,,,
27.09.2026 at 02:56 PM IST,HILTON,Hilton Metal Forging Limited,Industrials,Metal Fabrication,867211392.0,86.72,10.34,,0.39,37.02,,,5.98,1.91,11.07,167.4,483.3,,,69531000.0,6.95,559139968.0,55.91,,,,,,-1.49
27.09.2026 at 02:56 PM IST,GRSE,Garden Reach Shipbuilders & Engineers Limited,Industrials,Aerospace & Defense,265646080000.0,26564.61,33.22,26.11,10.11,1.42,,,7.48,10.66,18.5,38.5,43.9,,,33880936448.0,3388.09,373977984.0,37.4,,,,,85.0,0.68
27.09.2026 at 02:56 PM IST,GLOBECIVIL,Globe Civil Projects Limited,Industrials,Engineering & Construction,2575083264.0,257.51,9.54,,1.1,64.33,,,14.54,5.88,20.06,37.1,2.6,,,221870000.0,22.19,1530169984.0,153.02,,,,,,
27.09.2026 at 02:56 PM IST,HITECH,Hi-Tech Pipes Limited,Basic Materials,Steel,14919473152.0,1491.95,19.78,13.03,1.09,20.06,,,2.94,1.56,6.61,78.5,-4.8,,,869963008.0,87.0,2675116032.0,267.51,,,,,3.0,0.76
27.09.2026 at 02:56 PM IST,IFBAGRO,IFB Agro Industries Limited,Consumer Defensive,Beverages - Wineries & Distilleries,8042601472.0,804.26,13.48,16.11,1.19,11.12,,,5.58,3.95,30.54,35.8,18.4,,,1756199936.0,175.62,748400000.0,74.84,,,,,,0.67
27.09.2026 at 02:56 PM IST,INDBANK,Indbank Merchant Banking Services Limited,Financial Services,Capital Markets,1160489856.0,116.05,15.95,,1.19,,,,44.73,29.2,94.97,4.2,12.5,,,867160000.0,86.72,0.0,0.0,,,,,,0.21
27.09.2026 at 02:56 PM IST,INDIASHLTR,India Shelter Finance Corporation Limited,Financial Services,Mortgage Finance,71447576576.0,7144.76,13.81,9.41,2.23,195.3,,,62.15,47.97,99.8,21.8,22.3,,,1883864064.0,188.39,62460370944.0,6246.04,,,,,1.53,-0.02
27.09.2026 at 02:56 PM IST,JAYSREETEA,Jay Shree Tea & Industries Limited,Consumer Defensive,Farm Products,2580781056.0,258.08,,,0.65,105.88,,,-0.07,-2.33,41.44,8.6,,,,17760000.0,1.78,4194085120.0,419.41,,,,,57.0,0.39
27.09.2026 at 02:56 PM IST,JAYBARMARU,Jay Bharat Maruti Limited,Consumer Cyclical,Auto Parts,13157787648.0,1315.78,9.52,,1.89,76.31,,,6.18,5.27,25.04,12.6,-6.0,,,725166016.0,72.52,5312058880.0,531.21,,,,,58.0,0.55
27.09.2026 at 02:56 PM IST,LATTEYS,Latteys Industries Limited,Industrials,Specialty Industrial Machinery,1188438656.0,118.84,33.34,,5.01,91.36,,,5.47,3.16,22.78,64.2,100.0,,,5598000.0,0.56,217900000.0,21.79,,,,,,1.62
27.09.2026 at 02:56 PM IST,KARMAENG,Karma Energy Limited,Utilities,Utilities - Renewable,450879712.0,45.09,51.28,,1.1,3.74,,,4.73,8.9,37.84,4.8,-28.3,,,1057000.0,0.11,15264000.0,1.53,,,,,,0.62
27.09.2026 at 02:56 PM IST,MOIL,MOIL Limited,Basic Materials,Other Industrial Metals & Mining,49219006464.0,4921.9,16.21,9.01,1.82,,,,24.64,20.3,96.83,6.6,70.4,,,7267474944.0,726.75,0.0,0.0,,,,,5.84,0.34
27.09.2026 at 02:56 PM IST,MONARCH,Monarch Networth Capital Limited,Financial Services,Capital Markets,28769099776.0,2876.91,15.9,,2.96,3.83,,,62.64,50.53,92.14,-8.3,-0.2,,,7086507008.0,708.65,372068992.0,37.21,,,,,28.0,0.22
27.09.2026 at 02:56 PM IST,NIITLTD,NIIT Limited,Consumer Defensive,Education & Training Services,12123945984.0,1212.39,130.15,28.55,1.14,0.65,,,-13.88,2.24,55.54,13.7,87.1,,,6810890240.0,681.09,69520000.0,6.95,,,,,1.13,0.09
27.09.2026 at 02:56 PM IST,NIMBSPROJ,Nimbus Projects Limited,Real Estate,Real Estate - Development,3807143424.0,380.71,,,0.46,85.08,,,-424.82,-17.53,18.62,-24.7,,,,365734016.0,36.57,2713210880.0,271.32,,,,,,0.01
27.09.2026 at 02:56 PM IST,NIRLON,Nirlon Limited,Real Estate,Real Estate Services,54530424832.0,5453.04,15.27,,11.64,244.75,,,68.47,52.92,90.73,3.3,18.8,,,2977798912.0,297.78,11468976128.0,1146.9,,,,,4.96,0.12
27.09.2026 at 02:56 PM IST,NTPCGREEN,NTPC Green Energy Limited,Utilities,Utilities - Renewable,787609026560.0,78760.9,129.82,34.26,4.22,165.28,,,58.36,18.48,100.0,62.7,38.5,,,6175000064.0,617.5,317161406464.0,31716.14,,,,,,
27.09.2026 at 02:56 PM IST,NOIDATOLL,Noida Toll Bridge Company Limited,Industrials,Infrastructure Operations,737332224.0,73.73,2.59,,-5.8,,,,34.46,64.78,43.57,8.2,31.8,,,854166976.0,85.42,429060992.0,42.91,,,,,,0.83
27.09.2026 at 02:56 PM IST,ORCHPHARMA,Orchid Pharma Limited,Healthcare,Drug Manufacturers - Specialty & Generic,54010773504.0,5401.08,333.82,25.35,4.19,28.16,,,1.0,3.46,35.85,75.9,-81.6,,,832110976.0,83.21,3625882112.0,362.59,,,,,,0.48
27.09.2026 at 02:56 PM IST,ORIENTELEC,Orient Electric Limited,Consumer Cyclical,"Furnishings, Fixtures & Appliances",34624679936.0,3462.47,31.57,19.9,4.55,12.28,,,5.03,3.13,30.32,23.5,80.5,,,921500032.0,92.15,933500032.0,93.35,,,,,92.0,0.31
27.09.2026 at 02:56 PM IST,PARACABLES,Paramount Communications Limited,Technology,Communication Equipment,19572193280.0,1957.22,30.06,,2.35,15.81,,,5.73,3.06,24.8,17.4,4.9,,,331100000.0,33.11,1229900032.0,122.99,,,,,,0.71
27.09.2026 at 02:56 PM IST,PIIND,PI Industries Limited,Basic Materials,Agricultural Inputs,364094750720.0,36409.48,31.25,22.6,3.24,3.05,,,15.49,17.88,57.63,-10.4,-38.9,,,35027001344.0,3502.7,3423000064.0,342.3,,,,,63.0,0.37
27.09.2026 at 02:56 PM IST,PRESTIGE,Prestige Estates Projects Limited,Real Estate,Real Estate - Diversified,636533145600.0,63653.31,55.87,25.81,3.91,105.49,7.75,,23.7,8.72,58.8,15.9,-19.3,,,32796000256.0,3279.6,176593993728.0,17659.4,,,,,14.0,0.44
27.09.2026 at 02:56 PM IST,PYRAMID,Pyramid Technoplast Limited,Consumer Cyclical,Packaging & Containers,5985241088.0,598.52,19.05,,2.16,66.5,,,7.39,4.24,25.84,35.8,31.9,,,58999000.0,5.9,1839766016.0,183.98,,,,,31.0,0.1
27.09.2026 at 02:56 PM IST,SEMAC,Semac Construction Limited,Industrials,Engineering & Construction,794913536.0,79.49,11.79,,1.02,32.27,,,1.34,3.0,21.15,-41.0,-62.7,,,588145024.0,58.81,280532992.0,28.05,,,,,,-0.52
27.09.2026 at 02:56 PM IST,SANDHAR,Sandhar Technologies Limited,Consumer Cyclical,Auto Parts,34632478720.0,3463.25,16.61,13.76,2.59,86.08,,,4.0,4.04,36.56,26.8,33.1,,,521190016.0,52.12,11476093952.0,1147.61,,,,,70.0,0.7
27.09.2026 at 02:56 PM IST,ROSSELLIND,Rossell India Limited,Industrials,Conglomerates,1946269056.0,194.63,16.65,,0.97,32.36,,,14.19,5.31,96.45,-15.6,-52.4,,,303759008.0,30.38,646297984.0,64.63,,,,,77.0,0.3
27.09.2026 at 02:56 PM IST,SHAKTIPUMP,Shakti Pumps (India) Limited,Industrials,Specialty Industrial Machinery,57614512128.0,5761.45,27.24,14.55,3.38,29.62,,,8.77,7.22,28.68,37.9,-48.1,,,6838900224.0,683.89,5052800000.0,505.28,,,,,21.0,-0.15
27.09.2026 at 02:56 PM IST,SHALBY,Shalby Limited,Healthcare,Medical Care Facilities,15818195968.0,1581.82,42.03,15.65,1.56,59.12,,,6.9,3.34,23.88,11.7,38.0,,,841969984.0,84.2,5945849856.0,594.58,,,,,,0.62
27.09.2026 at 02:56 PM IST,SHANTI,Shanti Overseas (India) Limited,Consumer Defensive,Farm Products,63082080.0,6.31,,,1.58,403.99,,,-23.25,-73.3,38.7,,-86.7,,,325000.0,0.03,161582000.0,16.16,,,,,,0.41
27.09.2026 at 02:56 PM IST,SHILCTECH,Shilchar Technologies Limited,Industrials,Electrical Equipment & Parts,46946004992.0,4694.6,34.12,,9.56,,,,15.6,21.78,34.91,-15.2,-49.7,,,2458964992.0,245.9,0.0,0.0,,,,,30.0,-0.3
27.09.2026 at 02:56 PM IST,SHREECEM,Shree Cement Limited,Basic Materials,Building Materials,812538462208.0,81253.85,49.75,32.67,3.49,8.01,,,9.4,7.45,61.94,18.0,-17.7,,,84986503168.0,8498.65,18681399296.0,1868.14,,,,,62.0,0.28
27.09.2026 at 02:56 PM IST,SHREYANIND,Shreyans Industries Limited,Basic Materials,Paper & Paper Products,1799265152.0,179.93,,4.74,0.42,14.39,,,-7.8,-2.23,43.74,4.2,,,,1643360000.0,164.34,614032000.0,61.4,,,,,1.15,0.31
27.09.2026 at 02:56 PM IST,SKMEGGPROD,SKM Egg Products Export (India) Limited,Consumer Defensive,Packaged Foods,11620682752.0,1162.07,10.43,,2.93,35.86,,,14.81,14.34,33.53,4.9,46.6,,,1701299968.0,170.13,1420600064.0,142.06,,,,,57.0,-0.12
27.09.2026 at 02:56 PM IST,SHYAMTEL,Shyam Telecom Limited,Technology,Communication Equipment,126713080.0,12.67,,,-0.4,,,,-112.94,0.0,100.0,,,,,1179000.0,0.12,0.0,0.0,,,,,,1.16
27.09.2026 at 02:56 PM IST,STUDDS,Studds Accessories Limited,Consumer Cyclical,Auto Parts,16134893568.0,1613.49,21.6,14.64,3.09,1.56,,,8.33,11.41,58.18,13.2,-39.3,,,845889984.0,84.59,81550000.0,8.15,,,,,73.0,
27.09.2026 at 02:56 PM IST,SURAJEST,Suraj Estate Developers Limited,Real Estate,Real Estate - Development,10632007680.0,1063.2,11.17,7.84,1.04,64.98,,,36.06,16.16,47.69,9.2,9.1,,,539041984.0,53.9,6452895744.0,645.29,,,,,,0.94
27.09.2026 at 02:56 PM IST,THERMAX,Thermax Limited,Industrials,Conglomerates,388322492416.0,38832.25,65.36,38.55,7.0,42.17,,,0.4,5.47,34.09,7.1,-83.4,,,24674000896.0,2467.4,23525300224.0,2352.53,,,,,41.0,0.3
27.09.2026 at 02:56 PM IST,SURANASOL,Surana Solar Limited,Technology,Solar,1244926976.0,124.49,19.46,,2.18,,,,0.12,18.05,14.65,7.22,36.0,,,68384000.0,6.84,0.0,0.0,,,,,,0.84
27.09.2026 at 02:56 PM IST,TOKYOPLAST,Tokyo Plast International Limited,Consumer Cyclical,Packaging & Containers,703103616.0,70.31,205.56,,1.04,77.17,,,1.79,0.43,52.14,8.9,,,,53106000.0,5.31,483780992.0,48.38,,,,,,0.59
27.09.2026 at 02:56 PM IST,TOLINS,Tolins Tyres Limited,Consumer Cyclical,Auto Parts,3481123328.0,348.11,10.85,,0.96,3.0,,,10.03,10.29,24.15,-11.7,-36.7,,,51430000.0,5.14,108330000.0,10.83,,,,,,1.2
27.09.2026 at 02:56 PM IST,VERTOZ,Vertoz Limited,Technology,Software - Infrastructure,3092996864.0,309.3,11.48,,1.43,38.59,,,11.9,8.71,26.29,15.8,13.2,,,84123000.0,8.41,881201024.0,88.12,,,,,28.0,1.44
27.09.2026 at 02:56 PM IST,VIKASECO,Vikas Ecotech Limited,Basic Materials,Specialty Chemicals,1443890176.0,144.39,104.0,,0.22,7.13,,,1.07,0.1,8.01,15.1,-50.0,,,44452000.0,4.45,297236992.0,29.72,,,,,,0.37
27.09.2026 at 02:56 PM IST,ANTELOPUS,Antelopus Selan Energy Limited,Energy,Oil & Gas E&P,44364349440.0,4436.43,33.6,,6.77,0.54,14.7,9.3,47.98,32.13,82.16,65.3,158.9,2.75,2.04,687900032.0,68.79,35500000.0,3.55,-1168062464.0,-116.81,1206000000.0,120.6,,
27.09.2026 at 02:56 PM IST,CASTROLIND,Castrol India Limited,Energy,Oil & Gas Refining & Marketing,199476314112.0,19947.63,18.79,17.06,10.47,2.78,57.0,24.88,24.78,17.07,49.34,25.0,42.1,1.51,0.85,8628799488.0,862.88,531500000.0,53.15,7049650176.0,704.97,9854600192.0,985.46,6.2,0.31
27.09.2026 at 02:56 PM IST,FOSECOIND,Foseco India Limited,Basic Materials,Chemicals,48992817152.0,4899.28,50.09,,4.88,0.2,13.25,8.98,19.47,12.84,48.82,47.2,32.7,2.87,2.5,3747717888.0,374.77,22729000.0,2.27,871677888.0,87.17,1208786944.0,120.88,39.0,0.2
27.09.2026 at 02:56 PM IST,RPGLIFE,RPG Life Sciences Limited,Healthcare,Drug Manufacturers - Specialty & Generic,50453921792.0,5045.39,42.19,32.38,8.33,3.3,,,19.11,16.29,63.81,15.8,17.0,,,2743699968.0,274.37,200000000.0,20.0,,,,,79.0,-0.22
27.09.2026 at 02:56 PM IST,MITCON,MITCON Consultancy & Engineering Services Limited,Industrials,Engineering & Construction,1511396096.0,151.14,16.04,,0.96,56.99,6.01,4.38,21.36,6.44,38.38,18.6,208.7,1.54,1.03,161176000.0,16.12,985408000.0,98.54,-35530624.0,-3.55,172823008.0,17.28,,0.43
27.09.2026 at 02:56 PM IST,LALPATHLAB,Dr. Lal PathLabs Limited,Healthcare,Diagnostics & Research,326564282368.0,32656.43,60.24,44.73,13.0,7.83,,,25.46,18.75,60.2,19.1,27.8,,,13307490304.0,1330.75,1989939968.0,198.99,,,,,1.02,0.19
27.09.2026 at 02:56 PM IST,TNPETRO,Tamilnadu Petroproducts Limited,Basic Materials,Specialty Chemicals,11959907328.0,1195.99,8.41,,1.17,45.67,,,13.7,7.98,32.38,68.5,127.0,,,3436000000.0,343.6,4647499776.0,464.75,,,,,1.13,0.36
27.09.2026 at 02:56 PM IST,AETHER,Aether Industries Limited,Basic Materials,Specialty Chemicals,234530111488.0,23453.01,98.99,59.77,9.55,18.65,,,24.91,19.12,48.7,27.5,34.1,,,56630000.0,5.66,4579369984.0,457.94,,,,,,-0.12
27.09.2026 at 02:56 PM IST,MANALIPETC,Manali Petrochemicals Limited,Basic Materials,Specialty Chemicals,14559734784.0,1455.97,8.09,,1.14,10.69,,,26.87,16.94,28.42,17.1,350.6,,,6053100032.0,605.31,1370000000.0,137.0,,,,,59.0,0.46
27.09.2026 at 02:56 PM IST,PCJEWELLER,PC Jeweller Limited,Consumer Cyclical,Luxury Goods,138387456000.0,13838.75,16.03,0.69,1.32,14.27,,,26.92,22.1,24.98,21.0,43.8,,,1361699968.0,136.17,11665600512.0,1166.56,,,,,,0.33
27.09.2026 at 02:56 PM IST,DEEPINDS,Deep Industries Limited,Energy,Oil & Gas E&P,49990397952.0,4999.04,24.21,12.8,2.5,9.61,,,33.08,21.28,54.28,39.8,45.2,,,1562123008.0,156.21,2029815040.0,202.98,,,,,32.0,-0.62
27.09.2026 at 02:56 PM IST,GNFC,Gujarat Narmada Valley Fertilizers & Chemicals Limited,Basic Materials,Chemicals,92616712192.0,9261.67,8.93,10.05,1.02,0.07,,,14.16,12.33,30.42,39.8,275.6,,,18040000512.0,1804.0,60000000.0,6.0,,,,,3.33,0.21
27.09.2026 at 02:56 PM IST,GNA,G N A Axles Limited,Consumer Cyclical,Auto Parts,26516209664.0,2651.62,20.04,16.69,2.64,21.72,12.29,6.51,5.51,8.08,36.9,7.4,21.2,2.37,1.75,379020000.0,37.9,2180838912.0,218.08,69461000.0,6.95,2139126016.0,213.91,49.0,0.49
27.09.2026 at 02:56 PM IST,ARROWGREEN,Arrow Greentech Limited,Consumer Cyclical,Packaging & Containers,13666654208.0,1366.67,21.41,,5.84,0.96,,,39.05,25.87,54.19,111.2,151.7,,,1294400000.0,129.44,22600000.0,2.26,,,,,55.0,-0.26
27.09.2026 at 02:56 PM IST,MSTCLTD,MSTC Limited,Industrials,Conglomerates,52152320000.0,5215.23,22.23,,5.77,16.04,,,58.12,60.63,100.0,21.7,37.6,,,13275807744.0,1327.58,1450019968.0,145.0,,,,,2.12,0.55
27.09.2026 at 02:56 PM IST,SHILPAMED,Shilpa Medicare Limited,Healthcare,Drug Manufacturers - Specialty & Generic,198212403200.0,19821.24,66.67,48.58,7.65,25.46,,,21.7,17.66,69.35,44.9,115.4,,,451800000.0,45.18,6598600192.0,659.86,,,,,6.0,0.37
27.09.2026 at 02:56 PM IST,MANINFRA,Man Infraconstruction Limited,Industrials,Engineering & Construction,51676758016.0,5167.68,24.29,,2.31,2.77,,,31.33,33.54,51.65,19.4,21.2,,,6835828224.0,683.58,639787008.0,63.98,,,,,1.25,0.47
27.09.2026 at 02:56 PM IST,INDSWFTLAB,Ind-Swift Laboratories Limited,Healthcare,Drug Manufacturers - Specialty & Generic,35112361984.0,3511.24,60.26,,2.44,1.48,,,13.5,8.5,57.34,25.4,142.7,,,4417501184.0,441.75,205012992.0,20.5,,,,,,0.8
27.09.2026 at 02:56 PM IST,SAKAR,Sakar Healthcare Limited,Healthcare,Drug Manufacturers - Specialty & Generic,24931805184.0,2493.18,82.67,27.77,7.78,21.74,,,20.15,13.27,52.6,38.4,119.0,,,2597000.0,0.26,705339008.0,70.53,,,,,,0.44
27.09.2026 at 02:56 PM IST,MARKSANS,Marksans Pharma Limited,Healthcare,Drug Manufacturers - General,152693522432.0,15269.35,29.58,23.95,5.05,11.25,,,22.38,16.29,55.24,35.6,169.0,,,9908809728.0,990.88,3433789952.0,343.38,,,,,27.0,1.15
27.09.2026 at 02:56 PM IST,ALMONDZ,Almondz Global Securities Limited,Financial Services,Capital Markets,3739356672.0,373.94,11.19,,1.42,16.82,,,18.43,16.67,56.84,42.7,70.0,,,72100000.0,7.21,493400000.0,49.34,,,,,,0.43
27.09.2026 at 02:56 PM IST,TATVA,Tatva Chintan Pharma Chem Limited,Basic Materials,Specialty Chemicals,41946632192.0,4194.66,81.32,43.88,5.37,15.4,,,13.01,9.24,56.57,42.9,140.5,,,87910000.0,8.79,1203730048.0,120.37,,,,,11.0,0.29
27.09.2026 at 02:56 PM IST,DIVISLAB,Divi's Laboratories Limited,Healthcare,Drug Manufacturers - Specialty & Generic,2553674989568.0,255367.5,86.96,63.93,15.24,0.04,,,36.66,26.05,61.24,27.8,65.7,,,32330000384.0,3233.0,70000000.0,7.0,,,,,31.0,0.24
27.09.2026 at 02:56 PM IST,FINCABLES,Finolex Cables Limited,Industrials,Electrical Equipment & Parts,223429099520.0,22342.91,27.93,20.09,3.67,0.31,,,11.06,11.53,18.69,44.3,53.2,,,20693999616.0,2069.4,191400000.0,19.14,,,,,62.0,0.62
27.09.2026 at 02:56 PM IST,SONACOMS,Sona BLW Precision Forgings Limited,Consumer Cyclical,Auto Parts,514593914880.0,51459.39,73.55,48.88,8.57,7.21,,,16.64,14.21,49.92,52.4,44.3,,,12289000448.0,1228.9,4422870016.0,442.29,,,,,44.0,0.45
27.09.2026 at 02:56 PM IST,WELCORP,Welspun Corp Limited,Basic Materials,Steel,746914971648.0,74691.5,32.37,26.09,8.16,25.04,,,13.91,13.35,38.4,14.9,198.3,,,37637300224.0,3763.73,23554500608.0,2355.45,,,,,18.0,0.53
27.09.2026 at 02:56 PM IST,QPOWER,Quality Power Electrical Equipments Limited,Industrials,Electrical Equipment & Parts,117544648704.0,11754.46,88.5,37.29,21.69,5.2,,,15.95,13.29,40.33,31.7,49.5,,,2530749952.0,253.07,401750016.0,40.18,,,,,7.0,
27.09.2026 at 02:56 PM IST,EMUDHRA,eMudhra Limited,Technology,Software - Application,53611343872.0,5361.13,46.94,30.82,5.88,3.15,,,19.73,15.44,33.76,29.5,29.3,,,1085629952.0,108.56,287760000.0,28.78,,,,,19.0,0.17
27.09.2026 at 02:56 PM IST,FCL,Fineotex Chemical Limited,Basic Materials,Specialty Chemicals,70429007872.0,7042.9,224.0,28.8,5.7,0.87,,,14.54,12.09,33.83,174.8,88.1,,,732326016.0,73.23,81964000.0,8.2,,,,,21.0,0.67
27.09.2026 at 02:56 PM IST,SHANTIGOLD,Shanti Gold International Limited,Consumer Cyclical,Luxury Goods,24992509952.0,2499.25,13.89,11.19,3.59,36.14,,,9.9,6.4,9.92,144.7,53.5,,,491750016.0,49.18,2162439936.0,216.24,,,,,,
27.09.2026 at 02:56 PM IST,MOREPENLAB,Morepen Laboratories Limited,Healthcare,Drug Manufacturers - Specialty & Generic,65962668032.0,6596.27,47.02,,5.43,16.67,,,13.01,7.2,37.1,34.1,415.0,,,916993984.0,91.7,2078552064.0,207.86,,,,,17.0,0.9
27.09.2026 at 02:56 PM IST,GALAPREC,Gala Precision Engineering Limited,Industrials,Specialty Industrial Machinery,14720687104.0,1472.07,40.64,,5.02,13.04,,,12.06,11.37,58.76,19.5,24.5,,,114500000.0,11.45,381400000.0,38.14,,,,,,0.01
27.09.2026 at 02:56 PM IST,ELLEN,Ellenbarrie Industrial Gases Limited,Basic Materials,Chemicals,51934769152.0,5193.48,42.9,30.2,5.32,18.87,,,31.76,33.83,65.25,18.0,74.6,,,841969984.0,84.2,1844169984.0,184.42,,,,,,
27.09.2026 at 02:56 PM IST,BUILDPRO,Shankara Buildpro Limited,Consumer Cyclical,Home Improvement Retail,30944565248.0,3094.46,23.58,,5.67,11.14,25.52,9.61,3.43,1.87,5.34,27.9,41.4,1.46,0.95,628300032.0,62.83,608099968.0,60.81,640737472.0,64.07,895299968.0,89.53,39.0,
27.09.2026 at 02:56 PM IST,SUDEEPPHRM,Sudeep Pharma Limited,Healthcare,Drug Manufacturers - Specialty & Generic,131573858304.0,13157.39,71.95,60.2,14.9,16.75,,,32.17,27.03,63.71,26.7,28.2,,,1146456064.0,114.65,1504226048.0,150.42,,,,,13.0,
27.09.2026 at 02:56 PM IST,AVTNPL,AVT Natural Products Limited,Basic Materials,Specialty Chemicals,14098453504.0,1409.85,16.83,52.01,2.52,20.31,,,15.25,10.19,49.68,82.2,155.0,,,1471576960.0,147.16,1136055040.0,113.61,,,,,97.0,0.47
27.09.2026 at 02:56 PM IST,SBCL,Shivalik Bimetal Controls Limited,Industrials,Metal Fabrication,66504048640.0,6650.4,62.88,39.81,13.76,14.78,,,21.55,17.21,44.81,33.4,44.7,,,1046953984.0,104.7,711360000.0,71.14,,,,,35.0,0.65
27.09.2026 at 02:56 PM IST,INDOBORAX,Indo Borax & Chemicals Limited,Basic Materials,Chemicals,14438895616.0,1443.89,25.64,,3.74,0.37,13.93,7.44,26.24,23.33,46.44,25.2,42.0,20.85,14.24,2113137024.0,211.31,14300000.0,1.43,178776128.0,17.88,871505984.0,87.15,2.22,0.86
27.09.2026 at 02:56 PM IST,CAPLIPOINT,Caplin Point Laboratories Limited,Healthcare,Drug Manufacturers - Specialty & Generic,215500767232.0,21550.08,32.47,25.61,6.14,0.13,,,31.43,29.09,59.97,19.6,15.9,,,10067500032.0,1006.75,46100000.0,4.61,,,,,28.0,0.37
27.09.2026 at 02:56 PM IST,ELANTAS,ELANTAS Beck India Limited,Basic Materials,Specialty Chemicals,110044151808.0,11004.42,61.79,,9.97,,17.43,10.51,26.72,18.8,40.2,35.0,80.4,5.85,5.09,7182132224.0,718.21,0.0,0.0,711817472.0,71.18,1572067968.0,157.21,5.0,0.1
27.09.2026 at 02:56 PM IST,NRBBEARING,NRB Bearings Limited,Consumer Cyclical,Auto Parts,51834204160.0,5183.42,35.09,26.87,5.38,15.65,,,12.26,10.58,59.27,19.2,14.8,,,666499968.0,66.65,1538800000.0,153.88,,,,,2.29,0.57
27.09.2026 at 02:56 PM IST,CYIENTDLM,Cyient DLM Limited,Industrials,Aerospace & Defense,73920004096.0,7392.0,90.08,52.85,7.3,17.02,,,7.51,6.05,38.65,34.3,118.1,,,1000329984.0,100.03,1722739968.0,172.27,,,,,,0.44
27.09.2026 at 02:56 PM IST,MACPOWER,Macpower CNC Machines Limited,Industrials,Specialty Industrial Machinery,20633579520.0,2063.36,52.91,,11.78,0.39,,,13.94,10.59,38.58,56.1,110.5,,,66219000.0,6.62,6809000.0,0.68,,,,,7.0,-0.42
27.09.2026 at 02:56 PM IST,LAURUSLABS,Laurus Labs Limited,Healthcare,Drug Manufacturers - Specialty & Generic,1084406562816.0,108440.66,99.01,69.35,20.44,46.37,,,25.39,15.04,59.45,29.1,125.2,,,1136999936.0,113.7,25184800768.0,2518.48,,,,,12.0,0.36
27.09.2026 at 02:56 PM IST,NAVINFLUOR,Navin Fluorine International Limited,Basic Materials,Chemicals,440454479872.0,44045.45,55.56,42.68,11.07,32.09,,,30.18,21.73,56.75,44.1,100.9,,,13030500352.0,1303.05,12754799616.0,1275.48,,,,,18.0,0.26
27.09.2026 at 02:56 PM IST,ACE,Action Construction Equipment Limited,Industrials,Farm & Heavy Construction Machinery,145999609856.0,14599.96,33.44,26.04,7.26,0.39,,,13.84,12.8,32.23,20.5,22.3,,,6374600192.0,637.46,79000000.0,7.9,,,,,16.0,0.39
27.09.2026 at 02:56 PM IST,ENGINERSIN,Engineers India Limited,Industrials,Engineering & Construction,177408671744.0,17740.87,22.64,22.39,5.65,0.53,,,14.23,20.22,28.52,-5.8,142.2,,,14473662464.0,1447.37,168019008.0,16.8,,,,,1.58,0.94
27.09.2026 at 02:56 PM IST,OFSS,Oracle Financial Services Software Limited,Technology,Software - Infrastructure,938088726528.0,93808.87,27.55,23.76,13.54,0.57,49.9,30.94,59.57,38.15,58.6,68.7,120.2,4.41,3.95,47734001664.0,4773.4,393000000.0,39.3,30884249600.0,3088.42,36011999232.0,3601.2,6.17,0.51
27.09.2026 at 02:56 PM IST,CHEVIOT,Cheviot Company Limited,Consumer Cyclical,Textile Manufacturing,6909770240.0,690.98,10.12,,0.98,1.22,,,11.22,11.41,36.53,42.5,57.7,,,303140000.0,30.31,85861000.0,8.59,,,,,2.11,0.3
27.09.2026 at 02:56 PM IST,HINDCON,Hindcon Chemicals Limited,Basic Materials,Specialty Chemicals,1412861184.0,141.29,32.86,,2.47,18.59,,,13.03,6.06,27.34,43.1,80.0,,,189219008.0,18.92,107991000.0,10.8,,,,,,0.41
27.09.2026 at 02:56 PM IST,KINGFA,Kingfa Science & Technology (India) Limited,Basic Materials,Specialty Chemicals,84526735360.0,8452.67,36.63,,6.04,1.1,,,15.83,10.16,24.53,49.1,80.1,,,4208699904.0,420.87,154038000.0,15.4,,,,,32.0,0.7
27.09.2026 at 02:56 PM IST,AKUMS,Akums Drugs and Pharmaceuticals Limited,Healthcare,Drug Manufacturers - Specialty & Generic,125474791424.0,12547.48,43.11,24.01,3.79,5.76,,,11.45,6.48,41.09,13.9,57.3,,,16805980160.0,1680.6,1917379968.0,191.74,,,,,12.0,0.58
27.09.2026 at 02:56 PM IST,IOLCP,IOL Chemicals and Pharmaceuticals Limited,Healthcare,Drug Manufacturers - Specialty & Generic,59935383552.0,5993.54,35.7,19.63,3.33,7.53,,,10.86,6.66,35.39,37.1,89.7,,,2003000064.0,200.3,1354200064.0,135.42,,,,,49.0,0.53
27.09.2026 at 02:56 PM IST,GHCLTEXTIL,GHCL Textiles Limited,Consumer Cyclical,Textile Manufacturing,13297893376.0,1329.79,13.82,,0.89,8.93,,,13.16,6.59,26.86,52.7,192.2,,,136300000.0,13.63,1342200064.0,134.22,,,,,43.0,0.69
27.09.2026 at 02:56 PM IST,GRAPHITE,Graphite India Limited,Industrials,Electrical Equipment & Parts,160344752128.0,16034.48,75.16,15.81,2.74,6.29,,,14.37,7.04,51.77,26.6,28.4,,,29133299712.0,2913.33,3686700032.0,368.67,,,,,85.0,0.97
27.09.2026 at 02:56 PM IST,DMCC,DMCC Speciality Chemicals Limited,Basic Materials,Chemicals,7615408640.0,761.54,19.05,,3.07,34.87,,,12.02,5.65,22.12,99.2,163.0,,,44552000.0,4.46,865323008.0,86.53,,,,,82.0,0.28
27.09.2026 at 02:56 PM IST,GESHIP,The Great Eastern Shipping Company Limited,Industrials,Marine Shipping,211053592576.0,21105.36,5.72,7.43,1.26,6.41,,,54.43,60.31,66.67,66.9,159.4,,,83052396544.0,8305.24,10871499776.0,1087.15,,,,,3.85,0.42
27.09.2026 at 02:56 PM IST,SANSERA,Sansera Engineering Limited,Consumer Cyclical,Auto Parts,291016540160.0,29101.65,90.09,51.42,9.4,19.02,,,13.14,9.28,58.57,33.3,38.3,,,3989530112.0,398.95,5911529984.0,591.15,,,,,9.0,0.78
27.09.2026 at 02:56 PM IST,GLAND,Gland Pharma Limited,Healthcare,Drug Manufacturers - Specialty & Generic,481369653248.0,48136.97,42.56,30.25,4.64,2.74,,,21.0,16.78,59.16,19.6,46.9,,,33591060480.0,3359.11,2835899904.0,283.59,,,,,69.0,0.59
27.09.2026 at 02:56 PM IST,IKS,Inventurus Knowledge Solutions Limited,Healthcare,Health Information Services,304613982208.0,30461.4,40.65,25.21,10.85,26.87,,,29.17,22.82,49.59,20.7,27.9,,,6089560064.0,608.96,7525150208.0,752.52,,,,,,
27.09.2026 at 02:56 PM IST,SOTL,Savita Oil Technologies Limited,Basic Materials,Specialty Chemicals,48897290240.0,4889.73,11.82,11.75,2.69,0.1,,,24.17,8.53,23.65,49.6,414.8,,,3028477952.0,302.85,17806000.0,1.78,,,,,70.0,0.56
27.09.2026 at 02:56 PM IST,YATHARTH,Yatharth Hospital & Trauma Care Services Limited,Healthcare,Medical Care Facilities,108051783680.0,10805.18,59.94,35.88,6.07,14.61,,,16.16,13.2,62.23,52.3,11.9,,,2633600000.0,263.36,2640920064.0,264.09,,,,,9.0,1.0
27.09.2026 at 02:56 PM IST,VSSL,Vardhman Special Steels Limited,Basic Materials,Steel,39786156032.0,3978.62,27.54,18.45,3.26,7.28,,,12.08,7.93,31.26,12.1,74.9,,,2133616000.0,213.36,930052992.0,93.01,,,,,85.0,0.48
27.09.2026 at 02:56 PM IST,KROSS,Kross Limited,Consumer Cyclical,Auto Parts,17681944576.0,1768.19,29.93,,3.53,10.97,,,10.6,8.05,45.42,32.3,24.1,,,253740000.0,25.37,537219968.0,53.72,,,,,,0.9
27.09.2026 at 02:56 PM IST,TALBROAUTO,Talbros Automotive Components Limited,Consumer Cyclical,Auto Parts,28231370752.0,2823.14,25.25,,3.8,11.27,,,12.84,12.41,48.52,15.3,35.0,,,1137810944.0,113.78,836984000.0,83.7,,,,,16.0,0.42
27.09.2026 at 02:56 PM IST,LLOYDSENGG,Lloyds Engineering Works Limited,Industrials,Specialty Industrial Machinery,152724422656.0,15272.44,57.64,,8.73,6.45,,,11.22,13.88,20.73,142.9,91.7,,,3363899904.0,336.39,1085699968.0,108.57,,,,,25.0,1.18
27.09.2026 at 02:56 PM IST,MVGJL,Manoj Vaibhav Gems 'N' Jewellers Limited,Consumer Cyclical,Luxury Goods,10960389120.0,1096.04,8.99,,1.32,58.92,,,5.91,4.19,12.78,30.1,33.6,,,1086000000.0,108.6,4910400000.0,491.04,,,,,,0.76
27.09.2026 at 02:56 PM IST,RGL,Renaissance Global Limited,Consumer Cyclical,Luxury Goods,17987571712.0,1798.76,16.45,,1.19,41.55,,,5.82,3.56,24.0,47.2,301.7,,,2027497984.0,202.75,6413670912.0,641.37,,,,,,0.25
27.09.2026 at 02:56 PM IST,IPCALAB,Ipca Laboratories Limited,Healthcare,Drug Manufacturers - Specialty & Generic,500000292864.0,50000.03,38.17,28.03,6.2,8.49,,,20.04,12.93,67.73,20.8,72.4,,,11955800064.0,1195.58,8087600128.0,808.76,,,,,30.0,0.06
27.09.2026 at 02:56 PM IST,MARINE,Marine Electricals (India) Limited,Industrials,Electrical Equipment & Parts,57902002176.0,5790.2,90.14,,11.66,17.66,,,9.1,6.61,28.82,55.2,48.2,,,1480852992.0,148.09,885976000.0,88.6,,,,,7.0,1.12
27.09.2026 at 02:56 PM IST,AARTIPHARM,Aarti Pharmalabs Limited,Healthcare,Drug Manufacturers - Specialty & Generic,85198217216.0,8519.82,41.65,36.85,4.01,37.36,,,19.15,10.4,54.19,38.7,53.7,,,96159000.0,9.62,7937210880.0,793.72,,,,,43.0,0.27
27.09.2026 at 02:56 PM IST,EMIL,Electronics Mart India Limited,Consumer Cyclical,Specialty Retail,77034397696.0,7703.44,37.28,30.74,4.75,122.81,,,8.16,2.62,15.28,39.1,460.7,,,497470016.0,49.75,19969849344.0,1996.98,,,,,,0.52
27.09.2026 at 02:56 PM IST,DICIND,DIC India Limited,Basic Materials,Specialty Chemicals,6025998336.0,602.6,20.81,15.35,1.36,0.74,,,6.84,2.94,26.51,25.4,227.2,2.04,1.24,153843008.0,15.38,32700000.0,3.27,,,-391732992.0,-39.17,46.0,0.12
27.09.2026 at 02:56 PM IST,PLAZACABLE,Plaza Wires Limited,Industrials,Electrical Equipment & Parts,2622499584.0,262.25,24.47,,2.03,24.76,,,7.74,3.13,21.27,38.1,312.0,,,580000.0,0.06,320870016.0,32.09,,,,,,1.21
27.09.2026 at 02:56 PM IST,SAHYADRI,Sahyadri Industries Limited,Industrials,Building Products & Equipment,3969128448.0,396.91,8.87,,0.98,4.08,,,12.9,6.19,42.7,20.5,146.1,,,460700000.0,46.07,165900000.0,16.59,,,,,1.1,0.51
27.09.2026 at 02:56 PM IST,UNIMECH,Unimech Aerospace and Manufacturing Limited,Industrials,Aerospace & Defense,84756914176.0,8475.69,118.34,54.24,11.49,17.19,,,29.08,25.26,68.59,70.9,45.5,,,5917983744.0,591.8,1267284992.0,126.73,,,,,,
27.09.2026 at 02:56 PM IST,IRISDOREME,Iris Clothings Limited,Consumer Cyclical,Apparel Manufacturing,12590427136.0,1259.04,71.9,,8.83,24.2,,,13.15,8.76,40.96,26.3,50.0,,,10733000.0,1.07,343131008.0,34.31,,,,,,0.02
27.09.2026 at 02:56 PM IST,DVL,Dhunseri Ventures Limited,Financial Services,Capital Markets,10148421632.0,1014.84,5.37,,0.31,28.95,,,42.63,39.07,39.46,32.5,144.5,,,8078050816.0,807.81,9518196736.0,951.82,,,,,1.73,0.74
27.09.2026 at 02:56 PM IST,BEPL,Bhansali Engineering Polymers Limited,Basic Materials,Chemicals,31463176192.0,3146.32,15.73,21.72,2.9,,,,17.06,13.88,32.7,53.3,43.5,,,3972801024.0,397.28,0.0,0.0,,,,,3.16,0.19
27.09.2026 at 02:56 PM IST,IBULLSLTD,Indiabulls Limited,Real Estate,Real Estate - Development,66855059456.0,6685.51,15.62,,2.25,14.75,,,44.35,36.06,86.56,19220.0,,,,7495099904.0,749.51,4585500160.0,458.55,,,,,,0.93
27.09.2026 at 02:56 PM IST,SURAKSHA,Suraksha Diagnostic Limited,Healthcare,Diagnostics & Research,17879324672.0,1787.93,49.97,35.03,7.28,53.53,,,21.8,11.0,88.41,20.7,38.9,,,263484000.0,26.35,1303410944.0,130.34,,,,,15.0,
27.09.2026 at 02:56 PM IST,VIJAYA,Vijaya Diagnostic Centre Limited,Healthcare,Diagnostics & Research,155897331712.0,15589.73,83.35,55.1,16.26,44.15,,,31.79,21.87,88.47,22.8,37.3,,,2891252992.0,289.13,4225850112.0,422.59,,,,,13.0,0.36
27.09.2026 at 02:56 PM IST,PGIL,Pearl Global Industries Limited,Consumer Cyclical,Apparel Manufacturing,122783703040.0,12278.37,39.52,24.86,8.4,65.57,,,9.04,5.83,48.51,24.5,48.5,,,7469975040.0,747.0,9428482048.0,942.85,,,,,79.0,0.07
27.09.2026 at 02:56 PM IST,DOLPHIN,Dolphin Offshore Enterprises (India) Limited,Energy,Oil & Gas Equipment & Services,27501148160.0,2750.11,38.17,,7.78,57.5,,,47.65,50.42,76.69,160.6,30.7,,,437564992.0,43.76,2032076032.0,203.21,,,,,,0.06
27.09.2026 at 02:56 PM IST,PASUPTAC,Pasupati Acrylon Limited,Consumer Cyclical,Textile Manufacturing,6762530304.0,676.25,7.08,,1.55,24.6,,,15.06,9.26,32.68,10.3,14.35,,,1499800064.0,149.98,1071100032.0,107.11,,,,,,0.62
27.09.2026 at 02:56 PM IST,GRANULES,Granules India Limited,Healthcare,Drug Manufacturers - Specialty & Generic,236950208512.0,23695.02,32.26,21.87,4.23,29.73,,,17.56,11.76,62.0,22.0,53.4,,,9343949824.0,934.39,15120409600.0,1512.04,,,,,20.0,0.13
27.09.2026 at 02:56 PM IST,JAGSNPHARM,Jagsonpal Pharmaceuticals Limited,Healthcare,Drug Manufacturers - Specialty & Generic,15980822528.0,1598.08,36.11,,6.15,2.96,,,18.36,15.48,63.9,8.8,25.3,,,1061200000.0,106.12,81650000.0,8.16,,,,,1.03,-0.28
27.09.2026 at 02:56 PM IST,ONEPOINT,One Point One Solutions Limited,Industrials,Specialty Business Services,18300399616.0,1830.04,40.7,,4.12,47.64,,,15.77,11.21,37.8,129.4,72.2,,,609569984.0,60.96,2203043072.0,220.3,,,,,,0.57
27.09.2026 at 02:56 PM IST,IGPL,I G Petrochemicals Limited,Basic Materials,Chemicals,18265966592.0,1826.6,22.37,15.57,1.37,27.14,,,15.3,3.94,24.2,31.4,,,,1996513024.0,199.65,3616896000.0,361.69,,,,,84.0,0.22
27.09.2026 at 02:56 PM IST,SHAREINDIA,Share India Securities Limited,Financial Services,Capital Markets,45870206976.0,4587.02,12.66,,1.76,27.93,,,40.55,25.61,65.51,32.9,47.0,,,34414874624.0,3441.49,7413736960.0,741.37,,,,,95.0,-0.13
27.09.2026 at 02:56 PM IST,GEEKAYWIRE,Geekay Wires Limited,Industrials,Electrical Equipment & Parts,3438708224.0,343.87,21.64,,0.19,88.86,17.42,8.69,9.57,6.46,23.7,3.5,7.0,3.5,1.36,173100000.0,17.31,1576999936.0,157.7,-435660640.0,-43.57,182056000.0,18.21,1.06,0.53
27.09.2026 at 02:56 PM IST,AHCL,Anlon Healthcare Limited,Healthcare,Drug Manufacturers - Specialty & Generic,16748038144.0,1674.8,45.67,,6.17,17.13,,,16.59,13.98,35.04,163.0,,,,43759000.0,4.38,436527008.0,43.65,,,,,,
27.09.2026 at 02:56 PM IST,INDGN,Indegene Limited,Healthcare,Health Information Services,146640011264.0,14664.0,36.64,22.41,4.67,5.04,,,12.24,10.52,97.96,39.7,-0.2,,,14814000128.0,1481.4,1583000064.0,158.3,,,,,37.0,0.74
27.09.2026 at 02:56 PM IST,BOSCH-HCIL,Bosch Home Comfort India Limited,Consumer Cyclical,"Furnishings, Fixtures & Appliances",49259003904.0,4925.9,1111.41,,9.86,16.32,,,2.54,0.16,30.48,28.5,48.2,,,557299968.0,55.73,816800000.0,81.68,,,,,3.81,0.66
27.09.2026 at 02:56 PM IST,PLASTIBLEN,Plastiblends India Limited,Basic Materials,Specialty Chemicals,5275547648.0,527.55,12.34,,1.18,4.97,,,8.24,5.27,26.05,11.0,67.6,,,466532992.0,46.65,223107008.0,22.31,,,,,1.48,0.35
27.09.2026 at 02:56 PM IST,SSWL,Steel Strips Wheels Limited,Consumer Cyclical,Auto Parts,59564158976.0,5956.42,28.1,17.95,3.3,45.9,,,8.26,3.86,34.38,27.2,46.5,,,114001000.0,11.4,8283693056.0,828.37,,,,,40.0,0.48
27.09.2026 at 02:56 PM IST,INDNIPPON,India Nippon Electricals Limited,Consumer Cyclical,Auto Parts,29819559936.0,2981.96,25.97,53.83,3.63,0.23,,,8.81,10.01,29.26,35.5,16.5,,,1677699968.0,167.77,19000000.0,1.9,,,,,1.18,0.4
27.09.2026 at 02:56 PM IST,KIRIINDUS,Kiri Industries Limited,Basic Materials,Specialty Chemicals,36331159552.0,3633.12,0.59,,0.53,0.65,,,1.27,6.16,24.69,54.5,24.65,,,41109336064.0,4110.93,418432992.0,41.84,,,,,,-0.13
27.09.2026 at 02:56 PM IST,KDDL,KDDL Limited,Consumer Cyclical,Luxury Goods,49607913472.0,4960.79,51.02,31.29,4.59,26.69,,,9.53,4.18,41.06,36.3,43.7,,,7350400000.0,735.04,5118300160.0,511.83,,,,,57.0,0.46
27.09.2026 at 02:56 PM IST,KTKBANK,The Karnataka Bank Limited,Financial Services,Banks - Regional,126879883264.0,12687.99,8.84,8.15,0.96,,,,43.62,41.45,0.0,26.1,43.3,,,77356302336.0,7735.63,53290000384.0,5329.0,,,,,1.49,0.3
27.09.2026 at 02:56 PM IST,RAIN,Rain Industries Limited,Basic Materials,Specialty Chemicals,73777422336.0,7377.74,13.74,-144.31,0.92,130.48,8.55,5.11,13.45,2.91,41.77,17.4,389.4,1.78,0.78,16163819520.0,1616.38,107946393600.0,10794.64,-3674508800.0,-367.45,12816619520.0,1281.66,46.0,1.11
27.09.2026 at 02:56 PM IST,SYRMA,Syrma SGS Technology Limited,Technology,Electronic Components,333742014464.0,33374.2,89.26,55.45,11.58,13.04,,,8.76,6.74,25.41,68.3,86.0,,,8079860224.0,807.99,3998919936.0,399.89,,,,,9.0,0.21
27.09.2026 at 02:56 PM IST,MANINDS,Man Industries (India) Limited,Basic Materials,Steel,76536012800.0,7653.6,37.6,13.55,3.55,30.1,,,10.79,5.27,40.09,41.9,95.2,,,7279799808.0,727.98,6279799808.0,627.98,,,,,,0.53
27.09.2026 at 02:56 PM IST,SETL,Standard Engineering Technology Limited,Industrials,Specialty Industrial Machinery,80305364992.0,8030.54,94.27,,10.21,10.37,,,13.99,10.08,32.59,43.1,25.7,,,1986700032.0,198.67,826836992.0,82.68,,,,,,
27.09.2026 at 02:56 PM IST,CPPLUS,Aditya Infotech Limited,Industrials,Building Products & Equipment,452186865664.0,45218.69,90.91,48.91,23.14,9.6,,,13.61,9.77,30.2,89.5,303.7,,,2882299904.0,288.23,1802599936.0,180.26,,,,,4.0,
27.09.2026 at 02:56 PM IST,LENSKART,Lenskart Solutions Limited,Healthcare,Medical Instruments & Supplies,1178210533376.0,117821.05,178.54,95.27,13.52,34.98,,,10.46,6.8,68.97,43.3,258.1,,,36740300800.0,3674.03,30965960704.0,3096.6,,,,,,
27.09.2026 at 02:56 PM IST,VINCOFE,Vintage Coffee and Beverages Limited,Consumer Defensive,Beverages - Non-Alcoholic,26828521472.0,2682.85,33.24,,4.72,21.72,,,17.87,12.86,27.4,58.5,31.2,,,860544000.0,86.05,1236252032.0,123.63,,,,,8.0,0.34
27.09.2026 at 02:56 PM IST,TDPOWERSYS,TD Power Systems Limited,Industrials,Specialty Industrial Machinery,235766382592.0,23576.64,84.07,50.52,21.91,1.69,,,17.88,12.95,32.66,72.1,72.0,,,1436436992.0,143.64,181074000.0,18.11,,,,,14.0,0.57
27.09.2026 at 02:56 PM IST,BANARBEADS,Banaras Beads Limited,Consumer Cyclical,Footwear & Accessories,817169088.0,81.72,43.46,,1.42,35.61,,,14.5,6.65,64.44,45.9,17.4,,,53745000.0,5.37,205291008.0,20.53,,,,,,0.45
27.09.2026 at 02:56 PM IST,SAILIFE,Sai Life Sciences Limited,Healthcare,Diagnostics & Research,338212257792.0,33821.23,93.44,63.73,13.55,11.61,,,18.41,16.07,74.46,11.7,20.8,,,1578630016.0,157.86,2884519936.0,288.45,,,,,,
27.09.2026 at 02:56 PM IST,REDINGTON,Redington Limited,Technology,Information Technology Services,318377623552.0,31837.76,18.69,13.32,3.13,27.26,,,1.88,1.33,4.91,34.6,76.7,,,11100699648.0,1110.07,28416200704.0,2841.62,,,,,1.47,0.9
27.09.2026 at 02:56 PM IST,SOMANYCERA,Somany Ceramics Limited,Industrials,Building Products & Equipment,25347964928.0,2534.8,23.86,17.54,3.01,40.69,,,7.69,3.62,48.49,24.0,242.9,,,1459587968.0,145.96,3743261952.0,374.33,,,,,1.46,0.75
27.09.2026 at 02:56 PM IST,OBEROIRLTY,Oberoi Realty Limited,Real Estate,Real Estate - Development,675754737664.0,67575.47,25.71,17.41,3.77,15.77,,,53.74,41.59,62.61,31.7,28.9,,,32888037376.0,3288.8,28253941760.0,2825.39,,,,,43.0,0.32
27.09.2026 at 02:56 PM IST,MUKANDLTD,Mukand Limited,Basic Materials,Steel,24137986048.0,2413.8,3.82,,1.59,111.45,,,-0.79,12.35,33.52,20.7,97.5,,,309100000.0,30.91,16967100416.0,1696.71,,,,,1.2,0.7
27.09.2026 at 02:56 PM IST,KAJARIACER,Kajaria Ceramics Limited,Industrials,Building Products & Equipment,191415959552.0,19141.6,35.59,28.11,6.33,7.3,,,16.42,10.8,38.84,20.4,55.4,,,7551200256.0,755.12,2285900032.0,228.59,,,,,99.0,0.47
27.09.2026 at 02:56 PM IST,PERSISTENT,Persistent Systems Limited,Technology,Information Technology Services,839273152512.0,83927.32,44.05,30.36,9.98,6.94,25.2,14.81,15.96,12.24,31.68,29.1,12.1,2.71,2.07,19521921024.0,1952.19,5841339904.0,584.13,8424863744.0,842.49,14647189504.0,1464.72,67.0,0.08
27.09.2026 at 02:56 PM IST,GPTHEALTH,GPT Healthcare Limited,Healthcare,Medical Care Facilities,13232982016.0,1323.3,28.0,16.13,4.91,33.84,,,13.71,9.61,59.8,17.8,64.9,,,471956992.0,47.2,911801024.0,91.18,,,,,1.86,0.31
27.09.2026 at 02:56 PM IST,ARTEMISMED,Artemis Medicare Services Limited,,,,,156.2,28.79,6.06,27.8,,,15.21,10.21,22.91,12.7,46.7,,,334049984.0,33.4,2615600128.0,261.56,,,,,,0.33
27.09.2026 at 02:56 PM IST,APARINDS,APAR Industries Limited,Industrials,Electrical Equipment & Parts,744322629632.0,74432.26,60.61,47.27,13.24,17.72,,,10.8,4.84,21.59,29.1,77.4,,,7761900032.0,776.19,9555099648.0,955.51,,,,,34.0,0.18
27.09.2026 at 02:56 PM IST,STEELCAS,Steelcast Limited,Basic Materials,Steel,38101798912.0,3810.18,42.02,,9.65,,,,23.0,20.55,77.22,17.0,19.1,,,977646016.0,97.76,0.0,0.0,,,,,48.0,0.09
27.09.2026 at 02:56 PM IST,SEAMECLTD,Seamec Limited,Industrials,Marine Shipping,43685097472.0,4368.51,16.95,11.32,3.34,27.07,,,24.94,24.73,48.38,40.8,7.2,,,1883000064.0,188.3,3529200128.0,352.92,,,,,12.0,0.2
27.09.2026 at 02:56 PM IST,EXPLEOSOL,Expleo Solutions Limited,Technology,Information Technology Services,13707809792.0,1370.78,9.95,7.56,1.77,1.01,,,13.2,12.08,35.38,12.3,67.3,,,3547980032.0,354.8,78520000.0,7.85,,,,,12.45,0.44
27.09.2026 at 02:56 PM IST,SANGHVIMOV,Sanghvi Movers Limited,Industrials,Rental & Leasing Services,39478657024.0,3947.87,19.8,,3.01,51.4,,,22.88,16.93,45.34,38.9,30.0,,,2151482112.0,215.15,6735552000.0,673.56,,,,,44.0,1.01
27.09.2026 at 02:56 PM IST,TBOTEK,TBO Tek Limited,Consumer Cyclical,Travel Services,181201747968.0,18120.17,68.95,33.89,11.7,48.76,,,11.93,8.56,79.88,81.1,32.3,,,15388869632.0,1538.89,7561390080.0,756.14,,,,,,0.63
27.09.2026 at 02:56 PM IST,CONFIPET,Confidence Petroleum India Limited,Energy,Oil & Gas Refining & Marketing,29330239488.0,2933.02,21.8,,2.08,49.39,,,4.21,2.24,13.91,116.6,204.9,,,2233799936.0,223.38,7613000192.0,761.3,,,,,11.0,0.58
27.09.2026 at 02:56 PM IST,SRHHYPOLTD,Sree Rayalaseema Hi-Strength Hypo Limited,Basic Materials,Chemicals,10209634304.0,1020.96,10.87,31.6,1.05,1.18,,,13.3,13.21,50.77,17.0,11.3,,,4387988992.0,438.8,116107000.0,11.61,,,,,50.0,0.43
27.09.2026 at 02:56 PM IST,THEJO,Thejo Engineering Limited,Industrials,Specialty Industrial Machinery,23698323456.0,2369.83,42.42,,6.69,10.78,,,11.16,8.31,80.53,31.0,71.7,,,614678976.0,61.47,408366016.0,40.84,,,,,23.0,0.54
27.09.2026 at 02:56 PM IST,TCPLPACK,TCPL Packaging Limited,Consumer Cyclical,Packaging & Containers,37293457408.0,3729.35,32.36,,5.2,88.19,,,12.78,6.15,41.86,16.1,79.3,,,180516992.0,18.05,6339108864.0,633.91,,,,,61.0,0.59
27.09.2026 at 02:56 PM IST,JTLIND,JTL Industries Limited,Basic Materials,Steel,35833323520.0,3583.33,29.41,16.28,2.2,16.04,,,6.79,4.96,15.63,32.7,143.2,,,445100000.0,44.51,2440551936.0,244.06,,,,,14.0,0.93
27.09.2026 at 02:56 PM IST,CHEMBOND,Chembond Material Technologies Limited,Basic Materials,Specialty Chemicals,2581936896.0,258.19,17.76,,1.55,2.49,,,2.94,5.52,39.13,25.6,43.4,,,300435008.0,30.04,41570000.0,4.16,,,,,1.04,1.03
27.09.2026 at 02:56 PM IST,SPLPETRO,Supreme Petrochem Limited,Basic Materials,Specialty Chemicals,165476384768.0,16547.64,34.13,35.06,6.96,5.61,,,17.76,8.48,20.22,23.7,193.5,,,7012483072.0,701.25,1333890944.0,133.39,,,,,1.19,-0.05
27.09.2026 at 02:56 PM IST,ADOR,Ador Welding Limited,Industrials,Specialty Industrial Machinery,28521476096.0,2852.15,25.12,20.01,5.14,0.53,,,9.93,9.48,36.9,22.9,,,,1202099968.0,120.21,29500000.0,2.95,,,,,1.4,0.55
27.09.2026 at 02:56 PM IST,ALBERTDAVD,Albert David Limited,Healthcare,Drug Manufacturers - Specialty & Generic,4986917888.0,498.69,22.08,,1.27,7.55,,,8.24,6.19,65.76,43.6,303.1,,,2575840000.0,257.58,295804992.0,29.58,,,,,57.0,0.34
27.09.2026 at 02:56 PM IST,SEDEMAC,SEDEMAC Mechatronics Limited,Consumer Cyclical,Auto Parts,152152621056.0,15215.26,126.6,60.82,33.61,16.13,,,13.82,10.41,38.71,42.5,90.6,,,643900032.0,64.39,724400000.0,72.44,,,,,,
27.09.2026 at 02:56 PM IST,SOUTHBANK,The South Indian Bank Limited,Financial Services,Banks - Regional,130844205056.0,13084.42,8.67,7.12,1.11,,13.6,1.11,38.45,29.43,0.0,8.6,17.1,,,47799500800.0,4779.95,36069400576.0,3606.94,,,,,90.0,0.16
27.09.2026 at 02:56 PM IST,MOTISONS,Motisons Jewellers Limited,Consumer Cyclical,Luxury Goods,20304492544.0,2030.45,26.25,,3.71,7.79,,,14.82,13.09,22.36,23.3,37.5,,,157284000.0,15.73,389048000.0,38.9,,,,,,0.53
27.09.2026 at 02:56 PM IST,LAMBODHARA,Lambodhara Textiles Limited,Consumer Cyclical,Textile Manufacturing,1500289664.0,150.03,12.08,,1.17,30.33,,,6.98,5.34,25.09,-8.8,65.4,,,321060000.0,32.11,388993984.0,38.9,,,,,35.0,0.41
27.09.2026 at 02:56 PM IST,MANAKSIA,Manaksia Limited,Industrials,Metal Fabrication,4201387776.0,420.14,6.69,,0.58,4.07,,,6.77,7.54,20.96,28.5,69.9,,,4150723072.0,415.07,303726016.0,30.37,,,,,,0.74
27.09.2026 at 02:56 PM IST,KMEW,Knowledge Marine & Engineering Works Limited,Industrials,Marine Shipping,72671305728.0,7267.13,57.47,28.65,12.28,38.76,,,58.22,39.99,57.31,138.1,392.2,,,765926016.0,76.59,2220572928.0,222.06,,,,,,-0.09
27.09.2026 at 02:56 PM IST,ADVANCE,Advance Agrolife Limited,Basic Materials,Agricultural Inputs,7914857984.0,791.49,16.18,,2.82,31.59,,,9.77,6.12,16.41,96.0,75.9,,,751249984.0,75.12,978960000.0,97.9,,,,,,
27.09.2026 at 02:56 PM IST,JGCHEM,J.G. Chemicals Limited,Basic Materials,Other Industrial Metals & Mining,24299278336.0,2429.93,32.36,,4.64,1.19,,,10.25,7.02,18.01,44.8,58.8,,,1603160064.0,160.32,64480000.0,6.45,,,,,18.0,0.71
27.09.2026 at 02:56 PM IST,SUBEXLTD,Subex Limited,Technology,Software - Application,11879451648.0,1187.95,39.65,,3.47,8.25,,,15.61,10.25,94.22,19.7,13.0,,,1244400000.0,124.44,282700000.0,28.27,,,,,,0.92
27.09.2026 at 02:56 PM IST,EIMCOELECO,Eimco Elecon (India) Limited,Industrials,Farm & Heavy Construction Machinery,13276515328.0,1327.65,33.5,24.23,2.84,0.93,,,15.66,16.3,50.15,14.7,6.2,,,145206000.0,14.52,43460000.0,4.35,,,,,17.0,0.21
27.09.2026 at 02:56 PM IST,CPCAP,CP Capital Limited,Financial Services,Credit Services,2801372928.0,280.14,6.21,,0.49,13.48,,,88.74,57.07,91.57,13.2,23.4,,,30738000.0,3.07,772068992.0,77.21,,,,,,-0.23
27.09.2026 at 02:56 PM IST,SAMBHV,Sambhv Steel Tubes Limited,Basic Materials,Steel,46888116224.0,4688.81,27.34,,4.45,35.44,,,11.29,6.37,28.46,31.1,36.2,,,1619600000.0,161.96,3733410048.0,373.34,,,,,,
27.09.2026 at 02:56 PM IST,WINDLAS,Windlas Biotech Limited,Healthcare,Drug Manufacturers - Specialty & Generic,22752475136.0,2275.25,35.46,,4.01,6.07,,,7.85,7.05,37.98,18.1,-0.2,,,2788189952.0,278.82,352420000.0,35.24,,,,,57.0,0.29
27.09.2026 at 02:56 PM IST,CLSEL,Chaman Lal Setia Exports Ltd.,Consumer Defensive,Packaged Foods,14654140416.0,1465.41,11.69,,1.75,9.87,,,12.22,8.46,23.34,12.6,48.0,,,1290652032.0,129.07,827334976.0,82.73,,,,,1.02,0.54
27.09.2026 at 02:56 PM IST,SHRIPISTON,SPR Auto Technologies Limited,Consumer Cyclical,Auto Parts,220186345472.0,22018.63,37.17,24.98,7.21,65.22,,,13.88,11.33,50.43,53.1,8.0,,,10295520256.0,1029.55,19684700160.0,1968.47,,,,,21.0,0.78
27.09.2026 at 02:56 PM IST,PNGSREVA,PNGS Reva Diamond Jewellery Limited,Consumer Cyclical,Luxury Goods,16636904448.0,1663.69,19.72,,3.23,32.94,,,28.46,16.77,29.07,119.5,151.6,,,3546520064.0,354.65,1697180032.0,169.72,,,,,,
27.09.2026 at 02:56 PM IST,WSTCSTPAPR,West Coast Paper Mills Limited,Basic Materials,Paper & Paper Products,48341196800.0,4834.12,21.05,,1.34,8.24,,,13.72,5.25,35.41,10.1,145.3,,,11953866752.0,1195.39,3450541056.0,345.05,,,,,41.0,0.01
27.09.2026 at 02:56 PM IST,ARVEE,Arvee Laboratories (India) Ltd.,Basic Materials,Specialty Chemicals,2349353728.0,234.94,57.78,,6.98,3.3,,,12.61,9.82,45.49,130.3,9.27,,,32824000.0,3.28,11135000.0,1.11,,,,,,0.55
27.09.2026 at 02:56 PM IST,GLOBAL,Global Education Limited,Consumer Defensive,Education & Training Services,6892062720.0,689.21,26.45,,5.1,,20.91,14.69,34.65,28.01,48.55,-5.3,-10.6,8.36,6.46,6329000.0,0.63,0.0,0.0,-39225124.0,-3.92,122922000.0,12.29,74.0,-0.77
27.09.2026 at 02:56 PM IST,ENTERO,Entero Healthcare Solutions Limited,Healthcare,Medical Distribution,79290335232.0,7929.03,63.39,31.88,4.69,38.64,,,4.36,1.76,10.62,38.2,37.3,,,2960640000.0,296.06,6771520000.0,677.15,,,,,,-0.53
27.09.2026 at 02:56 PM IST,GMMPFAUDLR,GMM Pfaudler Limited,Industrials,Specialty Industrial Machinery,67669610496.0,6766.96,95.51,31.89,5.62,84.46,,,5.74,1.93,54.84,16.4,114.5,,,6353800192.0,635.38,10414000128.0,1041.4,,,,,13.0,0.09
27.09.2026 at 02:56 PM IST,SHREEJISPG,Shreeji Shipping Global Limited,Industrials,Marine Shipping,122587840512.0,12258.78,74.06,,15.91,36.17,,,29.18,21.11,33.68,29.6,7.1,,,4205489920.0,420.55,2780730112.0,278.07,,,,,27.0,
27.09.2026 at 02:56 PM IST,CRISIL,CRISIL Limited,Financial Services,Financial Data & Stock Exchanges,330547658752.0,33054.77,37.31,30.03,10.1,10.23,29.05,14.87,24.68,21.43,47.0,27.6,26.2,1.87,1.4,9163100160.0,916.31,3346599936.0,334.66,5070512640.0,507.05,8651100160.0,865.11,88.0,0.18
27.09.2026 at 02:56 PM IST,THELEELA,Leela Palaces Hotels & Resorts Limited,Consumer Cyclical,Lodging,182391111680.0,18239.11,40.34,29.81,2.83,28.07,,,31.46,27.62,73.05,28.1,386.7,,,3349169920.0,334.92,18109509632.0,1810.95,,,,,,
27.09.2026 at 02:56 PM IST,SYNCOMF,Syncom Formulations (India) Limited,Healthcare,Drug Manufacturers - Specialty & Generic,18846998528.0,1884.7,22.28,,4.5,0.35,,,19.65,17.18,43.56,7.4,23.8,,,1128551040.0,112.86,14742000.0,1.47,,,,,50.0,0.8
27.09.2026 at 02:56 PM IST,AZAD,Azad Engineering Limited,Industrials,Specialty Industrial Machinery,176179003392.0,17617.9,126.59,73.8,11.53,31.02,,,26.5,21.76,92.01,25.9,21.3,,,1845910016.0,184.59,4743229952.0,474.32,,,,,,0.64
27.09.2026 at 02:56 PM IST,TFCILTD,Tourism Finance Corporation of India Limited,Financial Services,Credit Services,64034381824.0,6403.44,41.53,11.85,4.88,81.94,,,89.21,67.82,100.0,98.3,100.0,,,676182016.0,67.62,10776069120.0,1077.61,,,,,43.0,0.09
27.09.2026 at 02:56 PM IST,INNOVACAP,Innova Captab Limited,Healthcare,Drug Manufacturers - Specialty & Generic,73305128960.0,7330.51,47.69,28.25,6.72,31.51,,,13.04,8.8,34.31,33.9,42.3,,,682499968.0,68.25,3436900096.0,343.69,,,,,31.0,-0.01
27.09.2026 at 02:56 PM IST,GKSL,Gujarat Kidney And Super Speciality Limited,Healthcare,Medical Care Facilities,14035606528.0,1403.56,88.57,,4.39,11.43,,,20.24,15.67,71.39,124.7,-22.4,,,132823000.0,13.28,291091008.0,29.11,,,,,,
27.09.2026 at 02:56 PM IST,SHREEPUSHK,Shree Pushkar Chemicals & Fertilisers Limited,Basic Materials,Specialty Chemicals,16364488704.0,1636.45,22.99,31.33,2.68,21.54,,,9.14,7.19,33.61,10.0,6.9,,,1318530048.0,131.85,1314195968.0,131.42,,,,,41.0,0.09
27.09.2026 at 02:56 PM IST,GANDHITUBE,Gandhi Special Tubes Limited,Industrials,Metal Fabrication,10905889792.0,1090.59,15.72,,3.72,0.03,,,45.09,37.19,65.73,18.9,29.3,,,112295000.0,11.23,1017000.0,0.1,,,,,1.55,0.84
27.09.2026 at 02:56 PM IST,VISHNU,Vishnu Chemicals Limited,Basic Materials,Specialty Chemicals,46962507776.0,4696.25,31.34,19.99,4.7,49.07,,,12.53,8.82,31.87,24.9,23.0,,,1003867008.0,100.39,5272292864.0,527.23,,,,,4.0,0.01
27.09.2026 at 02:56 PM IST,CUBEXTUB,Cubex Tubings Limited,Basic Materials,Copper,2179920896.0,217.99,28.89,,2.62,52.12,,,1.67,2.49,2.87,30.3,7.0,,,39877000.0,3.99,434193984.0,43.42,,,,,,0.92
27.09.2026 at 02:56 PM IST,NRAIL,N R Agarwal Industries Limited,Basic Materials,Paper & Paper Products,11526185984.0,1152.62,18.55,,1.41,100.63,,,8.72,2.66,21.52,43.1,111.4,,,161296000.0,16.13,8205305856.0,820.53,,,,,30.0,-0.08
27.09.2026 at 02:56 PM IST,MAHSEAMLES,Maharashtra Seamless Limited,Basic Materials,Steel,95896567808.0,9589.66,13.0,,1.4,0.19,,,13.95,15.96,37.44,-4.7,15.6,,,36791799808.0,3679.18,133600000.0,13.36,,,,,1.4,0.06
27.09.2026 at 02:56 PM IST,COMSYN,Commercial Syn Bags Limited,Consumer Cyclical,Packaging & Containers,11409942528.0,1140.99,40.01,,6.36,72.4,,,11.64,7.32,48.2,20.6,61.4,,,56680000.0,5.67,1285163008.0,128.52,,,,,18.0,0.13
27.09.2026 at 02:56 PM IST,BODALCHEM,Bodal Chemicals Limited,Basic Materials,Specialty Chemicals,25443219456.0,2544.32,37.07,28.45,2.19,70.25,,,7.45,3.03,42.71,56.1,217.1,,,212870000.0,21.29,8131859968.0,813.19,,,,,,0.37
27.09.2026 at 02:56 PM IST,SMCGLOBAL,SMC Global Securities Limited,Financial Services,Capital Markets,17924638720.0,1792.46,17.58,,1.37,163.32,,,10.08,6.23,44.44,24.8,23.2,,,4432923136.0,443.29,21330757632.0,2133.08,,,,,1.4,0.55
27.09.2026 at 02:56 PM IST,ASKAUTOLTD,ASK Automotive Limited,Consumer Cyclical,Auto Parts,127186550784.0,12718.66,40.17,28.76,9.7,51.79,,,9.38,6.81,32.51,52.4,29.0,,,129000000.0,12.9,6790099968.0,679.01,,,,,29.0,-0.23
27.09.2026 at 02:56 PM IST,LORDSCHLO,Lords Chloro Alkali Limited,Basic Materials,Chemicals,4246501888.0,424.65,12.17,,1.75,71.71,,,17.38,8.33,30.93,6.1,32.8,,,294308000.0,29.43,1739181952.0,173.92,,,,,,-0.59
27.09.2026 at 02:56 PM IST,APLLTD,Alembic Pharmaceuticals Limited,Healthcare,Drug Manufacturers - Specialty & Generic,169781395456.0,16978.14,24.51,17.82,2.99,25.22,,,10.89,8.91,70.56,25.7,12.1,,,1963699968.0,196.37,14299400192.0,1429.94,,,,,1.39,0.31
27.09.2026 at 02:56 PM IST,KAMATHOTEL,Kamat Hotels (India) Limited,Consumer Cyclical,Lodging,6990609408.0,699.06,16.34,,2.92,70.11,,,18.73,11.26,62.14,9.5,124.6,,,483868992.0,48.39,2331918080.0,233.19,,,,,,0.44
27.09.2026 at 02:56 PM IST,ALIVUS,Alivus Life Sciences Limited,Healthcare,Drug Manufacturers - Specialty & Generic,167656685568.0,16765.67,27.85,21.74,5.04,1.7,,,29.84,23.28,59.42,6.4,31.7,,,7825110016.0,782.51,567710016.0,56.77,,,,,37.0,0.08
27.09.2026 at 02:56 PM IST,ARIHANTCAP,Arihant Capital Markets Limited,Financial Services,Capital Markets,10231221248.0,1023.12,25.86,,2.11,55.35,,,38.59,19.36,46.93,50.4,69.0,,,5953851904.0,595.39,2440806912.0,244.08,,,,,54.0,0.27
27.09.2026 at 02:56 PM IST,ALEMBICLTD,Alembic Limited,Real Estate,Real Estate - Development,27354968064.0,2735.5,8.53,2.14,1.12,0.43,,,24.57,134.16,65.41,-2.0,5.4,,,980382016.0,98.04,106385000.0,10.64,,,,,2.25,0.65
27.09.2026 at 02:56 PM IST,CARTRADE,CarTrade Tech Limited,Consumer Cyclical,Auto & Truck Dealerships,145971052544.0,14597.11,64.53,37.84,5.79,5.36,,,25.95,28.66,60.94,16.3,22.4,,,9444602880.0,944.46,1404294016.0,140.43,,,,,,0.02
27.09.2026 at 02:56 PM IST,AJANTPHARM,Ajanta Pharma Limited,Healthcare,Drug Manufacturers - Specialty & Generic,443329642496.0,44332.96,39.06,30.46,9.79,5.87,,,25.2,19.65,77.22,24.8,30.8,,,6631099904.0,663.11,2659099904.0,265.91,,,,,1.8,0.22
27.09.2026 at 02:56 PM IST,DIFFNKG,Diffusion Engineers Limited,Industrials,Specialty Industrial Machinery,15980998656.0,1598.1,29.24,,3.96,7.06,,,11.15,12.55,32.07,36.5,37.1,,,975630016.0,97.56,286240000.0,28.62,,,,,35.0,
27.09.2026 at 02:56 PM IST,ORIENTBELL,Orient Bell Limited,Industrials,Building Products & Equipment,5995254272.0,599.53,28.48,,1.82,9.49,,,5.95,2.81,54.02,42.6,,,,592715008.0,59.27,312020000.0,31.2,,,,,25.0,0.2
27.09.2026 at 02:56 PM IST,WELSPUNLIV,Welspun Living Limited,Consumer Cyclical,Textile Manufacturing,211523846144.0,21152.38,76.95,24.37,4.38,46.5,,,8.47,2.79,45.62,23.7,83.7,,,10245999616.0,1024.6,23147900928.0,2314.79,,,,,4.0,0.14
27.09.2026 at 02:56 PM IST,WENDT,Wendt (India) Limited,Industrials,Tools & Accessories,17291999232.0,1729.2,102.04,102.05,6.81,0.07,,,10.42,6.64,60.06,36.6,63.2,,,754000000.0,75.4,1900000.0,0.19,,,,,23.0,0.3
27.09.2026 at 02:56 PM IST,PREMIERPOL,Premier Polyfilm Ltd.,Basic Materials,Specialty Chemicals,9992431616.0,999.24,28.56,,6.78,16.69,,,11.74,9.59,44.1,34.4,52.6,,,166800000.0,16.68,245700000.0,24.57,,,,,16.0,-0.37
27.09.2026 at 02:56 PM IST,GPPL,Gujarat Pipavav Port Limited,Industrials,Marine Shipping,78927732736.0,7892.77,14.13,14.1,3.35,1.54,,,55.03,45.06,75.92,32.5,41.7,,,6759240192.0,675.92,368740000.0,36.87,,,,,6.13,0.46
27.09.2026 at 02:56 PM IST,UNITEDPOLY,United Polyfab Gujarat Limited,Consumer Cyclical,Textile Manufacturing,10743620608.0,1074.36,41.06,,8.04,80.16,,,5.68,3.66,11.31,23.0,30.8,,,85364000.0,8.54,1063134976.0,106.31,,,,,,-0.05
27.09.2026 at 02:56 PM IST,RUBYMILLS,The Ruby Mills Limited,Consumer Cyclical,Textile Manufacturing,16447464448.0,1644.75,38.01,,2.44,55.74,,,13.8,11.35,69.15,31.5,-3.0,,,602260992.0,60.23,3758787072.0,375.88,,,,,51.0,0.02
27.09.2026 at 02:56 PM IST,CEIGALL,Ceigall India Limited,Industrials,Engineering & Construction,66912088064.0,6691.21,20.62,16.14,3.07,61.09,,,13.44,7.7,18.92,15.7,24.1,,,3786789888.0,378.68,13111390208.0,1311.14,,,,,13.0,0.79
27.09.2026 at 02:56 PM IST,ABBOTINDIA,Abbott India Limited,Healthcare,Drug Manufacturers - Specialty & Generic,572774940672.0,57277.49,35.49,29.75,12.0,3.6,,,27.72,23.05,47.24,4.3,17.1,,,22323300352.0,2232.33,1719900032.0,171.99,,,,,1.95,0.04
27.09.2026 at 02:56 PM IST,AUROPHARMA,Aurobindo Pharma Limited,Healthcare,Drug Manufacturers - Specialty & Generic,985046974464.0,98504.7,26.73,18.39,2.62,21.31,,,15.24,10.63,58.85,16.3,25.8,,,105849200640.0,10584.92,80728399872.0,8072.84,,,,,24.0,0.03
27.09.2026 at 02:56 PM IST,MATRIMONY,Matrimony.com Limited,Communication Services,Internet Content & Information,11068534784.0,1106.85,25.18,16.42,5.36,23.9,,,15.1,9.44,66.54,13.2,137.3,,,2485700096.0,248.57,493500000.0,49.35,,,,,93.0,0.14
27.09.2026 at 02:56 PM IST,BALPHARMA,Bal Pharma Limited,Healthcare,Drug Manufacturers - Specialty & Generic,1714837120.0,171.48,23.78,,2.08,193.94,,,5.83,2.15,47.5,34.5,446.2,,,92917000.0,9.29,1595164032.0,159.52,,,,,1.11,0.45
27.09.2026 at 02:56 PM IST,CENTENKA,Century Enka Limited,Consumer Cyclical,Textile Manufacturing,12475593728.0,1247.56,8.47,,0.83,1.48,,,12.86,7.92,28.84,38.0,301.1,,,3551300096.0,355.13,221700000.0,22.17,,,,,1.93,0.2
27.09.2026 at 02:56 PM IST,JKPAPER,JK Paper Limited,Basic Materials,Paper & Paper Products,74059653120.0,7405.97,23.37,6.64,1.34,44.54,,,10.12,4.34,31.41,12.7,49.6,,,5798300160.0,579.83,25775200256.0,2577.52,,,,,98.0,0.32
27.09.2026 at 02:56 PM IST,STYL,Seshaasai Technologies Limited,Technology,Software - Infrastructure,61785554944.0,6178.56,22.57,19.38,4.33,5.87,,,20.33,17.49,40.21,21.1,49.2,,,4157110016.0,415.71,836360000.0,83.64,,,,,65.0,
27.09.2026 at 02:56 PM IST,HARSHA,Harsha Engineers International Limited,Industrials,Tools & Accessories,42066927616.0,4206.69,27.18,19.29,3.0,26.55,,,11.73,9.0,46.67,25.2,-1.4,,,2896600064.0,289.66,3721600000.0,372.16,,,,,32.0,0.59
27.09.2026 at 02:56 PM IST,GUJTHEM,Gujarat Themis Biosyn Limited,Healthcare,Drug Manufacturers - Specialty & Generic,54273261568.0,5427.33,93.08,,15.79,56.23,,,38.41,28.02,66.94,22.1,22.9,,,60876000.0,6.09,1618121984.0,161.81,,,,,16.0,0.51
27.09.2026 at 02:56 PM IST,GALAXYSURF,Galaxy Surfactants Limited,Basic Materials,Specialty Chemicals,80173834240.0,8017.38,22.72,20.99,2.92,8.58,,,11.97,6.15,25.84,39.4,108.1,,,7468000256.0,746.8,2354700032.0,235.47,,,,,97.0,0.5
27.09.2026 at 02:56 PM IST,ROLEXRINGS,Rolex Rings Limited,Industrials,Metal Fabrication,51246776320.0,5124.68,35.01,21.08,4.38,,,,19.61,13.15,52.78,4.4,22.4,,,3674030080.0,367.4,0.0,0.0,,,,,,0.43
27.09.2026 at 02:56 PM IST,SBC,SBC Exports Limited,Industrials,Conglomerates,25247594496.0,2524.76,77.97,,31.96,283.23,,,10.42,7.14,14.81,66.3,185.7,,,180483008.0,18.05,2271311104.0,227.13,,,,,,0.3
27.09.2026 at 02:56 PM IST,FILATEX,Filatex India Limited,Consumer Cyclical,Textile Manufacturing,47487602688.0,4748.76,24.87,8.05,4.94,9.99,,,5.05,4.49,19.87,9.1,18.5,,,2669299968.0,266.93,1503000064.0,150.3,,,,,28.0,0.2
27.09.2026 at 02:56 PM IST,VIDHIING,Vidhi Specialty Food Ingredients Limited,Basic Materials,Specialty Chemicals,17268484096.0,1726.85,32.37,,5.27,17.58,,,16.3,12.17,39.87,66.4,35.0,,,199635008.0,19.96,576254016.0,57.63,,,,,2.02,0.03
27.09.2026 at 02:56 PM IST,YUKEN,Yuken India Limited,Industrials,Specialty Industrial Machinery,15317317632.0,1531.73,98.05,,4.11,30.74,,,6.83,3.18,52.78,28.5,23.1,,,227650000.0,22.77,1146749952.0,114.67,,,,,13.0,0.47
27.09.2026 at 02:56 PM IST,ASIANENE,Asian Energy Services Limited,Energy,Oil & Gas Equipment & Services,23700443136.0,2370.04,38.77,,4.42,32.05,,,6.18,6.08,20.95,135.1,102.4,,,1468454016.0,146.85,1586429952.0,158.64,,,,,26.0,0.86
27.09.2026 at 02:56 PM IST,ALGOQUANT,Algoquant Fintech Limited,Financial Services,Capital Markets,20317620224.0,2031.76,44.62,,15.05,25.48,,,32.3,17.55,100.0,42.9,268.8,,,2103239936.0,210.32,342680992.0,34.27,,,,,,0.59
27.09.2026 at 02:56 PM IST,ANDHRSUGAR,The Andhra Sugars Limited,Basic Materials,Chemicals,12931432448.0,1293.14,12.42,,0.77,0.03,,,8.55,4.23,25.34,4.6,94.2,,,4185288960.0,418.53,5603000.0,0.56,,,,,1.05,0.38
27.09.2026 at 02:56 PM IST,KSL,Kalyani Steels Limited,Basic Materials,Steel,42214674432.0,4221.47,15.92,11.41,2.0,22.57,,,16.75,14.16,29.41,4.9,11.9,,,8237069824.0,823.71,4750260224.0,475.03,,,,,1.04,0.88
27.09.2026 at 02:56 PM IST,USHAMART,Usha Martin Limited,Basic Materials,Steel,157922869248.0,15792.29,29.68,22.73,4.78,6.92,,,16.89,13.21,49.86,16.4,40.8,,,4767499776.0,476.75,2285700096.0,228.57,,,,,72.0,0.27
27.09.2026 at 02:56 PM IST,UNIPARTS,Uniparts India Limited,Industrials,Farm & Heavy Construction Machinery,38228393984.0,3822.84,21.23,,4.39,17.77,,,20.2,14.51,66.92,26.9,63.6,,,2502099968.0,250.21,1546880000.0,154.69,,,,,2.86,0.67
27.09.2026 at 02:56 PM IST,MAHABANK,Bank of Maharashtra,Financial Services,Banks - Regional,652859146240.0,65285.91,8.67,6.79,1.83,,22.96,1.9,57.52,53.41,0.0,21.8,34.2,,,148798193664.0,14879.82,387485990912.0,38748.6,,,,,2.59,0.78
27.09.2026 at 02:56 PM IST,RATNAVEER,Ratnaveer Precision Engineering Limited,Basic Materials,Steel,28027205632.0,2802.72,18.12,21.0,3.39,50.05,,,7.88,6.04,16.74,18.9,-9.7,,,915609984.0,91.56,3349760000.0,334.98,,,,,,0.56
27.09.2026 at 02:56 PM IST,RPEL,Raghav Productivity Enhancers Limited,Basic Materials,Chemicals,78044356608.0,7804.44,124.96,,31.91,2.21,,,27.52,21.96,70.49,48.7,67.7,,,487760992.0,48.78,54112000.0,5.41,,,,,6.0,0.79
27.09.2026 at 02:56 PM IST,MOTHERSON,Samvardhana Motherson International Limited,Consumer Cyclical,Auto Parts,1745130356736.0,174513.04,39.08,23.91,4.26,43.91,,,4.98,3.36,43.82,16.6,104.2,,,79525003264.0,7952.5,191696994304.0,19169.7,,,,,30.0,1.04
27.09.2026 at 02:56 PM IST,STAR,Strides Pharma Science Limited,Healthcare,Drug Manufacturers - Specialty & Generic,109215449088.0,10921.54,17.79,12.42,3.51,55.82,,,13.7,12.26,56.19,13.0,57.4,,,2044819968.0,204.48,17579829248.0,1757.98,,,,,42.0,0.39
27.09.2026 at 02:56 PM IST,PAISALO,Paisalo Digital Limited,Financial Services,Credit Services,81377550336.0,8137.76,32.14,23.43,4.48,243.15,,,63.74,45.76,100.0,20.7,28.8,,,1500088064.0,150.01,43596742656.0,4359.67,,,,,11.0,0.35
27.09.2026 at 02:56 PM IST,AEGISLOG,Aegis Logistics Limited,Energy,Oil & Gas Refining & Marketing,479255396352.0,47925.54,38.31,32.47,7.91,47.24,,,28.03,13.95,26.48,37.1,269.0,,,44138561536.0,4413.86,41499369472.0,4149.94,,,,,98.0,0.54
27.09.2026 at 02:56 PM IST,PRIMO,Primo Chemicals Limited,Basic Materials,Chemicals,6126436864.0,612.64,38.89,,1.51,32.29,,,8.95,2.85,36.26,-1.2,11.8,,,41044000.0,4.1,1311542016.0,131.15,,,,,,-0.16
27.09.2026 at 02:56 PM IST,PONNIERODE,Ponni Sugars (Erode) Limited,Consumer Defensive,Confectioners,3437647360.0,343.76,6.95,,0.61,,,,-5.07,11.08,18.56,52.2,,,,471700000.0,47.17,0.0,0.0,,,,,1.25,0.1
27.09.2026 at 02:56 PM IST,JUNIPER,Juniper Hotels Limited,Consumer Cyclical,Lodging,48125038592.0,4812.5,29.07,15.13,1.68,41.6,,,24.1,15.41,70.54,13.0,272.5,,,921625024.0,92.16,11933627392.0,1193.36,,,,,,0.34
27.09.2026 at 02:56 PM IST,LUMAXTECH,Lumax Auto Technologies Limited,Consumer Cyclical,Auto Parts,138142040064.0,13814.2,42.55,30.31,11.41,83.41,,,10.38,6.22,34.48,32.9,109.0,,,3452581120.0,345.26,12311004160.0,1231.1,,,,,27.0,0.54
27.09.2026 at 02:56 PM IST,VENKEYS,Venky's (India) Limited,Consumer Defensive,Farm Products,23283550208.0,2328.36,13.42,30.55,1.46,10.43,,,5.34,4.36,25.25,29.2,215.7,,,3042700032.0,304.27,1665100032.0,166.51,,,,,61.0,0.51
27.09.2026 at 02:56 PM IST,LXCHEM,Laxmi Organic Industries Limited,Basic Materials,Specialty Chemicals,50419281920.0,5041.93,39.96,23.87,2.53,27.34,,,9.56,4.03,25.51,39.7,221.1,,,943280000.0,94.33,5430249984.0,543.02,,,,,17.0,0.28
27.09.2026 at 02:56 PM IST,LGEINDIA,LG Electronics India Limited,Technology,Consumer Electronics,1171153879040.0,117115.39,64.09,43.26,15.28,5.99,,,10.96,7.13,29.94,15.5,27.2,,,44762648576.0,4476.26,4591560192.0,459.16,,,,,,
27.09.2026 at 02:56 PM IST,SOLARA,Solara Active Pharma Sciences Limited,Healthcare,Drug Manufacturers - Specialty & Generic,35664367616.0,3566.44,,23.54,2.57,54.68,,,9.24,-0.11,48.69,19.6,43.1,,,533400000.0,53.34,6865600000.0,686.56,,,,,,0.92
27.09.2026 at 02:56 PM IST,ZYDUSLIFE,Zydus Lifesciences Limited,Healthcare,Drug Manufacturers - Specialty & Generic,1200894902272.0,120089.49,26.87,24.48,4.47,42.3,,,16.44,15.78,72.11,22.0,-35.9,,,49711001600.0,4971.1,125145997312.0,12514.6,,,,,8.0,0.37
27.09.2026 at 02:56 PM IST,POLYCAB,Polycab India Limited,Industrials,Electrical Equipment & Parts,1266614927360.0,126661.49,44.67,33.1,10.47,1.74,25.55,13.4,12.72,9.18,24.48,39.0,32.5,1.74,0.84,40276639744.0,4027.66,2125680000.0,212.57,18023239680.0,1802.32,35604721664.0,3560.47,56.0,0.64
27.09.2026 at 02:56 PM IST,TEXMOPIPES,Texmo Pipes and Products Limited,Industrials,Building Products & Equipment,1661487488.0,166.15,10.99,,0.62,23.81,,,7.4,3.9,30.94,11.6,23.6,,,105337000.0,10.53,545084032.0,54.51,,,,,,0.2
27.09.2026 at 02:56 PM IST,AGI,AGI Greenpac Limited,Consumer Cyclical,Packaging & Containers,51974639616.0,5197.46,14.35,8.33,2.16,10.13,,,16.58,13.11,51.46,14.2,11.9,,,1697900032.0,169.79,2437600000.0,243.76,,,,,87.0,-0.17
27.09.2026 at 02:56 PM IST,SPORTKING,Sportking India Limited,Consumer Cyclical,Textile Manufacturing,27187537920.0,2718.75,16.82,8.61,2.46,42.27,,,15.44,6.18,26.83,20.1,115.9,,,10893000.0,1.09,4717133824.0,471.71,,,,,47.0,0.77
27.09.2026 at 02:56 PM IST,UFLEX,Uflex Limited,Consumer Cyclical,Packaging & Containers,47962869760.0,4796.29,7.03,11.76,0.59,124.99,,,12.99,4.14,41.01,35.5,6.3,,,10296866816.0,1029.69,101523062784.0,10152.31,,,,,45.0,0.67
27.09.2026 at 02:56 PM IST,SUNFLAG,Sunflag Iron and Steel Company Limited,Basic Materials,Steel,74007117824.0,7400.71,35.96,,0.83,5.91,,,8.29,5.14,38.21,6.5,5.5,,,1818899968.0,181.89,5239799808.0,523.98,,,,,24.0,1.1
27.09.2026 at 02:56 PM IST,GCSL,Gretex Corporate Services Limited,Financial Services,Capital Markets,15346522112.0,1534.65,48.87,,9.3,6.79,,,44.47,18.27,46.49,68.2,8.45,,,7854000.0,0.79,148556000.0,14.86,,,,,11.0,-0.71
27.09.2026 at 02:56 PM IST,RACLGEAR,RACL Geartech Limited,Consumer Cyclical,Auto Parts,19915735040.0,1991.57,39.68,,5.57,66.89,,,17.18,9.51,72.09,31.5,7.7,,,139500000.0,13.95,2356900096.0,235.69,,,,,18.0,0.37
27.09.2026 at 02:56 PM IST,VENUSPIPES,Venus Pipes and Tubes Limited,Basic Materials,Steel,44813086720.0,4481.31,43.09,26.05,6.66,42.95,,,13.82,8.56,34.55,16.0,5.5,,,297480000.0,29.75,2870970112.0,287.1,,,,,5.0,0.08
27.09.2026 at 02:56 PM IST,RSL,Rajputana Stainless Limited,Basic Materials,Steel,15331322880.0,1533.13,26.06,,3.52,18.95,,,8.7,5.44,19.43,32.4,49.4,,,1339689984.0,133.97,688307968.0,68.83,,,,,27.0,
27.09.2026 at 02:56 PM IST,GOODLUCK,Goodluck India Limited,Basic Materials,Steel,52415471616.0,5241.55,25.84,16.31,3.17,73.23,,,9.22,4.64,31.04,30.9,51.6,,,495135008.0,49.51,11194542080.0,1119.45,,,,,38.0,0.58
27.09.2026 at 02:56 PM IST,OAL,Oriental Aromatics Limited,Basic Materials,Specialty Chemicals,17959231488.0,1795.92,333.53,,2.7,60.59,,,4.65,0.5,20.35,15.2,400.0,,,131278000.0,13.13,4026052096.0,402.61,,,,,9.0,0.73
27.09.2026 at 02:56 PM IST,HSCL,Himadri Speciality Chemical Limited,Basic Materials,Specialty Chemicals,342479732736.0,34247.97,42.55,32.95,7.28,16.17,,,20.38,16.07,36.82,28.0,24.7,,,3485694976.0,348.57,7699798016.0,769.98,,,,,12.0,0.23
27.09.2026 at 02:56 PM IST,EDELWEISS,Edelweiss Financial Services Limited,Financial Services,Financial Conglomerates,129513930752.0,12951.39,18.39,8.69,2.8,319.99,,,5.35,8.39,64.64,23.0,27.3,,,143082553344.0,14308.26,190187765760.0,19018.78,,,,,1.1,0.7
27.09.2026 at 02:56 PM IST,ARIS,Arisinfra Solutions Limited,Industrials,Engineering & Construction,11474857984.0,1147.49,16.8,,1.55,9.36,,,9.85,5.78,16.93,37.1,279.6,,,1203949952.0,120.39,702670016.0,70.27,,,,,,
27.09.2026 at 02:56 PM IST,EMCURE,Emcure Pharmaceuticals Limited,Healthcare,Drug Manufacturers - Specialty & Generic,370049581056.0,37004.96,36.49,25.13,7.47,30.57,,,15.44,10.44,59.43,22.8,41.9,,,1475209984.0,147.52,15212409856.0,1521.24,,,,,18.0,-0.07
27.09.2026 at 02:56 PM IST,JAYAGROGN,Jayant Agro-Organics Limited,Basic Materials,Specialty Chemicals,7045199872.0,704.52,12.97,12.16,1.16,20.45,,,4.16,2.15,15.45,18.5,24.3,,,124803000.0,12.48,1312269056.0,131.23,,,,,1.49,0.53
27.09.2026 at 02:56 PM IST,CHENNPETRO,Chennai Petroleum Corporation Limited,Energy,Oil & Gas Refining & Marketing,204961644544.0,20496.16,4.91,3.43,1.85,17.68,,,5.11,5.48,11.65,84.8,,,,13421800448.0,1342.18,19641600000.0,1964.16,,,,,4.5,0.04
27.09.2026 at 02:56 PM IST,AVONMORE,Avonmore Capital & Management Services Limited,Financial Services,Capital Markets,3764344320.0,376.43,24.7,,0.91,4.93,,,24.48,14.46,58.21,36.0,185.7,,,97600000.0,9.76,248900000.0,24.89,,,,,,0.36
27.09.2026 at 02:56 PM IST,PRECWIRE,Precision Wires India Limited,Industrials,Electrical Equipment & Parts,91879284736.0,9187.93,52.46,32.64,11.9,39.38,,,3.82,2.87,8.47,60.4,67.1,,,2916848896.0,291.68,3041216000.0,304.12,,,,,35.0,0.91
27.09.2026 at 02:56 PM IST,BIL,Bhartiya International Ltd.,Consumer Cyclical,Footwear & Accessories,13555913728.0,1355.59,52.9,60.39,2.75,111.22,,,9.02,1.77,40.69,33.2,213.0,,,1027262016.0,102.73,5419662848.0,541.97,,,,,,0.18
27.09.2026 at 02:56 PM IST,RAMRAT,Ram Ratna Wires Limited,Industrials,Electrical Equipment & Parts,53208969216.0,5320.9,42.0,,9.18,115.44,,,4.15,2.1,9.29,88.6,127.8,,,80834000.0,8.08,6752235008.0,675.22,,,,,44.0,0.49
27.09.2026 at 02:56 PM IST,JSWDULUX,JSW Dulux Limited,Basic Materials,Specialty Chemicals,145710792704.0,14571.08,7.42,32.27,5.94,3.23,,,9.81,53.73,40.56,-3.0,48.9,,,3096999936.0,309.7,791000000.0,79.1,,,,,1.56,0.18
27.09.2026 at 02:56 PM IST,SVLL,Shree Vasu Logistics Limited,Industrials,Trucking,9593791488.0,959.38,133.34,,24.06,509.49,,,13.48,3.0,80.19,30.2,74.1,,,8639000.0,0.86,2031200000.0,203.12,,,,,,0.33
27.09.2026 at 02:56 PM IST,TIPSMUSIC,Tips Music Limited,Communication Services,Entertainment,85171896320.0,8517.19,39.91,29.13,32.89,1.96,,,49.37,54.47,78.1,20.9,-4.7,,,1578924032.0,157.89,50995000.0,5.1,,,,,2.39,0.23
27.09.2026 at 02:56 PM IST,INTLCONV,International Conveyors Limited,Industrials,Specialty Industrial Machinery,5177103872.0,517.71,3.82,,1.22,17.29,,,18.88,63.91,47.81,-0.4,127.9,,,2963000064.0,296.3,733699968.0,73.37,,,,,62.0,0.81
27.09.2026 at 02:56 PM IST,UGARSUGAR,The Ugar Sugar Works Limited,Consumer Defensive,Confectioners,7203375104.0,720.34,25.01,,3.08,310.59,,,3.66,1.8,14.91,34.1,,,,19544000.0,1.95,7257871872.0,725.79,,,,,16.0,0.08
27.09.2026 at 02:56 PM IST,DYNAMATECH,Dynamatic Technologies Limited,Consumer Cyclical,Auto Parts,89327853568.0,8932.79,209.41,70.11,11.25,80.39,,,8.34,2.53,50.05,14.5,93.1,,,676499968.0,67.65,6378899968.0,637.89,,,,,6.0,0.44
27.09.2026 at 02:56 PM IST,JAMNAAUTO,Jamna Auto Industries Limited,Consumer Cyclical,Auto Parts,55277940736.0,5527.79,23.66,17.95,4.8,13.05,,,10.95,8.82,39.11,6.7,6.1,,,1064174976.0,106.42,1497432960.0,149.74,,,,,1.81,0.3
27.09.2026 at 02:56 PM IST,PITTIENG,Pitti Engineering Limited,Industrials,Metal Fabrication,42908356608.0,4290.84,34.52,23.92,4.35,82.13,,,11.12,6.27,39.42,15.9,30.1,,,1467398016.0,146.74,8105842176.0,810.58,,,,,22.0,0.51
27.09.2026 at 02:56 PM IST,ANUHPHR,Anuh Pharma Limited,Healthcare,Drug Manufacturers - Specialty & Generic,9062253568.0,906.23,25.26,,2.57,0.02,,,7.15,5.67,22.43,3.9,37.3,,,529193984.0,52.92,583000.0,0.06,,,,,1.66,0.49
27.09.2026 at 02:56 PM IST,MMP,MMP Industries Limited,Basic Materials,Aluminum,11691551744.0,1169.16,23.32,,3.38,53.25,,,7.62,5.74,20.81,26.9,,,,20081000.0,2.01,1845245056.0,184.52,,,,,43.0,0.51
27.09.2026 at 02:56 PM IST,PARKHOSPS,Park Medi World Limited,Healthcare,Medical Care Facilities,123683414016.0,12368.34,43.85,27.01,5.64,17.31,,,22.55,16.09,63.5,19.3,20.6,,,4313860096.0,431.39,3641860096.0,364.19,,,,,,
27.09.2026 at 02:56 PM IST,ORIENTCER,Orient Ceratech Limited,Basic Materials,Specialty Chemicals,5718753792.0,571.88,20.0,,1.91,13.11,,,12.92,6.4,45.73,2.2,97.2,,,92738000.0,9.27,396088000.0,39.61,,,,,73.0,0.42
27.09.2026 at 02:56 PM IST,SSDL,Saraswati Saree Depot Limited,Consumer Cyclical,Apparel Retail,2903061248.0,290.31,12.22,,1.53,0.32,,,4.93,3.73,9.69,1.9,5.6,,,699459968.0,69.95,6220000.0,0.62,,,,,4.09,1.18
27.09.2026 at 02:56 PM IST,BIRLACABLE,Birla Cable Limited,Technology,Communication Equipment,10873500672.0,1087.35,23.54,40.54,3.87,47.2,,,15.95,5.37,20.95,51.1,21.73,,,6453000.0,0.65,1325712000.0,132.57,,,,,34.0,0.71
27.09.2026 at 02:56 PM IST,AJAXENGG,Ajax Engineering Limited,Industrials,Farm & Heavy Construction Machinery,69533474816.0,6953.35,30.68,20.71,4.99,0.13,,,11.87,10.8,25.36,1.7,5.2,,,10508980224.0,1050.9,18330000.0,1.83,,,,,,
27.09.2026 at 02:56 PM IST,ANANTRAJ,Anant Raj Limited,Real Estate,Real Estate - Development,222188027904.0,22218.8,37.88,21.75,3.84,11.7,,,26.48,22.77,31.04,6.6,13.4,,,9010909184.0,901.09,6809587200.0,680.96,,,,,16.0,0.35
27.09.2026 at 02:56 PM IST,APOLLOHOSP,Apollo Hospitals Enterprise Limited,Healthcare,Medical Care Facilities,1278101815296.0,127810.18,61.35,40.8,13.48,85.15,,,12.17,7.91,35.21,20.6,34.1,,,18559000576.0,1855.9,84929003520.0,8492.9,,,,,22.0,0.2
27.09.2026 at 02:56 PM IST,NPST,Network People Services Technologies Limited,Technology,Software - Application,37477105664.0,3747.71,81.32,,12.14,3.12,,,17.28,23.33,31.29,68.0,42.2,,,3093799936.0,309.38,137600000.0,13.76,,,,,11.0,0.26
27.09.2026 at 02:56 PM IST,MAWANASUG,Mawana Sugars Limited,Consumer Defensive,Confectioners,5853447680.0,585.34,21.29,,1.12,80.14,,,-5.69,1.74,18.12,3.8,,,,265900000.0,26.59,4204699904.0,420.47,,,,,2.67,0.17
27.09.2026 at 02:56 PM IST,ADROITINFO,Adroit Infotech Limited,Technology,Information Technology Services,754797952.0,75.48,16.68,,0.92,34.11,,,3.72,5.73,45.72,52.7,-25.0,,,396636000.0,39.66,264544992.0,26.45,,,,,,-0.19
27.09.2026 at 02:56 PM IST,KOPRAN,Kopran Limited,Healthcare,Drug Manufacturers - General,13750225920.0,1375.02,54.93,50.18,2.59,28.8,,,6.51,3.57,35.78,13.9,-9.7,,,6820000.0,0.68,1526925056.0,152.69,,,,,1.05,0.92
27.09.2026 at 02:56 PM IST,WHEELS,Wheels India Limited,Consumer Cyclical,Auto Parts,58937204736.0,5893.72,34.36,61.6,5.39,72.81,,,5.29,2.87,31.16,17.8,28.2,,,36400000.0,3.64,7681200128.0,768.12,,,,,63.0,0.51
27.09.2026 at 02:56 PM IST,HUHTAMAKI,Huhtamaki India Limited,Consumer Cyclical,Packaging & Containers,18370711552.0,1837.07,13.46,8.94,1.36,10.72,10.58,4.81,8.11,5.22,32.7,22.5,75.5,2.2,1.52,3958799872.0,395.88,1445600000.0,144.56,687712512.0,68.77,1740099968.0,174.01,82.0,-0.21
27.09.2026 at 02:56 PM IST,ZIMLAB,ZIM Laboratories Limited,Healthcare,Drug Manufacturers - Specialty & Generic,7430627328.0,743.06,168.88,,2.5,42.73,,,-3.1,0.93,53.02,31.2,,,,402518016.0,40.25,1265588992.0,126.56,,,,,,0.83
27.09.2026 at 02:56 PM IST,DYCL,Dynamic Cables Limited,Industrials,Electrical Equipment & Parts,22143176704.0,2214.32,24.32,,4.84,9.42,,,10.06,7.1,19.32,33.2,37.0,,,424360992.0,42.44,430915008.0,43.09,,,,,11.0,0.12
27.09.2026 at 02:56 PM IST,WOCKPHARMA,Wockhardt Limited,Healthcare,Drug Manufacturers - Specialty & Generic,368142286848.0,36814.23,84.57,,7.55,42.28,,,14.32,11.2,65.15,25.9,,,,6800000000.0,680.0,22329999360.0,2233.0,,,,,,0.97
27.09.2026 at 02:56 PM IST,VINDHYATEL,Vindhya Telelinks Limited,Industrials,Engineering & Construction,32231976960.0,3223.2,13.77,,0.77,34.12,,,10.77,6.88,17.66,-20.8,76.5,,,125445000.0,12.54,14347682816.0,1434.77,,,,,22.0,0.92
27.09.2026 at 02:56 PM IST,PHOENIXLTD,The Phoenix Mills Limited,Real Estate,Real Estate - Diversified,707629875200.0,70762.99,55.29,39.66,6.44,37.21,,,50.8,28.16,93.68,12.8,23.3,,,8230745088.0,823.07,53230125056.0,5323.01,,,,,13.0,0.32
27.09.2026 at 02:56 PM IST,RADICO,Radico Khaitan Limited,Consumer Defensive,Beverages - Wineries & Distilleries,610601598976.0,61060.16,86.95,57.16,18.4,15.03,,,18.27,11.3,45.95,11.8,76.0,,,871516992.0,87.15,4984484864.0,498.45,,,,,20.0,0.5
27.09.2026 at 02:56 PM IST,SARLAPOLY,Sarla Performance Fibers Limited,Consumer Cyclical,Textile Manufacturing,7973356032.0,797.34,213.38,,1.92,39.89,,,18.75,0.47,53.45,10.6,76.1,,,865673984.0,86.57,2052915968.0,205.29,,,,,1.99,0.47
27.09.2026 at 02:56 PM IST,AEGISVOPAK,Aegis Vopak Terminals Limited,Energy,Oil & Gas Equipment & Services,318547558400.0,31854.76,104.17,38.0,7.42,84.44,,,53.03,32.13,98.74,42.5,30.4,,,3023527936.0,302.35,37309267968.0,3730.93,,,,,7.0,
27.09.2026 at 02:56 PM IST,GANDHAR,Gandhar Oil Refinery (India) Limited,Energy,Oil & Gas Refining & Marketing,25610178560.0,2561.02,8.5,,1.89,22.51,,,15.79,5.95,14.92,91.8,6.33,,,1316899968.0,131.69,3150700032.0,315.07,,,,,1.24,0.53
27.09.2026 at 02:56 PM IST,ETERNAL,Eternal Limited,Consumer Cyclical,Internet Retail,3083806703616.0,308380.67,712.77,88.91,9.9,14.83,,,0.24,0.64,35.19,182.0,233.3,,,66140000256.0,6614.0,45920002048.0,4592.0,,,,,,0.23
27.09.2026 at 02:56 PM IST,SPARC,Sun Pharma Advanced Research Company Limited,Healthcare,Drug Manufacturers - Specialty & Generic,67841241088.0,6784.12,4.28,3.77,5.07,41.78,,,-90.68,82.97,98.3,314.1,,,,11553000.0,1.16,5593148928.0,559.31,,,,,,0.65
27.09.2026 at 02:56 PM IST,PENIND,Pennar Industries Limited,Industrials,Specialty Industrial Machinery,25053251584.0,2505.33,17.54,12.84,2.15,99.89,,,7.93,3.9,42.43,2.9,10.5,,,2714599936.0,271.46,11618299904.0,1161.83,,,,,,-0.07
27.09.2026 at 02:56 PM IST,SATIN,Satin Creditcare Network Limited,Financial Services,Credit Services,26028662784.0,2602.87,6.35,4.45,0.91,383.33,,,28.61,25.35,100.0,26.3,172.0,,,25214568448.0,2521.46,109920641024.0,10992.06,,,,,,0.29
27.09.2026 at 02:56 PM IST,RPTECH,Rashi Peripherals Limited,Technology,Electronics & Computer Distribution,59300327424.0,5930.03,18.94,,2.91,48.65,,,2.92,1.8,5.29,61.9,64.0,,,812110016.0,81.21,9906310144.0,990.63,,,,,22.0,0.79
27.09.2026 at 02:56 PM IST,SCHAEFFLER,Schaeffler India Limited,Consumer Cyclical,Auto Parts,626418188288.0,62641.82,50.0,39.82,10.21,0.78,21.64,12.27,14.77,11.93,38.41,17.3,13.0,2.49,1.42,15066099712.0,1506.61,481100000.0,48.11,3941437440.0,394.14,9684799488.0,968.48,87.0,0.11
27.09.2026 at 02:56 PM IST,DATAMATICS,Datamatics Global Services Limited,Technology,Information Technology Services,47734317056.0,4773.43,22.08,16.25,3.09,14.38,,,15.26,10.63,38.89,9.9,43.7,,,5635999744.0,563.6,2209299968.0,220.93,,,,,62.0,0.21
27.09.2026 at 02:56 PM IST,ACMESOLAR,ACME Solar Holdings Limited,Utilities,Utilities - Renewable,312816467968.0,31281.65,45.66,17.79,5.3,393.19,,,67.58,21.15,98.63,46.8,71.5,,,61580910592.0,6158.09,198962937856.0,19896.29,,,,,5.0,
27.09.2026 at 02:56 PM IST,KRISHIVAL,Krishival Foods Limited,Consumer Defensive,Packaged Foods,10594739200.0,1059.47,44.84,,4.82,18.09,,,9.59,6.62,31.5,79.6,15.7,,,283116000.0,28.31,361545984.0,36.15,,,,,8.0,-0.88
27.09.2026 at 02:56 PM IST,PRABHA,Prabha Energy Limited,Energy,Oil & Gas E&P,36035731456.0,3603.57,2565.22,,5.07,37.63,,,18.09,16.45,30.83,49.3,,,,62546000.0,6.25,1634838016.0,163.48,,,,,,
27.09.2026 at 02:56 PM IST,COALINDIA,Coal India Limited,Energy,Thermal Coal,2625938653184.0,262593.87,8.43,7.54,2.2,11.63,,,21.11,18.14,74.76,45.1,1.2,,,567618371584.0,56761.84,140721799168.0,14072.18,,,,,4.93,-0.05
27.09.2026 at 02:56 PM IST,OMAXAUTO,Omax Autos Limited,Consumer Cyclical,Auto Parts,4293386496.0,429.34,10.57,,1.23,15.23,,,14.07,7.99,21.52,22.4,48.5,,,1376430976.0,137.64,528128000.0,52.81,,,,,3.75,0.52
27.09.2026 at 02:56 PM IST,SHIVALIK,Shivalik Rasayan Limited,Basic Materials,Agricultural Inputs,6548419584.0,654.84,45.23,,1.08,18.97,,,7.03,3.72,49.44,7.9,111.8,,,343678016.0,34.37,1136429056.0,113.64,,,,,12.0,0.55
27.09.2026 at 02:56 PM IST,GULFOILLUB,Gulf Oil Lubricants India Limited,Basic Materials,Specialty Chemicals,54838145024.0,5483.81,14.73,10.59,3.56,35.78,,,11.02,8.58,42.17,30.6,28.0,,,11572824064.0,1157.28,5666444800.0,566.64,,,,,5.42,0.61
27.09.2026 at 02:56 PM IST,SHADOWFAX,Shadowfax Technologies Limited,Industrials,Integrated Freight & Logistics,165782044672.0,16578.2,97.73,41.16,9.51,14.16,,,3.83,3.57,90.86,64.9,6.33,,,11200000000.0,1120.0,2470799872.0,247.08,,,,,,
27.09.2026 at 02:56 PM IST,MANBA,Manba Finance Limited,Financial Services,Credit Services,7000861696.0,700.09,14.32,,1.71,379.64,,,47.79,33.83,100.0,19.0,36.1,,,2670963968.0,267.1,15556019200.0,1555.6,,,,,90.0,
27.09.2026 at 02:56 PM IST,DIVGIITTS,Divgi TorqTransfer Systems Limited,Consumer Cyclical,Auto Parts,35311046656.0,3531.1,55.86,34.78,5.56,0.28,,,21.29,15.12,61.4,91.3,182.5,,,2945230080.0,294.52,17700000.0,1.77,,,,,28.0,0.44
27.09.2026 at 02:56 PM IST,QUESS,Quess Corp Limited,Industrials,Staffing & Employment Services,50925658112.0,5092.57,20.21,16.79,4.36,10.66,,,1.79,1.59,5.12,14.5,59.8,,,2580790016.0,258.08,1244829952.0,124.48,,,,,1.76,0.02
27.09.2026 at 02:56 PM IST,INOXINDIA,INOX India Limited,Industrials,Specialty Industrial Machinery,196101554176.0,19610.16,76.92,47.02,17.52,7.25,,,17.9,15.75,55.29,9.2,-4.9,,,3129007104.0,312.9,810403968.0,81.04,,,,,9.0,0.53
27.09.2026 at 02:56 PM IST,RML,Rane (Madras) Limited,Consumer Cyclical,Auto Parts,36544585728.0,3654.46,30.87,,4.87,100.19,,,4.56,2.96,38.41,18.3,62.5,,,461800000.0,46.18,7520099840.0,752.01,,,,,1.21,0.47
27.09.2026 at 02:56 PM IST,HINDZINC,Hindustan Zinc Limited,Basic Materials,Other Industrial Metals & Mining,2488501534720.0,248850.15,14.58,13.16,11.0,39.03,,,54.71,38.07,75.8,71.7,144.6,,,136509997056.0,13651.0,88330002432.0,8833.0,,,,,3.57,0.67
27.09.2026 at 02:56 PM IST,AVALON,Avalon Technologies Limited,Technology,Electronic Components,155735441408.0,15573.54,116.25,63.67,21.55,29.5,,,10.19,7.57,33.33,49.8,145.3,,,1430710016.0,143.07,2129229952.0,212.92,,,,,,0.87
27.09.2026 at 02:56 PM IST,SKYGOLD,Sky Gold and Diamonds Limited,Consumer Cyclical,Luxury Goods,122900168704.0,12290.02,36.5,21.46,10.26,72.07,,,7.56,4.67,8.76,77.9,124.2,,,7980575232.0,798.06,8691079168.0,869.11,,,,,,0.12
27.09.2026 at 02:56 PM IST,MCX,Multi Commodity Exchange of India Limited,Financial Services,Financial Data & Stock Exchanges,846233862144.0,84623.39,54.95,41.08,20.11,0.11,,,69.58,55.56,95.47,85.3,103.4,,,39172698112.0,3917.27,47600000.0,4.76,,,,,24.0,0.69
27.09.2026 at 02:56 PM IST,WONDERLA,Wonderla Holidays Limited,Consumer Cyclical,Leisure,32355125248.0,3235.51,31.94,20.82,1.87,0.35,,,34.67,17.19,82.86,44.2,38.3,,,4240280064.0,424.03,62510000.0,6.25,,,,,39.0,-0.0
27.09.2026 at 02:56 PM IST,NEOGEN,Neogen Chemicals Limited,Basic Materials,Specialty Chemicals,71657201664.0,7165.72,178.0,41.27,7.7,170.91,,,15.99,3.85,46.14,34.0,61.7,,,49500000.0,4.95,13950900224.0,1395.09,,,,,4.0,0.66
27.09.2026 at 02:56 PM IST,ISFT,IntraSoft Technologies Limited,Consumer Cyclical,Internet Retail,1611430656.0,161.14,11.73,7.68,0.61,6.49,,,3.39,2.52,34.63,8.3,11.2,,,46742000.0,4.67,172915008.0,17.29,,,,,,0.41
27.09.2026 at 02:56 PM IST,JYOTICNC,Jyoti CNC Automation Limited,Industrials,Specialty Industrial Machinery,242228346880.0,24222.83,75.17,44.01,12.11,42.61,,,18.44,14.68,55.68,24.0,-20.1,,,1371200000.0,137.12,8527499776.0,852.75,,,,,,-0.42
27.09.2026 at 02:56 PM IST,VRLLOG,VRL Logistics Limited,Industrials,Trucking,50679246848.0,5067.92,18.97,15.41,4.44,101.02,,,14.14,7.94,23.21,18.1,60.8,,,164200000.0,16.42,11541300224.0,1154.13,,,,,3.45,0.04
27.09.2026 at 02:56 PM IST,ICIL,Indo Count Industries Limited,Consumer Cyclical,Textile Manufacturing,88282718208.0,8828.27,58.5,18.77,3.75,56.99,,,8.12,3.44,54.43,25.9,67.0,,,3036368896.0,303.64,13423334400.0,1342.33,,,,,34.0,0.36
27.09.2026 at 02:56 PM IST,VADILALIND,Vadilal Industries Limited,Consumer Defensive,Packaged Foods,54156705792.0,5415.67,24.75,,6.37,27.0,,,22.18,13.06,49.72,34.4,95.4,,,579400000.0,57.94,2296399872.0,229.64,,,,,57.0,0.06
27.09.2026 at 02:56 PM IST,SUDARCOLOR,Sudarshan Colorants India Limited,Basic Materials,Specialty Chemicals,9106923520.0,910.69,19.05,,1.6,4.03,,,9.24,6.03,36.2,5.5,19.2,,,2318799872.0,231.88,229800000.0,22.98,,,,,,0.59
27.09.2026 at 02:56 PM IST,SHARDAMOTR,Sharda Motor Industries Limited,Consumer Cyclical,Auto Parts,54901886976.0,5490.19,16.53,13.01,4.18,3.74,,,8.75,9.09,22.38,33.7,-13.4,,,9908697088.0,990.87,491534016.0,49.15,,,,,2.09,0.58
27.09.2026 at 02:56 PM IST,DCMNVL,DCM Nouvelle Limited,Consumer Cyclical,Textile Manufacturing,3346118400.0,334.61,11.4,,1.02,98.36,,,14.45,2.76,28.76,13.8,16.62,,,12900000.0,1.29,3278599936.0,327.86,,,,,,1.03
27.09.2026 at 02:56 PM IST,ZUARIIND,Zuari Industries Limited,Industrials,Conglomerates,8642499584.0,864.25,7.97,,0.24,72.1,,,1.99,9.87,28.2,21.2,9.0,,,4541595136.0,454.16,25982674944.0,2598.27,,,,,34.0,0.32
27.09.2026 at 02:56 PM IST,EMKAY,Emkay Global Financial Services Limited,Financial Services,Capital Markets,7549680640.0,754.97,39.99,,1.86,26.36,,,9.52,4.88,78.98,22.6,68.7,,,850788992.0,85.08,1003276992.0,100.33,,,,,55.0,0.39
27.09.2026 at 02:56 PM IST,SUPRIYA,Supriya Lifescience Limited,Healthcare,Biotechnology,79291654144.0,7929.17,40.0,25.39,6.62,0.45,,,21.4,22.74,68.06,32.6,-30.8,,,788670016.0,78.87,54350000.0,5.43,,,,,10.0,0.65
27.09.2026 at 02:56 PM IST,JAYKAY,Jaykay Enterprises Limited,Industrials,Specialty Business Services,30737461248.0,3073.75,14.14,,2.54,5.61,,,10.05,77.66,92.97,-0.8,-78.8,,,858676992.0,85.87,391200992.0,39.12,,,,,,0.68
27.09.2026 at 02:56 PM IST,KRISHANA,Krishana Phoschem Limited,Basic Materials,Agricultural Inputs,57882996736.0,5788.3,31.58,,10.32,130.81,,,14.13,7.7,27.6,34.6,53.5,,,423918016.0,42.39,7334649856.0,733.46,,,,,5.0,0.05
27.09.2026 at 02:56 PM IST,EBGNG,GNG Electronics Limited,Technology,Computer Hardware,76273704960.0,7627.37,53.78,28.9,10.06,58.54,,,11.17,7.15,20.89,32.1,25.1,,,1182380032.0,118.24,4445230080.0,444.52,,,,,,
27.09.2026 at 02:56 PM IST,SANGAMIND,Sangam (India) Limited,Consumer Cyclical,Textile Manufacturing,30567280640.0,3056.73,25.64,,2.89,118.74,,,9.27,3.68,31.49,8.9,18.43,,,1800499968.0,180.05,12779499520.0,1277.95,,,,,32.0,0.51
27.09.2026 at 02:56 PM IST,NOCIL,NOCIL Limited,Basic Materials,Specialty Chemicals,31469166592.0,3146.92,47.58,25.81,1.77,0.45,,,7.81,4.83,41.57,19.9,61.2,,,3387599872.0,338.76,80400000.0,8.04,,,,,80.0,0.11
27.09.2026 at 02:56 PM IST,TEGA,Tega Industries Limited,Industrials,Specialty Industrial Machinery,157137092608.0,15713.71,556.28,23.8,4.61,11.69,,,10.03,0.69,49.93,384.0,,,,23211909120.0,2321.19,3984009984.0,398.4,,,,,10.0,0.41
27.09.2026 at 02:56 PM IST,UNIDT,United Drilling Tools Limited,Energy,Oil & Gas Equipment & Services,4907468800.0,490.75,23.98,,1.7,1.15,,,17.76,11.05,36.26,8.9,47.6,,,16052000.0,1.61,32256000.0,3.23,,,,,99.0,0.77
27.09.2026 at 02:56 PM IST,MANKIND,Mankind Pharma Limited,Healthcare,Drug Manufacturers - Specialty & Generic,1022123704320.0,102212.37,50.0,35.07,6.27,38.11,,,20.61,13.86,70.76,12.9,29.6,,,22076499968.0,2207.65,63115399168.0,6311.54,,,,,8.0,0.45
27.09.2026 at 02:56 PM IST,KRBL,KRBL Limited,Consumer Defensive,Packaged Foods,91246952448.0,9124.7,12.03,10.63,1.57,2.92,,,18.99,12.62,29.88,-5.6,73.1,,,9821299712.0,982.13,1697900032.0,169.79,,,,,1.13,0.18
27.09.2026 at 02:56 PM IST,SPLIL,SPL Industries Limited,Consumer Cyclical,Apparel Manufacturing,909679808.0,90.97,10.87,,0.42,0.0,,,-7.21,11.45,13.89,16.6,135.5,,,759406976.0,75.94,39000.0,0.0,,,,,,0.79
27.09.2026 at 02:56 PM IST,TMB,Tamilnad Mercantile Bank Limited,Financial Services,Banks - Regional,139650154496.0,13965.02,9.67,,1.38,,14.52,1.96,58.68,41.23,0.0,18.3,35.0,,,40727900160.0,4072.79,15402099712.0,1540.21,,,,,1.42,0.38
27.09.2026 at 02:56 PM IST,STYLAMIND,Stylam Industries Limited,Consumer Cyclical,"Furnishings, Fixtures & Appliances",57140764672.0,5714.08,33.69,23.64,7.15,3.6,,,19.73,14.47,47.19,15.4,71.2,,,685825984.0,68.58,290889984.0,29.09,,,,,,0.25
27.09.2026 at 02:56 PM IST,HAPPYFORGE,Happy Forgings Limited,Industrials,Metal Fabrication,194796765184.0,19479.68,59.52,40.93,9.15,15.49,,,25.5,19.94,57.76,27.0,39.1,,,4055664128.0,405.57,3296225024.0,329.62,,,,,19.0,0.83
27.09.2026 at 02:56 PM IST,QUADFUTURE,Quadrant Future Tek Limited,Industrials,Railroads,21899999232.0,2190.0,,,7.81,10.23,,,-17.11,-23.41,20.4,41.3,,,,324520000.0,32.45,263950000.0,26.39,,,,,,
27.09.2026 at 02:56 PM IST,PRICOLLTD,Pricol Limited,Consumer Cyclical,Auto Parts,92556812288.0,9255.68,34.6,23.15,7.38,30.21,,,8.37,6.3,29.56,23.5,34.5,,,1256199936.0,125.62,3791600128.0,379.16,,,,,53.0,-0.13
27.09.2026 at 02:56 PM IST,KANPRPLA,Kanpur Plastipack Limited,Consumer Cyclical,Packaging & Containers,6302108160.0,630.21,13.64,,2.35,41.79,,,7.04,6.09,36.32,13.8,112.3,,,108160000.0,10.82,1123847040.0,112.38,,,,,47.0,0.63
27.09.2026 at 02:56 PM IST,INDIGOPNTS,Indigo Paints Limited,Basic Materials,Specialty Chemicals,53871050752.0,5387.11,33.56,25.96,4.66,1.83,,,12.56,10.98,46.16,19.7,60.9,,,3319696896.0,331.97,211304992.0,21.13,,,,,44.0,0.53
27.09.2026 at 02:56 PM IST,ROSSTECH,Rossell Techsys Limited,Industrials,Aerospace & Defense,53078536192.0,5307.85,204.18,,34.06,264.37,,,11.86,4.66,37.32,77.1,117.2,,,474984000.0,47.5,4094053888.0,409.41,,,,,2.0,
27.09.2026 at 02:56 PM IST,JUBLCPL,Jubilant Agri and Consumer Products Limited,Basic Materials,Specialty Chemicals,33488525312.0,3348.85,26.13,,7.28,11.13,,,12.05,6.58,43.08,18.4,4.2,,,57140000.0,5.71,512110016.0,51.21,,,,,,
27.09.2026 at 02:56 PM IST,GUFICBIO,Gufic Biosciences Limited,Healthcare,Drug Manufacturers - Specialty & Generic,42494709760.0,4249.47,57.97,,6.39,60.87,,,14.92,7.49,54.77,16.6,70.8,,,621859008.0,62.19,4047533056.0,404.75,,,,,2.0,-0.04
27.09.2026 at 02:56 PM IST,VIDYAWIRES,Vidya Wires Limited,Industrials,Electrical Equipment & Parts,19257161728.0,1925.72,30.8,,3.98,17.77,,,3.81,3.17,6.05,33.5,8.0,,,726070016.0,72.61,852739968.0,85.27,,,,,,
27.09.2026 at 02:56 PM IST,ASIANHOTNR,Asian Hotels (North) Limited,Consumer Cyclical,Lodging,16812413952.0,1681.24,,,1.54,36.25,,,12.09,-26.47,64.25,10.4,,,,1842332032.0,184.23,3337306880.0,333.73,,,,,,0.02
27.09.2026 at 02:56 PM IST,AIRAN,Airan Limited,Technology,Information Technology Services,2129090688.0,212.91,13.73,,1.59,0.62,,,8.39,13.88,32.46,3.3,108.0,,,267880000.0,26.79,10253000.0,1.03,,,,,,0.64
27.09.2026 at 02:56 PM IST,CARBORUNIV,Carborundum Universal Limited,Industrials,Conglomerates,243561119744.0,24356.11,114.97,42.34,6.25,10.29,,,6.75,3.85,56.52,19.4,23.5,,,6999849984.0,699.98,4125339904.0,412.53,,,,,31.0,0.35
27.09.2026 at 02:56 PM IST,KABRAEXTRU,Kabra Extrusiontechnik Limited,Industrials,Specialty Industrial Machinery,29601009664.0,2960.1,4978.82,,6.7,32.88,,,-1.23,0.1,38.82,44.8,,,,280014016.0,28.0,1451730944.0,145.17,,,,,89.0,0.62
27.09.2026 at 02:56 PM IST,AIIL,Authum Investment & Infrastructure Limited,Financial Services,Capital Markets,475226537984.0,47522.65,29.24,,3.23,24.59,,,92.41,82.05,97.86,14.1,17.5,,,4867500032.0,486.75,36309700608.0,3630.97,,,,,4.0,-0.02
27.09.2026 at 02:56 PM IST,SOLARINDS,Solar Industries India Limited,Basic Materials,Specialty Chemicals,1786726187008.0,178672.62,89.35,56.07,28.46,23.27,,,25.5,17.54,49.46,70.3,92.7,,,4806300160.0,480.63,15240200192.0,1524.02,,,,,6.0,0.24
27.09.2026 at 02:56 PM IST,SHYAMMETL,Shyam Metalics and Energy Limited,Basic Materials,Steel,302151303168.0,30215.13,26.82,16.07,2.68,8.13,,,9.28,5.74,28.14,23.5,20.7,,,5316599808.0,531.66,10050700288.0,1005.07,,,,,41.0,0.51
27.09.2026 at 02:56 PM IST,JASH,Jash Engineering Limited,Industrials,Specialty Industrial Machinery,37356204032.0,3735.62,43.67,27.18,7.2,19.56,,,1.66,11.36,57.59,17.5,,,,1068084992.0,106.81,1026880000.0,102.69,,,,,27.0,-0.16
27.09.2026 at 02:56 PM IST,BELRISE,Belrise Industries Limited,Consumer Cyclical,Auto Parts,239776301056.0,23977.63,43.49,27.07,4.22,29.1,,,7.64,5.17,19.03,12.6,-8.7,,,8060080128.0,806.01,15208429568.0,1520.84,,,,,22.0,
27.09.2026 at 02:56 PM IST,TSFINV,TSF Investments Limited,Financial Services,Asset Management,100823064576.0,10082.31,20.83,,1.68,3.85,,,22.0,44.55,37.52,70.9,-22.3,,,14965999616.0,1496.6,2346077952.0,234.61,,,,,2.78,0.47
27.09.2026 at 02:56 PM IST,PVRINOX,PVR INOX Limited,Communication Services,Entertainment,123201667072.0,12320.17,44.25,21.41,1.67,91.87,,,13.19,6.52,66.96,10.4,,,,5916000256.0,591.6,67790999552.0,6779.1,,,,,,0.33
27.09.2026 at 02:56 PM IST,ULTRAMAR,Ultramarine & Pigments Limited,Basic Materials,Specialty Chemicals,12418759680.0,1241.88,13.48,,1.43,9.89,,,15.89,11.1,35.89,30.1,56.6,,,917875968.0,91.79,860385984.0,86.04,,,,,1.41,0.4
27.09.2026 at 02:56 PM IST,PCBL,PCBL Chemical Limited,Basic Materials,Specialty Chemicals,133619900416.0,13361.99,51.53,21.77,3.34,124.13,,,11.82,3.03,30.0,17.0,58.9,,,2813400064.0,281.34,49890598912.0,4989.06,,,,,1.33,0.58
27.09.2026 at 02:56 PM IST,MPSLTD,MPS Limited,Communication Services,Publishing,45272043520.0,4527.2,24.04,20.55,7.59,10.17,,,30.35,23.36,60.09,20.4,43.0,,,1192000000.0,119.2,606300032.0,60.63,,,,,2.89,0.45
27.09.2026 at 02:56 PM IST,RAYMONDREL,Raymond Realty Limited,Real Estate,Real Estate - Development,47338033152.0,4733.8,15.8,,3.02,64.68,,,10.12,9.6,27.93,40.7,-18.5,,,3560000000.0,356.0,10137499648.0,1013.75,,,,,28.0,
27.09.2026 at 02:56 PM IST,GFLLIMITED,GFL Limited,Financial Services,Asset Management,6290442240.0,629.04,10.38,,0.25,,,,-4.17,21.57,100.0,28.6,,,,5100000.0,0.51,0.0,0.0,,,,,,0.1
27.09.2026 at 02:56 PM IST,TIMEX,Timex Group India Limited,Consumer Cyclical,Luxury Goods,,,86.94,46.63,98.02,31.92,,,15.68,10.11,43.27,29.6,83.5,,,339500000.0,33.95,355200000.0,35.52,,,,,,0.81
27.09.2026 at 02:56 PM IST,OPTIEMUS,Optiemus Infracom Limited,Technology,Electronics & Computer Distribution,68395757568.0,6839.58,94.35,,8.66,45.35,,,2.69,3.28,12.7,102.8,46.0,,,418145984.0,41.81,3728220928.0,372.82,,,,,,0.06
27.09.2026 at 02:56 PM IST,AEROFLEX,Aeroflex Industries Limited,Industrials,Metal Fabrication,69566283776.0,6956.63,102.08,53.1,15.55,1.99,,,17.64,13.35,43.49,72.4,158.2,,,696496000.0,69.65,88936000.0,8.89,,,,,8.0,0.84
27.09.2026 at 02:56 PM IST,GREAVESCOT,Greaves Cotton Limited,Industrials,Specialty Industrial Machinery,54692339712.0,5469.23,55.24,26.99,3.82,26.05,,,2.89,2.72,31.5,30.7,-32.4,,,6227700224.0,622.77,3944199936.0,394.42,,,,,85.0,0.54
27.09.2026 at 02:56 PM IST,SMLMAH,SML Mahindra Limited,Consumer Cyclical,Auto Manufacturers,98776219648.0,9877.62,63.29,,19.02,55.67,,,9.07,5.3,22.75,13.2,-5.0,,,66416000.0,6.64,2891105024.0,289.11,,,,,34.0,0.06
27.09.2026 at 02:56 PM IST,GRWRHITECH,Garware Hi-Tech Films Limited,Basic Materials,Specialty Chemicals,154263093248.0,15426.31,39.84,36.44,5.81,0.59,,,25.14,17.18,49.44,27.9,59.8,,,7735900160.0,773.59,156600000.0,15.66,,,,,18.0,0.74
27.09.2026 at 02:56 PM IST,BLACKBUCK,BlackBuck Limited,Technology,Software - Application,109153099776.0,10915.31,64.96,38.25,7.69,4.16,,,13.31,23.69,76.75,42.1,25.7,,,6476480000.0,647.65,592110016.0,59.21,,,,,,
27.09.2026 at 02:56 PM IST,THYROCARE,Thyrocare Technologies Limited,Healthcare,Diagnostics & Research,90220806144.0,9022.08,51.44,35.64,15.41,8.65,,,26.99,20.12,54.96,24.3,31.8,,,1898200064.0,189.82,506900000.0,50.69,,,,,2.88,0.47
27.09.2026 at 02:56 PM IST,CUPID,Cupid Limited,Consumer Defensive,Household & Personal Products,363058397184.0,36305.84,270.0,,80.43,12.51,,,37.98,30.35,58.28,158.7,190.9,,,1864455040.0,186.45,563785024.0,56.38,,,,,,0.3
27.09.2026 at 02:56 PM IST,SANDESH,The Sandesh Limited,Communication Services,Publishing,7829809152.0,782.98,7.3,8.79,1.32,,,,19.99,12.19,27.46,329.9,71.4,,,6550530048.0,655.05,0.0,0.0,,,,,48.0,0.42
27.09.2026 at 02:56 PM IST,PAYTM,One97 Communications Limited,Technology,Software - Infrastructure,1070368358400.0,107036.84,172.4,46.76,6.7,1.07,,,2.94,7.25,36.98,27.7,79.9,,,145910005760.0,14591.0,1720000000.0,172.0,,,,,,-0.27
27.09.2026 at 02:56 PM IST,PROTEAN,Protean eGov Technologies Limited,Technology,Information Technology Services,28166168576.0,2816.62,34.01,22.11,2.6,8.12,,,-2.04,7.96,23.01,19.0,-75.6,,,3253100032.0,325.31,874899968.0,87.49,,,,,1.45,0.27
27.09.2026 at 02:56 PM IST,WEWIN,We Win Limited,Technology,Information Technology Services,490369856.0,49.04,10.42,,4.59,10.82,,,2.41,4.51,23.45,15.8,40.8,,,82853000.0,8.29,33697000.0,3.37,,,,,,1.36
27.09.2026 at 02:56 PM IST,GAYAPROJ,Gayatri Projects Limited,Industrials,Engineering & Construction,10637089792.0,1063.71,0.21,,0.71,51.3,,,23.93,179.82,23.1,208.7,,,,226976000.0,22.7,3113542912.0,311.35,,,,,,0.98
27.09.2026 at 02:56 PM IST,LGBBROSLTD,L.G. Balakrishnan & Bros Limited,Consumer Cyclical,Auto Parts,55350644736.0,5535.06,17.37,15.34,2.57,10.72,,,9.14,9.91,53.27,21.6,0.0,,,2604937984.0,260.49,2311284992.0,231.13,,,,,1.27,0.08
27.09.2026 at 02:56 PM IST,JSL,Jindal Stainless Limited,Basic Materials,Steel,616520482816.0,61652.05,19.01,14.42,13.7,37.52,,,9.1,7.38,21.99,10.5,7.6,,,29351499776.0,2935.15,74603298816.0,7460.33,,,,,53.0,0.54
27.09.2026 at 02:56 PM IST,JSWINFRA,JSW Infrastructure Limited,Industrials,Marine Shipping,838204325888.0,83820.43,50.99,32.32,6.94,59.0,,,35.16,26.58,52.82,18.1,-10.3,,,23128999936.0,2312.9,68989198336.0,6898.92,,,,,25.0,0.56
27.09.2026 at 02:56 PM IST,PNB,Punjab National Bank,Financial Services,Banks - Regional,1340077113344.0,134007.71,6.07,6.8,0.86,,14.97,1.13,47.98,38.15,0.0,-6.4,175.0,,,1632054149120.0,163205.41,1044828127232.0,104482.81,,,,,2.57,0.5
27.09.2026 at 02:56 PM IST,SAREGAMA,Saregama India Limited,Communication Services,Entertainment,95384666112.0,9538.47,43.1,31.75,5.73,4.28,,,26.43,21.31,51.86,27.5,41.6,,,2170899968.0,217.09,725800000.0,72.58,,,,,1.81,0.62
27.09.2026 at 02:56 PM IST,SHIVAUM,Shiv Aum Steels Limited,Basic Materials,Steel,6938244096.0,693.82,96.07,,5.74,80.36,,,4.71,1.57,4.79,25.2,149.1,,,224266000.0,22.43,970963968.0,97.1,,,,,,-0.72
27.09.2026 at 02:56 PM IST,PODDARMENT,Poddar Pigments Limited,Basic Materials,Specialty Chemicals,2879554048.0,287.96,18.9,,0.82,1.74,,,2.77,4.08,31.91,-1.2,11.4,,,256588000.0,25.66,61108000.0,6.11,,,,,1.47,0.23
27.09.2026 at 02:56 PM IST,ASAHIINDIA,Asahi India Glass Limited,Consumer Cyclical,Auto Parts,244717371392.0,24471.74,55.23,41.38,6.22,55.87,,,17.25,8.46,57.39,15.0,153.2,,,2453100032.0,245.31,21979600896.0,2197.96,,,,,21.0,0.37
27.09.2026 at 02:56 PM IST,PRIVISCL,Privi Speciality Chemicals Limited,Basic Materials,Specialty Chemicals,140395266048.0,14039.53,41.43,25.76,9.94,74.4,,,17.25,13.1,39.48,19.2,36.0,,,976841024.0,97.68,10717938688.0,1071.79,,,,,28.0,0.06
27.09.2026 at 02:56 PM IST,MBAPL,Madhya Bharat Agro Products Limited,Basic Materials,Agricultural Inputs,73812549632.0,7381.25,47.59,,13.43,156.71,,,14.2,8.24,28.07,1.6,16.5,,,417000.0,0.04,8614218752.0,861.42,,,,,6.0,-0.13
27.09.2026 at 02:56 PM IST,ECLERX,eClerx Services Limited,Technology,Information Technology Services,174737588224.0,17473.76,24.57,19.34,6.86,15.01,,,18.71,16.81,36.07,23.3,18.8,,,10381179904.0,1038.12,3849520128.0,384.95,,,,,5.0,0.4
27.09.2026 at 02:56 PM IST,NOVARTIND,Novartis India Limited,Healthcare,Drug Manufacturers - Specialty & Generic,48532226048.0,4853.22,49.72,,5.93,0.39,,,33.22,26.38,44.07,18.6,16.6,,,6677000192.0,667.7,32100000.0,3.21,,,,,,0.32
27.09.2026 at 02:56 PM IST,MAHLOG,Mahindra Logistics Limited,Industrials,Integrated Freight & Logistics,41721327616.0,4172.13,99.12,24.99,3.55,54.18,,,2.15,0.52,7.89,23.3,,,,3226099968.0,322.61,6497500160.0,649.75,,,,,59.0,0.49
27.09.2026 at 02:56 PM IST,LLOYDSENT,Lloyds Enterprises Limited,Basic Materials,Steel,121620389888.0,12162.04,142.27,,2.87,14.69,,,14.41,5.65,16.14,70.2,-62.6,,,9657299968.0,965.73,7983099904.0,798.31,,,,,31.0,1.19
27.09.2026 at 02:56 PM IST,YASHO,Yasho Industries Limited,Basic Materials,Specialty Chemicals,51050946560.0,5105.09,88.49,,11.5,125.68,,,19.16,6.14,39.13,54.9,8.9,,,35164000.0,3.52,5579323904.0,557.93,,,,,1.0,0.4
27.09.2026 at 02:56 PM IST,OIL,Oil India Limited,Energy,Oil & Gas Integrated,772882628608.0,77288.26,9.25,7.19,1.33,58.74,,,40.75,21.68,56.89,57.7,91.4,,,60454100992.0,6045.41,374779805696.0,37477.98,,,,,2.74,0.26
27.09.2026 at 02:56 PM IST,VARROC,Varroc Engineering Limited,Consumer Cyclical,Auto Parts,127564513280.0,12756.45,64.52,23.0,7.16,50.85,,,5.26,2.08,34.0,29.9,-26.5,,,2424740096.0,242.47,9246380032.0,924.64,,,,,18.0,0.32
27.09.2026 at 02:56 PM IST,VISAKAIND,Visaka Industries Limited,Industrials,Building Products & Equipment,7861105152.0,786.11,9.14,,0.95,36.59,,,12.65,4.87,47.72,16.7,1.2,,,244215008.0,24.42,3025556992.0,302.56,,,,,2.42,0.26
27.09.2026 at 02:56 PM IST,SMSPHARMA,SMS Pharmaceuticals Limited,Healthcare,Drug Manufacturers - General,44484714496.0,4448.47,42.95,,5.66,46.45,,,14.96,11.41,34.64,5.6,-3.5,,,460748000.0,46.07,3650480128.0,365.05,,,,,8.0,0.33
27.09.2026 at 02:56 PM IST,BHAGYANGR,Bhagyanagar India Limited,Basic Materials,Copper,14254406656.0,1425.44,21.65,,5.28,100.53,,,5.14,2.42,8.75,45.2,166.0,,,10124000.0,1.01,2589148928.0,258.91,,,,,,1.27
27.09.2026 at 02:56 PM IST,AARTIDRUGS,Aarti Drugs Limited,Healthcare,Drug Manufacturers - Specialty & Generic,39008796672.0,3900.88,20.41,15.32,2.52,37.22,,,11.46,7.14,37.52,19.0,-6.9,,,242800000.0,24.28,5766400000.0,576.64,,,,,47.0,0.31
27.09.2026 at 02:56 PM IST,MOTILALOFS,Motilal Oswal Financial Services Limited,Financial Services,Capital Markets,620463587328.0,62046.36,31.95,17.44,4.81,165.8,,,51.27,22.96,62.9,23.9,8.7,,,52623298560.0,5262.33,214747299840.0,21474.73,,,,,1.07,0.36
27.09.2026 at 02:56 PM IST,TIIL,Technocraft Industries (India) Limited,Industrials,Tools & Accessories,68095479808.0,6809.55,20.05,15.12,3.37,40.16,,,18.48,11.59,58.3,27.2,68.4,,,2371372032.0,237.14,8299086848.0,829.91,,,,,1.33,0.37
27.09.2026 at 02:56 PM IST,TREL,Transindia Real Estate Limited,Real Estate,Real Estate Services,6958096896.0,695.81,17.06,,0.55,,,,34.83,48.39,92.51,4.2,51.6,,,14900000.0,1.49,0.0,0.0,,,,,,0.0
27.09.2026 at 02:56 PM IST,GLAXO,GlaxoSmithKline Pharmaceuticals Limited,Healthcare,Drug Manufacturers - General,476996567040.0,47699.66,44.64,35.56,21.04,1.47,,,29.8,27.01,64.2,16.6,15.7,,,27567996928.0,2756.8,332721984.0,33.27,,,,,2.02,0.08
27.09.2026 at 02:56 PM IST,SIGMA,Sigma Solve Limited,Technology,Information Technology Services,4687566848.0,468.76,15.0,,6.11,2.61,,,32.77,31.92,46.08,11.5,142.1,,,103337000.0,10.33,20130000.0,2.01,,,,,1.1,0.23
27.09.2026 at 02:56 PM IST,MANYAVAR,Vedant Fashions Limited,Consumer Cyclical,Apparel Manufacturing,129385381888.0,12938.54,33.55,28.68,6.58,23.3,,,29.46,26.51,70.26,7.2,14.9,,,5370480128.0,537.05,4575909888.0,457.59,,,,,1.46,-0.06
27.09.2026 at 02:56 PM IST,DPABHUSHAN,D. P. Abhushan Limited,Consumer Cyclical,Luxury Goods,32363141120.0,3236.31,13.51,,5.11,48.03,,,10.72,5.48,10.52,58.0,75.5,,,257546000.0,25.75,3038258944.0,303.83,,,,,,-0.51
27.09.2026 at 02:56 PM IST,REMSONSIND,Remsons Industries Limited,Consumer Cyclical,Auto Parts,4095954688.0,409.6,23.6,,2.73,62.79,,,5.07,3.54,45.17,20.2,-21.2,,,236710000.0,23.67,984865984.0,98.49,,,,,26.0,1.13
27.09.2026 at 02:56 PM IST,SUNDROP,Sundrop Brands Limited,Consumer Defensive,Packaged Foods,28112427008.0,2811.24,101.05,35.34,1.9,0.91,,,3.9,1.74,35.74,15.0,125.2,,,567000000.0,56.7,134400000.0,13.44,,,,,,0.45
27.09.2026 at 02:56 PM IST,BOSCHLTD,Bosch Limited,Consumer Cyclical,Auto Parts,1423186853888.0,142318.69,60.25,42.29,9.59,0.8,,,12.36,11.33,33.55,22.0,-36.7,,,63159001088.0,6315.9,1188000000.0,118.8,,,,,56.0,0.67
27.09.2026 at 02:56 PM IST,DCW,DCW Limited,Basic Materials,Chemicals,14379952128.0,1438.0,20.22,,1.34,26.98,,,1.75,3.23,29.12,14.0,200.0,,,2045918976.0,204.59,2900333056.0,290.03,,,,,82.0,-0.15
27.09.2026 at 02:56 PM IST,LICHSGFIN,LIC Housing Finance Limited,Financial Services,Mortgage Finance,311335649280.0,31133.56,5.43,5.19,0.75,642.52,,,82.44,65.18,98.49,14.5,9.9,,,13484000256.0,1348.4,2662161973248.0,266216.2,,,,,1.77,0.23
27.09.2026 at 02:56 PM IST,NGIL,Nakoda Group of Industries Limited,Consumer Defensive,Packaged Foods,692753024.0,69.28,41.15,,2.36,44.65,,,8.1,3.66,17.55,20.1,88.9,,,486000.0,0.05,129310000.0,12.93,,,,,,0.45
27.09.2026 at 02:56 PM IST,ARCHIDPLY,Archidply Industries Limited,Basic Materials,Lumber & Wood Production,2125515392.0,212.55,16.2,,1.88,163.1,,,5.75,1.83,33.67,27.8,8.76,,,7611000.0,0.76,1824672000.0,182.47,,,,,,0.2
27.09.2026 at 02:56 PM IST,KSHINTL,KSH International Limited,Industrials,Electrical Equipment & Parts,70161022976.0,7016.1,54.04,29.33,8.68,39.74,,,5.67,3.49,10.01,108.4,55.9,,,844819968.0,84.48,3211429888.0,321.14,,,,,,
27.09.2026 at 02:56 PM IST,CONCORDBIO,Concord Biotech Limited,Healthcare,Biotechnology,152070111232.0,15207.01,50.09,34.17,7.54,0.12,,,24.96,24.84,64.56,26.2,31.1,,,4318821888.0,431.88,23156000.0,2.32,,,,,52.0,0.35
27.09.2026 at 02:56 PM IST,TEXRAIL,Texmaco Rail & Engineering Limited,Industrials,Railroads,51130671104.0,5113.07,23.62,18.76,2.15,37.09,,,5.9,5.1,17.5,-16.9,68.5,,,4291040000.0,429.1,8947088384.0,894.71,,,,,60.0,0.65
27.09.2026 at 02:56 PM IST,MEDANTA,Global Health Limited,Healthcare,Medical Care Facilities,401846632448.0,40184.66,72.45,44.49,10.14,29.87,,,16.7,11.88,52.79,26.5,-0.2,,,11302280192.0,1130.23,11900460032.0,1190.05,,,,,3.0,0.14
27.09.2026 at 02:56 PM IST,METROPOLIS,Metropolis Healthcare Limited,Healthcare,Diagnostics & Research,120862629888.0,12086.26,59.88,37.58,7.98,15.21,,,17.5,11.79,77.74,16.6,12.7,,,2029644032.0,202.96,2319110912.0,231.91,,,,,34.0,0.2
27.09.2026 at 02:56 PM IST,VRAJ,Vraj Iron and Steel Limited,Basic Materials,Steel,4163725824.0,416.37,11.59,,0.97,9.92,,,6.41,5.58,21.85,40.1,51.7,,,59770000.0,5.98,426380000.0,42.64,,,,,,1.59
27.09.2026 at 02:56 PM IST,SENORES,Senores Pharmaceuticals Limited,Healthcare,Drug Manufacturers - General,62411821056.0,6241.18,47.85,27.23,5.76,35.46,,,24.32,18.72,62.37,38.3,43.5,,,1596099968.0,159.61,3420300032.0,342.03,,,,,,
27.09.2026 at 02:56 PM IST,BEML,BEML Limited,Industrials,Conglomerates,169618046976.0,16961.8,95.3,28.11,5.78,10.53,,,-2.61,3.93,46.85,29.3,,,,370900000.0,37.09,3088399872.0,308.84,,,,,87.0,0.69
27.09.2026 at 02:56 PM IST,KHAITANLTD,Khaitan (India) Limited,Industrials,Industrial Distribution,733104192.0,73.31,9.97,,2.07,16.19,,,6.22,5.58,21.87,39.8,55.9,,,40240000.0,4.02,54292000.0,5.43,,,,,,0.39
27.09.2026 at 02:56 PM IST,DHUNINV,Dhunseri Investments Limited,Financial Services,Capital Markets,5992306688.0,599.23,6.25,,0.22,27.14,,,46.92,19.6,39.77,38.7,151.4,,,9726843904.0,972.68,9518196736.0,951.82,,,,,31.0,0.74
27.09.2026 at 02:56 PM IST,TARMAT,Tarmat Limited,Industrials,Engineering & Construction,1399588096.0,139.96,19.73,,0.75,8.05,,,6.0,5.52,21.69,43.6,106.7,,,213996000.0,21.4,150230000.0,15.02,,,,,,0.62
27.09.2026 at 02:56 PM IST,LAL,Lorenzini Apparels Limited,Consumer Cyclical,Apparel Manufacturing,1525263616.0,152.53,27.59,,2.96,38.57,,,20.93,6.92,28.0,81.6,116.7,,,67318000.0,6.73,200688000.0,20.07,,,,,,-0.15
27.09.2026 at 02:56 PM IST,FMGOETZE,Federal-Mogul Goetze (India) Limited,Consumer Cyclical,Auto Parts,26848065536.0,2684.81,15.7,,1.87,0.07,,,8.83,8.54,62.1,8.8,0.5,,,8292592128.0,829.26,10335000.0,1.03,,,,,3.11,0.1
27.09.2026 at 02:56 PM IST,JSFB,Jana Small Finance Bank Limited,Financial Services,Banks - Regional,56641277952.0,5664.13,14.88,7.87,1.26,,,,18.67,12.91,0.0,25.1,52.2,,,25493508096.0,2549.35,54967619584.0,5496.76,,,,,,0.53
27.09.2026 at 02:56 PM IST,SANATHAN,Sanathan Textiles Limited,Consumer Cyclical,Textile Manufacturing,44160204800.0,4416.02,72.97,11.32,2.35,80.77,,,5.5,1.38,29.96,79.1,-41.1,,,1690400000.0,169.04,15120799744.0,1512.08,,,,,,
27.09.2026 at 02:56 PM IST,KSHITIJPOL,Kshitij Polyline Limited,Industrials,Business Equipment & Supplies,741917888.0,74.19,20.91,,1.6,29.79,,,3.55,7.41,29.44,57.6,-40.0,,,2516000.0,0.25,187796992.0,18.78,,,,,,-0.17
27.09.2026 at 02:56 PM IST,RUBICON,Rubicon Research Limited,Healthcare,Drug Manufacturers - General,277481127936.0,27748.11,96.17,58.1,21.47,24.13,,,21.33,14.89,67.0,51.6,82.1,,,3333850112.0,333.39,3110080000.0,311.01,,,,,9.0,
27.09.2026 at 02:56 PM IST,DHAMPURSUG,Dhampur Sugar Mills Limited,Consumer Defensive,Confectioners,11232417792.0,1123.24,16.02,,0.94,75.02,5.56,2.93,13.83,3.31,21.53,-20.8,-5.3,1.37,0.41,2679500032.0,267.95,8991500288.0,899.15,1585312512.0,158.53,2430899968.0,243.09,2.29,0.34
27.09.2026 at 02:56 PM IST,LLOYDSME,Lloyds Metals and Energy Limited,Basic Materials,Steel,1034300751872.0,103430.08,21.46,12.79,7.46,145.21,,,34.26,21.51,54.45,208.6,169.3,,,28079900672.0,2807.99,207163604992.0,20716.36,,,,,5.0,0.08
27.09.2026 at 02:56 PM IST,APOLLO,Apollo Micro Systems Limited,Industrials,Aerospace & Defense,147004768256.0,14700.48,113.68,49.92,10.4,41.53,,,18.36,11.87,31.91,88.1,38.9,,,1561143040.0,156.11,5432588800.0,543.26,,,,,6.0,1.31
27.09.2026 at 02:56 PM IST,PTCIL,PTC Industries Limited,Industrials,Metal Fabrication,326987481088.0,32698.75,263.15,56.32,21.7,17.34,,,18.28,18.01,82.59,97.4,465.7,,,2133369984.0,213.34,2613419008.0,261.34,,,,,,0.32
27.09.2026 at 02:56 PM IST,STOVEKRAFT,Stove Kraft Limited,Consumer Cyclical,"Furnishings, Fixtures & Appliances",26962601984.0,2696.26,55.55,30.14,5.34,23.22,,,6.35,2.78,39.05,41.3,63.5,,,304489984.0,30.45,1171020032.0,117.1,,,,,43.0,0.42
27.09.2026 at 02:56 PM IST,BLSE,BLS E-Services Limited,Industrials,Specialty Business Services,29421780992.0,2942.18,50.79,,5.65,1.08,,,6.51,4.93,8.33,24.6,3.7,,,3880653056.0,388.07,61320000.0,6.13,,,,,31.0,-0.05
27.09.2026 at 02:56 PM IST,SJS,S.J.S. Enterprises Limited,Consumer Cyclical,Auto Parts,74741506048.0,7474.15,35.59,28.04,8.54,2.64,,,24.11,20.9,55.82,24.5,111.4,,,2489479936.0,248.95,232540000.0,23.25,,,,,15.0,0.42
27.09.2026 at 02:56 PM IST,CAPILLARY,Capillary Technologies India Limited,Technology,Software - Application,47639482368.0,4763.95,113.53,28.23,4.65,5.24,,,10.12,5.19,34.47,42.7,,,,4836740096.0,483.67,536070016.0,53.61,,,,,,
27.09.2026 at 02:56 PM IST,SUNDRMFAST,Sundram Fasteners Limited,Consumer Cyclical,Auto Parts,247720345600.0,24772.03,40.48,28.3,5.79,14.53,,,12.1,9.26,57.84,20.4,13.5,,,1240499968.0,124.05,6245700096.0,624.57,,,,,72.0,0.21
27.09.2026 at 02:56 PM IST,CAPITALSFB,Capital Small Finance Bank Limited,Financial Services,Banks - Regional,12855280640.0,1285.53,8.54,5.49,0.86,,10.52,1.25,36.6,29.32,0.0,21.4,28.5,,,3802800128.0,380.28,6855900160.0,685.59,,,,,1.77,0.84
27.09.2026 at 02:56 PM IST,ENRIN,Siemens Energy India Limited,Utilities,Utilities - Renewable,1179827306496.0,117982.73,79.28,58.85,24.52,4.48,,,21.94,15.77,40.71,39.3,67.8,,,32949999616.0,3295.0,2156999936.0,215.7,,,,,12.0,
27.09.2026 at 02:56 PM IST,GLOTTIS,Glottis Limited,Industrials,Integrated Freight & Logistics,6063484928.0,606.35,15.02,,2.17,18.8,,,6.82,4.56,9.49,40.7,-22.1,,,1006648000.0,100.66,528216000.0,52.82,,,,,,
27.09.2026 at 02:56 PM IST,CUB,City Union Bank Limited,Financial Services,Banks - Regional,223491883008.0,22349.19,15.95,11.66,2.12,,,,50.98,37.79,0.0,23.3,25.2,,,36493160448.0,3649.32,53267980288.0,5326.8,,,,,89.0,0.36
27.09.2026 at 02:56 PM IST,GANECOS,Ganesha Ecosphere Limited,Consumer Cyclical,Textile Manufacturing,27528183808.0,2752.82,48.63,15.41,2.16,38.85,,,10.02,3.6,26.16,25.7,161.1,,,1294029952.0,129.4,4956128768.0,495.61,,,,,34.0,-0.09
27.09.2026 at 02:56 PM IST,BOROLTD,Borosil Limited,Consumer Cyclical,"Furnishings, Fixtures & Appliances",31666802688.0,3166.68,45.26,30.97,3.55,16.7,,,4.97,5.76,61.03,9.0,-26.7,,,693924992.0,69.39,1480770048.0,148.08,,,,,,0.08
27.09.2026 at 02:56 PM IST,PVP,PVP Ventures Limited,Industrials,Conglomerates,16129403904.0,1612.94,326.0,,7.39,64.73,,,15.69,4.23,75.65,165.2,45.0,,,513367008.0,51.34,2571718912.0,257.17,,,,,,0.65
27.09.2026 at 02:56 PM IST,MGEL,Mangalam Global Enterprise Limited,Consumer Defensive,Farm Products,5269593600.0,526.96,11.18,,2.12,86.57,,,1.85,1.36,3.17,10.9,30.0,,,255296992.0,25.53,2147058048.0,214.71,,,,,6.0,0.15
27.09.2026 at 02:56 PM IST,GILLANDERS,Gillanders Arbuthnot and Company Limited,Consumer Defensive,Farm Products,2319699712.0,231.97,13.3,,0.9,57.61,,,4.32,4.02,73.74,3.4,,,,28734000.0,2.87,1486040064.0,148.6,,,,,,0.37
27.09.2026 at 02:56 PM IST,RACE,Race Eco Chain Limited,Industrials,Waste Management,2034623872.0,203.46,34.68,,2.59,104.09,,,1.48,1.15,3.57,21.9,,,,155900992.0,15.59,900484992.0,90.05,,,,,,0.33
27.09.2026 at 02:56 PM IST,SAGILITY,Sagility Limited,Healthcare,Health Information Services,209208573952.0,20920.86,21.08,15.21,2.13,11.5,,,15.79,13.04,37.63,27.6,43.8,,,9037859840.0,903.79,11105349632.0,1110.53,,,,,45.0,
27.09.2026 at 02:56 PM IST,BFINVEST,BF Investment Limited,Financial Services,Asset Management,16664158208.0,1666.42,4.28,,0.2,0.0,,,89.79,498.28,99.93,19.7,280.0,,,6408189952.0,640.82,1000000.0,0.1,,,,,2.26,0.31
27.09.2026 at 02:56 PM IST,TARSONS,Tarsons Products Limited,Healthcare,Medical Instruments & Supplies,17704390656.0,1770.44,158.45,25.6,2.77,61.91,,,-0.94,2.51,66.41,20.7,,,,252560000.0,25.26,3929570048.0,392.96,,,,,,0.3
27.09.2026 at 02:56 PM IST,UNICHEMLAB,Unichem Laboratories Limited,Healthcare,Drug Manufacturers - Specialty & Generic,38702043136.0,3870.2,12.72,,1.42,18.41,,,6.32,13.21,50.73,20.1,,,,2894799872.0,289.48,5001500160.0,500.15,,,,,,-0.0
27.09.2026 at 02:56 PM IST,RELIABLE,Reliable Data Services Limited,Technology,Information Technology Services,1524263936.0,152.43,20.07,,2.13,28.76,,,6.91,3.74,20.42,45.9,42.1,,,104161000.0,10.42,249479008.0,24.95,,,,,3.0,0.23
27.09.2026 at 02:56 PM IST,AVADHSUGAR,Avadh Sugar & Energy Limited,Consumer Defensive,Confectioners,15944671232.0,1594.47,24.15,,1.42,125.14,,,2.68,2.39,18.51,8.7,,,,19057000.0,1.91,14071809024.0,1407.18,,,,,1.26,0.06
27.09.2026 at 02:56 PM IST,KISSHT,OnEMI Technology Solutions Limited,Financial Services,Credit Services,61760614400.0,6176.06,18.52,9.65,3.08,180.9,,,21.47,15.15,99.69,46.3,29.5,,,2175010048.0,217.5,24291280896.0,2429.13,,,,,,
27.09.2026 at 02:56 PM IST,CYIENT,Cyient Limited,Industrials,Conglomerates,113960058880.0,11396.01,32.1,15.41,2.13,7.53,,,9.01,4.96,29.85,21.3,-32.4,,,16679000064.0,1667.9,4640000000.0,464.0,,,,,2.92,0.66
27.09.2026 at 02:56 PM IST,WELENT,Welspun Enterprises Limited,Industrials,Engineering & Construction,102320619520.0,10232.06,30.75,20.5,3.36,60.92,,,18.08,8.62,32.36,-8.4,-50.0,,,15754999808.0,1575.5,19865200640.0,1986.52,,,,,40.0,0.41
27.09.2026 at 02:56 PM IST,ABB,ABB India Limited,Industrials,Specialty Industrial Machinery,1494483730432.0,149448.37,94.34,67.24,16.01,1.55,19.13,7.91,11.46,21.35,37.28,12.1,3.0,2.19,1.69,73355198464.0,7335.52,1445200000.0,144.52,10823799808.0,1082.38,14709600256.0,1470.96,56.0,0.48
27.09.2026 at 02:56 PM IST,DLF,DLF Limited,Real Estate,Real Estate - Development,1690637828096.0,169063.78,38.03,26.87,3.72,0.67,10.1,,8.99,65.79,46.51,-52.9,4.2,,,95860482048.0,9586.05,3058931968.0,305.89,,,,,1.17,0.39
27.09.2026 at 02:56 PM IST,21STCENMGM,Twentyfirst Century Management Services Limited,Financial Services,Capital Markets,418634976.0,41.86,,,1.27,,,,94.58,0.0,0.0,190.2,295.5,,,35456000.0,3.55,0.0,0.0,,,,,,0.5
27.09.2026 at 02:56 PM IST,MUNJALAU,Munjal Auto Industries Limited,Consumer Cyclical,Auto Parts,10901999616.0,1090.2,21.76,,2.44,90.75,,,3.61,2.0,26.13,42.4,63.3,,,1288731008.0,128.87,4234358016.0,423.44,,,,,92.0,0.7
27.09.2026 at 02:56 PM IST,BALAMINES,Balaji Amines Limited,Basic Materials,Specialty Chemicals,70945234944.0,7094.52,34.72,23.87,3.59,6.19,,,22.39,13.41,44.54,27.2,97.2,,,2697871872.0,269.79,1332786944.0,133.28,,,,,50.0,0.86
27.09.2026 at 02:56 PM IST,APCOTEXIND,Apcotex Industries Limited,Basic Materials,Specialty Chemicals,31075870720.0,3107.59,19.27,21.41,5.0,15.52,,,19.78,10.13,32.81,39.9,311.6,,,542857984.0,54.29,963923968.0,96.39,,,,,1.33,0.22
27.09.2026 at 02:56 PM IST,SILINV,SIL Investments Limited,Financial Services,Asset Management,4799394816.0,479.94,9.58,,0.19,,,,87.6,67.94,98.59,87.5,155.6,,,842886976.0,84.29,0.0,0.0,,,,,55.0,0.14
27.09.2026 at 02:56 PM IST,MMFL,M M Forgings Limited,Industrials,Metal Fabrication,29748709376.0,2974.87,17.49,14.94,3.05,126.62,,,10.72,6.88,53.99,16.3,78.3,,,2254925056.0,225.49,12353164288.0,1235.32,,,,,1.3,0.88
27.09.2026 at 02:56 PM IST,PARAGMILK,Parag Milk Foods Limited,Consumer Defensive,Packaged Foods,34018144256.0,3401.81,26.62,16.91,2.67,48.26,,,5.42,3.31,26.72,10.9,-21.0,,,182700000.0,18.27,6073999872.0,607.4,,,,,41.0,0.57
27.09.2026 at 02:56 PM IST,SINCLAIR,Sinclairs Hotels Limited,Consumer Cyclical,Lodging,4047489536.0,404.75,37.6,,3.5,28.38,,,31.75,16.92,64.06,28.4,27.3,,,643902016.0,64.39,343878016.0,34.39,,,,,1.01,-0.29
27.09.2026 at 02:56 PM IST,DCBBANK,DCB Bank Limited,Financial Services,Banks - Regional,68953554944.0,6895.36,8.76,6.24,1.05,,,,34.86,25.28,0.0,17.4,32.4,,,11411887104.0,1141.19,60864475136.0,6086.45,,,,,68.0,0.48
27.09.2026 at 02:56 PM IST,PNGJL,P N Gadgil Jewellers Limited,Consumer Cyclical,Luxury Goods,89131171840.0,8913.12,18.42,15.55,4.19,88.5,,,6.82,3.9,12.21,40.7,51.9,,,5044490240.0,504.45,17370929152.0,1737.09,,,,,,0.27
27.09.2026 at 02:56 PM IST,NGLFINE,NGL Fine-Chem Limited,Healthcare,Drug Manufacturers - General,17953955840.0,1795.4,31.35,,5.45,37.23,,,12.96,10.69,50.86,33.6,99.1,,,442984992.0,44.3,1225816064.0,122.58,,,,,6.0,0.88
27.09.2026 at 02:56 PM IST,PETRONET,Petronet LNG Limited,Energy,Oil & Gas Refining & Marketing,429750026240.0,42975.0,10.21,10.1,1.93,10.51,,,24.0,11.32,18.13,-53.2,35.1,,,101141299200.0,10114.13,23414599680.0,2341.46,,,,,3.49,0.46
27.09.2026 at 02:56 PM IST,DEEDEV,DEE Development Engineers Limited,Industrials,Metal Fabrication,50124517376.0,5012.45,57.48,30.01,5.24,86.61,,,11.8,6.62,48.62,31.6,22.1,,,392681984.0,39.27,7711898112.0,771.19,,,,,15.0,1.71
27.09.2026 at 02:56 PM IST,MAGADSUGAR,Magadh Sugar & Energy Limited,Consumer Defensive,Confectioners,7770829312.0,777.08,15.22,,0.88,78.53,,,-2.29,4.18,23.47,-6.8,,,,3042000.0,0.3,6912306176.0,691.23,,,,,2.27,0.0
27.09.2026 at 02:56 PM IST,TORNTPHARM,Torrent Pharmaceuticals Limited,Healthcare,Drug Manufacturers - Specialty & Generic,1897465118720.0,189746.51,80.0,53.55,20.13,85.45,,,21.76,13.87,75.98,54.8,-8.2,,,23552100352.0,2355.21,150254993408.0,15025.5,,,,,76.0,0.14
27.09.2026 at 02:56 PM IST,JINDWORLD,Jindal Worldwide Limited,Consumer Cyclical,Textile Manufacturing,46881669120.0,4688.17,55.01,,5.46,64.87,,,7.98,3.68,20.43,2.7,88.2,,,3581236992.0,358.12,5583431168.0,558.34,,,,,,0.11
27.09.2026 at 02:56 PM IST,ASHOKAMET,Ashoka Metcast Limited,Basic Materials,Steel,391687328.0,39.17,2.27,,0.23,43.16,,,-22.43,49.04,35.63,-25.4,186.7,,,17876000.0,1.79,577283968.0,57.73,,,,,,0.99
27.09.2026 at 02:56 PM IST,DELTACORP,Delta Corp Limited,Consumer Cyclical,Resorts & Casinos,20575531008.0,2057.55,,,0.92,2.17,,,12.15,-23.27,48.91,-8.5,,,,2784399872.0,278.44,489800000.0,48.98,,,,,65.0,0.57
27.09.2026 at 02:56 PM IST,POLYMED,Poly Medicure Limited,Healthcare,Medical Instruments & Supplies,174787706880.0,17478.77,55.55,35.34,5.63,11.23,,,16.91,15.77,69.49,30.3,-7.5,,,8270274048.0,827.03,3535759104.0,353.58,,,,,20.0,0.01
27.09.2026 at 02:56 PM IST,ANDHRAPAP,Andhra Paper Limited,Basic Materials,Paper & Paper Products,14724856832.0,1472.49,53.27,,0.76,11.97,,,5.53,1.62,32.81,0.1,42.1,,,5186136064.0,518.61,2321529088.0,232.15,,,,,68.0,0.08
27.09.2026 at 02:56 PM IST,RAYMOND,Raymond Limited,Industrials,Specialty Industrial Machinery,79638773760.0,7963.88,181.86,50.07,2.8,34.13,,,6.51,1.61,42.94,15.5,-99.6,,,6635899904.0,663.59,10639599616.0,1063.96,,,,,,0.46
27.09.2026 at 02:56 PM IST,ORIENTHOT,Oriental Hotels Limited,Consumer Cyclical,Lodging,25169981440.0,2517.0,37.78,,3.3,17.14,,,12.93,13.39,64.6,3.6,-18.9,,,104010000.0,10.4,1305854976.0,130.59,,,,,46.0,0.22
27.09.2026 at 02:56 PM IST,ALICON,Alicon Castalloy Limited,Industrials,Metal Fabrication,11926710272.0,1192.67,32.68,9.18,1.9,56.41,,,4.92,1.89,44.49,38.3,23.4,,,197964992.0,19.8,3543979008.0,354.4,,,,,82.0,0.55
27.09.2026 at 02:56 PM IST,MANAPPURAM,Manappuram Finance Limited,Financial Services,Credit Services,313738264576.0,31373.83,20.4,10.85,1.95,360.19,,,52.39,30.52,97.55,80.1,288.5,,,66627350528.0,6662.74,578366144512.0,57836.61,,,,,1.2,0.79
27.09.2026 at 02:56 PM IST,GIPCL,Gujarat Industries Power Company Limited,Utilities,Utilities - Regulated Electric,28845328384.0,2884.53,5.73,12.15,0.75,93.59,,,30.09,31.06,53.09,34.4,174.9,,,2626010112.0,262.6,35941715968.0,3594.17,,,,,2.21,0.43
27.09.2026 at 02:56 PM IST,PANAMAPET,Panama Petrochem Limited,Energy,Oil & Gas Refining & Marketing,28637669376.0,2863.77,5.98,,1.95,7.55,,,22.37,11.66,23.09,150.3,6.25,,,814499968.0,81.45,1108600064.0,110.86,,,,,63.0,0.59
27.09.2026 at 02:56 PM IST,NAUKRI,Info Edge (India) Limited,Communication Services,Internet Content & Information,812781142016.0,81278.11,50.76,53.2,2.14,0.64,,,34.81,47.4,56.39,11.4,50.7,,,45885431808.0,4588.54,2585299968.0,258.53,,,,,1.15,0.3
27.09.2026 at 02:56 PM IST,APLAPOLLO,APL Apollo Tubes Limited,Basic Materials,Steel,614930055168.0,61493.01,49.95,34.8,11.61,9.4,,,6.28,5.23,15.61,8.5,11.0,,,8862300160.0,886.23,4976500224.0,497.65,,,,,38.0,0.33
27.09.2026 at 02:56 PM IST,GABRIEL,Gabriel India Limited,Consumer Cyclical,Auto Parts,265739173888.0,26573.92,78.3,34.81,14.58,10.64,,,6.44,5.24,25.73,29.8,40.6,,,3509349888.0,350.93,1481170048.0,148.12,,,,,36.0,0.71
27.09.2026 at 02:56 PM IST,LOKESHMACH,Lokesh Machines Limited,Industrials,Specialty Industrial Machinery,7415261184.0,741.53,153.94,,2.97,74.22,,,10.36,2.05,38.94,15.4,113.0,,,2193000.0,0.22,1694344960.0,169.43,,,,,,0.3
27.09.2026 at 02:56 PM IST,REFEX,Refex Industries Limited,Energy,Thermal Coal,39219916800.0,3921.99,13.55,,2.61,14.92,,,11.04,8.66,18.21,139.1,207.1,,,3983624960.0,398.36,2250443008.0,225.04,,,,,70.0,1.71
27.09.2026 at 02:56 PM IST,MAYURUNIQ,Mayur Uniquoters Limited,Consumer Cyclical,Textile Manufacturing,31703015424.0,3170.3,15.29,12.0,2.8,0.69,,,19.1,20.3,45.38,24.7,37.9,,,2580076032.0,258.01,77775000.0,7.78,,,,,82.0,0.4
27.09.2026 at 02:56 PM IST,3MINDIA,3M India Limited,Industrials,Conglomerates,382167515136.0,38216.75,66.22,43.65,21.61,9.6,,,15.55,10.87,40.66,19.0,31.2,,,8121399808.0,812.14,1697500032.0,169.75,,,,,47.0,0.27
27.09.2026 at 02:56 PM IST,PWL,Physicswallah Limited,Consumer Defensive,Education & Training Services,389764939776.0,38976.49,1919.43,64.12,8.56,23.02,,,-11.69,0.5,32.53,23.9,,,,33559599104.0,3355.96,10521100288.0,1052.11,,,,,,
27.09.2026 at 02:56 PM IST,NUVOCO,Nuvoco Vistas Corporation Limited,Basic Materials,Building Materials,119808040960.0,11980.8,31.06,19.88,1.17,48.06,,,10.95,3.33,63.68,8.9,19.8,,,962600000.0,96.26,49160998912.0,4916.1,,,,,,0.32
27.09.2026 at 02:56 PM IST,AYMSYNTEX,AYM Syntex Limited,Consumer Cyclical,Textile Manufacturing,17280698368.0,1728.07,91.86,,2.93,31.91,,,4.71,1.35,45.27,7.5,,,,145700000.0,14.57,1878300032.0,187.83,,,,,,0.43
27.09.2026 at 02:56 PM IST,INDHOTEL,The Indian Hotels Company Limited,Consumer Cyclical,Lodging,1051392999424.0,105139.3,48.32,38.9,7.93,18.99,,,24.4,20.87,63.01,15.1,20.7,,,43310501888.0,4331.05,28365500416.0,2836.55,,,,,45.0,-0.16
27.09.2026 at 02:56 PM IST,LODHA,Lodha Developers Limited,Real Estate,Real Estate - Development,1164095127552.0,116409.51,28.25,23.74,5.0,42.24,,,37.09,22.69,43.66,43.1,103.3,,,59927998464.0,5992.8,98959998976.0,9896.0,,,,,36.0,0.61
27.09.2026 at 02:56 PM IST,ADANIPORTS,Adani Ports and Special Economic Zone Limited,Industrials,Marine Shipping,4119478665216.0,411947.87,30.49,22.87,4.29,64.05,,,44.63,32.43,64.4,18.6,2.4,,,72847302656.0,7284.73,633989890048.0,63398.99,,,,,42.0,0.49
27.09.2026 at 02:56 PM IST,KOVAI,Kovai Medical Center and Hospital Limited,Healthcare,Medical Care Facilities,66643845120.0,6664.38,25.97,,5.05,30.53,,,21.38,15.6,48.25,15.3,20.7,,,3448784896.0,344.88,4027471872.0,402.75,,,,,25.0,0.41
27.09.2026 at 02:56 PM IST,IIFLCAPS,IIFL Capital Services Limited,Financial Services,Capital Markets,109332545536.0,10933.25,20.04,,3.52,59.29,,,36.18,24.52,61.66,3.3,4.5,,,50653908992.0,5065.39,18208868352.0,1820.89,,,,,87.0,0.76
27.09.2026 at 02:56 PM IST,ONWARDTEC,Onward Technologies Limited,Technology,Information Technology Services,6310958080.0,631.1,15.2,,2.58,15.72,,,9.19,7.63,26.89,12.2,-11.2,,,1279592960.0,127.96,398432992.0,39.84,,,,,2.78,0.83
27.09.2026 at 02:56 PM IST,BHARATSE,Bharat Seats Limited,Consumer Cyclical,Auto Parts,13444851712.0,1344.49,29.09,,5.85,47.94,19.91,5.76,3.53,2.17,13.47,46.2,16.3,0.88,0.69,163190000.0,16.32,1100994944.0,110.1,314074368.0,31.41,1067086976.0,106.71,70.0,0.88
27.09.2026 at 02:56 PM IST,LIBAS,Libas Consumer Products Limited,Consumer Cyclical,Apparel Manufacturing,326145888.0,32.61,9.52,,0.4,16.92,,,5.24,2.62,17.27,-30.2,,,,73393000.0,7.34,144056992.0,14.41,,,,,,0.33
27.09.2026 at 02:56 PM IST,PAUSHAKLTD,Paushak Limited,Basic Materials,Specialty Chemicals,16449859584.0,1644.99,38.77,,3.35,15.67,,,20.64,17.22,71.92,49.5,25.6,,,273635008.0,27.36,769398976.0,76.94,,,,,37.0,0.52
27.09.2026 at 02:56 PM IST,TGBHOTELS,TGB Banquets and Hotels Limited,Consumer Cyclical,Lodging,280563712.0,28.06,18.78,,0.36,16.05,,,1.6,3.81,57.29,-6.1,16.7,,,7063000.0,0.71,124504000.0,12.45,,,,,,0.28
27.09.2026 at 02:56 PM IST,20MICRONS,20 Microns Limited,Basic Materials,Other Industrial Metals & Mining,7677637632.0,767.76,11.34,,1.59,32.04,,,11.05,7.12,47.23,-1.0,5.4,,,735836032.0,73.58,1560039936.0,156.0,,,,,57.0,0.73
27.09.2026 at 02:56 PM IST,PARADEEP,Paradeep Phosphates Limited,Basic Materials,Agricultural Inputs,161479524352.0,16147.95,15.07,13.58,2.38,101.82,,,10.04,4.58,25.26,63.1,20.8,,,4092199936.0,409.22,69062803456.0,6906.28,,,,,96.0,-0.09
27.09.2026 at 02:56 PM IST,LAXMIINDIA,Laxmi India Finance Limited,Financial Services,Credit Services,6395099136.0,639.51,10.62,,1.37,287.3,,,42.25,30.59,100.0,47.6,35.0,,,1352788992.0,135.28,13373120512.0,1337.31,,,,,,
27.09.2026 at 02:56 PM IST,OSWALSEEDS,ShreeOswal Seeds and Chemicals Limited,Basic Materials,Agricultural Inputs,1196427648.0,119.64,9.83,,2.35,121.21,,,15.5,4.57,11.42,19.5,67.5,,,15148000.0,1.51,618492992.0,61.85,,,,,,-0.82
27.09.2026 at 02:56 PM IST,MANORAMA,Manorama Industries Limited,Consumer Defensive,Packaged Foods,118215622656.0,11821.56,43.52,34.3,16.39,52.15,,,24.76,17.33,45.27,39.5,67.8,,,840470976.0,84.05,3557594880.0,355.76,,,,,4.0,0.28
27.09.2026 at 02:56 PM IST,CORONA,CORONA Remedies Limited,Healthcare,Drug Manufacturers - General,,,65.26,40.38,17.34,22.07,,,18.91,13.46,80.82,21.9,30.2,,,288300000.0,28.83,1648499968.0,164.85,,,,,47.0,
27.09.2026 at 02:56 PM IST,URBANCO,Urban Company Limited,Technology,Software - Application,248844566528.0,24884.46,,-192.73,12.16,6.33,,,-20.52,-19.42,50.45,43.6,,,,17183700992.0,1718.37,1357900032.0,135.79,,,,,,
27.09.2026 at 02:56 PM IST,BAJAJCON,Bajaj Consumer Care Limited,Consumer Defensive,Household & Personal Products,65243852800.0,6524.39,29.68,22.06,8.86,2.09,,,23.29,18.06,61.47,28.1,95.7,,,4060763904.0,406.08,157972992.0,15.8,,,,,,0.92
27.09.2026 at 02:56 PM IST,NAGREEKCAP,Nagreeka Capital & Infrastructure Ltd.,Financial Services,Asset Management,353985312.0,35.4,5.24,,1.24,380.22,,,27.28,11.64,31.08,108.3,-0.7,,,10838000.0,1.08,1085099008.0,108.51,,,,,,0.45
27.09.2026 at 02:56 PM IST,RISHABH,Rishabh Instruments Limited,Technology,Scientific & Technical Instruments,27544504320.0,2754.45,34.12,20.75,3.68,10.75,,,12.03,10.33,60.91,4.2,-4.5,,,2018310016.0,201.83,805440000.0,80.54,,,,,28.0,1.05
27.09.2026 at 02:56 PM IST,UNIONBANK,Union Bank of India,Financial Services,Banks - Regional,1375575736320.0,137557.57,6.66,6.73,0.99,,15.8,1.35,48.8,40.46,0.0,16.4,27.4,,,526358806528.0,52635.88,732925722624.0,73292.57,,,,,2.77,0.9
27.09.2026 at 02:56 PM IST,EMMVEE,Emmvee Photovoltaic Power Limited,Technology,Solar,222865866752.0,22286.59,17.5,11.17,6.03,9.74,,,29.84,22.84,44.52,51.3,73.7,,,3837068032.0,383.71,3600599040.0,360.06,,,,,31.0,
27.09.2026 at 02:56 PM IST,GEOJITFSL,Geojit Financial Services Limited,Financial Services,Capital Markets,22751244288.0,2275.12,31.35,,1.89,9.47,,,11.07,10.74,89.26,4.9,-28.3,,,2330295040.0,233.03,1226902016.0,122.69,,,,,1.84,0.42
27.09.2026 at 02:56 PM IST,NEULANDLAB,Neuland Laboratories Limited,Healthcare,Drug Manufacturers - Specialty & Generic,280846270464.0,28084.63,56.5,44.6,14.98,16.07,,,30.6,20.99,55.17,119.2,9.63,,,766704000.0,76.67,3012721920.0,301.27,,,,,16.0,0.3
27.09.2026 at 02:56 PM IST,WHIRLPOOL,Whirlpool of India Limited,Consumer Cyclical,"Furnishings, Fixtures & Appliances",116627103744.0,11662.71,46.5,26.41,2.8,8.62,,,3.1,3.01,32.38,12.1,-29.4,,,25527500800.0,2552.75,3586899968.0,358.69,,,,,54.0,0.36
27.09.2026 at 02:56 PM IST,EICHERMOT,Eicher Motors Limited,Consumer Cyclical,Auto Manufacturers,2020479729664.0,202047.97,34.96,27.0,8.04,2.05,,,19.8,23.21,42.31,31.5,21.3,,,60782301184.0,6078.23,5139500032.0,513.95,,,,,1.11,0.22
27.09.2026 at 02:56 PM IST,GMBREW,G.M. Breweries Limited,Consumer Defensive,Beverages - Wineries & Distilleries,22362568704.0,2236.26,13.25,16.13,2.07,3.2,,,5.6,8.88,13.2,25.8,45.9,,,111050000.0,11.11,345192992.0,34.52,,,,,92.0,0.3
27.09.2026 at 02:56 PM IST,IIFL,IIFL Finance Limited,Financial Services,Credit Services,262382403584.0,26238.24,12.56,8.14,1.88,447.42,,,42.17,24.17,99.68,31.8,189.5,,,87518298112.0,8751.83,698830225408.0,69883.02,,,,,65.0,0.3
27.09.2026 at 02:56 PM IST,VOLTAMP,Voltamp Transformers Limited,Industrials,Electrical Equipment & Parts,108344238080.0,10834.42,34.13,26.91,6.05,0.03,,,14.11,13.92,25.35,28.4,14.7,,,1013974016.0,101.4,5427000.0,0.54,,,,,93.0,0.01
27.09.2026 at 02:56 PM IST,IMAGICAA,Imagicaaworld Entertainment Limited,Communication Services,Entertainment,30816794624.0,3081.68,209.16,30.76,1.65,27.31,,,36.75,3.45,89.59,19.9,34.2,,,271215008.0,27.12,3425138944.0,342.51,,,,,,0.26
27.09.2026 at 02:56 PM IST,GLENMARK,Glenmark Pharmaceuticals Limited,Healthcare,Drug Manufacturers - Specialty & Generic,671694716928.0,67169.47,37.32,24.37,6.39,5.65,,,15.72,10.14,71.94,23.1,9.31,,,11762570240.0,1176.26,5935269888.0,593.53,,,,,32.0,0.26
27.09.2026 at 02:56 PM IST,63MOONS,63 moons technologies limited,Technology,Software - Application,39519256576.0,3951.93,,,1.11,0.15,,,-58.95,-20.48,7.59,350.5,,,,19559452672.0,1955.95,54222000.0,5.42,,,,,23.0,0.65
27.09.2026 at 02:56 PM IST,GRPLTD,GRP Limited,Consumer Cyclical,Auto Parts,10661330944.0,1066.13,188.41,13.58,5.98,116.33,,,7.59,1.0,47.37,26.7,139.9,,,139286000.0,13.93,2075005952.0,207.5,,,,,18.0,0.0
27.09.2026 at 02:56 PM IST,HERITGFOOD,Heritage Foods Limited,Consumer Defensive,Packaged Foods,37805088768.0,3780.51,27.94,19.59,3.43,32.62,,,2.64,2.85,22.34,17.7,-37.8,,,2605240064.0,260.52,3614810112.0,361.48,,,,,61.0,0.35
27.09.2026 at 02:56 PM IST,TRUALT,TruAlt Bioenergy Limited,Energy,Oil & Gas Refining & Marketing,37894070272.0,3789.41,25.51,,2.49,104.64,,,17.22,7.24,37.26,106.3,8.96,,,938334976.0,93.83,16515111936.0,1651.51,,,,,,
27.09.2026 at 02:56 PM IST,BANDHANBNK,Bandhan Bank Limited,Financial Services,Banks - Regional,302412365824.0,30241.24,22.37,9.25,1.18,,,,23.77,13.62,0.0,21.6,34.6,,,131266928640.0,13126.69,143028125696.0,14302.81,,,,,80.0,0.79
27.09.2026 at 02:56 PM IST,SECMARK,SecMark Consultancy Limited,Industrials,Consulting Services,1502951424.0,150.3,43.95,,6.12,54.91,,,-4.12,7.96,71.23,55.5,,,,275852992.0,27.59,128548000.0,12.85,,,,,,0.12
27.09.2026 at 02:56 PM IST,KOTAKBANK,Kotak Mahindra Bank Limited,Financial Services,Banks - Regional,4018944081920.0,401894.41,19.8,17.2,2.22,,,,34.76,28.47,0.0,21.0,22.5,,,729322225664.0,72932.22,1115291254784.0,111529.13,,,,,16.0,0.28
27.09.2026 at 02:56 PM IST,NORTHARC,Northern Arc Capital Limited,Financial Services,Credit Services,48684568576.0,4868.46,11.22,6.8,1.25,314.96,,,38.46,36.55,70.14,43.9,40.2,,,6305742848.0,630.57,122866008064.0,12286.6,,,,,,
27.09.2026 at 02:56 PM IST,ACUTAAS,Acutaas Chemicals Limited,Basic Materials,Specialty Chemicals,267923243008.0,26792.32,69.45,44.59,16.21,2.08,,,31.32,26.42,58.42,59.1,67.1,,,2248343040.0,224.83,355959008.0,35.6,,,,,8.0,0.02
27.09.2026 at 02:56 PM IST,CRAFTSMAN,Craftsman Automation Limited,Consumer Cyclical,Auto Parts,280767823872.0,28076.78,55.25,30.34,7.85,111.01,,,10.84,5.33,42.79,36.3,113.3,,,1581699968.0,158.17,36234801152.0,3623.48,,,,,10.0,0.34
27.09.2026 at 02:56 PM IST,AEROPLANE,Amir Chand Jagdish Kumar (Exports) Limited,Consumer Defensive,Farm Products,21690943488.0,2169.09,35.68,,1.92,82.03,,,9.09,4.91,14.84,55.1,81.1,,,2569580032.0,256.96,7580850176.0,758.09,,,,,,
27.09.2026 at 02:56 PM IST,CLEANMAX,Clean Max Enviro Energy Solutions Limited,Utilities,Utilities - Renewable,163405643776.0,16340.56,104.14,43.45,3.52,231.88,,,36.81,6.69,68.51,109.2,,,,12019600384.0,1201.96,128077217792.0,12807.72,,,,,,
27.09.2026 at 02:56 PM IST,KAPSTON,Kapston Services Limited,Industrials,Specialty Business Services,16302521344.0,1630.25,53.46,,14.01,158.27,,,6.06,3.54,7.33,16.2,38.6,,,151720992.0,15.17,1841489024.0,184.15,,,,,,0.12
27.09.2026 at 02:56 PM IST,JAGRAN,Jagran Prakashan Limited,Communication Services,Publishing,13636040704.0,1363.6,7.23,6.2,0.68,5.16,,,10.53,9.85,52.35,8.5,-12.6,,,8766917632.0,876.69,1098740992.0,109.87,,,,,11.17,0.38
27.09.2026 at 02:56 PM IST,MANUGRAPH,Manugraph India Limited,Industrials,Specialty Industrial Machinery,621105280.0,62.11,10.83,,1.04,5.17,,,-11.18,6.76,36.66,-18.8,8.9,,,19173000.0,1.92,30000000.0,3.0,,,,,,0.28
27.09.2026 at 02:56 PM IST,VAISHALI,Vaishali Pharma Limited,Healthcare,Drug Manufacturers - Specialty & Generic,1124583552.0,112.46,inf,,1.63,27.33,,,5.89,4.11,12.4,-3.6,18.5,,,14302000.0,1.43,188900992.0,18.89,,,,,,0.37
27.09.2026 at 02:56 PM IST,TI,Tilaknagar Industries Ltd.,Consumer Defensive,Beverages - Wineries & Distilleries,144202219520.0,14420.22,,34.42,4.85,77.18,,,12.23,-1.2,44.91,155.7,-72.0,,,3604162048.0,360.42,23012075520.0,2301.21,,,,,17.0,0.23
27.09.2026 at 02:56 PM IST,CGCL,Capri Global Capital Limited,Financial Services,Credit Services,244098465792.0,24409.85,21.59,13.11,3.4,334.73,,,50.4,34.96,94.76,85.8,79.4,,,22112890880.0,2211.29,241120985088.0,24112.1,,,,,8.0,-0.02
27.09.2026 at 02:56 PM IST,MWL,Mangalam Worldwide Limited,Basic Materials,Steel,12792080384.0,1279.21,24.61,,4.27,160.46,,,8.21,4.16,23.43,14.7,17.6,,,64448000.0,6.44,4901586944.0,490.16,,,,,7.0,0.57
27.09.2026 at 02:56 PM IST,ALKYLAMINE,Alkyl Amines Chemicals Limited,Basic Materials,Specialty Chemicals,94506573824.0,9450.66,42.01,40.05,6.16,0.08,,,21.92,13.58,46.39,30.2,91.4,,,2509359104.0,250.94,11885000.0,1.19,,,,,54.0,0.63
27.09.2026 at 02:56 PM IST,SOFTTECH,SoftTech Engineers Limited,Technology,Software - Application,6641457664.0,664.15,131.45,,3.87,22.79,,,6.67,3.62,62.89,23.2,10.3,,,358025984.0,35.8,388331008.0,38.83,,,,,,0.54
27.09.2026 at 02:56 PM IST,NITINSPIN,Nitin Spinners Limited,Consumer Cyclical,Textile Manufacturing,34426314752.0,3442.63,16.25,11.68,2.34,76.46,,,13.48,6.43,29.31,10.3,83.7,,,86437000.0,8.64,11244987392.0,1124.5,,,,,49.0,0.37
27.09.2026 at 02:56 PM IST,NAZARA,Nazara Technologies Limited,Communication Services,Electronic Gaming & Multimedia,144818831360.0,14481.88,,58.36,4.75,6.05,,,-0.29,-1.29,77.78,-14.0,,,,7343300096.0,734.33,2149299968.0,214.93,,,,,,0.16
27.09.2026 at 02:56 PM IST,HINDOILEXP,Hindustan Oil Exploration Company Limited,Energy,Oil & Gas E&P,22928340992.0,2292.83,91.74,,1.65,3.59,,,-11.1,8.41,46.15,45.2,-85.8,,,549420992.0,54.94,497671008.0,49.77,,,,,,0.47
27.09.2026 at 02:56 PM IST,UMIYA-MRO,Umiya Buildcon Limited,Technology,Communication Equipment,1817077504.0,181.71,16.51,,1.43,110.39,,,24.07,11.82,65.65,27.3,-99.2,,,15795000.0,1.58,1272153984.0,127.22,,,,,,0.51
27.09.2026 at 02:56 PM IST,DEEPAKFERT,Deepak Fertilisers And Petrochemicals Corporation Limited,Basic Materials,Chemicals,172337037312.0,17233.7,17.48,10.92,2.52,75.97,,,22.73,8.13,32.62,22.5,101.6,,,6623699968.0,662.37,56702799872.0,5670.28,,,,,73.0,0.05
27.09.2026 at 02:56 PM IST,PARAS,Paras Defence and Space Technologies Limited,Industrials,Aerospace & Defense,106455859200.0,10645.59,112.33,79.58,14.66,3.73,,,21.44,18.47,50.81,37.3,42.5,,,1194499968.0,119.45,270600000.0,27.06,,,,,8.0,0.54
27.09.2026 at 02:56 PM IST,EPACKPEB,EPack Prefab Technologies Limited,Industrials,Engineering & Construction,24692836352.0,2469.28,26.05,17.4,3.36,15.61,,,7.68,5.94,32.99,23.9,-3.2,,,3087917056.0,308.79,1146296064.0,114.63,,,,,,
27.09.2026 at 02:56 PM IST,MAXESTATES,Max Estates Limited,Real Estate,Real Estate - Development,97272774656.0,9727.28,837.54,18.88,4.02,76.2,,,35.11,3.02,97.21,-0.1,-31.1,,,10805031936.0,1080.5,24087910400.0,2408.79,,,,,,1.19
27.09.2026 at 02:56 PM IST,PRUDENT,Prudent Corporate Advisory Services Limited,Financial Services,Asset Management,128273752064.0,12827.38,52.36,36.94,14.53,3.87,,,27.33,17.49,44.22,20.9,44.4,,,5600631808.0,560.06,341254016.0,34.13,,,,,11.0,0.39
27.09.2026 at 02:56 PM IST,BAJAJHCARE,Bajaj HealthCare Limited,Healthcare,Drug Manufacturers - Specialty & Generic,11585864704.0,1158.59,49.02,,2.06,46.73,,,13.12,2.81,48.73,11.3,11.5,,,379872992.0,37.99,2490907904.0,249.09,,,,,44.0,0.28
27.09.2026 at 02:56 PM IST,SIL,Standard Industries Limited,Consumer Cyclical,Textile Manufacturing,1076866432.0,107.69,1.74,,0.94,3.14,,,44.44,28.61,49.74,17.35,,,,294479008.0,29.45,36098000.0,3.61,,,,,2.99,0.1
27.09.2026 at 02:56 PM IST,JUSTDIAL,Just Dial Limited,Communication Services,Internet Content & Information,57169960960.0,5717.0,11.35,9.49,1.12,1.66,,,23.49,40.5,39.95,9.9,4.1,,,58522599424.0,5852.26,845100032.0,84.51,,,,,,0.09
27.09.2026 at 02:56 PM IST,JUBLPHARMA,Jubilant Pharmova Limited,Healthcare,Drug Manufacturers - Specialty & Generic,169783115776.0,16978.31,48.31,21.21,2.39,50.94,,,5.41,4.09,64.98,17.3,-45.0,,,12670999552.0,1267.1,36146999296.0,3614.7,,,,,47.0,0.49
27.09.2026 at 02:56 PM IST,LICI,Life Insurance Corporation of India,Financial Services,Insurance - Life,2587240169472.0,258724.02,8.61,6.96,2.93,0.43,,,6.43,6.51,11.08,6.8,40.0,,,731417477120.0,73141.75,7619200000.0,761.92,,,,,2.44,0.54
27.09.2026 at 02:56 PM IST,FINEORG,Fine Organic Industries Limited,Basic Materials,Specialty Chemicals,155844657152.0,15584.47,35.59,32.55,5.85,3.46,,,23.36,17.73,40.52,18.0,18.0,,,14505394176.0,1450.54,923091008.0,92.31,,,,,22.0,0.23
27.09.2026 at 02:56 PM IST,SALSTEEL,S.A.L. Steel Limited,Basic Materials,Steel,13550162944.0,1355.02,71.45,,9.3,238.17,,,12.35,7.42,29.42,-31.5,,,,4700000.0,0.47,3492000000.0,349.2,,,,,,1.1
27.09.2026 at 02:56 PM IST,BALUFORGE,Balu Forge Industries Limited,Industrials,Metal Fabrication,61521416192.0,6152.14,20.83,,3.29,9.52,,,27.09,22.81,35.57,29.0,88.0,,,889985984.0,89.0,1518694016.0,151.87,,,,,3.0,0.63
27.09.2026 at 02:56 PM IST,PPLPHARMA,Piramal Pharma Limited,Healthcare,Drug Manufacturers - Specialty & Generic,278664642560.0,27866.46,,51.64,3.42,69.98,,,-1.25,-3.41,59.41,17.4,,,,13554199552.0,1355.42,57119801344.0,5711.98,,,,,8.0,0.34
27.09.2026 at 02:56 PM IST,PROZONER,Prozone Realty Limited,Real Estate,Real Estate - Diversified,8660213760.0,866.02,141.88,,1.9,134.62,,,-40.26,5.57,68.5,-60.1,80.0,,,768251008.0,76.83,6575349248.0,657.53,,,,,,0.82
27.09.2026 at 02:56 PM IST,KOHINOOR,Kohinoor Foods Limited,Consumer Defensive,Packaged Foods,1151070976.0,115.11,1.36,,-1.23,,,,-0.3,52.71,23.38,81.8,,,,6700000.0,0.67,1472700032.0,147.27,,,,,,-0.36
27.09.2026 at 02:56 PM IST,SHAILY,Shaily Engineering Plastics Limited,Basic Materials,Specialty Chemicals,144530866176.0,14453.09,81.96,39.66,20.15,24.75,,,24.59,17.26,55.15,13.8,16.7,,,251728000.0,25.17,1774129024.0,177.41,,,,,10.0,-0.11
27.09.2026 at 02:56 PM IST,AVL,Aditya Vision Limited,Consumer Cyclical,Specialty Retail,80001024000.0,8000.1,57.68,37.91,11.57,83.2,,,9.4,4.75,15.84,26.9,39.8,,,1286499968.0,128.65,5728000000.0,572.8,,,,,20.0,0.12
27.09.2026 at 02:56 PM IST,KPIL,Kalpataru Projects International Limited,Industrials,Engineering & Construction,237578747904.0,23757.87,20.92,15.16,3.06,45.81,,,6.64,4.15,27.78,3.8,45.2,,,19881500672.0,1988.15,35426201600.0,3542.62,,,,,79.0,0.46
27.09.2026 at 02:56 PM IST,KSB,KSB Limited,Industrials,Specialty Industrial Machinery,142555512832.0,14255.55,58.13,40.75,8.39,0.37,15.19,6.95,9.67,9.01,45.46,3.6,-18.6,2.04,0.96,1766000000.0,176.6,63000000.0,6.3,-1268770048.0,-126.88,200790000.0,20.08,54.0,-0.16
27.09.2026 at 02:56 PM IST,AEQUS,Aequs Limited,Industrials,Aerospace & Defense,161126858752.0,16112.69,,461.46,9.99,47.18,,,-7.73,-12.41,59.37,54.8,,,,3566520064.0,356.65,7009310208.0,700.93,,,,,,
27.09.2026 at 02:56 PM IST,GAEL,Gujarat Ambuja Exports Limited,Consumer Defensive,Packaged Foods,75162361856.0,7516.24,18.09,13.77,2.28,13.38,,,12.46,6.9,27.73,23.5,171.1,,,8644500480.0,864.45,4409999872.0,441.0,,,,,18.0,-0.0
27.09.2026 at 02:56 PM IST,GOLDIAM,Goldiam International Limited,Consumer Cyclical,Luxury Goods,48938590208.0,4893.86,23.44,,4.42,6.93,,,18.8,19.66,33.07,41.9,107.9,,,4788722176.0,478.87,770134976.0,77.01,,,,,87.0,1.03
27.09.2026 at 02:56 PM IST,SGMART,SG Mart Limited,Industrials,Industrial Distribution,92160385024.0,9216.04,74.06,36.37,5.77,16.78,,,4.18,1.92,4.05,14.4,34.6,,,9841300480.0,984.13,2679200000.0,267.92,,,,,,-0.76
27.09.2026 at 02:56 PM IST,TNPL,Tamil Nadu Newsprint and Papers Limited,Basic Materials,Paper & Paper Products,10492326912.0,1049.23,4.02,4.08,0.45,69.64,,,3.21,5.61,28.01,0.4,,,,156800000.0,15.68,16128100352.0,1612.81,,,,,2.64,0.02
27.09.2026 at 02:56 PM IST,ARFIN,Arfin India Limited,Basic Materials,Aluminum,15237326848.0,1523.73,82.1,,9.04,75.88,,,4.21,2.56,14.07,95.5,300.0,,,89562000.0,8.96,1292659968.0,129.27,,,,,27.0,0.46
27.09.2026 at 02:56 PM IST,GOCLCORP,GOCL Corporation Limited,Basic Materials,Specialty Chemicals,19040792576.0,1904.08,7.06,,0.61,0.02,,,-142.67,31.89,53.98,26.3,-96.7,,,939606016.0,93.96,6152000.0,0.62,,,,,7.81,0.79
27.09.2026 at 02:56 PM IST,RAJRATAN,Rajratan Global Wire Limited,Basic Materials,Steel,23989297152.0,2398.93,30.11,19.79,3.69,49.8,,,10.74,6.48,38.11,29.1,69.9,,,225100000.0,22.51,3239000064.0,323.9,,,,,42.0,0.38
27.09.2026 at 02:56 PM IST,GVPIL,GE Power India Limited,Industrials,Engineering & Construction,45022240768.0,4502.22,13.15,,7.73,3.02,,,13.43,21.04,41.96,7.6,54.8,,,4245700096.0,424.57,175900000.0,17.59,,,,,1.05,1.49
27.09.2026 at 02:56 PM IST,IZMO,IZMO Limited,Technology,Software - Application,13541460992.0,1354.15,25.08,,3.31,4.05,,,18.86,18.3,59.12,15.7,102.2,,,102902000.0,10.29,165831008.0,16.58,,,,,,0.77
27.09.2026 at 02:56 PM IST,BALRAMCHIN,Balrampur Chini Mills Limited,Consumer Defensive,Confectioners,145113563136.0,14511.36,37.74,17.9,3.35,76.61,,,4.25,5.83,26.26,6.1,-15.4,,,42020000.0,4.2,31700359168.0,3170.04,,,,,1.02,0.37
27.09.2026 at 02:56 PM IST,SHOPERSTOP,Shoppers Stop Limited,Consumer Cyclical,Department Stores,46677606400.0,4667.76,,50.72,16.03,1139.71,,,3.82,-0.67,36.51,11.2,,,,127100000.0,12.71,33166800896.0,3316.68,,,,,,-0.2
27.09.2026 at 02:56 PM IST,PAGEIND,Page Industries Limited,Consumer Cyclical,Apparel Manufacturing,420445290496.0,42044.53,55.56,43.37,27.98,18.42,,,18.33,14.13,57.98,7.9,-4.0,,,4262510080.0,426.25,2768120064.0,276.81,,,,,2.12,0.03
27.09.2026 at 02:56 PM IST,AAREYDRUGS,Aarey Drugs & Pharmaceuticals Limited,Healthcare,Drug Manufacturers - Specialty & Generic,3387796736.0,338.78,79.35,,1.92,40.38,,,1.07,0.87,3.82,-56.3,-25.0,,,33980000.0,3.4,607486976.0,60.75,,,,,,1.25
27.09.2026 at 02:56 PM IST,AIROLAM,Airo Lam Limited,Consumer Cyclical,"Furnishings, Fixtures & Appliances",1384534656.0,138.45,26.37,,1.76,106.3,7.0,4.19,3.39,2.16,32.93,9.2,-93.3,1.33,0.56,18943000.0,1.89,822846016.0,82.28,88353752.0,8.84,193732000.0,19.37,,-0.55
27.09.2026 at 02:56 PM IST,BHAGERIA,Bhageria Industries Limited,Basic Materials,Specialty Chemicals,17221994496.0,1722.2,24.94,,2.88,18.4,,,11.31,6.88,25.51,81.9,203.5,,,627009024.0,62.7,1092310016.0,109.23,,,,,63.0,0.71
27.09.2026 at 02:56 PM IST,IKIO,IKIO Technologies Limited,Technology,Electronic Components,15875774464.0,1587.58,34.41,,2.64,11.44,,,8.58,7.22,40.34,40.9,363.3,,,217510000.0,21.75,696990016.0,69.7,,,,,,0.85
27.09.2026 at 02:56 PM IST,UNIVCABLES,Universal Cables Limited,Industrials,Electrical Equipment & Parts,51834896384.0,5183.49,25.97,100.54,2.77,62.26,,,8.39,5.93,23.62,57.5,113.1,,,58834000.0,5.88,11773089792.0,1177.31,,,,,30.0,0.64
27.09.2026 at 02:56 PM IST,STLNETWORK,STL Networks Limited,Communication Services,Telecom Services,26664521728.0,2666.45,,,3.33,116.75,,,4.79,-10.43,13.39,-9.2,,,,847400000.0,84.74,9344600064.0,934.46,,,,,,
27.09.2026 at 02:56 PM IST,PRAENG,Prajay Engineers Syndicate Limited,Real Estate,Real Estate - Development,1657478272.0,165.75,,,0.34,34.49,,,-45.53,-63.54,24.93,-67.0,,,,426736992.0,42.67,1638978944.0,163.9,,,,,,0.27
27.09.2026 at 02:56 PM IST,SUDARSCHEM,Sudarshan Chemical Industries Limited,Basic Materials,Specialty Chemicals,97044987904.0,9704.5,133.36,19.08,2.78,64.17,,,6.17,0.73,47.99,5.4,105.0,,,13642999808.0,1364.3,24732000256.0,2473.2,,,,,41.0,0.5
27.09.2026 at 02:56 PM IST,CENTUM,Centum Electronics Limited,Technology,Electronic Components,70891626496.0,7089.16,75.19,48.33,20.63,37.98,,,9.22,5.55,33.08,-25.3,17.19,,,379120000.0,37.91,1234759936.0,123.48,,,,,10.0,0.13
27.09.2026 at 02:56 PM IST,CINELINE,Cineline India Limited,Communication Services,Entertainment,3056223232.0,305.62,24.71,,1.97,77.94,,,4.51,4.93,57.95,30.9,,,,99012000.0,9.9,1207131008.0,120.71,,,,,1.4,0.18
27.09.2026 at 02:56 PM IST,SESHAPAPER,Seshasayee Paper and Boards Limited,Basic Materials,Paper & Paper Products,15531791360.0,1553.18,14.97,,0.73,,,,6.56,5.45,30.97,27.7,107.0,,,708800000.0,70.88,0.0,0.0,,,,,81.0,-0.14
27.09.2026 at 02:56 PM IST,AGARWALEYE,Dr. Agarwal's Health Care Limited,Healthcare,Medical Instruments & Supplies,158513086464.0,15851.31,107.53,59.51,7.82,50.3,,,15.0,6.72,43.61,26.0,49.5,,,2837600000.0,283.76,10661999616.0,1066.2,,,,,,
27.09.2026 at 02:56 PM IST,ANANDRATHI,Anand Rathi Wealth Limited,Financial Services,Asset Management,353136574464.0,35313.66,76.92,63.19,35.38,8.25,,,48.53,33.19,57.81,52.1,71.0,,,4548030976.0,454.8,834769984.0,83.48,,,,,33.0,0.34
27.09.2026 at 02:56 PM IST,KOTHARIPET,Kothari Petrochemicals Limited,Basic Materials,Specialty Chemicals,7857171456.0,785.72,10.93,,2.11,0.6,,,13.46,12.46,30.63,-8.8,-3.3,,,326558016.0,32.66,22378000.0,2.24,,,,,1.5,0.33
27.09.2026 at 02:56 PM IST,RBLBANK,RBL Bank Limited,Financial Services,Banks - Regional,644009230336.0,64400.92,34.25,20.66,1.53,,,,15.66,11.1,0.0,-6.2,-11.7,,,140115902464.0,14011.59,167964393472.0,16796.44,,,,,24.0,0.66
27.09.2026 at 02:56 PM IST,BBOX,Black Box Limited,Technology,Software - Application,142034960384.0,14203.5,61.33,27.91,11.03,89.59,,,6.59,3.4,17.38,23.9,12.9,,,5399799808.0,539.98,11530000384.0,1153.0,,,,,13.0,0.92
27.09.2026 at 02:56 PM IST,ISGEC,Isgec Heavy Engineering Limited,Industrials,Specialty Industrial Machinery,65481707520.0,6548.17,59.17,,2.39,32.93,,,2.97,1.5,34.17,47.7,-82.8,,,4418599936.0,441.86,9509099520.0,950.91,,,,,67.0,0.33
27.09.2026 at 02:56 PM IST,VIMTALABS,Vimta Labs Limited,Healthcare,Diagnostics & Research,26788626432.0,2678.86,33.61,,5.86,0.73,,,22.7,18.91,75.17,11.8,10.7,,,664700032.0,66.47,33320000.0,3.33,,,,,33.0,-0.08
27.09.2026 at 02:56 PM IST,CLEAN,Clean Science and Technology Limited,Basic Materials,Specialty Chemicals,85797855232.0,8579.79,36.89,25.35,5.42,0.14,,,28.08,23.72,61.48,10.5,4.7,,,3753679872.0,375.37,21390000.0,2.14,,,,,74.0,0.27
27.09.2026 at 02:56 PM IST,TVSSRICHAK,TVS Srichakra Limited,Consumer Cyclical,Auto Parts,35295170560.0,3529.52,38.17,29.92,2.97,64.48,,,4.09,2.37,42.32,30.3,164.2,,,232700000.0,23.27,7674500096.0,767.45,,,,,82.0,0.8
27.09.2026 at 02:56 PM IST,NEPHROPLUS,Nephrocare Health Services Limited,Healthcare,Medical Care Facilities,70054436864.0,7005.44,81.86,32.97,6.26,7.14,,,13.96,8.08,38.77,23.7,15.2,,,4255650048.0,425.57,797070016.0,79.71,,,,,,
27.09.2026 at 02:56 PM IST,TECHM,Tech Mahindra Limited,Technology,Information Technology Services,1371409481728.0,137140.95,26.74,17.73,4.63,7.27,,,14.41,8.68,35.76,17.7,28.3,,,83856998400.0,8385.7,21862000640.0,2186.2,,,,,3.29,0.16
27.09.2026 at 02:56 PM IST,GARFIBRES,Garware Technical Fibres Limited,Consumer Cyclical,Textile Manufacturing,75530993664.0,7553.1,36.5,26.22,5.67,3.16,,,16.74,12.78,70.3,31.4,22.6,,,4203898880.0,420.39,428150016.0,42.82,,,,,1.16,0.04
27.09.2026 at 02:56 PM IST,IRMENERGY,IRM Energy Limited,Utilities,Utilities - Regulated Gas,11014257664.0,1101.43,15.06,10.99,1.1,7.33,,,13.92,6.47,27.54,24.1,142.8,,,2764930048.0,276.49,731480000.0,73.15,,,,,56.0,2.07
27.09.2026 at 02:56 PM IST,RAMCOIND,Ramco Industries Limited,Industrials,Building Products & Equipment,27784957952.0,2778.5,8.48,27.77,0.61,3.79,,,16.13,17.38,43.5,17.3,31.9,,,1369900032.0,136.99,1714700032.0,171.47,,,,,39.0,0.34
27.09.2026 at 02:56 PM IST,AAATECH,AAA Technologies Limited,Technology,Information Technology Services,1301920256.0,130.19,59.71,,4.24,,,,17.94,10.57,49.61,-11.4,6.3,,,65973000.0,6.6,0.0,0.0,,,,,99.0,0.33
27.09.2026 at 02:56 PM IST,MODIS,Modi's Navnirman Limited,Real Estate,Real Estate - Development,7113564672.0,711.36,23.0,,4.54,4.03,,,19.81,15.33,21.75,27.9,25.6,,,49148000.0,4.91,63078000.0,6.31,,,,,,-0.01
27.09.2026 at 02:56 PM IST,SCI,The Shipping Corporation of India Limited,Industrials,Marine Shipping,127815245824.0,12781.52,7.96,83.15,1.4,29.45,,,32.52,25.64,45.26,40.3,75.0,,,4349899776.0,434.99,26792499200.0,2679.25,,,,,2.73,0.47
27.09.2026 at 02:56 PM IST,HCG,HealthCare Global Enterprises Limited,Healthcare,Medical Care Facilities,104309989376.0,10431.0,453.67,45.74,7.59,123.06,,,7.46,0.87,36.51,13.4,170.6,,,5409200128.0,540.92,17353601024.0,1735.36,,,,,,-0.03
27.09.2026 at 02:56 PM IST,ABDL,Allied Blenders and Distillers Limited,Consumer Defensive,Beverages - Wineries & Distilleries,200006729728.0,20000.67,90.86,45.79,12.03,68.25,,,9.47,5.55,45.6,6.1,-12.9,,,1346532992.0,134.65,11505278976.0,1150.53,,,,,76.0,0.81
27.09.2026 at 02:56 PM IST,STARPAPER,Star Paper Mills Limited,Basic Materials,Paper & Paper Products,2435736832.0,243.57,7.82,3.69,0.34,0.61,,,1.02,7.43,30.69,2.3,-14.1,,,2435717888.0,243.57,43063000.0,4.31,,,,,1.61,-0.11
27.09.2026 at 02:56 PM IST,POWERINDIA,Hitachi Energy India Limited,Industrials,Electrical Equipment & Parts,1383303348224.0,138330.33,120.48,61.86,26.73,1.66,,,15.84,12.55,38.99,68.6,123.5,,,46891700224.0,4689.17,861000000.0,86.1,,,,,3.0,0.57
27.09.2026 at 02:56 PM IST,BAJAJ-AUTO,Bajaj Auto Limited,Consumer Cyclical,Auto Manufacturers,3097511329792.0,309751.13,26.81,23.66,8.12,56.35,,,21.51,16.25,34.19,64.0,45.8,,,108031000576.0,10803.1,226649604096.0,22664.96,,,,,1.33,0.64
27.09.2026 at 02:56 PM IST,TEMBO,Tembo Global Industries Limited,Industrials,Metal Fabrication,11280208896.0,1128.02,10.52,,1.91,78.44,,,15.83,8.94,18.98,21.9,-9.1,,,1504888960.0,150.49,3858177024.0,385.82,,,,,34.0,0.72
27.09.2026 at 02:56 PM IST,SAIL,Steel Authority of India Limited,Basic Materials,Steel,764147138560.0,76414.71,17.89,11.66,1.27,52.9,,,9.88,3.84,51.8,1.3,121.1,,,7325100032.0,732.51,319277105152.0,31927.71,,,,,1.27,1.05
27.09.2026 at 02:56 PM IST,DHARMAJ,Dharmaj Crop Guard Limited,Basic Materials,Agricultural Inputs,9975271424.0,997.53,16.58,,2.23,29.38,,,13.74,5.22,23.28,4.1,17.0,,,64690000.0,6.47,1319049984.0,131.9,,,,,,0.09
27.09.2026 at 02:56 PM IST,BLBLIMITED,BLB Limited,Financial Services,Capital Markets,903995904.0,90.4,3.3,,0.69,1.66,,,8.14,3.51,5.69,60.6,-51.6,,,292187008.0,29.22,21567000.0,2.16,,,,,,0.21
27.09.2026 at 02:56 PM IST,CARERATING,CARE Ratings Limited,Financial Services,Financial Data & Stock Exchanges,49020727296.0,4902.07,27.62,20.89,5.24,2.78,,,27.56,36.19,54.75,18.9,25.0,,,6193052160.0,619.31,261840000.0,26.18,,,,,1.35,0.35
27.09.2026 at 02:56 PM IST,IONEXCHANG,Ion Exchange (India) Limited,Industrials,Pollution & Treatment Controls,51649228800.0,5164.92,50.74,23.34,3.72,35.98,,,1.43,3.23,35.46,20.1,-91.6,,,3192699904.0,319.27,4821899776.0,482.19,,,,,30.0,0.41
27.09.2026 at 02:56 PM IST,MANAKCOAT,Manaksia Coated Metals & Industries Limited,Industrials,Metal Fabrication,13852829696.0,1385.28,30.78,,3.03,33.07,,,9.48,4.55,26.51,4.9,-7.0,,,339041984.0,33.9,1154034048.0,115.4,,,,,4.0,0.36
27.09.2026 at 02:56 PM IST,SHANTIGEAR,Shanthi Gears Limited,Industrials,Specialty Industrial Machinery,51151253504.0,5115.13,80.02,172.68,11.62,,,,8.76,12.78,48.33,-14.4,-56.8,,,2157400064.0,215.74,0.0,0.0,,,,,75.0,0.03
27.09.2026 at 02:56 PM IST,VGL,Varvee Global Limited,Consumer Cyclical,Textile Manufacturing,3466849536.0,346.68,,,4.5,3.73,,,-90.76,-27.36,60.71,,,,,36628000.0,3.66,28767000.0,2.88,,,,,,0.47
27.09.2026 at 02:56 PM IST,GODREJAGRO,Godrej Agrovet Limited,Consumer Defensive,Packaged Foods,126568210432.0,12656.82,28.33,19.33,6.23,72.75,,,6.43,4.26,24.78,9.6,-16.3,,,3087099904.0,308.71,15740800000.0,1574.08,,,,,1.67,0.32
27.09.2026 at 02:56 PM IST,FLUOROCHEM,Gujarat Fluorochemicals Limited,Basic Materials,Specialty Chemicals,487887765504.0,48788.78,79.37,39.75,6.37,28.94,,,19.71,11.63,52.37,24.0,20.4,,,5920000000.0,592.0,22900000768.0,2290.0,,,,,7.0,0.0
27.09.2026 at 02:56 PM IST,KUANTUM,Kuantum Papers Limited,Basic Materials,Paper & Paper Products,6945312256.0,694.53,19.22,,0.57,70.81,,,7.39,3.06,59.01,36.3,-48.6,,,409300000.0,40.93,8697499648.0,869.75,,,,,3.14,0.14
27.09.2026 at 02:56 PM IST,POWERMECH,Power Mech Projects Limited,Industrials,Engineering & Construction,76109897728.0,7610.99,19.47,13.34,3.02,25.63,,,8.89,6.12,25.16,25.5,51.9,,,4934400000.0,493.44,6636299776.0,663.63,,,,,6.0,0.65
27.09.2026 at 02:56 PM IST,ASHIANA,Ashiana Housing Limited,Real Estate,Real Estate - Development,39174537216.0,3917.45,33.11,22.66,4.3,35.12,14.33,1.73,3.97,12.35,32.28,-63.3,3.8,1.31,0.26,8170999808.0,817.1,3066299904.0,306.63,,,,,64.0,0.4
27.09.2026 at 02:56 PM IST,EPL,EPL Limited,Consumer Cyclical,Packaging & Containers,76387524608.0,7638.75,19.73,13.65,2.66,33.58,,,11.2,7.68,59.63,25.3,-1.6,,,2136000000.0,213.6,9624999936.0,962.5,,,,,2.1,0.37
27.09.2026 at 02:56 PM IST,AEROENTER,Aeroflex Enterprises Limited,Basic Materials,Steel,14217950208.0,1421.8,9.44,,1.72,4.22,,,45.74,16.43,54.88,147.7,8.48,,,1460547968.0,146.05,405902016.0,40.59,,,,,32.0,1.59
27.09.2026 at 02:56 PM IST,UTLSOLAR,Fujiyama Power Systems Limited,Technology,Solar,129543233536.0,12954.32,44.06,16.55,9.84,40.8,,,17.08,8.65,29.9,125.3,-21.7,,,1608280064.0,160.83,5195610112.0,519.56,,,,,,
27.09.2026 at 02:56 PM IST,CARYSIL,Carysil Limited,Consumer Cyclical,"Furnishings, Fixtures & Appliances",30274310144.0,3027.43,28.33,21.21,4.98,45.99,,,16.34,11.13,54.08,15.5,37.6,,,585800000.0,58.58,2825400064.0,282.54,,,,,28.0,0.55
27.09.2026 at 02:56 PM IST,UDS,Updater Services Limited,Industrials,Specialty Business Services,14040674304.0,1404.07,16.1,10.73,1.32,4.25,,,4.37,2.89,18.25,9.1,2.5,,,3244280064.0,324.43,449089984.0,44.91,,,,,1.92,0.73
27.09.2026 at 02:56 PM IST,UJJIVANSFB,Ujjivan Small Finance Bank Limited,Financial Services,Banks - Regional,126252859392.0,12625.29,14.13,8.86,1.84,,,,31.97,19.63,0.0,49.6,201.9,,,5200176128.0,520.02,37360111616.0,3736.01,,,,,,0.4
27.09.2026 at 02:56 PM IST,INDOCO,Indoco Remedies Limited,Healthcare,Drug Manufacturers - Specialty & Generic,23454521344.0,2345.45,348.58,20.94,2.28,116.91,,,1.39,0.3,69.85,6.8,,,,329900000.0,32.99,10897500160.0,1089.75,,,,,8.0,0.64
27.09.2026 at 02:56 PM IST,KENNAMET,Kennametal India Limited,Industrials,Tools & Accessories,92466855936.0,9246.69,47.17,57.79,11.53,0.22,,,24.52,10.21,44.09,47.7,184.1,,,472000000.0,47.2,19000000.0,1.9,,,,,95.0,0.52
27.09.2026 at 02:56 PM IST,BETA,Beta Drugs Limited,Healthcare,Drug Manufacturers - Specialty & Generic,21274290176.0,2127.43,47.49,,8.69,60.39,,,18.34,11.11,57.1,25.3,27.5,,,1248479744.0,124.85,1478067200.0,147.81,,,,,,-0.45
27.09.2026 at 02:56 PM IST,IDFCFIRSTB,IDFC First Bank Limited,Financial Services,Banks - Regional,722592792576.0,72259.28,32.36,12.32,1.48,,5.26,0.59,20.75,9.09,0.0,29.8,116.4,,,133585600512.0,13358.56,413967613952.0,41396.76,,,,,30.0,0.54
27.09.2026 at 02:56 PM IST,COFORGE,Coforge Limited,Technology,Information Technology Services,790380937216.0,79038.09,36.5,25.0,6.28,7.52,,,15.96,9.64,37.25,49.9,30.9,,,10992000000.0,1099.2,7278000128.0,727.8,,,,,90.0,0.31
27.09.2026 at 02:56 PM IST,NAM-INDIA,Nippon Life India Asset Management Limited,Financial Services,Asset Management,740528553984.0,74052.86,45.88,34.57,15.85,1.62,,,71.08,52.51,83.17,24.5,26.4,,,39300001792.0,3930.0,753400000.0,75.34,,,,,1.86,0.63
27.09.2026 at 02:56 PM IST,NILKAMAL,Nilkamal Limited,Consumer Cyclical,"Furnishings, Fixtures & Appliances",28207806464.0,2820.78,22.57,16.13,1.78,26.5,,,4.41,3.36,43.4,-7.2,59.5,,,1053363008.0,105.34,4183930112.0,418.39,,,,,1.06,0.32
27.09.2026 at 02:56 PM IST,AUSOMENT,AuSom Enterprise Limited,Financial Services,Capital Markets,1949802752.0,194.98,7.86,,1.21,5.49,,,1.02,0.56,1.08,489.1,36.0,,,19791000.0,1.98,88527000.0,8.85,,,,,70.0,0.45
27.09.2026 at 02:56 PM IST,SKIPPER,Skipper Limited,Industrials,Engineering & Construction,62227058688.0,6222.71,27.7,18.01,4.15,63.56,,,9.0,4.01,23.75,4.5,25.4,,,319420000.0,31.94,9477820416.0,947.78,,,,,2.0,0.65
27.09.2026 at 02:56 PM IST,INDOTECH,Indo Tech Transformers Limited,Industrials,Electrical Equipment & Parts,33747173376.0,3374.72,34.02,,9.03,1.39,,,13.19,11.74,28.4,39.0,34.1,,,1137100032.0,113.71,52000000.0,5.2,,,,,31.0,0.86
27.09.2026 at 02:56 PM IST,KAMDHENU,Kamdhenu Limited,Basic Materials,Steel,11264045056.0,1126.4,13.41,3.92,2.83,2.38,,,9.03,10.96,33.24,9.0,34.2,,,2581160960.0,258.12,94152000.0,9.42,,,,,100.0,1.53
27.09.2026 at 02:56 PM IST,RRKABEL,R R Kabel Limited,Industrials,Electrical Equipment & Parts,285964664832.0,28596.47,47.17,32.2,11.11,13.09,,,8.0,5.61,18.23,53.9,128.5,,,1356034048.0,135.6,3370277888.0,337.03,,,,,44.0,1.38
27.09.2026 at 02:56 PM IST,HEROMOTOCO,Hero MotoCorp Limited,Consumer Cyclical,Auto Manufacturers,1072756817920.0,107275.68,19.72,16.46,4.96,3.57,,,11.63,10.72,31.65,34.9,-17.2,,,129412702208.0,12941.27,7786100224.0,778.61,,,,,3.45,0.47
27.09.2026 at 02:56 PM IST,RKFORGE,Ramkrishna Forgings Limited,Industrials,Metal Fabrication,130480087040.0,13048.01,120.43,35.17,3.88,74.42,,,9.78,2.41,44.1,19.8,289.2,,,1664913024.0,166.49,24487675904.0,2448.77,,,,,28.0,0.42
27.09.2026 at 02:56 PM IST,SALONA,Salona Cotspin Limited,Consumer Cyclical,Textile Manufacturing,1445844352.0,144.58,63.31,,1.73,226.37,,,4.19,0.36,16.89,25.1,47.4,,,22584000.0,2.26,1896468992.0,189.65,,,,,22.0,0.23
27.09.2026 at 02:56 PM IST,TINNARUBR,Tinna Rubber and Infrastructure Limited,Basic Materials,Specialty Chemicals,17621211136.0,1762.12,28.56,,5.8,42.98,,,18.95,10.79,38.71,19.9,67.1,,,37831000.0,3.78,1291165952.0,129.12,,,,,33.0,0.5
27.09.2026 at 02:56 PM IST,NAHARCAP,Nahar Capital and Financial Services Limited,Financial Services,Capital Markets,4164771584.0,416.48,3.5,,0.26,0.6,,,80.08,226.49,100.0,24.6,487.0,,,5286000.0,0.53,96877000.0,9.69,,,,,60.0,0.44
27.09.2026 at 02:56 PM IST,ARVSMART,Arvind SmartSpaces Limited,Real Estate,Real Estate - Development,28164618240.0,2816.46,15.24,18.57,4.16,65.08,,,47.74,23.63,70.83,212.1,8.01,,,2958078976.0,295.81,5831884800.0,583.19,,,,,37.0,0.31
27.09.2026 at 02:56 PM IST,HNDFDS,Hindustan Foods Limited,Industrials,Conglomerates,74283565056.0,7428.36,46.5,28.42,6.37,93.41,,,6.17,3.6,16.35,20.7,31.2,,,517100000.0,51.71,10882599936.0,1088.26,,,,,,0.33
27.09.2026 at 02:56 PM IST,SKFINDUS,SKF India (Industrial) Limited,Industrials,Tools & Accessories,144259973120.0,14426.0,69.26,33.63,9.77,0.31,,,8.92,5.79,32.17,,,,,5691700224.0,569.17,45700000.0,4.57,,,,,1.03,
27.09.2026 at 02:56 PM IST,TITAGARH,Titagarh Rail Systems Limited,Industrials,Railroads,98614108160.0,9861.41,56.5,24.19,4.55,25.36,,,10.45,6.07,26.59,12.6,67.0,,,3171899904.0,317.19,6231199744.0,623.12,,,,,12.0,0.81
27.09.2026 at 02:56 PM IST,TTKHLTCARE,TTK Healthcare Limited,Healthcare,Drug Manufacturers - General,14569786368.0,1456.98,19.68,,1.31,2.19,,,4.89,8.33,50.78,13.7,63.7,,,9362403328.0,936.24,243779008.0,24.38,,,,,97.0,0.35
27.09.2026 at 02:56 PM IST,SUNPHARMA,Sun Pharmaceutical Industries Limited,Healthcare,Drug Manufacturers - Specialty & Generic,4444048064512.0,444404.81,36.76,28.7,5.32,5.52,,,23.25,20.19,78.92,10.5,27.4,,,335165784064.0,33516.58,46273200128.0,4627.32,,,,,86.0,0.12
27.09.2026 at 02:56 PM IST,EXIDEIND,Exide Industries Limited,Consumer Cyclical,Auto Parts,360102494208.0,36010.25,38.62,22.88,2.59,11.31,,,8.67,4.95,31.41,17.7,28.3,,,10820200448.0,1082.02,15754000384.0,1575.4,,,,,47.0,0.54
27.09.2026 at 02:56 PM IST,POWERICA,Powerica Limited,Industrials,Specialty Industrial Machinery,73773416448.0,7377.34,26.25,,3.26,28.51,,,8.66,8.85,34.03,26.7,11.4,,,11972500480.0,1197.25,5720699904.0,572.07,,,,,,
27.09.2026 at 02:56 PM IST,DALMIASUG,Dalmia Bharat Sugar and Industries Limited,Consumer Defensive,Confectioners,34702725120.0,3470.27,17.07,9.2,1.07,55.74,,,1.05,5.82,24.55,-10.0,-82.1,,,4307800064.0,430.78,18031699968.0,1803.17,,,,,1.4,0.05
27.09.2026 at 02:56 PM IST,SAKHTISUG,Sakthi Sugars Limited,Consumer Defensive,Confectioners,2261328640.0,226.13,8.23,,0.99,315.6,,,4.58,2.81,37.5,24.6,,,,59472000.0,5.95,7202561024.0,720.26,,,,,,0.22
27.09.2026 at 02:56 PM IST,GENUSPOWER,Genus Power Infrastructures Limited,Industrials,Electrical Equipment & Parts,84556242944.0,8455.62,13.05,11.8,3.81,103.82,,,17.6,12.6,38.38,44.8,43.4,,,7775799808.0,777.58,23023699968.0,2302.37,,,,,16.0,0.34
27.09.2026 at 02:56 PM IST,ICICIAMC,ICICI Prudential Asset Management Company Limited,Financial Services,Asset Management,1574015729664.0,157401.57,45.33,34.08,37.74,4.07,,,73.66,55.5,82.33,18.1,23.1,,,39905501184.0,3990.55,1696000000.0,169.6,,,,,78.0,
27.09.2026 at 02:56 PM IST,WABAG,VA Tech Wabag Limited,Industrials,Engineering & Construction,125508067328.0,12550.81,34.97,22.09,4.87,8.87,,,8.78,9.64,16.12,20.8,36.8,,,10552000512.0,1055.2,2284000000.0,228.4,,,,,25.0,0.79
27.09.2026 at 02:56 PM IST,JNKINDIA,JNK India Limited,Industrials,Specialty Industrial Machinery,23523026944.0,2352.3,31.26,23.1,4.14,15.97,,,7.24,8.37,24.08,81.5,9.25,,,2130029952.0,213.0,907089984.0,90.71,,,,,7.0,1.61
27.09.2026 at 02:56 PM IST,PIXTRANS,PIX Transmissions Limited,Industrials,Specialty Industrial Machinery,23636998144.0,2363.7,17.94,,3.39,3.48,,,26.68,21.55,64.95,22.8,89.3,,,3047790080.0,304.78,242263008.0,24.23,,,,,52.0,0.15
27.09.2026 at 02:56 PM IST,ENDURANCE,Endurance Technologies Limited,Consumer Cyclical,Auto Parts,372179828736.0,37217.98,38.31,25.76,5.44,19.39,,,7.27,6.22,41.43,30.0,8.0,,,18893699072.0,1889.37,13266599936.0,1326.66,,,,,43.0,0.72
27.09.2026 at 02:56 PM IST,ATLANTAELE,Atlanta Electricals Limited,Industrials,Electrical Equipment & Parts,125026222080.0,12502.62,55.55,29.83,13.45,5.46,,,14.36,10.86,29.8,48.0,,,,999025984.0,99.9,507384000.0,50.74,,,,,,
27.09.2026 at 02:56 PM IST,ASPINWALL,Aspinwall and Company Limited,Consumer Defensive,Farm Products,1983890560.0,198.39,12.61,,0.99,39.55,,,-0.36,3.57,39.68,25.8,,,,160800000.0,16.08,794600000.0,79.46,,,,,2.56,-0.01
27.09.2026 at 02:56 PM IST,HAL,Hindustan Aeronautics Limited,Industrials,Aerospace & Defense,3210120003584.0,321012.0,34.48,27.79,7.82,0.16,,,15.67,27.59,51.7,14.4,14.9,,,461957791744.0,46195.78,658200000.0,65.82,,,,,42.0,0.5
27.09.2026 at 02:56 PM IST,AUBANK,AU Small Finance Bank Limited,Financial Services,Banks - Regional,762905362432.0,76290.54,26.95,16.82,3.81,,,,35.31,25.58,0.0,29.8,35.1,,,85234098176.0,8523.41,138715447296.0,13871.54,,,,,10.0,0.56
27.09.2026 at 02:56 PM IST,GREENPLY,Greenply Industries Limited,Basic Materials,Lumber & Wood Production,35878113280.0,3587.81,36.36,17.16,3.98,57.51,,,8.4,3.45,40.62,20.7,32.0,,,278732000.0,27.87,5148791808.0,514.88,,,,,17.0,0.69
27.09.2026 at 02:56 PM IST,IFGLEXPOR,IFGL Refractories Limited,Basic Materials,Building Materials,14231923712.0,1423.19,34.7,12.04,1.21,17.76,,,4.56,2.1,46.23,12.9,58.0,,,1194828032.0,119.48,2087106048.0,208.71,,,,,1.09,1.0
27.09.2026 at 02:56 PM IST,BLUESTONE,BlueStone Jewellery and Lifestyle Limited,Consumer Cyclical,Luxury Goods,123643805696.0,12364.38,208.58,93.38,6.84,110.03,,,6.43,2.1,42.59,49.6,,,,8568280064.0,856.83,19838949376.0,1983.89,,,,,,
27.09.2026 at 02:56 PM IST,VETO,Veto Switchgears and Cables Limited,Industrials,Electrical Equipment & Parts,2873360384.0,287.34,10.49,8.6,0.99,7.39,,,10.03,6.65,27.03,37.7,72.2,,,23320000.0,2.33,214288992.0,21.43,,,,,67.0,0.38
27.09.2026 at 02:56 PM IST,TASTYBITE,Tasty Bite Eatables Limited,Consumer Defensive,Packaged Foods,25290496000.0,2529.05,70.42,,7.39,12.25,,,7.97,5.94,38.69,29.1,8.0,,,273020000.0,27.3,419089984.0,41.91,,,,,10.0,0.14
27.09.2026 at 02:56 PM IST,KMSUGAR,K.M. Sugar Mills Limited,Consumer Defensive,Confectioners,2986325248.0,298.63,6.21,,0.76,63.73,,,5.46,7.52,27.18,-8.8,-40.6,,,75468000.0,7.55,2497446912.0,249.74,,,,,,0.07
27.09.2026 at 02:56 PM IST,JINDALSTEL,Jindal Steel Limited,Basic Materials,Steel,1185170194432.0,118517.02,43.67,13.23,2.33,43.61,,,11.2,4.82,50.8,25.9,-43.7,,,62485598208.0,6248.56,226095497216.0,22609.55,,,,,17.0,0.67
27.09.2026 at 02:56 PM IST,INGERRAND,Ingersoll-Rand (India) Limited,Industrials,Specialty Industrial Machinery,133646286848.0,13364.63,50.0,35.37,21.71,1.47,,,25.12,18.37,43.0,20.3,19.5,,,1575160064.0,157.52,90405000.0,9.04,,,,,1.77,0.23
27.09.2026 at 02:56 PM IST,RAINBOW,Rainbow Children's Medicare Limited,Healthcare,Medical Care Facilities,139412783104.0,13941.28,48.78,34.74,8.46,53.56,,,19.67,15.68,72.92,33.2,13.3,,,4890319872.0,489.03,8909830144.0,890.98,,,,,25.0,0.14
27.09.2026 at 02:56 PM IST,GRINDWELL,Grindwell Norton Limited,Industrials,Building Products & Equipment,218417332224.0,21841.73,50.13,38.35,8.62,2.38,,,16.24,13.76,53.39,14.2,22.3,,,11556020224.0,1155.6,607126976.0,60.71,,,,,96.0,0.51
27.09.2026 at 02:56 PM IST,BAIDFIN,Baid Finserv Limited,Financial Services,Credit Services,1732765696.0,173.28,9.81,,0.71,122.59,,,49.75,28.61,70.82,-27.3,-18.2,,,88707000.0,8.87,2853828096.0,285.38,,,,,94.0,0.17
27.09.2026 at 02:56 PM IST,HONASA,Honasa Consumer Limited,Consumer Defensive,Household & Personal Products,151764271104.0,15176.43,61.17,43.92,10.71,9.59,,,13.19,9.75,69.75,27.0,119.0,,,4658990080.0,465.9,1353459968.0,135.35,,,,,64.0,0.62
27.09.2026 at 02:56 PM IST,PDMJEPAPER,Pudumjee Paper Products Limited,Basic Materials,Paper & Paper Products,8969926656.0,896.99,9.85,,1.34,6.35,,,15.04,11.18,31.06,3.3,-7.1,,,1356892032.0,135.69,425127008.0,42.51,,,,,64.0,0.09
27.09.2026 at 02:56 PM IST,MANGLMCEM,Mangalam Cement Limited,Basic Materials,Building Materials,28283719680.0,2828.37,24.63,17.52,2.89,90.91,,,6.88,6.51,54.53,0.8,-44.0,,,1558775040.0,155.88,8884919296.0,888.49,,,,,15.0,0.45
27.09.2026 at 02:56 PM IST,CCAVENUE,AvenuesAI Limited,Technology,Software - Infrastructure,55313403904.0,5531.34,16.55,14.99,0.95,8.63,,,2.48,3.09,5.03,109.4,14.3,,,11894899712.0,1189.49,4295300096.0,429.53,,,,,,0.03
27.09.2026 at 02:56 PM IST,BHEL,Bharat Heavy Electricals Limited,Industrials,Specialty Industrial Machinery,1458810519552.0,145881.05,60.02,29.96,5.58,31.31,,,5.48,6.76,31.47,40.3,,,,112016498688.0,11201.65,81869496320.0,8186.95,,,,,33.0,0.84
27.09.2026 at 02:56 PM IST,VBL,Varun Beverages Limited,Consumer Defensive,Beverages - Non-Alcoholic,1470708711424.0,147070.87,43.48,37.35,6.76,15.87,16.85,9.78,24.12,14.04,55.45,20.4,15.7,2.03,0.81,25684049920.0,2568.4,34835341312.0,3483.53,1291929984.0,129.19,34798940160.0,3479.89,46.0,0.28
27.09.2026 at 02:56 PM IST,POLYPLEX,Polyplex Corporation Limited,Basic Materials,Specialty Chemicals,35397259264.0,3539.73,21.95,,0.8,13.29,,,10.73,2.04,31.74,29.6,,,,10588800000.0,1058.88,9353100288.0,935.31,,,,,18.0,0.28
27.09.2026 at 02:56 PM IST,TNTELE,Tamilnadu Telecommunications Limited,Technology,Communication Equipment,452603552.0,45.26,,,-0.23,,,-13.41,0.0,0.0,0.0,,,0.04,0.02,100400.0,0.01,397525184.0,39.75,48051864.0,4.81,-29760100.0,-2.98,,0.05
27.09.2026 at 02:56 PM IST,LUMAXIND,Lumax Industries Limited,Consumer Cyclical,Auto Parts,53927067648.0,5392.71,28.82,16.83,5.88,106.06,,,5.53,4.18,32.51,32.6,41.2,,,254147008.0,25.41,9731290112.0,973.13,,,,,95.0,0.88
27.09.2026 at 02:56 PM IST,NAHARSPING,Nahar Spinning Mills Limited,Consumer Cyclical,Textile Manufacturing,9735829504.0,973.58,12.34,,0.65,65.01,,,10.62,2.25,24.76,17.9,337.5,,,17774000.0,1.78,9829667840.0,982.97,,,,,37.0,0.53
27.09.2026 at 02:56 PM IST,NAHARINDUS,Nahar Industrial Enterprises Limited,Consumer Cyclical,Textile Manufacturing,5742021120.0,574.2,7.95,,0.55,65.37,,,13.6,5.4,33.79,-18.5,5.08,,,444968992.0,44.5,6817944064.0,681.79,,,,,,0.58
27.09.2026 at 02:56 PM IST,ADFFOODS,ADF Foods Limited,Consumer Defensive,Packaged Foods,29729089536.0,2972.91,32.37,,5.2,9.63,,,14.31,12.81,59.55,25.9,13.0,,,856851968.0,85.69,550675968.0,55.07,,,,,44.0,0.57
27.09.2026 at 02:56 PM IST,NUVAMA,Nuvama Wealth Management Limited,Financial Services,Asset Management,310244704256.0,31024.47,28.9,20.03,7.43,282.32,,,37.21,28.11,90.2,22.5,15.6,,,242923896832.0,24292.39,116407001088.0,11640.7,,,,,1.67,0.38
27.09.2026 at 02:56 PM IST,HBLENGINE,HBL Engineering Limited,Industrials,Electrical Equipment & Parts,223419121664.0,22341.91,28.57,,10.0,3.02,,,21.05,23.38,57.15,6.0,-23.5,,,6924299776.0,692.43,668700032.0,66.87,,,,,50.0,0.07
27.09.2026 at 02:56 PM IST,GVT&D,GE Vernova T&D India Limited,Industrials,Specialty Industrial Machinery,1095879163904.0,109587.92,84.04,53.32,40.73,0.89,,,24.44,19.44,43.57,38.0,24.7,,,15277200384.0,1527.72,240000000.0,24.0,,,,,23.0,0.62
27.09.2026 at 02:56 PM IST,ASTEC,Astec LifeSciences Limited,Basic Materials,Agricultural Inputs,16466574336.0,1646.66,,67.18,4.22,114.84,,,-14.04,-15.11,34.86,-8.3,,,,100490000.0,10.05,4489298944.0,448.93,,,,,,0.17
27.09.2026 at 02:56 PM IST,SGIL,Synergy Green Industries Limited,Industrials,Metal Fabrication,9981237248.0,998.12,,,8.99,225.41,,,-5.42,-2.47,63.21,-10.1,,,,119639000.0,11.96,2503926016.0,250.39,,,,,17.0,0.32
27.09.2026 at 02:56 PM IST,NESTLEIND,Nestlé India Limited,Consumer Defensive,Packaged Foods,2627521216512.0,262752.12,68.96,54.89,50.95,8.62,,,21.17,15.62,55.13,25.2,48.1,,,13205699584.0,1320.57,4445599744.0,444.56,,,,,88.0,0.42
27.09.2026 at 02:56 PM IST,PARIN,Parin Enterprises Limited,Consumer Cyclical,"Furnishings, Fixtures & Appliances",8191742464.0,819.17,131.34,,10.87,118.31,10.35,5.44,6.48,2.54,21.28,5.6,-28.0,1.76,0.58,19678000.0,1.97,909836992.0,90.98,-102106624.0,-10.21,25577000.0,2.56,7.0,0.55
27.09.2026 at 02:56 PM IST,NITTAGELA,Nitta Gelatin India Limited,Basic Materials,Specialty Chemicals,15433664512.0,1543.37,14.86,,3.02,0.82,,,24.22,17.47,54.23,-0.3,31.3,,,210272992.0,21.03,42262000.0,4.23,,,,,41.0,0.64
27.09.2026 at 02:56 PM IST,AMBIKCO,Ambika Cotton Mills Limited,Consumer Cyclical,Textile Manufacturing,8851422208.0,885.14,10.88,12.43,0.93,,,,13.25,9.6,36.24,34.3,61.4,,,1988199936.0,198.82,0.0,0.0,,,,,2.39,0.61
27.09.2026 at 02:56 PM IST,LINCOLN,Lincoln Pharmaceuticals Limited,Healthcare,Drug Manufacturers - Specialty & Generic,11837569024.0,1183.76,12.27,,1.56,0.58,,,13.28,13.89,52.91,15.1,30.9,,,2411980032.0,241.2,44216000.0,4.42,,,,,30.0,0.4
27.09.2026 at 02:56 PM IST,PIDILITIND,Pidilite Industries Limited,Basic Materials,Specialty Chemicals,1545329049600.0,154532.9,58.49,47.82,14.26,3.78,,,24.09,17.2,54.79,21.3,29.6,,,42159800320.0,4215.98,4172100096.0,417.21,,,,,76.0,0.4
27.09.2026 at 02:56 PM IST,HLEGLAS,HLE Glascoat Limited,Industrials,Specialty Industrial Machinery,30636484608.0,3063.65,84.02,,5.67,56.22,,,3.67,2.61,42.79,5.9,-84.7,,,584977024.0,58.5,3476045056.0,347.6,,,,,25.0,0.44
27.09.2026 at 02:56 PM IST,FEDFINA,Fedbank Financial Services Limited,Financial Services,Credit Services,56901505024.0,5690.15,14.94,9.42,1.94,467.34,,,42.22,28.99,100.02,32.4,50.7,,,16059700224.0,1605.97,136748703744.0,13674.87,,,,,,0.64
27.09.2026 at 02:56 PM IST,RATNAMANI,Ratnamani Metals & Tubes Limited,Basic Materials,Steel,194736603136.0,19473.66,45.04,31.11,4.74,7.55,,,12.97,9.94,41.98,-8.5,-43.4,,,7944710144.0,794.47,3176250880.0,317.63,,,,,36.0,0.36
27.09.2026 at 02:56 PM IST,MARALOVER,Maral Overseas Limited,Consumer Cyclical,Textile Manufacturing,2432783872.0,243.28,11.14,,2.19,364.67,,,3.32,2.14,40.86,16.7,,,,78654000.0,7.87,4038170112.0,403.82,,,,,,0.44
27.09.2026 at 02:56 PM IST,MEESHO,Meesho Limited,Consumer Cyclical,Internet Retail,1004400017408.0,100440.0,,151.56,22.87,1.43,,,-6.58,-8.68,93.15,48.3,,,,28449120256.0,2844.91,626289984.0,62.63,,,,,,
27.09.2026 at 02:56 PM IST,DOLLEX,Dollex Agrotech Limited,Consumer Defensive,Confectioners,1440154240.0,144.02,18.3,,1.85,126.95,,,6.59,3.47,14.36,10.3,-48.4,,,19023000.0,1.9,1573826048.0,157.38,,,,,,0.83
27.09.2026 at 02:56 PM IST,ARVIND,Arvind Limited,Consumer Cyclical,Textile Manufacturing,149363916800.0,14936.39,34.73,21.33,3.56,40.07,,,5.88,4.23,48.3,24.7,0.5,,,3134000128.0,313.4,16595200000.0,1659.52,,,,,82.0,0.18
27.09.2026 at 02:56 PM IST,BBTCL,B&B Triplewall Containers Limited,Consumer Cyclical,Packaging & Containers,4697484288.0,469.75,6.6,,3.56,192.9,,,13.74,5.15,41.37,18.5,,,,17815000.0,1.78,2510443008.0,251.04,,,,,44.0,0.03
27.09.2026 at 02:56 PM IST,HESTERBIO,Hester Biosciences Limited,Healthcare,Drug Manufacturers - Specialty & Generic,18569633792.0,1856.96,13.76,,5.15,52.96,,,20.37,41.61,74.86,-8.2,459.3,,,65380000.0,6.54,1947939968.0,194.79,,,,,50.0,0.41
27.09.2026 at 02:56 PM IST,NYKAA,FSN E-Commerce Ventures Limited,Consumer Cyclical,Internet Retail,956140879872.0,95614.09,374.94,113.68,66.45,82.83,,,5.27,2.4,45.35,29.1,250.0,,,4181100032.0,418.11,12441799680.0,1244.18,,,,,,0.36
27.09.2026 at 02:56 PM IST,SATIA,Satia Industries Limited,Basic Materials,Paper & Paper Products,6700000256.0,670.0,,,0.62,28.73,,,6.01,-0.54,47.72,-2.5,,,,265471008.0,26.55,3125977088.0,312.6,,,,,60.0,0.03
27.09.2026 at 02:56 PM IST,SGFIN,SG Finserve Limited,Financial Services,Capital Markets,40176181248.0,4017.62,22.94,,2.73,185.19,,,92.31,39.01,99.38,101.4,119.3,,,2044205952.0,204.42,27041646592.0,2704.16,,,,,,-0.35
27.09.2026 at 02:56 PM IST,NELCO,Nelco Limited,Technology,Communication Equipment,22282168320.0,2228.22,588.25,,17.3,56.54,,,4.0,1.24,68.34,6.7,29.1,,,193900000.0,19.39,728400000.0,72.84,,,,,10.0,0.3
27.09.2026 at 02:56 PM IST,GAIL,GAIL (India) Limited,Utilities,Utilities - Regulated Gas,1135516188672.0,113551.62,11.5,9.39,1.27,27.81,,,14.83,6.7,18.75,16.7,97.2,,,21266599936.0,2126.66,248314904576.0,24831.49,,,,,3.18,0.51
27.09.2026 at 02:56 PM IST,MANCREDIT,Mangal Credit and Fincorp Limited,Financial Services,Credit Services,4685826560.0,468.58,26.2,,2.71,192.1,,,79.84,23.2,98.17,53.1,80.9,,,523708000.0,52.37,3317465088.0,331.75,,,,,34.0,-0.04
27.09.2026 at 02:56 PM IST,MMWL,Media Matrix Worldwide Limited,Communication Services,Entertainment,17093081088.0,1709.31,251.5,,25.53,115.61,,,1.46,0.49,4.95,83.4,84.0,,,30117000.0,3.01,1077424000.0,107.74,,,,,,0.51
27.09.2026 at 02:56 PM IST,CNL,Creative Newtech Limited,Technology,Electronics & Computer Distribution,16491312128.0,1649.13,25.32,,5.0,83.72,,,4.97,2.65,8.59,20.8,39.0,,,221811008.0,22.18,3242608896.0,324.26,,,,,5.0,0.63
27.09.2026 at 02:56 PM IST,BECTORFOOD,Mrs. Bectors Food Specialities Limited,Consumer Defensive,Packaged Foods,66118860800.0,6611.89,44.45,30.52,5.22,15.01,,,8.41,7.02,45.62,16.0,25.2,,,2337489920.0,233.75,1907859968.0,190.79,,,,,60.0,0.17
27.09.2026 at 02:56 PM IST,SUVEN,Suven Life Sciences Limited,Healthcare,Drug Manufacturers - Specialty & Generic,94658502656.0,9465.85,,17.31,14.94,2.82,,,-37.76,0.0,92.83,91.0,,,,5181076992.0,518.11,166942000.0,16.69,,,,,,0.84
27.09.2026 at 02:56 PM IST,PROSTARM,Prostarm Info Systems Limited,Industrials,Electrical Equipment & Parts,8311326208.0,831.13,22.84,,2.9,32.43,,,7.49,8.79,26.97,38.5,85.4,,,20463000.0,2.05,929676992.0,92.97,,,,,,
27.09.2026 at 02:56 PM IST,SIEMENS,Siemens Limited,Industrials,Specialty Industrial Machinery,1380679286784.0,138067.93,81.97,57.21,9.98,2.21,,,7.49,19.02,28.2,14.8,406.1,,,56160002048.0,5616.0,3065999872.0,306.6,,,,,46.0,0.58
27.09.2026 at 02:56 PM IST,SINGERIND,Singer India Limited,,,,,,,2.71,2.8,,,1.58,2.97,26.08,56.9,,,,810233024.0,81.02,49913000.0,4.99,,,,,,0.4
27.09.2026 at 02:56 PM IST,COHANCE,Cohance Lifesciences Limited,Healthcare,Drug Manufacturers - Specialty & Generic,175707832320.0,17570.78,166.39,46.69,4.5,9.93,,,-11.46,4.96,70.36,-23.1,-96.8,,,3259800064.0,325.98,4004900096.0,400.49,,,,,,0.61
27.09.2026 at 02:56 PM IST,RSWM,RSWM Limited,Consumer Cyclical,Textile Manufacturing,10284181504.0,1028.42,16.26,4.07,0.76,124.0,3.91,2.24,2.74,1.14,37.87,-9.1,22.41,1.06,0.57,103386000.0,10.34,16876369920.0,1687.64,347945984.0,34.79,4345776128.0,434.58,,0.7
27.09.2026 at 02:56 PM IST,VERANDA,Veranda Learning Solutions Limited,Consumer Defensive,Education & Training Services,22446471168.0,2244.65,16.03,,2.33,39.89,,,25.09,25.76,82.61,7.4,,,,345992000.0,34.6,3823158016.0,382.32,,,,,,0.94
27.09.2026 at 02:56 PM IST,JETFREIGHT,Jet Freight Logistics Limited,Industrials,Integrated Freight & Logistics,1091289472.0,109.13,13.15,,1.4,104.6,,,3.37,1.5,5.58,49.5,42.1,,,146299008.0,14.63,742380992.0,74.24,,,,,,-0.04
27.09.2026 at 02:56 PM IST,CRESTO,Cresto Techno Limited,Communication Services,Entertainment,224954944.0,22.5,,,1.97,,-20.27,-8.63,-21.27,-8.61,7.35,-21.6,,4.35,2.4,46435000.0,4.64,0.0,0.0,-26991750.0,-2.7,-32768000.0,-3.28,,-0.1
27.09.2026 at 02:56 PM IST,OBCL,OBCL Limited,Industrials,Trucking,1214368640.0,121.44,,,1.45,86.3,,,0.91,-2.46,4.04,-3.4,-36.0,,,41743000.0,4.17,724243968.0,72.42,,,,,,0.01
27.09.2026 at 02:56 PM IST,NITIRAJ,Nitiraj Engineers Limited,Technology,Scientific & Technical Instruments,2233077760.0,223.31,92.7,,2.72,0.03,,,6.07,4.4,55.16,78.8,,,,108443000.0,10.84,233000.0,0.02,,,,,66.0,-0.05
27.09.2026 at 02:56 PM IST,ITDC,India Tourism Development Corporation Limited,Consumer Cyclical,Lodging,58297462784.0,5829.75,70.95,,13.79,0.15,,,7.47,15.38,47.97,2.7,-4.4,,,2707346944.0,270.73,6349000.0,0.63,,,,,43.0,0.71
27.09.2026 at 02:56 PM IST,PRIMESECU,Prime Securities Limited,Financial Services,Capital Markets,10252621824.0,1025.26,151.71,,3.29,0.58,,,19.18,6.89,89.21,-28.8,-78.4,,,46900000.0,4.69,15100000.0,1.51,,,,,50.0,0.21
27.09.2026 at 02:56 PM IST,EIEL,Enviro Infra Engineers Limited,Industrials,Engineering & Construction,34904141824.0,3490.41,19.32,9.65,2.83,34.13,,,18.65,14.31,32.18,49.1,-5.0,,,4014568960.0,401.46,4222966016.0,422.3,,,,,,
27.09.2026 at 02:56 PM IST,MARICO,Marico Limited,Consumer Defensive,Household & Personal Products,1063056048128.0,106305.6,56.17,42.06,25.25,12.39,,,19.28,13.16,43.87,21.4,24.7,,,24399998976.0,2440.0,5569999872.0,557.0,,,,,49.0,0.17
27.09.2026 at 02:56 PM IST,JOCIL,Jocil Limited,Basic Materials,Specialty Chemicals,1310857856.0,131.09,15.87,,0.62,,,,0.92,0.8,17.4,-6.3,-2.0,,,508583008.0,50.86,0.0,0.0,,,,,2.37,0.64
27.09.2026 at 02:56 PM IST,NINSYS,NINtec Systems Limited,Technology,Information Technology Services,13165740032.0,1316.57,39.22,,14.36,2.06,,,24.96,18.94,35.12,18.1,20.1,,,749790016.0,74.98,18882000.0,1.89,,,,,,0.27
27.09.2026 at 02:56 PM IST,CARRARO,Carraro India Limited,Consumer Cyclical,Auto Parts,30415570944.0,3041.56,22.88,,5.39,27.43,,,5.97,5.76,26.23,10.5,7.8,,,904089984.0,90.41,1549240064.0,154.92,,,,,1.26,
27.09.2026 at 02:56 PM IST,HATSUN,Hatsun Agro Product Limited,Consumer Defensive,Packaged Foods,259568566272.0,25956.86,73.01,42.68,13.38,94.53,,,6.45,3.39,29.39,19.3,-1.2,,,511900000.0,51.19,18382499840.0,1838.25,,,,,1.72,-0.12
27.09.2026 at 02:56 PM IST,ZFSTEERING,ZF Steering Gear (India) Limited,Consumer Cyclical,Auto Parts,6812686848.0,681.27,34.49,,,22.16,,,2.07,3.41,38.3,7.6,73.0,,,49800000.0,4.98,1064300032.0,106.43,,,,,,0.53
27.09.2026 at 02:56 PM IST,FIVESTAR,Five-Star Business Finance Limited,Financial Services,Credit Services,153782173696.0,15378.22,13.92,10.49,2.08,111.93,,,59.13,47.8,99.61,8.0,1.8,,,22106103808.0,2210.61,82605637632.0,8260.56,,,,,38.0,0.58
27.09.2026 at 02:56 PM IST,MUNJALSHOW,Munjal Showa Limited,Consumer Cyclical,Auto Parts,5167353856.0,516.74,20.81,,0.76,,,,-0.06,1.8,21.43,21.5,35.7,,,3193910016.0,319.39,0.0,0.0,,,,,3.48,0.35
27.09.2026 at 02:56 PM IST,SIGNPOST,Signpost India Limited,Communication Services,Advertising Agencies,14495640576.0,1449.56,19.68,,5.02,69.75,,,18.92,12.45,32.53,10.6,22.0,,,240184000.0,24.02,2029532032.0,202.95,,,,,18.0,0.74
27.09.2026 at 02:56 PM IST,GRAUWEIL,Grauer & Weil (India) Limited,Basic Materials,Specialty Chemicals,39909277696.0,3990.93,24.86,,3.7,1.34,,,13.99,12.97,49.4,17.9,-8.3,,,4553999872.0,455.4,145300000.0,14.53,,,,,57.0,0.4
27.09.2026 at 02:56 PM IST,LTM,LTM Limited,Technology,Information Technology Services,1210451099648.0,121045.11,23.14,17.74,4.93,9.87,21.97,12.69,15.5,11.87,29.77,18.0,16.9,2.93,2.58,149123006464.0,14912.3,24309000192.0,2430.9,51833626624.0,5183.36,49225998336.0,4922.6,1.84,0.27
27.09.2026 at 02:56 PM IST,VTL,Vardhman Textiles Limited,Consumer Cyclical,Textile Manufacturing,160369590272.0,16036.96,18.62,12.63,1.5,17.52,,,12.85,8.32,45.48,13.3,49.2,,,10897699840.0,1089.77,18549800960.0,1854.98,,,,,90.0,0.21
27.09.2026 at 02:56 PM IST,MOLDTKPAC,Mold-Tek Packaging Limited,Consumer Cyclical,Packaging & Containers,22258386944.0,2225.84,29.24,19.4,3.23,31.85,,,13.08,8.04,44.83,24.9,14.2,,,12509000.0,1.25,2197662976.0,219.77,,,,,90.0,0.61
27.09.2026 at 02:56 PM IST,AFFLE,Affle 3i Limited,Communication Services,Advertising Agencies,222088429568.0,22208.84,46.73,31.85,6.07,0.41,,,17.86,16.85,28.42,20.4,20.3,,,14286999552.0,1428.7,148090000.0,14.81,,,,,,0.1
27.09.2026 at 02:56 PM IST,GOACARBON,Goa Carbon Limited,Basic Materials,Specialty Chemicals,3676892672.0,367.69,,,2.18,99.27,,,-7.77,-8.33,8.46,-67.0,,,,755945024.0,75.59,1674024960.0,167.4,,,,,,1.21
27.09.2026 at 02:56 PM IST,KARURVYSYA,The Karur Vysya Bank Limited,Financial Services,Banks - Regional,317018537984.0,31701.85,11.55,9.96,2.25,,,,56.66,41.31,0.0,26.0,45.0,,,8922755072.0,892.28,26225606656.0,2622.56,,,,,79.0,-0.13
27.09.2026 at 02:56 PM IST,INDIQUBE,IndiQube Spaces Limited,Real Estate,Real Estate Services,42174808064.0,4217.48,,85.75,8.19,1011.58,,,16.7,-5.97,87.34,36.7,,,,722600000.0,72.26,52070871040.0,5207.09,,,,,,
27.09.2026 at 02:56 PM IST,LIKHITHA,Likhitha Infrastructure Limited,Energy,Oil & Gas Equipment & Services,9087802368.0,908.78,27.77,,2.21,0.09,,,11.01,7.79,21.12,-30.5,-47.3,,,766873984.0,76.69,3626000.0,0.36,,,,,,0.31
27.09.2026 at 02:56 PM IST,POONAWALLA,Poonawalla Fincorp Limited,Financial Services,Credit Services,404268384256.0,40426.84,48.33,18.8,3.6,468.06,,,38.98,22.67,99.87,100.3,337.0,,,6262600192.0,626.26,484357996544.0,48435.8,,,,,,0.31
27.09.2026 at 02:56 PM IST,GROWW,Billionbrains Garage Ventures Limited,Financial Services,Capital Markets,1158196363264.0,115819.64,47.36,29.43,11.98,3.03,,,64.42,45.35,100.0,65.2,85.7,,,83388416000.0,8338.84,2922249984.0,292.22,,,,,,
27.09.2026 at 02:56 PM IST,JSWSTEEL,JSW Steel Limited,Basic Materials,Steel,3117129138176.0,311712.91,12.59,17.53,3.12,95.37,,,15.3,13.06,42.29,9.8,113.0,,,490080010240.0,49008.0,1005959970816.0,100596.0,,,,,56.0,0.63
27.09.2026 at 02:56 PM IST,CGPOWER,CG Power and Industrial Solutions Limited,Industrials,Electrical Equipment & Parts,1395864895488.0,139586.49,111.17,63.62,17.51,1.45,,,10.45,9.75,30.72,14.0,13.1,,,29838700544.0,2983.87,1185100032.0,118.51,,,,,15.0,0.42
27.09.2026 at 02:56 PM IST,KRN,KRN Heat Exchanger and Refrigeration Limited,Technology,Electronic Components,90450542592.0,9045.05,89.26,39.71,15.0,32.63,,,16.88,13.15,32.56,118.9,160.0,,,464439008.0,46.44,1873127040.0,187.31,,,,,,
27.09.2026 at 02:56 PM IST,AARTIIND,Aarti Industries Limited,Basic Materials,Specialty Chemicals,177471225856.0,17747.12,33.44,24.37,2.97,83.39,,,8.88,5.9,36.0,42.5,258.0,,,6089999872.0,609.0,49659998208.0,4966.0,,,,,20.0,0.64
27.09.2026 at 02:56 PM IST,TEXINFRA,Texmaco Infrastructure & Holdings Limited,Real Estate,Real Estate Services,15068194816.0,1506.82,166.55,,1.35,2.63,,,-64.87,53.25,94.79,-10.8,-50.0,,,30318000.0,3.03,280495008.0,28.05,,,,,13.0,0.21
27.09.2026 at 02:56 PM IST,KALYANKJIL,Kalyan Jewellers India Limited,Consumer Cyclical,Luxury Goods,591766290432.0,59176.63,41.31,29.54,9.37,96.97,,,4.89,3.67,12.7,45.7,31.6,,,8609130496.0,860.91,61173379072.0,6117.34,,,,,44.0,-0.23
27.09.2026 at 02:56 PM IST,GPTINFRA,GPT Infraprojects Limited,Industrials,Engineering & Construction,14459900928.0,1445.99,14.69,,2.4,49.76,,,12.54,7.7,36.55,-3.4,4.8,,,183550000.0,18.36,2940242944.0,294.02,,,,,3.5,-0.03
27.09.2026 at 02:56 PM IST,INDORAMA,Indo Rama Synthetics (India) Limited,Consumer Cyclical,Textile Manufacturing,25944203264.0,2594.42,16.1,,4.99,219.56,,,9.87,3.55,24.0,-28.3,20.8,,,182600000.0,18.26,11398700032.0,1139.87,,,,,,0.22
27.09.2026 at 02:56 PM IST,DIXON,Dixon Technologies (India) Limited,Technology,Consumer Electronics,814137344000.0,81413.73,43.67,47.56,14.92,18.46,,,2.29,3.64,6.87,21.1,154.6,,,12413700096.0,1241.37,9942200320.0,994.22,,,,,7.0,-0.15
27.09.2026 at 02:56 PM IST,VIYASH,Viyash Scientific Limited,Healthcare,Drug Manufacturers - Specialty & Generic,107810988032.0,10781.1,51.55,20.97,3.66,15.72,,,12.47,5.91,52.33,114.4,162.5,,,2594259968.0,259.43,4897529856.0,489.75,,,,,,0.97
27.09.2026 at 02:56 PM IST,TCS,Tata Consultancy Services Limited,Technology,Information Technology Services,7532857786368.0,753285.78,15.13,12.8,6.87,10.21,47.74,24.48,23.96,18.05,40.39,13.9,4.6,2.28,2.04,450310012928.0,45031.0,113090002944.0,11309.0,397165002752.0,39716.5,523459985408.0,52346.0,3.12,0.17
27.09.2026 at 02:56 PM IST,KPRMILL,K.P.R. Mill Limited,Consumer Cyclical,Textile Manufacturing,378966966272.0,37896.7,41.5,30.76,6.64,10.46,,,16.45,13.38,38.66,9.6,21.5,,,14298900480.0,1429.89,5961399808.0,596.14,,,,,45.0,0.3
27.09.2026 at 02:56 PM IST,AARVI,Aarvi Encon Limited,Industrials,Staffing & Employment Services,2027732992.0,202.77,10.55,,1.43,18.79,,,2.32,2.89,27.08,14.1,42.8,,,141040000.0,14.1,266970000.0,26.7,,,,,1.46,-0.1
27.09.2026 at 02:56 PM IST,VALIANTORG,Valiant Organics Limited,Basic Materials,Chemicals,11506805760.0,1150.68,21.19,,1.51,33.7,,,13.56,7.06,41.86,13.3,256.3,,,21430000.0,2.14,2558945024.0,255.89,,,,,,0.48
27.09.2026 at 02:56 PM IST,MALUPAPER,Malu Paper Mills Limited,Basic Materials,Paper & Paper Products,569494080.0,56.95,,,-2.2,,,,3.58,-3.34,35.36,30.8,,,,35814000.0,3.58,1553906048.0,155.39,,,,,,-0.09
27.09.2026 at 02:56 PM IST,HCLTECH,HCL Technologies Limited,Technology,Information Technology Services,3403854381056.0,340385.44,19.57,15.71,4.61,7.06,24.07,13.31,16.88,12.97,34.0,3.0,8.4,2.22,2.03,2590000128.0,259.0,548000000.0,54.8,1812999936.0,181.3,2135000064.0,213.5,4.77,0.0
27.09.2026 at 02:56 PM IST,KNAGRI,KN Agri Resources Limited,Consumer Defensive,Farm Products,5118776832.0,511.88,16.16,,1.33,8.87,,,3.9,1.83,10.42,34.6,41.7,,,54900000.0,5.49,341300000.0,34.13,,,,,,-0.27
27.09.2026 at 02:56 PM IST,METROGLOBL,MetroGlobal Limited,Industrials,Conglomerates,1573866240.0,157.39,6.82,,0.39,0.81,,,8.83,7.0,13.85,25.6,25.0,,,753596032.0,75.36,33356000.0,3.34,,,,,1.96,0.41
27.09.2026 at 02:56 PM IST,HINDALCO,Hindalco Industries Limited,Basic Materials,Aluminum,2168780881920.0,216878.09,13.26,8.79,1.59,72.6,,,13.67,5.55,31.31,32.1,75.1,,,228049993728.0,22805.0,991649988608.0,99165.0,,,,,51.0,0.93
27.09.2026 at 02:56 PM IST,SASKEN,Sasken Technologies Limited,Technology,Information Technology Services,25690329088.0,2569.03,37.18,29.07,3.0,3.21,6.99,2.91,6.84,4.84,21.35,125.7,144.5,2.17,1.77,1554739968.0,155.47,281148000.0,28.11,-208732752.0,-20.87,-228348000.0,-22.83,1.54,0.62
27.09.2026 at 02:56 PM IST,TMCV,Tata Motors Limited,Consumer Cyclical,Auto Manufacturers,1625951567872.0,162595.16,38.76,18.85,12.77,44.09,,,6.85,4.81,31.65,19.3,83.4,,,130479996928.0,13048.0,56149999616.0,5615.0,,,,,91.0,
27.09.2026 at 02:56 PM IST,JMA,Jullundur Motor Agency (Delhi) Limited,Consumer Cyclical,Auto Parts,2014352640.0,201.44,6.29,,0.73,,,,5.32,4.98,13.71,15.4,42.3,,,218847008.0,21.88,0.0,0.0,,,,,2.27,0.13
27.09.2026 at 02:56 PM IST,MAHESHWARI,Maheshwari Logistics Limited,Industrials,Integrated Freight & Logistics,2131828736.0,213.18,13.77,,1.01,126.35,,,4.93,1.45,19.55,-7.1,-24.5,,,91648000.0,9.16,2757958912.0,275.8,,,,,,-0.0
27.09.2026 at 02:56 PM IST,AAKASH,Aakash Exploration Services Limited,Energy,Oil & Gas Equipment & Services,903150016.0,90.32,inf,,1.38,41.93,,,-1.03,2.99,83.1,16.9,0.0,,,1144000.0,0.11,267812992.0,26.78,,,,,,-0.12
27.09.2026 at 02:56 PM IST,UTTAMSUGAR,Uttam Sugar Mills Limited,Consumer Defensive,Confectioners,11180189696.0,1118.02,12.85,,1.28,81.15,,,2.26,3.99,23.0,-3.6,-91.6,,,166100000.0,16.61,7219200000.0,721.92,,,,,85.0,0.0
27.09.2026 at 02:56 PM IST,KIRLPNU,Kirloskar Pneumatic Company Limited,Industrials,Specialty Industrial Machinery,89902563328.0,8990.26,34.25,26.91,7.2,0.27,,,12.11,14.54,49.67,7.6,32.5,,,4565819904.0,456.58,33410000.0,3.34,,,,,87.0,0.58
27.09.2026 at 02:56 PM IST,RATEGAIN,RateGain Travel Technologies Limited,Technology,Software - Application,98026758144.0,9802.68,40.48,22.55,4.87,47.3,,,17.07,10.38,61.58,187.6,101.5,,,2096320000.0,209.63,9486940160.0,948.69,,,,,,0.81
27.09.2026 at 02:56 PM IST,JINDRILL,Jindal Drilling & Industries Limited,Energy,Oil & Gas Equipment & Services,17162609664.0,1716.26,8.95,,0.94,5.12,,,24.89,18.83,49.05,8.4,-28.7,,,3061199872.0,306.12,931800000.0,93.18,,,,,17.0,-0.36
27.09.2026 at 02:56 PM IST,JAYNECOIND,Jayaswal Neco Industries Limited,Basic Materials,Steel,85981896704.0,8598.19,15.24,,3.03,74.73,,,15.13,7.43,61.76,27.7,108.3,,,2678599936.0,267.86,21233299456.0,2123.33,,,,,,0.92
27.09.2026 at 02:56 PM IST,NETWEB,Netweb Technologies India Limited,Technology,Computer Hardware,270189117440.0,27018.91,99.02,54.85,35.69,39.02,,,14.3,9.65,20.41,172.1,178.4,,,5893499904.0,589.35,2822230016.0,282.22,,,,,7.0,1.74
27.09.2026 at 02:56 PM IST,PDSL,PDS Limited,Industrials,Specialty Business Services,50513559552.0,5051.36,43.09,31.65,2.86,67.99,,,1.74,0.87,20.67,14.8,46.2,,,10360357888.0,1036.04,12640018432.0,1264.0,,,,,92.0,0.09
27.09.2026 at 02:56 PM IST,CMPDI,Central Mine Planning & Design Institute Limited,Basic Materials,Other Industrial Metals & Mining,,,22.95,,6.57,0.06,,,28.57,27.38,67.58,17.6,53.8,,,14300000256.0,1430.0,14500000.0,1.45,,,,,50.0,
27.09.2026 at 02:56 PM IST,BTML,Bodhi Tree Multimedia Limited,Communication Services,Entertainment,1355465472.0,135.55,20.72,,1.45,41.59,,,5.55,5.16,16.17,65.2,-33.3,,,31202000.0,3.12,363592992.0,36.36,,,,,,-0.07
27.09.2026 at 02:56 PM IST,MANOMAY,Manomay Tex India Limited,Consumer Cyclical,Textile Manufacturing,4135326208.0,413.53,20.53,,2.42,203.44,,,6.45,2.71,38.83,20.5,11.4,,,4554000.0,0.46,3477996032.0,347.8,,,,,,-0.06
27.09.2026 at 02:56 PM IST,LTFOODS,LT Foods Limited,Consumer Defensive,Packaged Foods,146662277120.0,14666.23,22.88,13.96,8.23,35.62,,,9.15,5.49,32.94,26.4,8.9,,,3370537984.0,337.05,16100460544.0,1610.05,,,,,95.0,0.37
27.09.2026 at 02:56 PM IST,ELGIEQUIP,Elgi Equipments Limited,Industrials,Specialty Industrial Machinery,190090608640.0,19009.06,42.55,32.95,8.52,23.89,,,12.29,10.8,49.81,22.6,21.1,,,8865000448.0,886.5,5330999808.0,533.1,,,,,45.0,0.1
27.09.2026 at 02:56 PM IST,ATHERENERG,Ather Energy Limited,Consumer Cyclical,Auto Manufacturers,592990437376.0,59299.04,,530.96,22.27,25.82,,,-5.94,-9.19,20.9,88.8,,,,24890200064.0,2489.02,6642200064.0,664.22,,,,,,
27.09.2026 at 02:56 PM IST,AYE,Aye Finance Limited,Financial Services,Credit Services,40903282688.0,4090.33,17.21,8.85,1.46,199.99,,,34.99,22.21,100.0,36.7,91.1,,,10890399744.0,1089.04,50651000832.0,5065.1,,,,,,
27.09.2026 at 02:56 PM IST,GRASIM,Grasim Industries Limited,Basic Materials,Building Materials,2164304510976.0,216430.45,38.02,21.13,2.09,135.04,,,18.81,3.09,56.36,21.4,51.3,,,229705793536.0,22970.58,2293929869312.0,229392.99,,,,,31.0,0.36
27.09.2026 at 02:56 PM IST,AURUM,Aurum PropTech Limited,Real Estate,Real Estate Services,17069965312.0,1707.0,39.65,105.93,2.71,44.06,,,1.83,10.42,73.88,63.5,,,,1409600000.0,140.96,2247600128.0,224.76,,,,,,-0.03
27.09.2026 at 02:56 PM IST,MIDHANI,Mishra Dhatu Nigam Limited,Basic Materials,Steel,75882061824.0,7588.21,56.18,32.75,4.95,26.56,,,8.36,10.56,55.17,40.5,27.5,,,1922148992.0,192.21,4068492032.0,406.85,,,,,62.0,0.65
27.09.2026 at 02:56 PM IST,BANSALWIRE,Bansal Wire Industries Limited,Basic Materials,Steel,50317082624.0,5031.71,35.32,19.54,3.52,38.77,,,3.52,3.24,22.55,24.4,-47.8,,,69510000.0,6.95,5546579968.0,554.66,,,,,,0.84
27.09.2026 at 02:56 PM IST,STEELXIND,Steel Exchange India Limited,Basic Materials,Steel,14400603136.0,1440.06,45.16,,1.82,54.38,,,10.39,3.09,26.52,-10.1,33.3,,,162363008.0,16.24,4175371008.0,417.54,,,,,,0.62
27.09.2026 at 02:56 PM IST,DBOL,Dhampur Bio Organics Limited,Consumer Defensive,Farm Products,8042655232.0,804.27,32.0,,0.79,103.29,,,-0.74,3.91,23.1,-2.3,,,,87100000.0,8.71,10604600320.0,1060.46,,,,,1.23,0.55
27.09.2026 at 02:56 PM IST,MOTOGENFIN,The Motor & General Finance Limited,Real Estate,Real Estate Services,1011339520.0,101.13,0.67,,0.45,,,,63.72,12.83,100.0,80.5,8.83,,,1561760000.0,156.18,0.0,0.0,,,,,,0.46
27.09.2026 at 02:56 PM IST,COSMOFIRST,Cosmo First Limited,Consumer Cyclical,Packaging & Containers,22048858112.0,2204.89,13.32,,1.38,103.94,,,8.41,4.17,34.68,45.7,25.2,,,4197299968.0,419.73,16803800064.0,1680.38,,,,,47.0,0.5
27.09.2026 at 02:56 PM IST,OMNI,Omnitech Engineering Limited,Industrials,Specialty Industrial Machinery,66031472640.0,6603.15,63.72,37.87,8.69,63.96,,,26.61,18.08,76.54,61.5,389.8,,,1655740032.0,165.57,4347200000.0,434.72,,,,,,
27.09.2026 at 02:56 PM IST,AMAGI,Amagi Media Labs Limited,Technology,Software - Application,124535521280.0,12453.55,121.96,38.2,7.29,1.76,,,5.48,6.3,99.99,32.4,6.45,,,14476810240.0,1447.68,309750016.0,30.98,,,,,,
27.09.2026 at 02:56 PM IST,OMAXE,Omaxe Limited,Real Estate,Real Estate - Development,21768542208.0,2176.85,,16.93,-2.4,,,,-0.14,-37.04,-24.74,43.9,,,,9090100224.0,909.01,14662400000.0,1466.24,,,,,,0.03
27.09.2026 at 02:56 PM IST,DCMSIL,DCM Shriram International Limited,Industrials,Industrial Distribution,7305604096.0,730.56,,,1.96,19.87,,,1.61,-3.81,51.98,-4.9,-99.1,,,2191000.0,0.22,741668992.0,74.17,,,,,48.0,
27.09.2026 at 02:56 PM IST,KOLTEPATIL,Kolte-Patil Developers Limited,Real Estate,Real Estate - Development,38309801984.0,3830.98,73.47,14.21,3.17,98.24,,,20.11,7.92,27.79,10.16,,,,7603999744.0,760.4,11834200064.0,1183.42,,,,,,0.23
27.09.2026 at 02:56 PM IST,SIS,SIS Limited,Industrials,Security & Protection Services,58341994496.0,5834.2,40.31,11.85,2.32,70.3,,,3.14,0.86,14.43,29.7,11.5,,,9751900160.0,975.19,17892999168.0,1789.3,,,,,3.35,0.37
27.09.2026 at 02:56 PM IST,REGAAL,Regaal Resources Limited,Consumer Defensive,Packaged Foods,9267387392.0,926.74,14.47,,1.86,125.55,,,12.72,5.48,28.95,-17.9,18.3,,,676060032.0,67.61,6144640000.0,614.46,,,,,28.0,
27.09.2026 at 02:56 PM IST,CROWN,Crown Lifters Limited,Industrials,Rental & Leasing Services,1339618304.0,133.96,16.72,,1.77,74.87,,,38.24,21.09,66.68,29.3,9.1,,,1541000.0,0.15,579329024.0,57.93,,,,,,0.45
27.09.2026 at 02:56 PM IST,MUFIN,Mufin Green Finance Limited,Financial Services,Credit Services,26359535616.0,2635.95,61.87,,4.07,243.19,,,57.06,41.07,101.08,49.0,268.4,,,2427653888.0,242.77,13975982080.0,1397.6,,,,,,-0.34
27.09.2026 at 02:56 PM IST,BAJAJHLDNG,Bajaj Holdings & Investment Limited,Financial Services,Asset Management,1217551007744.0,121755.1,13.76,,1.66,0.01,11.6,,84.84,7.35,98.98,24.2,-22.4,,,1005600000.0,100.56,96200000.0,9.62,,,,,1.19,0.15
27.09.2026 at 02:56 PM IST,THANGAMAYL,Thangamayil Jewellery Limited,Consumer Cyclical,Luxury Goods,159590629376.0,15959.06,40.81,28.17,11.27,64.49,,,4.86,4.07,10.28,71.2,86.1,,,1241799936.0,124.18,9132099584.0,913.21,,,,,35.0,0.56
27.09.2026 at 02:56 PM IST,IGARASHI,Igarashi Motors India Limited,Consumer Cyclical,Auto Parts,13307650048.0,1330.77,81.31,,2.85,31.47,,,3.51,1.8,32.14,22.5,168.8,,,31103000.0,3.11,1468571008.0,146.86,,,,,31.0,0.41
27.09.2026 at 02:56 PM IST,TITAN,Titan Company Limited,Consumer Cyclical,Luxury Goods,4333633273856.0,433363.33,74.62,54.92,27.61,195.0,,,12.33,6.23,20.47,29.3,62.8,,,38610001920.0,3861.0,306210013184.0,30621.0,,,,,31.0,0.18
27.09.2026 at 02:56 PM IST,YESBANK,Yes Bank Limited,Financial Services,Banks - Regional,706254012416.0,70625.4,18.75,12.37,1.35,,7.47,0.86,30.76,23.18,0.0,9.0,30.8,,,236114001920.0,23611.4,685089619968.0,68508.96,,,,,,0.48
27.09.2026 at 02:56 PM IST,SFL,Sheela Foam Limited,Consumer Cyclical,"Furnishings, Fixtures & Appliances",69300420608.0,6930.04,32.36,22.42,2.13,27.85,,,7.27,5.32,39.04,25.6,7.26,,,1702599936.0,170.26,9079799808.0,907.98,,,,,16.0,0.25
27.09.2026 at 02:56 PM IST,GANESHHOU,Ganesh Housing Limited,Real Estate,Real Estate - Development,61268664320.0,6126.87,23.12,,2.63,13.08,,,38.74,41.4,72.36,85.6,-54.9,,,587974976.0,58.8,3048823040.0,304.88,,,,,20.0,-0.04
27.09.2026 at 02:56 PM IST,MERCURYEV,Mercury Ev-Tech Limited,Consumer Cyclical,Auto Manufacturers,7532431872.0,753.24,165.21,,2.71,,,,7.92,3.64,28.73,46.3,22.4,,,,,,,,,,,,2.02
27.09.2026 at 02:56 PM IST,RANASUG,Rana Sugars Limited,Consumer Defensive,Confectioners,2212912384.0,221.29,40.03,,0.39,53.56,,,-4.42,0.34,21.93,-12.5,,,,461862016.0,46.19,3211638016.0,321.16,,,,,,0.14
27.09.2026 at 02:56 PM IST,MOL,Meghmani Organics Limited,Basic Materials,Agricultural Inputs,14882467840.0,1488.25,23.13,,0.95,46.99,,,12.55,3.06,41.15,-11.5,280.0,,,264880000.0,26.49,7259639808.0,725.96,,,,,,0.56
27.09.2026 at 02:56 PM IST,CMRGREEN,CMR Green Technologies Limited,Basic Materials,Aluminum,,,23.05,12.4,3.21,82.68,,,3.86,2.24,11.71,64.9,15.4,,,88200000.0,8.82,14259800064.0,1425.98,,,,,,
27.09.2026 at 02:56 PM IST,UEL,Ujaas Energy Limited,Technology,Solar,24509179904.0,2450.92,2041.44,,27.64,27.07,,,-96.03,23.07,62.68,14.5,286.3,,,174376992.0,17.44,240000000.0,24.0,,,,,,0.59
27.09.2026 at 02:56 PM IST,PRECOT,Precot Limited,Consumer Cyclical,Textile Manufacturing,7688400384.0,768.84,15.03,,1.6,72.24,,,16.87,5.53,44.66,19.1,135.4,,,105683000.0,10.57,3472939008.0,347.29,,,,,62.0,0.28
27.09.2026 at 02:56 PM IST,MAMATA,Mamata Machinery Limited,Industrials,Specialty Industrial Machinery,10135952384.0,1013.6,113.78,,5.48,4.5,,,-15.92,3.88,54.13,-6.2,,,,231966000.0,23.2,83331000.0,8.33,,,,,12.0,
27.09.2026 at 02:56 PM IST,HALEOSLABS,Haleos Labs Limited,Healthcare,Biotechnology,4540372480.0,454.04,28.74,,2.13,48.15,,,6.69,4.87,39.52,-11.6,-36.4,,,23693000.0,2.37,1105379968.0,110.54,,,,,10.0,0.31
27.09.2026 at 02:56 PM IST,RICOAUTO,Rico Auto Industries Limited,Consumer Cyclical,Auto Parts,17888733184.0,1788.87,59.56,,2.3,92.78,,,1.02,1.14,35.33,38.9,,,,153400000.0,15.34,7276199936.0,727.62,,,,,42.0,0.52
27.09.2026 at 02:56 PM IST,PICCADIL,Piccadily Agro Industries Limited,Consumer Defensive,Beverages - Wineries & Distilleries,60424331264.0,6042.43,42.45,,6.58,58.89,,,13.43,13.07,44.11,17.4,12.4,,,1492308992.0,149.23,5306228224.0,530.62,,,,,16.0,-0.68
27.09.2026 at 02:56 PM IST,VMART,V-Mart Retail Limited,Consumer Cyclical,Department Stores,60485255168.0,6048.53,44.11,28.95,6.35,100.68,,,7.04,3.45,33.14,23.0,40.4,,,542200000.0,54.22,9575900160.0,957.59,,,,,13.0,0.7
27.09.2026 at 02:56 PM IST,ARMANFIN,Arman Financial Services Limited,Financial Services,Credit Services,19886163968.0,1988.62,17.12,,2.12,190.26,,,48.42,30.79,100.0,265.7,,,,3988753920.0,398.88,17757224960.0,1775.72,,,,,,0.2
27.09.2026 at 02:56 PM IST,MINDACORP,Minda Corporation Limited,Consumer Cyclical,Auto Parts,159774752768.0,15977.48,32.36,29.21,6.05,55.35,,,7.74,7.54,35.55,33.2,215.8,,,1384000000.0,138.4,14714999808.0,1471.5,,,,,24.0,0.46
27.09.2026 at 02:56 PM IST,JINDALSAW,Jindal Saw Limited,Basic Materials,Steel,182040821760.0,18204.08,27.94,12.25,1.45,38.19,,,5.23,3.58,41.22,9.0,-75.4,,,5426617856.0,542.66,46907392000.0,4690.74,,,,,70.0,0.47
27.09.2026 at 02:56 PM IST,BAJAJHIND,Bajaj Hindusthan Sugar Limited,Consumer Defensive,Confectioners,49641054208.0,4964.11,10.24,,4.93,93.0,,,-15.62,2.17,16.74,-9.8,,,,879000000.0,87.9,35450101760.0,3545.01,,,,,,0.12
27.09.2026 at 02:56 PM IST,TATATECH,Tata Technologies Limited,Technology,Information Technology Services,285474750464.0,28547.48,51.28,29.81,7.27,23.91,,,13.26,9.4,24.55,33.8,6.2,,,15765199872.0,1576.52,9379800064.0,937.98,,,,,1.19,0.85
27.09.2026 at 02:56 PM IST,CHOICEIN,Choice International Limited,Financial Services,Capital Markets,167316291584.0,16731.63,70.45,49.97,8.88,49.77,,,27.43,20.17,65.2,34.4,15.4,,,5428152832.0,542.82,9076511744.0,907.65,,,,,,-0.29
27.09.2026 at 02:56 PM IST,UNITDSPR,United Spirits Limited,Consumer Defensive,Beverages - Wineries & Distilleries,1010976948224.0,101097.69,59.87,46.67,11.29,4.61,,,13.16,14.92,46.86,-10.2,11.2,,,31289999360.0,3129.0,4129999872.0,413.0,,,,,1.19,0.14
27.09.2026 at 02:56 PM IST,SANSTAR,Sanstar Limited,Basic Materials,Chemicals,21713098752.0,2171.31,44.99,,2.85,2.87,,,4.91,5.36,32.14,22.1,,,,1607200000.0,160.72,199000000.0,19.9,,,,,,1.2
27.09.2026 at 02:56 PM IST,WINDMACHIN,Windsor Machines Limited,Industrials,Specialty Industrial Machinery,30986094592.0,3098.61,249.58,,3.46,17.49,,,0.82,1.7,28.32,31.4,,,,338616992.0,33.86,862988032.0,86.3,,,,,,0.93
27.09.2026 at 02:56 PM IST,BIMETAL,Bimetal Bearings Limited,Consumer Cyclical,Auto Parts,2478599936.0,247.86,21.69,,1.08,1.6,,,3.05,3.75,37.15,11.0,-7.0,,,122718000.0,12.27,36753000.0,3.68,,,,,2.08,0.45
27.09.2026 at 02:56 PM IST,AXISCADES,AXISCADES Technologies Limited,Industrials,Engineering & Construction,80477609984.0,8047.76,128.28,,11.08,52.83,,,-0.03,2.91,30.9,-24.8,,,,497783008.0,49.78,3880355072.0,388.04,,,,,,0.4
27.09.2026 at 02:56 PM IST,LMW,LMW Limited,Industrials,Specialty Industrial Machinery,183031840768.0,18303.18,105.27,45.37,6.39,,,,3.89,5.18,38.07,24.0,383.9,,,16019500032.0,1601.95,0.0,0.0,,,,,20.0,0.59
27.09.2026 at 02:56 PM IST,ZOTA,Zota Health Care Limited,Healthcare,Biotechnology,46289915904.0,4628.99,,,6.67,38.85,,,-22.66,-16.95,61.41,67.6,,,,955740992.0,95.57,2704393984.0,270.44,,,,,7.0,0.38
27.09.2026 at 02:56 PM IST,ANGELONE,Angel One Limited,Financial Services,Capital Markets,263403290624.0,26340.33,25.97,16.37,4.29,129.31,,,24.66,20.7,84.82,23.0,100.0,,,3799470080.0,379.95,79514091520.0,7951.41,,,,,1.75,0.28
27.09.2026 at 02:56 PM IST,SMARTWORKS,Smartworks Coworking Spaces Limited,Real Estate,Real Estate Services,60610531328.0,6061.05,217.17,42.74,11.45,900.42,,,18.35,1.42,66.57,44.0,,,,2355610112.0,235.56,47783501824.0,4778.35,,,,,,
27.09.2026 at 02:56 PM IST,ELECON,Elecon Engineering Company Limited,Industrials,Specialty Industrial Machinery,102831267840.0,10283.13,43.64,20.92,4.46,11.82,,,15.25,9.85,41.75,6.1,-59.8,,,8400399872.0,840.04,2726500096.0,272.65,,,,,44.0,0.52
27.09.2026 at 02:56 PM IST,OMPOWER,Om Power Transmission Limited,Industrials,Engineering & Construction,,,13.7,,3.18,34.81,,,11.93,8.76,21.67,36.9,-6.2,,,70299000.0,7.03,476680992.0,47.67,,,,,,
27.09.2026 at 02:56 PM IST,ONESOURCE,OneSource Specialty Pharma Limited,Healthcare,Biotechnology,183776215040.0,18377.62,,21.23,3.16,25.79,,,11.49,-3.15,67.99,37.2,,,,1030270016.0,103.03,15039389696.0,1503.94,,,,,,
27.09.2026 at 02:56 PM IST,ADVAIT,Advait Energy Transitions Limited,Industrials,Specialty Industrial Machinery,20845496320.0,2084.55,36.36,,7.5,44.02,,,13.28,7.38,19.34,51.4,50.7,,,1224733952.0,122.47,1280771968.0,128.08,,,,,10.0,0.41
27.09.2026 at 02:56 PM IST,SUPREMEINF,Supreme Infrastructure India Limited,Industrials,Engineering & Construction,7925999616.0,792.6,0.09,,2.73,632.07,,,0.78,75.64,24.53,189.8,,,,27029000.0,2.7,14602173440.0,1460.22,,,,,,1.18
27.09.2026 at 02:56 PM IST,KERNEX,Kernex Microsystems (India) Limited,Technology,Software - Application,28456933376.0,2845.69,14.9,,11.45,65.52,,,31.95,21.73,45.92,8.0,13.72,,,270022016.0,27.0,1621112064.0,162.11,,,,,,-0.01
27.09.2026 at 02:56 PM IST,LANDMARK,Landmark Cars Limited,Consumer Cyclical,Auto & Truck Dealerships,20257681408.0,2025.77,45.03,15.46,3.46,173.7,,,2.74,0.88,16.03,22.7,110.2,,,564670016.0,56.47,10153339904.0,1015.33,,,,,31.0,0.57
27.09.2026 at 02:56 PM IST,DHANBANK,Dhanlaxmi Bank Limited,Financial Services,Banks - Regional,11568622592.0,1156.86,10.04,,0.77,,7.92,0.57,18.08,14.88,0.0,25.0,103.2,,,7641099776.0,764.11,8587100160.0,858.71,,,,,,0.66
27.09.2026 at 02:56 PM IST,WESTLIFE,Westlife Foodworld Limited,Consumer Cyclical,Restaurants,89730228224.0,8973.02,282.0,112.32,14.78,291.52,,,4.49,1.18,53.28,11.4,-50.0,,,169275008.0,16.93,18047832064.0,1804.78,,,,,14.0,-0.02
27.09.2026 at 02:56 PM IST,SIMPLEXINF,Simplex Infrastructures Limited,Industrials,Engineering & Construction,19829202944.0,1982.92,42.71,,2.0,167.84,,,4.56,4.29,34.52,19.8,100.0,,,1815299968.0,181.53,16416600064.0,1641.66,,,,,,0.69
27.09.2026 at 02:56 PM IST,IVC,IL&FS Investment Managers Limited,Financial Services,Financial Conglomerates,2449455360.0,244.95,52.0,,1.3,,,,3.84,7.37,86.51,14.1,100.0,,,850273024.0,85.03,0.0,0.0,,,,,15.38,0.17
27.09.2026 at 02:56 PM IST,SURYAROSNI,Surya Roshni Limited,Basic Materials,Steel,49501286400.0,4950.13,15.88,9.68,1.88,3.03,,,3.81,3.91,22.54,27.5,76.8,,,4529500160.0,452.95,798099968.0,79.81,,,,,2.2,0.54
27.09.2026 at 02:56 PM IST,ADANIPOWER,Adani Power Limited,Utilities,Utilities - Independent Power Producers,3909971869696.0,390997.19,27.47,25.73,6.02,82.33,,,35.88,24.15,43.48,34.0,44.4,,,24361900032.0,2436.19,546702884864.0,54670.29,,,,,,0.46
27.09.2026 at 02:56 PM IST,KRYSTAL,Krystal Integrated Services Limited,Industrials,Specialty Business Services,8823986176.0,882.4,13.51,,1.77,23.99,,,5.49,4.97,10.08,11.6,,,,594040000.0,59.4,1197379968.0,119.74,,,,,24.0,0.88
27.09.2026 at 02:56 PM IST,STYLEBAAZA,Baazar Style Retail Limited,Consumer Cyclical,Apparel Retail,28604899328.0,2860.49,59.84,25.22,6.22,221.08,,,4.14,2.41,33.09,28.7,3.6,,,128801000.0,12.88,9952258048.0,995.23,,,,,,1.46
27.09.2026 at 02:56 PM IST,MANAKALUCO,Manaksia Aluminium Company Limited,Basic Materials,Aluminum,2334978304.0,233.5,26.59,,1.65,169.36,,,7.73,1.55,27.81,3.9,79.2,,,181220000.0,18.12,2410814976.0,241.08,,,,,14.0,0.84
27.09.2026 at 02:56 PM IST,SPAL,S.P. Apparels Limited,Consumer Cyclical,Apparel Manufacturing,24274106368.0,2427.41,23.12,15.38,2.56,44.6,,,12.0,6.67,57.16,-0.6,19.8,,,726329984.0,72.63,4190330112.0,419.03,,,,,31.0,0.1
27.09.2026 at 02:56 PM IST,THEMISMED,Themis Medicare Limited,Healthcare,Drug Manufacturers - Specialty & Generic,10860880896.0,1086.09,27.0,,2.72,25.11,,,-63.21,12.06,59.27,-10.9,,,,91499000.0,9.15,1000912000.0,100.09,,,,,43.0,0.58
27.09.2026 at 02:56 PM IST,ABSLAMC,Aditya Birla Sun Life AMC Limited,Financial Services,Asset Management,293571067904.0,29357.11,29.15,23.27,7.25,1.58,,,65.12,47.59,76.51,10.6,11.3,,,38120001536.0,3812.0,637299968.0,63.73,,,,,2.51,0.36
27.09.2026 at 02:56 PM IST,CANHLIFE,Canara HSBC Life Insurance Company Limited,Financial Services,Insurance - Life,142785970176.0,14278.6,108.42,79.32,8.76,15.3,8.28,0.2,0.85,1.07,12.43,18.3,20.2,2.91,2.21,22577600512.0,2257.76,2500000000.0,250.0,,,,,27.0,
27.09.2026 at 02:56 PM IST,FEDERALBNK,The Federal Bank Limited,Financial Services,Banks - Regional,795429502976.0,79542.95,17.24,13.09,1.98,,,,42.96,30.72,0.0,21.4,32.7,,,268973195264.0,26897.32,331932499968.0,33193.25,,,,,37.0,0.27
27.09.2026 at 02:56 PM IST,SUPRAJIT,Suprajit Engineering Limited,Consumer Cyclical,Auto Parts,66943520768.0,6694.35,35.83,19.03,4.66,69.08,,,8.36,4.63,43.8,23.9,8.6,,,3412100096.0,341.21,9926169600.0,992.62,,,,,72.0,0.29
27.09.2026 at 02:56 PM IST,SANOFI,Sanofi India Limited,Healthcare,Drug Manufacturers - General,72320761856.0,7232.08,22.32,17.5,8.75,1.78,40.27,21.09,24.31,17.94,49.01,7.7,20.1,1.69,1.05,3687000064.0,368.7,147000000.0,14.7,3136000000.0,313.6,3587000064.0,358.7,7.64,0.19
27.09.2026 at 02:56 PM IST,GUJALKALI,Gujarat Alkalies and Chemicals Limited,Basic Materials,Chemicals,46331359232.0,4633.14,69.94,7.29,0.89,16.28,,,9.52,1.47,33.66,12.6,,,,1889200000.0,188.92,8450100224.0,845.01,,,,,2.81,-0.14
27.09.2026 at 02:56 PM IST,AUTOIND,Autoline Industries Limited,Consumer Cyclical,Auto Parts,3708531712.0,370.85,9.2,12.38,1.88,164.64,,,4.7,4.25,32.52,74.7,266.7,,,85700000.0,8.57,3245400064.0,324.54,,,,,,0.28
27.09.2026 at 02:56 PM IST,JUBLFOOD,Jubilant FoodWorks Limited,Consumer Cyclical,Restaurants,318676205568.0,31867.62,85.76,54.97,13.9,205.32,,,9.68,4.42,52.59,13.7,6.0,,,3350060032.0,335.01,49022160896.0,4902.22,,,,,25.0,0.17
27.09.2026 at 02:56 PM IST,INFY,Infosys Limited,Technology,Information Technology Services,4051153715200.0,405115.37,12.9,12.49,4.39,9.54,32.0,15.3,21.17,16.37,29.68,2.9,5.3,1.86,1.59,3124000000.0,312.4,923000000.0,92.3,3165625088.0,316.56,4092000000.0,409.2,5.0,0.11
27.09.2026 at 02:56 PM IST,V2RETAIL,V2 Retail Limited,Consumer Cyclical,Apparel Retail,78294974464.0,7829.5,42.77,28.25,8.68,110.22,,,7.58,5.22,29.67,57.7,61.3,,,59500000.0,5.95,9945844736.0,994.58,,,,,,0.26
27.09.2026 at 02:56 PM IST,WAKEFIT,Wakefit Innovations Limited,Consumer Cyclical,"Furnishings, Fixtures & Appliances",46878052352.0,4687.81,24.25,35.28,4.11,24.02,,,6.93,12.47,56.1,16.6,11.1,,,6631209984.0,663.12,2718779904.0,271.88,,,,,,
27.09.2026 at 02:56 PM IST,ADANIENT,Adani Enterprises Limited,Energy,Thermal Coal,4150102065152.0,415010.21,50.76,44.3,4.66,119.56,,,9.4,6.55,43.31,49.9,,,,98084003840.0,9808.4,1066217897984.0,106621.79,,,,,4.0,0.8
27.09.2026 at 02:56 PM IST,BAJFINANCE,Bajaj Finance Limited,Financial Services,Credit Services,6201628688384.0,620162.87,29.58,19.73,5.44,314.83,,,61.55,43.49,91.55,26.1,27.2,,,47410601984.0,4741.06,3683091742720.0,368309.17,,,,,54.0,0.31
27.09.2026 at 02:56 PM IST,CIPLA,Cipla Limited,Healthcare,Drug Manufacturers - Specialty & Generic,1130776363008.0,113077.64,33.56,22.05,3.28,1.78,,,12.55,12.01,63.28,3.5,-39.2,,,100281196544.0,10028.12,6137699840.0,613.77,,,,,93.0,0.08
27.09.2026 at 02:56 PM IST,DSFCL,DCM Shriram Fine Chemicals Limited,Basic Materials,Specialty Chemicals,2704587008.0,270.46,,,1.28,6.03,,,3.49,-1.4,34.79,-7.9,-40.0,,,700220992.0,70.02,127266000.0,12.73,,,,,1.29,
27.09.2026 at 02:56 PM IST,AMBICAAGAR,Ambica Agarbathies Aroma & Industries Limited,Consumer Defensive,Household & Personal Products,433214016.0,43.32,12.67,,0.59,85.0,,,10.1,2.52,14.81,-18.2,-3.0,,,2835000.0,0.28,958134016.0,95.81,,,,,,-0.04
27.09.2026 at 02:56 PM IST,PFOCUS,Prime Focus Limited,Communication Services,Entertainment,245664235520.0,24566.42,226.94,32.52,11.73,224.57,,,9.66,2.35,95.92,23.8,,,,9238934528.0,923.89,57167257600.0,5716.73,,,,,,0.12
27.09.2026 at 02:56 PM IST,SICAGEN,Sicagen India Limited,Basic Materials,Steel,2102443648.0,210.24,10.28,,0.42,32.12,,,3.5,1.94,11.28,39.8,52.2,,,845600000.0,84.56,1590200064.0,159.02,,,,,1.88,0.24
27.09.2026 at 02:56 PM IST,ACCELYA,Accelya Solutions India Limited,Technology,Information Technology Services,16568150016.0,1656.82,17.36,17.73,6.62,6.28,36.14,19.56,31.77,17.92,71.7,-3.5,-10.3,2.55,1.9,761905024.0,76.19,157003008.0,15.7,915209472.0,91.52,991635008.0,99.16,6.31,0.52
27.09.2026 at 02:56 PM IST,ROTO,Roto Pumps Limited,Industrials,Specialty Industrial Machinery,11863621632.0,1186.36,42.43,,4.93,13.23,,,15.07,9.41,69.24,14.7,48.5,,,227723008.0,22.77,317952992.0,31.8,,,,,30.0,0.33
27.09.2026 at 02:56 PM IST,KIRLFER,Kirloskar Ferrous Industries Limited,Industrials,Metal Fabrication,79801081856.0,7980.11,22.73,11.5,2.06,26.82,,,8.27,5.05,43.54,4.3,-13.4,,,1127299968.0,112.73,10361400320.0,1036.14,,,,,1.24,0.45
27.09.2026 at 02:56 PM IST,STEL,STEL Holdings Limited,Financial Services,Asset Management,11429431296.0,1142.94,58.81,,0.71,,,,-125.03,72.23,100.0,-86.2,,,,23807000.0,2.38,0.0,0.0,,,,,,0.35
27.09.2026 at 02:56 PM IST,GOKULAGRO,Gokul Agro Resources Limited,Consumer Defensive,Packaged Foods,65476792320.0,6547.68,15.57,,4.61,41.41,,,3.59,1.72,5.3,7.3,71.5,,,6803260928.0,680.33,5891100160.0,589.11,,,,,,-0.1
27.09.2026 at 02:56 PM IST,GSFC,Gujarat State Fertilizers & Chemicals Limited,Basic Materials,Agricultural Inputs,62481276928.0,6248.13,9.03,8.96,0.51,0.22,,,4.99,5.61,21.95,64.0,14.4,,,2001100032.0,200.11,266600000.0,26.66,,,,,3.19,0.25
27.09.2026 at 02:56 PM IST,MARKOLINES,Markolines Pavement Technologies Limited,Industrials,Infrastructure Operations,3742107392.0,374.21,13.99,,1.85,42.55,,,10.24,7.62,70.03,4.3,14.0,,,18278000.0,1.83,862137984.0,86.21,,,,,,-0.18
27.09.2026 at 02:56 PM IST,IMPAL,India Motor Parts & Accessories Limited,Consumer Cyclical,Auto Parts,13281215488.0,1328.12,13.57,30.98,0.58,,,,7.58,11.19,15.73,19.1,6.3,,,1185299968.0,118.53,0.0,0.0,,,,,3.1,0.3
27.09.2026 at 02:56 PM IST,KWIL,Kwality Walls (India) Limited,Consumer Defensive,Packaged Foods,96403726336.0,9640.37,,,14.35,81.51,,,7.34,-17.57,44.87,16.2,37.5,,,140000000.0,14.0,5479000064.0,547.9,,,,,,
27.09.2026 at 02:56 PM IST,CIEINDIA,CIE Automotive India Limited,Consumer Cyclical,Auto Parts,148254801920.0,14825.48,16.53,13.71,1.91,6.63,12.22,6.65,11.16,9.04,48.86,10.6,15.9,1.38,0.84,9454249984.0,945.42,5133879808.0,513.39,6922881024.0,692.29,13128779776.0,1312.88,1.79,-0.01
27.09.2026 at 02:56 PM IST,SAPPHIRE,Sapphire Foods India Limited,Consumer Cyclical,Restaurants,71948304384.0,7194.83,,94.49,5.17,102.06,,,4.76,-0.5,52.72,14.7,,,,1412220032.0,141.22,14171299840.0,1417.13,,,,,,0.34
27.09.2026 at 02:56 PM IST,PNBHOUSING,PNB Housing Finance Limited,Financial Services,Mortgage Finance,285554212864.0,28555.42,12.35,10.44,1.48,287.73,,,75.16,61.35,98.95,5.8,4.3,,,28500400128.0,2850.04,552998076416.0,55299.81,,,,,73.0,0.31
27.09.2026 at 02:56 PM IST,ATL,Allcargo Terminals Limited,Industrials,Integrated Freight & Logistics,7471599104.0,747.16,17.66,,2.12,218.11,,,12.45,4.89,29.02,12.3,-36.1,,,532200000.0,53.22,7688999936.0,768.9,,,,,,1.1
27.09.2026 at 02:56 PM IST,DWARKESH,Dwarikesh Sugar Industries Limited,Consumer Defensive,Confectioners,8340419072.0,834.04,57.71,,1.01,40.6,,,-9.31,1.07,16.54,-11.7,,,,132989000.0,13.3,3364589056.0,336.46,,,,,22.0,0.04
27.09.2026 at 02:56 PM IST,CHALET,Chalet Hotels Limited,Consumer Cyclical,Lodging,193010466816.0,19301.05,36.53,27.96,5.22,64.04,,,33.73,22.12,69.15,-42.7,-57.7,,,3231089920.0,323.11,23676780544.0,2367.68,,,,,23.0,-0.04
27.09.2026 at 02:56 PM IST,HONAUT,Honeywell Automation India Limited,Industrials,Electrical Equipment & Parts,299615813632.0,29961.58,54.35,40.8,6.71,2.48,,,13.2,11.72,38.95,1.8,20.9,,,38050000896.0,3805.0,1104999936.0,110.5,,,,,32.0,0.5
27.09.2026 at 02:56 PM IST,MASTERTR,Master Trust Limited,Financial Services,Capital Markets,10440368128.0,1044.04,7.74,,1.25,27.84,,,34.19,24.98,88.81,15.7,21.7,,,18244999168.0,1824.5,2278700032.0,227.87,,,,,,1.12
27.09.2026 at 02:56 PM IST,IDEA,Vodafone Idea Limited,Communication Services,Telecom Services,1544971747328.0,154497.17,4.09,-9.72,-4.32,,,,-3.77,82.28,45.2,6.1,,,,37149999104.0,3715.0,1925280038912.0,192528.0,,,,,,0.45
27.09.2026 at 02:56 PM IST,ARIHANT,Arihant Foundations & Housing Limited,Real Estate,Real Estate - Development,9721934848.0,972.19,14.07,,2.4,107.58,,,26.79,14.13,30.79,62.6,24.7,,,3289499904.0,328.95,3995000064.0,399.5,,,,,,0.33
27.09.2026 at 02:56 PM IST,ABCAPITAL,Aditya Birla Capital Limited,Financial Services,Financial Conglomerates,1067740364800.0,106774.04,25.24,15.37,2.97,495.94,,,17.87,11.94,28.11,31.4,39.1,,,171203493888.0,17120.35,1823427919872.0,182342.79,,,,,,0.68
27.09.2026 at 02:56 PM IST,TVSMOTOR,TVS Motor Company Limited,Consumer Cyclical,Auto Manufacturers,1975657955328.0,197565.8,57.47,36.23,20.65,306.09,,,13.14,5.69,36.7,34.3,67.1,,,44654501888.0,4465.45,327910096896.0,32791.01,,,,,29.0,-0.04
27.09.2026 at 02:56 PM IST,SIGACHI,Sigachi Industries Limited,Healthcare,Drug Manufacturers - Specialty & Generic,11256544256.0,1125.65,43.93,,2.17,30.68,,,9.98,5.39,48.48,-5.4,,,,260143008.0,26.01,1622627968.0,162.26,,,,,34.0,0.45
27.09.2026 at 02:56 PM IST,VENUSREM,Venus Remedies Limited,Healthcare,Drug Manufacturers - Specialty & Generic,22327683072.0,2232.77,19.19,,3.36,1.87,,,15.33,14.32,51.02,35.6,139.3,,,1034099968.0,103.41,124100000.0,12.41,,,,,60.0,0.35
27.09.2026 at 02:56 PM IST,BLUEJET,Blue Jet Healthcare Limited,Healthcare,Biotechnology,98988048384.0,9898.8,42.21,29.27,7.28,3.1,,,31.17,26.52,54.9,-17.4,-14.3,,,3234210048.0,323.42,421840000.0,42.18,,,,,21.0,0.62
27.09.2026 at 02:56 PM IST,XPROINDIA,Xpro India Limited,Basic Materials,Specialty Chemicals,28096405504.0,2809.64,84.72,,3.7,40.68,,,5.64,6.11,29.98,20.4,,,,2975014912.0,297.5,3247748096.0,324.77,,,,,17.0,-0.54
27.09.2026 at 02:56 PM IST,HAWKINCOOK,Hawkins Cookers Limited,Consumer Cyclical,"Furnishings, Fixtures & Appliances",42553692160.0,4255.37,31.37,,9.56,6.6,,,12.23,10.18,49.75,33.1,17.1,,,1862940032.0,186.29,293880992.0,29.39,,,,,1.74,0.06
27.09.2026 at 02:56 PM IST,CDSL,Central Depository Services (India) Limited,Financial Services,Capital Markets,275461996544.0,27546.2,58.47,44.12,14.06,0.11,,,48.89,36.8,100.0,15.4,14.7,,,8091618816.0,809.16,21998000.0,2.2,,,,,97.0,0.39
27.09.2026 at 02:56 PM IST,WORTHPERI,Worth Peripherals Limited,Consumer Cyclical,Packaging & Containers,2282949888.0,228.29,14.87,,1.21,20.29,,,9.78,4.94,28.14,7.6,21.6,,,342224992.0,34.22,415180992.0,41.52,,,,,69.0,0.09
27.09.2026 at 02:56 PM IST,BRIGADE,Brigade Enterprises Limited,Real Estate,Real Estate - Development,195012493312.0,19501.25,30.21,15.16,28.59,84.32,,,25.83,12.56,52.99,-12.9,33.8,,,27353100288.0,2735.31,63439499264.0,6343.95,,,,,33.0,0.18
27.09.2026 at 02:56 PM IST,UNOMINDA,Uno Minda Limited,Consumer Cyclical,Auto Parts,703342444544.0,70334.24,58.59,38.48,11.26,37.74,,,7.11,5.8,34.04,23.8,1.2,,,3607399936.0,360.74,27401199616.0,2740.12,,,,,22.0,0.3
27.09.2026 at 02:56 PM IST,NH,Narayana Hrudayalaya Limited,Healthcare,Medical Care Facilities,378050052096.0,37805.01,45.96,26.56,8.33,129.03,,,11.69,9.0,39.76,78.0,5.4,,,25195450368.0,2519.55,58574950400.0,5857.5,,,,,24.0,0.14
27.09.2026 at 02:56 PM IST,ZEELEARN,Zee Learn Limited,Consumer Defensive,Education & Training Services,2274455296.0,227.45,4.79,,1.17,161.22,,,22.52,9.94,45.15,-13.9,333.3,,,602262016.0,60.23,3789202944.0,378.92,,,,,,0.93
27.09.2026 at 02:56 PM IST,DANGEE,Dangee Dums Limited,Consumer Cyclical,Restaurants,501958528.0,50.2,,,3.43,157.72,,,-2.38,-4.74,47.01,12.3,,,,1670000.0,0.17,227572992.0,22.76,,,,,,0.2
27.09.2026 at 02:56 PM IST,RBA,Restaurant Brands Asia Limited,Consumer Cyclical,Restaurants,65874366464.0,6587.44,,435.07,7.48,285.66,,,-0.4,-5.89,47.68,17.9,,,,1934889984.0,193.49,19670009856.0,1967.0,,,,,,0.41
27.09.2026 at 02:56 PM IST,LUXIND,Lux Industries Limited,Consumer Cyclical,Apparel Manufacturing,35325202432.0,3532.52,34.48,16.88,1.93,33.96,,,5.64,3.49,29.91,0.8,-6.1,,,2520499968.0,252.05,6184000000.0,618.4,,,,,17.0,0.66
27.09.2026 at 02:56 PM IST,NESCO,Nesco Limited,Industrials,Conglomerates,75413299200.0,7541.33,18.12,20.08,2.52,9.07,,,52.58,39.13,82.9,15.3,4.0,,,2894299904.0,289.43,2717199872.0,271.72,,,,,65.0,0.53
27.09.2026 at 02:56 PM IST,INDIAMART,IndiaMART InterMESH Limited,Consumer Cyclical,Internet Retail,987603271680.0,98760.33,20.08,15.78,4.45,0.97,23.15,7.25,33.81,30.62,55.62,11.4,11.9,2.0,1.98,33886580736.0,3388.66,216280000.0,21.63,9051123712.0,905.11,6966859776.0,696.69,1.83,0.25
27.09.2026 at 02:56 PM IST,BHAGCHEM,Bhagiradha Chemicals & Industries Limited,Basic Materials,Agricultural Inputs,31846727680.0,3184.67,116.4,,4.56,33.58,,,11.38,4.53,37.59,57.6,,,,163515008.0,16.35,2344865024.0,234.49,,,,,6.0,0.51
27.09.2026 at 02:56 PM IST,PATELRMART,Patel Retail Limited,Consumer Cyclical,Department Stores,6889861120.0,688.99,14.95,,1.89,44.93,,,4.72,3.54,15.77,69.7,2.5,,,233812992.0,23.38,1634914944.0,163.49,,,,,,
27.09.2026 at 02:56 PM IST,GSPCROP,GSP Crop Science Limited,Basic Materials,Agricultural Inputs,23177967616.0,2317.8,22.99,,2.6,34.02,,,8.78,6.6,37.4,2.4,-5.8,,,1844070016.0,184.41,2620300032.0,262.03,,,,,20.0,
27.09.2026 at 02:56 PM IST,FRACTAL,Fractal Analytics Limited,Technology,Software - Infrastructure,129008238592.0,12900.82,39.22,27.22,3.92,13.13,,,11.3,9.53,31.36,20.0,77.1,,,20511000576.0,2051.1,4184000000.0,418.4,,,,,,
27.09.2026 at 02:56 PM IST,HYUNDAI,Hyundai Motor India Limited,Consumer Cyclical,Auto Manufacturers,1718524444672.0,171852.44,34.72,23.14,8.59,5.48,,,5.84,7.0,28.22,-0.5,-35.1,,,105519783936.0,10551.98,10975620096.0,1097.56,,,,,99.0,
27.09.2026 at 02:56 PM IST,ARKADE,Arkade Developers Limited,Real Estate,Real Estate - Development,23297071104.0,2329.71,,,2.64,11.23,,,16.75,-0.53,30.92,-7.8,-33.5,,,809366976.0,80.94,990638016.0,99.06,,,,,1.42,
27.09.2026 at 02:56 PM IST,BCPL,BCPL Railway Infrastructure Limited,Industrials,Infrastructure Operations,1132190208.0,113.22,13.73,,1.16,71.38,,,7.82,3.78,16.08,12.2,147.9,,,115642000.0,11.56,739820992.0,73.98,,,,,1.48,0.79
27.09.2026 at 02:56 PM IST,MANGALAM,Mangalam Drugs & Organics Limited,Healthcare,Drug Manufacturers - Specialty & Generic,503813120.0,50.38,,,0.49,109.41,,,-5.38,-16.48,35.16,-0.2,,,,7514000.0,0.75,1127529984.0,112.75,,,,,,0.3
27.09.2026 at 02:56 PM IST,RAJPALAYAM,Rajapalayam Mills Limited,Consumer Cyclical,Textile Manufacturing,7023487488.0,702.35,5.66,,0.29,47.22,,,7.2,12.17,42.85,38.6,111.9,,,26534000.0,2.65,11462799360.0,1146.28,,,,,7.0,0.14
27.09.2026 at 02:56 PM IST,STARHEALTH,Star Health and Allied Insurance Company Limited,Financial Services,Insurance - Life,328417443840.0,32841.74,49.09,19.91,3.24,,7.51,2.53,13.66,3.62,21.95,14.08,109.6,,,,,0.0,0.0,,,,,,0.19
27.09.2026 at 02:56 PM IST,RELIGARE,Religare Enterprises Limited,Financial Services,Insurance - Life,82670698496.0,8267.07,161.51,,2.77,12.72,,,-2.62,0.55,82.97,26.0,,,,17026802688.0,1702.68,4932328960.0,493.23,,,,,,-0.25
27.09.2026 at 02:56 PM IST,JKIPL,Jinkushal Industries Limited,Industrials,Industrial Distribution,3695804160.0,369.58,43.37,,1.9,49.72,,,-1.8,2.34,24.73,15.9,-68.7,,,555644992.0,55.56,1006771968.0,100.68,,,,,,
27.09.2026 at 02:56 PM IST,PREMEXPLN,Premier Explosives Limited,Basic Materials,Specialty Chemicals,36592041984.0,3659.2,108.68,45.36,12.69,11.13,,,2.93,9.61,43.76,-27.8,-80.0,,,600718976.0,60.07,323332000.0,32.33,,,,,7.0,1.34
27.09.2026 at 02:56 PM IST,VAML,Vedanta Aluminium Metal Limited,Basic Materials,Aluminum,1666098397184.0,166609.84,43.28,7.31,,,,,45.31,56.26,94.23,46.0,216.3,,,67000.0,0.01,623000.0,0.06,,,,,3.75,
27.09.2026 at 02:56 PM IST,MPHASIS,Mphasis Limited,Technology,Information Technology Services,426285301760.0,42628.53,22.32,17.6,3.76,24.68,17.74,9.04,14.78,11.56,44.45,17.5,10.7,1.46,1.26,33588600832.0,3358.86,27977879552.0,2797.79,3941232384.0,394.12,14264129536.0,1426.41,2.78,0.49
27.09.2026 at 02:56 PM IST,ELPROINTL,Elpro International Limited,Real Estate,Real Estate Services,29116516352.0,2911.65,22.52,,1.43,59.54,,,88.56,19.55,53.55,47.5,56.0,,,3565381120.0,356.54,12089551872.0,1208.96,,,,,,0.57
27.09.2026 at 02:56 PM IST,IDEAFORGE,ideaForge Technology Limited,Technology,Computer Hardware,36286193664.0,3628.62,829.38,37.05,5.27,13.97,,,-17.32,1.4,55.06,436.7,,,,1069190016.0,106.92,837110016.0,83.71,,,,,,1.97
27.09.2026 at 02:56 PM IST,NIBL,NRB Industrial Bearings Limited,Industrials,Tools & Accessories,791130752.0,79.11,,,-0.66,,,,-21.97,-40.76,56.59,1.9,,,,288492000.0,28.85,1380385024.0,138.04,,,,,,0.43
27.09.2026 at 02:56 PM IST,INDIANHUME,The Indian Hume Pipe Company Limited,Industrials,Engineering & Construction,18831097856.0,1883.11,13.19,15.34,1.27,28.09,,,8.29,10.97,23.08,-1.5,7.5,,,8113349120.0,811.33,4169755904.0,416.98,,,,,56.0,0.53
27.09.2026 at 02:56 PM IST,TVSSCS,TVS Supply Chain Solutions Limited,Industrials,Integrated Freight & Logistics,57473806336.0,5747.38,89.22,25.54,2.83,133.61,,,2.32,0.55,15.24,28.7,-70.4,,,7239499776.0,723.95,27553599488.0,2755.36,,,,,,0.87
27.09.2026 at 02:56 PM IST,SUNTV,Sun TV Network Limited,Communication Services,Broadcasting,202244227072.0,20224.42,13.22,11.53,1.6,0.84,,,43.87,33.97,67.47,13.0,17.0,,,65495998464.0,6549.6,1059299968.0,105.93,,,,,3.9,0.13
27.09.2026 at 02:56 PM IST,KCP,The KCP Limited,Basic Materials,Building Materials,21051535360.0,2105.15,12.34,41.87,1.18,29.38,13.09,4.85,14.34,7.65,42.32,7.7,126.0,2.8,1.64,11401199616.0,1140.12,6642299904.0,664.23,-1151500032.0,-115.15,2062800000.0,206.28,61.0,0.66
27.09.2026 at 02:56 PM IST,SAATVIKGL,Saatvik Green Energy Limited,Technology,Solar,54331035648.0,5433.1,22.08,8.06,3.76,69.03,,,5.7,5.94,20.41,-44.2,,,,817529984.0,81.75,9394360320.0,939.44,,,,,,
27.09.2026 at 02:56 PM IST,WIPL,The Western India Plywoods Limited,Basic Materials,Lumber & Wood Production,1429777408.0,142.98,935.89,,2.85,20.84,,,-2.15,-0.16,60.49,-8.7,,,,29700000.0,2.97,92600000.0,9.26,,,,,59.0,-0.47
27.09.2026 at 02:56 PM IST,AEPL,Artemis Electricals and Projects Limited,Industrials,Electrical Equipment & Parts,3991486464.0,399.15,45.43,,4.28,1.8,,,11.83,11.25,19.17,-17.6,0.0,,,144500000.0,14.45,17065000.0,1.71,,,,,,1.44
27.09.2026 at 02:56 PM IST,DISAQ,DISA India Limited,,,,,,,5.61,,18.75,8.62,16.98,12.61,40.94,-16.2,3.6,2.19,1.1,1158000000.0,115.8,0.0,0.0,-464675008.0,-46.47,132100000.0,13.21,,0.23
27.09.2026 at 02:56 PM IST,HDFCBANK,HDFC Bank Limited,Financial Services,Banks - Regional,11341831077888.0,1134183.11,16.08,11.66,1.87,,13.84,1.75,33.29,26.79,0.0,16.6,18.1,,,2377666265088.0,237766.63,5658713784320.0,565871.38,,,,,1.77,0.4
27.09.2026 at 02:56 PM IST,TAINWALCHM,Tainwala Chemicals and Plastics (India) Limited,Basic Materials,Specialty Chemicals,1958920064.0,195.89,24.44,,1.14,,,,-2.24,45.0,25.22,-5.7,-99.0,,,9104000.0,0.91,0.0,0.0,,,,,1.43,0.2
27.09.2026 at 02:56 PM IST,PRINCEPIPE,Prince Pipes and Fittings Limited,Industrials,Building Products & Equipment,28950431744.0,2895.04,27.79,17.32,1.76,8.84,,,6.91,3.89,29.02,5.0,5.93,,,2771419904.0,277.14,1453449984.0,145.34,,,,,38.0,0.68
27.09.2026 at 02:56 PM IST,SANOFICONR,Sanofi Consumer Healthcare India Limited,Healthcare,Drug Manufacturers - General,90992377856.0,9099.24,34.13,29.46,26.12,5.98,87.95,37.63,36.49,28.01,74.14,6.7,13.3,2.03,1.65,4905999872.0,490.6,208000000.0,20.8,3916624896.0,391.66,2664999936.0,266.5,1.9,0.24
27.09.2026 at 02:56 PM IST,SRTL,Shree Ram Twistex Limited,Consumer Cyclical,Textile Manufacturing,1525046272.0,152.5,10.63,,0.58,15.22,,,9.45,4.74,16.0,46.6,1.7,,,342731008.0,34.27,302032992.0,30.2,,,,,,
27.09.2026 at 02:56 PM IST,J&KBANK,Jammu and Kashmir Bank Limited,Financial Services,Banks - Regional,160882769920.0,16088.28,6.99,5.8,0.98,,14.61,1.25,38.03,34.22,0.0,-4.3,-11.6,,,80894001152.0,8089.4,43810000896.0,4381.0,,,,,1.43,0.46
27.09.2026 at 02:56 PM IST,DEVYANI,Devyani International Limited,Consumer Cyclical,Restaurants,166471532544.0,16647.15,,130.24,10.8,203.33,,,4.71,-0.47,50.78,16.5,300.0,,,4949009920.0,494.9,38331461632.0,3833.15,,,,,,0.35
27.09.2026 at 02:56 PM IST,PIRAMALFIN,Piramal Finance Limited,Financial Services,Credit Services,505990414336.0,50599.04,28.73,14.1,1.69,286.78,6.04,,24.71,32.2,98.62,2.1,67.1,48.57,46.73,70505897984.0,7050.59,828972597248.0,82897.26,,,-155370192896.0,-15537.02,51.0,
27.09.2026 at 02:56 PM IST,ELGIRUBCO,Elgi Rubber Company Limited,Consumer Cyclical,Auto Parts,2750747904.0,275.07,,,3.63,413.22,,,-1.21,-56.37,43.44,-18.1,,,,275038016.0,27.5,3127788032.0,312.78,,,,,,0.36
27.09.2026 at 02:56 PM IST,KICL,Kalyani Investment Company Limited,Financial Services,Asset Management,21868001280.0,2186.8,53.76,,0.19,,,,55.72,51.95,100.0,2.9,,,,3101139968.0,310.11,0.0,0.0,,,,,20.0,0.41
27.09.2026 at 02:56 PM IST,RSYSTEMS,R Systems International Limited,Technology,Information Technology Services,27920017408.0,2792.0,15.14,11.07,2.54,28.62,17.33,11.5,14.92,8.59,36.71,30.5,-26.6,2.29,1.76,3339719936.0,333.97,3693309952.0,369.33,2661538816.0,266.15,3239109888.0,323.91,5.09,0.25
27.09.2026 at 02:56 PM IST,HMAAGRO,HMA Agro Industries Limited,Consumer Defensive,Packaged Foods,12008458240.0,1200.85,5.6,,1.27,88.32,,,0.12,2.72,11.74,86.1,49.5,,,2455140096.0,245.51,8500270080.0,850.03,,,,,1.37,0.44
27.09.2026 at 02:56 PM IST,DOLLAR,Dollar Industries Limited,Consumer Cyclical,Apparel Manufacturing,15338874880.0,1533.89,13.68,10.91,1.62,30.54,,,9.49,5.94,52.65,1.4,22.1,,,1282000.0,0.13,2914280960.0,291.43,,,,,1.11,0.29
27.09.2026 at 02:56 PM IST,RANEHOLDIN,Rane Holdings Limited,Consumer Cyclical,Auto Parts,22567503872.0,2256.75,26.74,,1.96,71.62,,,3.31,1.38,31.5,18.4,-26.4,,,628000000.0,62.8,10209899520.0,1020.99,,,,,2.97,0.41
27.09.2026 at 02:56 PM IST,DCI,DC Infotech and Communication Limited,Technology,Electronics & Computer Distribution,4952800256.0,495.28,22.3,,4.51,80.89,,,4.58,2.87,9.17,12.9,4.8,,,253634000.0,25.36,871892992.0,87.19,,,,,3.0,-0.3
27.09.2026 at 02:56 PM IST,BONLON,Bonlon Industries Limited,Basic Materials,Other Industrial Metals & Mining,673355968.0,67.34,114.17,,0.68,38.2,2.9,2.2,1.73,0.4,2.84,-31.1,81.2,2.5,1.54,165826000.0,16.58,380767008.0,38.08,-399614240.0,-39.96,-28562000.0,-2.86,,0.11
27.09.2026 at 02:56 PM IST,ANTHEM,Anthem Biosciences Limited,Healthcare,Biotechnology,490713219072.0,49071.32,86.24,57.8,16.13,1.77,,,28.83,28.69,61.66,-22.6,-12.8,,,9384960000.0,938.5,539240000.0,53.92,,,,,23.0,
27.09.2026 at 02:56 PM IST,WALCHANNAG,Walchandnagar Industries Limited,Industrials,Engineering & Construction,14313997312.0,1431.4,,,3.99,61.01,,,4.66,-0.98,45.8,83.8,,,,223600000.0,22.36,2188999936.0,218.9,,,,,,1.17
27.09.2026 at 02:56 PM IST,KIRLOSBROS,Kirloskar Brothers Limited,Industrials,Specialty Industrial Machinery,140704677888.0,14070.47,37.73,,5.71,10.1,,,8.0,8.01,49.4,12.9,-0.1,,,8829616128.0,882.96,2500865024.0,250.09,,,,,40.0,0.3
27.09.2026 at 02:56 PM IST,INNOVISION,Innovision Limited,Industrials,Staffing & Employment Services,6040241664.0,604.02,15.11,,4.68,42.51,,,-4.01,1.7,4.83,18.3,,,,2191680000.0,219.17,1250569984.0,125.06,,,,,,
27.09.2026 at 02:56 PM IST,DENORA,De Nora India Limited,Industrials,Electrical Equipment & Parts,4069068032.0,406.91,33.34,,3.15,,,,15.76,10.61,44.48,-16.0,96.7,,,771292032.0,77.13,0.0,0.0,,,,,52.0,-0.17
27.09.2026 at 02:56 PM IST,ASTERDM,Aster DM Quality Care Limited,Healthcare,Medical Care Facilities,661948071936.0,66194.81,123.48,37.89,8.55,45.92,,,14.88,6.54,58.62,21.6,-81.4,,,13267699712.0,1326.77,22196600832.0,2219.66,,,,,53.0,-0.08
27.09.2026 at 02:56 PM IST,PALREDTEC,Palred Technologies Limited,Technology,Consumer Electronics,572973376.0,57.3,,,1.34,161.32,,,-3.83,-4.29,28.57,63.9,,,,592225024.0,59.22,624833984.0,62.48,,,,,,0.63
27.09.2026 at 02:56 PM IST,GLOBE,Globe Enterprises (India) Limited,Consumer Cyclical,Textile Manufacturing,1008938112.0,100.89,14.0,,0.67,114.16,,,4.53,1.57,10.74,47.0,200.0,,,8652000.0,0.87,1667533056.0,166.75,,,,,,0.51
27.09.2026 at 02:56 PM IST,KKCL,Kewal Kiran Clothing Limited,Consumer Cyclical,Apparel Manufacturing,28831342592.0,2883.13,19.53,13.33,3.07,9.5,14.95,8.42,14.69,11.84,42.42,19.4,18.3,3.27,2.26,3550000128.0,355.0,1090000000.0,109.0,,,,,85.0,0.2
27.09.2026 at 02:56 PM IST,LOYALTEX,Loyal Textile Mills Limited,Consumer Cyclical,Textile Manufacturing,1070166144.0,107.02,,,0.52,105.73,,,-5.96,-13.01,45.99,-36.4,,,,103200000.0,10.32,2156000000.0,215.6,,,,,,0.52
27.09.2026 at 02:56 PM IST,KECL,Kirloskar Electric Company Limited,Industrials,Specialty Industrial Machinery,8379463168.0,837.95,420.57,,6.36,76.21,,,-0.67,0.35,29.93,-21.5,,,,231123008.0,23.11,1004675008.0,100.47,,,,,,0.46
27.09.2026 at 02:56 PM IST,TREJHARA,Trejhara Solutions Limited,Technology,Software - Application,3491864576.0,349.19,27.11,,1.11,7.64,,,8.04,7.17,15.08,6.82,334.8,,,205050000.0,20.5,227443008.0,22.74,,,,,,0.14
27.09.2026 at 02:56 PM IST,RAMCOSYS,Ramco Systems Limited,Technology,Software - Application,21834463232.0,2183.45,52.36,25.23,6.2,12.1,,,2.37,5.83,54.24,7.1,-36.0,,,1255699968.0,125.57,428260000.0,42.83,,,,,,0.58
27.09.2026 at 02:56 PM IST,GARUDA,Garuda Construction and Engineering Limited,Industrials,Engineering & Construction,16456292352.0,1645.63,12.09,,3.61,2.65,,,31.95,23.42,34.79,40.1,48.5,,,228736000.0,22.87,120370000.0,12.04,,,,,,
27.09.2026 at 02:56 PM IST,CEMPRO,Cemindia Projects Limited,Industrials,Engineering & Construction,215971348480.0,21597.13,35.97,22.04,9.0,37.71,,,8.52,5.89,26.77,7.0,2.6,,,6337800192.0,633.78,9049100288.0,904.91,,,,,24.0,0.82
27.09.2026 at 02:56 PM IST,AJMERA,Ajmera Realty & Infra India Limited,Real Estate,Real Estate - Development,23776849920.0,2377.68,15.35,6.07,1.7,46.83,,,28.29,13.45,32.37,22.6,12.5,,,1159100032.0,115.91,7112300032.0,711.23,,,,,83.0,0.54
27.09.2026 at 02:56 PM IST,HIKAL,Hikal Limited,Healthcare,Drug Manufacturers - Specialty & Generic,26827778048.0,2682.78,,24.18,2.23,57.04,,,-1.41,-1.95,56.34,5.9,,,,138000000.0,13.8,6838000128.0,683.8,,,,,28.0,0.58
27.09.2026 at 02:56 PM IST,SINDHUTRAD,Sindhu Trade Links Limited,Industrials,Conglomerates,43756617728.0,4375.66,65.97,,2.72,25.01,3.52,0.22,10.63,12.58,24.45,-21.9,,5.32,2.77,1466360960.0,146.64,5593370112.0,559.34,,,,,,0.48
27.09.2026 at 02:56 PM IST,INDRAMEDCO,Indraprastha Medical Corporation Limited,Healthcare,Medical Care Facilities,33524817920.0,3352.48,17.82,14.99,4.53,4.98,,,16.75,12.34,36.86,11.3,8.6,,,2632999936.0,263.3,368600000.0,36.86,,,,,1.09,0.43
27.09.2026 at 02:56 PM IST,MARSONS,Marsons Limited,Industrials,Electrical Equipment & Parts,21145927680.0,2114.59,48.0,,9.75,0.32,,,14.21,17.86,21.49,4.8,-27.7,,,110653000.0,11.07,6979000.0,0.7,,,,,,0.9
27.09.2026 at 02:56 PM IST,SCHAND,S Chand And Company Limited,Communication Services,Publishing,5120816640.0,512.08,7.17,5.58,0.49,12.95,,,-17.55,8.8,68.31,11.6,,,,1887190016.0,188.72,1360630016.0,136.06,,,,,2.76,0.41
27.09.2026 at 02:56 PM IST,JINDALPOLY,Jindal Poly Films Limited,Consumer Cyclical,Packaging & Containers,30392147968.0,3039.21,,,1.0,131.57,-29.93,-4.0,-36.51,-36.53,21.21,-52.5,,3.17,2.61,26971588608.0,2697.16,40037449728.0,4003.74,-1480109568.0,-148.01,-1096513024.0,-109.65,82.0,-0.16
27.09.2026 at 02:56 PM IST,SHREERAMA,Shree Rama Multi-Tech Limited,Consumer Cyclical,Packaging & Containers,6011399168.0,601.14,24.75,,3.63,12.35,,,13.89,9.62,38.7,45.5,9.4,,,85935000.0,8.59,219246000.0,21.92,,,,,,0.06
27.09.2026 at 02:56 PM IST,MAHSCOOTER,Maharashtra Scooters Ltd.,Financial Services,Asset Management,149165670400.0,14916.57,53.48,,0.54,,,,84.1,96.25,100.0,-81.5,-90.6,,,1300000.0,0.13,0.0,0.0,,,,,1.69,0.07
27.09.2026 at 02:56 PM IST,ADSL,Allied Digital Services Limited,Technology,Information Technology Services,6544277504.0,654.43,18.85,11.22,1.07,20.27,,,6.8,2.56,18.43,18.9,-4.8,,,1520400000.0,152.04,1360600064.0,136.06,,,,,1.3,0.69
27.09.2026 at 02:56 PM IST,BEDMUTHA,Bedmutha Industries Limited,Basic Materials,Steel,3571934464.0,357.19,21.37,,2.35,136.98,,,2.87,0.98,12.57,74.3,,,,215276000.0,21.53,2079088000.0,207.91,,,,,,0.13
27.09.2026 at 02:56 PM IST,BHARTIARTL,Bharti Airtel Limited,Communication Services,Telecom Services,11138500657152.0,1113850.07,37.31,21.72,6.88,100.42,20.15,8.16,32.57,13.14,67.86,18.4,35.1,0.57,0.36,584093007872.0,58409.3,2014801952768.0,201480.2,630565896192.0,63056.59,1251744022528.0,125174.4,1.34,-0.0
27.09.2026 at 02:56 PM IST,VEDPOWER,Vedanta Power Limited,Utilities,Utilities - Independent Power Producers,128641933312.0,12864.19,,,2.89,,0.88,3.83,2.54,0.61,26.58,31.0,,0.57,0.44,,,,,1888562560.0,188.86,7675700224.0,767.57,,
27.09.2026 at 02:56 PM IST,TARACHAND,Tara Chand Infralogistic Solutions Limited,Industrials,Farm & Heavy Construction Machinery,3819854336.0,381.99,16.54,,2.56,92.78,20.6,6.14,15.98,9.78,90.46,9.7,10.5,1.72,1.48,268486016.0,26.85,1384617984.0,138.46,-323998112.0,-32.4,692934016.0,69.29,41.0,-0.35
27.09.2026 at 02:56 PM IST,ZYDUSWELL,Zydus Wellness Limited,Consumer Defensive,Packaged Foods,165634457600.0,16563.45,87.79,32.04,2.84,54.97,,,12.87,4.15,62.63,66.9,-7.0,,,1148999936.0,114.9,32028000256.0,3202.8,,,,,23.0,-0.11
27.09.2026 at 02:56 PM IST,STARTECK,Starteck Finance Limited,Financial Services,Credit Services,2601461504.0,260.15,10.66,,0.99,133.48,,,85.44,75.38,100.0,24.6,21.8,,,5923000.0,0.59,3509797120.0,350.98,,,,,10.0,0.48
27.09.2026 at 02:56 PM IST,RUDRA,Rudra Global Infra Products Limited,Basic Materials,Steel,1951687424.0,195.17,14.73,,1.46,97.15,,,5.59,2.09,8.32,6.7,-7.7,,,8887000.0,0.89,1347667968.0,134.77,,,,,,0.2
27.09.2026 at 02:56 PM IST,TRIGYN,Trigyn Technologies Limited,Technology,Information Technology Services,1743088384.0,174.31,17.26,3.01,0.21,1.29,,,1.07,1.0,50.97,12.6,,,,4740096000.0,474.01,102591000.0,10.26,,,,,,0.91
27.09.2026 at 02:56 PM IST,BOHRAIND,Bohra Industries Limited,Basic Materials,Agricultural Inputs,338119264.0,33.81,,,0.46,1.6,,,-1528.2,0.0,100.0,,,,,162999008.0,16.3,11807000.0,1.18,,,,,,-1.39
27.09.2026 at 02:56 PM IST,SAHLIBHFI,Shalibhadra Finance Limited,Financial Services,Credit Services,2395395584.0,239.54,12.08,,1.39,32.61,,,70.21,54.15,85.16,7.7,7.4,,,62800000.0,6.28,560899968.0,56.09,,,,,64.0,-0.08
27.09.2026 at 02:56 PM IST,WIPRO,Wipro Limited,Technology,Information Technology Services,1622705700864.0,162270.57,13.02,11.8,2.09,27.4,16.13,7.26,15.7,13.92,29.04,10.6,0.9,1.67,1.57,394750001152.0,39475.0,212821999616.0,21282.2,108508127232.0,10850.81,141077004288.0,14107.7,4.88,0.39
27.09.2026 at 02:56 PM IST,ADANIGREEN,Adani Green Energy Limited,Utilities,Utilities - Renewable,2135728586752.0,213572.86,123.49,43.46,11.07,346.55,,,66.78,13.1,94.69,16.6,18.5,,,40730001408.0,4073.0,1035449991168.0,103545.0,,,,,,1.06
27.09.2026 at 02:56 PM IST,ALLCARGO,Allcargo Logistics Limited,Industrials,Integrated Freight & Logistics,15981295616.0,1598.13,53.35,10.67,2.86,120.73,,,3.66,1.47,19.5,-85.7,,,,1310000000.0,131.0,6929999872.0,693.0,,,,,,0.72
27.09.2026 at 02:56 PM IST,APOLLOPIPE,Apollo Pipes Limited,Industrials,Building Products & Equipment,22462556160.0,2246.26,,37.13,2.75,13.87,,,-4.0,-0.82,27.81,7.4,,,,823417024.0,82.34,1238695040.0,123.87,,,,,14.0,0.12
27.09.2026 at 02:56 PM IST,COCKERILL,John Cockerill India Limited,Industrials,Metal Fabrication,,,909.26,,-41.06,,7.95,1.62,-10.32,0.81,52.97,263.6,,1.01,0.92,3826884096.0,382.69,467595008.0,46.76,3483486976.0,348.35,2268749056.0,226.87,9.0,0.89
27.09.2026 at 02:56 PM IST,SUPERHOUSE,Superhouse Limited,Consumer Cyclical,Footwear & Accessories,1815927808.0,181.59,22.08,,0.38,37.1,,,3.38,1.06,45.76,0.1,,,,174427008.0,17.44,1814878976.0,181.49,,,,,49.0,0.35
27.09.2026 at 02:56 PM IST,HIRECT,Hirect Limited,Industrials,Electrical Equipment & Parts,41690091520.0,4169.01,100.99,,19.99,118.87,,,3.29,4.0,26.44,20.3,-26.7,,,39140000.0,3.91,2446439936.0,244.64,,,,,12.0,0.3
27.09.2026 at 02:56 PM IST,SHIVATEX,Shiva Texyarn Limited,Consumer Cyclical,Textile Manufacturing,2304467968.0,230.45,22.64,,1.5,50.44,,,5.39,2.84,48.23,-3.1,-24.3,,,69343000.0,6.93,732630016.0,73.26,,,,,36.0,0.66
27.09.2026 at 02:56 PM IST,SEJALLTD,Sejal Glass Limited,Industrials,Building Products & Equipment,8004127744.0,800.41,23.7,,5.14,133.12,,,10.08,7.21,40.87,52.9,39.7,,,149844992.0,14.98,2024523008.0,202.45,,,,,,0.05
27.09.2026 at 02:56 PM IST,GODREJIND,Godrej Industries Limited,Industrials,Conglomerates,372321484800.0,37232.15,31.64,,3.33,222.41,,,8.1,4.76,40.59,-4.7,-18.6,,,112279003136.0,11227.9,515644096512.0,51564.41,,,,,,0.61
27.09.2026 at 02:56 PM IST,TCC,TCC Concept Limited,,,,,,,0.73,17.69,,,15.69,23.06,75.08,480.2,-7.2,,,795822976.0,79.58,2910500096.0,291.05,,,,,,0.18
27.09.2026 at 02:56 PM IST,BHARATFORG,Bharat Forge Limited,Industrials,Metal Fabrication,981250670592.0,98125.07,135.13,41.67,10.02,76.47,,,9.62,4.03,53.26,18.7,,,,23854880768.0,2385.49,73086148608.0,7308.61,,,,,42.0,0.52
27.09.2026 at 02:56 PM IST,PATINTLOG,Patel Integrated Logistics Limited,Industrials,Integrated Freight & Logistics,872284288.0,87.23,9.06,,0.76,5.07,,,1.64,2.66,4.78,46.0,50.0,,,307492992.0,30.75,62554000.0,6.26,,,,,1.47,0.68
27.09.2026 at 02:56 PM IST,BELLACASA,Bella Casa Fashion & Retail Limited,Consumer Cyclical,Textile Manufacturing,3681294848.0,368.13,20.49,,2.15,47.05,,,3.81,4.02,12.18,33.4,-46.2,,,321188992.0,32.12,786212992.0,78.62,,,,,83.0,0.46
27.09.2026 at 02:56 PM IST,KIRLOSENG,Kirloskar Oil Engines Limited,Industrials,Specialty Industrial Machinery,311005020160.0,31100.5,57.14,37.46,8.58,154.86,,,12.59,6.87,41.31,13.4,-19.9,,,15692999680.0,1569.3,55365898240.0,5536.59,,,,,33.0,0.72
27.09.2026 at 02:56 PM IST,GOODYEAR,Goodyear India Limited,Consumer Cyclical,Auto Parts,16326473728.0,1632.65,30.3,,2.69,4.45,,,-0.34,2.08,27.16,18.0,-53.9,,,2313400064.0,231.34,269500000.0,26.95,,,,,3.74,0.33
27.09.2026 at 02:56 PM IST,IFCI,IFCI Limited,Financial Services,Credit Services,199244529664.0,19924.45,112.05,21.01,2.19,22.72,,,24.12,12.7,91.63,-6.3,-20.0,,,71021395968.0,7102.14,35230199808.0,3523.02,,,,,,0.6
27.09.2026 at 02:56 PM IST,IGIL,International Gemological Institute Limited,Basic Materials,Other Precious Metals & Mining,142850375680.0,14285.04,27.92,18.66,9.6,9.59,,,56.6,44.74,77.01,23.2,32.0,,,5991399936.0,599.14,1427600000.0,142.76,,,,,1.54,
27.09.2026 at 02:56 PM IST,XCHANGING,Xchanging Solutions Limited,Technology,Information Technology Services,6842415616.0,684.24,11.25,,1.72,17.95,,,33.54,29.43,40.29,7.3,9.7,,,3117199872.0,311.72,711100032.0,71.11,,,,,3.26,0.77
27.09.2026 at 02:56 PM IST,MODINATUR,Modi Naturals Limited,Consumer Defensive,Packaged Foods,4506876928.0,450.69,8.61,,2.62,93.66,,,12.38,7.27,24.52,0.4,19.9,,,18258000.0,1.83,1612140032.0,161.21,,,,,,0.18
27.09.2026 at 02:56 PM IST,ZENTEC,Zen Technologies Limited,Industrials,Aerospace & Defense,151319494656.0,15131.95,84.04,32.12,8.42,0.95,,,21.79,26.85,69.64,-10.5,-27.9,,,3547316992.0,354.73,185174000.0,18.52,,,,,6.0,0.07
27.09.2026 at 02:56 PM IST,BATLIBOI,Batliboi Limited,Industrials,Specialty Industrial Machinery,3947691264.0,394.77,42.01,,1.71,37.08,,,1.05,1.88,35.34,80.2,,,,368704992.0,36.87,858112000.0,85.81,,,,,72.0,1.2
27.09.2026 at 02:56 PM IST,GAUDIUMIVF,Gaudium IVF and Women Health Limited,Healthcare,Medical Care Facilities,8386504192.0,838.65,36.23,,4.72,16.13,,,8.79,21.85,51.38,9.1,-50.0,,,87857000.0,8.79,245702000.0,24.57,,,,,,
27.09.2026 at 02:56 PM IST,MUTHOOTFIN,Muthoot Finance Limited,Financial Services,Credit Services,1138163187712.0,113816.32,10.01,8.88,2.8,393.56,31.74,6.4,74.57,55.5,100.0,35.3,38.8,106.85,106.85,161639219200.0,16163.92,1624182226944.0,162418.22,,,,,1.06,0.52
27.09.2026 at 02:56 PM IST,AERONEU,Aeroflex Neu Limited,Consumer Cyclical,Packaging & Containers,2069355136.0,206.94,286.5,,1.99,22.95,,,0.29,0.74,38.31,-4.9,-93.5,,,175826000.0,17.58,241471008.0,24.15,,,,,,0.26
27.09.2026 at 02:56 PM IST,RETAIL,JHS Svendgaard Retail Ventures Limited,Consumer Defensive,Grocery Stores,164584272.0,16.46,,,0.82,39.83,,,2.05,-0.33,42.17,21.5,,,,71103000.0,7.11,101634000.0,10.16,,,,,,1.52
27.09.2026 at 02:56 PM IST,HCC,Hindustan Construction Company Limited,Industrials,Engineering & Construction,55689891840.0,5568.99,30.81,31.26,2.62,47.91,,,9.93,4.28,35.55,-9.0,-30.4,,,5991399936.0,599.14,10191500288.0,1019.15,,,,,,0.69
27.09.2026 at 02:56 PM IST,HALDER,Halder Venture Limited,Consumer Defensive,Farm Products,3003187712.0,300.32,11.48,,1.68,197.41,,,6.88,4.37,14.66,81.3,12.9,,,215670000.0,21.57,3607066880.0,360.71,,,,,,-0.33
27.09.2026 at 02:56 PM IST,EXICOM,Exicom Tele-Systems Limited,Industrials,Electrical Equipment & Parts,22390454272.0,2239.05,,,3.33,109.47,,,-18.35,-20.37,31.03,61.2,,,,642739008.0,64.27,7129992192.0,713.0,,,,,,1.82
27.09.2026 at 02:56 PM IST,RITCO,Ritco Logistics Limited,Industrials,Integrated Freight & Logistics,8134024704.0,813.4,25.08,,2.24,132.24,,,3.22,2.1,8.24,3.0,-38.7,,,274609984.0,27.46,4738757120.0,473.88,,,,,,-0.15
27.09.2026 at 02:56 PM IST,NIVABUPA,Niva Bupa Health Insurance Company Limited,Financial Services,Insurance - Life,142774075392.0,14277.41,72.82,22.78,3.72,6.8,12.14,,7.81,4.81,11.25,27.9,89.7,1358.16,114.67,784000000.0,78.4,2607899904.0,260.79,,,12084599808.0,1208.46,,
27.09.2026 at 02:56 PM IST,IREDA,Indian Renewable Energy Development Agency Limited,Financial Services,Credit Services,318061182976.0,31806.12,16.11,11.49,2.31,565.67,,,85.36,69.25,99.7,23.7,33.0,,,15521999872.0,1552.2,779800805376.0,77980.08,,,,,1.32,0.03
27.09.2026 at 02:56 PM IST,HBSL,HB Stockholdings Limited,Financial Services,Capital Markets,400280256.0,40.03,,,0.51,14.12,,,88.79,0.0,99.37,-0.1,6.6,,,408968992.0,40.9,110886000.0,11.09,,,,,2.02,1.19
27.09.2026 at 02:56 PM IST,HEXT,Hexaware Technologies Limited,Technology,Information Technology Services,302883700736.0,30288.37,22.78,17.82,4.51,10.18,21.47,11.84,13.74,9.32,40.67,17.9,-12.5,1.43,1.12,16538999808.0,1653.9,6830000128.0,683.0,14712625152.0,1471.26,16753999872.0,1675.4,2.87,
27.09.2026 at 02:56 PM IST,CEINSYS,Ceinsys Tech Limited,Industrials,Engineering & Construction,14393594880.0,1439.36,10.36,,1.87,8.43,,,22.64,20.05,34.04,0.8,-9.5,,,136700000.0,13.67,567400000.0,56.74,,,,,51.0,-0.25
27.09.2026 at 02:56 PM IST,WEWORK,WeWork India Management Limited,Real Estate,Real Estate Services,90619756544.0,9061.98,107.5,33.54,29.42,1854.96,,,22.69,3.25,99.15,27.7,,,,3184689920.0,318.47,55502979072.0,5550.3,,,,,,
27.09.2026 at 02:56 PM IST,INTERARCH,Interarch Building Solutions Limited,Industrials,Engineering & Construction,28920248320.0,2892.02,21.55,16.0,3.27,1.99,,,7.7,6.8,36.1,20.7,-0.7,,,953428992.0,95.34,175346000.0,17.53,,,,,73.0,0.34
27.09.2026 at 02:56 PM IST,RAMBHAJO,Advit Jewels Limited,Consumer Cyclical,Luxury Goods,,,38.16,,9.68,78.76,,,31.87,20.75,35.54,37.0,32.6,,,2625000.0,0.26,729246016.0,72.92,,,,,,
27.09.2026 at 02:56 PM IST,SAIPARENT,Sai Parenteral's Limited,Healthcare,Drug Manufacturers - General,22264125440.0,2226.41,113.76,,3.36,49.06,,,8.62,3.95,37.94,435.1,15.27,,,4169659904.0,416.97,2429080064.0,242.91,,,,,,
27.09.2026 at 02:56 PM IST,BLKASHYAP,B.L. Kashyap and Sons Limited,Industrials,Engineering & Construction,12234674176.0,1223.47,1808.67,51.68,2.3,56.78,,,7.07,0.05,17.8,2.6,-8.3,,,433904992.0,43.39,2991156992.0,299.12,,,,,,0.32
27.09.2026 at 02:56 PM IST,AUTOAXLES,Automotive Axles Limited,Consumer Cyclical,Auto Parts,25838454784.0,2583.85,14.84,12.38,2.35,1.28,,,9.94,7.9,31.96,5.6,27.6,,,4374000128.0,437.4,140680000.0,14.07,,,,,1.87,0.54
27.09.2026 at 02:56 PM IST,FIEMIND,Fiem Industries Limited,Consumer Cyclical,Auto Parts,51731292160.0,5173.13,19.68,14.74,4.26,5.39,,,10.99,9.03,38.68,18.5,12.8,,,2794105088.0,279.41,655508992.0,65.55,,,,,2.04,0.46
27.09.2026 at 02:56 PM IST,MODTHREAD,Modern Threads (India) Limited,Consumer Cyclical,Textile Manufacturing,1645560576.0,164.56,9.1,,,,,,0.0,0.0,0.0,,,,,,,,,,,,,,
27.09.2026 at 02:56 PM IST,INDUSTOWER,Indus Towers Limited,Communication Services,Telecom Services,988027879424.0,98802.79,13.81,12.26,2.39,51.79,18.91,9.73,31.21,21.78,55.94,4.6,0.6,1.84,1.32,73557999616.0,7355.8,214324002816.0,21432.4,37768249344.0,3776.82,155129004032.0,15512.9,3.74,0.05
27.09.2026 at 02:56 PM IST,INDIANB,Indian Bank,Financial Services,Banks - Regional,1120673988608.0,112067.4,8.76,7.58,1.34,,16.17,1.34,48.04,36.41,0.0,10.3,47.5,,,599759978496.0,59976.0,482530000896.0,48253.0,,,,,2.19,0.28
27.09.2026 at 02:56 PM IST,VEEDOL,Veedol Corporation Limited,Basic Materials,Specialty Chemicals,23680638976.0,2368.06,10.77,,2.29,1.53,,,14.81,9.72,40.98,18.5,56.9,,,2252800000.0,225.28,158900000.0,15.89,,,,,4.16,0.55
27.09.2026 at 02:56 PM IST,KIRLOSIND,Kirloskar Industries Limited,Industrials,Metal Fabrication,594131615744.0,59413.16,24.88,,0.6,13.28,,,9.22,2.16,44.05,4.3,-23.0,,,3222500096.0,322.25,11086199808.0,1108.62,,,,,36.0,0.39
27.09.2026 at 02:56 PM IST,SUPREMEIND,The Supreme Industries Limited,Industrials,Building Products & Equipment,451140354048.0,45114.04,43.67,33.88,7.31,1.47,,,10.14,9.12,32.69,4.2,38.7,,,6488399872.0,648.84,908400000.0,90.84,,,,,1.01,0.18
27.09.2026 at 02:56 PM IST,TIMETECHNO,Time Technoplast Limited,Consumer Cyclical,Packaging & Containers,89456607232.0,8945.66,16.04,12.94,2.19,17.61,,,10.3,7.59,28.09,25.1,12.2,,,5795200000.0,579.52,7334499840.0,733.45,,,,,83.0,0.21
27.09.2026 at 02:56 PM IST,SCHNEIDER,Schneider Electric Infrastructure Limited,Industrials,Electrical Equipment & Parts,289196310528.0,28919.63,156.27,50.61,37.3,70.8,,,3.87,6.29,36.3,4.8,-69.8,,,3578500096.0,357.85,5482500096.0,548.25,,,,,,0.43
27.09.2026 at 02:56 PM IST,RHL,Robust Hotels Limited,Consumer Cyclical,Lodging,2963969792.0,296.4,11.06,,0.4,20.43,,,19.98,18.0,75.11,1.8,51.9,,,202154000.0,20.22,1516391936.0,151.64,,,,,,0.35
27.09.2026 at 02:56 PM IST,THOMASCOTT,Thomas Scott (India) Limited,Consumer Cyclical,Textile Manufacturing,3693330176.0,369.33,17.09,,2.58,33.82,,,12.01,7.97,52.95,22.1,48.4,,,2774000.0,0.28,464424992.0,46.44,,,,,,0.18
27.09.2026 at 02:56 PM IST,NIACL,The New India Assurance Company Limited,Financial Services,Insurance - Diversified,291036823552.0,29103.68,38.64,9.13,0.76,,,,-1.65,1.49,17.72,1.5,,,,219491500032.0,21949.15,0.0,0.0,,,,,85.0,1.11
27.09.2026 at 02:56 PM IST,HTMEDIA,HT Media Limited,Communication Services,Publishing,5565560320.0,556.56,11.97,2.17,0.34,38.15,,,2.45,-0.54,53.83,6.1,,,,12794099712.0,1279.41,7664300032.0,766.43,,,,,,0.29
27.09.2026 at 02:56 PM IST,RAILTEL,RailTel Corporation of India Limited,Communication Services,Telecom Services,83492126720.0,8349.21,24.16,17.52,3.69,2.82,16.25,5.09,10.98,8.1,16.12,27.6,25.2,1.32,1.23,7636199936.0,763.62,637200000.0,63.72,-856887488.0,-85.69,3164499968.0,316.45,1.25,0.71
27.09.2026 at 02:56 PM IST,KAYNES,Kaynes Technology India Limited,Technology,Electronic Components,245362081792.0,24536.21,71.32,40.61,5.26,19.17,,,11.69,8.87,33.4,40.5,-0.4,,,7985909760.0,798.59,9128729600.0,912.87,,,,,,-0.16
27.09.2026 at 02:56 PM IST,BCG,Brightcom Group Limited,Communication Services,Advertising Agencies,19276883968.0,1927.69,1.9,,0.18,,,,21.52,14.02,33.37,20.4,25.0,,,14155055104.0,1415.51,0.0,0.0,,,,,,0.54
27.09.2026 at 02:56 PM IST,UTIAMC,UTI Asset Management Company Limited,Financial Services,Asset Management,115924000768.0,11592.4,25.19,15.77,2.57,3.13,,,63.32,26.58,67.28,6.7,24.0,,,40844701696.0,4084.47,1409299968.0,140.93,,,,,4.44,0.4
27.09.2026 at 02:56 PM IST,SAYAJIHOTL,Sayaji Hotels Limited,Consumer Cyclical,Lodging,5728378368.0,572.84,,,3.69,81.22,,,-8.19,-0.67,34.23,-43.7,,,,74617000.0,7.46,1261616000.0,126.16,,,,,,-0.37
27.09.2026 at 02:56 PM IST,DIGIDRIVE,Digidrive Distributors Limited,Consumer Cyclical,Internet Retail,709153216.0,70.92,12.26,,0.26,0.32,,,1.17,12.29,41.0,6.8,,,,169200000.0,16.92,8700000.0,0.87,,,,,,0.8
27.09.2026 at 02:56 PM IST,TIMKEN,Timken India Limited,Industrials,Tools & Accessories,241158799360.0,24115.88,56.5,38.3,8.27,0.5,,,15.51,11.84,38.15,16.6,14.8,,,3191950080.0,319.2,145620000.0,14.56,,,,,8.0,0.39
27.09.2026 at 02:56 PM IST,JSLL,Jeena Sikho Lifecare Limited,Healthcare,Medical Care Facilities,63175843840.0,6317.58,26.78,14.2,13.53,27.26,,,34.17,27.78,88.39,28.8,28.4,,,2039462016.0,203.95,1272976000.0,127.3,,,,,89.0,1.03
27.09.2026 at 02:56 PM IST,KIMS,Krishna Institute of Medical Sciences Limited,Healthcare,Medical Care Facilities,327668072448.0,32766.81,151.49,46.14,13.89,166.23,,,10.39,4.85,59.32,35.3,-46.9,,,705000000.0,70.5,42529001472.0,4252.9,,,,,,0.29
27.09.2026 at 02:56 PM IST,JUBLINGREA,Jubilant Ingrevia Limited,Basic Materials,Specialty Chemicals,103477821440.0,10347.78,33.78,21.71,3.32,25.33,,,11.39,6.64,38.5,25.3,40.6,,,1899299968.0,189.93,7918099968.0,791.81,,,,,76.0,0.27
27.09.2026 at 02:56 PM IST,AARON,Aaron Industries Limited,Industrials,Specialty Industrial Machinery,2599667456.0,259.97,38.31,,5.35,57.08,,,16.08,8.54,35.54,27.0,141.6,,,115000.0,0.01,277476000.0,27.75,,,,,40.0,0.14
27.09.2026 at 02:56 PM IST,DEVX,Dev Accelerator Limited,Real Estate,Real Estate Services,3403911424.0,340.39,28.55,,2.1,199.51,,,23.43,4.53,72.49,-3.3,7.0,,,553043008.0,55.3,3704083968.0,370.41,,,,,,
27.09.2026 at 02:56 PM IST,STEELCITY,Steel City Securities Limited,Financial Services,Capital Markets,1220955392.0,122.1,7.18,,0.88,7.16,,,43.71,24.13,98.13,27.3,66.7,,,40994000.0,4.1,98785000.0,9.88,,,,,4.95,0.23
27.09.2026 at 02:56 PM IST,ASTRAMICRO,Astra Microwave Products Limited,Technology,Communication Equipment,154038779904.0,15403.88,81.98,49.91,11.72,21.88,,,11.99,16.59,51.09,-11.5,-24.6,,,2528466944.0,252.85,2876673024.0,287.67,,,,,15.0,0.49
27.09.2026 at 02:56 PM IST,ITCHOTELS,ITC Hotels Limited,Consumer Cyclical,Resorts & Casinos,337248124928.0,33724.81,39.11,27.71,2.89,0.63,,,20.09,20.28,61.83,14.8,35.9,,,15916999680.0,1591.7,741900032.0,74.19,,,,,62.0,
27.09.2026 at 02:56 PM IST,RHIM,RHI Magnesita India Limited,Industrials,Metal Fabrication,79802474496.0,7980.25,,21.77,2.24,12.6,,,8.68,-8.68,39.98,5.6,121.6,,,3907262976.0,390.73,4484449792.0,448.44,,,,,65.0,0.36
27.09.2026 at 02:56 PM IST,NATIONALUM,National Aluminium Company Limited,Basic Materials,Aluminum,658799853568.0,65879.99,9.76,9.24,3.05,0.28,,,47.62,34.91,71.34,39.3,91.1,,,87006699520.0,8700.67,598300032.0,59.83,,,,,1.12,0.71
27.09.2026 at 02:56 PM IST,JARO,Jaro Institute of Technology Management and Research Limited,Consumer Defensive,Education & Training Services,9864668160.0,986.47,16.72,,2.68,2.16,,,18.48,19.92,99.4,16.6,41.4,,,944264000.0,94.43,77805000.0,7.78,,,,,1.35,
27.09.2026 at 02:56 PM IST,ORIENTALTL,Oriental Trimex Limited,Industrials,Building Products & Equipment,366801216.0,36.68,17.82,,0.23,2.87,,,12.96,7.38,27.76,363.9,36.4,,,15810000.0,1.58,28664000.0,2.87,,,,,,1.06
27.09.2026 at 02:56 PM IST,VSTTILLERS,V.S.T. Tillers Tractors Limited,Industrials,Farm & Heavy Construction Machinery,38706364416.0,3870.64,35.6,23.42,3.66,0.17,,,11.12,8.57,31.36,11.0,9.5,,,6644673024.0,664.47,19099000.0,1.91,,,,,56.0,0.41
27.09.2026 at 02:56 PM IST,BALKRISIND,Balkrishna Industries Limited,Consumer Cyclical,Auto Parts,422456066048.0,42245.61,30.03,21.68,3.86,37.52,,,15.57,12.2,50.29,25.2,56.4,,,13884000256.0,1388.4,41108201472.0,4110.82,,,,,73.0,0.35
27.09.2026 at 02:56 PM IST,MAFATIND,Mafatlal Industries Limited,Consumer Cyclical,Textile Manufacturing,8439160320.0,843.92,14.31,,1.09,8.24,,,1.49,1.65,11.31,-24.0,-67.9,,,1312800000.0,131.28,635699968.0,63.57,,,,,2.14,-0.13
27.09.2026 at 02:56 PM IST,GMRP&UI,GMR Power And Urban Infra Limited,Energy,Thermal Coal,80194879488.0,8019.49,13.16,8.7,4.21,549.82,,,17.16,7.67,37.3,3.4,,,,17596999680.0,1759.7,115935797248.0,11593.58,,,,,,0.8
27.09.2026 at 02:56 PM IST,MEDIASSIST,Medi Assist Healthcare Services Limited,Healthcare,Healthcare Plans,23893383168.0,2389.34,25.22,17.67,2.78,6.38,,,11.06,9.8,56.09,24.1,17.4,,,2390929920.0,239.09,543980032.0,54.4,,,,,63.0,1.08
27.09.2026 at 02:56 PM IST,INDIGO,InterGlobe Aviation Limited,Industrials,Airlines,1910132965376.0,191013.3,,21.24,27.39,1112.71,,,1.54,-5.4,30.98,19.9,,,,497430986752.0,49743.1,777491972096.0,77749.2,,,,,19.0,0.62
27.09.2026 at 02:56 PM IST,INA,Insolation Energy Limited,Technology,Solar,19928850432.0,1992.89,9.93,,2.48,109.83,,,7.46,7.7,18.7,104.7,-11.7,,,5209383936.0,520.94,8879167488.0,887.92,,,,,,0.38
27.09.2026 at 02:56 PM IST,HERANBA,Heranba Industries Limited,Basic Materials,Agricultural Inputs,7506526720.0,750.65,,,0.99,74.83,,,7.09,-4.94,33.53,-15.3,16.3,,,327900000.0,32.79,5760500224.0,576.05,,,,,61.0,0.51
27.09.2026 at 02:56 PM IST,SPMLINFRA,SPML Infra Limited,Industrials,Engineering & Construction,13957105664.0,1395.71,15.68,,1.4,37.76,,,9.25,8.55,18.09,82.3,87.5,,,1667511040.0,166.75,3580687104.0,358.07,,,,,,0.58
27.09.2026 at 02:56 PM IST,AXISBANK,Axis Bank Limited,Financial Services,Banks - Regional,3806032560128.0,380603.26,13.75,10.4,1.7,,13.35,1.54,49.18,36.03,0.0,14.0,21.8,,,1355972476928.0,135597.25,2852579704832.0,285257.97,,,,,8.0,0.42
27.09.2026 at 02:56 PM IST,BCLIND,BCL Industries Limited,Consumer Defensive,Beverages - Wineries & Distilleries,9952908288.0,995.29,8.54,,1.09,59.84,,,8.8,4.51,25.63,-26.4,-26.0,,,1975438976.0,197.54,5691612160.0,569.16,,,,,1.04,0.61
27.09.2026 at 02:56 PM IST,ONGC,Oil and Natural Gas Corporation Limited,Energy,Oil & Gas Integrated,2967184605184.0,296718.46,6.82,5.66,0.8,42.55,,,2.93,6.18,35.33,25.7,21.4,,,352858701824.0,35285.87,1743164932096.0,174316.49,,,,,6.15,0.1
27.09.2026 at 02:56 PM IST,PALASHSECU,Palash Securities Limited,Consumer Defensive,Packaged Foods,889475840.0,88.95,5.5,,0.18,0.02,,,39.65,26.74,71.04,-97.1,,,,98548000.0,9.85,1000000.0,0.1,,,,,,0.21
27.09.2026 at 02:56 PM IST,FINKURVE,Finkurve Financial Services Limited,Financial Services,Credit Services,9713379328.0,971.34,33.48,,2.79,244.29,,,22.92,18.42,51.91,73.5,55.3,,,1021219008.0,102.12,8471453184.0,847.15,,,,,,0.34
27.09.2026 at 02:56 PM IST,NIBE,Nibe Limited,Industrials,Conglomerates,19553937408.0,1955.39,,,5.26,33.61,,,-21.95,-1.6,27.91,-23.6,,,,477807008.0,47.78,1196566016.0,119.66,,,,,10.0,0.15
27.09.2026 at 02:56 PM IST,GTECJAINX,G-Tec Jainx Education Limited,Consumer Defensive,Education & Training Services,270214880.0,27.02,,,55.71,238.1,,,13.34,-9.64,71.67,-11.5,107.1,,,1690000.0,0.17,10474000.0,1.05,,,,,,0.02
27.09.2026 at 02:56 PM IST,DOLATALGO,Dolat Algotech Limited,Financial Services,Capital Markets,11876481024.0,1187.65,8.25,,1.05,25.08,,,59.85,36.96,100.0,28.8,39.1,,,82770000.0,8.28,2837120000.0,283.71,,,,,15.0,0.08
27.09.2026 at 02:56 PM IST,MCL,M Tek Copper Limited,Basic Materials,Copper,1611196672.0,161.12,35.98,,3.21,82.89,,,3.31,1.67,9.5,73.7,2.6,,,4662000.0,0.47,416105984.0,41.61,,,,,,0.42
27.09.2026 at 02:56 PM IST,DEEPAKNTR,Deepak Nitrite Limited,Basic Materials,Chemicals,216469389312.0,21646.94,27.64,25.58,3.71,27.9,,,18.49,9.14,26.05,36.4,207.4,,,4621000192.0,462.1,16377199616.0,1637.72,,,,,47.0,0.45
27.09.2026 at 02:56 PM IST,TRAVELFOOD,Travel Food Services Limited,Consumer Cyclical,Restaurants,159803932672.0,15980.39,33.67,28.53,11.08,16.72,,,26.62,27.59,69.61,20.6,38.1,,,8355689984.0,835.57,2447889920.0,244.79,,,,,84.0,
27.09.2026 at 02:56 PM IST,COMPUSOFT,Compucom Software Limited,Consumer Defensive,Education & Training Services,1043661120.0,104.37,36.64,,0.72,34.17,,,-6.1,8.68,50.84,-8.1,0.0,,,400127008.0,40.01,485752000.0,48.58,,,,,1.9,0.58
27.09.2026 at 02:56 PM IST,PINELABS,Pine Labs Limited,Technology,Software - Infrastructure,203893997568.0,20389.4,161.99,38.93,3.42,7.47,,,3.08,4.49,37.04,19.6,264.4,,,82259197952.0,8225.92,4406499840.0,440.65,,,,,,
27.09.2026 at 02:56 PM IST,RPSGVENT,RPSG Ventures Limited,Technology,Information Technology Services,27703248896.0,2770.32,,,1.11,188.64,,,16.99,-1.09,44.51,20.4,9.6,,,9880000512.0,988.0,82650103808.0,8265.01,,,,,,0.05
27.09.2026 at 02:56 PM IST,JHS,JHS Svendgaard Laboratories Limited,Consumer Defensive,Household & Personal Products,736830656.0,73.68,,5.58,0.42,8.5,,,1.14,-1.7,35.67,24.6,0.0,,,190996000.0,19.1,148512992.0,14.85,,,,,,0.62
27.09.2026 at 02:56 PM IST,DIAMINESQ,Diamines and Chemicals Limited,Basic Materials,Chemicals,2496282624.0,249.63,,,1.59,5.2,,,-3.72,-24.81,41.72,17.3,,,,327457984.0,32.75,81857000.0,8.19,,,,,41.0,0.29
27.09.2026 at 02:56 PM IST,TEAMGTY,Team India Guaranty Limited,Financial Services,Asset Management,2171395840.0,217.14,199.55,,4.8,,,,26.42,15.54,96.84,124.5,67.7,,,48083000.0,4.81,0.0,0.0,,,,,,0.41
27.09.2026 at 02:56 PM IST,ASIANPAINT,Asian Paints Limited,Basic Materials,Specialty Chemicals,2342926680064.0,234292.67,49.26,40.34,10.97,17.85,,,17.69,12.81,43.53,17.9,39.9,,,86016401408.0,8601.64,39289298944.0,3928.93,,,,,1.13,0.28
27.09.2026 at 02:56 PM IST,AFFORDABLE,Affordable Robotic & Automation Limited,Industrials,Specialty Industrial Machinery,2112459520.0,211.25,32.77,,1.82,67.07,,,-35.25,5.33,42.82,-41.2,,,,70393000.0,7.04,740128000.0,74.01,,,,,,0.29
27.09.2026 at 02:56 PM IST,HONDAPOWER,Honda India Power Products Limited,Industrials,Specialty Industrial Machinery,19426009088.0,1942.6,29.5,,2.42,0.12,,,4.09,7.32,41.55,22.2,17.0,,,794300032.0,79.43,9900000.0,0.99,,,,,7.73,0.76
27.09.2026 at 02:56 PM IST,COLPAL,Colgate-Palmolive (India) Limited,Consumer Defensive,Household & Personal Products,504750964736.0,50475.1,37.45,31.75,31.86,2.99,,,27.68,21.72,68.93,11.8,7.0,,,14260400128.0,1426.04,474100000.0,47.41,,,,,2.59,0.5
27.09.2026 at 02:56 PM IST,NAVKARCORP,Navkar Corporation Limited,Industrials,Integrated Freight & Logistics,13277296640.0,1327.73,33.16,6.98,0.68,9.05,,,10.22,5.38,21.51,38.3,412.5,,,187504000.0,18.75,1772952960.0,177.3,,,,,,0.4
27.09.2026 at 02:56 PM IST,WAAREERTL,Waaree Renewable Technologies Limited,Industrials,Engineering & Construction,86937452544.0,8693.75,17.11,,13.19,15.6,,,18.15,13.91,21.83,53.2,34.1,,,3814394880.0,381.44,1456585984.0,145.66,,,,,,0.48
27.09.2026 at 02:56 PM IST,MAHLIFE,Mahindra Lifespace Developers Limited,Real Estate,Real Estate - Development,76217573376.0,7621.76,22.77,20.24,2.1,18.26,12.04,,9.3,15.76,13.41,29.09,36.5,,,5844769792.0,584.48,6622838784.0,662.28,,,,,98.0,0.13
27.09.2026 at 02:56 PM IST,SAKUMA,Sakuma Exports Limited,Consumer Defensive,Farm Products,2618089984.0,261.81,23.86,1.42,0.35,1.18,,,0.05,0.64,4.51,-11.3,70.5,,,1477021056.0,147.7,88005000.0,8.8,,,,,,0.61
27.09.2026 at 02:56 PM IST,PSPPROJECT,PSP Projects Limited,Industrials,Engineering & Construction,31977052160.0,3197.71,43.49,16.08,2.53,26.13,,,3.72,2.11,14.92,64.8,41.09,,,4154802944.0,415.48,3302799872.0,330.28,,,,,,0.55
27.09.2026 at 02:56 PM IST,VASCONEQ,Vascon Engineers Limited,Industrials,Engineering & Construction,8074154496.0,807.42,27.81,,0.7,26.09,4.36,1.32,3.89,5.16,13.05,-34.7,-83.8,1.95,0.89,1033731968.0,103.37,2996762880.0,299.68,-1871617792.0,-187.16,-1224888064.0,-122.49,,0.64
27.09.2026 at 02:56 PM IST,SRM,SRM Contractors Limited,Industrials,Engineering & Construction,9552324608.0,955.23,8.1,,2.57,32.63,,,14.23,10.93,38.14,37.8,54.5,,,1840728064.0,184.07,1347470976.0,134.75,,,,,,0.53
27.09.2026 at 02:56 PM IST,NCLIND,NCL Industries Limited,Basic Materials,Building Materials,8108429824.0,810.84,6.8,5.82,0.82,31.94,,,8.45,6.32,51.31,1.5,-14.3,,,101290000.0,10.13,3002649088.0,300.26,,,,,2.23,0.17
27.09.2026 at 02:56 PM IST,RUSTOMJEE,Keystone Realtors Limited,Real Estate,Real Estate - Development,46269698048.0,4626.97,39.66,12.48,1.62,51.27,,,16.34,4.15,22.14,72.2,266.7,,,8860499968.0,886.05,14840000512.0,1484.0,,,,,38.0,0.14
27.09.2026 at 02:56 PM IST,ECOSMOBLTY,Ecos (India) Mobility & Hospitality Limited,Industrials,Rental & Leasing Services,6505200128.0,650.52,11.05,9.35,2.45,2.94,,,7.42,7.01,26.34,16.7,9.5,,,1372530048.0,137.25,77790000.0,7.78,,,,,2.2,1.36
27.09.2026 at 02:56 PM IST,BLS,BLS International Services Limited,Industrials,Specialty Business Services,92287975424.0,9228.8,13.12,10.43,3.75,15.47,,,24.78,22.21,38.27,25.3,10.8,,,15125404672.0,1512.54,4305752064.0,430.58,,,,,1.11,-0.21
27.09.2026 at 02:56 PM IST,SRF,SRF Limited,Industrials,Conglomerates,752871276544.0,75287.13,34.83,28.16,5.36,36.2,,,22.17,12.72,48.32,31.8,75.6,,,12392899584.0,1239.29,50827898880.0,5082.79,,,,,39.0,0.13
27.09.2026 at 02:56 PM IST,FDC,FDC Limited,Healthcare,Drug Manufacturers - Specialty & Generic,55518236672.0,5551.82,18.98,14.64,2.23,0.62,,,19.15,13.36,67.34,3.0,9.3,,,5227232768.0,522.72,154650000.0,15.46,,,,,2.93,0.19
27.09.2026 at 02:56 PM IST,CSBBANK,CSB Bank Limited,Financial Services,Banks - Regional,56554672128.0,5655.47,8.71,5.93,1.18,,,,30.64,24.1,0.0,16.9,26.5,,,40967999488.0,4096.8,71544397824.0,7154.44,,,,,,0.28
27.09.2026 at 02:56 PM IST,SHRIRAMFIN,Shriram Finance Limited,Financial Services,Credit Services,2339162030080.0,233916.2,17.55,13.85,2.84,276.21,18.5,,68.52,50.01,96.81,42.8,29.5,,,104298799104.0,10429.88,1820772663296.0,182077.27,,,,,1.39,0.61
27.09.2026 at 02:56 PM IST,CRIZAC,Crizac Limited,Consumer Defensive,Education & Training Services,31985049600.0,3198.5,14.52,11.72,5.47,0.31,,,28.08,21.32,29.44,-4.0,2.7,,,1650370048.0,165.04,18376000.0,1.84,,,,,8.75,
27.09.2026 at 02:56 PM IST,HINDCOPPER,Hindustan Copper Limited,Basic Materials,Copper,478338416640.0,47833.84,42.03,23.9,14.33,3.32,,,48.89,32.49,91.08,81.4,161.9,,,8096500224.0,809.65,1109200000.0,110.92,,,,,87.0,1.51
27.09.2026 at 02:56 PM IST,ARE&M,Amara Raja Energy & Mobility Limited,Industrials,Electrical Equipment & Parts,144946937856.0,14494.69,15.72,13.55,1.79,5.01,,,5.86,6.3,31.52,23.9,15.9,,,3635899904.0,363.59,4061600000.0,406.16,,,,,1.34,0.81
27.09.2026 at 02:56 PM IST,OLAELEC,Ola Electric Mobility Limited,Consumer Cyclical,Auto Manufacturers,170030841856.0,17003.08,,-12.87,5.08,82.45,,,-64.18,-92.61,32.66,-45.0,,,,15420000256.0,1542.0,27630000128.0,2763.0,,,,,,1.37
27.09.2026 at 02:56 PM IST,IITL,Industrial Investment Trust Limited,Financial Services,Credit Services,2872337408.0,287.23,,,0.72,0.53,,,89.97,0.0,0.0,72.9,48.9,,,257840992.0,25.78,22199000.0,2.22,,,,,,0.19
27.09.2026 at 02:56 PM IST,SDBL,Som Distilleries & Breweries Limited,Consumer Defensive,Beverages - Brewers,15459542016.0,1545.95,,12.71,1.97,25.86,,,2.48,-3.13,31.69,-49.3,-96.0,,,172622000.0,17.26,2118241024.0,211.82,,,,,,0.46
27.09.2026 at 02:56 PM IST,SWARAJENG,Swaraj Engines Limited,Consumer Cyclical,Auto Parts,43079774208.0,4307.98,21.32,19.67,8.81,0.42,,,12.07,9.56,20.88,21.5,11.1,,,1138182016.0,113.82,20486000.0,2.05,,,,,3.1,0.37
27.09.2026 at 02:56 PM IST,VLSFINANCE,VLS Finance Limited,Financial Services,Capital Markets,7522721280.0,752.27,14.84,,0.38,0.01,,,95.26,64.08,100.0,24.7,46.2,,,866283008.0,86.63,2994000.0,0.3,,,,,63.0,0.3
27.09.2026 at 02:56 PM IST,MIDWESTLTD,Midwest Limited,Basic Materials,Building Materials,33611479040.0,3361.15,30.31,13.98,3.35,19.66,,,20.85,15.97,60.13,34.8,25.0,,,2287719936.0,228.77,1924140032.0,192.41,,,,,,
27.09.2026 at 02:56 PM IST,MASTEK,Mastek Limited,Technology,Information Technology Services,49076891648.0,4907.69,11.82,10.26,1.59,14.65,,,13.5,11.09,46.54,7.7,15.0,,,9390999552.0,939.1,4382600192.0,438.26,,,,,1.52,0.21
27.09.2026 at 02:56 PM IST,SAMHI,SAMHI Hotels Limited,Consumer Cyclical,Lodging,35397439488.0,3539.74,6.16,13.02,2.31,81.1,,,22.07,39.35,76.7,12.1,51.5,,,1938749952.0,193.87,18543329280.0,1854.33,,,,,,0.79
27.09.2026 at 02:56 PM IST,SBGLP,Suratwwala Business Group Limited,Real Estate,Real Estate - Development,4083957248.0,408.4,9.94,,3.94,75.19,,,30.82,24.78,41.41,164.0,71.0,,,93496000.0,9.35,830124992.0,83.01,,,,,51.0,0.35
27.09.2026 at 02:56 PM IST,CSM,CSM Technologies Limited,Technology,Information Technology Services,5281615360.0,528.16,37.49,,3.86,69.94,,,-21.21,9.79,26.83,21.2,,,,91295000.0,9.13,721409024.0,72.14,,,,,49.0,
27.09.2026 at 02:56 PM IST,MARATHON,Marathon Nextgen Realty Limited,Real Estate,Real Estate - Development,27766923264.0,2776.69,13.45,,1.2,4.27,,,23.36,34.97,34.78,40.3,-33.5,,,4046190080.0,404.62,993849024.0,99.38,,,,,24.0,0.54
27.09.2026 at 02:56 PM IST,KEI,KEI Industries Limited,Industrials,Electrical Equipment & Parts,446789353472.0,44678.94,44.84,31.85,6.7,3.8,,,11.53,8.08,23.88,23.0,40.0,,,15126429696.0,1512.64,2530240000.0,253.02,,,,,10.0,0.54
27.09.2026 at 02:56 PM IST,DRREDDY,Dr. Reddy's Laboratories Limited,Healthcare,Drug Manufacturers - Specialty & Generic,1000419295232.0,100041.93,30.23,20.32,2.61,18.61,8.84,4.01,4.25,10.0,50.18,-5.6,-68.7,1.9,1.16,81426997248.0,8142.7,71951998976.0,7195.2,-3909625088.0,-390.96,41199001600.0,4119.9,67.0,0.24
27.09.2026 at 02:56 PM IST,IDBI,IDBI Bank Limited,Financial Services,Banks - Regional,907502813184.0,90750.28,9.73,17.22,1.28,,13.87,2.2,54.24,48.59,0.0,8.1,5.3,,,132829700096.0,13282.97,261809995776.0,26181.0,,,,,2.43,0.84
27.09.2026 at 02:56 PM IST,IOB,Indian Overseas Bank,Financial Services,Banks - Regional,615825735680.0,61582.57,10.73,35.53,1.58,,16.53,1.33,37.08,36.56,0.0,48.1,45.9,,,197357092864.0,19735.71,472398987264.0,47239.9,,,,,,0.24
27.09.2026 at 02:56 PM IST,VITAL,Vital Chemtech Limited,Basic Materials,Specialty Chemicals,1269408256.0,126.94,54.08,,1.25,61.91,,,8.41,1.83,25.1,51.5,163.4,,,8929000.0,0.89,618748032.0,61.87,,,,,,0.55
27.09.2026 at 02:56 PM IST,DRCSYSTEMS,DRC Systems India Limited,Technology,Information Technology Services,1828391936.0,182.84,8.69,,1.62,0.37,,,20.16,20.35,35.54,27.8,15.2,,,31220000.0,3.12,4170000.0,0.42,,,,,,0.61
27.09.2026 at 02:56 PM IST,IMFA,Indian Metals and Ferro Alloys Limited,Basic Materials,Other Industrial Metals & Mining,66385129472.0,6638.51,12.66,9.46,2.44,35.12,,,26.85,16.67,45.4,49.7,108.5,,,4154299904.0,415.43,9575400448.0,957.54,,,,,1.02,0.42
27.09.2026 at 02:56 PM IST,TATASTEEL,Tata Steel Limited,Basic Materials,Steel,2344797077504.0,234479.71,21.29,10.5,2.3,89.02,,,9.25,4.6,56.35,14.3,11.4,,,99790397440.0,9979.04,923818983424.0,92381.9,,,,,2.13,0.86
27.09.2026 at 02:56 PM IST,BBTC,The Bombay Burmah Trading Corporation Limited,Consumer Defensive,Packaged Foods,100136632320.0,10013.66,7.76,3.84,1.42,16.57,,,15.59,6.38,42.67,7.8,19.7,,,24376899584.0,2437.69,15904300032.0,1590.43,,,,,2.37,0.61
27.09.2026 at 02:56 PM IST,CREATIVEYE,Creative Eye Limited,Communication Services,Entertainment,124160568.0,12.42,,,0.82,45.36,,,12.01,0.0,-15.86,,,,,81077000.0,8.11,66843000.0,6.68,,,,,,0.14
27.09.2026 at 02:56 PM IST,XELPMOC,Xelpmoc Design and Tech Limited,Technology,Information Technology Services,1327349504.0,132.73,,,1.77,0.92,,,-208.21,-202.34,-84.48,22.5,,,,67101260.0,6.71,6898800.0,0.69,,,,,,0.98
27.09.2026 at 02:56 PM IST,SUMMITSEC,Summit Securities Limited,Financial Services,Capital Markets,15153658880.0,1515.37,12.61,,0.18,,,,96.97,76.06,99.97,48.5,74.8,,,97836810240.0,9783.68,0.0,0.0,,,,,,0.49
27.09.2026 at 02:56 PM IST,NDLVENTURE,NDL Ventures Limited,Communication Services,Entertainment,4030156288.0,403.02,520.39,,6.12,,,,-90.92,7.11,100.0,,-57.1,,,55322000.0,5.53,0.0,0.0,,,,,42.0,-0.4
27.09.2026 at 02:56 PM IST,KSOLVES,Ksolves India Limited,Technology,Software - Application,5894519296.0,589.45,15.87,,20.03,19.4,,,28.23,22.3,50.32,10.0,43.2,,,70775000.0,7.08,57000000.0,5.7,,,,,6.04,0.18
27.09.2026 at 02:56 PM IST,ELDEHSG,Eldeco Housing and Industries Limited,Real Estate,Real Estate Services,7527161344.0,752.72,20.2,,1.88,38.58,,,35.1,19.57,59.2,71.0,381.5,,,2612278016.0,261.23,1541771008.0,154.18,,,,,1.18,0.5
27.09.2026 at 02:56 PM IST,MEIL,Mangal Electrical Industries Limited,Industrials,Electrical Equipment & Parts,7482237440.0,748.22,14.39,,1.25,7.7,,,8.06,7.62,20.08,40.3,49.5,,,909196032.0,90.92,454305984.0,45.43,,,,,,
27.09.2026 at 02:56 PM IST,M&M,Mahindra & Mahindra Limited,Consumer Cyclical,Auto Manufacturers,3644313305088.0,364431.33,18.48,19.27,3.64,125.28,,,17.03,8.61,38.59,27.5,33.4,,,513403715584.0,51340.37,1371686043648.0,137168.6,,,,,1.09,0.28
27.09.2026 at 02:56 PM IST,AKASH,Akash Infra-Projects Limited,Industrials,Engineering & Construction,422237856.0,42.22,62.6,,0.5,108.17,,,2.98,0.69,26.54,84.5,10.0,,,54752000.0,5.48,923203008.0,92.32,,,,,,0.59
27.09.2026 at 02:56 PM IST,INCREDIBLE,Incredible Industries Limited,Basic Materials,Steel,1531045376.0,153.1,12.94,,0.92,21.82,,,2.71,1.41,8.06,-3.1,8.8,,,162751008.0,16.28,342884992.0,34.29,,,,,,0.29
27.09.2026 at 02:56 PM IST,MOSCHIP,MosChip Technologies Limited,Technology,Semiconductor Equipment & Materials,39790784512.0,3979.08,153.44,,9.68,21.56,,,2.99,4.72,12.94,-14.3,-77.8,,,1492785024.0,149.28,880950016.0,88.1,,,,,,1.27
27.09.2026 at 02:56 PM IST,ESABINDIA,ESAB India Limited,Industrials,Tools & Accessories,85077221376.0,8507.72,38.32,,19.81,0.78,,,17.7,14.07,41.49,19.6,37.1,,,1043000000.0,104.3,33500000.0,3.35,,,,,1.81,0.38
27.09.2026 at 02:56 PM IST,PATANJALI,Patanjali Foods Limited,Consumer Defensive,Packaged Foods,439448993792.0,43944.9,22.32,22.13,3.35,21.3,,,4.32,4.61,13.2,27.4,86.1,,,7882415104.0,788.24,27888263168.0,2788.83,,,,,100.0,-0.18
27.09.2026 at 02:56 PM IST,GANGESSECU,Ganges Securities Limited,Consumer Defensive,Packaged Foods,1146522624.0,114.65,39.8,,0.21,0.01,,,17.01,7.58,88.89,23.5,18.4,,,263506000.0,26.35,737000.0,0.07,,,,,,0.28
27.09.2026 at 02:56 PM IST,HPAL,HP Adhesives Limited,Basic Materials,Specialty Chemicals,3211940608.0,321.19,174.8,,1.7,2.25,,,-2.54,0.76,37.68,-4.1,,,,304276992.0,30.43,42334000.0,4.23,,,,,1.14,0.53
27.09.2026 at 02:56 PM IST,VAIBHAVGBL,Vaibhav Global Limited,Consumer Cyclical,Luxury Goods,34610466816.0,3461.05,12.26,4.26,2.09,25.23,,,7.64,7.51,66.29,12.7,48.7,,,4063746048.0,406.37,4158344960.0,415.83,,,,,2.91,0.21
27.09.2026 at 02:56 PM IST,ATUL,Atul Ltd,Basic Materials,Specialty Chemicals,178726174720.0,17872.62,22.47,19.57,2.87,2.91,,,17.07,11.97,35.05,25.0,92.0,,,17399099392.0,1739.91,1830200064.0,183.02,,,,,49.0,0.19
27.09.2026 at 02:56 PM IST,NEWGEN,Newgen Software Technologies Limited,Technology,Software - Infrastructure,68504707072.0,6850.47,21.88,16.6,3.85,2.21,,,13.09,19.48,53.37,11.2,27.8,,,11144639488.0,1114.46,393560992.0,39.36,,,,,1.24,0.53
27.09.2026 at 02:56 PM IST,STYRENIX,Styrenix Performance Materials Limited,Basic Materials,Chemicals,36371558400.0,3637.16,13.5,16.42,2.66,40.12,,,18.77,7.68,29.95,7.1,152.1,,,1609600000.0,160.96,5480999936.0,548.1,,,,,3.73,0.4
27.09.2026 at 02:56 PM IST,NDRAUTO,NDR Auto Components Limited,Consumer Cyclical,Auto Parts,17810321408.0,1781.03,27.4,,4.96,17.25,,,8.56,7.54,24.85,19.6,20.6,,,231028000.0,23.1,617006976.0,61.7,,,,,54.0,0.86
27.09.2026 at 02:56 PM IST,SANDUMA,The Sandur Manganese & Iron Ores Limited,Basic Materials,Steel,89827303424.0,8982.73,12.53,,2.76,30.58,,,21.27,13.46,55.73,21.1,34.2,,,2275200000.0,227.52,9998000128.0,999.8,,,,,27.0,0.81
27.09.2026 at 02:56 PM IST,LUPIN,Lupin Limited,Healthcare,Drug Manufacturers - Specialty & Generic,956650618880.0,95665.06,17.33,20.48,4.26,29.39,,,25.35,18.45,72.36,32.0,16.0,,,78946500608.0,7894.65,66161799168.0,6616.18,,,,,86.0,0.16
27.09.2026 at 02:56 PM IST,VISL,Vedanta Iron and Steel Limited,Basic Materials,Steel,128182509568.0,12818.25,,,-4.42,,,,9.92,64.22,105.59,12.3,,,,67000.0,0.01,622000.0,0.06,,,,,,
27.09.2026 at 02:56 PM IST,ULTRACEMCO,UltraTech Cement Limited,Basic Materials,Building Materials,3281462231040.0,328146.22,38.46,25.81,4.28,29.43,,,15.48,9.29,58.4,15.9,16.8,,,51199700992.0,5119.97,237550895104.0,23755.09,,,,,2.15,0.49
27.09.2026 at 02:56 PM IST,TEAMLEASE,TeamLease Services Limited,Industrials,Staffing & Employment Services,17925083136.0,1792.51,13.3,11.17,1.89,10.97,,,0.6,1.24,2.49,5.0,31.3,,,4906500096.0,490.65,1162700032.0,116.27,,,,,,0.17
27.09.2026 at 02:56 PM IST,CORDELIA,Waterways Leisure Tourism Limited,Industrials,Marine Shipping,76166299648.0,7616.63,,,85.47,146.84,,,19.72,6.76,39.91,7.8,-34.9,,,107900000.0,10.79,1177709952.0,117.77,,,,,,
27.09.2026 at 02:56 PM IST,ALLDIGI,Alldigi Tech Limited,Industrials,Specialty Business Services,11839417344.0,1183.94,13.85,,4.72,68.01,,,16.84,14.12,42.25,4.4,21.7,,,1438300032.0,143.83,1706899968.0,170.69,,,,,7.72,0.34
27.09.2026 at 02:56 PM IST,TECHNOE,Techno Electric & Engineering Company Limited,Industrials,Engineering & Construction,117020631040.0,11702.06,27.17,17.29,2.81,1.74,,,14.79,12.85,21.38,19.8,-31.5,,,23309979648.0,2331.0,724929984.0,72.49,,,,,70.0,0.77
27.09.2026 at 02:56 PM IST,TCI,Transport Corporation of India Limited,Industrials,Integrated Freight & Logistics,67895681024.0,6789.57,14.9,12.83,2.64,11.99,,,7.94,9.04,13.88,9.6,-0.9,,,2947360000.0,294.74,3124009984.0,312.4,,,,,1.13,-0.09
27.09.2026 at 02:56 PM IST,LAXMIDENTL,Laxmi Dental Limited,Healthcare,Medical Instruments & Supplies,10956281856.0,1095.63,35.48,15.74,4.51,5.33,,,13.44,10.76,71.89,13.9,23.0,,,222330000.0,22.23,130090000.0,13.01,,,,,,
27.09.2026 at 02:56 PM IST,KSCL,Kaveri Seed Company Limited,Basic Materials,Agricultural Inputs,41064931328.0,4106.49,16.75,12.93,1.94,,,,37.76,19.52,49.71,-13.5,-14.0,,,4391930880.0,439.19,0.0,0.0,,,,,62.0,0.1
27.09.2026 at 02:56 PM IST,BANKINDIA,Bank of India,Financial Services,Banks - Regional,627994984448.0,62799.5,5.11,5.48,0.69,,13.7,,48.54,34.99,0.0,18.5,80.3,,,1022474977280.0,102247.5,1153757478912.0,115375.75,,,,,3.37,0.78
27.09.2026 at 02:56 PM IST,PTL,PTL Enterprises Limited,Real Estate,Real Estate Services,5062096896.0,506.21,11.08,6.55,0.6,0.64,,,83.89,71.03,100.0,0.0,-5.7,,,58984000.0,5.9,54103000.0,5.41,,,,,11.11,0.02
27.09.2026 at 02:56 PM IST,ETHOSLTD,Ethos Limited,Consumer Cyclical,Luxury Goods,68307038208.0,6830.7,65.36,37.45,4.59,19.37,,,7.67,6.01,29.14,33.3,35.3,,,6616458240.0,661.65,3223175936.0,322.32,,,,,,0.07
27.09.2026 at 02:56 PM IST,ASTRAL,Astral Limited,Industrials,Building Products & Equipment,375841587200.0,37584.16,65.37,41.54,9.26,6.17,,,9.87,8.48,39.64,15.9,48.0,,,9445999616.0,944.6,2503000064.0,250.3,,,,,29.0,0.17
27.09.2026 at 02:56 PM IST,LAOPALA,La Opala RG Limited,Consumer Cyclical,"Furnishings, Fixtures & Appliances",17846579200.0,1784.66,19.16,14.36,2.18,1.08,,,28.84,29.56,67.4,9.3,3.5,,,5210612224.0,521.06,88364000.0,8.84,,,,,3.11,0.32
27.09.2026 at 02:56 PM IST,BHARATCOAL,Bharat Coking Coal Limited,Basic Materials,Coking Coal,,,,,2.58,38.79,,,-15.9,-0.86,68.52,-3.6,,,,9703499776.0,970.35,22417399808.0,2241.74,,,,,,
27.09.2026 at 02:56 PM IST,NAGREEKEXP,Nagreeka Exports Limited,Consumer Cyclical,Textile Manufacturing,733419904.0,73.34,23.01,,0.45,108.51,,,2.52,0.53,16.14,92.5,13.8,,,28691000.0,2.87,1727837056.0,172.78,,,,,,1.18
27.09.2026 at 02:56 PM IST,TEJASNET,Tejas Networks Limited,Technology,Communication Equipment,89639714816.0,8963.97,,,3.06,142.52,,,-48.42,-70.37,29.34,99.1,,,,4691700224.0,469.17,41770799104.0,4177.08,,,,,42.0,-0.08
27.09.2026 at 02:56 PM IST,GENESYS,Genesys International Corporation Limited,Technology,Software - Application,19134644224.0,1913.46,56.78,21.04,1.65,24.52,,,11.92,9.1,44.82,14.8,-27.6,,,1038824000.0,103.88,1729383936.0,172.94,,,,,,-0.21
27.09.2026 at 02:56 PM IST,RVTH,Revathi Equipment India Limited,Industrials,Farm & Heavy Construction Machinery,2007620864.0,200.76,13.12,,1.43,48.32,,,9.73,10.16,49.86,34.9,255.1,,,591299968.0,59.13,679000000.0,67.9,,,,,,1.56
27.09.2026 at 02:56 PM IST,BAJAJHFL,Bajaj Housing Finance Limited,Financial Services,Mortgage Finance,692444987392.0,69244.5,25.74,18.99,3.07,460.74,12.68,,80.91,63.18,99.29,19.6,22.9,,,1936400000.0,193.64,1037715505152.0,103771.55,,,,,,0.73
27.09.2026 at 02:56 PM IST,TTKPRESTIG,TTK Prestige Limited,Consumer Cyclical,"Furnishings, Fixtures & Appliances",71825178624.0,7182.52,37.22,25.36,3.63,8.8,,,7.4,6.08,42.35,33.6,123.2,,,8624300032.0,862.43,1735299968.0,173.53,,,,,1.43,0.22
27.09.2026 at 02:56 PM IST,LOTUSEYE,Lotus Eye Hospital and Institute Limited,Healthcare,Medical Care Facilities,2393033728.0,239.3,1438.38,,4.08,26.33,,,7.67,0.26,26.84,26.2,15.4,,,38266000.0,3.83,158336992.0,15.83,,,,,,0.49
27.09.2026 at 02:56 PM IST,MONTECARLO,Monte Carlo Fashions Limited,Consumer Cyclical,Apparel Manufacturing,10865674240.0,1086.57,10.36,10.3,1.2,63.99,,,-20.04,8.15,49.1,7.6,,,,1158800000.0,115.88,5796599808.0,579.66,,,,,3.82,0.21
27.09.2026 at 02:56 PM IST,PIGL,Power & Instrumental (Gujarat) Limited,Industrials,Engineering & Construction,2126839424.0,212.68,12.45,,1.39,8.08,,,9.66,6.49,16.02,18.4,-4.0,,,37914000.0,3.79,135258000.0,13.53,,,,,20.0,0.46
27.09.2026 at 02:56 PM IST,TARC,TARC Limited,Real Estate,Real Estate - Development,38173659136.0,3817.37,,1.84,3.95,178.38,,,17.54,-2.66,15.69,186.1,-58.2,,,810907008.0,81.09,18949443584.0,1894.94,,,,,,0.24
27.09.2026 at 02:56 PM IST,MAXHEALTH,Max Healthcare Institute Limited,Healthcare,Medical Care Facilities,986936639488.0,98693.66,68.01,43.36,9.18,32.37,,,19.73,16.72,62.52,16.7,4.8,,,6657999872.0,665.8,34783600640.0,3478.36,,,,,20.0,0.11
27.09.2026 at 02:56 PM IST,CRAMC,Canara Robeco Asset Management Company Limited,Financial Services,Asset Management,45955743744.0,4595.57,21.06,16.7,6.16,2.36,,,68.55,45.59,76.6,20.2,23.9,,,7374158848.0,737.42,175886000.0,17.59,,,,,1.74,
27.09.2026 at 02:56 PM IST,M&MFIN,Mahindra & Mahindra Financial Services Limited,Financial Services,Credit Services,462883815424.0,46288.38,14.5,10.93,1.74,429.85,,,43.8,30.89,86.34,36.7,64.0,,,21435099136.0,2143.51,1147356053504.0,114735.61,,,,,2.25,0.33
27.09.2026 at 02:56 PM IST,SIRCA,Sirca Paints India Limited,Basic Materials,Specialty Chemicals,23359543296.0,2335.95,34.48,23.51,4.9,6.8,,,16.55,13.19,45.33,13.8,10.0,,,1080249984.0,108.02,323190016.0,32.32,,,,,49.0,0.23
27.09.2026 at 02:56 PM IST,CERA,Cera Sanitaryware Limited,Industrials,Building Products & Equipment,69587738624.0,6958.77,34.25,23.05,4.73,3.17,,,8.19,9.52,47.78,15.1,-2.7,,,8458804224.0,845.88,466985984.0,46.7,,,,,1.39,-0.12
27.09.2026 at 02:56 PM IST,AWL,AWL Agri Business Limited,Consumer Defensive,Packaged Foods,238133657600.0,23813.37,20.67,17.35,2.28,10.62,,,2.88,1.49,10.73,17.5,47.3,,,23330600960.0,2333.06,11092700160.0,1109.27,,,,,54.0,-0.16
27.09.2026 at 02:56 PM IST,SURYODAY,Suryoday Small Finance Bank Limited,Financial Services,Banks - Regional,15850955776.0,1585.1,8.27,4.23,0.76,,,,23.87,13.64,0.0,45.4,113.0,,,9438830592.0,943.88,31223623680.0,3122.36,,,,,1.01,0.49
27.09.2026 at 02:56 PM IST,GHCL,GHCL Limited,Basic Materials,Chemicals,38480707584.0,3848.07,7.49,5.69,1.06,2.35,,,23.47,17.05,43.8,-2.7,39.6,,,11103200256.0,1110.32,833000000.0,83.3,,,,,2.86,-0.11
27.09.2026 at 02:56 PM IST,RITES,RITES Limited,Industrials,Engineering & Construction,95789137920.0,9578.91,22.94,18.09,3.58,0.24,,,18.43,16.98,31.46,8.7,8.4,,,8969600000.0,896.96,65900000.0,6.59,,,,,5.52,0.26
27.09.2026 at 02:56 PM IST,TRANSRAILL,Transrail Lighting Limited,Industrials,Engineering & Construction,62999642112.0,6299.96,15.57,12.32,2.76,29.73,,,10.74,5.93,30.44,4.0,2.0,,,7642399744.0,764.24,6781300224.0,678.13,,,,,43.0,
27.09.2026 at 02:56 PM IST,TATACAP,Tata Capital Limited,Financial Services,Credit Services,1430091333632.0,143009.13,26.45,15.87,3.12,502.93,,,57.05,39.68,99.92,40.3,47.2,,,75528503296.0,7552.85,2369170440192.0,236917.04,,,,,17.0,
27.09.2026 at 02:56 PM IST,VENTIVE,Ventive Hospitality Limited,Consumer Cyclical,Lodging,131962683392.0,13196.27,35.01,20.78,2.4,38.08,,,19.04,19.1,73.25,7.0,200.9,,,4579840000.0,457.98,25744259072.0,2574.43,,,,,,
27.09.2026 at 02:56 PM IST,VOGL,Vedanta Oil and Gas Limited,Basic Materials,Other Industrial Metals & Mining,134185828352.0,13418.58,,,-0.17,,,,8.94,420.83,81.37,8.9,,,,,,0.0,0.0,,,,,,
27.09.2026 at 02:56 PM IST,NMDC,NMDC Limited,Basic Materials,Steel,702466228224.0,70246.62,9.42,7.73,2.06,18.8,,,34.81,23.22,46.61,0.8,0.4,,,113947598848.0,11394.76,64068100096.0,6406.81,,,,,2.5,0.64
27.09.2026 at 02:56 PM IST,THEINVEST,The Investment Trust of India Limited,Financial Services,Capital Markets,4903454208.0,490.35,14.71,,0.66,7.61,,,14.17,12.78,100.0,-6.2,35.4,,,2296187904.0,229.62,559302976.0,55.93,,,,,,0.19
27.09.2026 at 02:56 PM IST,BHARTIHEXA,Bharti Hexacom Limited,Communication Services,Telecom Services,740900012032.0,74090.0,40.65,23.28,10.34,85.65,,,31.95,19.0,59.93,10.9,23.2,,,6641999872.0,664.2,61373001728.0,6137.3,,,,,1.21,0.07
27.09.2026 at 02:56 PM IST,BSE,BSE Limited,Financial Services,Financial Data & Stock Exchanges,1296161046528.0,129616.1,46.47,35.77,16.44,0.0,,,80.11,48.92,99.59,64.0,62.1,,,55033798656.0,5503.38,200000.0,0.02,,,,,31.0,0.44
27.09.2026 at 02:56 PM IST,SAGARDEEP,Sagardeep Alloys Limited,Basic Materials,Copper,395561120.0,39.56,17.84,,1.15,26.42,,,2.24,1.54,4.8,61.5,114.3,,,862000.0,0.09,93032000.0,9.3,,,,,,0.28
27.09.2026 at 02:56 PM IST,FCSSOFT,FCS Software Solutions Limited,Technology,Information Technology Services,2495947776.0,249.59,73.0,,0.6,,,,17.84,4.13,41.96,120.1,83.2,,,530068000.0,53.01,0.0,0.0,,,,,,0.72
27.09.2026 at 02:56 PM IST,ATULAUTO,Atul Auto Limited,Consumer Cyclical,Auto Manufacturers,12439511040.0,1243.95,26.32,,2.57,29.49,,,5.58,5.31,26.61,43.0,169.8,,,824499968.0,82.45,1445600000.0,144.56,,,,,1.34,0.23
27.09.2026 at 02:56 PM IST,AGIIL,AGI Infra Limited,Real Estate,Real Estate - Development,33068058624.0,3306.81,31.84,,7.13,38.29,,,39.06,28.64,54.3,5.3,34.3,,,984481024.0,98.45,1856152064.0,185.62,,,,,8.0,0.12
27.09.2026 at 02:56 PM IST,FINPIPE,Finolex Industries Limited,Industrials,Building Products & Equipment,95319277568.0,9531.93,15.51,14.51,1.53,7.17,,,8.95,15.56,43.52,-15.3,16.4,,,24930500608.0,2493.05,4456399872.0,445.64,,,,,1.3,0.6
27.09.2026 at 02:56 PM IST,TANLA,Tanla Platforms Limited,Technology,Software - Application,65332092928.0,6533.21,12.32,11.06,2.64,2.12,,,13.72,11.58,20.1,17.8,22.2,,,7749344256.0,774.93,527080992.0,52.71,,,,,2.43,0.73
27.09.2026 at 02:56 PM IST,NILAINFRA,Nila Infrastructures Limited,Real Estate,Real Estate - Development,2706018816.0,270.6,10.9,,1.44,12.65,,,9.53,8.22,14.74,-19.9,23.5,,,2803000.0,0.28,236908000.0,23.69,,,,,,0.79
27.09.2026 at 02:56 PM IST,TRENT,Trent Limited,Consumer Cyclical,Apparel Retail,1423356985344.0,142335.7,78.74,52.39,20.38,36.03,,,12.49,8.64,43.01,17.8,20.7,,,9288899584.0,928.89,25612500992.0,2561.25,,,,,15.0,0.37
27.09.2026 at 02:56 PM IST,NIITMTS,NIIT Learning Systems Limited,Consumer Defensive,Education & Training Services,29227687936.0,2922.77,11.61,9.84,1.89,20.62,,,12.65,12.38,54.88,25.2,16.8,,,8879500288.0,887.95,3181629952.0,318.16,,,,,1.53,0.23
27.09.2026 at 02:56 PM IST,GICHSGFIN,GIC Housing Finance Limited,Financial Services,Mortgage Finance,7394828288.0,739.48,4.7,3.43,0.35,432.91,,,28.64,43.64,96.94,386.7,35.5,,,400600000.0,40.06,91187601408.0,9118.76,,,,,3.28,0.58
27.09.2026 at 02:56 PM IST,VMSTMT,VMS TMT Limited,Basic Materials,Steel,2306858496.0,230.69,11.28,,1.01,101.23,,,3.89,1.93,26.63,16.8,-63.7,,,98972000.0,9.9,2309296896.0,230.93,,,,,,
27.09.2026 at 02:56 PM IST,ERIS,Eris Lifesciences Limited,Healthcare,Drug Manufacturers - Specialty & Generic,174657994752.0,17465.8,26.88,21.76,4.41,60.55,,,25.79,20.04,73.53,12.6,18.8,,,673000000.0,67.3,23586199552.0,2358.62,,,,,1.15,-0.05
27.09.2026 at 02:56 PM IST,CENTRALBK,Central Bank of India,Financial Services,Banks - Regional,282222690304.0,28222.27,6.19,,0.69,,11.56,0.88,39.67,27.84,0.0,-3.2,2.8,,,371055984640.0,37105.6,288185712640.0,28818.57,,,,,4.45,0.37
27.09.2026 at 02:56 PM IST,RESPONIND,Responsive Industries Limited,Basic Materials,Specialty Chemicals,42985295872.0,4298.53,42.32,,2.76,12.51,10.22,5.94,6.71,10.65,28.79,13.0,-57.6,6.16,4.65,192992000.0,19.3,1949984000.0,195.0,-554249728.0,-55.42,396222016.0,39.62,6.0,0.71
27.09.2026 at 02:56 PM IST,SCODATUBES,Scoda Tubes Limited,Basic Materials,Steel,8184154624.0,818.42,21.93,,2.17,47.97,,,9.53,6.78,32.41,27.6,-38.9,,,742369984.0,74.24,1872189952.0,187.22,,,,,,
27.09.2026 at 02:56 PM IST,BANCOINDIA,Banco Products (India) Limited,Consumer Cyclical,Auto Parts,85800919040.0,8580.09,17.36,,5.09,36.44,,,15.04,12.03,46.89,22.0,11.7,,,1593200000.0,159.32,6137699840.0,613.77,,,,,2.67,0.68
27.09.2026 at 02:56 PM IST,KHANDSE,Khandwala Securities Limited,Financial Services,Capital Markets,271822816.0,27.18,,,0.97,10.39,,,3.3,-6.73,97.86,99.6,,,,4278000.0,0.43,28835000.0,2.88,,,,,,0.57
27.09.2026 at 02:56 PM IST,VGUARD,V-Guard Industries Limited,Industrials,Electrical Equipment & Parts,132967792640.0,13296.78,36.76,27.32,5.6,6.96,,,9.02,5.78,35.37,23.5,76.2,,,2396100096.0,239.61,1652600064.0,165.26,,,,,49.0,-0.01
27.09.2026 at 02:56 PM IST,CANFINHOME,Can Fin Homes Limited,Financial Services,Mortgage Finance,100298694656.0,10029.87,8.88,7.95,1.68,636.59,,,79.91,66.73,98.93,22.5,19.6,,,13604000.0,1.36,380703506432.0,38070.35,,,,,2.12,0.41
27.09.2026 at 02:56 PM IST,LCCINFOTEC,LCC Infotech Limited,Consumer Defensive,Education & Training Services,713149824.0,71.31,,,1.67,5.57,,,-29.11,0.0,0.0,,,,,709000.0,0.07,23788000.0,2.38,,,,,,-0.15
27.09.2026 at 02:56 PM IST,GUJENERGY,Gujarat Energy Limited,Utilities,Utilities - Regulated Gas,221441245184.0,22144.12,9.1,8.44,1.2,17.2,,,12.36,8.9,20.2,146.6,124.2,,,13142500352.0,1314.25,32434900992.0,3243.49,,,,,3.77,0.57
27.09.2026 at 02:56 PM IST,ROHLTD,Royal Orchid Hotels Limited,Consumer Cyclical,Lodging,8463421952.0,846.34,30.58,54.81,3.27,232.51,,,19.96,6.71,54.63,36.1,-41.4,,,778612992.0,77.86,6406871040.0,640.69,,,,,81.0,0.3
27.09.2026 at 02:56 PM IST,WAAREEENER,Waaree Energies Limited,Technology,Solar,717690044416.0,71769.0,18.85,15.08,4.97,21.4,,,13.99,12.7,30.23,79.2,14.2,,,73888997376.0,7388.9,32126199808.0,3212.62,,,,,16.0,
27.09.2026 at 02:56 PM IST,GRINFRA,G R Infraprojects Limited,Industrials,Engineering & Construction,78608252928.0,7860.83,7.73,8.35,0.84,51.88,,,15.15,11.05,32.56,40.1,46.4,,,13043937280.0,1304.39,48718184448.0,4871.82,,,,,62.0,0.6
27.09.2026 at 02:56 PM IST,AURUS,Aurus Gem Corporation Limited,Consumer Cyclical,Luxury Goods,137100608.0,13.71,7.62,,0.74,78.96,,,3.17,10.38,13.69,105.7,200.0,,,4596000.0,0.46,143471008.0,14.35,,,,,,0.42
27.09.2026 at 02:56 PM IST,ORKLAINDIA,Orkla India Limited,Consumer Defensive,Packaged Foods,76159164416.0,7615.92,25.83,20.5,2.75,2.28,,,15.19,11.45,44.3,10.4,11.1,,,5673900032.0,567.39,628099968.0,62.81,,,,,,
27.09.2026 at 02:56 PM IST,VOEPL,Virtuoso Optoelectronics Limited,Technology,Consumer Electronics,17546823680.0,1754.68,90.83,,3.79,83.56,,,6.45,1.77,14.9,85.0,31.5,,,1031443008.0,103.14,3445579008.0,344.56,,,,,,0.76
27.09.2026 at 02:56 PM IST,CAMS,Computer Age Management Services Limited,Technology,Information Technology Services,175633268736.0,17563.33,35.58,27.07,13.28,4.86,,,40.05,31.79,66.45,11.5,17.0,,,8521589760.0,852.16,642350016.0,64.24,,,,,1.81,0.21
27.09.2026 at 02:56 PM IST,BASF,BASF India Limited,Basic Materials,Specialty Chemicals,153222512640.0,15322.25,24.81,20.34,3.87,3.35,,,9.6,4.01,16.98,24.5,162.2,,,8699700224.0,869.97,1325699968.0,132.57,,,,,71.0,0.38
27.09.2026 at 02:56 PM IST,VHL,Vardhman Holdings Limited,Financial Services,Asset Management,10717497344.0,1071.75,4.26,,0.28,,,,93.39,11.65,100.0,193.8,56.7,,,15000000.0,1.5,0.0,0.0,,,,,15.0,0.25
27.09.2026 at 02:56 PM IST,DDEVPLSTIK,Ddev Plastiks Industries Limited,Basic Materials,Specialty Chemicals,26505547776.0,2650.55,12.42,8.0,2.62,5.61,,,8.73,6.74,17.57,28.6,22.2,,,586854976.0,58.69,568272000.0,56.83,,,,,68.0,-0.05
27.09.2026 at 02:56 PM IST,VESUVIUS,Vesuvius India Limited,Industrials,Specialty Industrial Machinery,78972051456.0,7897.21,30.86,19.95,4.52,0.82,,,12.87,12.0,42.49,2.3,-7.4,3.52,2.6,5761800192.0,576.18,143500000.0,14.35,,,1887800064.0,188.78,39.0,0.43
27.09.2026 at 02:56 PM IST,ICICIBANK,ICICI Bank Limited,Financial Services,Banks - Regional,9524314374144.0,952431.44,17.15,14.11,2.5,,16.07,2.11,38.51,27.53,0.0,11.4,13.8,,,740090773504.0,74009.08,2263177232384.0,226317.72,,,,,90.0,0.26
27.09.2026 at 02:56 PM IST,UCOBANK,UCO Bank,Financial Services,Banks - Regional,299695439872.0,29969.54,10.62,17.07,0.89,,8.54,0.73,60.44,21.54,0.0,53.0,8.3,,,218040205312.0,21804.02,248677302272.0,24867.73,,,,,1.84,0.7
27.09.2026 at 02:56 PM IST,EIHAHOTELS,EIH Associated Hotels Limited,Consumer Cyclical,Lodging,17933551616.0,1793.36,20.41,,2.98,0.71,,,4.11,23.07,68.28,-4.0,11.9,,,2155290112.0,215.53,42890000.0,4.29,,,,,1.19,-0.05
27.09.2026 at 02:56 PM IST,BPCL,Bharat Petroleum Corporation Limited,Energy,Oil & Gas Refining & Marketing,1318092406784.0,131809.24,7.69,7.78,1.32,54.33,,,-4.05,3.47,12.75,34.4,,,,201686106112.0,20168.61,544244203520.0,54424.42,,,,,6.48,0.87
27.09.2026 at 02:56 PM IST,VIVIDHA,Visagar Polytex Limited,Consumer Cyclical,Textile Manufacturing,155131280.0,15.51,53.0,,-53.0,,,,-152.56,0.0,23.81,109.0,,,,4682000.0,0.47,62914000.0,6.29,,,,,,-0.05
27.09.2026 at 02:56 PM IST,TAJGVK,TAJGVK Hotels & Resorts Limited,Consumer Cyclical,Lodging,20337229824.0,2033.72,4.93,111.84,1.99,9.03,,,26.82,73.13,64.84,55.1,-38.5,,,1487699968.0,148.77,1281299968.0,128.13,,,,,62.0,0.2
27.09.2026 at 02:56 PM IST,MAPMYINDIA,C. E. Info Systems Limited,Technology,Software - Infrastructure,48293777408.0,4829.38,35.09,21.42,5.34,0.78,,,33.62,28.0,66.62,14.9,7.9,,,3324999936.0,332.5,70400000.0,7.04,,,,,40.0,-0.0
27.09.2026 at 02:56 PM IST,BSOFT,Birlasoft Limited,Technology,Information Technology Services,76637265920.0,7663.73,13.42,11.31,1.86,3.42,,,14.75,10.6,39.51,7.4,50.8,,,24427440128.0,2442.74,1407410048.0,140.74,,,,,2.37,0.37
27.09.2026 at 02:56 PM IST,HISARMETAL,Hisar Metal Industries Limited,Basic Materials,Steel,825552000.0,82.56,17.33,,1.26,131.66,,,5.87,1.8,11.72,3.7,326.9,,,2691000.0,0.27,865488000.0,86.55,,,,,65.0,0.67
27.09.2026 at 02:56 PM IST,LTF,L&T Finance Limited,Financial Services,Credit Services,711716962304.0,71171.7,22.42,14.51,2.53,393.44,,,45.95,33.08,99.53,29.3,28.2,,,112093798400.0,11209.38,1102976647168.0,110297.66,,,,,97.0,0.64
27.09.2026 at 02:56 PM IST,HOMEFIRST,Home First Finance Company India Limited,Financial Services,Mortgage Finance,117434867712.0,11743.49,20.29,14.27,2.69,243.94,,,66.04,51.43,99.94,29.7,32.3,,,10311910400.0,1031.19,106274947072.0,10627.49,,,,,46.0,0.57
27.09.2026 at 02:56 PM IST,APTUS,Aptus Value Housing Finance India Limited,Financial Services,Mortgage Finance,122500022272.0,12250.0,12.44,9.36,2.42,156.2,,,78.45,61.76,99.82,16.8,19.0,,,7299293184.0,729.93,79037685760.0,7903.77,,,,,2.04,0.69
27.09.2026 at 02:56 PM IST,SRD,Shankar Lal Rampal Dye-Chem Limited,Basic Materials,Specialty Chemicals,2506857984.0,250.69,13.56,,2.04,20.66,,,9.36,3.86,7.14,10.9,118.2,,,1292000.0,0.13,253711008.0,25.37,,,,,13.0,-0.56
27.09.2026 at 02:56 PM IST,BERGEPAINT,Berger Paints India Limited,Basic Materials,Specialty Chemicals,534437396480.0,53443.74,43.86,35.37,7.73,9.16,,,14.07,9.92,40.89,12.0,28.5,,,12799399936.0,1279.94,6351300096.0,635.13,,,,,87.0,0.44
27.09.2026 at 02:56 PM IST,TPLPLASTEH,TPL Plastech Limited,Consumer Cyclical,Packaging & Containers,5136497664.0,513.65,17.02,,3.05,11.2,,,7.84,6.6,18.91,37.6,20.0,,,57587000.0,5.76,189191008.0,18.92,,,,,1.97,0.19
27.09.2026 at 02:56 PM IST,IFBIND,IFB Industries Limited,Consumer Cyclical,"Furnishings, Fixtures & Appliances",49643626496.0,4964.36,30.96,19.14,4.99,15.67,,,3.53,2.73,37.65,18.4,64.4,,,3834800128.0,383.48,1559000064.0,155.9,,,,,,0.33
27.09.2026 at 02:56 PM IST,CHOLAHLDNG,Cholamandalam Financial Holdings Limited,Financial Services,Credit Services,263001096192.0,26300.11,9.85,7.33,1.7,623.16,,,38.78,11.88,75.67,13.9,39.3,,,101760696320.0,10176.07,2111249186816.0,211124.92,,,,,9.0,0.4
27.09.2026 at 02:56 PM IST,NORBTEAEXP,Norben Tea & Exports Limited,Consumer Defensive,Farm Products,1089952384.0,109.0,,,5.79,46.92,,,40.1,-3.16,99.66,4.6,5.0,,,1856749.0,0.19,88293776.0,8.83,,,,,,0.89
27.09.2026 at 02:56 PM IST,PRSMJOHNSN,Prism Johnson Limited,Basic Materials,Building Materials,58545401856.0,5854.54,29.45,47.47,3.76,77.2,,,5.36,2.35,38.62,-4.5,40.4,,,5465299968.0,546.53,14211099648.0,1421.11,,,,,,0.42
27.09.2026 at 02:56 PM IST,GKENERGY,GK Energy Limited,Utilities,Utilities - Renewable,25084438528.0,2508.44,10.31,,2.83,23.15,,,16.11,11.96,30.36,55.5,34.2,,,4432840192.0,443.28,2054950016.0,205.5,,,,,40.0,
27.09.2026 at 02:56 PM IST,CCHHL,Country Club Hospitality & Holidays Limited,Consumer Cyclical,Lodging,2147926784.0,214.79,,,0.72,7.9,,,2.22,-16.38,75.21,-37.6,50.0,,,13587000.0,1.36,235484000.0,23.55,,,,,,0.32
27.09.2026 at 02:56 PM IST,DBCORP,D. B. Corp Limited,Communication Services,Publishing,32390658048.0,3239.07,9.21,8.46,1.33,10.8,,,18.55,14.66,52.8,7.9,24.7,,,9357290496.0,935.73,2622139904.0,262.21,,,,,3.85,0.18
27.09.2026 at 02:56 PM IST,RUPA,Rupa & Company Limited,Consumer Cyclical,Apparel Manufacturing,10823614464.0,1082.36,14.37,13.08,1.02,24.22,,,5.92,5.89,28.97,10.1,50.7,,,2547729920.0,254.77,2582562048.0,258.26,,,,,2.2,0.62
27.09.2026 at 02:56 PM IST,SHK,S H Kelkar and Company Limited,Basic Materials,Specialty Chemicals,19705585664.0,1970.56,22.28,14.59,1.45,75.52,,,8.08,3.64,41.05,14.1,77.3,,,645900032.0,64.59,10289200128.0,1028.92,,,,,1.4,0.33
27.09.2026 at 02:56 PM IST,SMLT,Sarthak Metals Limited,Industrials,Metal Fabrication,812486656.0,81.25,16.62,,0.65,4.17,3.96,9.64,1.7,2.42,19.36,19.4,26.0,11.54,6.31,2061000.0,0.21,52326000.0,5.23,,,,,74.0,0.59
27.09.2026 at 02:56 PM IST,SIYSIL,Siyaram Silk Mills Limited,Consumer Cyclical,Textile Manufacturing,24411375616.0,2441.14,10.29,4.77,1.67,24.13,,,0.01,9.03,50.92,14.4,138.2,,,2136529024.0,213.65,3523412992.0,352.34,,,,,3.16,0.32
27.09.2026 at 02:56 PM IST,GUJRAFFIA,Gujarat Raffia Industries Limited,,,,,19.66,,0.98,8.37,,,7.02,1.36,12.47,-18.5,40.3,,,118728000.0,11.87,18609000.0,1.86,,,,,,0.29
27.09.2026 at 02:56 PM IST,ASIANTILES,Asian Granito India Limited,Industrials,Building Products & Equipment,15028332544.0,1502.83,87.4,2.69,0.99,28.47,,,3.19,0.89,25.11,36.8,-15.6,,,826956992.0,82.7,4392369152.0,439.24,,,,,,0.35
27.09.2026 at 02:56 PM IST,INDIANCARD,The Indian Card Clothing Company Limited,Consumer Cyclical,Textile Manufacturing,1191729280.0,119.17,19.88,,0.35,0.93,,,-41.6,14.21,71.77,1.3,99.0,,,895476992.0,89.55,31749000.0,3.17,,,,,,0.48
27.09.2026 at 02:56 PM IST,RMC,RMC Switchgears Limited,Industrials,Electrical Equipment & Parts,2326847488.0,232.68,11.42,,1.77,80.62,,,17.31,5.79,26.42,-55.9,-49.0,,,132337000.0,13.23,1053206016.0,105.32,,,,,,-1.2
27.09.2026 at 02:56 PM IST,SADBHIN,Sadbhav Infrastructure Project Limited,Industrials,Engineering & Construction,933396864.0,93.34,53.0,-12.62,-0.16,,,,55.39,0.19,75.27,7.5,179.4,,,721889984.0,72.19,25921759232.0,2592.18,,,,,,0.62
27.09.2026 at 02:56 PM IST,PGHL,Procter & Gamble Health Limited,Healthcare,Drug Manufacturers - Specialty & Generic,89736257536.0,8973.63,25.13,21.96,17.11,1.77,,,25.73,24.91,74.37,7.4,-4.9,,,1852899968.0,185.29,92900000.0,9.29,,,,,2.87,0.18
27.09.2026 at 02:56 PM IST,ZENSARTECH,Zensar Technologies Limited,Technology,Information Technology Services,98635079680.0,9863.51,12.87,11.43,2.1,1.68,,,12.76,13.36,20.45,8.9,0.9,,,25873000448.0,2587.3,793000000.0,79.3,,,,,3.45,0.21
27.09.2026 at 02:56 PM IST,RALLIS,Rallis India Limited,Basic Materials,Agricultural Inputs,38967676928.0,3896.77,18.22,13.78,1.91,2.99,,,15.17,7.22,39.94,6.8,31.5,,,5440900096.0,544.09,611000000.0,61.1,,,,,1.5,0.49
27.09.2026 at 02:56 PM IST,IRCTC,Indian Railway Catering & Tourism Corporation Limited,Consumer Cyclical,Travel Services,366960017408.0,36696.0,26.32,20.48,8.52,1.87,,,27.33,25.68,35.08,18.1,0.0,,,28675233792.0,2867.52,807259008.0,80.73,,,,,1.96,0.17
27.09.2026 at 02:56 PM IST,EXXARO,Exxaro Tiles Limited,Industrials,Building Products & Equipment,2778420480.0,277.84,69.0,,1.05,33.35,,,5.35,1.26,23.54,31.3,150.0,,,58998000.0,5.9,932798016.0,93.28,,,,,,0.35
27.09.2026 at 02:56 PM IST,NHPC,NHPC Limited,Utilities,Utilities - Renewable,763422638080.0,76342.26,27.84,11.88,1.85,113.11,,,46.02,31.09,93.4,18.5,2.8,,,36618399744.0,3661.84,547509993472.0,54751.0,,,,,2.12,0.18
27.09.2026 at 02:56 PM IST,WCIL,Western Carriers (India) Limited,Industrials,Integrated Freight & Logistics,9662295040.0,966.23,26.32,,1.11,26.01,,,2.59,1.96,94.09,11.8,-19.8,,,384960000.0,38.5,2255200000.0,225.52,,,,,,
27.09.2026 at 02:56 PM IST,SILGO,Silgo Retail Limited,Consumer Cyclical,Luxury Goods,2232295168.0,223.23,29.45,,1.33,14.64,,,32.37,13.94,27.28,10.7,26.8,,,8322000.0,0.83,201784992.0,20.18,,,,,,0.33
27.09.2026 at 02:56 PM IST,BANG,Bang Overseas Limited,Consumer Cyclical,Apparel Manufacturing,438801600.0,43.88,9.55,,0.47,44.21,,,2.95,1.98,20.21,17.8,-80.0,,,43939000.0,4.39,413064992.0,41.31,,,,,,0.6
27.09.2026 at 02:56 PM IST,GILLETTE,Gillette India Limited,Consumer Defensive,Household & Personal Products,230442647552.0,23044.26,34.49,,24.35,0.0,,,26.8,21.04,61.85,10.8,9.4,,,2692600064.0,269.26,200000.0,0.02,,,,,2.55,0.27
27.09.2026 at 02:56 PM IST,KOTHARIPRO,Kothari Products Limited,Industrials,Conglomerates,4056974848.0,405.7,13.15,,0.35,8.51,,,-5.0,1.97,1.98,8.6,-58.4,,,1300300032.0,130.03,985200000.0,98.52,,,,,,0.32
27.09.2026 at 02:56 PM IST,SIGNATURE,Signatureglobal (India) Limited,Real Estate,Real Estate - Development,110980169728.0,11098.02,10.63,14.31,5.99,161.04,,,-9.31,45.73,25.55,-36.2,,,,27367038976.0,2736.7,29785849856.0,2978.58,,,,,,0.8
27.09.2026 at 02:56 PM IST,SHRINGARMS,Shringar House of Mangalsutra Limited,Consumer Cyclical,Luxury Goods,20642250752.0,2064.23,15.15,8.2,3.04,27.9,,,8.69,4.92,8.96,64.9,-10.6,,,1272409984.0,127.24,1890899968.0,189.09,,,,,,
27.09.2026 at 02:56 PM IST,EMAMILTD,Emami Limited,Consumer Defensive,Household & Personal Products,168811118592.0,16881.11,22.67,19.45,5.81,5.54,,,17.65,19.12,67.93,14.9,-16.2,,,9032932352.0,903.29,1619223040.0,161.92,,,,,3.08,0.14
27.09.2026 at 02:56 PM IST,BEL,Bharat Electronics Limited,Industrials,Aerospace & Defense,2876763537408.0,287676.35,46.96,35.01,11.99,0.27,,,22.13,21.4,47.84,24.9,8.3,,,85720301568.0,8572.03,654600000.0,65.46,,,,,64.0,0.28
27.09.2026 at 02:56 PM IST,KEYFINSERV,Keynote Financial Services Limited,Financial Services,Capital Markets,1265574912.0,126.56,22.27,,0.88,2.87,,,78.85,17.51,98.48,20.2,-7.8,,,118549000.0,11.85,41436000.0,4.14,,,,,44.0,0.1
27.09.2026 at 02:56 PM IST,BORORENEW,Borosil Renewables Limited,Technology,Solar,66990665728.0,6699.07,16.13,,4.22,10.74,,,26.03,23.69,54.92,17.1,,,,6548445184.0,654.84,1621379968.0,162.14,,,,,,0.1
27.09.2026 at 02:56 PM IST,KFINTECH,KFin Technologies Limited,Technology,Software - Application,153648709632.0,15364.87,45.05,31.95,9.17,3.31,,,26.55,24.4,58.88,30.1,-2.5,,,5569050112.0,556.91,554430016.0,55.44,,,,,1.35,-0.24
27.09.2026 at 02:56 PM IST,BORANA,Borana Weaves Limited,Consumer Cyclical,Textile Manufacturing,7673845248.0,767.38,11.09,,2.73,25.15,,,19.69,16.87,42.6,24.5,35.8,,,16845000.0,1.68,708124992.0,70.81,,,,,,
27.09.2026 at 02:56 PM IST,SBFC,SBFC Finance Limited,Financial Services,Credit Services,98484699136.0,9848.47,20.38,14.5,2.64,195.69,,,58.55,44.88,99.75,24.6,28.6,,,6530189824.0,653.02,72895700992.0,7289.57,,,,,,0.6
27.09.2026 at 02:56 PM IST,DABUR,Dabur India Limited,Consumer Defensive,Household & Personal Products,684037832704.0,68403.78,34.71,29.33,5.99,10.91,,,16.48,14.55,47.74,10.6,15.3,,,51478601728.0,5147.86,12873199616.0,1287.32,,,,,2.14,0.41
27.09.2026 at 02:56 PM IST,RUCHIRA,Ruchira Papers Limited,Basic Materials,Paper & Paper Products,3132529408.0,313.25,9.41,,0.63,37.05,,,5.61,5.08,22.04,3.8,-63.8,,,6003000.0,0.6,1833980032.0,183.4,,,,,2.38,-0.06
27.09.2026 at 02:56 PM IST,KANSAINER,Kansai Nerolac Paints Limited,Basic Materials,Specialty Chemicals,146103402496.0,14610.34,24.38,18.1,2.18,4.53,,,11.19,7.26,34.88,9.8,4.8,,,25848000512.0,2584.8,3027300096.0,302.73,,,,,1.38,0.36
27.09.2026 at 02:56 PM IST,FORTIS,Fortis Healthcare Limited,Healthcare,Medical Care Facilities,632541675520.0,63254.17,60.23,36.75,6.39,34.15,,,16.32,11.02,59.39,17.5,2.3,,,5586745856.0,558.67,34725834752.0,3472.58,,,,,12.0,0.65
27.09.2026 at 02:56 PM IST,GMDCLTD,Gujarat Mineral Development Corporation Limited,Energy,Thermal Coal,171084005376.0,17108.4,17.9,15.69,2.42,4.47,,,17.39,33.82,88.78,23.8,-0.2,,,5401200128.0,540.12,3165100032.0,316.51,,,,,1.77,0.34
27.09.2026 at 02:56 PM IST,AAVAS,Aavas Financiers Limited,Financial Services,Mortgage Finance,100521418752.0,10052.14,14.72,11.03,1.99,310.55,,,54.53,42.54,99.34,16.9,23.3,,,18432993280.0,1843.3,156855713792.0,15685.57,,,,,,0.53
27.09.2026 at 02:56 PM IST,JIOFIN,Jio Financial Services Limited,Financial Services,Asset Management,1498913177600.0,149891.32,70.5,50.9,1.07,16.29,,,63.31,55.01,100.0,208.2,170.2,,,35982901248.0,3598.29,217989398528.0,21798.94,,,,,26.0,0.49
27.09.2026 at 02:56 PM IST,TCIEXP,TCI Express Limited,Industrials,Integrated Freight & Logistics,19269044224.0,1926.9,23.64,17.37,2.35,7.74,,,7.78,6.52,15.94,9.3,1.4,,,1370700032.0,137.07,633600000.0,63.36,,,,,2.39,0.25
27.09.2026 at 02:56 PM IST,DLINKINDIA,D-Link (India) Limited,Technology,Communication Equipment,14943990784.0,1494.4,13.93,,2.96,2.93,,,7.18,6.42,14.3,30.5,13.2,,,2018619008.0,201.86,148052992.0,14.81,,,,,9.74,0.35
27.09.2026 at 02:56 PM IST,MBEL,M & B Engineering Limited,Industrials,Engineering & Construction,14730317824.0,1473.03,14.68,9.91,2.22,12.71,,,9.27,7.36,32.96,22.5,4.5,,,957577024.0,95.76,835219008.0,83.52,,,,,39.0,
27.09.2026 at 02:56 PM IST,PSB,Punjab & Sind Bank,Financial Services,Banks - Regional,154825670656.0,15482.57,11.19,,1.05,,9.79,0.81,35.35,28.52,0.0,10.9,23.7,,,62455001088.0,6245.5,168814493696.0,16881.45,,,,,1.79,0.49
27.09.2026 at 02:56 PM IST,CHOLAFIN,Cholamandalam Investment and Finance Company Limited,Financial Services,Credit Services,1420055412736.0,142005.54,24.57,16.93,4.65,695.28,,,56.59,40.55,99.93,34.6,43.7,,,100159102976.0,10015.91,2117722046464.0,211772.2,,,,,12.0,0.47
27.09.2026 at 02:56 PM IST,WEBELSOLAR,Websol Energy System Limited,Technology,Solar,31793790976.0,3179.38,10.2,,5.26,20.73,,,27.85,26.06,55.83,70.3,14.4,,,1524400000.0,152.44,1307399936.0,130.74,,,,,34.0,0.24
27.09.2026 at 02:56 PM IST,AHLADA,Ahlada Engineers Limited,Industrials,Building Products & Equipment,505986368.0,50.6,279.71,,0.37,27.95,,,4.6,-0.23,43.64,-12.1,-68.9,,,11096000.0,1.11,383575008.0,38.36,,,,,4.33,0.81
27.09.2026 at 02:56 PM IST,SERVOTECH,Servotech Renewable Power System Limited,Industrials,Electrical Equipment & Parts,15980817408.0,1598.08,43.41,,5.59,71.47,,,6.9,4.99,24.14,57.8,78.3,,,707132992.0,70.71,2114513024.0,211.45,,,,,3.0,0.23
27.09.2026 at 02:56 PM IST,WEIZMANIND,Weizmann Limited,Consumer Cyclical,Textile Manufacturing,1131051136.0,113.11,18.43,,1.71,9.44,,,7.72,4.77,27.64,5.8,17.9,,,18591000.0,1.86,62346000.0,6.23,,,,,68.0,0.2
27.09.2026 at 02:56 PM IST,ESCORTS,Escorts Kubota Limited,Industrials,Farm & Heavy Construction Machinery,314205208576.0,31420.52,22.73,20.55,2.58,1.31,,,9.02,11.29,28.82,28.3,-72.4,,,67292999680.0,6729.3,1618899968.0,161.89,,,,,1.16,0.28
27.09.2026 at 02:56 PM IST,LINDEINDIA,Linde India Limited,Basic Materials,Specialty Chemicals,523858345984.0,52385.83,96.16,71.38,12.28,1.85,,,19.9,20.59,58.52,21.6,-2.5,,,1104460032.0,110.45,789160000.0,78.92,,,,,7.0,-0.06
27.09.2026 at 02:56 PM IST,POCL,Pondy Oxides And Chemicals Limited,Basic Materials,Specialty Chemicals,35606663168.0,3560.67,25.83,15.06,4.52,19.29,,,5.28,4.33,10.95,55.1,34.7,,,110430000.0,11.04,1521051008.0,152.11,,,,,43.0,0.02
27.09.2026 at 02:56 PM IST,AADHARHFC,Aadhar Housing Finance Limited,Financial Services,Mortgage Finance,194865758208.0,19486.58,17.24,12.02,2.57,255.57,,,61.72,48.15,98.47,19.6,18.4,,,7909499904.0,790.95,192725499904.0,19272.55,,,,,,0.38
27.09.2026 at 02:56 PM IST,EQUITASBNK,Equitas Small Finance Bank Limited,Financial Services,Banks - Regional,76690833408.0,7669.08,15.03,7.41,1.25,94.25,,,31.5,10.93,100.0,19.2,,,,56662847488.0,5666.28,57725501440.0,5772.55,,,,,,0.44
27.09.2026 at 02:56 PM IST,TATAELXSI,Tata Elxsi Limited,Technology,Software - Application,198542458880.0,19854.25,30.3,22.17,6.53,5.34,,,18.97,16.74,33.08,14.5,18.1,,,16493210624.0,1649.32,1622763008.0,162.28,,,,,2.35,0.31
27.09.2026 at 02:56 PM IST,GODREJCP,Godrej Consumer Products Limited,Consumer Defensive,Household & Personal Products,900508352512.0,90050.84,46.96,32.49,7.12,34.9,,,17.19,12.09,49.72,15.4,11.5,,,28327000064.0,2832.7,44158099456.0,4415.81,,,,,2.27,0.34
27.09.2026 at 02:56 PM IST,HINDUNILVR,Hindustan Unilever Limited,Consumer Defensive,Household & Personal Products,4565021229056.0,456502.12,43.1,36.53,9.37,3.02,,,20.72,22.64,50.37,5.0,8.4,,,69930000384.0,6993.0,14780000256.0,1478.0,,,,,2.26,0.32
27.09.2026 at 02:56 PM IST,BRIGHOTEL,Brigade Hotel Ventures Limited,Consumer Cyclical,Lodging,21320562688.0,2132.06,31.18,18.11,2.23,31.38,,,22.17,12.92,68.84,2.3,,,,2507200000.0,250.72,3077400064.0,307.74,,,,,,
27.09.2026 at 02:56 PM IST,NIRAJ,Niraj Cement Structurals Limited,Industrials,Engineering & Construction,1678007936.0,167.8,7.06,,0.63,28.59,,,7.28,4.29,6.39,10.6,252.9,,,318809984.0,31.88,760211008.0,76.02,,,,,,0.12
27.09.2026 at 02:56 PM IST,IOC,Indian Oil Corporation Limited,Energy,Oil & Gas Refining & Marketing,1916252061696.0,191625.21,5.55,7.21,0.85,58.45,,,-0.13,3.92,16.63,38.5,,,,115512000512.0,11551.2,1318223872000.0,131822.39,,,,,6.08,0.77
27.09.2026 at 02:56 PM IST,REPRO,Repro India Limited,Industrials,Specialty Business Services,4135043584.0,413.5,4.24,,1.18,53.07,,,-3.56,18.94,41.92,20.1,,,,213400000.0,21.34,1855299968.0,185.53,,,,,,0.26
27.09.2026 at 02:56 PM IST,SINTERCOM,Sintercom India Limited,Consumer Cyclical,Auto Parts,2145243392.0,214.52,129.88,,2.11,51.5,,,8.67,1.58,37.67,17.9,80.0,,,5835000.0,0.58,530894016.0,53.09,,,,,,0.36
27.09.2026 at 02:56 PM IST,SBIN,State Bank of India,Financial Services,Banks - Regional,9073697226752.0,907369.72,10.52,9.35,1.46,,15.18,1.13,35.72,22.38,0.0,10.3,9.9,,,2120133509120.0,212013.35,8203340349440.0,820334.03,,,,,1.77,0.39
27.09.2026 at 02:56 PM IST,ROSSARI,Rossari Biotech Limited,Basic Materials,Specialty Chemicals,24606066688.0,2460.61,16.34,13.22,1.85,32.7,,,7.89,5.91,29.53,28.2,4.5,,,1148080000.0,114.81,4359370240.0,435.94,,,,,11.0,0.55
27.09.2026 at 02:56 PM IST,GPIL,Godawari Power & Ispat Limited,Basic Materials,Steel,149292531712.0,14929.25,18.27,10.2,2.43,7.58,,,16.21,13.89,47.53,32.3,-0.6,,,11787200512.0,1178.72,4434800128.0,443.48,,,,,44.0,0.72
27.09.2026 at 02:56 PM IST,CUMMINSIND,Cummins India Limited,Industrials,Specialty Industrial Machinery,1370753990656.0,137075.4,57.8,41.89,16.17,0.43,,,20.46,18.69,35.46,17.9,0.9,,,39070699520.0,3907.07,365100000.0,36.51,,,,,1.33,0.53
27.09.2026 at 02:56 PM IST,BALAJITELE,Balaji Telefilms Limited,Communication Services,Entertainment,11440529408.0,1144.05,,,1.81,3.05,,,10.13,-5.52,7.14,229.9,,,,1276311040.0,127.63,189268000.0,18.93,,,,,,0.63
27.09.2026 at 02:56 PM IST,360ONE,360 One Wam Limited,Financial Services,Asset Management,437691940864.0,43769.19,35.72,26.21,4.42,161.98,,,61.07,26.46,72.87,29.9,12.8,,,14815899648.0,1481.59,159313100800.0,15931.31,,,,,1.68,0.47
27.09.2026 at 02:56 PM IST,KALPATARU,Kalpataru Limited,Real Estate,Real Estate - Development,58040500224.0,5804.05,48.1,42.7,1.41,224.82,,,-11.88,3.37,19.81,6.5,,,,6645499904.0,664.55,91678203904.0,9167.82,,,,,,
27.09.2026 at 02:56 PM IST,ITC,ITC Limited,Consumer Defensive,Tobacco,3370709155840.0,337070.92,16.98,16.0,4.65,3.29,,,24.87,25.94,58.28,-11.1,-16.0,,,245109702656.0,24510.97,23993600000.0,2399.36,,,,,5.95,-0.09
27.09.2026 at 02:56 PM IST,HUDCO,Housing and Urban Development Corporation Limited,Financial Services,Credit Services,348310601728.0,34831.06,8.19,7.25,1.58,645.77,,,90.61,90.68,99.96,9.8,34.9,,,23809900544.0,2380.99,1419120214016.0,141912.02,,,,,3.45,0.82
27.09.2026 at 02:56 PM IST,SOBHA,Sobha Limited,Real Estate,Real Estate - Development,131189571584.0,13118.96,56.81,16.97,2.78,24.62,,,3.86,4.11,32.2,50.0,274.0,,,14898549760.0,1489.85,11620320256.0,1162.03,,,,,49.0,0.43
27.09.2026 at 02:56 PM IST,ALPA,Alpa Laboratories Limited,Healthcare,Drug Manufacturers - Specialty & Generic,1243499392.0,124.35,29.11,11.17,0.67,1.35,,,-19.54,3.82,25.54,25.2,-91.2,,,1378720000.0,137.87,25079000.0,2.51,,,,,,0.9
27.09.2026 at 02:56 PM IST,PFC,Power Finance Corporation Limited,Financial Services,Credit Services,1115434385408.0,111543.44,4.28,3.74,0.78,536.84,,,85.53,54.48,99.22,0.8,2.1,36.78,36.62,388332716032.0,38833.27,10044551725056.0,1004455.17,,,155172405248.0,15517.24,4.62,0.6
27.09.2026 at 02:56 PM IST,IEX,Indian Energy Exchange Limited,Financial Services,Capital Markets,100224139264.0,10022.41,19.77,17.98,7.39,0.82,,,83.75,66.22,100.0,10.1,11.8,,,18049376256.0,1804.94,111559000.0,11.16,,,,,3.55,0.34
27.09.2026 at 02:56 PM IST,PREMIERENE,Premier Energies Limited,Technology,Solar,404676673536.0,40467.67,24.04,18.2,9.37,86.0,,,25.12,19.67,39.49,35.3,53.0,,,24932640768.0,2493.26,37071450112.0,3707.15,,,,,17.0,-0.28
27.09.2026 at 02:56 PM IST,NBCC,NBCC (India) Limited,Industrials,Engineering & Construction,223721996288.0,22372.2,30.13,29.59,7.45,0.01,,,9.31,5.69,12.39,-5.9,16.3,,,65157222400.0,6515.72,2579000.0,0.26,,,,,1.3,0.67
27.09.2026 at 02:56 PM IST,NELCAST,Nelcast Limited,Industrials,Metal Fabrication,10328777728.0,1032.88,25.08,26.72,1.73,42.91,,,2.61,3.07,53.1,2.8,-59.0,,,847734016.0,84.77,2571930112.0,257.19,,,,,59.0,0.38
27.09.2026 at 02:56 PM IST,BLUESTARCO,Blue Star Limited,Industrials,Building Products & Equipment,321753022464.0,32175.3,63.28,40.55,9.38,23.59,,,3.5,3.98,21.93,13.3,-15.1,,,8334199808.0,833.42,8099899904.0,809.99,,,,,54.0,0.15
27.09.2026 at 02:56 PM IST,CIFL,Capital India Finance Limited,Financial Services,Credit Services,8618881024.0,861.89,22.04,,1.28,145.74,,,13.29,7.32,58.4,-8.9,,,,4748086784.0,474.81,10064169984.0,1006.42,,,,,10.0,0.56
27.09.2026 at 02:56 PM IST,AGROPHOS,Agro Phos (India) Limited,Basic Materials,Agricultural Inputs,490633632.0,49.06,5.99,,0.7,42.35,10.39,5.72,3.92,4.77,33.31,-22.6,,1.58,0.36,22308000.0,2.23,298808000.0,29.88,6479375.0,0.65,41557000.0,4.16,4.17,0.13
27.09.2026 at 02:56 PM IST,ADVENZYMES,Advanced Enzyme Technologies Limited,Basic Materials,Specialty Chemicals,32124856320.0,3212.49,19.66,15.82,2.0,1.9,,,21.65,22.13,72.39,2.1,-7.3,,,7048699904.0,704.87,320089984.0,32.01,,,,,88.0,0.68
27.09.2026 at 02:56 PM IST,INTELLECT,Intellect Design Arena Limited,Technology,Software - Application,88323702784.0,8832.37,25.47,14.93,2.77,4.96,,,12.85,11.09,39.66,20.4,8.1,,,8514050048.0,851.41,1587049984.0,158.7,,,,,63.0,0.63
27.09.2026 at 02:56 PM IST,APOLLOTYRE,Apollo Tyres Limited,Consumer Cyclical,Auto Parts,253095788544.0,25309.58,14.84,11.93,1.51,21.99,,,6.45,5.83,43.16,12.8,26.6,,,11051230208.0,1105.12,36752297984.0,3675.23,,,,,2.75,0.15
27.09.2026 at 02:56 PM IST,AFIL,Akme Fintrade (India) Limited,Financial Services,Credit Services,3431069696.0,343.11,7.96,,0.81,118.75,,,62.25,48.82,100.0,23.0,8.7,,,453744992.0,45.37,5033652224.0,503.37,,,,,,0.84
27.09.2026 at 02:56 PM IST,COROMANDEL,Coromandel International Limited,Basic Materials,Agricultural Inputs,578449244160.0,57844.92,31.65,20.33,4.61,11.47,,,6.77,5.62,23.99,15.9,-24.5,,,22944000000.0,2294.4,15061900288.0,1506.19,,,,,56.0,0.13
27.09.2026 at 02:56 PM IST,SOUTHWEST,South West Pinnacle Exploration Limited,Energy,Oil & Gas Equipment & Services,6096347136.0,609.63,14.26,,2.74,39.38,,,19.23,15.11,68.75,53.4,287.3,,,117192000.0,11.72,801420992.0,80.14,,,,,,-0.19
27.09.2026 at 02:56 PM IST,GROBTEA,The Grob Tea Company Limited,Consumer Defensive,Farm Products,1039529792.0,103.95,13.55,,1.12,57.0,,,13.25,6.42,95.5,28.0,141.4,,,2269000.0,0.23,528987008.0,52.9,,,,,22.0,0.24
27.09.2026 at 02:56 PM IST,PACEDIGITK,Pace Digitek Limited,Technology,Communication Equipment,35906871296.0,3590.69,11.79,7.63,1.48,43.56,,,14.7,10.77,25.27,51.3,-6.3,,,7690990080.0,769.1,9809829888.0,980.98,,,,,,
27.09.2026 at 02:56 PM IST,RAMAPHO,Rama Phosphates Limited,Basic Materials,Agricultural Inputs,4325990400.0,432.6,8.04,,1.02,32.87,,,11.62,5.79,31.59,18.1,6.4,,,1545000.0,0.15,1388542976.0,138.85,,,,,61.0,0.42
27.09.2026 at 02:56 PM IST,ROUTE,Route Mobile Limited,Communication Services,Telecom Services,29170425856.0,2917.04,11.74,7.66,1.05,1.49,,,7.05,5.51,16.07,9.6,17.6,,,14056599552.0,1405.66,419800000.0,41.98,,,,,1.73,0.37
27.09.2026 at 02:56 PM IST,AVANTEL,Avantel Limited,Technology,Communication Equipment,41445089280.0,4144.51,371.29,,12.25,10.16,,,14.67,7.11,58.69,35.7,66.7,,,72862000.0,7.29,343795008.0,34.38,,,,,13.0,0.13
27.09.2026 at 02:56 PM IST,BALMLAWRIE,Balmer Lawrie & Co. Ltd.,Industrials,Conglomerates,28071991296.0,2807.2,10.05,,1.35,10.54,,,10.7,10.02,35.05,10.0,3.7,,,4529809920.0,452.98,2196474112.0,219.65,,,,,10.36,0.68
27.09.2026 at 02:56 PM IST,SUNTECK,Sunteck Realty Limited,Real Estate,Real Estate - Development,41556295680.0,4155.63,19.48,12.72,1.15,17.31,,,32.94,18.92,54.31,1.7,26.3,,,949833024.0,94.98,7741707776.0,774.17,,,,,53.0,0.74
27.09.2026 at 02:56 PM IST,VMM,Vishal Mega Mart Limited,Consumer Cyclical,Department Stores,484825923584.0,48482.59,54.47,38.33,6.51,26.82,,,9.64,6.61,28.5,18.7,25.0,,,17139179520.0,1713.92,19879780352.0,1987.98,,,,,,
27.09.2026 at 02:56 PM IST,CSLFINANCE,CSL Finance Limited,Financial Services,Credit Services,4839081984.0,483.91,5.68,,0.79,137.67,,,77.31,32.51,95.44,15.9,3.9,,,926886016.0,92.69,8556990976.0,855.7,,,,,1.39,0.46
27.09.2026 at 02:56 PM IST,SHIVAMAUTO,Shivam Autotech Limited,Consumer Cyclical,Auto Parts,2306228736.0,230.62,,,-3.83,,,,-0.47,-19.64,51.35,20.9,,,,223356000.0,22.34,4030262016.0,403.03,,,,,,0.44
27.09.2026 at 02:56 PM IST,BAJAJFINSV,Bajaj Finserv Ltd.,Financial Services,Financial Conglomerates,2834033541120.0,283403.35,28.04,18.66,3.63,256.4,,,40.22,6.47,51.48,19.3,12.7,,,90790502400.0,9079.05,3614400839680.0,361440.08,,,,,7.0,0.37
27.09.2026 at 02:56 PM IST,SUBROS,Subros Limited,Consumer Cyclical,Auto Parts,47028453376.0,4702.85,28.25,19.64,3.78,6.01,,,5.04,4.25,26.69,17.5,1.6,,,1400700032.0,140.07,747600000.0,74.76,,,,,42.0,0.55
27.09.2026 at 02:56 PM IST,IRIS,IRIS RegTech Solutions Limited,Technology,Software - Application,4852872704.0,485.29,4.41,,2.42,0.83,,,-9.46,92.13,45.56,9.7,,,,1029500032.0,102.95,16600000.0,1.66,,,,,,0.83
27.09.2026 at 02:56 PM IST,HAPPSTMNDS,Happiest Minds Technologies Limited,Technology,Information Technology Services,46656331776.0,4665.63,20.97,14.33,2.63,98.7,13.32,,15.11,9.32,32.88,14.3,18.2,1.66,1.63,19671599104.0,1967.16,17525100544.0,1752.51,,,,,2.35,0.06
27.09.2026 at 02:56 PM IST,STANLEY,Stanley Lifestyles Limited,Consumer Cyclical,"Furnishings, Fixtures & Appliances",8244376064.0,824.44,176.0,,1.77,65.39,,,1.88,1.14,57.82,-8.6,-94.2,,,1830000000.0,183.0,3087000064.0,308.7,,,,,,0.76
27.09.2026 at 02:56 PM IST,HAVISHA,Sri Havisha Hospitality and Infrastructure Limited,Consumer Cyclical,Lodging,418611680.0,41.86,,,1.79,237.23,,,-19.74,-37.32,38.45,3.3,,,,11668000.0,1.17,486259008.0,48.63,,,,,,0.83
27.09.2026 at 02:56 PM IST,NBIFIN,N.B.I. Industrial Finance Company Limited,Financial Services,Capital Markets,5692222976.0,569.22,40.99,,0.22,,,,68.95,64.25,99.97,419.5,,,,468312992.0,46.83,0.0,0.0,,,,,4.0,0.25
27.09.2026 at 02:56 PM IST,HINDPETRO,Hindustan Petroleum Corporation Limited,Energy,Oil & Gas Refining & Marketing,746865688576.0,74686.57,44.71,6.17,1.14,85.37,,,-12.85,0.36,6.47,26.9,,,,32777699328.0,3277.77,559644278784.0,55964.43,,,,,6.91,0.9
27.09.2026 at 02:56 PM IST,AKG,AKG Exim Limited,Industrials,Industrial Distribution,304737376.0,30.47,87.18,,0.62,10.82,,,1.27,0.47,9.23,-27.4,50.0,,,379000.0,0.04,57883000.0,5.79,,,,,,0.53
27.09.2026 at 02:56 PM IST,VINATIORGA,Vinati Organics Limited,Basic Materials,Specialty Chemicals,125152722944.0,12515.27,27.85,21.47,3.95,,,,19.94,18.83,44.39,28.4,4.5,,,1965100032.0,196.51,0.0,0.0,,,,,70.0,0.24
27.09.2026 at 02:56 PM IST,NILASPACES,Nila Spaces Limited,Real Estate,Real Estate - Development,4356414976.0,435.64,14.18,,2.48,46.03,,,35.52,16.32,44.73,14.3,40.0,,,131824000.0,13.18,786817024.0,78.68,,,,,,0.95
27.09.2026 at 02:56 PM IST,BRITANNIA,Britannia Industries Limited,Consumer Defensive,Packaged Foods,1189287165952.0,118928.72,45.66,37.94,23.29,26.88,,,15.21,13.38,41.42,8.2,13.6,,,18585200640.0,1858.52,13802800128.0,1380.28,,,,,1.83,0.41
27.09.2026 at 02:56 PM IST,SUMICHEM,Sumitomo Chemical India Limited,Basic Materials,Agricultural Inputs,222793695232.0,22279.37,38.45,30.58,6.57,1.86,,,20.32,17.86,41.83,0.6,20.4,,,12887329792.0,1288.73,633000000.0,63.3,,,,,29.0,0.21
27.09.2026 at 02:56 PM IST,JPPOWER,Jaiprakash Power Ventures Limited,Utilities,Utilities - Independent Power Producers,108764389376.0,10876.44,22.67,-9.34,1.22,26.63,,,36.14,11.14,36.72,12.2,67.7,,,7549499904.0,754.95,33910800384.0,3391.08,,,,,,0.31
27.09.2026 at 02:56 PM IST,BROOKS,Brooks Laboratories Limited,Healthcare,Drug Manufacturers - Specialty & Generic,1738272128.0,173.83,13.14,10.16,1.42,6.94,,,6.3,15.88,41.44,-10.0,,,,66733000.0,6.67,85171000.0,8.52,,,,,,1.09
27.09.2026 at 02:56 PM IST,TRACXN,Tracxn Technologies Limited,Technology,Software - Application,3489944320.0,348.99,,,6.63,,,,-20.35,-14.34,1.13,-0.6,,,,890147968.0,89.01,0.0,0.0,,,,,,0.98
27.09.2026 at 02:56 PM IST,AWFIS,Awfis Space Solutions Limited,Industrials,Rental & Leasing Services,18406051840.0,1840.61,21.67,12.34,3.33,271.73,,,11.56,5.36,83.63,27.0,138.6,,,895870016.0,89.59,15011720192.0,1501.17,,,,,,1.05
27.09.2026 at 02:56 PM IST,VIPCLOTHNG,VIP Clothing Limited,Consumer Cyclical,Apparel Manufacturing,1949501440.0,194.95,21.0,,1.0,35.85,,,6.71,3.75,28.28,-1.2,-16.0,,,103653000.0,10.37,696856000.0,69.69,,,,,,0.28
27.09.2026 at 02:56 PM IST,RUBFILA,Rubfila International Limited,Basic Materials,Specialty Chemicals,3435677184.0,343.57,13.36,,1.09,0.31,8.43,,4.82,4.35,26.23,-7.9,-13.0,5.88,3.08,365968000.0,36.6,9823000.0,0.98,,,49723000.0,4.97,3.16,0.83
27.09.2026 at 02:56 PM IST,RUSHIL,Rushil Décor Limited,Consumer Cyclical,"Furnishings, Fixtures & Appliances",4724011008.0,472.4,20.38,3.34,0.74,39.93,,,4.14,2.49,44.64,27.8,,,,55390000.0,5.54,2598850048.0,259.89,,,,,31.0,0.4
27.09.2026 at 02:56 PM IST,VIVIANA,Viviana Power Tech Limited,Industrials,Engineering & Construction,7285299712.0,728.53,13.06,,6.69,86.05,,,15.45,9.72,28.53,128.5,90.4,,,16344000.0,1.63,999761024.0,99.98,,,,,14.0,0.33
27.09.2026 at 02:56 PM IST,MMTC,MMTC Limited,Industrials,Conglomerates,87524999168.0,8752.5,19.65,,4.13,0.11,,,-30.72,163.87,100.0,-50.0,130.0,,,17886699520.0,1788.67,24200000.0,2.42,,,,,,0.64
27.09.2026 at 02:56 PM IST,JAIBALAJI,Jai Balaji Industries Limited,Basic Materials,Steel,59259854848.0,5925.99,41.11,,2.67,18.45,,,7.12,2.37,27.87,24.0,20.8,,,603400000.0,60.34,4166299904.0,416.63,,,,,,0.38
27.09.2026 at 02:56 PM IST,CREDITACC,CreditAccess Grameen Limited,Financial Services,Credit Services,208145088512.0,20814.51,17.24,10.04,2.65,302.87,16.36,,64.59,39.81,97.99,149.5,7.15,,,21539899392.0,2153.99,237519896576.0,23751.99,,,,,,0.09
27.09.2026 at 02:56 PM IST,CANBK,Canara Bank,Financial Services,Banks - Regional,1133740687360.0,113374.07,5.71,5.37,0.96,,,,44.14,43.13,0.0,-12.9,62.2,,,1555679936512.0,155567.99,1552876830720.0,155287.68,,,,,3.36,0.5
27.09.2026 at 02:56 PM IST,DMART,Avenue Supermarts Limited,Consumer Defensive,Discount Stores,2500841439232.0,250084.14,81.96,55.64,10.2,9.91,,,6.45,4.29,15.19,14.9,11.4,,,3057799936.0,305.78,24249899008.0,2424.99,,,,,,0.23
27.09.2026 at 02:56 PM IST,JKIL,J. Kumar Infraprojects Limited,Industrials,Engineering & Construction,35831398400.0,3583.14,9.4,6.85,1.06,18.44,,,10.78,6.62,23.49,1.8,-5.8,,,6928745984.0,692.87,6211883008.0,621.19,,,,,84.0,0.33
27.09.2026 at 02:56 PM IST,AFSL,Abans Financial Services Limited,Financial Services,Capital Markets,10294240256.0,1029.42,7.58,,0.81,55.76,,,2.67,0.5,1.45,95.9,88.9,,,19216021504.0,1921.6,7537318912.0,753.73,,,,,,-0.07
27.09.2026 at 02:56 PM IST,JMFINANCIL,JM Financial Limited,Financial Services,Capital Markets,122190389248.0,12219.04,11.76,8.51,1.15,102.44,,,47.23,30.87,87.61,-10.3,-35.7,,,85386797056.0,8538.68,116346298368.0,11634.63,,,,,1.37,0.41
27.09.2026 at 02:56 PM IST,ANURAS,Anupam Rasayan India Ltd,Basic Materials,Specialty Chemicals,135754555392.0,13575.46,77.53,29.91,4.07,41.32,,,16.23,6.89,46.18,34.8,-9.4,,,4106160128.0,410.62,19129450496.0,1912.95,,,,,13.0,0.11
27.09.2026 at 02:56 PM IST,PATELENG,Patel Engineering Limited,Industrials,Engineering & Construction,26368866304.0,2636.89,9.42,6.57,0.65,27.38,,,11.96,5.57,26.36,3.8,8.0,,,5501060096.0,550.11,12160889856.0,1216.09,,,,,,0.54
27.09.2026 at 02:56 PM IST,EVEREADY,Eveready Industries India Limited,Industrials,Electrical Equipment & Parts,23405299712.0,2340.53,13.12,,3.76,32.4,,,13.21,11.97,42.82,9.0,22.4,,,76236000.0,7.62,2018032000.0,201.8,,,,,78.0,0.5
27.09.2026 at 02:56 PM IST,NDL,Nandan Denim Limited,Consumer Cyclical,Textile Manufacturing,3762241024.0,376.22,,0.14,0.58,18.05,,,2.05,1.5,14.56,-40.6,25.0,,,237027008.0,23.7,1175411968.0,117.54,,,,,,1.02
27.09.2026 at 02:56 PM IST,EKC,Everest Kanto Cylinder Limited,Industrials,Specialty Industrial Machinery,12374262784.0,1237.43,9.87,6.94,0.88,19.07,,,9.36,8.76,44.73,-10.5,-41.7,,,1526499968.0,152.65,2668900096.0,266.89,,,,,63.0,0.62
27.09.2026 at 02:56 PM IST,MASFIN,MAS Financial Services Limited,Financial Services,Credit Services,51305943040.0,5130.59,13.01,8.81,1.72,339.79,,,55.99,40.51,85.18,27.6,24.1,,,10040200192.0,1004.02,103174897664.0,10317.49,,,,,71.0,0.26
27.09.2026 at 02:56 PM IST,VOLTAS,Voltas Limited,Consumer Cyclical,"Furnishings, Fixtures & Appliances",369995284480.0,36999.53,82.65,35.21,5.8,15.51,,,5.22,3.0,22.23,18.7,52.0,,,12949300224.0,1294.93,9924800512.0,992.48,,,,,36.0,0.12
27.09.2026 at 02:56 PM IST,ELCIDIN,Elcid Investments Limited,,,,,,,0.24,,,,98.78,82.73,99.8,-20.2,-18.5,,,23041000.0,2.3,0.0,0.0,,,,,,-20934.23
27.09.2026 at 02:56 PM IST,SAURASHCEM,Saurashtra Cement Limited,Basic Materials,Building Materials,6201722368.0,620.17,92.87,,0.65,11.12,,,2.11,0.39,44.97,7.8,-45.7,,,2235885056.0,223.59,1069238016.0,106.92,,,,,,0.25
27.09.2026 at 02:56 PM IST,HDBFS,HDB Financial Services Limited,Financial Services,Credit Services,536962859008.0,53696.29,19.38,13.72,2.6,484.31,,,42.42,29.79,99.79,21.0,32.6,,,25889400832.0,2588.94,1000786690048.0,100078.67,,,,,62.0,
27.09.2026 at 02:56 PM IST,PUNJABCHEM,Punjab Chemicals and Crop Protection Limited,Basic Materials,Chemicals,13213729792.0,1321.37,20.2,,3.12,36.42,,,9.64,6.18,38.96,8.7,7.0,,,104200000.0,10.42,1542200064.0,154.22,,,,,28.0,0.5
27.09.2026 at 02:56 PM IST,ISHANCH,Ishan Dyes and Chemicals Limited,Basic Materials,Chemicals,1372388480.0,137.24,,,0.92,63.52,,,3.17,-7.36,18.38,154.7,-57.1,,,4038000.0,0.4,902862016.0,90.29,,,,,,0.8
27.09.2026 at 02:56 PM IST,IXIGO,Le Travenues Technology Limited,Consumer Cyclical,Travel Services,69155741696.0,6915.57,80.0,38.35,3.4,2.15,,,5.51,6.74,82.16,13.4,50.0,,,9713290240.0,971.33,440220000.0,44.02,,,,,,-0.55
27.09.2026 at 02:56 PM IST,POKARNA,Pokarna Limited,Industrials,Building Products & Equipment,22600366080.0,2260.04,23.81,,2.64,53.46,,,29.67,16.03,70.42,10.8,50.5,,,136080992.0,13.61,4581252096.0,458.13,,,,,8.0,0.33
27.09.2026 at 02:56 PM IST,BIRLACORPN,Birla Corporation Limited,Basic Materials,Building Materials,65477644288.0,6547.76,11.82,10.88,0.89,46.04,,,7.56,5.62,82.08,7.8,48.7,,,12043799552.0,1204.38,33907200000.0,3390.72,,,,,1.47,0.46
27.09.2026 at 02:56 PM IST,ZAGGLE,Zaggle Prepaid Ocean Services Limited,Technology,Software - Infrastructure,24093976576.0,2409.4,18.59,10.82,1.84,3.88,,,29.4,6.48,40.47,27.5,-33.0,,,5457719808.0,545.77,546339968.0,54.63,,,,,,0.58
27.09.2026 at 02:56 PM IST,REDTAPE,REDTAPE Limited,Consumer Cyclical,Footwear & Accessories,66917363712.0,6691.74,27.2,,6.55,70.49,,,15.1,9.81,44.41,6.9,14.3,,,90500000.0,9.05,7199600128.0,719.96,,,,,1.65,0.13
27.09.2026 at 02:56 PM IST,JINDALPHOT,Jindal Photo Limited,Financial Services,Asset Management,10898838528.0,1089.88,,,1.06,6.34,,,97.99,0.0,100.0,13.76,-75.0,,,300000.0,0.03,647800000.0,64.78,,,,,,-0.76
27.09.2026 at 02:56 PM IST,MSPL,MSP Steel & Power Limited,Basic Materials,Steel,19118051328.0,1911.81,53.54,-1.95,1.86,31.17,,,4.62,1.28,21.44,16.3,23.3,,,44924000.0,4.49,3211936000.0,321.19,,,,,,0.9
27.09.2026 at 02:56 PM IST,SONATSOFTW,Sonata Software Limited,Technology,Information Technology Services,77474766848.0,7747.48,16.74,13.36,4.07,37.96,,,4.34,4.21,12.1,10.6,-0.8,,,5792799744.0,579.28,7230300160.0,723.03,,,,,2.82,0.38
27.09.2026 at 02:56 PM IST,GOPAL,Gopal Snacks Limited,Consumer Defensive,Packaged Foods,32531806208.0,3253.18,38.72,25.03,6.8,32.17,,,4.94,5.22,27.16,31.1,415.0,,,7510000.0,0.75,1540259968.0,154.03,,,,,38.0,0.8
27.09.2026 at 02:56 PM IST,HDFCAMC,HDFC Asset Management Company Limited,Financial Services,Asset Management,1020336537600.0,102033.65,34.72,27.1,11.04,2.36,,,80.2,61.62,88.85,13.4,11.8,,,91690598400.0,9169.06,2182000128.0,218.2,,,,,2.27,0.55
27.09.2026 at 02:56 PM IST,EPIGRAL,Epigral Limited,Basic Materials,Chemicals,45755699200.0,4575.57,16.9,10.4,2.06,25.75,,,19.32,10.32,37.24,16.3,-37.9,,,50200000.0,5.02,5720399872.0,572.04,,,,,47.0,0.21
27.09.2026 at 02:56 PM IST,POWERGRID,Power Grid Corporation of India Limited,Utilities,Utilities - Regulated Electric,2506512662528.0,250651.27,13.19,13.92,2.49,150.81,,,55.74,33.8,97.6,2.7,-0.8,,,57857601536.0,5785.76,1515580948480.0,151558.09,,,,,3.8,0.16
27.09.2026 at 02:56 PM IST,DAVANGERE,Davangere Sugar Company Limited,Consumer Defensive,Confectioners,4070150144.0,407.02,48.0,,0.93,60.22,,,22.99,3.26,31.25,44.2,-95.0,,,65670000.0,6.57,3039998976.0,304.0,,,,,,0.55
27.09.2026 at 02:56 PM IST,PGEL,PG Electroplast Limited,Technology,Electronic Components,148548534272.0,14854.85,72.42,31.45,4.86,19.57,,,5.98,3.54,16.99,35.3,13.7,,,3893722112.0,389.37,5965281792.0,596.53,,,,,5.0,-0.16
27.09.2026 at 02:56 PM IST,BDL,Bharat Dynamics Limited,Industrials,Aerospace & Defense,417881260032.0,41788.13,80.0,37.49,9.85,0.01,,,10.98,18.83,47.92,130.8,5.48,,,47093149696.0,4709.31,3152000.0,0.32,,,,,43.0,0.32
27.09.2026 at 02:56 PM IST,MUTHOOTMF,Muthoot Microfin Limited,Financial Services,Credit Services,30459715584.0,3045.97,12.42,5.97,1.07,341.25,,,32.11,20.95,98.13,48.3,12.42,,,8837929984.0,883.79,97403863040.0,9740.39,,,,,,0.66
27.09.2026 at 02:56 PM IST,NAVA,Nava Limited,Industrials,Conglomerates,156232744960.0,15623.27,20.61,,1.78,20.68,,,35.09,17.54,52.98,1.6,-10.0,,,34930257920.0,3493.03,22264098816.0,2226.41,,,,,1.54,0.44
27.09.2026 at 02:56 PM IST,HARDWYN,Hardwyn India Limited,Industrials,Building Products & Equipment,6338897408.0,633.89,48.79,,1.56,1.56,,,11.51,6.46,14.74,-19.4,20.0,,,20883000.0,2.09,64382000.0,6.44,,,,,,-0.33
27.09.2026 at 02:56 PM IST,SNOWMAN,Snowman Logistics Limited,Industrials,Integrated Freight & Logistics,5837400576.0,583.74,109.09,24.94,1.46,77.68,,,6.32,0.86,25.37,9.2,80.0,,,142406000.0,14.24,3123632896.0,312.36,,,,,1.43,0.66
27.09.2026 at 02:56 PM IST,MARUTI,Maruti Suzuki India Limited,Consumer Cyclical,Auto Manufacturers,3793266933760.0,379326.69,26.45,19.91,3.54,0.1,,,4.83,7.27,26.35,35.9,-9.1,,,173457997824.0,17345.8,1025000000.0,102.5,,,,,1.16,0.23
27.09.2026 at 02:56 PM IST,GULPOLY,Gulshan Polyols Limited,Basic Materials,Chemicals,10593567744.0,1059.36,7.2,,1.48,43.5,,,11.63,6.25,36.05,7.9,306.6,,,281040000.0,28.1,3125575936.0,312.56,,,,,88.0,0.38
27.09.2026 at 02:56 PM IST,GTPL,GTPL Hathway Limited,Communication Services,Entertainment,6362034176.0,636.2,84.43,4.8,0.55,39.62,,,0.78,0.19,25.67,12.4,-77.7,,,673110016.0,67.31,5020460032.0,502.05,,,,,3.54,0.29
27.09.2026 at 02:56 PM IST,SBICARD,SBI Cards and Payment Services Limited,Financial Services,Credit Services,581644713984.0,58164.47,25.54,17.19,3.7,280.21,,,26.67,18.2,24.65,23.4,19.5,,,23197800448.0,2319.78,440637292544.0,44063.73,,,,,41.0,0.24
27.09.2026 at 02:56 PM IST,DJML,DJ Mediaprint & Logistics Limited,Industrials,Specialty Business Services,2581516288.0,258.15,22.11,,2.74,42.85,,,11.01,7.58,25.46,44.0,14.3,,,15820000.0,1.58,394780992.0,39.48,,,,,21.0,-0.14
27.09.2026 at 02:56 PM IST,SAMPANN,Sampann Utpadan India Limited,Basic Materials,Specialty Chemicals,1255261568.0,125.53,18.06,,2.52,201.92,20.73,4.44,7.26,4.62,19.67,27.6,-6.7,1.99,0.55,4094000.0,0.41,963488000.0,96.35,,,,,,0.39
27.09.2026 at 02:56 PM IST,KPIGREEN,KPI Green Energy Limited,Utilities,Utilities - Renewable,67159052288.0,6715.91,14.73,,2.21,158.76,,,28.05,16.43,48.11,15.1,-17.7,,,7581110784.0,758.11,51969515520.0,5196.95,,,,,29.0,0.64
27.09.2026 at 02:56 PM IST,ANNAPURNA,Annapurna Swadisht Limited,Consumer Defensive,Packaged Foods,2879585536.0,287.96,9.18,,0.81,69.28,,,14.2,6.21,32.33,1.6,27.5,,,145160000.0,14.52,2287729920.0,228.77,,,,,,0.06
27.09.2026 at 02:56 PM IST,TVTODAY,T.V. Today Network Limited,Communication Services,Broadcasting,6346354176.0,634.64,27.55,5.37,0.71,1.65,,,3.77,2.11,44.07,4.6,39.8,,,2222899968.0,222.29,146700000.0,14.67,,,,,2.73,0.08
27.09.2026 at 02:56 PM IST,LATENTVIEW,Latent View Analytics Limited,Industrials,Consulting Services,50476535808.0,5047.65,25.85,18.9,2.87,1.86,,,15.86,17.54,33.27,21.5,-5.3,,,7198099968.0,719.81,332409984.0,33.24,,,,,,0.43
27.09.2026 at 02:56 PM IST,MAZDOCK,Mazagon Dock Shipbuilders Limited,Industrials,Aerospace & Defense,887274668032.0,88727.47,33.11,28.4,9.1,4.48,,,14.19,20.12,32.58,12.1,21.5,,,130964897792.0,13096.49,4473699840.0,447.37,,,,,95.0,0.62
27.09.2026 at 02:56 PM IST,CONCOR,Container Corporation of India Limited,Industrials,Railroads,351486672896.0,35148.67,28.24,19.78,2.72,7.39,,,13.64,13.67,39.47,0.3,0.6,,,34873200640.0,3487.32,9645700096.0,964.57,,,,,1.86,0.22
27.09.2026 at 02:56 PM IST,JSWCEMENT,JSW Cement Limited,Basic Materials,Building Materials,155924332544.0,15592.43,20.47,20.3,2.36,68.39,,,10.6,10.87,59.1,19.9,,,,4475400192.0,447.54,44643901440.0,4464.39,,,,,43.0,
27.09.2026 at 02:56 PM IST,BATAINDIA,Bata India Limited,Consumer Cyclical,Footwear & Accessories,80946642944.0,8094.66,55.25,29.56,5.07,86.9,,,10.56,4.11,55.1,3.9,23.0,,,5264059904.0,526.41,13865700352.0,1386.57,,,,,5.4,0.38
27.09.2026 at 02:56 PM IST,TATAINVEST,Tata Investment Corporation Limited,Financial Services,Asset Management,329678946304.0,32967.89,76.3,,1.13,0.01,,,91.65,105.25,99.99,4.1,-1.8,,,324551180288.0,32455.12,19179000.0,1.92,,,,,52.0,0.3
27.09.2026 at 02:56 PM IST,CENTEXT,Century Extrusions Limited,Basic Materials,Aluminum,1631676672.0,163.17,13.26,,1.79,82.3,,,6.21,2.41,20.1,32.8,56.7,,,66300000.0,6.63,682300032.0,68.23,,,,,,0.13
27.09.2026 at 02:56 PM IST,SARDAEN,Sarda Energy & Minerals Limited,Basic Materials,Steel,173776830464.0,17377.68,15.39,10.42,2.36,35.2,,,35.12,19.94,50.6,-1.5,5.4,,,23797499904.0,2379.75,26319200256.0,2631.92,,,,,41.0,0.53
27.09.2026 at 02:56 PM IST,CMSINFO,CMS Info Systems Limited,Industrials,Specialty Business Services,37321986048.0,3732.2,13.12,9.18,1.58,9.1,,,15.14,11.77,93.16,1.2,-8.8,,,4457330176.0,445.73,2213819904.0,221.38,,,,,2.14,0.32
27.09.2026 at 02:56 PM IST,MADHAV,Madhav Marbles and Granites Limited,Industrials,Building Products & Equipment,320034208.0,32.0,,,0.26,6.74,,,-7.34,-0.75,37.61,-1.5,,,,14602000.0,1.46,79553296.0,7.96,,,,,,0.46
27.09.2026 at 02:56 PM IST,HLVLTD,HLV Limited,Consumer Cyclical,Lodging,4304967168.0,430.5,93.29,,0.92,7.49,,,-7.31,2.31,63.51,14.6,,,,1347100032.0,134.71,352900000.0,35.29,,,,,,0.51
27.09.2026 at 02:56 PM IST,RELIANCE,Reliance Industries Limited,Energy,Oil & Gas Refining & Marketing,16590810644480.0,1659081.06,22.22,17.17,1.84,36.65,,,12.33,6.61,33.84,29.7,-22.4,,,2581470117888.0,258147.01,3979999969280.0,398000.0,,,,,49.0,0.15
27.09.2026 at 02:56 PM IST,MRPL,Mangalore Refinery and Petrochemicals Limited,Energy,Oil & Gas Refining & Marketing,288477773824.0,28847.78,9.19,3.21,2.02,108.06,,,2.4,2.87,11.12,120.4,,,,6105900032.0,610.59,153410207744.0,15341.02,,,,,2.43,0.09
27.09.2026 at 02:56 PM IST,FORCEMOT,Force Motors Limited,Consumer Cyclical,Auto Manufacturers,229108842496.0,22910.88,18.32,,5.56,,,,10.26,13.61,31.09,6.2,22.8,,,8315899904.0,831.59,0.0,0.0,,,,,29.0,0.65
27.09.2026 at 02:56 PM IST,AMJLAND,AMJ Land Holdings Limited,Real Estate,Real Estate - Development,1545699968.0,154.57,10.62,,0.73,,,,28.97,23.47,56.25,2.5,-7.1,,,1090110976.0,109.01,0.0,0.0,,,,,53.0,0.33
27.09.2026 at 02:56 PM IST,GLOSTERLTD,Gloster Limited,Consumer Cyclical,Textile Manufacturing,6048339968.0,604.83,47.16,,0.56,88.11,,,4.83,0.83,39.18,39.8,,,,185274000.0,18.53,9591956480.0,959.2,,,,,3.62,0.34
27.09.2026 at 02:56 PM IST,LEMONTREE,Lemon Tree Hotels Limited,Consumer Cyclical,Lodging,84054622208.0,8405.46,35.74,21.49,6.04,96.37,,,33.39,15.84,71.76,9.2,20.8,,,1641208064.0,164.12,20036470784.0,2003.65,,,,,,-0.18
27.09.2026 at 02:56 PM IST,TARIL,Transformers and Rectifiers (India) Limited,Industrials,Electrical Equipment & Parts,83341041664.0,8334.1,31.27,21.64,5.38,29.59,,,15.12,10.13,31.88,8.1,-8.5,,,2923099904.0,292.31,4566499840.0,456.65,,,,,9.0,-0.25
27.09.2026 at 02:56 PM IST,AGL,Allcargo Global Limited,Industrials,Integrated Freight & Logistics,13493597184.0,1349.36,,,1.04,,,,-0.65,-1.86,83.7,5.8,,,,,,,,,,,,,
27.09.2026 at 02:56 PM IST,SENCO,Senco Gold Limited,Consumer Cyclical,Luxury Goods,54267609088.0,5426.76,9.5,12.32,2.16,107.38,,,6.27,5.91,18.46,67.3,-3.3,,,456889984.0,45.69,26991099904.0,2699.11,,,,,53.0,0.36
27.09.2026 at 02:56 PM IST,PEARLPOLY,Pearl Polymers Limited,Consumer Cyclical,Packaging & Containers,303533824.0,30.35,,,1.05,,,,-29.54,-26.8,40.53,2.5,-18.6,,,233524992.0,23.35,0.0,0.0,,,,,,0.64
27.09.2026 at 02:56 PM IST,HINDCOMPOS,Hindustan Composites Limited,Consumer Cyclical,Auto Parts,5720772096.0,572.08,18.15,,0.5,0.15,,,7.88,8.5,51.8,-77.0,16.4,,,361700000.0,36.17,16800000.0,1.68,,,,,52.0,0.35
27.09.2026 at 02:56 PM IST,RVNL,Rail Vikas Nigam Limited,Industrials,Engineering & Construction,431599157248.0,43159.92,47.92,37.64,4.39,49.08,,,4.03,4.32,6.4,10.6,16.9,,,6357100032.0,635.71,48184901632.0,4818.49,,,,,1.66,0.81
27.09.2026 at 02:56 PM IST,GLOBUSSPR,Globus Spirits Limited,Consumer Defensive,Beverages - Wineries & Distilleries,26193098752.0,2619.31,7.14,17.79,2.18,48.42,,,6.48,3.59,34.21,12.7,48.7,,,706558016.0,70.66,5274258944.0,527.43,,,,,78.0,0.42
27.09.2026 at 02:56 PM IST,MFSL,Max Financial Services Limited,Financial Services,Insurance - Life,500529594368.0,50052.96,454.21,130.24,9.48,36.45,,,1.19,0.22,11.77,16.8,37.3,,,21371498496.0,2137.15,23402903552.0,2340.29,,,,,,0.71
27.09.2026 at 02:56 PM IST,NATHBIOGEN,Nath Bio-Genes (India) Limited,Basic Materials,Agricultural Inputs,2842193920.0,284.22,6.22,,0.49,20.35,,,10.4,9.31,53.76,15.8,-13.3,,,759953024.0,76.0,1385015040.0,138.5,,,,,1.34,0.84
27.09.2026 at 02:56 PM IST,AIAENG,AIA Engineering Limited,Industrials,Specialty Industrial Machinery,365759856640.0,36575.99,28.9,25.65,4.56,0.13,,,23.88,27.84,54.66,12.4,-1.3,,,43838373888.0,4383.84,102667000.0,10.27,,,,,41.0,0.25
27.09.2026 at 02:56 PM IST,RELCHEMQ,Reliance Chemotex Industries Limited,Consumer Cyclical,Textile Manufacturing,891800000.0,89.18,16.04,,0.63,187.46,,,7.25,1.51,42.61,7.0,28.4,,,128453000.0,12.85,2675919872.0,267.59,,,,,42.0,-0.06
27.09.2026 at 02:56 PM IST,KRISHNADEF,Krishna Defence and Allied Industries Limited,Industrials,Specialty Industrial Machinery,15034935296.0,1503.49,35.97,,7.77,1.12,,,28.77,18.46,48.61,-15.2,22.6,,,295315008.0,29.53,21690000.0,2.17,,,,,12.0,0.9
27.09.2026 at 02:56 PM IST,SILVERTUC,Silver Touch Technologies Limited,Technology,Information Technology Services,18741250048.0,1874.13,5.13,,11.07,19.45,,,17.39,11.71,40.84,22.3,148.4,,,131116000.0,13.11,330052000.0,33.01,,,,,7.0,0.68
27.09.2026 at 02:56 PM IST,INDTERRAIN,Indian Terrain Fashions Limited,Consumer Cyclical,Apparel Retail,1516474368.0,151.65,374.12,2.73,0.81,55.33,,,3.87,0.11,42.48,18.8,,,,419200000.0,41.92,1017699968.0,101.77,,,,,,0.53
27.09.2026 at 02:56 PM IST,FABTECH,Fabtech Technologies Limited,Healthcare,Health Information Services,6482258944.0,648.23,13.32,,1.33,16.59,,,3.94,11.66,42.28,10.3,,,,2552550912.0,255.26,696345984.0,69.63,,,,,41.0,
27.09.2026 at 02:56 PM IST,IRB,IRB Infrastructure Developers Limited,Industrials,Infrastructure Operations,213539045376.0,21353.9,22.67,12.49,1.0,95.6,,,22.49,15.48,57.9,-8.9,47.1,,,20921569280.0,2092.16,200270626816.0,20027.06,,,,,1.13,-0.09
27.09.2026 at 02:56 PM IST,BLUEDART,Blue Dart Express Limited,Industrials,Integrated Freight & Logistics,112624640000.0,11262.46,39.21,25.74,6.34,64.27,,,7.49,4.52,25.16,15.0,81.2,,,6515400192.0,651.54,11418999808.0,1141.9,,,,,53.0,0.22
27.09.2026 at 02:56 PM IST,UNIECOM,Unicommerce eSolutions Limited,Technology,Software - Application,9415127040.0,941.51,45.78,28.18,5.09,4.91,,,6.54,10.08,61.52,14.3,14.7,,,577889984.0,57.79,94690000.0,9.47,,,,,,0.93
27.09.2026 at 02:56 PM IST,VIKRAN,Vikran Engineering Limited,Industrials,Engineering & Construction,15263174656.0,1526.32,15.21,,1.23,24.32,,,7.2,7.31,59.53,-11.0,119.4,,,2208999936.0,220.9,3008999936.0,300.9,,,,,30.0,
27.09.2026 at 02:56 PM IST,JAIPURKURT,Nandani Creation Limited,Consumer Cyclical,Apparel Manufacturing,479749632.0,47.97,24.16,,0.73,57.63,,,5.86,1.62,23.45,24.8,-7.9,,,5526000.0,0.55,381087008.0,38.11,,,,,,0.55
27.09.2026 at 02:56 PM IST,CAMPUS,Campus Activewear Limited,Consumer Cyclical,Footwear & Accessories,64189685760.0,6418.97,41.66,30.68,7.08,26.06,,,8.32,8.48,52.29,12.2,19.4,,,1287000064.0,128.7,2361600000.0,236.16,,,,,71.0,0.12
27.09.2026 at 02:56 PM IST,GOYALALUM,Goyal Aluminiums Limited,Basic Materials,Aluminum,843550720.0,84.36,24.62,,3.36,42.44,,,2.89,4.54,5.61,9.1,50.0,,,440000.0,0.04,107681000.0,10.77,,,,,,0.37
27.09.2026 at 02:56 PM IST,VSTL,Vibhor Steel Tubes Limited,Basic Materials,Steel,2157167616.0,215.72,28.44,,1.09,97.86,,,2.13,0.62,11.17,27.2,-38.6,,,160272992.0,16.03,1927842048.0,192.78,,,,,,0.72
27.09.2026 at 02:56 PM IST,BVCL,Barak Valley Cements Limited,Basic Materials,Building Materials,914321536.0,91.43,45.34,,0.72,23.44,,,8.1,0.94,62.79,5.8,130.0,,,10209000.0,1.02,293808992.0,29.38,,,,,,0.7
27.09.2026 at 02:56 PM IST,TATACONSUM,Tata Consumer Products Limited,Consumer Defensive,Packaged Foods,973063192576.0,97306.32,59.55,41.1,4.47,12.16,,,10.46,7.84,41.11,11.9,27.9,,,43181600768.0,4318.16,28195100672.0,2819.51,,,,,1.02,0.41
27.09.2026 at 02:56 PM IST,ARTNIRMAN,Art Nirman Limited,Real Estate,Real Estate - Development,997990464.0,99.8,78.41,,2.4,195.93,,,-10.9,1.17,161.7,41.0,,,,69891000.0,6.99,729635008.0,72.96,,,,,,0.71
27.09.2026 at 02:56 PM IST,ICICIPRULI,ICICI Life Insurance Limited,Financial Services,Insurance - Life,671712083968.0,67171.21,39.85,32.52,4.68,18.05,12.57,0.34,1.64,2.56,10.23,12.5,28.5,1.04,0.02,1375800064.0,137.58,25949999104.0,2595.0,,,,,36.0,0.47
27.09.2026 at 02:56 PM IST,KREBSBIO,Krebs Biochemicals & Industries Limited,Healthcare,Drug Manufacturers - Specialty & Generic,1227659776.0,122.77,,,-0.75,,,,-8.65,-55.85,97.97,27.4,,,,1291000.0,0.13,2248381952.0,224.84,,,,,,0.87
27.09.2026 at 02:56 PM IST,BUTTERFLY,Butterfly Gandhimathi Appliances Limited,Consumer Cyclical,"Furnishings, Fixtures & Appliances",10132342784.0,1013.23,21.05,,2.72,2.05,,,4.18,4.96,37.69,14.1,38.1,,,1511800960.0,151.18,76445000.0,7.64,,,,,,0.0
27.09.2026 at 02:56 PM IST,HPL,HPL Electric & Power Limited,Industrials,Electrical Equipment & Parts,17885179904.0,1788.52,19.6,14.72,1.79,75.32,,,8.75,4.7,34.1,34.5,1.0,,,811609984.0,81.16,7550846976.0,755.08,,,,,36.0,0.73
27.09.2026 at 02:56 PM IST,LGHL,Laxmi Goldorna House Limited,Consumer Cyclical,Luxury Goods,9166437376.0,916.64,,,12.98,153.42,,,11.95,2.96,20.65,30.5,-47.9,,,47485000.0,4.75,1084153984.0,108.42,,,,,,-0.17
27.09.2026 at 02:56 PM IST,CENTURYPLY,Century Plyboards (India) Limited,Basic Materials,Lumber & Wood Production,154288029696.0,15428.8,52.89,26.99,5.92,67.11,,,9.2,5.03,48.18,33.5,54.9,,,590134976.0,59.01,17648764928.0,1764.88,,,,,14.0,0.2
27.09.2026 at 02:56 PM IST,EFCIL,EFC (I) Limited,Real Estate,Real Estate Services,26591844352.0,2659.18,9.81,6.63,3.05,172.78,,,35.45,23.38,59.29,28.8,3.0,,,882932992.0,88.29,14059123712.0,1405.91,,,,,,0.82
27.09.2026 at 02:56 PM IST,FSL,Firstsource Solutions Limited,Technology,Information Technology Services,179302072320.0,17930.21,27.25,16.33,4.09,67.14,,,12.35,6.67,41.07,22.9,-1.7,,,3087399936.0,308.74,29438369792.0,2943.84,,,,,2.12,0.17
27.09.2026 at 02:56 PM IST,CELLO,Cello World Limited,Consumer Cyclical,"Furnishings, Fixtures & Appliances",74769588224.0,7476.96,23.52,17.41,2.77,1.41,,,17.49,13.96,48.99,-0.3,-1.8,,,7254198784.0,725.42,381135008.0,38.11,,,,,44.0,0.25
27.09.2026 at 02:56 PM IST,EXCELINDUS,Excel Industries Limited,Basic Materials,Specialty Chemicals,11676915712.0,1167.69,16.37,,0.69,0.46,,,11.16,6.62,46.2,-5.1,-12.7,,,1449020032.0,144.9,78815000.0,7.88,,,,,1.48,0.44
27.09.2026 at 02:56 PM IST,NOVAAGRI,Nova Agritech Limited,Basic Materials,Agricultural Inputs,2061453696.0,206.15,16.01,,1.08,21.66,,,8.17,4.67,31.0,28.4,0.0,,,2723000.0,0.27,503896992.0,50.39,,,,,,1.79
27.09.2026 at 02:56 PM IST,INTENTECH,Intense Technologies Limited,Technology,Software - Infrastructure,1986924800.0,198.69,,,1.59,0.12,,,-1.05,-12.83,29.67,-1.3,-30.8,,,540972992.0,54.1,1565000.0,0.16,,,,,1.23,0.96
27.09.2026 at 02:56 PM IST,TENNIND,Tenneco Clean Air India Limited,Consumer Cyclical,Auto Parts,207957131264.0,20795.71,34.6,25.63,17.36,4.29,,,14.19,10.61,34.67,20.1,-45.9,,,5714409984.0,571.44,514960000.0,51.5,,,,,,
27.09.2026 at 02:56 PM IST,LT,Larsen & Toubro Limited,Industrials,Engineering & Construction,5333131984896.0,533313.2,32.15,21.55,4.88,97.64,,,10.61,5.59,37.43,8.1,14.0,,,766146510848.0,76614.65,1254965903360.0,125496.59,,,,,98.0,0.51
27.09.2026 at 02:56 PM IST,IVALUE,iValue Infosolutions Limited,Technology,Information Technology Services,12303854592.0,1230.39,11.89,7.61,2.17,12.22,,,8.77,10.29,20.08,-21.1,53.4,,,2756400128.0,275.64,693299968.0,69.33,,,,,,
27.09.2026 at 02:56 PM IST,OMINFRAL,Om Infra Limited,Industrials,Engineering & Construction,7610889728.0,761.09,22.78,,1.0,10.6,,,7.29,6.35,59.77,19.2,,,,795513984.0,79.55,856156032.0,85.62,,,,,63.0,0.48
27.09.2026 at 02:56 PM IST,OLECTRA,Olectra Greentech Limited,Industrials,Farm & Heavy Construction Machinery,99087859712.0,9908.79,55.99,27.88,8.08,30.84,,,9.32,6.98,22.81,65.7,-0.3,,,1719499008.0,171.95,3802938112.0,380.29,,,,,5.0,0.06
27.09.2026 at 02:56 PM IST,PASHUPATI,Pashupati Cotspin Limited,Consumer Cyclical,Textile Manufacturing,12578270208.0,1257.83,,,7.37,60.1,,,7.8,2.24,12.7,9.7,265.1,,,334351008.0,33.44,987526016.0,98.75,,,,,6.0,-0.15
27.09.2026 at 02:56 PM IST,UGROCAP,UGRO Capital Limited,Financial Services,Credit Services,12533926912.0,1253.39,5.74,4.14,0.43,373.98,,,34.18,24.01,100.0,6.7,33.7,,,21542193152.0,2154.22,108680577024.0,10868.06,,,,,,0.2
27.09.2026 at 02:56 PM IST,NSIL,Nalwa Sons Investments Limited,Financial Services,Asset Management,28084539392.0,2808.45,48.78,,0.18,0.02,,,98.29,56.26,84.39,-7.3,3.5,,,167675838464.0,16767.58,29100000.0,2.91,,,,,,0.21
27.09.2026 at 02:56 PM IST,DYNPRO,Dynemic Products Limited,Basic Materials,Specialty Chemicals,2848834816.0,284.88,14.03,,1.16,29.64,,,9.45,5.48,48.36,-8.5,8.0,,,12063000.0,1.21,727422016.0,72.74,,,,,65.0,0.12
27.09.2026 at 02:56 PM IST,CORALFINAC,Coral India Finance and Housing Limited,Real Estate,Real Estate Services,1280401664.0,128.04,8.87,,0.62,,,,85.12,97.23,100.0,-9.1,-7.6,,,1363832960.0,136.38,0.0,0.0,,,,,63.0,0.44
27.09.2026 at 02:56 PM IST,TRIDENT,Trident Limited,Consumer Cyclical,Textile Manufacturing,117809913856.0,11780.99,29.64,20.1,2.47,38.32,,,13.34,5.83,47.82,4.7,14.8,,,4690400256.0,469.04,18285299712.0,1828.53,,,,,4.33,0.01
27.09.2026 at 02:56 PM IST,BFUTILITIE,BF Utilities Limited,Industrials,Infrastructure Operations,19754788864.0,1975.48,12.48,,9.8,,38.9,,-97.33,17.85,91.91,2.0,,,,,,,,,,,,,0.39
27.09.2026 at 02:56 PM IST,SUYOG,Suyog Telematics Limited,Communication Services,Telecom Services,7620815360.0,762.08,13.1,,1.56,75.81,,,34.94,26.66,81.48,30.0,-19.0,,,175640992.0,17.56,3711585024.0,371.16,,,,,15.0,0.34
27.09.2026 at 02:56 PM IST,SCILAL,Shipping Corporation of India Land and Assets Limited,Real Estate,Real Estate Services,17299775488.0,1729.98,60.89,,0.52,0.0,,,-22.01,111.98,8.33,37.7,-3.2,,,11316100096.0,1131.61,900000.0,0.09,,,,,1.48,0.9
27.09.2026 at 02:56 PM IST,NTPC,NTPC Limited,Utilities,Utilities - Regulated Electric,3166931255296.0,316693.13,9.99,11.6,1.56,128.34,,,21.67,14.53,48.18,7.8,11.8,,,80537796608.0,8053.78,2710045720576.0,271004.57,,,,,3.78,0.29
27.09.2026 at 02:56 PM IST,SADBHAV,Sadbhav Engineering Limited,Industrials,Engineering & Construction,1279918208.0,127.99,4.31,1.62,-1.15,,,,56.72,3.12,75.82,-8.1,28.2,,,1239230976.0,123.92,32638697472.0,3263.87,,,,,,0.8
27.09.2026 at 02:56 PM IST,FLAIR,Flair Writing Industries Limited,Industrials,Business Equipment & Supplies,25039833088.0,2503.98,17.92,12.9,2.19,5.8,,,12.22,10.91,50.53,10.6,-0.4,,,1310091008.0,131.01,662897984.0,66.29,,,,,42.0,0.37
27.09.2026 at 02:56 PM IST,AMRUTANJAN,Amrutanjan Health Care Limited,Healthcare,Drug Manufacturers - Specialty & Generic,14633555968.0,1463.36,27.12,,3.95,0.48,,,2.23,10.55,51.27,9.5,-47.4,,,1787385984.0,178.74,17774000.0,1.78,,,,,1.48,0.38
27.09.2026 at 02:56 PM IST,INFOBEAN,InfoBeans Technologies Limited,Technology,Software - Application,14209405952.0,1420.94,16.73,,3.44,3.55,,,16.72,15.32,36.84,36.6,-6.7,,,2282500096.0,228.25,146700000.0,14.67,,,,,34.0,0.65
27.09.2026 at 02:56 PM IST,SAFARI,Safari Industries (India) Limited,Consumer Cyclical,Footwear & Accessories,71741849600.0,7174.18,43.47,29.51,6.44,10.46,,,9.58,7.83,46.36,11.5,-5.5,,,2828900096.0,282.89,1165500032.0,116.55,,,,,27.0,-0.4
27.09.2026 at 02:56 PM IST,IRFC,Indian Railway Finance Corporation Limited,Financial Services,Credit Services,1044827013120.0,104482.7,14.56,10.95,1.84,773.35,,,97.76,97.27,100.0,10.3,9.7,,,34541801472.0,3454.18,4388650483712.0,438865.05,,,,,3.63,0.31
27.09.2026 at 02:56 PM IST,ABCOTS,A B Cotspin India Limited,Consumer Cyclical,Textile Manufacturing,4460152320.0,446.02,31.83,,2.91,95.83,,,8.52,4.19,25.44,51.4,21.5,,,16102000.0,1.61,1468244992.0,146.82,,,,,,-0.66
27.09.2026 at 02:56 PM IST,SBILIFE,SBI Life Insurance Company Limited,Financial Services,Insurance - Life,1747931627520.0,174793.16,67.1,49.88,8.68,,13.7,0.35,1.71,2.14,9.71,18.8,21.8,1.06,0.19,15267399680.0,1526.74,0.0,0.0,,,,,15.0,0.35
27.09.2026 at 02:56 PM IST,TTL,T.T. Limited,Consumer Cyclical,Textile Manufacturing,1841757056.0,184.18,713.0,,1.47,63.73,,,4.47,0.27,37.31,-3.6,50.0,,,6538000.0,0.65,797372032.0,79.74,,,,,78.0,0.07
27.09.2026 at 02:56 PM IST,ZUARI,Zuari Agro Chemicals Limited,Basic Materials,Agricultural Inputs,9299025920.0,929.9,0.99,51.42,0.37,30.7,,,8.82,36.56,28.29,-50.6,19.7,,,633600000.0,63.36,6416399872.0,641.64,,,,,,-0.1
27.09.2026 at 02:56 PM IST,JYOTISTRUC,Jyoti Structures Limited,Industrials,Specialty Industrial Machinery,10778748928.0,1077.87,16.72,,2.27,439.05,,,7.07,7.6,24.03,61.0,74.0,,,973400000.0,97.34,20837500928.0,2083.75,,,,,,0.48
27.09.2026 at 02:56 PM IST,LANDSMILL,Landsmill Green Limited,Industrials,Conglomerates,874630912.0,87.46,31.0,,0.43,0.44,,,-213.04,117.24,87.31,,,,,34387000.0,3.44,7778000.0,0.78,,,,,,-0.74
27.09.2026 at 02:56 PM IST,BBL,Bharat Bijlee Limited,Industrials,Electrical Equipment & Parts,24447516672.0,2444.75,21.88,50.9,1.21,15.12,,,4.2,4.75,23.35,17.7,-29.6,,,2642599936.0,264.26,3066700032.0,306.67,,,,,1.62,0.54
27.09.2026 at 02:56 PM IST,SUNDARMFIN,Sundaram Finance Limited,Financial Services,Credit Services,496860790784.0,49686.08,22.36,20.36,3.36,409.16,,,60.55,46.09,89.16,26.8,33.8,,,24592799744.0,2459.28,609390297088.0,60939.03,,,,,89.0,0.18
27.09.2026 at 02:56 PM IST,DIAMONDYD,Prataap Snacks Limited,Consumer Defensive,Packaged Foods,25600698368.0,2560.07,222.2,39.89,3.66,6.45,1.4,1.03,1.04,0.56,28.22,4.9,,1.94,0.72,930462016.0,93.05,451590016.0,45.16,502423616.0,50.24,504699008.0,50.47,5.0,0.07
27.09.2026 at 02:56 PM IST,AMNPLST,Amines & Plasticizers Limited,Basic Materials,Chemicals,8976513024.0,897.65,23.24,,3.07,9.31,,,8.97,6.64,24.77,7.3,27.4,,,531457984.0,53.15,272137984.0,27.21,,,,,31.0,0.15
27.09.2026 at 02:56 PM IST,INNOVANA,Innovana Thinklabs Limited,Technology,Software - Application,6218659840.0,621.87,21.41,,3.7,20.73,,,12.01,22.14,46.99,21.4,-58.1,,,112686000.0,11.27,579196992.0,57.92,,,,,,0.19
27.09.2026 at 02:56 PM IST,PRAKASH,Prakash Industries Limited,Basic Materials,Steel,21276712960.0,2127.67,6.8,3.67,0.59,14.36,,,10.12,9.01,41.33,-0.5,-22.0,,,1954599936.0,195.46,5153999872.0,515.4,,,,,1.52,0.47
27.09.2026 at 02:56 PM IST,INDOFARM,Indo Farm Equipment Limited,Industrials,Farm & Heavy Construction Machinery,6638809088.0,663.88,26.62,,1.2,26.87,,,9.83,5.49,40.51,14.5,4.4,,,761824000.0,76.18,1495470976.0,149.55,,,,,,
27.09.2026 at 02:56 PM IST,RECLTD,REC Limited,Financial Services,Credit Services,824067489792.0,82406.75,5.15,4.41,0.98,607.46,,,96.85,68.89,98.57,25.2,-6.1,,,215720296448.0,21572.03,5166743420928.0,516674.34,,,,,1.98,0.32
27.09.2026 at 02:56 PM IST,LTTS,L&T Technology Services Limited,Technology,Information Technology Services,340123222016.0,34012.32,26.6,19.73,5.25,8.91,,,15.69,11.68,40.76,2.6,12.8,,,30784000000.0,3078.4,5784999936.0,578.5,,,,,1.81,0.15
27.09.2026 at 02:56 PM IST,NCC,NCC Limited,Industrials,Engineering & Construction,83390586880.0,8339.06,11.92,9.81,1.06,57.39,,,8.19,3.26,16.21,12.2,12.7,,,7049200128.0,704.92,46078599168.0,4607.86,,,,,1.66,0.56
27.09.2026 at 02:56 PM IST,SUKHJITS,The Sukhjit Starch & Chemicals Limited,Basic Materials,Specialty Chemicals,4994665984.0,499.47,14.63,,0.88,60.88,,,5.45,2.34,27.55,7.2,143.1,,,900499968.0,90.05,3454099968.0,345.41,,,,,63.0,0.35
27.09.2026 at 02:56 PM IST,RKSWAMY,R K Swamy Limited,Communication Services,Advertising Agencies,4572732928.0,457.27,20.13,,1.73,21.32,,,4.02,6.54,32.23,7.8,21.1,,,919529984.0,91.95,563425024.0,56.34,,,,,2.21,1.06
27.09.2026 at 02:56 PM IST,LAGNAM,Lagnam Spintex Limited,Consumer Cyclical,Textile Manufacturing,1324998272.0,132.5,7.24,,0.98,264.43,,,10.02,2.9,28.14,18.4,200.0,,,2216000.0,0.22,3578973952.0,357.9,,,,,,0.61
27.09.2026 at 02:56 PM IST,GANESHCP,Ganesh Consumer Products Limited,Consumer Defensive,Packaged Foods,6463646208.0,646.36,13.53,,1.74,7.17,,,8.25,5.3,26.08,-7.1,19.8,,,1309373952.0,130.94,265487008.0,26.55,,,,,3.13,
27.09.2026 at 02:56 PM IST,BIOCON,Biocon Limited,Healthcare,Biotechnology,622252457984.0,62225.25,111.09,35.12,1.82,42.15,,,6.91,2.86,61.19,10.0,234.6,,,38831001600.0,3883.1,154340999168.0,15434.1,,,,,13.0,0.3
27.09.2026 at 02:56 PM IST,ALKEM,Alkem Laboratories Limited,Healthcare,Drug Manufacturers - Specialty & Generic,630585819136.0,63058.58,29.24,23.62,4.56,14.27,,,17.8,14.31,64.8,10.9,-21.7,,,40614498304.0,4061.45,20471599104.0,2047.16,,,,,38.0,0.28
27.09.2026 at 02:56 PM IST,RELAXO,Relaxo Footwears Limited,Consumer Cyclical,Footwear & Accessories,73934757888.0,7393.48,39.87,29.88,3.35,10.54,,,9.65,6.73,60.47,7.7,12.8,,,2126099968.0,212.61,2326500096.0,232.65,,,,,1.18,0.59
27.09.2026 at 02:56 PM IST,FUSION,Fusion Finance Limited,Financial Services,Credit Services,28646430720.0,2864.64,14.41,5.99,1.17,227.51,,,23.22,19.64,100.0,128.1,,,,19120099328.0,1912.01,55874101248.0,5587.41,,,,,,1.03
27.09.2026 at 02:56 PM IST,GTL,GTL Limited,Communication Services,Telecom Services,1105796480.0,110.58,0.12,,-0.02,,,,5.14,388.83,57.63,7.7,19.69,,,188608992.0,18.86,48897216512.0,4889.72,,,,,,0.46
27.09.2026 at 02:56 PM IST,ARIHANTSUP,Arihant Superstructures Limited,Real Estate,Real Estate - Development,10496773120.0,1049.68,24.69,,2.89,194.33,,,20.4,7.11,37.72,8.8,-37.1,,,201822000.0,20.18,8741853184.0,874.19,,,,,10.0,0.66
27.09.2026 at 02:56 PM IST,MGL,Mahanagar Gas Limited,Utilities,Utilities - Regulated Gas,105820635136.0,10582.06,14.79,11.46,1.65,3.46,,,9.85,8.38,29.02,13.9,-39.3,,,11498999808.0,1149.9,2229299968.0,222.93,,,,,3.36,0.74
27.09.2026 at 02:56 PM IST,BANSWRAS,Banswara Syntex Limited,Consumer Cyclical,Textile Manufacturing,3722054656.0,372.21,10.01,,0.64,81.21,5.45,3.86,8.42,2.3,56.89,7.5,96.5,1.39,0.65,47916000.0,4.79,4749893120.0,474.99,-312773120.0,-31.28,1179884032.0,117.99,92.0,0.45
27.09.2026 at 02:56 PM IST,VIKASLIFE,Vikas Lifecare Limited,Consumer Defensive,Farm Products,2284932352.0,228.49,12.3,,0.42,19.14,3.39,-3.75,-16.44,3.69,3.14,24.7,,1.65,0.9,10796000.0,1.08,1054489984.0,105.45,-364365504.0,-36.44,3096335872.0,309.63,,0.35
27.09.2026 at 02:56 PM IST,PENINLAND,Peninsula Land Limited,Real Estate,Real Estate - Development,5539861504.0,553.99,,,7.77,460.72,,,-13.72,-121.04,64.62,-37.5,,,,393300000.0,39.33,3021400064.0,302.14,,,,,,0.27
27.09.2026 at 02:56 PM IST,S&SPOWER,S&S Power Switchgear Limited,Industrials,Electrical Equipment & Parts,3799963136.0,380.0,47.01,,4.26,44.2,,,1.5,2.93,33.24,20.0,,,,262940000.0,26.29,394462016.0,39.45,,,,,,0.44
27.09.2026 at 02:56 PM IST,AASTHA,Aastha Spintex Limited,Consumer Cyclical,Textile Manufacturing,6420040704.0,642.0,27.03,,1.85,66.54,,,9.25,5.73,18.03,-15.7,28.9,,,90912000.0,9.09,1067222976.0,106.72,,,,,14.0,
27.09.2026 at 02:56 PM IST,BSHSL,Bombay Super Hybrid Seeds Limited,Basic Materials,Agricultural Inputs,9119049728.0,911.9,31.83,,6.97,82.64,,,9.2,7.68,18.73,19.4,16.2,,,7083000.0,0.71,1082681984.0,108.27,,,,,,0.89
27.09.2026 at 02:56 PM IST,GREENLAM,Greenlam Industries Limited,Basic Materials,Lumber & Wood Production,57234731008.0,5723.47,61.46,23.43,4.85,98.42,,,5.58,2.93,52.26,18.2,,,,1153100032.0,115.31,11604100096.0,1160.41,,,,,18.0,0.42
27.09.2026 at 02:56 PM IST,EUROPRATIK,Euro Pratik Sales Limited,Basic Materials,Building Materials,21783928832.0,2178.39,25.31,,7.04,7.64,,,24.21,23.06,45.13,60.1,93.7,,,326020992.0,32.6,244848000.0,24.48,,,,,19.0,
27.09.2026 at 02:56 PM IST,SPCENET,Spacenet Enterprises India Limited,Financial Services,Capital Markets,1901915520.0,190.19,7.44,,0.98,13.67,,,-5.11,13.17,8.2,-8.5,228.6,,,29584000.0,2.96,248107008.0,24.81,,,,,60.0,0.15
27.09.2026 at 02:56 PM IST,CCL,CCL Products (India) Limited,Consumer Defensive,Packaged Foods,139264704512.0,13926.47,32.19,22.01,5.93,56.49,,,13.1,9.38,35.57,13.8,61.0,,,2165156096.0,216.52,13243601920.0,1324.36,,,,,55.0,0.03
27.09.2026 at 02:56 PM IST,IPL,India Pesticides Limited,Basic Materials,Agricultural Inputs,15422696448.0,1542.27,14.32,11.35,1.53,10.91,,,11.76,10.41,46.59,-8.5,-34.7,,,1167800064.0,116.78,1102599936.0,110.26,,,,,56.0,0.35
27.09.2026 at 02:56 PM IST,BOROSCI,Borosil Scientific Limited,Consumer Cyclical,Packaging & Containers,10278349824.0,1027.83,23.82,,2.33,1.96,,,3.34,9.02,65.36,11.2,,,,1361852032.0,136.19,86298000.0,8.63,,,,,,0.6
27.09.2026 at 02:56 PM IST,VEDL,Vedanta Limited,Basic Materials,Other Industrial Metals & Mining,1040043999232.0,104004.4,11.7,8.28,2.09,48.04,,,31.16,23.21,53.91,-37.3,72.2,,,158759993344.0,15876.0,329469984768.0,32947.0,,,,,12.77,0.37
27.09.2026 at 02:56 PM IST,CANTABIL,Cantabil Retail India Limited,Consumer Cyclical,Apparel Manufacturing,19801305088.0,1980.13,20.34,,4.14,113.83,,,17.57,11.16,71.04,12.7,11.4,,,253880992.0,25.39,5441070080.0,544.11,,,,,63.0,-0.22
27.09.2026 at 02:56 PM IST,MOKSH,Moksh Ornaments Limited,Consumer Cyclical,Luxury Goods,830789760.0,83.08,7.94,,0.64,19.06,,,1.63,1.32,3.02,77.6,-37.9,,,67196000.0,6.72,246016000.0,24.6,,,,,,0.21
27.09.2026 at 02:56 PM IST,TIPSFILMS,Tips Films Limited,Communication Services,Entertainment,1476049536.0,147.6,,,4.94,630.1,,,-61.32,-45.1,-34.57,-49.7,,,,39241000.0,3.92,1883106944.0,188.31,,,,,,1.05
27.09.2026 at 02:56 PM IST,INSPIRISYS,Inspirisys Solutions Limited,Technology,Information Technology Services,3505300992.0,350.53,9.49,,3.5,82.3,,,4.68,7.81,14.57,26.4,-33.1,,,1001400000.0,100.14,824700032.0,82.47,,,,,,0.91
27.09.2026 at 02:56 PM IST,AJOONI,Ajooni Biotech Limited,Consumer Defensive,Packaged Foods,549457088.0,54.95,12.76,,0.66,29.37,4.4,3.61,1.78,1.83,18.54,99.8,,2.36,0.54,3736000.0,0.37,269110016.0,26.91,,,,,,0.33
27.09.2026 at 02:56 PM IST,DIGISPICE,DiGiSPICE Technologies Limited,Financial Services,Financial Conglomerates,3354340352.0,335.43,17.29,,1.68,35.37,,,11.17,4.14,21.03,-8.0,-3.4,,,3402404096.0,340.24,836497984.0,83.65,,,,,,0.23
27.09.2026 at 02:56 PM IST,PRAJIND,Praj Industries Limited,Industrials,Engineering & Construction,58066554880.0,5806.66,192.62,30.18,4.44,13.22,,,0.67,0.93,35.96,11.8,117.2,,,6120878080.0,612.09,1730449024.0,173.04,,,,,1.14,0.13
27.09.2026 at 02:56 PM IST,SURANAT&P,Surana Telecom and Power Limited,Utilities,Utilities - Independent Power Producers,2161298688.0,216.13,7.3,,1.34,34.44,,,4.21,54.52,23.12,-15.6,350.0,,,30369000.0,3.04,665086016.0,66.51,,,,,,0.28
27.09.2026 at 02:56 PM IST,HAVELLS,Havells India Limited,Industrials,Electrical Equipment & Parts,688121380864.0,68812.14,42.19,33.61,7.27,2.8,,,5.3,6.92,32.03,19.5,-16.6,,,23418200064.0,2341.82,2652000000.0,265.2,,,,,1.09,0.3
27.09.2026 at 02:56 PM IST,APEX,Apex Frozen Foods Limited,Consumer Defensive,Farm Products,10862499840.0,1086.25,21.14,20.21,2.06,1.07,,,10.16,5.53,39.11,-0.6,138.1,,,185266000.0,18.53,56771000.0,5.68,,,,,72.0,0.34
27.09.2026 at 02:56 PM IST,SRGHFL,SRG Housing Finance Limited,Financial Services,Mortgage Finance,2305873920.0,230.59,6.75,,0.78,292.41,,,33.33,27.66,100.0,18.5,24.8,,,67714000.0,6.77,8681976832.0,868.2,,,,,,0.14
27.09.2026 at 02:56 PM IST,CHAMBLFERT,Chambal Fertilisers and Chemicals Limited,Basic Materials,Agricultural Inputs,167452622848.0,16745.26,8.68,8.56,1.61,10.27,,,15.15,9.58,37.52,-11.8,-4.6,,,10606600192.0,1060.66,10675000320.0,1067.5,,,,,2.87,0.29
27.09.2026 at 02:56 PM IST,NARMADA,Narmada Agrobase Limited,Basic Materials,Agricultural Inputs,1014419328.0,101.44,27.85,,1.71,17.02,,,4.01,4.01,11.1,100.9,-25.9,,,4981000.0,0.5,100993000.0,10.1,,,,,,0.02
27.09.2026 at 02:56 PM IST,RCF,Rashtriya Chemicals and Fertilizers Limited,Basic Materials,Agricultural Inputs,59902296064.0,5990.23,13.56,14.67,1.17,80.61,,,3.83,2.39,13.17,6.4,34.3,,,1527299968.0,152.73,41280700416.0,4128.07,,,,,3.37,0.38
27.09.2026 at 02:56 PM IST,MINDTECK,Mindteck (India) Limited,Technology,Information Technology Services,5002433024.0,500.24,16.11,,1.65,1.28,,,6.73,7.59,15.79,2.7,-4.4,,,1915500032.0,191.55,38800000.0,3.88,,,,,64.0,0.97
27.09.2026 at 02:56 PM IST,ASHIMASYN,Ashima Limited,Real Estate,Real Estate - Development,3058894848.0,305.89,,,1.1,59.3,,,38.85,-90.1,71.39,201.1,,,,665400000.0,66.54,1642099968.0,164.21,,,,,,0.22
27.09.2026 at 02:56 PM IST,MAXIND,Max India Limited,Healthcare,Medical Care Facilities,8360804864.0,836.08,,,1.91,23.56,,,-19.7,-55.42,73.66,66.0,,,,1065876992.0,106.59,962083008.0,96.21,,,,,,0.39
27.09.2026 at 02:56 PM IST,SPIC,,,,,,,,,,,,,,,,,,,,,,,,,,,,
27.09.2026 at 02:56 PM IST,GODREJPROP,,,,,,,,,,,,,,,,,,,,,,,,,,,,
27.09.2026 at 02:56 PM IST,GATEWAY,,,,,,,,,,,,,,,,,,,,,,,,,,,,
27.09.2026 at 02:56 PM IST,AURIONPRO,,,,,,,,,,,,,,,,,,,,,,,,,,,,
27.09.2026 at 02:56 PM IST,PURVA,,,,,,,,,,,,,,,,,,,,,,,,,,,,
27.09.2026 at 02:56 PM IST,CESC,,,,,,,,,,,,,,,,,,,,,,,,,,,,
27.09.2026 at 02:56 PM IST,APOLSINHOT,,,,,,,,,,,,,,,,,,,,,,,,,,,,
27.09.2026 at 02:56 PM IST,COASTCORP,,,,,,,,,,,,,,,,,,,,,,,,,,,,
27.09.2026 at 02:56 PM IST,SUMIT,,,,,,,,,,,,,,,,,,,,,,,,,,,,
27.09.2026 at 02:56 PM IST,NAVNETEDUL,,,,,,,,,,,,,,,,,,,,,,,,,,,,
27.09.2026 at 02:56 PM IST,EASEMYTRIP,,,,,,,,,,,,,,,,,,,,,,,,,,,,
27.09.2026 at 02:56 PM IST,SUNCLAY,,,,,,,,,,,,,,,,,,,,,,,,,,,,
27.09.2026 at 02:56 PM IST,SAKSOFT,,,,,,,,,,,,,,,,,,,,,,,,,,,,
27.09.2026 at 02:56 PM IST,DCMSHRIRAM,,,,,,,,,,,,,,,,,,,,,,,,,,,,
27.09.2026 at 02:56 PM IST,AVANTIFEED,,,,,,,,,,,,,,,,,,,,,,,,,,,,
27.09.2026 at 02:56 PM IST,INDUSINDBK,,,,,,,,,,,,,,,,,,,,,,,,,,,,
27.09.2026 at 02:56 PM IST,UMESLTD,,,,,,,,,,,,,,,,,,,,,,,,,,,,
27.09.2026 at 02:56 PM IST,MSUMI,,,,,,,,,,,,,,,,,,,,,,,,,,,,
27.09.2026 at 02:56 PM IST,HDFCLIFE,,,,,,,,,,,,,,,,,,,,,,,,,,,,
27.09.2026 at 02:56 PM IST,ADVANIHOTR,,,,,,,,,,,,,,,,,,,,,,,,,,,,
27.09.2026 at 02:56 PM IST,DENTA,,,,,,,,,,,,,,,,,,,,,,,,,,,,
27.09.2026 at 02:56 PM IST,SUZLON,,,,,,,,,,,,,,,,,,,,,,,,,,,,
27.09.2026 at 02:56 PM IST,AHLUCONT,,,,,,,,,,,,,,,,,,,,,,,,,,,,
27.09.2026 at 02:56 PM IST,KPEL,,,,,,,,,,,,,,,,,,,,,,,,,,,,
27.09.2026 at 02:56 PM IST,TATAPOWER,,,,,,,,,,,,,,,,,,,,,,,,,,,,
27.09.2026 at 02:56 PM IST,RAMKY,,,,,,,,,,,,,,,,,,,,,,,,,,,,
27.09.2026 at 02:56 PM IST,RADIANTCMS,,,,,,,,,,,,,,,,,,,,,,,,,,,,
27.09.2026 at 02:56 PM IST,GMRAIRPORT,,,,,,,,,,,,,,,,,,,,,,,,,,,,
27.09.2026 at 02:56 PM IST,DBL,,,,,,,,,,,,,,,,,,,,,,,,,,,,
27.09.2026 at 02:56 PM IST,TIGERLOGS,,,,,,,,,,,,,,,,,,,,,,,,,,,,
27.09.2026 at 02:56 PM IST,MBLINFRA,,,,,,,,,,,,,,,,,,,,,,,,,,,,
27.09.2026 at 02:56 PM IST,MITTAL,,,,,,,,,,,,,,,,,,,,,,,,,,,,
27.09.2026 at 02:56 PM IST,SHARDACROP,,,,,,,,,,,,,,,,,,,,,,,,,,,,
27.09.2026 at 02:56 PM IST,KRSNAA,,,,,,,,,,,,,,,,,,,,,,,,,,,,
27.09.2026 at 02:56 PM IST,INDIAGLYCO,,,,,,,,,,,,,,,,,,,,,,,,,,,,
27.09.2026 at 02:56 PM IST,RVHL,,,,,,,,,,,,,,,,,,,,,,,,,,,,
27.09.2026 at 02:56 PM IST,ALANKIT,,,,,,,,,,,,,,,,,,,,,,,,,,,,
27.09.2026 at 02:56 PM IST,BIRLANU,,,,,,,,,,,,,,,,,,,,,,,,,,,,
27.09.2026 at 02:56 PM IST,MUTHOOTCAP,,,,,,,,,,,,,,,,,,,,,,,,,,,,
27.09.2026 at 02:56 PM IST,MRF,,,,,,,,,,,,,,,,,,,,,,,,,,,,
27.09.2026 at 02:56 PM IST,METROBRAND,,,,,,,,,,,,,,,,,,,,,,,,,,,,
27.09.2026 at 02:56 PM IST,ASHAPURMIN,,,,,,,,,,,,,,,,,,,,,,,,,,,,
27.09.2026 at 02:56 PM IST,MURUDCERA,,,,,,,,,,,,,,,,,,,,,,,,,,,,
27.09.2026 at 02:56 PM IST,NUCLEUS,,,,,,,,,,,,,,,,,,,,,,,,,,,,
27.09.2026 at 02:56 PM IST,SYMPHONY,,,,,,,,,,,,,,,,,,,,,,,,,,,,
27.09.2026 at 02:56 PM IST,LOVABLE,,,,,,,,,,,,,,,,,,,,,,,,,,,,
27.09.2026 at 02:56 PM IST,PANSARI,,,,,,,,,,,,,,,,,,,,,,,,,,,,
27.09.2026 at 02:56 PM IST,JAINREC,,,,,,,,,,,,,,,,,,,,,,,,,,,,
27.09.2026 at 02:56 PM IST,5PAISA,,,,,,,,,,,,,,,,,,,,,,,,,,,,
27.09.2026 at 02:56 PM IST,IGL,,,,,,,,,,,,,,,,,,,,,,,,,,,,
27.09.2026 at 02:56 PM IST,NFL,,,,,,,,,,,,,,,,,,,,,,,,,,,,
27.09.2026 at 02:56 PM IST,PTC,,,,,,,,,,,,,,,,,,,,,,,,,,,,
27.09.2026 at 02:56 PM IST,ASALCBR,,,,,,,,,,,,,,,,,,,,,,,,,,,,
27.09.2026 at 02:56 PM IST,INOXWIND,,,,,,,,,,,,,,,,,,,,,,,,,,,,
27.09.2026 at 02:56 PM IST,VINYLINDIA,,,,,,,,,,,,,,,,,,,,,,,,,,,,
27.09.2026 at 02:56 PM IST,ARSSBL,,,,,,,,,,,,,,,,,,,,,,,,,,,,
27.09.2026 at 02:56 PM IST,VISHWARAJ,,,,,,,,,,,,,,,,,,,,,,,,,,,,
27.09.2026 at 02:56 PM IST,GOKEX,,,,,,,,,,,,,,,,,,,,,,,,,,,,
27.09.2026 at 02:56 PM IST,RENUKA,,,,,,,,,,,,,,,,,,,,,,,,,,,,
27.09.2026 at 02:56 PM IST,JYOTHYLAB,,,,,,,,,,,,,,,,,,,,,,,,,,,,
27.09.2026 at 02:56 PM IST,ZENITHEXPO,,,,,,,,,,,,,,,,,,,,,,,,,,,,
27.09.2026 at 02:56 PM IST,LINC,,,,,,,,,,,,,,,,,,,,,,,,,,,,
27.09.2026 at 02:56 PM IST,DELTAMAGNT,,,,,,,,,,,,,,,,,,,,,,,,,,,,
27.09.2026 at 02:56 PM IST,SWELECTES,,,,,,,,,,,,,,,,,,,,,,,,,,,,
27.09.2026 at 02:56 PM IST,ORICONENT,,,,,,,,,,,,,,,,,,,,,,,,,,,,
27.09.2026 at 02:56 PM IST,CEATLTD,,,,,,,,,,,,,,,,,,,,,,,,,,,,
27.09.2026 at 02:56 PM IST,DSSL,,,,,,,,,,,,,,,,,,,,,,,,,,,,
27.09.2026 at 02:56 PM IST,AXITA,,,,,,,,,,,,,,,,,,,,,,,,,,,,
27.09.2026 at 02:56 PM IST,GOKUL,,,,,,,,,,,,,,,,,,,,,,,,,,,,
27.09.2026 at 02:56 PM IST,DREDGECORP,,,,,,,,,,,,,,,,,,,,,,,,,,,,
27.09.2026 at 02:56 PM IST,PAVNAIND,,,,,,,,,,,,,,,,,,,,,,,,,,,,
27.09.2026 at 02:56 PM IST,USK,,,,,,,,,,,,,,,,,,,,,,,,,,,,
27.09.2026 at 02:56 PM IST,GODFRYPHLP,,,,,,,,,,,,,,,,,,,,,,,,,,,,
27.09.2026 at 02:56 PM IST,DODLA,,,,,,,,,,,,,,,,,,,,,,,,,,,,
27.09.2026 at 02:56 PM IST,SUNDARAM,,,,,,,,,,,,,,,,,,,,,,,,,,,,
27.09.2026 at 02:56 PM IST,BEARDSELL,,,,,,,,,,,,,,,,,,,,,,,,,,,,
27.09.2026 at 02:56 PM IST,KRITIKA,,,,,,,,,,,,,,,,,,,,,,,,,,,,
27.09.2026 at 02:56 PM IST,CAMLINFINE,,,,,,,,,,,,,,,,,,,,,,,,,,,,
27.09.2026 at 02:56 PM IST,UPL,,,,,,,,,,,,,,,,,,,,,,,,,,,,
27.09.2026 at 02:56 PM IST,PARKHOTELS,,,,,,,,,,,,,,,,,,,,,,,,,,,,
27.09.2026 at 02:56 PM IST,JBMA,,,,,,,,,,,,,,,,,,,,,,,,,,,,
27.09.2026 at 02:56 PM IST,NSLNISP,,,,,,,,,,,,,,,,,,,,,,,,,,,,
27.09.2026 at 02:56 PM IST,CHEMPLASTS,,,,,,,,,,,,,,,,,,,,,,,,,,,,
27.09.2026 at 02:56 PM IST,SHRADHA,,,,,,,,,,,,,,,,,,,,,,,,,,,,
27.09.2026 at 02:56 PM IST,DELHIVERY,,,,,,,,,,,,,,,,,,,,,,,,,,,,
27.09.2026 at 02:56 PM IST,HILINFRA,,,,,,,,,,,,,,,,,,,,,,,,,,,,
27.09.2026 at 02:56 PM IST,BAJAJINDEF,,,,,,,,,,,,,,,,,,,,,,,,,,,,
27.09.2026 at 02:56 PM IST,DOMS,,,,,,,,,,,,,,,,,,,,,,,,,,,,
27.09.2026 at 02:56 PM IST,DALBHARAT,,,,,,,,,,,,,,,,,,,,,,,,,,,,
27.09.2026 at 02:56 PM IST,WEL,,,,,,,,,,,,,,,,,,,,,,,,,,,,
27.09.2026 at 02:56 PM IST,PLATIND,,,,,,,,,,,,,,,,,,,,,,,,,,,,
27.09.2026 at 02:56 PM IST,INOXGREEN,,,,,,,,,,,,,,,,,,,,,,,,,,,,
27.09.2026 at 02:56 PM IST,SHRIRAMPPS,,,,,,,,,,,,,,,,,,,,,,,,,,,,
27.09.2026 at 02:56 PM IST,JWL,,,,,,,,,,,,,,,,,,,,,,,,,,,,
27.09.2026 at 02:56 PM IST,REPCOHOME,,,,,,,,,,,,,,,,,,,,,,,,,,,,
27.09.2026 at 02:56 PM IST,HECPROJECT,,,,,,,,,,,,,,,,,,,,,,,,,,,,
27.09.2026 at 02:56 PM IST,INSECTICID,,,,,,,,,,,,,,,,,,,,,,,,,,,,
27.09.2026 at 02:56 PM IST,SWIGGY,,,,,,,,,,,,,,,,,,,,,,,,,,,,
27.09.2026 at 02:56 PM IST,RKDL,,,,,,,,,,,,,,,,,,,,,,,,,,,,
27.09.2026 at 02:56 PM IST,BIOFILCHEM,,,,,,,,,,,,,,,,,,,,,,,,,,,,
27.09.2026 at 02:56 PM IST,KPITTECH,,,,,,,,,,,,,,,,,,,,,,,,,,,,
27.09.2026 at 02:56 PM IST,BANARISUG,,,,,,,,,,,,,,,,,,,,,,,,,,,,
27.09.2026 at 02:56 PM IST,NKIND,,,,,,,,,,,,,,,,,,,,,,,,,,,,
27.09.2026 at 02:56 PM IST,LPDC,,,,,,,,,,,,,,,,,,,,,,,,,,,,
27.09.2026 at 02:56 PM IST,HEIDELBERG,,,,,,,,,,,,,,,,,,,,,,,,,,,,
27.09.2026 at 02:56 PM IST,RAYMONDLSL,,,,,,,,,,,,,,,,,,,,,,,,,,,,
27.09.2026 at 02:56 PM IST,PAKKA,,,,,,,,,,,,,,,,,,,,,,,,,,,,
27.09.2026 at 02:56 PM IST,OSWALGREEN,,,,,,,,,,,,,,,,,,,,,,,,,,,,
27.09.2026 at 02:56 PM IST,SURAJLTD,,,,,,,,,,,,,,,,,,,,,,,,,,,,
27.09.2026 at 02:56 PM IST,STARCEMENT,,,,,,,,,,,,,,,,,,,,,,,,,,,,
27.09.2026 at 02:56 PM IST,VARDMNPOLY,,,,,,,,,,,,,,,,,,,,,,,,,,,,
27.09.2026 at 02:56 PM IST,DEN,,,,,,,,,,,,,,,,,,,,,,,,,,,,
27.09.2026 at 02:56 PM IST,HEALTHX,,,,,,,,,,,,,,,,,,,,,,,,,,,,
27.09.2026 at 02:56 PM IST,BAJEL,,,,,,,,,,,,,,,,,,,,,,,,,,,,
27.09.2026 at 02:56 PM IST,SHIVAMILLS,,,,,,,,,,,,,,,,,,,,,,,,,,,,
27.09.2026 at 02:56 PM IST,NIPPOBATRY,,,,,,,,,,,,,,,,,,,,,,,,,,,,
27.09.2026 at 02:56 PM IST,WEALTH,,,,,,,,,,,,,,,,,,,,,,,,,,,,
27.09.2026 at 02:56 PM IST,GTLINFRA,,,,,,,,,,,,,,,,,,,,,,,,,,,,
27.09.2026 at 02:56 PM IST,CREST,,,,,,,,,,,,,,,,,,,,,,,,,,,,
27.09.2026 at 02:56 PM IST,TVSHLTD,,,,,,,,,,,,,,,,,,,,,,,,,,,,
27.09.2026 at 02:56 PM IST,ZFCVINDIA,,,,,,,,,,,,,,,,,,,,,,,,,,,,
27.09.2026 at 02:56 PM IST,VIKRAMSOLR,,,,,,,,,,,,,,,,,,,,,,,,,,,,
27.09.2026 at 02:56 PM IST,SURYALAXMI,,,,,,,,,,,,,,,,,,,,,,,,,,,,
27.09.2026 at 02:56 PM IST,FISCHER,,,,,,,,,,,,,,,,,,,,,,,,,,,,
27.09.2026 at 02:56 PM IST,ICICIGI,,,,,,,,,,,,,,,,,,,,,,,,,,,,
27.09.2026 at 02:56 PM IST,INFOMEDIA,,,,,,,,,,,,,,,,,,,,,,,,,,,,
27.09.2026 at 02:56 PM IST,ONIDA,,,,,,,,,,,,,,,,,,,,,,,,,,,,
27.09.2026 at 02:56 PM IST,BIGBLOC,,,,,,,,,,,,,,,,,,,,,,,,,,,,
27.09.2026 at 02:56 PM IST,NATCOPHARM,,,,,,,,,,,,,,,,,,,,,,,,,,,,
27.09.2026 at 02:56 PM IST,STCINDIA,,,,,,,,,,,,,,,,,,,,,,,,,,,,
27.09.2026 at 02:56 PM IST,ARVINDFASN,,,,,,,,,,,,,,,,,,,,,,,,,,,,
27.09.2026 at 02:56 PM IST,ODIGMA,,,,,,,,,,,,,,,,,,,,,,,,,,,,
27.09.2026 at 02:56 PM IST,VINEETLAB,,,,,,,,,,,,,,,,,,,,,,,,,,,,
27.09.2026 at 02:56 PM IST,RAMCOCEM,,,,,,,,,,,,,,,,,,,,,,,,,,,,
27.09.2026 at 02:56 PM IST,DECCANCE,,,,,,,,,,,,,,,,,,,,,,,,,,,,
27.09.2026 at 02:56 PM IST,ICRA,,,,,,,,,,,,,,,,,,,,,,,,,,,,
27.09.2026 at 02:56 PM IST,BALAJEE,,,,,,,,,,,,,,,,,,,,,,,,,,,,
27.09.2026 at 02:56 PM IST,COCHINSHIP,,,,,,,,,,,,,,,,,,,,,,,,,,,,
27.09.2026 at 02:56 PM IST,VSTIND,,,,,,,,,,,,,,,,,,,,,,,,,,,,
27.09.2026 at 02:56 PM IST,JKCEMENT,,,,,,,,,,,,,,,,,,,,,,,,,,,,
27.09.2026 at 02:56 PM IST,KNRCON,,,,,,,,,,,,,,,,,,,,,,,,,,,,
27.09.2026 at 02:56 PM IST,MEDPLUS,,,,,,,,,,,,,,,,,,,,,,,,,,,,
27.09.2026 at 02:56 PM IST,RAJSREESUG,,,,,,,,,,,,,,,,,,,,,,,,,,,,
27.09.2026 at 02:56 PM IST,KIOCL,,,,,,,,,,,,,,,,,,,,,,,,,,,,
27.09.2026 at 02:56 PM IST,JKLAKSHMI,,,,,,,,,,,,,,,,,,,,,,,,,,,,
27.09.2026 at 02:56 PM IST,CAPACITE,,,,,,,,,,,,,,,,,,,,,,,,,,,,
27.09.2026 at 02:56 PM IST,TIINDIA,,,,,,,,,,,,,,,,,,,,,,,,,,,,
27.09.2026 at 02:56 PM IST,AKSHAR,,,,,,,,,,,,,,,,,,,,,,,,,,,,
27.09.2026 at 02:56 PM IST,DAMCAPITAL,,,,,,,,,,,,,,,,,,,,,,,,,,,,
27.09.2026 at 02:56 PM IST,EUREKAFORB,,,,,,,,,,,,,,,,,,,,,,,,,,,,
27.09.2026 at 02:56 PM IST,DHANUKA,,,,,,,,,,,,,,,,,,,,,,,,,,,,
27.09.2026 at 02:56 PM IST,SVPGLOB,,,,,,,,,,,,,,,,,,,,,,,,,,,,
27.09.2026 at 02:56 PM IST,CCCL,,,,,,,,,,,,,,,,,,,,,,,,,,,,
27.09.2026 at 02:56 PM IST,DCAL,,,,,,,,,,,,,,,,,,,,,,,,,,,,
27.09.2026 at 02:56 PM IST,ASHOKLEY,,,,,,,,,,,,,,,,,,,,,,,,,,,,
27.09.2026 at 02:56 PM IST,TATACHEM,,,,,,,,,,,,,,,,,,,,,,,,,,,,
27.09.2026 at 02:56 PM IST,MODIRUBBER,,,,,,,,,,,,,,,,,,,,,,,,,,,,
27.09.2026 at 02:56 PM IST,RUCHINFRA,,,,,,,,,,,,,,,,,,,,,,,,,,,,
27.09.2026 at 02:56 PM IST,MAHAPEXLTD,,,,,,,,,,,,,,,,,,,,,,,,,,,,
27.09.2026 at 02:56 PM IST,ROML,,,,,,,,,,,,,,,,,,,,,,,,,,,,
27.09.2026 at 02:56 PM IST,GEMAROMA,,,,,,,,,,,,,,,,,,,,,,,,,,,,
27.09.2026 at 02:56 PM IST,SAMBHAAV,,,,,,,,,,,,,,,,,,,,,,,,,,,,
27.09.2026 at 02:56 PM IST,ORIENTCEM,,,,,,,,,,,,,,,,,,,,,,,,,,,,
27.09.2026 at 02:56 PM IST,ACC,,,,,,,,,,,,,,,,,,,,,,,,,,,,
27.09.2026 at 02:56 PM IST,JTEKTINDIA,,,,,,,,,,,,,,,,,,,,,,,,,,,,
27.09.2026 at 02:56 PM IST,JPOLYINVST,,,,,,,,,,,,,,,,,,,,,,,,,,,,
27.09.2026 at 02:56 PM IST,SOMATEX,,,,,,,,,,,,,,,,,,,,,,,,,,,,
27.09.2026 at 02:56 PM IST,KAMOPAINTS,,,,,,,,,,,,,,,,,,,,,,,,,,,,
27.09.2026 at 02:56 PM IST,MAITHANALL,,,,,,,,,,,,,,,,,,,,,,,,,,,,
27.09.2026 at 02:56 PM IST,DEVIT,,,,,,,,,,,,,,,,,,,,,,,,,,,,
27.09.2026 at 02:56 PM IST,CHEMFAB,,,,,,,,,,,,,,,,,,,,,,,,,,,,
27.09.2026 at 02:56 PM IST,KELLTONTEC,,,,,,,,,,,,,,,,,,,,,,,,,,,,
27.09.2026 at 02:56 PM IST,MIRZAINT,,,,,,,,,,,,,,,,,,,,,,,,,,,,
27.09.2026 at 02:56 PM IST,GREENPANEL,,,,,,,,,,,,,,,,,,,,,,,,,,,,
27.09.2026 at 02:56 PM IST,BANKA,,,,,,,,,,,,,,,,,,,,,,,,,,,,
27.09.2026 at 02:56 PM IST,MUFTI,,,,,,,,,,,,,,,,,,,,,,,,,,,,
27.09.2026 at 02:56 PM IST,BALAXI,,,,,,,,,,,,,,,,,,,,,,,,,,,,
27.09.2026 at 02:56 PM IST,LFIC,,,,,,,,,,,,,,,,,,,,,,,,,,,,
27.09.2026 at 02:56 PM IST,BHARATRAS,,,,,,,,,,,,,,,,,,,,,,,,,,,,
27.09.2026 at 02:56 PM IST,TURTLEMINT,,,,,,,,,,,,,,,,,,,,,,,,,,,,
27.09.2026 at 02:56 PM IST,TRIVENI,,,,,,,,,,,,,,,,,,,,,,,,,,,,
27.09.2026 at 02:56 PM IST,DBREALTY,,,,,,,,,,,,,,,,,,,,,,,,,,,,
27.09.2026 at 02:56 PM IST,TIRUMALCHM,,,,,,,,,,,,,,,,,,,,,,,,,,,,
27.09.2026 at 02:56 PM IST,PRECAM,,,,,,,,,,,,,,,,,,,,,,,,,,,,
27.09.2026 at 02:56 PM IST,UNIENTER,,,,,,,,,,,,,,,,,,,,,,,,,,,,
27.09.2026 at 02:56 PM IST,GODIGIT,,,,,,,,,,,,,,,,,,,,,,,,,,,,
27.09.2026 at 02:56 PM IST,SHAH,,,,,,,,,,,,,,,,,,,,,,,,,,,,
27.09.2026 at 02:56 PM IST,KANANIIND,,,,,,,,,,,,,,,,,,,,,,,,,,,,
27.09.2026 at 02:56 PM IST,EUROBOND,,,,,,,,,,,,,,,,,,,,,,,,,,,,
27.09.2026 at 02:56 PM IST,GOCOLORS,,,,,,,,,,,,,,,,,,,,,,,,,,,,
27.09.2026 at 02:56 PM IST,SWANCORP,,,,,,,,,,,,,,,,,,,,,,,,,,,,
27.09.2026 at 02:56 PM IST,HPIL,,,,,,,,,,,,,,,,,,,,,,,,,,,,
27.09.2026 at 02:56 PM IST,JKTYRE,,,,,,,,,,,,,,,,,,,,,,,,,,,,
27.09.2026 at 02:56 PM IST,SKFINDIA,,,,,,,,,,,,,,,,,,,,,,,,,,,,
27.09.2026 at 02:56 PM IST,EIDPARRY,,,,,,,,,,,,,,,,,,,,,,,,,,,,
27.09.2026 at 02:56 PM IST,AMBUJACEM,,,,,,,,,,,,,,,,,,,,,,,,,,,,
27.09.2026 at 02:56 PM IST,THOMASCOOK,,,,,,,,,,,,,,,,,,,,,,,,,,,,
27.09.2026 at 02:56 PM IST,HATHWAY,,,,,,,,,,,,,,,,,,,,,,,,,,,,
27.09.2026 at 02:56 PM IST,PVSL,,,,,,,,,,,,,,,,,,,,,,,,,,,,
27.09.2026 at 02:56 PM IST,ZEEL,,,,,,,,,,,,,,,,,,,,,,,,,,,,
27.09.2026 at 02:56 PM IST,TOUCHWOOD,,,,,,,,,,,,,,,,,,,,,,,,,,,,
27.09.2026 at 02:56 PM IST,FIBERWEB,,,,,,,,,,,,,,,,,,,,,,,,,,,,
27.09.2026 at 02:56 PM IST,GRAVITA,,,,,,,,,,,,,,,,,,,,,,,,,,,,
27.09.2026 at 02:56 PM IST,BHARATWIRE,,,,,,,,,,,,,,,,,,,,,,,,,,,,
27.09.2026 at 02:56 PM IST,ALLTIME,,,,,,,,,,,,,,,,,,,,,,,,,,,,
27.09.2026 at 02:56 PM IST,ATLANTAA,,,,,,,,,,,,,,,,,,,,,,,,,,,,
27.09.2026 at 02:56 PM IST,FIRSTCRY,,,,,,,,,,,,,,,,,,,,,,,,,,,,
27.09.2026 at 02:56 PM IST,RKEC,,,,,,,,,,,,,,,,,,,,,,,,,,,,
27.09.2026 at 02:56 PM IST,GICRE,,,,,,,,,,,,,,,,,,,,,,,,,,,,
27.09.2026 at 02:56 PM IST,MAHEPC,,,,,,,,,,,,,,,,,,,,,,,,,,,,
27.09.2026 at 02:56 PM IST,ELECTCAST,,,,,,,,,,,,,,,,,,,,,,,,,,,,
27.09.2026 at 02:56 PM IST,INDOWIND,,,,,,,,,,,,,,,,,,,,,,,,,,,,
27.09.2026 at 02:56 PM IST,HARIOMPIPE,,,,,,,,,,,,,,,,,,,,,,,,,,,,
27.09.2026 at 02:56 PM IST,CPEDU,,,,,,,,,,,,,,,,,,,,,,,,,,,,
27.09.2026 at 02:56 PM IST,BYKE,,,,,,,,,,,,,,,,,,,,,,,,,,,,
27.09.2026 at 02:56 PM IST,ASMS,,,,,,,,,,,,,,,,,,,,,,,,,,,,
27.09.2026 at 02:56 PM IST,NDGL,,,,,,,,,,,,,,,,,,,,,,,,,,,,
27.09.2026 at 02:56 PM IST,LIBERTSHOE,,,,,,,,,,,,,,,,,,,,,,,,,,,,
27.09.2026 at 02:56 PM IST,FAZE3Q,,,,,,,,,,,,,,,,,,,,,,,,,,,,
27.09.2026 at 02:56 PM IST,ASTRAZEN,,,,,,,,,,,,,,,,,,,,,,,,,,,,
27.09.2026 at 02:56 PM IST,REPL,,,,,,,,,,,,,,,,,,,,,,,,,,,,
27.09.2026 at 02:56 PM IST,RAJTV,,,,,,,,,,,,,,,,,,,,,,,,,,,,
27.09.2026 at 02:56 PM IST,MTNL,,,,,,,,,,,,,,,,,,,,,,,,,,,,
27.09.2026 at 02:56 PM IST,INDOSTAR,,,,,,,,,,,,,,,,,,,,,,,,,,,,
27.09.2026 at 02:56 PM IST,MADHUCON,,,,,,,,,,,,,,,,,,,,,,,,,,,,
27.09.2026 at 02:56 PM IST,DCXINDIA,,,,,,,,,,,,,,,,,,,,,,,,,,,,
27.09.2026 at 02:56 PM IST,UBL,,,,,,,,,,,,,,,,,,,,,,,,,,,,
27.09.2026 at 02:56 PM IST,HINDWAREAP,,,,,,,,,,,,,,,,,,,,,,,,,,,,
27.09.2026 at 02:56 PM IST,BLUECOAST,,,,,,,,,,,,,,,,,,,,,,,,,,,,
27.09.2026 at 02:56 PM IST,SHREDIGCEM,,,,,,,,,,,,,,,,,,,,,,,,,,,,
27.09.2026 at 02:56 PM IST,MOHITIND,,,,,,,,,,,,,,,,,,,,,,,,,,,,
27.09.2026 at 02:56 PM IST,AMBER,,,,,,,,,,,,,,,,,,,,,,,,,,,,
27.09.2026 at 02:56 PM IST,ESTER,,,,,,,,,,,,,,,,,,,,,,,,,,,,
27.09.2026 at 02:56 PM IST,BIRLAMONEY,,,,,,,,,,,,,,,,,,,,,,,,,,,,
27.09.2026 at 02:56 PM IST,A2ZINFRA,,,,,,,,,,,,,,,,,,,,,,,,,,,,
27.09.2026 at 02:56 PM IST,RELTD,,,,,,,,,,,,,,,,,,,,,,,,,,,,
27.09.2026 at 02:56 PM IST,KAKATCEM,,,,,,,,,,,,,,,,,,,,,,,,,,,,
27.09.2026 at 02:56 PM IST,JITFINFRA,,,,,,,,,,,,,,,,,,,,,,,,,,,,
27.09.2026 at 02:56 PM IST,ZODIACLOTH,,,,,,,,,,,,,,,,,,,,,,,,,,,,
27.09.2026 at 02:56 PM IST,SPENCERS,,,,,,,,,,,,,,,,,,,,,,,,,,,,
27.09.2026 at 02:56 PM IST,AWHCL,,,,,,,,,,,,,,,,,,,,,,,,,,,,
27.09.2026 at 02:56 PM IST,MKPL,,,,,,,,,,,,,,,,,,,,,,,,,,,,
27.09.2026 at 02:56 PM IST,DCMSRIND,,,,,,,,,,,,,,,,,,,,,,,,,,,,
27.09.2026 at 02:56 PM IST,ADVENTHTL,,,,,,,,,,,,,,,,,,,,,,,,,,,,
27.09.2026 at 02:56 PM IST,ABFRL,,,,,,,,,,,,,,,,,,,,,,,,,,,,
27.09.2026 at 02:56 PM IST,WILLAMAGOR,,,,,,,,,,,,,,,,,,,,,,,,,,,,
27.09.2026 at 02:56 PM IST,PRAXIS,,,,,,,,,,,,,,,,,,,,,,,,,,,,
27.09.2026 at 02:56 PM IST,HCL-INSYS,,,,,,,,,,,,,,,,,,,,,,,,,,,,
27.09.2026 at 02:56 PM IST,JAICORPLTD,,,,,,,,,,,,,,,,,,,,,,,,,,,,
27.09.2026 at 02:56 PM IST,KRITI,,,,,,,,,,,,,,,,,,,,,,,,,,,,
27.09.2026 at 02:56 PM IST,ATALREAL,,,,,,,,,,,,,,,,,,,,,,,,,,,,
27.09.2026 at 02:56 PM IST,JISLJALEQS,,,,,,,,,,,,,,,,,,,,,,,,,,,,
27.09.2026 at 02:56 PM IST,PARASPETRO,,,,,,,,,,,,,,,,,,,,,,,,,,,,
27.09.2026 at 02:56 PM IST,RAMANEWS,,,,,,,,,,,,,,,,,,,,,,,,,,,,
27.09.2026 at 02:56 PM IST,PANACEABIO,,,,,,,,,,,,,,,,,,,,,,,,,,,,
27.09.2026 at 02:56 PM IST,NEXTMEDIA,,,,,,,,,,,,,,,,,,,,,,,,,,,,
27.09.2026 at 02:56 PM IST,EMBDL,,,,,,,,,,,,,,,,,,,,,,,,,,,,
27.09.2026 at 02:56 PM IST,MCLOUD,,,,,,,,,,,,,,,,,,,,,,,,,,,,
27.09.2026 at 02:56 PM IST,AVROIND,,,,,,,,,,,,,,,,,,,,,,,,,,,,
27.09.2026 at 02:56 PM IST,INDOTHAI,,,,,,,,,,,,,,,,,,,,,,,,,,,,
27.09.2026 at 02:56 PM IST,MEGASTAR,,,,,,,,,,,,,,,,,,,,,,,,,,,,
27.09.2026 at 02:56 PM IST,VLEGOV,,,,,,,,,,,,,,,,,,,,,,,,,,,,
27.09.2026 at 02:56 PM IST,TCIFINANCE,,,,,,,,,,,,,,,,,,,,,,,,,,,,
27.09.2026 at 02:56 PM IST,NACLIND,,,,,,,,,,,,,,,,,,,,,,,,,,,,
27.09.2026 at 02:56 PM IST,BHANDARI,,,,,,,,,,,,,,,,,,,,,,,,,,,,
27.09.2026 at 02:56 PM IST,SJVN,,,,,,,,,,,,,,,,,,,,,,,,,,,,
27.09.2026 at 02:56 PM IST,ORISSAMINE,,,,,,,,,,,,,,,,,,,,,,,,,,,,
27.09.2026 at 02:56 PM IST,GSS,,,,,,,,,,,,,,,,,,,,,,,,,,,,
27.09.2026 at 02:56 PM IST,TVSELECT,,,,,,,,,,,,,,,,,,,,,,,,,,,,
27.09.2026 at 02:56 PM IST,AHLEAST,,,,,,,,,,,,,,,,,,,,,,,,,,,,
27.09.2026 at 02:56 PM IST,BALKRISHNA,,,,,,,,,,,,,,,,,,,,,,,,,,,,
27.09.2026 at 02:56 PM IST,PNCINFRA,,,,,,,,,,,,,,,,,,,,,,,,,,,,
27.09.2026 at 02:56 PM IST,PNBGILTS,,,,,,,,,,,,,,,,,,,,,,,,,,,,
27.09.2026 at 02:56 PM IST,DCMFINSERV,,,,,,,,,,,,,,,,,,,,,,,,,,,,
27.09.2026 at 02:56 PM IST,DCM,,,,,,,,,,,,,,,,,,,,,,,,,,,,
27.09.2026 at 02:56 PM IST,UTKARSHBNK,,,,,,,,,,,,,,,,,,,,,,,,,,,,
27.09.2026 at 02:56 PM IST,TFL,,,,,,,,,,,,,,,,,,,,,,,,,,,,
27.09.2026 at 02:56 PM IST,TAKE,,,,,,,,,,,,,,,,,,,,,,,,,,,,
27.09.2026 at 02:56 PM IST,SALZERELEC,,,,,,,,,,,,,,,,,,,,,,,,,,,,
27.09.2026 at 02:56 PM IST,GKWLIMITED,,,,,,,,,,,,,,,,,,,,,,,,,,,,
27.09.2026 at 02:56 PM IST,DHRUV,,,,,,,,,,,,,,,,,,,,,,,,,,,,
27.09.2026 at 02:56 PM IST,GREENPOWER,,,,,,,,,,,,,,,,,,,,,,,,,,,,
27.09.2026 at 02:56 PM IST,FILATFASH,,,,,,,,,,,,,,,,,,,,,,,,,,,,
27.09.2026 at 02:56 PM IST,HIMATSEIDE,,,,,,,,,,,,,,,,,,,,,,,,,,,,
27.09.2026 at 02:56 PM IST,GALLANTT,,,,,,,,,,,,,,,,,,,,,,,,,,,,
27.09.2026 at 02:56 PM IST,PFIZER,,,,,,,,,,,,,,,,,,,,,,,,,,,,
27.09.2026 at 02:56 PM IST,MOBIKWIK,,,,,,,,,,,,,,,,,,,,,,,,,,,,
27.09.2026 at 02:56 PM IST,MONEYBOXX,,,,,,,,,,,,,,,,,,,,,,,,,,,,
27.09.2026 at 02:56 PM IST,PIONEEREMB,,,,,,,,,,,,,,,,,,,,,,,,,,,,
27.09.2026 at 02:56 PM IST,PILANIINVS,,,,,,,,,,,,,,,,,,,,,,,,,,,,
27.09.2026 at 02:56 PM IST,CROMPTON,,,,,,,,,,,,,,,,,,,,,,,,,,,,
27.09.2026 at 02:56 PM IST,UNITEDTEA,,,,,,,,,,,,,,,,,,,,,,,,,,,,
27.09.2026 at 02:56 PM IST,SUVIDHAA,,,,,,,,,,,,,,,,,,,,,,,,,,,,
27.09.2026 at 02:56 PM IST,MEDICO,,,,,,,,,,,,,,,,,,,,,,,,,,,,
27.09.2026 at 02:56 PM IST,TATACOMM,,,,,,,,,,,,,,,,,,,,,,,,,,,,
27.09.2026 at 02:56 PM IST,MANORG,,,,,,,,,,,,,,,,,,,,,,,,,,,,
27.09.2026 at 02:56 PM IST,INVENTURE,,,,,,,,,,,,,,,,,,,,,,,,,,,,
27.09.2026 at 02:56 PM IST,TREEHOUSE,,,,,,,,,,,,,,,,,,,,,,,,,,,,
27.09.2026 at 02:56 PM IST,LEMERITE,,,,,,,,,,,,,,,,,,,,,,,,,,,,
27.09.2026 at 02:56 PM IST,SGL,,,,,,,,,,,,,,,,,,,,,,,,,,,,
27.09.2026 at 02:56 PM IST,BLAL,,,,,,,,,,,,,,,,,,,,,,,,,,,,
27.09.2026 at 02:56 PM IST,CENTRUM,,,,,,,,,,,,,,,,,,,,,,,,,,,,
27.09.2026 at 02:56 PM IST,DUCON,,,,,,,,,,,,,,,,,,,,,,,,,,,,
27.09.2026 at 02:56 PM IST,ORTINGLOBE,,,,,,,,,,,,,,,,,,,,,,,,,,,,
27.09.2026 at 02:56 PM IST,UNITECH,,,,,,,,,,,,,,,,,,,,,,,,,,,,
27.09.2026 at 02:56 PM IST,SUPREME,,,,,,,,,,,,,,,,,,,,,,,,,,,,
27.09.2026 at 02:56 PM IST,SUMEETINDS,,,,,,,,,,,,,,,,,,,,,,,,,,,,
27.09.2026 at 02:56 PM IST,BPL,,,,,,,,,,,,,,,,,,,,,,,,,,,,
27.09.2026 at 02:56 PM IST,NITCO,,,,,,,,,,,,,,,,,,,,,,,,,,,,
27.09.2026 at 02:56 PM IST,NAVKARURB,,,,,,,,,,,,,,,,,,,,,,,,,,,,
27.09.2026 at 02:56 PM IST,LAXMICOT,,,,,,,,,,,,,,,,,,,,,,,,,,,,
27.09.2026 at 02:56 PM IST,UNIINFO,,,,,,,,,,,,,,,,,,,,,,,,,,,,
27.09.2026 at 02:56 PM IST,REGENCERAM,,,,,,,,,,,,,,,,,,,,,,,,,,,,
27.09.2026 at 02:56 PM IST,PRITI,,,,,,,,,,,,,,,,,,,,,,,,,,,,
27.09.2026 at 02:56 PM IST,TRU,,,,,,,,,,,,,,,,,,,,,,,,,,,,
27.09.2026 at 02:56 PM IST,ATAM,,,,,,,,,,,,,,,,,,,,,,,,,,,,
27.09.2026 at 02:56 PM IST,MAGNUM,,,,,,,,,,,,,,,,,,,,,,,,,,,,
27.09.2026 at 02:56 PM IST,DNAMEDIA,,,,,,,,,,,,,,,,,,,,,,,,,,,,
27.09.2026 at 02:56 PM IST,ZODIAC,,,,,,,,,,,,,,,,,,,,,,,,,,,,
27.09.2026 at 02:56 PM IST,PGHH,,,,,,,,,,,,,,,,,,,,,,,,,,,,
27.09.2026 at 02:56 PM IST,KEC,,,,,,,,,,,,,,,,,,,,,,,,,,,,
27.09.2026 at 02:56 PM IST,WSI,,,,,,,,,,,,,,,,,,,,,,,,,,,,
27.09.2026 at 02:56 PM IST,ABREL,,,,,,,,,,,,,,,,,,,,,,,,,,,,
27.09.2026 at 02:56 PM IST,AGRITECH,,,,,,,,,,,,,,,,,,,,,,,,,,,,
27.09.2026 at 02:56 PM IST,ACL,,,,,,,,,,,,,,,,,,,,,,,,,,,,
27.09.2026 at 02:56 PM IST,KRIDHANINF,,,,,,,,,,,,,,,,,,,,,,,,,,,,
27.09.2026 at 02:56 PM IST,KOKUYOCMLN,,,,,,,,,,,,,,,,,,,,,,,,,,,,
27.09.2026 at 02:56 PM IST,GAYAHWS,,,,,,,,,,,,,,,,,,,,,,,,,,,,
27.09.2026 at 02:56 PM IST,OSWALAGRO,,,,,,,,,,,,,,,,,,,,,,,,,,,,
27.09.2026 at 02:56 PM IST,INDOUS,,,,,,,,,,,,,,,,,,,,,,,,,,,,
27.09.2026 at 02:56 PM IST,HGS,,,,,,,,,,,,,,,,,,,,,,,,,,,,
27.09.2026 at 02:56 PM IST,HEADSUP,,,,,,,,,,,,,,,,,,,,,,,,,,,,
27.09.2026 at 02:56 PM IST,NLCINDIA,,,,,,,,,,,,,,,,,,,,,,,,,,,,
27.09.2026 at 02:56 PM IST,SOLEX,,,,,,,,,,,,,,,,,,,,,,,,,,,,
27.09.2026 at 02:56 PM IST,GENCON,,,,,,,,,,,,,,,,,,,,,,,,,,,,
27.09.2026 at 02:56 PM IST,TERASOFT,,,,,,,,,,,,,,,,,,,,,,,,,,,,
27.09.2026 at 02:56 PM IST,AROGRANITE,,,,,,,,,,,,,,,,,,,,,,,,,,,,
27.09.2026 at 02:56 PM IST,VIRINCHI,,,,,,,,,,,,,,,,,,,,,,,,,,,,
27.09.2026 at 02:56 PM IST,MALLCOM,,,,,,,,,,,,,,,,,,,,,,,,,,,,
27.09.2026 at 02:56 PM IST,PNC,,,,,,,,,,,,,,,,,,,,,,,,,,,,
27.09.2026 at 02:56 PM IST,SECURKLOUD,,,,,,,,,,,,,,,,,,,,,,,,,,,,
27.09.2026 at 02:56 PM IST,GUJAPOLLO,,,,,,,,,,,,,,,,,,,,,,,,,,,,
27.09.2026 at 02:56 PM IST,PFS,,,,,,,,,,,,,,,,,,,,,,,,,,,,
27.09.2026 at 02:56 PM IST,NAHARPOLY,,,,,,,,,,,,,,,,,,,,,,,,,,,,
27.09.2026 at 02:56 PM IST,BOMDYEING,,,,,,,,,,,,,,,,,,,,,,,,,,,,
27.09.2026 at 02:56 PM IST,NECLIFE,,,,,,,,,,,,,,,,,,,,,,,,,,,,
27.09.2026 at 02:56 PM IST,KALAMANDIR,,,,,,,,,,,,,,,,,,,,,,,,,,,,
27.09.2026 at 02:56 PM IST,SOMICONVEY,,,,,,,,,,,,,,,,,,,,,,,,,,,,
27.09.2026 at 02:56 PM IST,ENIL,,,,,,,,,,,,,,,,,,,,,,,,,,,,
27.09.2026 at 02:56 PM IST,ACI,,,,,,,,,,,,,,,,,,,,,,,,,,,,
27.09.2026 at 02:56 PM IST,CEWATER,,,,,,,,,,,,,,,,,,,,,,,,,,,,
27.09.2026 at 02:56 PM IST,SOLARWORLD,,,,,,,,,,,,,,,,,,,,,,,,,,,,
27.09.2026 at 02:56 PM IST,CLEDUCATE,,,,,,,,,,,,,,,,,,,,,,,,,,,,
27.09.2026 at 02:56 PM IST,OSWALPUMPS,,,,,,,,,,,,,,,,,,,,,,,,,,,,
27.09.2026 at 02:56 PM IST,NDTV,,,,,,,,,,,,,,,,,,,,,,,,,,,,
27.09.2026 at 02:56 PM IST,MAANALU,,,,,,,,,,,,,,,,,,,,,,,,,,,,
27.09.2026 at 02:56 PM IST,VINNY,,,,,,,,,,,,,,,,,,,,,,,,,,,,
27.09.2026 at 02:56 PM IST,AGARIND,,,,,,,,,,,,,,,,,,,,,,,,,,,,
27.09.2026 at 02:56 PM IST,EMSLIMITED,,,,,,,,,,,,,,,,,,,,,,,,,,,,
27.09.2026 at 02:56 PM IST,GLOBALE,,,,,,,,,,,,,,,,,,,,,,,,,,,,
27.09.2026 at 02:56 PM IST,DIGITIDE,,,,,,,,,,,,,,,,,,,,,,,,,,,,
27.09.2026 at 02:56 PM IST,ATGL,,,,,,,,,,,,,,,,,,,,,,,,,,,,
27.09.2026 at 02:56 PM IST,IRCON,,,,,,,,,,,,,,,,,,,,,,,,,,,,
27.09.2026 at 02:56 PM IST,RADIOCITY,,,,,,,,,,,,,,,,,,,,,,,,,,,,
27.09.2026 at 02:56 PM IST,BAYERCROP,,,,,,,,,,,,,,,,,,,,,,,,,,,,
27.09.2026 at 02:56 PM IST,IGCL,,,,,,,,,,,,,,,,,,,,,,,,,,,,
27.09.2026 at 02:56 PM IST,FINOPB,,,,,,,,,,,,,,,,,,,,,,,,,,,,
27.09.2026 at 02:56 PM IST,RHETAN,,,,,,,,,,,,,,,,,,,,,,,,,,,,
27.09.2026 at 02:56 PM IST,ANIKINDS,,,,,,,,,,,,,,,,,,,,,,,,,,,,
27.09.2026 at 02:56 PM IST,TRF,,,,,,,,,,,,,,,,,,,,,,,,,,,,
27.09.2026 at 02:56 PM IST,ADL,,,,,,,,,,,,,,,,,,,,,,,,,,,,
27.09.2026 at 02:56 PM IST,JLHL,,,,,,,,,,,,,,,,,,,,,,,,,,,,
27.09.2026 at 02:56 PM IST,KITEX,,,,,,,,,,,,,,,,,,,,,,,,,,,,
27.09.2026 at 02:56 PM IST,PRAKASHSTL,,,,,,,,,,,,,,,,,,,,,,,,,,,,
27.09.2026 at 02:56 PM IST,SAGCEM,,,,,,,,,,,,,,,,,,,,,,,,,,,,
27.09.2026 at 02:56 PM IST,MHRIL,,,,,,,,,,,,,,,,,,,,,,,,,,,,
27.09.2026 at 02:56 PM IST,RPOWER,,,,,,,,,,,,,,,,,,,,,,,,,,,,
27.09.2026 at 02:56 PM IST,RADAAN,,,,,,,,,,,,,,,,,,,,,,,,,,,,
27.09.2026 at 02:56 PM IST,JISLDVREQS,,,,,,,,,,,,,,,,,,,,,,,,,,,,
27.09.2026 at 02:56 PM IST,ABLBL,,,,,,,,,,,,,,,,,,,,,,,,,,,,
27.09.2026 at 02:56 PM IST,WANBURY,,,,,,,,,,,,,,,,,,,,,,,,,,,,
27.09.2026 at 02:56 PM IST,SAMMAANCAP,,,,,,,,,,,,,,,,,,,,,,,,,,,,
27.09.2026 at 02:56 PM IST,SYNGENE,,,,,,,,,,,,,,,,,,,,,,,,,,,,
27.09.2026 at 02:56 PM IST,3PLAND,,,,,,,,,,,,,,,,,,,,,,,,,,,,
27.09.2026 at 02:56 PM IST,RTNPOWER,,,,,,,,,,,,,,,,,,,,,,,,,,,,
27.09.2026 at 02:56 PM IST,GLOBALVECT,,,,,,,,,,,,,,,,,,,,,,,,,,,,
27.09.2026 at 02:56 PM IST,HEGAM,,,,,,,,,,,,,,,,,,,,,,,,,,,,
27.09.2026 at 02:56 PM IST,APCL,,,,,,,,,,,,,,,,,,,,,,,,,,,,
27.09.2026 at 02:56 PM IST,RSSOFTWARE,,,,,,,,,,,,,,,,,,,,,,,,,,,,
27.09.2026 at 02:56 PM IST,POLICYBZR,,,,,,,,,,,,,,,,,,,,,,,,,,,,
27.09.2026 at 02:56 PM IST,MFML,,,,,,,,,,,,,,,,,,,,,,,,,,,,
27.09.2026 at 02:56 PM IST,WAAREEINDO,,,,,,,,,,,,,,,,,,,,,,,,,,,,
27.09.2026 at 02:56 PM IST,DREAMFOLKS,,,,,,,,,,,,,,,,,,,,,,,,,,,,
27.09.2026 at 02:56 PM IST,VIPIND,,,,,,,,,,,,,,,,,,,,,,,,,,,,
27.09.2026 at 02:56 PM IST,GENUSPAPER,,,,,,,,,,,,,,,,,,,,,,,,,,,,
27.09.2026 at 02:56 PM IST,APTECHT,,,,,,,,,,,,,,,,,,,,,,,,,,,,
27.09.2026 at 02:56 PM IST,PRUDMOULI,,,,,,,,,,,,,,,,,,,,,,,,,,,,
27.09.2026 at 02:56 PM IST,EPACK,,,,,,,,,,,,,,,,,,,,,,,,,,,,
27.09.2026 at 02:56 PM IST,SPANDANA,,,,,,,,,,,,,,,,,,,,,,,,,,,,
27.09.2026 at 02:56 PM IST,HEXATRADEX,,,,,,,,,,,,,,,,,,,,,,,,,,,,
27.09.2026 at 02:56 PM IST,ORIENTTECH,,,,,,,,,,,,,,,,,,,,,,,,,,,,
27.09.2026 at 02:56 PM IST,TTML,,,,,,,,,,,,,,,,,,,,,,,,,,,,
27.09.2026 at 02:56 PM IST,GSLSU,,,,,,,,,,,,,,,,,,,,,,,,,,,,
27.09.2026 at 02:56 PM IST,HARRMALAYA,,,,,,,,,,,,,,,,,,,,,,,,,,,,
27.09.2026 at 02:56 PM IST,KEEPLEARN,,,,,,,,,,,,,,,,,,,,,,,,,,,,
27.09.2026 at 02:56 PM IST,VAKRANGEE,,,,,,,,,,,,,,,,,,,,,,,,,,,,
27.09.2026 at 02:56 PM IST,TORNTPOWER,,,,,,,,,,,,,,,,,,,,,,,,,,,,
27.09.2026 at 02:56 PM IST,INDIACEM,,,,,,,,,,,,,,,,,,,,,,,,,,,,
27.09.2026 at 02:56 PM IST,ZENITHSTL,,,,,,,,,,,,,,,,,,,,,,,,,,,,
27.09.2026 at 02:56 PM IST,ESSARSHPNG,,,,,,,,,,,,,,,,,,,,,,,,,,,,
27.09.2026 at 02:56 PM IST,MCLEODRUSS,,,,,,,,,,,,,,,,,,,,,,,,,,,,
27.09.2026 at 02:56 PM IST,RTNINDIA,,,,,,,,,,,,,,,,,,,,,,,,,,,,
27.09.2026 at 02:56 PM IST,RPPINFRA,,,,,,,,,,,,,,,,,,,,,,,,,,,,
27.09.2026 at 02:56 PM IST,ELECTHERM,,,,,,,,,,,,,,,,,,,,,,,,,,,,
27.09.2026 at 02:56 PM IST,GODAVARIB,,,,,,,,,,,,,,,,,,,,,,,,,,,,
27.09.2026 at 02:56 PM IST,MASKINVEST,,,,,,,,,,,,,,,,,,,,,,,,,,,,
27.09.2026 at 02:56 PM IST,CELEBRITY,,,,,,,,,,,,,,,,,,,,,,,,,,,,
27.09.2026 at 02:56 PM IST,HGM,,,,,,,,,,,,,,,,,,,,,,,,,,,,
27.09.2026 at 02:56 PM IST,HGINFRA,,,,,,,,,,,,,,,,,,,,,,,,,,,,
27.09.2026 at 02:56 PM IST,HEMIPROP,,,,,,,,,,,,,,,,,,,,,,,,,,,,
27.09.2026 at 02:56 PM IST,GRMOVER,,,,,,,,,,,,,,,,,,,,,,,,,,,,
27.09.2026 at 02:56 PM IST,TECILCHEM,,,,,,,,,,,,,,,,,,,,,,,,,,,,
27.09.2026 at 02:56 PM IST,BCONCEPTS,,,,,,,,,,,,,,,,,,,,,,,,,,,,
27.09.2026 at 02:56 PM IST,BAJAJELEC,,,,,,,,,,,,,,,,,,,,,,,,,,,,
27.09.2026 at 02:56 PM IST,BSL,,,,,,,,,,,,,,,,,,,,,,,,,,,,
27.09.2026 at 02:56 PM IST,URJA,,,,,,,,,,,,,,,,,,,,,,,,,,,,
27.09.2026 at 02:56 PM IST,DISHTV,,,,,,,,,,,,,,,,,,,,,,,,,,,,
27.09.2026 at 02:56 PM IST,AQYLON,,,,,,,,,,,,,,,,,,,,,,,,,,,,
27.09.2026 at 02:56 PM IST,GANGAFORGE,,,,,,,,,,,,,,,,,,,,,,,,,,,,
27.09.2026 at 02:56 PM IST,FACT,,,,,,,,,,,,,,,,,,,,,,,,,,,,
27.09.2026 at 02:56 PM IST,ESSENTIA,,,,,,,,,,,,,,,,,,,,,,,,,,,,
27.09.2026 at 02:56 PM IST,VASWANI,,,,,,,,,,,,,,,,,,,,,,,,,,,,
27.09.2026 at 02:56 PM IST,EMAMIREAL,,,,,,,,,,,,,,,,,,,,,,,,,,,,
27.09.2026 at 02:56 PM IST,ALOKINDS,,,,,,,,,,,,,,,,,,,,,,,,,,,,
27.09.2026 at 02:56 PM IST,SWSOLAR,,,,,,,,,,,,,,,,,,,,,,,,,,,,
27.09.2026 at 02:56 PM IST,TARAPUR,,,,,,,,,,,,,,,,,,,,,,,,,,,,
27.09.2026 at 02:56 PM IST,RIIL,,,,,,,,,,,,,,,,,,,,,,,,,,,,
27.09.2026 at 02:56 PM IST,AFCONS,,,,,,,,,,,,,,,,,,,,,,,,,,,,
27.09.2026 at 02:56 PM IST,ANUP,,,,,,,,,,,,,,,,,,,,,,,,,,,,
27.09.2026 at 02:56 PM IST,RAJMET,,,,,,,,,,,,,,,,,,,,,,,,,,,,
27.09.2026 at 02:56 PM IST,LEXUS,,,,,,,,,,,,,,,,,,,,,,,,,,,,
27.09.2026 at 02:56 PM IST,BRNL,,,,,,,,,,,,,,,,,,,,,,,,,,,,
27.09.2026 at 02:56 PM IST,HUBTOWN,,,,,,,,,,,,,,,,,,,,,,,,,,,,
27.09.2026 at 02:56 PM IST,ANTGRAPHIC,,,,,,,,,,,,,,,,,,,,,,,,,,,,
27.09.2026 at 02:56 PM IST,ORCHASP,,,,,,,,,,,,,,,,,,,,,,,,,,,,
27.09.2026 at 02:56 PM IST,VPRPL,,,,,,,,,,,,,,,,,,,,,,,,,,,,
27.09.2026 at 02:56 PM IST,QUICKHEAL,,,,,,,,,,,,,,,,,,,,,,,,,,,,
27.09.2026 at 02:56 PM IST,ATLASCYCLE,,,,,,,,,,,,,,,,,,,,,,,,,,,,
27.09.2026 at 02:56 PM IST,PILITA,,,,,,,,,,,,,,,,,,,,,,,,,,,,
27.09.2026 at 02:56 PM IST,SEPC,,,,,,,,,,,,,,,,,,,,,,,,,,,,
27.09.2026 at 02:56 PM IST,GLFL,,,,,,,,,,,,,,,,,,,,,,,,,,,,
27.09.2026 at 02:56 PM IST,FOODSIN,,,,,,,,,,,,,,,,,,,,,,,,,,,,
