scan_time,symbol,sector,industry,current_price,day_change_pct,52w_low,52w_high,distance_pct,distance_from_high_pct,rsi,sma50,sma200,avg_volume_20,latest_volume,volume_ratio,trend,trend_score,momentum_score,reversal_score,volume_score,risk_penalty,conviction_score,score,reasons
06.10.2026 at 12:47 AM IST,AIROLAM,Unknown,Unknown,89.58,-3.52,78.0,117.5,14.85,23.76,51.87,88.25,89.52,4991.45,27357.0,5.48,Bullish,30,20,15,15,0,80,80,"Above 50 DMA, Above 200 DMA, Healthy RSI momentum, Close to 52W low with recovery potential, Strong volume expansion"
06.10.2026 at 12:47 AM IST,GPTINFRA,Unknown,Unknown,118.66,0.27,95.41,150.0,24.37,20.89,59.7,114.92,113.69,340855.75,1103389.0,3.24,Bullish,30,20,8,15,0,73,73,"Above 50 DMA, Above 200 DMA, Healthy RSI momentum, Within 30% of 52W low, Strong volume expansion"
06.10.2026 at 12:47 AM IST,KOTAKBANK,Financial Services,Unknown,418.35,0.32,344.9,452.42,21.29,7.53,57.56,405.47,398.8,16186266.85,76637247.0,4.73,Bullish,30,20,8,15,0,73,73,"Above 50 DMA, Above 200 DMA, Healthy RSI momentum, Within 30% of 52W low, Strong volume expansion"
06.10.2026 at 12:47 AM IST,JUNIPER,Unknown,Unknown,214.99,0.74,188.5,286.5,14.05,24.96,50.11,208.54,213.6,176273.7,188659.0,1.07,Bullish,30,20,15,5,0,70,70,"Above 50 DMA, Above 200 DMA, Healthy RSI momentum, Close to 52W low with recovery potential, Normal volume support"
06.10.2026 at 12:47 AM IST,PRIMESECU,Unknown,Unknown,301.5,1.02,253.1,325.0,19.12,7.23,60.13,285.97,282.4,38930.35,43023.0,1.11,Bullish,30,20,15,5,0,70,70,"Above 50 DMA, Above 200 DMA, Healthy RSI momentum, Close to 52W low with recovery potential, Normal volume support"
06.10.2026 at 12:47 AM IST,GPPL,Unknown,Unknown,165.88,-0.52,137.36,194.17,20.76,14.57,60.37,156.89,157.64,1335443.75,1997403.0,1.5,Bullish,30,20,8,10,0,68,68,"Above 50 DMA, Above 200 DMA, Healthy RSI momentum, Within 30% of 52W low, Volume expansion"
06.10.2026 at 12:47 AM IST,TARMAT,Unknown,Unknown,57.23,-3.65,46.26,73.9,23.71,22.56,50.4,55.97,53.49,25477.3,43187.0,1.7,Bullish,30,20,8,10,0,68,68,"Above 50 DMA, Above 200 DMA, Healthy RSI momentum, Within 30% of 52W low, Volume expansion"
06.10.2026 at 12:47 AM IST,PIXTRANS,Unknown,Unknown,1809.3,4.77,1245.92,2089.0,45.22,13.39,59.55,1780.07,1579.29,81395.65,1455118.0,17.88,Bullish,30,20,0,15,0,65,65,"Above 50 DMA, Above 200 DMA, Healthy RSI momentum, Strong volume expansion"
06.10.2026 at 12:47 AM IST,ATLANTAELE,Unknown,Unknown,1716.5,6.74,707.6,2152.6,142.58,20.26,51.87,1696.28,1415.5,108848.5,345205.0,3.17,Bullish,30,20,0,15,0,65,65,"Above 50 DMA, Above 200 DMA, Healthy RSI momentum, Strong volume expansion"
06.10.2026 at 12:47 AM IST,GALAXYSURF,Unknown,Unknown,2376.9,1.89,1492.96,2648.0,59.21,10.24,61.87,2179.48,1932.91,50892.75,216645.0,4.26,Bullish,30,20,0,15,0,65,65,"Above 50 DMA, Above 200 DMA, Healthy RSI momentum, Strong volume expansion"
06.10.2026 at 12:47 AM IST,ALBERTDAVD,Unknown,Unknown,856.7,-1.78,575.69,931.85,48.81,8.06,52.16,819.51,733.12,4426.2,11319.0,2.56,Bullish,30,20,0,15,0,65,65,"Above 50 DMA, Above 200 DMA, Healthy RSI momentum, Strong volume expansion"
06.10.2026 at 12:47 AM IST,ADFFOODS,Unknown,Unknown,281.4,3.04,152.76,346.19,84.21,18.71,59.66,271.33,244.92,102238.2,266181.0,2.6,Bullish,30,20,0,15,0,65,65,"Above 50 DMA, Above 200 DMA, Healthy RSI momentum, Strong volume expansion"
06.10.2026 at 12:47 AM IST,TDPOWERSYS,Capital Goods,Unknown,792.15,0.78,290.71,817.55,172.49,3.11,58.08,708.81,544.25,2612523.45,5370306.0,2.06,Bullish,30,20,0,15,0,65,65,"Above 50 DMA, Above 200 DMA, Healthy RSI momentum, Strong volume expansion"
06.10.2026 at 12:47 AM IST,THOMASCOTT,Unknown,Unknown,300.2,12.29,221.8,459.8,35.35,34.71,69.25,278.37,291.55,102758.8,725256.0,7.06,Bullish,30,20,0,15,0,65,65,"Above 50 DMA, Above 200 DMA, Healthy RSI momentum, Strong volume expansion"
06.10.2026 at 12:47 AM IST,GILLANDERS,Unknown,Unknown,112.72,-1.81,76.0,129.4,48.32,12.89,66.93,98.54,93.8,12942.85,29602.0,2.29,Bullish,30,20,0,15,0,65,65,"Above 50 DMA, Above 200 DMA, Healthy RSI momentum, Strong volume expansion"
06.10.2026 at 12:47 AM IST,HARSHA,Unknown,Unknown,474.5,0.89,312.18,484.8,52.0,2.12,64.65,436.49,398.8,179278.4,401993.0,2.24,Bullish,30,20,0,15,0,65,65,"Above 50 DMA, Above 200 DMA, Healthy RSI momentum, Strong volume expansion"
06.10.2026 at 12:47 AM IST,SHRINGARMS,Unknown,Unknown,221.31,-1.46,166.0,266.5,33.32,16.96,56.65,220.81,216.92,475066.8,1103142.0,2.32,Bullish,30,20,0,15,0,65,65,"Above 50 DMA, Above 200 DMA, Healthy RSI momentum, Strong volume expansion"
06.10.2026 at 12:47 AM IST,RVTH,Unknown,Unknown,776.7,15.96,491.1,1128.0,58.16,31.14,62.56,713.92,677.16,3702.75,43662.0,11.79,Bullish,30,20,0,15,0,65,65,"Above 50 DMA, Above 200 DMA, Healthy RSI momentum, Strong volume expansion"
06.10.2026 at 12:47 AM IST,LOKESHMACH,Unknown,Unknown,400.8,9.54,138.96,411.45,188.43,2.59,67.36,340.82,257.03,85160.85,991506.0,11.64,Bullish,30,20,0,15,0,65,65,"Above 50 DMA, Above 200 DMA, Healthy RSI momentum, Strong volume expansion"
06.10.2026 at 12:47 AM IST,SCHNEIDER,Capital Goods,Unknown,1275.4,5.98,571.85,1548.0,123.03,17.61,57.86,1256.91,1083.57,266039.85,1444982.0,5.43,Bullish,30,20,0,15,0,65,65,"Above 50 DMA, Above 200 DMA, Healthy RSI momentum, Strong volume expansion"
06.10.2026 at 12:47 AM IST,SUDARSCHEM,Unknown,Unknown,1241.5,3.12,723.17,1354.35,71.67,8.33,56.37,1171.48,966.71,203539.5,425401.0,2.09,Bullish,30,20,0,15,0,65,65,"Above 50 DMA, Above 200 DMA, Healthy RSI momentum, Strong volume expansion"
06.10.2026 at 12:47 AM IST,OMFREIGHT,Unknown,Unknown,97.5,3.72,58.95,114.33,65.39,14.72,65.61,90.87,87.59,9183.15,26984.0,2.94,Bullish,30,20,0,15,0,65,65,"Above 50 DMA, Above 200 DMA, Healthy RSI momentum, Strong volume expansion"
06.10.2026 at 12:47 AM IST,GLOBAL,Unknown,Unknown,136.51,2.79,54.66,143.0,149.74,4.54,67.35,115.4,101.99,262423.2,605881.0,2.31,Bullish,30,20,0,15,0,65,65,"Above 50 DMA, Above 200 DMA, Healthy RSI momentum, Strong volume expansion"
06.10.2026 at 12:47 AM IST,BOSCH-HCIL,Unknown,Unknown,1967.2,4.82,1021.3,1985.0,92.62,0.9,68.76,1671.97,1440.47,53647.35,127667.0,2.38,Bullish,30,20,0,15,0,65,65,"Above 50 DMA, Above 200 DMA, Healthy RSI momentum, Strong volume expansion"
06.10.2026 at 12:47 AM IST,ENRIN,Capital Goods,Unknown,3334.0,4.19,2111.59,3968.0,57.89,15.98,57.3,3286.86,3088.69,428550.8,1649842.0,3.85,Bullish,30,20,0,15,0,65,65,"Above 50 DMA, Above 200 DMA, Healthy RSI momentum, Strong volume expansion"
06.10.2026 at 12:47 AM IST,EVERESTIND,Unknown,Unknown,475.3,4.32,284.36,715.63,67.15,33.58,66.29,446.09,422.42,12073.65,28053.0,2.32,Bullish,30,20,0,15,0,65,65,"Above 50 DMA, Above 200 DMA, Healthy RSI momentum, Strong volume expansion"
06.10.2026 at 12:47 AM IST,ROLEXRINGS,Unknown,Unknown,196.36,3.3,99.79,198.45,96.77,1.05,69.31,170.13,143.92,1997958.1,5245978.0,2.63,Bullish,30,20,0,15,0,65,65,"Above 50 DMA, Above 200 DMA, Healthy RSI momentum, Strong volume expansion"
06.10.2026 at 12:47 AM IST,SSWL,Unknown,Unknown,390.8,-4.24,168.31,419.8,132.2,6.91,63.34,333.87,242.64,1426130.1,3280912.0,2.3,Bullish,30,20,0,15,0,65,65,"Above 50 DMA, Above 200 DMA, Healthy RSI momentum, Strong volume expansion"
06.10.2026 at 12:47 AM IST,VIVIANA,Unknown,Unknown,774.5,9.96,564.23,1857.46,37.27,58.3,60.3,724.85,750.58,28289.6,140440.0,4.96,Bullish,30,20,0,15,0,65,65,"Above 50 DMA, Above 200 DMA, Healthy RSI momentum, Strong volume expansion"
06.10.2026 at 12:47 AM IST,APLAPOLLO,Capital Goods,Unknown,2115.7,-3.4,1683.51,2292.57,25.67,7.71,44.81,2094.24,1981.68,603763.55,1615913.0,2.68,Bullish,30,8,8,15,0,61,61,"Above 50 DMA, Above 200 DMA, Weak but watchable RSI, Within 30% of 52W low, Strong volume expansion"
06.10.2026 at 12:47 AM IST,INOXINDIA,Capital Goods,Unknown,2168.3,5.64,1066.92,2339.5,103.23,7.32,54.89,2040.23,1564.94,350582.7,629630.0,1.8,Bullish,30,20,0,10,0,60,60,"Above 50 DMA, Above 200 DMA, Healthy RSI momentum, Volume expansion"
06.10.2026 at 12:47 AM IST,BOROLTD,Unknown,Unknown,280.2,-4.49,213.73,363.4,31.1,22.89,60.27,251.43,247.3,404731.25,560059.0,1.38,Bullish,30,20,0,10,0,60,60,"Above 50 DMA, Above 200 DMA, Healthy RSI momentum, Volume expansion"
06.10.2026 at 12:47 AM IST,STLNETWORK,Unknown,Unknown,47.18,-3.66,15.75,56.5,199.56,16.5,66.43,32.14,25.8,10167256.75,13627273.0,1.34,Bullish,30,20,0,10,0,60,60,"Above 50 DMA, Above 200 DMA, Healthy RSI momentum, Volume expansion"
06.10.2026 at 12:47 AM IST,INDOAMIN,Unknown,Unknown,136.52,-3.91,81.57,152.65,67.37,10.57,57.9,127.66,120.6,153313.95,293231.0,1.91,Bullish,30,20,0,10,0,60,60,"Above 50 DMA, Above 200 DMA, Healthy RSI momentum, Volume expansion"
06.10.2026 at 12:47 AM IST,GREENPLY,Unknown,Unknown,303.7,1.25,176.11,333.82,72.45,9.02,58.4,289.35,260.26,256763.7,393933.0,1.53,Bullish,30,20,0,10,0,60,60,"Above 50 DMA, Above 200 DMA, Healthy RSI momentum, Volume expansion"
06.10.2026 at 12:47 AM IST,DMCC,Unknown,Unknown,308.7,-0.96,189.68,330.0,62.74,6.46,60.94,286.81,257.73,105015.3,197626.0,1.88,Bullish,30,20,0,10,0,60,60,"Above 50 DMA, Above 200 DMA, Healthy RSI momentum, Volume expansion"
06.10.2026 at 12:47 AM IST,KAJARIACER,Consumer Durables,Unknown,1225.1,-0.81,865.26,1278.95,41.59,4.21,52.92,1212.56,1090.47,456348.8,633743.0,1.39,Bullish,30,20,0,10,0,60,60,"Above 50 DMA, Above 200 DMA, Healthy RSI momentum, Volume expansion"
06.10.2026 at 12:47 AM IST,MACPOWER,Unknown,Unknown,2144.8,2.33,760.39,2234.7,182.06,4.02,61.92,1825.89,1235.71,69018.5,97223.0,1.41,Bullish,30,20,0,10,0,60,60,"Above 50 DMA, Above 200 DMA, Healthy RSI momentum, Volume expansion"
06.10.2026 at 12:47 AM IST,AAREYDRUGS,Unknown,Unknown,103.85,1.1,50.31,107.85,106.42,3.71,67.26,89.29,78.67,240403.0,449714.0,1.87,Bullish,30,20,0,10,0,60,60,"Above 50 DMA, Above 200 DMA, Healthy RSI momentum, Volume expansion"
06.10.2026 at 12:47 AM IST,SYNCOMF,Unknown,Unknown,23.96,-4.47,10.16,27.49,135.83,12.84,66.97,17.57,14.49,29981804.9,44387615.0,1.48,Bullish,30,20,0,10,0,60,60,"Above 50 DMA, Above 200 DMA, Healthy RSI momentum, Volume expansion"
06.10.2026 at 12:47 AM IST,LALPATHLAB,Healthcare,Unknown,2005.1,0.91,1266.16,2038.6,58.36,1.64,67.62,1911.44,1591.83,346306.6,542969.0,1.57,Bullish,30,20,0,10,0,60,60,"Above 50 DMA, Above 200 DMA, Healthy RSI momentum, Volume expansion"
06.10.2026 at 12:47 AM IST,VARDHACRLC,Unknown,Unknown,44.34,1.6,26.12,46.94,69.78,5.55,54.31,43.46,39.16,34636.65,61608.0,1.78,Bullish,30,20,0,10,0,60,60,"Above 50 DMA, Above 200 DMA, Healthy RSI momentum, Volume expansion"
06.10.2026 at 12:47 AM IST,MANBA,Unknown,Unknown,139.01,1.59,97.63,153.42,42.38,9.39,61.97,133.14,125.47,171253.75,229896.0,1.34,Bullish,30,20,0,10,0,60,60,"Above 50 DMA, Above 200 DMA, Healthy RSI momentum, Volume expansion"
06.10.2026 at 12:47 AM IST,AZAD,Capital Goods,Unknown,2860.9,-3.45,1360.0,3127.9,110.36,8.54,56.14,2685.28,2056.48,912276.75,1334621.0,1.46,Bullish,30,20,0,10,0,60,60,"Above 50 DMA, Above 200 DMA, Healthy RSI momentum, Volume expansion"
06.10.2026 at 12:47 AM IST,BLSE,Unknown,Unknown,322.05,-1.99,124.11,339.8,159.5,5.22,53.84,314.32,223.52,340457.15,522976.0,1.54,Bullish,30,20,0,10,0,60,60,"Above 50 DMA, Above 200 DMA, Healthy RSI momentum, Volume expansion"
06.10.2026 at 12:47 AM IST,ESTER,Unknown,Unknown,95.52,-5.63,68.35,132.07,39.75,27.67,58.04,91.54,93.29,268606.9,807322.0,3.01,Bullish,30,20,0,15,5,60,60,"Above 50 DMA, Above 200 DMA, Healthy RSI momentum, Strong volume expansion, Sharp daily fall"
06.10.2026 at 12:47 AM IST,DELTACORP,Unknown,Unknown,73.48,-8.73,47.9,87.9,53.4,16.41,62.85,61.57,64.17,11789561.2,31237756.0,2.65,Bullish,30,20,0,15,5,60,60,"Above 50 DMA, Above 200 DMA, Healthy RSI momentum, Strong volume expansion, Sharp daily fall"
06.10.2026 at 12:47 AM IST,SKYGOLD,Unknown,Unknown,810.65,-0.01,277.0,868.8,192.65,6.69,55.8,771.26,509.28,777951.4,1141277.0,1.47,Bullish,30,20,0,10,0,60,60,"Above 50 DMA, Above 200 DMA, Healthy RSI momentum, Volume expansion"
06.10.2026 at 12:47 AM IST,AUROPHARMA,Healthcare,Unknown,1676.8,0.29,1066.8,1740.0,57.18,3.63,50.08,1646.92,1421.49,759336.65,1074057.0,1.41,Bullish,30,20,0,10,0,60,60,"Above 50 DMA, Above 200 DMA, Healthy RSI momentum, Volume expansion"
06.10.2026 at 12:47 AM IST,VHL,Unknown,Unknown,3435.3,1.01,2865.77,4268.7,19.87,19.52,51.64,3453.13,3415.24,632.35,1027.0,1.62,Bearish,15,20,15,10,0,60,60,"Above 200 DMA, Healthy RSI momentum, Close to 52W low with recovery potential, Volume expansion"
06.10.2026 at 12:47 AM IST,SONACOMS,Automobile and Auto Components,Unknown,805.0,-3.01,401.87,844.0,100.31,4.62,50.85,796.0,614.61,2211055.25,3497748.0,1.58,Bullish,30,20,0,10,0,60,60,"Above 50 DMA, Above 200 DMA, Healthy RSI momentum, Volume expansion"
06.10.2026 at 12:47 AM IST,ZUARIIND,Unknown,Unknown,281.85,-0.12,209.23,377.6,34.71,25.36,56.7,268.48,265.13,73162.95,109193.0,1.49,Bullish,30,20,0,10,0,60,60,"Above 50 DMA, Above 200 DMA, Healthy RSI momentum, Volume expansion"
06.10.2026 at 12:47 AM IST,ACE,Capital Goods,Unknown,1212.3,-1.6,743.73,1268.0,63.0,4.39,58.1,1139.18,961.03,354959.05,465866.0,1.31,Bullish,30,20,0,10,0,60,60,"Above 50 DMA, Above 200 DMA, Healthy RSI momentum, Volume expansion"
06.10.2026 at 12:47 AM IST,RBLBANK,Financial Services,Unknown,411.4,2.0,271.4,429.6,51.59,4.24,54.2,394.18,343.52,3622562.6,5387538.0,1.49,Bullish,30,20,0,10,0,60,60,"Above 50 DMA, Above 200 DMA, Healthy RSI momentum, Volume expansion"
06.10.2026 at 12:47 AM IST,DIFFNKG,Unknown,Unknown,464.4,5.85,215.99,519.9,115.01,10.68,60.92,422.15,338.16,276708.1,498520.0,1.8,Bullish,30,20,0,10,0,60,60,"Above 50 DMA, Above 200 DMA, Healthy RSI momentum, Volume expansion"
06.10.2026 at 12:47 AM IST,UNIDT,Unknown,Unknown,239.65,7.92,145.21,272.0,65.04,11.89,55.16,226.45,207.69,85844.0,130454.0,1.52,Bullish,30,20,0,10,0,60,60,"Above 50 DMA, Above 200 DMA, Healthy RSI momentum, Volume expansion"
06.10.2026 at 12:47 AM IST,IPCALAB,Healthcare,Unknown,1943.2,0.84,1247.27,2038.0,55.8,4.65,50.44,1885.79,1629.3,229113.3,323967.0,1.41,Bullish,30,20,0,10,0,60,60,"Above 50 DMA, Above 200 DMA, Healthy RSI momentum, Volume expansion"
06.10.2026 at 12:47 AM IST,MANOMAY,Unknown,Unknown,240.08,-0.24,160.25,259.88,49.82,7.62,63.53,221.61,208.85,225027.65,323589.0,1.44,Bullish,30,20,0,10,0,60,60,"Above 50 DMA, Above 200 DMA, Healthy RSI momentum, Volume expansion"
06.10.2026 at 12:47 AM IST,JAYBARMARU,Unknown,Unknown,130.8,1.88,73.75,205.89,77.35,36.47,62.87,129.58,115.91,389302.85,746037.0,1.92,Bullish,30,20,0,10,0,60,60,"Above 50 DMA, Above 200 DMA, Healthy RSI momentum, Volume expansion"
06.10.2026 at 12:47 AM IST,RPEL,Unknown,Unknown,1818.9,0.55,560.83,1943.7,224.32,6.42,61.25,1571.0,1055.44,127938.25,180052.0,1.41,Bullish,30,20,0,10,0,60,60,"Above 50 DMA, Above 200 DMA, Healthy RSI momentum, Volume expansion"
06.10.2026 at 12:47 AM IST,SHILPAMED,Unknown,Unknown,1064.1,1.61,259.34,1095.0,310.32,2.82,67.14,864.34,528.63,878021.6,1687680.0,1.92,Bullish,30,20,0,10,0,60,60,"Above 50 DMA, Above 200 DMA, Healthy RSI momentum, Volume expansion"
06.10.2026 at 12:47 AM IST,CHEMCON,Unknown,Unknown,215.93,-0.62,121.0,279.07,78.46,22.62,53.7,200.8,179.55,55751.35,75163.0,1.35,Bullish,30,20,0,10,0,60,60,"Above 50 DMA, Above 200 DMA, Healthy RSI momentum, Volume expansion"
06.10.2026 at 12:47 AM IST,CUB,Financial Services,Unknown,230.04,1.77,157.22,248.85,46.32,7.56,54.08,222.27,206.5,2543223.3,4776469.0,1.88,Bullish,30,20,0,10,0,60,60,"Above 50 DMA, Above 200 DMA, Healthy RSI momentum, Volume expansion"
06.10.2026 at 12:47 AM IST,COFORGE,Information Technology,Unknown,1826.0,4.4,1005.76,2021.2,81.55,9.66,52.08,1817.17,1514.06,2410009.75,3419070.0,1.42,Bullish,30,20,0,10,0,60,60,"Above 50 DMA, Above 200 DMA, Healthy RSI momentum, Volume expansion"
06.10.2026 at 12:47 AM IST,LGBBROSLTD,Unknown,Unknown,1711.1,-1.1,1296.86,2019.89,31.94,15.29,54.0,1642.56,1677.28,25303.4,50389.0,1.99,Bullish,30,20,0,10,0,60,60,"Above 50 DMA, Above 200 DMA, Healthy RSI momentum, Volume expansion"
06.10.2026 at 12:47 AM IST,ONWARDTEC,Unknown,Unknown,291.3,1.02,202.55,339.05,43.82,14.08,55.01,287.32,270.43,28758.5,37991.0,1.32,Bullish,30,20,0,10,0,60,60,"Above 50 DMA, Above 200 DMA, Healthy RSI momentum, Volume expansion"
06.10.2026 at 12:47 AM IST,GALAPREC,Unknown,Unknown,1157.8,-3.29,671.2,1260.0,72.5,8.11,60.57,1064.44,905.29,42661.5,62711.0,1.47,Bullish,30,20,0,10,0,60,60,"Above 50 DMA, Above 200 DMA, Healthy RSI momentum, Volume expansion"
06.10.2026 at 12:47 AM IST,PHOENIXLTD,Realty,Unknown,1930.0,-0.26,1463.66,2166.93,31.86,10.93,51.01,1920.78,1820.23,380672.9,555494.0,1.46,Bullish,30,20,0,10,0,60,60,"Above 50 DMA, Above 200 DMA, Healthy RSI momentum, Volume expansion"
06.10.2026 at 12:47 AM IST,GANDHAR,Unknown,Unknown,282.6,1.34,113.94,300.37,148.03,5.92,65.9,255.55,179.24,651397.55,872149.0,1.34,Bullish,30,20,0,10,0,60,60,"Above 50 DMA, Above 200 DMA, Healthy RSI momentum, Volume expansion"
06.10.2026 at 12:47 AM IST,WHIRLPOOL,Consumer Durables,Unknown,861.65,-3.21,706.0,1428.46,22.05,39.68,58.69,796.21,834.18,3024661.7,1044003.0,0.35,Bullish,30,20,8,0,0,58,58,"Above 50 DMA, Above 200 DMA, Healthy RSI momentum, Within 30% of 52W low"
06.10.2026 at 12:47 AM IST,CAPILLARY,Unknown,Unknown,554.7,-1.03,438.15,798.95,26.6,30.57,59.76,512.89,540.89,441348.85,351706.0,0.8,Bullish,30,20,8,0,0,58,58,"Above 50 DMA, Above 200 DMA, Healthy RSI momentum, Within 30% of 52W low"
06.10.2026 at 12:47 AM IST,CASTROLIND,Oil Gas & Consumable Fuels,Unknown,199.04,-0.74,164.6,203.4,20.92,2.14,64.07,188.18,179.37,3780551.2,2825230.0,0.75,Bullish,30,20,8,0,0,58,58,"Above 50 DMA, Above 200 DMA, Healthy RSI momentum, Within 30% of 52W low"
06.10.2026 at 12:47 AM IST,HBLENGINE,Capital Goods,Unknown,779.35,-1.91,612.15,1117.56,27.31,30.26,58.93,716.05,757.67,2903325.35,1396672.0,0.48,Bullish,30,20,8,0,0,58,58,"Above 50 DMA, Above 200 DMA, Healthy RSI momentum, Within 30% of 52W low"
06.10.2026 at 12:47 AM IST,ANDHRAPAP,Unknown,Unknown,71.36,-1.82,57.53,86.19,24.03,17.21,54.89,65.3,64.24,3708504.7,222862.0,0.06,Bullish,30,20,8,0,0,58,58,"Above 50 DMA, Above 200 DMA, Healthy RSI momentum, Within 30% of 52W low"
06.10.2026 at 12:47 AM IST,BANARBEADS,Unknown,Unknown,116.0,-3.93,96.05,164.7,20.77,29.57,52.25,114.14,113.64,3970.15,1632.0,0.41,Bullish,30,20,8,0,0,58,58,"Above 50 DMA, Above 200 DMA, Healthy RSI momentum, Within 30% of 52W low"
06.10.2026 at 12:47 AM IST,TNPL,Unknown,Unknown,147.63,-1.98,118.31,162.28,24.78,9.03,50.68,145.79,140.19,371042.7,135559.0,0.37,Bullish,30,20,8,0,0,58,58,"Above 50 DMA, Above 200 DMA, Healthy RSI momentum, Within 30% of 52W low"
06.10.2026 at 12:47 AM IST,BLACKBUCK,Unknown,Unknown,606.15,-0.29,496.0,748.0,22.21,18.96,51.19,587.9,583.6,885693.15,431008.0,0.49,Bullish,30,20,8,0,0,58,58,"Above 50 DMA, Above 200 DMA, Healthy RSI momentum, Within 30% of 52W low"
06.10.2026 at 12:47 AM IST,MANORAMA,Unknown,Unknown,1880.3,1.48,1060.19,2148.68,77.35,12.49,47.37,1839.79,1515.74,199123.85,485712.0,2.44,Bullish,30,10,0,15,0,55,55,"Above 50 DMA, Above 200 DMA, RSI recovering zone, Strong volume expansion"
06.10.2026 at 12:47 AM IST,EMKAY,Unknown,Unknown,286.8,3.09,184.85,368.6,55.16,22.19,66.35,250.3,246.78,56391.15,56856.0,1.01,Bullish,30,20,0,5,0,55,55,"Above 50 DMA, Above 200 DMA, Healthy RSI momentum, Normal volume support"
06.10.2026 at 12:47 AM IST,JGCHEM,Unknown,Unknown,610.3,-5.39,297.86,688.0,104.89,11.29,51.04,589.04,433.19,466790.3,792128.0,1.7,Bullish,30,20,0,10,5,55,55,"Above 50 DMA, Above 200 DMA, Healthy RSI momentum, Volume expansion, Sharp daily fall"
06.10.2026 at 12:47 AM IST,WELCORP,Capital Goods,Unknown,2605.8,-4.09,707.65,2900.0,268.23,10.14,52.22,2265.95,1375.45,2030381.1,2309126.0,1.14,Bullish,30,20,0,5,0,55,55,"Above 50 DMA, Above 200 DMA, Healthy RSI momentum, Normal volume support"
06.10.2026 at 12:47 AM IST,AETHER,Chemicals,Unknown,1670.0,-1.72,728.0,1798.0,129.4,7.12,52.09,1621.49,1236.53,293313.5,373389.0,1.27,Bullish,30,20,0,5,0,55,55,"Above 50 DMA, Above 200 DMA, Healthy RSI momentum, Normal volume support"
06.10.2026 at 12:47 AM IST,DIVISLAB,Healthcare,Unknown,9249.0,-0.46,5624.31,9740.0,64.45,5.04,51.31,8848.01,7037.39,481808.35,567310.0,1.18,Bullish,30,20,0,5,0,55,55,"Above 50 DMA, Above 200 DMA, Healthy RSI momentum, Normal volume support"
06.10.2026 at 12:47 AM IST,AEGISLOG,Oil Gas & Consumable Fuels,Unknown,1401.1,1.52,573.05,1528.7,144.5,8.35,55.57,1329.53,926.64,933457.45,1061975.0,1.14,Bullish,30,20,0,5,0,55,55,"Above 50 DMA, Above 200 DMA, Healthy RSI momentum, Normal volume support"
06.10.2026 at 12:47 AM IST,VSTTILLERS,Unknown,Unknown,4339.8,-1.14,3950.0,6334.46,9.87,31.49,52.61,4325.69,4950.98,11234.8,47446.0,4.22,Bullish,15,20,20,15,15,55,55,"Above 50 DMA, Healthy RSI momentum, Near 52W low with non-crashing RSI, Strong volume expansion, Below 200 DMA risk"
06.10.2026 at 12:47 AM IST,IIFLCAPS,Unknown,Unknown,345.6,-0.12,240.4,407.51,43.76,15.19,56.99,338.36,329.43,617166.45,654711.0,1.06,Bullish,30,20,0,5,0,55,55,"Above 50 DMA, Above 200 DMA, Healthy RSI momentum, Normal volume support"
06.10.2026 at 12:47 AM IST,PRECWIRE,Unknown,Unknown,501.4,1.82,192.26,524.9,160.79,4.48,58.79,446.17,362.17,647834.75,696872.0,1.08,Bullish,30,20,0,5,0,55,55,"Above 50 DMA, Above 200 DMA, Healthy RSI momentum, Normal volume support"
06.10.2026 at 12:47 AM IST,PRIVISCL,Chemicals,Unknown,3573.0,-0.38,2373.54,3774.71,50.53,5.34,56.03,3521.41,3217.77,108148.95,135556.0,1.25,Bullish,30,20,0,5,0,55,55,"Above 50 DMA, Above 200 DMA, Healthy RSI momentum, Normal volume support"
06.10.2026 at 12:47 AM IST,CYIENT,Information Technology,Unknown,1104.6,0.35,750.3,1219.0,47.22,9.38,60.34,985.85,959.87,468945.6,594962.0,1.27,Bullish,30,20,0,5,0,55,55,"Above 50 DMA, Above 200 DMA, Healthy RSI momentum, Normal volume support"
06.10.2026 at 12:47 AM IST,CUPID,Fast Moving Consumer Goods,Unknown,312.5,0.27,41.82,314.3,647.32,0.57,67.16,270.3,155.92,22787069.25,25539188.0,1.12,Bullish,30,20,0,5,0,55,55,"Above 50 DMA, Above 200 DMA, Healthy RSI momentum, Normal volume support"
06.10.2026 at 12:47 AM IST,IOLCP,Unknown,Unknown,209.39,1.12,67.07,219.04,212.19,4.41,60.69,180.79,119.66,3972279.0,4041973.0,1.02,Bullish,30,20,0,5,0,55,55,"Above 50 DMA, Above 200 DMA, Healthy RSI momentum, Normal volume support"
06.10.2026 at 12:47 AM IST,DEEPINDS,Unknown,Unknown,749.0,-0.92,328.75,825.0,127.83,9.21,52.85,691.35,498.36,434416.85,435585.0,1.0,Bullish,30,20,0,5,0,55,55,"Above 50 DMA, Above 200 DMA, Healthy RSI momentum, Normal volume support"
06.10.2026 at 12:47 AM IST,EBGNG,Unknown,Unknown,704.7,2.61,239.0,730.0,194.85,3.47,61.27,615.91,455.91,841853.95,892168.0,1.06,Bullish,30,20,0,5,0,55,55,"Above 50 DMA, Above 200 DMA, Healthy RSI momentum, Normal volume support"
06.10.2026 at 12:47 AM IST,STEELCAS,Unknown,Unknown,356.45,-5.5,175.14,390.9,103.52,8.81,55.78,336.11,275.05,252190.95,349563.0,1.39,Bullish,30,20,0,10,5,55,55,"Above 50 DMA, Above 200 DMA, Healthy RSI momentum, Volume expansion, Sharp daily fall"
06.10.2026 at 12:47 AM IST,APARINDS,Capital Goods,Unknown,17648.0,1.52,6777.47,19265.0,160.39,8.39,52.13,16774.95,12634.18,127614.3,138360.0,1.08,Bullish,30,20,0,5,0,55,55,"Above 50 DMA, Above 200 DMA, Healthy RSI momentum, Normal volume support"
06.10.2026 at 12:47 AM IST,AMRUTANJAN,Unknown,Unknown,513.2,-0.3,476.5,753.42,7.7,31.88,58.12,505.73,554.85,43266.35,97538.0,2.25,Bullish,15,20,20,15,15,55,55,"Above 50 DMA, Healthy RSI momentum, Near 52W low with non-crashing RSI, Strong volume expansion, Below 200 DMA risk"
06.10.2026 at 12:47 AM IST,UFLEX,Unknown,Unknown,649.85,-1.22,327.71,723.5,98.3,10.18,53.49,595.86,477.15,146007.05,150979.0,1.03,Bullish,30,20,0,5,0,55,55,"Above 50 DMA, Above 200 DMA, Healthy RSI momentum, Normal volume support"
06.10.2026 at 12:47 AM IST,UNIMECH,Unknown,Unknown,1773.0,2.84,695.0,1868.2,155.11,5.1,67.3,1491.35,1100.28,344420.4,403902.0,1.17,Bullish,30,20,0,5,0,55,55,"Above 50 DMA, Above 200 DMA, Healthy RSI momentum, Normal volume support"
06.10.2026 at 12:47 AM IST,VIDYAWIRES,Unknown,Unknown,90.97,-3.64,44.06,117.35,106.47,22.48,53.6,89.58,75.84,975564.25,1066713.0,1.09,Bullish,30,20,0,5,0,55,55,"Above 50 DMA, Above 200 DMA, Healthy RSI momentum, Normal volume support"
06.10.2026 at 12:47 AM IST,MAHLOG,Unknown,Unknown,416.4,-4.46,273.28,447.11,52.37,6.87,56.0,405.63,374.58,206872.05,243388.0,1.18,Bullish,30,20,0,5,0,55,55,"Above 50 DMA, Above 200 DMA, Healthy RSI momentum, Normal volume support"
06.10.2026 at 12:47 AM IST,AVADHSUGAR,Unknown,Unknown,764.6,-4.45,300.3,884.8,154.61,13.58,51.26,719.36,495.71,123276.45,124667.0,1.01,Bullish,30,20,0,5,0,55,55,"Above 50 DMA, Above 200 DMA, Healthy RSI momentum, Normal volume support"
06.10.2026 at 12:47 AM IST,OMAXAUTO,Unknown,Unknown,201.14,0.41,82.52,260.1,143.74,22.67,58.78,190.5,160.69,84321.1,92836.0,1.1,Bullish,30,20,0,5,0,55,55,"Above 50 DMA, Above 200 DMA, Healthy RSI momentum, Normal volume support"
06.10.2026 at 12:47 AM IST,GANDHITUBE,Unknown,Unknown,975.55,2.52,669.7,1046.6,45.67,6.79,62.21,903.07,833.97,24598.8,31132.0,1.27,Bullish,30,20,0,5,0,55,55,"Above 50 DMA, Above 200 DMA, Healthy RSI momentum, Normal volume support"
06.10.2026 at 12:47 AM IST,PLASTIBLEN,Unknown,Unknown,193.62,-3.33,119.19,213.03,62.45,9.11,51.9,190.37,166.51,36982.15,37312.0,1.01,Bullish,30,20,0,5,0,55,55,"Above 50 DMA, Above 200 DMA, Healthy RSI momentum, Normal volume support"
06.10.2026 at 12:47 AM IST,FCL,Unknown,Unknown,55.72,-3.01,19.08,62.4,192.03,10.71,53.8,48.95,33.6,27502744.1,33188098.0,1.21,Bullish,30,20,0,5,0,55,55,"Above 50 DMA, Above 200 DMA, Healthy RSI momentum, Normal volume support"
06.10.2026 at 12:47 AM IST,GUFICBIO,Unknown,Unknown,418.4,-3.15,267.93,467.8,56.16,10.56,46.08,417.88,345.85,100915.8,218739.0,2.17,Bullish,30,10,0,15,0,55,55,"Above 50 DMA, Above 200 DMA, RSI recovering zone, Strong volume expansion"
06.10.2026 at 12:47 AM IST,BHEL,Capital Goods,Unknown,421.0,1.32,228.8,446.5,84.0,5.71,49.73,419.84,347.92,6327379.4,12669050.0,2.0,Bullish,30,10,0,15,0,55,55,"Above 50 DMA, Above 200 DMA, RSI recovering zone, Strong volume expansion"
06.10.2026 at 12:47 AM IST,OAL,Unknown,Unknown,532.2,-0.2,227.7,570.0,133.73,6.63,59.28,444.75,333.48,58254.95,64420.0,1.11,Bullish,30,20,0,5,0,55,55,"Above 50 DMA, Above 200 DMA, Healthy RSI momentum, Normal volume support"
06.10.2026 at 12:47 AM IST,MARKSANS,Unknown,Unknown,325.6,1.02,154.57,350.95,110.64,7.22,50.09,310.77,228.75,2272259.65,2445782.0,1.08,Bullish,30,20,0,5,0,55,55,"Above 50 DMA, Above 200 DMA, Healthy RSI momentum, Normal volume support"
06.10.2026 at 12:47 AM IST,BBOX,Information Technology,Unknown,795.85,-1.11,443.7,1101.51,79.37,27.75,52.33,766.34,703.51,695440.0,735809.0,1.06,Bullish,30,20,0,5,0,55,55,"Above 50 DMA, Above 200 DMA, Healthy RSI momentum, Normal volume support"
06.10.2026 at 12:47 AM IST,TEXRAIL,Unknown,Unknown,126.86,-3.7,77.55,142.19,63.58,10.78,61.91,112.43,110.99,3928663.6,4419603.0,1.12,Bullish,30,20,0,5,0,55,55,"Above 50 DMA, Above 200 DMA, Healthy RSI momentum, Normal volume support"
06.10.2026 at 12:47 AM IST,MANAKCOAT,Unknown,Unknown,126.59,-0.31,94.16,182.75,34.44,30.73,50.09,123.72,117.65,509722.25,539492.0,1.06,Bullish,30,20,0,5,0,55,55,"Above 50 DMA, Above 200 DMA, Healthy RSI momentum, Normal volume support"
06.10.2026 at 12:47 AM IST,MAXIND,Unknown,Unknown,162.78,1.21,120.0,225.01,35.65,27.66,64.46,157.12,160.36,70237.25,73481.0,1.05,Bullish,30,20,0,5,0,55,55,"Above 50 DMA, Above 200 DMA, Healthy RSI momentum, Normal volume support"
06.10.2026 at 12:47 AM IST,LLOYDSENGG,Unknown,Unknown,98.31,-0.33,37.3,104.2,163.58,5.65,64.08,88.85,67.66,12181345.9,15406969.0,1.26,Bullish,30,20,0,5,0,55,55,"Above 50 DMA, Above 200 DMA, Healthy RSI momentum, Normal volume support"
06.10.2026 at 12:47 AM IST,LLOYDSENT,Unknown,Unknown,77.95,-1.62,40.66,84.7,91.7,7.97,59.24,75.51,66.41,3066081.55,3290009.0,1.07,Bullish,30,20,0,5,0,55,55,"Above 50 DMA, Above 200 DMA, Healthy RSI momentum, Normal volume support"
06.10.2026 at 12:47 AM IST,LGEINDIA,Consumer Durables,Unknown,1721.8,-0.1,1304.1,1755.0,32.03,1.89,60.88,1635.01,1550.58,542478.35,560330.0,1.03,Bullish,30,20,0,5,0,55,55,"Above 50 DMA, Above 200 DMA, Healthy RSI momentum, Normal volume support"
06.10.2026 at 12:47 AM IST,ABBOTINDIA,Healthcare,Unknown,26840.0,-1.05,24574.94,29954.07,9.22,10.4,52.94,26849.58,26405.01,8646.4,6879.0,0.8,Bearish,15,20,20,0,0,55,55,"Above 200 DMA, Healthy RSI momentum, Near 52W low with non-crashing RSI"
06.10.2026 at 12:47 AM IST,LXCHEM,Unknown,Unknown,181.39,2.27,107.42,214.64,68.87,15.49,54.7,177.24,154.55,1254518.25,1470337.0,1.17,Bullish,30,20,0,5,0,55,55,"Above 50 DMA, Above 200 DMA, Healthy RSI momentum, Normal volume support"
06.10.2026 at 12:47 AM IST,SANSERA,Automobile and Auto Components,Unknown,4276.6,-5.75,1381.31,4743.5,209.61,9.84,53.13,3917.14,2777.93,329980.9,454154.0,1.38,Bullish,30,20,0,10,5,55,55,"Above 50 DMA, Above 200 DMA, Healthy RSI momentum, Volume expansion, Sharp daily fall"
06.10.2026 at 12:47 AM IST,CMRGREEN,Unknown,Unknown,223.38,-0.64,205.25,268.96,8.83,16.95,50.49,221.02,,479885.55,459122.0,0.96,Bullish,15,20,20,0,0,55,55,"Above 50 DMA, Healthy RSI momentum, Near 52W low with non-crashing RSI"
06.10.2026 at 12:47 AM IST,DBOL,Unknown,Unknown,120.91,-4.12,68.04,139.0,77.69,13.01,51.38,118.14,105.78,186099.05,216394.0,1.16,Bullish,30,20,0,5,0,55,55,"Above 50 DMA, Above 200 DMA, Healthy RSI momentum, Normal volume support"
06.10.2026 at 12:47 AM IST,SHRIPISTON,Automobile and Auto Components,Unknown,4490.5,-3.51,2518.62,4843.0,78.29,7.28,48.55,4481.09,3637.37,83690.6,186749.0,2.23,Bullish,30,10,0,15,0,55,55,"Above 50 DMA, Above 200 DMA, RSI recovering zone, Strong volume expansion"
06.10.2026 at 12:47 AM IST,KIRLOSENG,Capital Goods,Unknown,2242.7,-2.67,862.21,2714.26,160.11,17.37,53.78,2160.09,1750.46,703529.6,719348.0,1.02,Bullish,30,20,0,5,0,55,55,"Above 50 DMA, Above 200 DMA, Healthy RSI momentum, Normal volume support"
06.10.2026 at 12:47 AM IST,KMEW,Unknown,Unknown,2950.1,-3.01,1084.6,3175.0,172.0,7.08,54.03,2780.0,2100.21,124632.2,138291.0,1.11,Bullish,30,20,0,5,0,55,55,"Above 50 DMA, Above 200 DMA, Healthy RSI momentum, Normal volume support"
06.10.2026 at 12:47 AM IST,PAGEIND,Textiles,Unknown,36660.0,0.76,29525.28,43614.21,24.16,15.94,51.15,37037.88,36135.07,22665.85,40495.0,1.79,Bearish,15,20,8,10,0,53,53,"Above 200 DMA, Healthy RSI momentum, Within 30% of 52W low, Volume expansion"
06.10.2026 at 12:47 AM IST,ASAHIINDIA,Automobile and Auto Components,Unknown,944.25,-1.52,773.51,1071.8,22.07,11.9,47.0,936.71,904.49,141840.05,148204.0,1.04,Bullish,30,10,8,5,0,53,53,"Above 50 DMA, Above 200 DMA, RSI recovering zone, Within 30% of 52W low, Normal volume support"
06.10.2026 at 12:47 AM IST,JUBLPHARMA,Unknown,Unknown,999.3,-2.87,782.0,1178.7,27.79,15.22,48.47,958.29,952.49,331785.15,336042.0,1.01,Bullish,30,10,8,5,0,53,53,"Above 50 DMA, Above 200 DMA, RSI recovering zone, Within 30% of 52W low, Normal volume support"
06.10.2026 at 12:47 AM IST,AARVI,Unknown,Unknown,137.12,0.21,114.5,166.24,19.75,17.52,39.62,146.47,134.2,8899.45,18690.0,2.1,Bearish,15,8,15,15,0,53,53,"Above 200 DMA, Weak but watchable RSI, Close to 52W low with recovery potential, Strong volume expansion"
06.10.2026 at 12:47 AM IST,PETRONET,Oil Gas & Consumable Fuels,Unknown,285.5,0.35,232.67,322.68,22.71,11.52,49.04,285.37,279.62,1573286.15,1678508.0,1.07,Bullish,30,10,8,5,0,53,53,"Above 50 DMA, Above 200 DMA, RSI recovering zone, Within 30% of 52W low, Normal volume support"
06.10.2026 at 12:47 AM IST,ALICON,Unknown,Unknown,871.95,0.25,575.82,1014.64,51.43,14.06,76.63,715.17,704.53,123668.85,864818.0,6.99,Bullish,30,5,0,15,0,50,50,"Above 50 DMA, Above 200 DMA, Strong but overbought RSI, Strong volume expansion"
06.10.2026 at 12:47 AM IST,ALIVUS,Unknown,Unknown,1374.2,-0.37,816.09,1488.49,68.39,7.68,51.63,1338.9,1084.06,124991.65,112499.0,0.9,Bullish,30,20,0,0,0,50,50,"Above 50 DMA, Above 200 DMA, Healthy RSI momentum"
06.10.2026 at 12:47 AM IST,SHIVALIK,Unknown,Unknown,394.05,-2.33,206.12,470.37,91.17,16.23,59.51,314.7,283.63,145124.0,99182.0,0.68,Bullish,30,20,0,0,0,50,50,"Above 50 DMA, Above 200 DMA, Healthy RSI momentum"
06.10.2026 at 12:47 AM IST,SHIVATEX,Unknown,Unknown,172.6,3.43,125.6,217.13,37.42,20.51,52.13,168.58,161.36,6035.5,780.0,0.13,Bullish,30,20,0,0,0,50,50,"Above 50 DMA, Above 200 DMA, Healthy RSI momentum"
06.10.2026 at 12:47 AM IST,SHOPERSTOP,Unknown,Unknown,404.7,-2.48,275.95,558.0,46.66,27.47,52.57,400.28,360.58,400870.85,137363.0,0.34,Bullish,30,20,0,0,0,50,50,"Above 50 DMA, Above 200 DMA, Healthy RSI momentum"
06.10.2026 at 12:47 AM IST,SANATHAN,Unknown,Unknown,504.35,-0.75,352.6,544.3,43.04,7.34,57.97,474.31,437.99,181452.45,80531.0,0.44,Bullish,30,20,0,0,0,50,50,"Above 50 DMA, Above 200 DMA, Healthy RSI momentum"
06.10.2026 at 12:47 AM IST,SANGAMIND,Unknown,Unknown,634.55,1.22,389.75,672.5,62.81,5.64,65.17,592.47,514.26,50861.4,50667.0,1.0,Bullish,30,20,0,0,0,50,50,"Above 50 DMA, Above 200 DMA, Healthy RSI momentum"
06.10.2026 at 12:47 AM IST,DCI,Unknown,Unknown,342.95,2.37,208.9,474.83,64.17,27.77,60.82,330.17,285.42,525073.0,212341.0,0.4,Bullish,30,20,0,0,0,50,50,"Above 50 DMA, Above 200 DMA, Healthy RSI momentum"
06.10.2026 at 12:47 AM IST,SATIA,Unknown,Unknown,68.34,-1.95,50.5,83.3,35.33,17.96,61.35,62.67,61.9,189094.3,125480.0,0.66,Bullish,30,20,0,0,0,50,50,"Above 50 DMA, Above 200 DMA, Healthy RSI momentum"
06.10.2026 at 12:47 AM IST,SBC,Unknown,Unknown,58.54,0.43,22.06,59.5,165.37,1.61,87.39,44.56,36.57,13350854.7,31458938.0,2.36,Bullish,30,5,0,15,0,50,50,"Above 50 DMA, Above 200 DMA, Strong but overbought RSI, Strong volume expansion"
06.10.2026 at 12:47 AM IST,SAHLIBHFI,Unknown,Unknown,78.74,-0.13,66.17,91.36,19.0,13.81,51.36,77.73,,30674.3,24376.0,0.79,Bullish,15,20,15,0,0,50,50,"Above 50 DMA, Healthy RSI momentum, Close to 52W low with recovery potential"
06.10.2026 at 12:47 AM IST,CYIENTDLM,Capital Goods,Unknown,893.9,-2.21,265.2,1009.0,237.07,11.41,53.34,802.47,501.09,614126.05,391174.0,0.64,Bullish,30,20,0,0,0,50,50,"Above 50 DMA, Above 200 DMA, Healthy RSI momentum"
06.10.2026 at 12:47 AM IST,KROSS,Unknown,Unknown,258.4,-1.77,150.52,283.0,71.67,8.69,61.48,220.53,199.24,1708798.7,670329.0,0.39,Bullish,30,20,0,0,0,50,50,"Above 50 DMA, Above 200 DMA, Healthy RSI momentum"
06.10.2026 at 12:47 AM IST,KREBSBIO,Unknown,Unknown,68.05,13.04,38.33,76.85,77.54,11.45,72.7,56.07,58.96,49981.6,610828.0,12.22,Bullish,30,5,0,15,0,50,50,"Above 50 DMA, Above 200 DMA, Strong but overbought RSI, Strong volume expansion"
06.10.2026 at 12:47 AM IST,KRISHANA,Unknown,Unknown,184.59,-1.93,91.14,206.39,102.53,10.56,50.14,184.92,134.32,706908.6,1805453.0,2.55,Bearish,15,20,0,15,0,50,50,"Above 200 DMA, Healthy RSI momentum, Strong volume expansion"
06.10.2026 at 12:47 AM IST,KOPRAN,Unknown,Unknown,282.05,1.34,105.19,295.83,168.12,4.66,65.39,221.59,170.52,2360984.95,714330.0,0.3,Bullish,30,20,0,0,0,50,50,"Above 50 DMA, Above 200 DMA, Healthy RSI momentum"
06.10.2026 at 12:47 AM IST,CONFIPET,Unknown,Unknown,86.05,-2.36,28.03,93.09,207.02,7.57,51.81,81.58,58.08,3535475.1,2851230.0,0.81,Bullish,30,20,0,0,0,50,50,"Above 50 DMA, Above 200 DMA, Healthy RSI momentum"
06.10.2026 at 12:47 AM IST,COHANCE,Healthcare,Unknown,451.3,1.64,266.7,917.85,69.22,50.83,50.95,445.87,415.11,1233691.55,683663.0,0.55,Bullish,30,20,0,0,0,50,50,"Above 50 DMA, Above 200 DMA, Healthy RSI momentum"
06.10.2026 at 12:47 AM IST,CPPLUS,Capital Goods,Unknown,3799.6,-1.22,1303.41,4094.0,191.51,7.19,55.78,3609.83,2600.54,252590.75,119217.0,0.47,Bullish,30,20,0,0,0,50,50,"Above 50 DMA, Above 200 DMA, Healthy RSI momentum"
06.10.2026 at 12:47 AM IST,CPCAP,Unknown,Unknown,140.85,-0.52,73.51,160.5,91.61,12.24,52.35,128.04,106.49,55947.7,14506.0,0.26,Bullish,30,20,0,0,0,50,50,"Above 50 DMA, Above 200 DMA, Healthy RSI momentum"
06.10.2026 at 12:47 AM IST,CENTUM,Unknown,Unknown,4701.7,-2.01,2041.23,4999.5,130.34,5.96,61.33,3921.23,3141.55,140840.85,79168.0,0.56,Bullish,30,20,0,0,0,50,50,"Above 50 DMA, Above 200 DMA, Healthy RSI momentum"
06.10.2026 at 12:47 AM IST,LUMAXTECH,Unknown,Unknown,1978.9,-4.71,1116.37,2190.0,77.26,9.64,48.81,1908.25,1665.37,129147.15,238440.0,1.85,Bullish,30,10,0,10,0,50,50,"Above 50 DMA, Above 200 DMA, RSI recovering zone, Volume expansion"
06.10.2026 at 12:47 AM IST,VENUSPIPES,Unknown,Unknown,2204.9,2.69,889.72,2347.9,147.82,6.09,65.98,1792.73,1412.7,363780.95,161732.0,0.44,Bullish,30,20,0,0,0,50,50,"Above 50 DMA, Above 200 DMA, Healthy RSI momentum"
06.10.2026 at 12:47 AM IST,SETL,Unknown,Unknown,416.95,-1.38,104.56,468.15,298.77,10.94,57.88,352.29,204.74,930395.4,714646.0,0.77,Bullish,30,20,0,0,0,50,50,"Above 50 DMA, Above 200 DMA, Healthy RSI momentum"
06.10.2026 at 12:47 AM IST,ANTELOPUS,Unknown,Unknown,1106.5,-1.72,357.0,1290.9,209.94,14.28,53.89,943.3,713.41,2933072.65,496027.0,0.17,Bullish,30,20,0,0,0,50,50,"Above 50 DMA, Above 200 DMA, Healthy RSI momentum"
06.10.2026 at 12:47 AM IST,LAURUSLABS,Healthcare,Unknown,1984.0,0.2,841.47,2055.3,135.78,3.47,58.38,1881.41,1362.7,1615452.05,1459687.0,0.9,Bullish,30,20,0,0,0,50,50,"Above 50 DMA, Above 200 DMA, Healthy RSI momentum"
06.10.2026 at 12:47 AM IST,LENSKART,Consumer Services,Unknown,691.15,0.89,356.1,725.0,94.09,4.67,58.4,639.43,532.32,8173694.7,5044066.0,0.62,Bullish,30,20,0,0,0,50,50,"Above 50 DMA, Above 200 DMA, Healthy RSI momentum"
06.10.2026 at 12:47 AM IST,LIKHITHA,Unknown,Unknown,225.62,-3.7,131.45,272.0,71.64,17.05,53.09,218.92,202.47,144517.65,84998.0,0.59,Bullish,30,20,0,0,0,50,50,"Above 50 DMA, Above 200 DMA, Healthy RSI momentum"
06.10.2026 at 12:47 AM IST,KAMATHOTEL,Unknown,Unknown,237.45,0.11,140.2,329.6,69.37,27.96,61.05,207.75,192.72,68122.95,52906.0,0.78,Bullish,30,20,0,0,0,50,50,"Above 50 DMA, Above 200 DMA, Healthy RSI momentum"
06.10.2026 at 12:47 AM IST,JYOTICNC,Capital Goods,Unknown,1032.1,-0.75,580.1,1134.6,77.92,9.03,53.39,949.26,827.53,1164229.55,652149.0,0.56,Bullish,30,20,0,0,0,50,50,"Above 50 DMA, Above 200 DMA, Healthy RSI momentum"
06.10.2026 at 12:47 AM IST,NECCLTD,Unknown,Unknown,18.41,-0.05,10.55,24.01,74.5,23.32,52.07,16.94,15.95,109949.7,47266.0,0.43,Bullish,30,20,0,0,0,50,50,"Above 50 DMA, Above 200 DMA, Healthy RSI momentum"
06.10.2026 at 12:47 AM IST,VETO,Unknown,Unknown,136.79,-4.15,81.73,155.9,67.37,12.26,52.51,127.65,115.16,108875.9,94273.0,0.87,Bullish,30,20,0,0,0,50,50,"Above 50 DMA, Above 200 DMA, Healthy RSI momentum"
06.10.2026 at 12:47 AM IST,NINSYS,Unknown,Unknown,804.65,5.0,281.05,935.0,186.3,13.94,79.42,738.1,567.33,4555.9,18078.0,3.97,Bullish,30,5,0,15,0,50,50,"Above 50 DMA, Above 200 DMA, Strong but overbought RSI, Strong volume expansion"
06.10.2026 at 12:47 AM IST,MMWL,Unknown,Unknown,15.56,4.99,9.02,16.57,72.51,6.1,62.08,14.41,,57283.15,428810.0,7.49,Bullish,15,20,0,15,0,50,50,"Above 50 DMA, Healthy RSI momentum, Strong volume expansion"
06.10.2026 at 12:47 AM IST,MVGJL,Unknown,Unknown,206.69,-0.23,129.1,233.99,60.1,11.67,55.6,180.04,167.3,795567.3,313628.0,0.39,Bullish,30,20,0,0,0,50,50,"Above 50 DMA, Above 200 DMA, Healthy RSI momentum"
06.10.2026 at 12:47 AM IST,MWL,Unknown,Unknown,43.13,-0.58,19.98,48.0,115.86,10.15,59.72,40.33,33.43,2072699.8,408526.0,0.2,Bullish,30,20,0,0,0,50,50,"Above 50 DMA, Above 200 DMA, Healthy RSI momentum"
06.10.2026 at 12:47 AM IST,MOTISONS,Unknown,Unknown,17.88,-0.67,10.62,19.78,68.36,9.61,57.42,16.05,14.19,69469369.7,28260057.0,0.41,Bullish,30,20,0,0,0,50,50,"Above 50 DMA, Above 200 DMA, Healthy RSI momentum"
06.10.2026 at 12:47 AM IST,HILINFRA,Unknown,Unknown,45.06,5.4,40.1,86.35,12.37,47.82,57.77,44.58,49.49,149398.25,1172963.0,7.85,Bullish,15,20,15,15,15,50,50,"Above 50 DMA, Healthy RSI momentum, Close to 52W low with recovery potential, Strong volume expansion, Below 200 DMA risk"
06.10.2026 at 12:47 AM IST,HYBRIDFIN,Unknown,Unknown,17.36,-3.23,14.5,33.62,19.72,48.36,53.29,17.34,18.63,9678.5,95433.0,9.86,Bullish,15,20,15,15,15,50,50,"Above 50 DMA, Healthy RSI momentum, Close to 52W low with recovery potential, Strong volume expansion, Below 200 DMA risk"
06.10.2026 at 12:47 AM IST,HLEGLAS,Unknown,Unknown,442.05,0.6,249.38,660.32,77.26,33.05,61.95,382.56,365.94,501659.1,219734.0,0.44,Bullish,30,20,0,0,0,50,50,"Above 50 DMA, Above 200 DMA, Healthy RSI momentum"
06.10.2026 at 12:47 AM IST,NEOGEN,Unknown,Unknown,2407.1,-1.82,966.23,2499.7,149.12,3.7,57.42,2220.03,1713.75,226893.0,103868.0,0.46,Bullish,30,20,0,0,0,50,50,"Above 50 DMA, Above 200 DMA, Healthy RSI momentum"
06.10.2026 at 12:47 AM IST,TATVA,Unknown,Unknown,1743.2,-2.3,1025.26,1880.0,70.02,7.28,54.04,1694.56,1359.6,73171.95,64302.0,0.88,Bullish,30,20,0,0,0,50,50,"Above 50 DMA, Above 200 DMA, Healthy RSI momentum"
06.10.2026 at 12:47 AM IST,TBOTEK,Consumer Services,Unknown,1671.5,-0.81,1004.2,1764.8,66.45,5.29,49.31,1650.54,1430.3,163464.85,304392.0,1.86,Bullish,30,10,0,10,0,50,50,"Above 50 DMA, Above 200 DMA, RSI recovering zone, Volume expansion"
06.10.2026 at 12:47 AM IST,TARSONS,Unknown,Unknown,329.4,2.84,164.45,375.0,100.3,12.16,51.92,326.68,247.49,407045.95,198052.0,0.49,Bullish,30,20,0,0,0,50,50,"Above 50 DMA, Above 200 DMA, Healthy RSI momentum"
06.10.2026 at 12:47 AM IST,TCPLPACK,Unknown,Unknown,3927.1,-4.28,2183.08,4410.9,79.89,10.97,50.94,3765.06,2979.53,8884.75,3730.0,0.42,Bullish,30,20,0,0,0,50,50,"Above 50 DMA, Above 200 DMA, Healthy RSI momentum"
06.10.2026 at 12:47 AM IST,GMMPFAUDLR,Unknown,Unknown,1443.4,-1.59,734.12,1533.6,96.62,5.88,67.37,1133.3,957.16,588062.1,328964.0,0.56,Bullish,30,20,0,0,0,50,50,"Above 50 DMA, Above 200 DMA, Healthy RSI momentum"
06.10.2026 at 12:47 AM IST,BALPHARMA,Unknown,Unknown,105.74,-3.46,59.29,123.12,78.35,14.12,56.21,92.85,80.14,158378.9,54348.0,0.34,Bullish,30,20,0,0,0,50,50,"Above 50 DMA, Above 200 DMA, Healthy RSI momentum"
06.10.2026 at 12:47 AM IST,HERITGFOOD,Unknown,Unknown,402.9,0.22,290.36,500.02,38.76,19.42,53.99,375.98,358.83,664557.8,324704.0,0.49,Bullish,30,20,0,0,0,50,50,"Above 50 DMA, Above 200 DMA, Healthy RSI momentum"
06.10.2026 at 12:47 AM IST,SYRMA,Capital Goods,Unknown,1717.9,-3.65,633.85,1822.6,171.03,5.74,58.95,1519.4,1108.84,2961504.75,1874242.0,0.63,Bullish,30,20,0,0,0,50,50,"Above 50 DMA, Above 200 DMA, Healthy RSI momentum"
06.10.2026 at 12:47 AM IST,BBTCL,Unknown,Unknown,229.49,0.36,155.32,260.86,47.75,12.03,50.4,228.59,202.71,4174.8,2533.0,0.61,Bullish,30,20,0,0,0,50,50,"Above 50 DMA, Above 200 DMA, Healthy RSI momentum"
06.10.2026 at 12:47 AM IST,BANSALWIRE,Unknown,Unknown,323.05,-0.12,222.5,370.0,45.19,12.69,55.31,318.1,300.07,103371.95,76604.0,0.74,Bullish,30,20,0,0,0,50,50,"Above 50 DMA, Above 200 DMA, Healthy RSI momentum"
06.10.2026 at 12:47 AM IST,GRAPHITE,Capital Goods,Unknown,786.15,2.79,510.59,874.35,53.97,10.09,51.63,741.82,673.64,3898899.2,1585680.0,0.41,Bullish,30,20,0,0,0,50,50,"Above 50 DMA, Above 200 DMA, Healthy RSI momentum"
06.10.2026 at 12:47 AM IST,GREAVESCOT,Unknown,Unknown,225.98,-1.87,119.01,269.69,89.88,16.21,64.32,205.31,182.81,2462418.55,1763832.0,0.72,Bullish,30,20,0,0,0,50,50,"Above 50 DMA, Above 200 DMA, Healthy RSI momentum"
06.10.2026 at 12:47 AM IST,INDGN,Unknown,Unknown,593.5,0.47,412.19,627.0,43.99,5.34,53.3,571.1,514.47,509204.65,485930.0,0.95,Bullish,30,20,0,0,0,50,50,"Above 50 DMA, Above 200 DMA, Healthy RSI momentum"
06.10.2026 at 12:47 AM IST,MIDHANI,Unknown,Unknown,433.6,-0.93,265.85,480.95,63.1,9.84,55.19,419.48,383.2,3126598.9,835967.0,0.27,Bullish,30,20,0,0,0,50,50,"Above 50 DMA, Above 200 DMA, Healthy RSI momentum"
06.10.2026 at 12:47 AM IST,INDSWFTLAB,Unknown,Unknown,395.15,1.65,87.15,424.75,353.41,6.97,59.02,330.81,191.49,765122.7,749983.0,0.98,Bullish,30,20,0,0,0,50,50,"Above 50 DMA, Above 200 DMA, Healthy RSI momentum"
06.10.2026 at 12:47 AM IST,MARINE,Unknown,Unknown,436.55,1.63,150.75,449.67,189.59,2.92,61.48,372.69,255.13,1973959.8,1481138.0,0.75,Bullish,30,20,0,0,0,50,50,"Above 50 DMA, Above 200 DMA, Healthy RSI momentum"
06.10.2026 at 12:47 AM IST,MANINDS,Unknown,Unknown,921.55,1.56,302.05,1039.7,205.1,11.36,59.11,726.89,527.99,2038121.2,998005.0,0.49,Bullish,30,20,0,0,0,50,50,"Above 50 DMA, Above 200 DMA, Healthy RSI momentum"
06.10.2026 at 12:47 AM IST,MANINFRA,Unknown,Unknown,124.3,-2.02,76.65,148.61,62.16,16.36,52.73,116.26,111.17,2157713.65,1251549.0,0.58,Bullish,30,20,0,0,0,50,50,"Above 50 DMA, Above 200 DMA, Healthy RSI momentum"
06.10.2026 at 12:47 AM IST,MBAPL,Unknown,Unknown,165.83,-2.81,76.49,174.94,116.79,5.21,53.35,163.23,116.51,957834.35,867077.0,0.91,Bullish,30,20,0,0,0,50,50,"Above 50 DMA, Above 200 DMA, Healthy RSI momentum"
06.10.2026 at 12:47 AM IST,TEGA,Capital Goods,Unknown,2093.4,-0.63,1471.29,2198.0,42.28,4.76,67.96,1721.86,1731.06,945576.35,408456.0,0.43,Bullish,30,20,0,0,0,50,50,"Above 50 DMA, Above 200 DMA, Healthy RSI momentum"
06.10.2026 at 12:47 AM IST,TEXINFRA,Unknown,Unknown,119.39,-0.02,82.39,126.59,44.9,5.69,57.49,113.66,103.16,385443.5,344580.0,0.89,Bullish,30,20,0,0,0,50,50,"Above 50 DMA, Above 200 DMA, Healthy RSI momentum"
06.10.2026 at 12:47 AM IST,TFCILTD,Unknown,Unknown,138.79,-2.2,50.73,148.5,173.56,6.54,54.09,128.44,85.39,11814576.95,6063974.0,0.51,Bullish,30,20,0,0,0,50,50,"Above 50 DMA, Above 200 DMA, Healthy RSI momentum"
06.10.2026 at 12:47 AM IST,HALEOSLABS,Unknown,Unknown,1490.0,-0.76,1090.01,1772.23,36.7,15.92,50.0,1488.24,1404.17,1045.0,885.0,0.85,Bullish,30,20,0,0,0,50,50,"Above 50 DMA, Above 200 DMA, Healthy RSI momentum"
06.10.2026 at 12:47 AM IST,OMNI,Unknown,Unknown,608.65,7.91,176.25,764.85,245.33,20.42,63.07,570.62,,959078.1,2667824.0,2.78,Bullish,15,20,0,15,0,50,50,"Above 50 DMA, Healthy RSI momentum, Strong volume expansion"
06.10.2026 at 12:47 AM IST,NPST,Unknown,Unknown,1766.5,0.1,845.69,2055.78,108.88,14.07,53.46,1650.51,1389.55,233776.45,65044.0,0.28,Bullish,30,20,0,0,0,50,50,"Above 50 DMA, Above 200 DMA, Healthy RSI momentum"
06.10.2026 at 12:47 AM IST,NRAIL,Unknown,Unknown,659.5,-1.49,383.52,706.4,71.96,6.64,61.83,553.78,475.12,47977.25,22172.0,0.46,Bullish,30,20,0,0,0,50,50,"Above 50 DMA, Above 200 DMA, Healthy RSI momentum"
06.10.2026 at 12:47 AM IST,NRBBEARING,Unknown,Unknown,542.6,1.6,211.1,559.9,157.03,3.09,63.45,477.49,354.21,1082973.4,677742.0,0.63,Bullish,30,20,0,0,0,50,50,"Above 50 DMA, Above 200 DMA, Healthy RSI momentum"
06.10.2026 at 12:47 AM IST,AXISCADES,Unknown,Unknown,2307.3,3.41,1063.3,2349.6,116.99,1.8,78.14,1707.12,1627.7,312242.7,681040.0,2.18,Bullish,30,5,0,15,0,50,50,"Above 50 DMA, Above 200 DMA, Strong but overbought RSI, Strong volume expansion"
06.10.2026 at 12:47 AM IST,AYMSYNTEX,Unknown,Unknown,279.95,-4.18,141.53,330.0,97.8,15.17,48.01,271.47,217.59,108577.65,157272.0,1.45,Bullish,30,10,0,10,0,50,50,"Above 50 DMA, Above 200 DMA, RSI recovering zone, Volume expansion"
06.10.2026 at 12:47 AM IST,THELEELA,Unknown,Unknown,568.95,-0.85,384.5,586.95,47.97,3.07,59.99,528.39,458.55,375227.9,222623.0,0.59,Bullish,30,20,0,0,0,50,50,"Above 50 DMA, Above 200 DMA, Healthy RSI momentum"
06.10.2026 at 12:47 AM IST,NAZARA,Unknown,Unknown,384.7,-2.07,215.7,401.9,78.35,4.28,62.74,357.19,293.37,1420839.0,1314362.0,0.93,Bullish,30,20,0,0,0,50,50,"Above 50 DMA, Above 200 DMA, Healthy RSI momentum"
06.10.2026 at 12:47 AM IST,NDLVENTURE,Unknown,Unknown,125.24,1.04,79.68,139.44,57.18,10.18,54.97,123.35,116.21,14811.85,8923.0,0.6,Bullish,30,20,0,0,0,50,50,"Above 50 DMA, Above 200 DMA, Healthy RSI momentum"
06.10.2026 at 12:47 AM IST,NGIL,Unknown,Unknown,38.43,-1.74,22.01,43.89,74.6,12.44,50.04,38.97,34.22,36418.25,83230.0,2.29,Bearish,15,20,0,15,0,50,50,"Above 200 DMA, Healthy RSI momentum, Strong volume expansion"
06.10.2026 at 12:47 AM IST,PANAMAPET,Unknown,Unknown,487.1,0.59,227.58,595.87,114.04,18.25,55.09,478.89,356.86,204200.15,164733.0,0.81,Bullish,30,20,0,0,0,50,50,"Above 50 DMA, Above 200 DMA, Healthy RSI momentum"
06.10.2026 at 12:47 AM IST,PARAGMILK,Unknown,Unknown,264.0,-2.82,177.12,375.43,49.05,29.68,53.19,241.28,233.38,2043632.65,916684.0,0.45,Bullish,30,20,0,0,0,50,50,"Above 50 DMA, Above 200 DMA, Healthy RSI momentum"
06.10.2026 at 12:47 AM IST,ACMESOLAR,Power,Unknown,432.55,-1.47,195.73,476.9,121.0,9.3,56.39,399.05,310.5,2730574.9,1085604.0,0.4,Bullish,30,20,0,0,0,50,50,"Above 50 DMA, Above 200 DMA, Healthy RSI momentum"
06.10.2026 at 12:47 AM IST,AARTIPHARM,Unknown,Unknown,968.5,1.55,583.59,1002.4,65.96,3.38,67.66,821.32,733.17,843871.6,658749.0,0.78,Bullish,30,20,0,0,0,50,50,"Above 50 DMA, Above 200 DMA, Healthy RSI momentum"
06.10.2026 at 12:47 AM IST,SHREEPUSHK,Unknown,Unknown,491.5,-0.25,271.33,542.97,81.14,9.48,54.68,447.52,379.2,102664.75,40500.0,0.39,Bullish,30,20,0,0,0,50,50,"Above 50 DMA, Above 200 DMA, Healthy RSI momentum"
06.10.2026 at 12:47 AM IST,ALEMBICLTD,Unknown,Unknown,104.11,-2.91,68.62,117.72,51.73,11.56,52.77,96.92,90.55,1134713.9,868233.0,0.77,Bullish,30,20,0,0,0,50,50,"Above 50 DMA, Above 200 DMA, Healthy RSI momentum"
06.10.2026 at 12:47 AM IST,ORIENTHOT,Unknown,Unknown,140.0,-1.66,79.62,148.09,75.84,5.46,50.89,136.6,113.77,634397.65,627946.0,0.99,Bullish,30,20,0,0,0,50,50,"Above 50 DMA, Above 200 DMA, Healthy RSI momentum"
06.10.2026 at 12:47 AM IST,ORIENTBELL,Unknown,Unknown,398.55,0.0,245.77,434.95,62.16,8.37,55.75,369.75,316.54,30680.05,18312.0,0.6,Bullish,30,20,0,0,0,50,50,"Above 50 DMA, Above 200 DMA, Healthy RSI momentum"
06.10.2026 at 12:47 AM IST,ORBTEXP,Unknown,Unknown,243.65,-5.75,134.72,282.85,80.85,13.86,54.61,239.31,196.39,13724.15,15582.0,1.14,Bullish,30,20,0,5,5,50,50,"Above 50 DMA, Above 200 DMA, Healthy RSI momentum, Normal volume support, Sharp daily fall"
06.10.2026 at 12:47 AM IST,OPTIEMUS,Unknown,Unknown,803.7,4.68,288.0,850.65,179.06,5.52,67.98,612.47,479.19,1493028.25,655634.0,0.44,Bullish,30,20,0,0,0,50,50,"Above 50 DMA, Above 200 DMA, Healthy RSI momentum"
06.10.2026 at 12:47 AM IST,FINCABLES,Capital Goods,Unknown,1458.8,0.59,695.85,1498.0,109.64,2.62,62.43,1251.56,1000.59,1176864.8,598654.0,0.51,Bullish,30,20,0,0,0,50,50,"Above 50 DMA, Above 200 DMA, Healthy RSI momentum"
06.10.2026 at 12:47 AM IST,BIRLACABLE,Unknown,Unknown,383.0,0.49,103.34,418.8,270.62,8.55,59.61,308.22,194.32,545727.3,403264.0,0.74,Bullish,30,20,0,0,0,50,50,"Above 50 DMA, Above 200 DMA, Healthy RSI momentum"
06.10.2026 at 12:47 AM IST,SURAKSHA,Unknown,Unknown,350.15,-1.48,224.1,360.0,56.25,2.74,61.15,309.53,282.65,94329.8,93480.0,0.99,Bullish,30,20,0,0,0,50,50,"Above 50 DMA, Above 200 DMA, Healthy RSI momentum"
06.10.2026 at 12:47 AM IST,SUPRIYA,Unknown,Unknown,931.0,-2.03,544.85,1083.71,70.87,14.09,53.25,871.4,774.95,348106.45,209232.0,0.6,Bullish,30,20,0,0,0,50,50,"Above 50 DMA, Above 200 DMA, Healthy RSI momentum"
06.10.2026 at 12:47 AM IST,SUNFLAG,Unknown,Unknown,433.5,-4.94,191.59,471.0,126.26,7.96,68.66,363.32,309.97,703725.85,420955.0,0.6,Bullish,30,20,0,0,0,50,50,"Above 50 DMA, Above 200 DMA, Healthy RSI momentum"
06.10.2026 at 12:47 AM IST,STYLEBAAZA,Unknown,Unknown,368.35,-4.26,229.95,447.1,60.19,17.61,45.08,364.95,327.57,1249368.6,1627432.0,1.3,Bullish,30,10,0,10,0,50,50,"Above 50 DMA, Above 200 DMA, RSI recovering zone, Volume expansion"
06.10.2026 at 12:47 AM IST,SUBEXLTD,Unknown,Unknown,19.34,-1.98,6.61,22.8,192.59,15.18,51.32,17.0,11.99,16271708.2,10635459.0,0.65,Bullish,30,20,0,0,0,50,50,"Above 50 DMA, Above 200 DMA, Healthy RSI momentum"
06.10.2026 at 12:47 AM IST,BHAGERIA,Unknown,Unknown,382.05,-6.0,126.11,415.8,202.94,8.12,65.83,266.84,195.74,258879.2,319885.0,1.24,Bullish,30,20,0,5,5,50,50,"Above 50 DMA, Above 200 DMA, Healthy RSI momentum, Normal volume support, Sharp daily fall"
06.10.2026 at 12:47 AM IST,BIL,Unknown,Unknown,987.55,-0.76,602.0,1150.0,64.04,14.13,53.97,894.08,784.65,21201.25,11722.0,0.55,Bullish,30,20,0,0,0,50,50,"Above 50 DMA, Above 200 DMA, Healthy RSI momentum"
06.10.2026 at 12:47 AM IST,PREMEXPLN,Unknown,Unknown,682.05,-0.3,378.12,829.18,80.38,17.74,60.3,665.67,586.0,233625.6,165290.0,0.71,Bullish,30,20,0,0,0,50,50,"Above 50 DMA, Above 200 DMA, Healthy RSI momentum"
06.10.2026 at 12:47 AM IST,PREMIERPOL,Unknown,Unknown,90.64,-2.29,37.93,106.0,138.96,14.49,52.96,84.05,62.36,936204.55,337345.0,0.36,Bullish,30,20,0,0,0,50,50,"Above 50 DMA, Above 200 DMA, Healthy RSI momentum"
06.10.2026 at 12:47 AM IST,FILATEX,Unknown,Unknown,106.1,-1.54,36.14,113.94,193.62,6.88,65.76,84.55,57.02,6946444.95,3522416.0,0.51,Bullish,30,20,0,0,0,50,50,"Above 50 DMA, Above 200 DMA, Healthy RSI momentum"
06.10.2026 at 12:47 AM IST,GESHIP,Services,Unknown,1530.6,-1.88,971.82,1766.73,57.5,13.37,67.94,1379.86,1352.94,961791.55,574389.0,0.6,Bullish,30,20,0,0,0,50,50,"Above 50 DMA, Above 200 DMA, Healthy RSI momentum"
06.10.2026 at 12:47 AM IST,GEECEE,Unknown,Unknown,373.3,-0.24,214.67,387.87,73.89,3.76,53.85,363.84,321.93,2472.2,1983.0,0.8,Bullish,30,20,0,0,0,50,50,"Above 50 DMA, Above 200 DMA, Healthy RSI momentum"
06.10.2026 at 12:47 AM IST,GNFC,Unknown,Unknown,589.15,-2.52,351.99,636.0,67.38,7.37,52.47,557.46,486.05,1265230.8,629192.0,0.5,Bullish,30,20,0,0,0,50,50,"Above 50 DMA, Above 200 DMA, Healthy RSI momentum"
06.10.2026 at 12:47 AM IST,GNA,Unknown,Unknown,580.7,-2.95,292.9,648.0,98.26,10.39,55.0,550.67,437.71,902494.6,351960.0,0.39,Bullish,30,20,0,0,0,50,50,"Above 50 DMA, Above 200 DMA, Healthy RSI momentum"
06.10.2026 at 12:47 AM IST,GOACARBON,Unknown,Unknown,402.9,-0.51,272.85,494.9,47.66,18.59,54.62,381.81,377.61,119377.65,18528.0,0.16,Bullish,30,20,0,0,0,50,50,"Above 50 DMA, Above 200 DMA, Healthy RSI momentum"
06.10.2026 at 12:47 AM IST,PCJEWELLER,Unknown,Unknown,12.82,-2.88,7.47,14.86,71.62,13.73,51.8,11.32,9.89,343686026.9,241052557.0,0.7,Bullish,30,20,0,0,0,50,50,"Above 50 DMA, Above 200 DMA, Healthy RSI momentum"
06.10.2026 at 12:47 AM IST,PITTIENG,Unknown,Unknown,1123.8,-1.38,673.56,1225.38,66.84,8.29,51.38,1062.67,922.33,177490.45,63727.0,0.36,Bullish,30,20,0,0,0,50,50,"Above 50 DMA, Above 200 DMA, Healthy RSI momentum"
06.10.2026 at 12:47 AM IST,SUDEEPPHRM,Unknown,Unknown,1199.8,-0.5,523.12,1378.0,129.35,12.93,54.94,1109.56,785.78,233114.55,205622.0,0.88,Bullish,30,20,0,0,0,50,50,"Above 50 DMA, Above 200 DMA, Healthy RSI momentum"
06.10.2026 at 12:47 AM IST,STOVEKRAFT,Unknown,Unknown,809.15,1.79,445.19,873.34,81.76,7.35,48.87,802.92,636.02,86510.2,170167.0,1.97,Bullish,30,10,0,10,0,50,50,"Above 50 DMA, Above 200 DMA, RSI recovering zone, Volume expansion"
06.10.2026 at 12:47 AM IST,EIMCOELECO,Unknown,Unknown,2268.8,-0.02,1401.82,2373.77,61.85,4.42,56.65,2100.44,1744.04,25134.05,18996.0,0.76,Bullish,30,20,0,0,0,50,50,"Above 50 DMA, Above 200 DMA, Healthy RSI momentum"
06.10.2026 at 12:47 AM IST,EDELWEISS,Unknown,Unknown,137.9,-3.38,96.92,146.0,42.27,5.55,56.0,126.51,116.03,10024534.8,6165446.0,0.62,Bullish,30,20,0,0,0,50,50,"Above 50 DMA, Above 200 DMA, Healthy RSI momentum"
06.10.2026 at 12:47 AM IST,SRHHYPOLTD,Unknown,Unknown,543.6,-3.6,380.18,670.0,42.98,18.87,50.69,510.24,489.01,57509.25,25322.0,0.44,Bullish,30,20,0,0,0,50,50,"Above 50 DMA, Above 200 DMA, Healthy RSI momentum"
06.10.2026 at 12:47 AM IST,BLUSPRING,Unknown,Unknown,147.82,4.29,43.98,152.5,236.11,3.07,63.41,124.83,85.51,480303.75,346713.0,0.72,Bullish,30,20,0,0,0,50,50,"Above 50 DMA, Above 200 DMA, Healthy RSI momentum"
06.10.2026 at 12:47 AM IST,PGIL,Unknown,Unknown,1263.0,-1.49,594.67,1357.9,112.39,6.99,56.98,1167.21,905.19,238623.9,115643.0,0.48,Bullish,30,20,0,0,0,50,50,"Above 50 DMA, Above 200 DMA, Healthy RSI momentum"
06.10.2026 at 12:47 AM IST,GENCON,Unknown,Unknown,40.75,3.06,36.35,59.96,12.1,32.04,51.83,40.74,42.85,347978.85,791007.0,2.27,Bullish,15,20,15,15,15,50,50,"Above 50 DMA, Healthy RSI momentum, Close to 52W low with recovery potential, Strong volume expansion, Below 200 DMA risk"
06.10.2026 at 12:47 AM IST,POWERMECH,Unknown,Unknown,2476.2,-0.57,1716.64,3005.64,44.25,17.61,54.33,2476.13,2371.91,63428.05,52512.0,0.83,Bullish,30,20,0,0,0,50,50,"Above 50 DMA, Above 200 DMA, Healthy RSI momentum"
06.10.2026 at 12:47 AM IST,EPACKPEB,Unknown,Unknown,242.07,-0.46,132.17,344.0,83.15,29.63,52.85,239.42,218.8,640340.9,598656.0,0.93,Bullish,30,20,0,0,0,50,50,"Above 50 DMA, Above 200 DMA, Healthy RSI momentum"
06.10.2026 at 12:47 AM IST,EUROTEXIND,Unknown,Unknown,15.73,10.0,11.07,23.8,42.1,33.91,71.56,13.26,14.29,3424.4,30574.0,8.93,Bullish,30,5,0,15,0,50,50,"Above 50 DMA, Above 200 DMA, Strong but overbought RSI, Strong volume expansion"
06.10.2026 at 12:47 AM IST,JAYKAY,Unknown,Unknown,201.46,-1.69,115.52,219.7,74.39,8.3,65.54,164.51,166.28,1257102.3,437158.0,0.35,Bullish,30,20,0,0,0,50,50,"Above 50 DMA, Above 200 DMA, Healthy RSI momentum"
06.10.2026 at 12:47 AM IST,INTLCONV,Unknown,Unknown,80.03,0.02,59.6,113.78,34.27,29.66,56.73,76.69,78.18,44791.7,43975.0,0.98,Bullish,30,20,0,0,0,50,50,"Above 50 DMA, Above 200 DMA, Healthy RSI momentum"
06.10.2026 at 12:47 AM IST,INNOVACAP,Unknown,Unknown,1168.0,0.71,622.0,1353.5,87.78,13.71,49.83,1088.65,860.38,143883.8,268967.0,1.87,Bullish,30,10,0,10,0,50,50,"Above 50 DMA, Above 200 DMA, RSI recovering zone, Volume expansion"
06.10.2026 at 12:47 AM IST,VINCOFE,Unknown,Unknown,178.95,-0.56,120.14,191.35,48.96,6.48,55.54,165.57,151.0,1925194.7,1031758.0,0.54,Bullish,30,20,0,0,0,50,50,"Above 50 DMA, Above 200 DMA, Healthy RSI momentum"
06.10.2026 at 12:47 AM IST,VIDHIING,Unknown,Unknown,350.25,-2.06,258.6,387.85,35.44,9.69,52.87,334.81,313.29,30633.25,25543.0,0.83,Bullish,30,20,0,0,0,50,50,"Above 50 DMA, Above 200 DMA, Healthy RSI momentum"
06.10.2026 at 12:47 AM IST,AVALON,Unknown,Unknown,2280.2,-0.72,777.3,2618.0,193.35,12.9,50.97,2128.92,1435.41,733705.05,321345.0,0.44,Bullish,30,20,0,0,0,50,50,"Above 50 DMA, Above 200 DMA, Healthy RSI momentum"
06.10.2026 at 12:47 AM IST,IGPL,Unknown,Unknown,569.55,-1.76,311.6,609.9,82.78,6.62,55.85,520.77,427.99,94056.7,61516.0,0.65,Bullish,30,20,0,0,0,50,50,"Above 50 DMA, Above 200 DMA, Healthy RSI momentum"
06.10.2026 at 12:47 AM IST,MOREPENLAB,Unknown,Unknown,133.72,6.14,33.0,135.29,305.27,1.16,70.79,97.06,57.0,17573154.55,37973409.0,2.16,Bullish,30,5,0,15,0,50,50,"Above 50 DMA, Above 200 DMA, Strong but overbought RSI, Strong volume expansion"
06.10.2026 at 12:47 AM IST,MOTILALOFS,Financial Services,Unknown,989.9,-0.41,614.9,1088.32,60.99,9.04,46.96,965.24,858.89,827214.6,1607962.0,1.94,Bullish,30,10,0,10,0,50,50,"Above 50 DMA, Above 200 DMA, RSI recovering zone, Volume expansion"
06.10.2026 at 12:47 AM IST,INDOCO,Unknown,Unknown,251.75,-3.79,162.05,317.08,55.35,20.6,50.73,239.29,222.04,1799243.5,291376.0,0.16,Bullish,30,20,0,0,0,50,50,"Above 50 DMA, Above 200 DMA, Healthy RSI momentum"
06.10.2026 at 12:47 AM IST,INDORAMA,Unknown,Unknown,95.81,-4.53,29.0,112.3,230.38,14.68,60.84,72.11,48.82,2915386.8,1609228.0,0.55,Bullish,30,20,0,0,0,50,50,"Above 50 DMA, Above 200 DMA, Healthy RSI momentum"
06.10.2026 at 12:47 AM IST,IBULLSLTD,Unknown,Unknown,29.43,-0.61,8.9,32.5,230.67,9.45,56.89,27.7,19.86,19069203.75,14659328.0,0.77,Bullish,30,20,0,0,0,50,50,"Above 50 DMA, Above 200 DMA, Healthy RSI momentum"
06.10.2026 at 12:47 AM IST,ICIL,Unknown,Unknown,443.65,-3.64,216.04,485.95,105.35,8.7,50.88,430.09,332.25,555038.1,435107.0,0.78,Bullish,30,20,0,0,0,50,50,"Above 50 DMA, Above 200 DMA, Healthy RSI momentum"
06.10.2026 at 12:47 AM IST,TTL,Unknown,Unknown,7.85,-2.73,5.5,10.59,42.73,25.87,68.28,6.62,7.7,378617.0,236186.0,0.62,Bullish,30,20,0,0,0,50,50,"Above 50 DMA, Above 200 DMA, Healthy RSI momentum"
06.10.2026 at 12:47 AM IST,ASTEC,Unknown,Unknown,708.6,-1.96,513.4,941.75,38.02,24.76,53.02,645.63,667.91,618577.5,71196.0,0.12,Bullish,30,20,0,0,0,50,50,"Above 50 DMA, Above 200 DMA, Healthy RSI momentum"
06.10.2026 at 12:47 AM IST,MAWANASUG,Unknown,Unknown,138.84,-4.25,72.44,164.0,91.66,15.34,52.86,130.08,101.29,337459.6,169840.0,0.5,Bullish,30,20,0,0,0,50,50,"Above 50 DMA, Above 200 DMA, Healthy RSI momentum"
06.10.2026 at 12:47 AM IST,MAXESTATES,Unknown,Unknown,566.25,-3.55,305.45,652.8,85.38,13.26,53.47,500.97,433.49,190054.35,96922.0,0.51,Bullish,30,20,0,0,0,50,50,"Above 50 DMA, Above 200 DMA, Healthy RSI momentum"
06.10.2026 at 12:47 AM IST,MEESHO,Consumer Services,Unknown,218.69,-3.98,125.56,254.4,74.17,14.04,52.06,204.95,180.91,24987589.25,6218981.0,0.25,Bullish,30,20,0,0,0,50,50,"Above 50 DMA, Above 200 DMA, Healthy RSI momentum"
06.10.2026 at 12:47 AM IST,INDIQUBE,Unknown,Unknown,197.49,0.57,131.15,235.52,50.58,16.15,54.72,189.32,176.37,47807.55,25992.0,0.54,Bullish,30,20,0,0,0,50,50,"Above 50 DMA, Above 200 DMA, Healthy RSI momentum"
06.10.2026 at 12:47 AM IST,QUADFUTURE,Unknown,Unknown,531.4,-2.93,248.55,567.2,113.8,6.31,62.47,424.81,353.17,1468434.55,403649.0,0.27,Bullish,30,20,0,0,0,50,50,"Above 50 DMA, Above 200 DMA, Healthy RSI momentum"
06.10.2026 at 12:47 AM IST,RAMRAT,Unknown,Unknown,616.55,5.86,266.41,620.0,131.43,0.56,70.4,507.81,394.63,305235.15,1005993.0,3.3,Bullish,30,5,0,15,0,50,50,"Above 50 DMA, Above 200 DMA, Strong but overbought RSI, Strong volume expansion"
06.10.2026 at 12:47 AM IST,FOSECOIND,Unknown,Unknown,6382.5,-1.24,4278.61,7389.5,49.17,13.63,54.54,5896.04,5136.94,35869.65,14715.0,0.41,Bullish,30,20,0,0,0,50,50,"Above 50 DMA, Above 200 DMA, Healthy RSI momentum"
06.10.2026 at 12:47 AM IST,PROSTARM,Unknown,Unknown,135.41,0.56,114.64,208.7,18.12,35.12,51.73,134.12,144.68,375298.6,766410.0,2.04,Bullish,15,20,15,15,15,50,50,"Above 50 DMA, Healthy RSI momentum, Close to 52W low with recovery potential, Strong volume expansion, Below 200 DMA risk"
06.10.2026 at 12:47 AM IST,PROTEAN,Unknown,Unknown,639.75,-2.97,436.03,883.79,46.72,27.61,64.38,560.43,584.81,1898706.35,610264.0,0.32,Bullish,30,20,0,0,0,50,50,"Above 50 DMA, Above 200 DMA, Healthy RSI momentum"
06.10.2026 at 12:47 AM IST,QPOWER,Unknown,Unknown,1564.6,-1.27,580.5,1675.0,169.53,6.59,59.59,1352.88,1074.56,336187.45,317871.0,0.95,Bullish,30,20,0,0,0,50,50,"Above 50 DMA, Above 200 DMA, Healthy RSI momentum"
06.10.2026 at 12:47 AM IST,SOFTTECH,Unknown,Unknown,474.3,-3.89,215.0,545.0,120.6,12.97,52.58,440.48,371.2,8874.45,3354.0,0.38,Bullish,30,20,0,0,0,50,50,"Above 50 DMA, Above 200 DMA, Healthy RSI momentum"
06.10.2026 at 12:47 AM IST,SOLARA,Unknown,Unknown,714.85,-1.45,422.0,774.0,69.4,7.64,55.36,622.73,547.53,574117.85,244820.0,0.43,Bullish,30,20,0,0,0,50,50,"Above 50 DMA, Above 200 DMA, Healthy RSI momentum"
06.10.2026 at 12:47 AM IST,BLBLIMITED,Unknown,Unknown,16.64,-0.54,12.0,22.47,38.67,25.95,52.82,16.21,15.93,152710.25,70212.0,0.46,Bullish,30,20,0,0,0,50,50,"Above 50 DMA, Above 200 DMA, Healthy RSI momentum"
06.10.2026 at 12:47 AM IST,PTCIL,Capital Goods,Unknown,22025.0,-0.74,14499.0,24125.0,51.91,8.7,50.42,20899.18,18238.26,22979.3,14332.0,0.62,Bullish,30,20,0,0,0,50,50,"Above 50 DMA, Above 200 DMA, Healthy RSI momentum"
06.10.2026 at 12:47 AM IST,PRIMO,Unknown,Unknown,25.41,-4.62,16.1,29.8,57.83,14.73,58.45,22.89,22.44,554650.5,449481.0,0.81,Bullish,30,20,0,0,0,50,50,"Above 50 DMA, Above 200 DMA, Healthy RSI momentum"
06.10.2026 at 12:47 AM IST,SOTL,Unknown,Unknown,729.5,1.49,283.72,860.4,157.12,15.21,56.68,692.44,484.11,482555.4,296616.0,0.61,Bullish,30,20,0,0,0,50,50,"Above 50 DMA, Above 200 DMA, Healthy RSI momentum"
06.10.2026 at 12:47 AM IST,CARBORUNIV,Capital Goods,Unknown,1239.7,-1.02,733.45,1368.9,69.02,9.44,59.93,1124.91,977.16,636038.95,384105.0,0.6,Bullish,30,20,0,0,0,50,50,"Above 50 DMA, Above 200 DMA, Healthy RSI momentum"
06.10.2026 at 12:47 AM IST,CEIGALL,Unknown,Unknown,380.1,-0.69,222.32,405.16,70.97,6.19,58.34,349.46,320.99,412986.2,170053.0,0.41,Bullish,30,20,0,0,0,50,50,"Above 50 DMA, Above 200 DMA, Healthy RSI momentum"
06.10.2026 at 12:47 AM IST,SOUTHBANK,Unknown,Unknown,47.44,-1.66,29.56,50.68,60.49,6.39,52.93,46.34,42.31,12487540.2,12229088.0,0.98,Bullish,30,20,0,0,0,50,50,"Above 50 DMA, Above 200 DMA, Healthy RSI momentum"
06.10.2026 at 12:47 AM IST,SMLT,Unknown,Unknown,74.18,19.99,56.61,121.0,31.04,38.69,72.86,65.81,71.3,12151.9,112524.0,9.26,Bullish,30,5,0,15,0,50,50,"Above 50 DMA, Above 200 DMA, Strong but overbought RSI, Strong volume expansion"
06.10.2026 at 12:47 AM IST,SMSPHARMA,Unknown,Unknown,471.3,-1.11,262.18,494.45,79.76,4.68,62.76,398.03,377.79,1579255.0,393944.0,0.25,Bullish,30,20,0,0,0,50,50,"Above 50 DMA, Above 200 DMA, Healthy RSI momentum"
06.10.2026 at 12:47 AM IST,RPTECH,Unknown,Unknown,953.15,-0.04,312.33,1004.7,205.17,5.13,69.15,842.53,569.33,398250.75,377963.0,0.95,Bullish,30,20,0,0,0,50,50,"Above 50 DMA, Above 200 DMA, Healthy RSI momentum"
06.10.2026 at 12:47 AM IST,RML,Unknown,Unknown,1343.2,-0.64,599.85,1440.0,123.92,6.72,57.26,1207.25,947.05,223007.7,58263.0,0.26,Bullish,30,20,0,0,0,50,50,"Above 50 DMA, Above 200 DMA, Healthy RSI momentum"
06.10.2026 at 12:47 AM IST,DRREDDY,Healthcare,Unknown,1206.2,-2.17,1101.0,1405.98,9.55,14.21,53.99,1176.24,1241.78,1927627.8,2607818.0,1.35,Bullish,15,20,20,10,15,50,50,"Above 50 DMA, Healthy RSI momentum, Near 52W low with non-crashing RSI, Volume expansion, Below 200 DMA risk"
06.10.2026 at 12:47 AM IST,SAMBHV,Unknown,Unknown,161.45,-2.09,81.42,167.31,98.29,3.5,66.65,131.1,110.94,7366838.85,3619878.0,0.49,Bullish,30,20,0,0,0,50,50,"Above 50 DMA, Above 200 DMA, Healthy RSI momentum"
06.10.2026 at 12:47 AM IST,CYBERTECH,Unknown,Unknown,135.95,-2.07,92.63,235.22,46.77,42.2,50.32,134.05,130.14,16264.2,13536.0,0.83,Bullish,30,20,0,0,0,50,50,"Above 50 DMA, Above 200 DMA, Healthy RSI momentum"
06.10.2026 at 12:47 AM IST,DEEDEV,Unknown,Unknown,663.2,-2.02,182.7,758.75,263.0,12.59,51.03,650.91,465.65,209141.95,137963.0,0.66,Bullish,30,20,0,0,0,50,50,"Above 50 DMA, Above 200 DMA, Healthy RSI momentum"
06.10.2026 at 12:47 AM IST,RUBYMILLS,Unknown,Unknown,499.65,-0.02,168.11,522.0,197.22,4.28,65.28,416.73,290.7,42660.95,24508.0,0.57,Bullish,30,20,0,0,0,50,50,"Above 50 DMA, Above 200 DMA, Healthy RSI momentum"
06.10.2026 at 12:47 AM IST,DICIND,Unknown,Unknown,613.65,-3.41,447.96,675.0,36.99,9.09,50.02,579.14,530.2,7518.1,4422.0,0.59,Bullish,30,20,0,0,0,50,50,"Above 50 DMA, Above 200 DMA, Healthy RSI momentum"
06.10.2026 at 12:47 AM IST,RGL,Unknown,Unknown,162.5,-1.53,85.0,173.8,91.18,6.5,59.04,138.45,118.04,1125193.45,658380.0,0.59,Bullish,30,20,0,0,0,50,50,"Above 50 DMA, Above 200 DMA, Healthy RSI momentum"
06.10.2026 at 12:47 AM IST,SMLMAH,Unknown,Unknown,6251.0,-4.97,2703.05,6898.5,131.26,9.39,51.52,5684.61,4425.14,87876.1,72958.0,0.83,Bullish,30,20,0,0,0,50,50,"Above 50 DMA, Above 200 DMA, Healthy RSI momentum"
06.10.2026 at 12:47 AM IST,DHAMPURSUG,Unknown,Unknown,171.06,-0.21,108.49,199.92,57.68,14.44,54.94,163.41,139.69,658055.7,633753.0,0.96,Bullish,30,20,0,0,0,50,50,"Above 50 DMA, Above 200 DMA, Healthy RSI momentum"
06.10.2026 at 12:47 AM IST,VALIANTORG,Unknown,Unknown,477.15,4.85,195.0,480.6,144.69,0.72,79.35,333.04,281.37,133677.3,551682.0,4.13,Bullish,30,5,0,15,0,50,50,"Above 50 DMA, Above 200 DMA, Strong but overbought RSI, Strong volume expansion"
06.10.2026 at 12:47 AM IST,ISGEC,Unknown,Unknown,919.7,4.14,678.73,1105.4,35.5,16.8,70.33,802.33,880.55,100071.7,203704.0,2.04,Bullish,30,5,0,15,0,50,50,"Above 50 DMA, Above 200 DMA, Strong but overbought RSI, Strong volume expansion"
06.10.2026 at 12:47 AM IST,MANKIND,Healthcare,Unknown,2535.0,1.25,1909.7,2642.0,32.74,4.05,62.24,2411.79,2298.06,537746.85,427905.0,0.8,Bullish,30,20,0,0,0,50,50,"Above 50 DMA, Above 200 DMA, Healthy RSI momentum"
06.10.2026 at 12:47 AM IST,UNITEDPOLY,Unknown,Unknown,47.05,-0.88,20.6,48.0,128.4,1.98,69.75,37.69,31.37,277060.9,98775.0,0.36,Bullish,30,20,0,0,0,50,50,"Above 50 DMA, Above 200 DMA, Healthy RSI momentum"
06.10.2026 at 12:47 AM IST,ARIS,Unknown,Unknown,138.66,-3.63,82.18,178.3,68.73,22.23,53.89,133.83,120.91,1822356.35,1086645.0,0.6,Bullish,30,20,0,0,0,50,50,"Above 50 DMA, Above 200 DMA, Healthy RSI momentum"
06.10.2026 at 12:47 AM IST,ARROWGREEN,Unknown,Unknown,865.2,1.07,339.85,952.75,154.59,9.19,57.36,780.52,576.57,63537.7,40400.0,0.64,Bullish,30,20,0,0,0,50,50,"Above 50 DMA, Above 200 DMA, Healthy RSI momentum"
06.10.2026 at 12:47 AM IST,ARCHIDPLY,Unknown,Unknown,101.79,-1.65,60.0,124.78,69.65,18.42,48.85,97.86,85.92,17316.55,27789.0,1.6,Bullish,30,10,0,10,0,50,50,"Above 50 DMA, Above 200 DMA, RSI recovering zone, Volume expansion"
06.10.2026 at 12:47 AM IST,ARIHANTCAP,Unknown,Unknown,88.59,-1.28,56.62,119.26,56.47,25.72,60.4,79.57,75.74,1131381.25,183141.0,0.16,Bullish,30,20,0,0,0,50,50,"Above 50 DMA, Above 200 DMA, Healthy RSI momentum"
06.10.2026 at 12:47 AM IST,ASHIANA,Unknown,Unknown,383.95,-0.53,267.64,434.29,43.46,11.59,57.39,370.59,341.39,89882.35,37988.0,0.42,Bullish,30,20,0,0,0,50,50,"Above 50 DMA, Above 200 DMA, Healthy RSI momentum"
06.10.2026 at 12:47 AM IST,ARVEE,Unknown,Unknown,215.32,-4.37,129.11,290.78,66.77,25.95,56.44,178.78,170.63,35623.8,7676.0,0.22,Bullish,30,20,0,0,0,50,50,"Above 50 DMA, Above 200 DMA, Healthy RSI momentum"
06.10.2026 at 12:47 AM IST,JAMNAAUTO,Unknown,Unknown,131.66,-3.44,87.89,150.83,49.8,12.71,52.77,127.86,126.12,3040143.25,1577845.0,0.52,Bullish,30,20,0,0,0,50,50,"Above 50 DMA, Above 200 DMA, Healthy RSI momentum"
06.10.2026 at 12:47 AM IST,JASH,Unknown,Unknown,576.3,-2.59,325.95,619.4,76.81,6.96,61.85,509.76,444.23,1097069.9,408620.0,0.37,Bullish,30,20,0,0,0,50,50,"Above 50 DMA, Above 200 DMA, Healthy RSI momentum"
06.10.2026 at 12:47 AM IST,DOLLEX,Unknown,Unknown,38.24,0.63,26.0,42.95,47.08,10.97,58.68,34.24,33.28,59637.95,24277.0,0.41,Bullish,30,20,0,0,0,50,50,"Above 50 DMA, Above 200 DMA, Healthy RSI momentum"
06.10.2026 at 12:47 AM IST,DGCONTENT,Unknown,Unknown,25.43,0.0,21.61,39.57,17.68,35.73,57.33,24.54,27.07,23685.9,92788.0,3.92,Bullish,15,20,15,15,15,50,50,"Above 50 DMA, Healthy RSI momentum, Close to 52W low with recovery potential, Strong volume expansion, Below 200 DMA risk"
06.10.2026 at 12:47 AM IST,REMSONSIND,Unknown,Unknown,112.55,-1.21,75.15,151.95,49.76,25.93,64.28,92.17,98.53,555258.35,356718.0,0.64,Bullish,30,20,0,0,0,50,50,"Above 50 DMA, Above 200 DMA, Healthy RSI momentum"
06.10.2026 at 12:47 AM IST,RPGLIFE,Unknown,Unknown,2930.7,-3.5,1716.04,3127.8,70.78,6.3,55.09,2754.46,2316.01,40427.35,36208.0,0.9,Bullish,30,20,0,0,0,50,50,"Above 50 DMA, Above 200 DMA, Healthy RSI momentum"
06.10.2026 at 12:47 AM IST,DPABHUSHAN,Unknown,Unknown,1874.0,4.76,866.1,1924.4,116.37,2.62,77.08,1441.43,1214.45,149827.1,784999.0,5.24,Bullish,30,5,0,15,0,50,50,"Above 50 DMA, Above 200 DMA, Strong but overbought RSI, Strong volume expansion"
06.10.2026 at 12:47 AM IST,REDINGTON,Services,Unknown,397.95,-2.22,187.2,419.5,112.58,5.14,57.91,360.5,272.92,5427522.55,2795102.0,0.51,Bullish,30,20,0,0,0,50,50,"Above 50 DMA, Above 200 DMA, Healthy RSI momentum"
06.10.2026 at 12:47 AM IST,EMCURE,Healthcare,Unknown,1944.6,0.08,1303.96,2100.7,49.13,7.43,51.14,1926.69,1688.68,207157.65,69846.0,0.34,Bullish,30,20,0,0,0,50,50,"Above 50 DMA, Above 200 DMA, Healthy RSI momentum"
06.10.2026 at 12:47 AM IST,RAYMONDREL,Unknown,Unknown,648.45,-3.21,347.9,741.95,86.39,12.6,56.77,607.42,535.41,2661998.25,853435.0,0.32,Bullish,30,20,0,0,0,50,50,"Above 50 DMA, Above 200 DMA, Healthy RSI momentum"
06.10.2026 at 12:47 AM IST,WELSPUNLIV,Textiles,Unknown,239.17,5.21,107.04,244.89,123.45,2.34,80.12,191.1,149.87,5278312.05,22516675.0,4.27,Bullish,30,5,0,15,0,50,50,"Above 50 DMA, Above 200 DMA, Strong but overbought RSI, Strong volume expansion"
06.10.2026 at 12:47 AM IST,EMIL,Unknown,Unknown,204.05,-0.64,84.9,208.98,140.34,2.36,63.59,176.09,124.65,4314862.3,4017614.0,0.93,Bullish,30,20,0,0,0,50,50,"Above 50 DMA, Above 200 DMA, Healthy RSI momentum"
06.10.2026 at 12:47 AM IST,ELDEHSG,Unknown,Unknown,782.25,4.15,693.46,1032.06,12.8,24.2,54.24,773.7,822.77,498.15,1460.0,2.93,Bullish,15,20,15,15,15,50,50,"Above 50 DMA, Healthy RSI momentum, Close to 52W low with recovery potential, Strong volume expansion, Below 200 DMA risk"
06.10.2026 at 12:47 AM IST,ZIMLAB,Unknown,Unknown,137.02,-0.69,59.31,144.49,131.02,5.17,58.12,124.06,96.3,134307.95,129941.0,0.97,Bullish,30,20,0,0,0,50,50,"Above 50 DMA, Above 200 DMA, Healthy RSI momentum"
06.10.2026 at 12:47 AM IST,AJANTPHARM,Healthcare,Unknown,3581.0,-1.1,2332.43,3796.0,53.53,5.66,54.61,3530.12,3089.38,90479.75,75759.0,0.84,Bullish,30,20,0,0,0,50,50,"Above 50 DMA, Above 200 DMA, Healthy RSI momentum"
06.10.2026 at 12:47 AM IST,WHEELS,Unknown,Unknown,2241.3,0.91,697.46,2498.0,221.35,10.28,63.96,1743.54,1295.36,884647.7,183997.0,0.21,Bullish,30,20,0,0,0,50,50,"Above 50 DMA, Above 200 DMA, Healthy RSI momentum"
06.10.2026 at 12:47 AM IST,WINDLAS,Unknown,Unknown,1082.4,-0.82,692.17,1181.9,56.38,8.42,52.47,1005.35,852.38,97808.1,63775.0,0.65,Bullish,30,20,0,0,0,50,50,"Above 50 DMA, Above 200 DMA, Healthy RSI momentum"
06.10.2026 at 12:47 AM IST,YATHARTH,Unknown,Unknown,1033.7,0.12,537.93,1184.0,92.16,12.69,50.55,949.69,790.81,858302.4,508885.0,0.59,Bullish,30,20,0,0,0,50,50,"Above 50 DMA, Above 200 DMA, Healthy RSI momentum"
06.10.2026 at 12:47 AM IST,WSTCSTPAPR,Unknown,Unknown,727.65,-1.22,373.12,777.0,95.02,6.35,58.62,647.76,504.89,262451.5,145287.0,0.55,Bullish,30,20,0,0,0,50,50,"Above 50 DMA, Above 200 DMA, Healthy RSI momentum"
06.10.2026 at 12:47 AM IST,WESTLIFE,Unknown,Unknown,588.05,-0.31,398.12,690.27,47.7,14.81,57.66,558.95,503.11,523605.15,119967.0,0.23,Bullish,30,20,0,0,0,50,50,"Above 50 DMA, Above 200 DMA, Healthy RSI momentum"
06.10.2026 at 12:47 AM IST,ZYDUSLIFE,Healthcare,Unknown,1145.7,-1.4,834.75,1232.1,37.25,7.01,47.7,1141.3,1013.06,1527845.6,2547369.0,1.67,Bullish,30,10,0,10,0,50,50,"Above 50 DMA, Above 200 DMA, RSI recovering zone, Volume expansion"
06.10.2026 at 12:47 AM IST,AEROFLEX,Unknown,Unknown,521.35,-2.84,157.85,584.15,230.28,10.75,50.7,496.07,349.5,1281738.4,1183839.0,0.92,Bullish,30,20,0,0,0,50,50,"Above 50 DMA, Above 200 DMA, Healthy RSI momentum"
06.10.2026 at 12:47 AM IST,AGI,Unknown,Unknown,790.8,-1.69,460.73,887.92,71.64,10.94,54.42,740.87,648.46,203202.9,124574.0,0.61,Bullish,30,20,0,0,0,50,50,"Above 50 DMA, Above 200 DMA, Healthy RSI momentum"
06.10.2026 at 12:47 AM IST,SHARDAMOTR,Unknown,Unknown,928.8,-2.94,685.24,1164.81,35.54,20.26,51.28,892.8,858.33,79915.8,56275.0,0.7,Bullish,30,20,0,0,0,50,50,"Above 50 DMA, Above 200 DMA, Healthy RSI momentum"
06.10.2026 at 12:47 AM IST,SHANTIGOLD,Unknown,Unknown,303.55,-1.64,155.0,333.09,95.84,8.87,63.82,251.23,217.43,4449193.65,2237991.0,0.5,Bullish,30,20,0,0,0,50,50,"Above 50 DMA, Above 200 DMA, Healthy RSI momentum"
06.10.2026 at 12:47 AM IST,SHAREINDIA,Unknown,Unknown,205.09,0.04,114.69,233.35,78.82,12.11,57.31,185.08,154.7,8864957.8,1139127.0,0.13,Bullish,30,20,0,0,0,50,50,"Above 50 DMA, Above 200 DMA, Healthy RSI momentum"
06.10.2026 at 12:47 AM IST,KDDL,Unknown,Unknown,3911.2,0.63,1986.01,4270.0,96.94,8.4,50.06,3811.18,2859.86,36813.7,36409.0,0.99,Bullish,30,20,0,0,0,50,50,"Above 50 DMA, Above 200 DMA, Healthy RSI momentum"
06.10.2026 at 12:47 AM IST,JSWINFRA,Services,Unknown,357.45,0.24,232.72,375.5,53.6,4.81,58.64,337.93,292.7,4746923.7,3430947.0,0.72,Bullish,30,20,0,0,0,50,50,"Above 50 DMA, Above 200 DMA, Healthy RSI momentum"
06.10.2026 at 12:47 AM IST,KIRIINDUS,Unknown,Unknown,544.6,0.61,333.8,779.0,63.15,30.09,55.31,489.02,450.0,1092528.6,555859.0,0.51,Bullish,30,20,0,0,0,50,50,"Above 50 DMA, Above 200 DMA, Healthy RSI momentum"
06.10.2026 at 12:47 AM IST,AJAXENGG,Unknown,Unknown,586.4,-0.1,394.8,678.0,48.53,13.51,53.42,577.04,544.21,166086.35,76581.0,0.46,Bullish,30,20,0,0,0,50,50,"Above 50 DMA, Above 200 DMA, Healthy RSI momentum"
06.10.2026 at 12:47 AM IST,ZFSTEERING,Unknown,Unknown,708.4,-0.85,620.65,894.98,14.14,20.85,50.67,687.81,,11035.75,1845.0,0.17,Bullish,15,20,15,0,0,50,50,"Above 50 DMA, Healthy RSI momentum, Close to 52W low with recovery potential"
06.10.2026 at 12:47 AM IST,ADL,Unknown,Unknown,72.52,-6.55,50.26,109.9,44.29,34.01,51.26,71.95,72.13,1094.7,1361.0,1.24,Bullish,30,20,0,5,5,50,50,"Above 50 DMA, Above 200 DMA, Healthy RSI momentum, Normal volume support, Sharp daily fall"
06.10.2026 at 12:47 AM IST,AKUMS,Unknown,Unknown,813.1,-0.66,407.37,838.8,99.6,3.06,59.91,749.97,575.58,276306.75,191282.0,0.69,Bullish,30,20,0,0,0,50,50,"Above 50 DMA, Above 200 DMA, Healthy RSI momentum"
06.10.2026 at 12:47 AM IST,KINGFA,Unknown,Unknown,6586.5,1.6,3637.37,6628.0,81.08,0.63,69.7,5832.5,4919.15,16861.05,16414.0,0.97,Bullish,30,20,0,0,0,50,50,"Above 50 DMA, Above 200 DMA, Healthy RSI momentum"
06.10.2026 at 12:47 AM IST,KILITCH,Unknown,Unknown,218.51,2.43,117.25,232.5,86.36,6.02,67.75,187.3,171.99,28153.85,22964.0,0.82,Bullish,30,20,0,0,0,50,50,"Above 50 DMA, Above 200 DMA, Healthy RSI momentum"
06.10.2026 at 12:47 AM IST,LANDSMILL,Unknown,Unknown,1.05,9.37,0.52,1.68,101.92,37.5,84.72,0.71,0.96,6551338.3,35042099.0,5.35,Bullish,30,5,0,15,0,50,50,"Above 50 DMA, Above 200 DMA, Strong but overbought RSI, Strong volume expansion"
06.10.2026 at 12:47 AM IST,KTKBANK,Unknown,Unknown,321.6,-2.25,167.64,345.4,91.84,6.89,49.28,314.22,251.76,1845283.4,3306218.0,1.79,Bullish,30,10,0,10,0,50,50,"Above 50 DMA, Above 200 DMA, RSI recovering zone, Volume expansion"
06.10.2026 at 12:47 AM IST,GODREJAGRO,Unknown,Unknown,631.9,1.34,496.45,698.4,27.28,9.52,46.91,612.71,577.44,226081.15,137009.0,0.61,Bullish,30,10,8,0,0,48,48,"Above 50 DMA, Above 200 DMA, RSI recovering zone, Within 30% of 52W low"
06.10.2026 at 12:47 AM IST,STARPAPER,Unknown,Unknown,151.81,-0.47,117.21,172.44,29.52,11.96,46.21,151.24,143.52,23145.35,5035.0,0.22,Bullish,30,10,8,0,0,48,48,"Above 50 DMA, Above 200 DMA, RSI recovering zone, Within 30% of 52W low"
06.10.2026 at 12:47 AM IST,LIBAS,Unknown,Unknown,11.29,-4.89,9.02,13.45,25.17,16.06,49.36,10.6,10.96,150274.95,18202.0,0.12,Bullish,30,10,8,0,0,48,48,"Above 50 DMA, Above 200 DMA, RSI recovering zone, Within 30% of 52W low"
06.10.2026 at 12:47 AM IST,ASPINWALL,Unknown,Unknown,240.1,-0.72,195.38,292.51,22.89,17.92,39.15,248.59,230.62,3171.95,23169.0,7.3,Bearish,15,8,8,15,0,46,46,"Above 200 DMA, Weak but watchable RSI, Within 30% of 52W low, Strong volume expansion"
06.10.2026 at 12:47 AM IST,KISSHT,Unknown,Unknown,371.15,0.43,190.0,386.25,95.34,3.91,66.25,323.3,,1949735.35,3578605.0,1.84,Bullish,15,20,0,10,0,45,45,"Above 50 DMA, Healthy RSI momentum, Volume expansion"
06.10.2026 at 12:47 AM IST,MAHSEAMLES,Unknown,Unknown,698.75,-5.27,493.15,768.0,41.69,9.02,53.02,644.65,592.88,498392.3,458963.0,0.92,Bullish,30,20,0,0,5,45,45,"Above 50 DMA, Above 200 DMA, Healthy RSI momentum, Sharp daily fall"
06.10.2026 at 12:47 AM IST,VAISHALI,Unknown,Unknown,8.38,0.36,4.75,11.88,76.42,29.46,49.55,8.2,7.68,182095.75,226659.0,1.24,Bullish,30,10,0,5,0,45,45,"Above 50 DMA, Above 200 DMA, RSI recovering zone, Normal volume support"
06.10.2026 at 12:47 AM IST,SBCL,Unknown,Unknown,1066.4,-0.49,367.86,1215.7,189.89,12.28,48.49,1006.23,667.95,292403.6,295016.0,1.01,Bullish,30,10,0,5,0,45,45,"Above 50 DMA, Above 200 DMA, RSI recovering zone, Normal volume support"
06.10.2026 at 12:47 AM IST,ASKAUTOLTD,Unknown,Unknown,618.15,-3.43,373.93,687.7,65.31,10.11,47.17,617.42,488.57,309849.2,325106.0,1.05,Bullish,30,10,0,5,0,45,45,"Above 50 DMA, Above 200 DMA, RSI recovering zone, Normal volume support"
06.10.2026 at 12:47 AM IST,TRUALT,Unknown,Unknown,444.3,-5.2,310.2,542.0,43.23,18.03,53.17,441.02,433.63,292210.4,290950.0,1.0,Bullish,30,20,0,0,5,45,45,"Above 50 DMA, Above 200 DMA, Healthy RSI momentum, Sharp daily fall"
06.10.2026 at 12:47 AM IST,MMP,Unknown,Unknown,449.6,-5.32,184.26,498.0,144.0,9.72,54.71,387.74,287.92,118309.95,108870.0,0.92,Bullish,30,20,0,0,5,45,45,"Above 50 DMA, Above 200 DMA, Healthy RSI momentum, Sharp daily fall"
06.10.2026 at 12:47 AM IST,MUKANDLTD,Unknown,Unknown,172.66,-4.15,111.92,184.8,54.28,6.57,72.81,141.51,132.94,534644.25,858946.0,1.61,Bullish,30,5,0,10,0,45,45,"Above 50 DMA, Above 200 DMA, Strong but overbought RSI, Volume expansion"
06.10.2026 at 12:47 AM IST,DYNAMATECH,Unknown,Unknown,13756.0,1.07,6756.7,13996.0,103.59,1.71,79.88,11615.19,10437.05,26464.25,42592.0,1.61,Bullish,30,5,0,10,0,45,45,"Above 50 DMA, Above 200 DMA, Strong but overbought RSI, Volume expansion"
06.10.2026 at 12:47 AM IST,JHS,Unknown,Unknown,11.7,-6.02,6.26,13.9,86.9,15.83,73.72,8.42,8.82,543793.95,4065094.0,7.48,Bullish,30,5,0,15,5,45,45,"Above 50 DMA, Above 200 DMA, Strong but overbought RSI, Strong volume expansion, Sharp daily fall"
06.10.2026 at 12:47 AM IST,ENGINERSIN,Construction,Unknown,312.75,1.02,161.03,321.4,94.22,2.69,71.17,258.56,225.9,5931816.9,7911815.0,1.33,Bullish,30,5,0,10,0,45,45,"Above 50 DMA, Above 200 DMA, Strong but overbought RSI, Volume expansion"
06.10.2026 at 12:47 AM IST,SALSTEEL,Unknown,Unknown,98.92,-0.14,26.1,102.4,279.0,3.4,76.21,74.09,55.54,660149.15,1173063.0,1.78,Bullish,30,5,0,10,0,45,45,"Above 50 DMA, Above 200 DMA, Strong but overbought RSI, Volume expansion"
06.10.2026 at 12:47 AM IST,PROZONER,Unknown,Unknown,52.53,-7.06,39.55,72.77,32.82,27.81,54.83,46.85,50.09,478849.75,242456.0,0.51,Bullish,30,20,0,0,5,45,45,"Above 50 DMA, Above 200 DMA, Healthy RSI momentum, Sharp daily fall"
06.10.2026 at 12:47 AM IST,PONNIERODE,Unknown,Unknown,372.35,0.04,248.28,455.0,49.97,18.16,49.99,361.93,304.92,36123.95,39422.0,1.09,Bullish,30,10,0,5,0,45,45,"Above 50 DMA, Above 200 DMA, RSI recovering zone, Normal volume support"
06.10.2026 at 12:47 AM IST,GOODLUCK,Unknown,Unknown,499.35,-1.71,304.43,556.33,64.03,10.24,47.06,489.55,428.5,592379.3,720407.0,1.22,Bullish,30,10,0,5,0,45,45,"Above 50 DMA, Above 200 DMA, RSI recovering zone, Normal volume support"
06.10.2026 at 12:47 AM IST,SUNTV,Media Entertainment & Publication,Unknown,599.9,-0.84,447.2,663.9,34.15,9.64,80.71,484.62,533.9,3117507.95,6014245.0,1.93,Bullish,30,5,0,10,0,45,45,"Above 50 DMA, Above 200 DMA, Strong but overbought RSI, Volume expansion"
06.10.2026 at 12:47 AM IST,BELRISE,Automobile and Auto Components,Unknown,237.5,-1.19,142.25,267.55,66.96,11.23,49.68,236.88,210.11,3005565.9,3756358.0,1.25,Bullish,30,10,0,5,0,45,45,"Above 50 DMA, Above 200 DMA, RSI recovering zone, Normal volume support"
06.10.2026 at 12:47 AM IST,MCX,Financial Services,Unknown,3204.0,-2.92,1622.03,3481.4,97.53,7.97,48.17,3087.79,2758.64,1839350.2,2002629.0,1.09,Bullish,30,10,0,5,0,45,45,"Above 50 DMA, Above 200 DMA, RSI recovering zone, Normal volume support"
06.10.2026 at 12:47 AM IST,SMCGLOBAL,Unknown,Unknown,99.06,4.85,53.99,107.0,83.49,7.42,71.13,82.26,74.69,6144345.0,9500246.0,1.55,Bullish,30,5,0,10,0,45,45,"Above 50 DMA, Above 200 DMA, Strong but overbought RSI, Volume expansion"
06.10.2026 at 12:47 AM IST,ONEPOINT,Unknown,Unknown,74.37,1.34,40.58,74.5,83.27,0.17,86.7,58.98,54.89,4116458.4,6251994.0,1.52,Bullish,30,5,0,10,0,45,45,"Above 50 DMA, Above 200 DMA, Strong but overbought RSI, Volume expansion"
06.10.2026 at 12:47 AM IST,NIMBSPROJ,Unknown,Unknown,189.45,-1.43,141.04,231.23,34.32,18.07,57.59,178.25,,23616.5,41570.0,1.76,Bullish,15,20,0,10,0,45,45,"Above 50 DMA, Healthy RSI momentum, Volume expansion"
06.10.2026 at 12:47 AM IST,KAMDHENU,Unknown,Unknown,37.59,-1.29,15.99,43.7,135.14,13.98,46.05,36.58,27.31,1028787.35,1112530.0,1.08,Bullish,30,10,0,5,0,45,45,"Above 50 DMA, Above 200 DMA, RSI recovering zone, Normal volume support"
06.10.2026 at 12:47 AM IST,RATNAVEER,Unknown,Unknown,345.45,4.44,130.5,354.5,164.71,2.55,71.11,266.84,186.66,7110321.15,11559546.0,1.63,Bullish,30,5,0,10,0,45,45,"Above 50 DMA, Above 200 DMA, Strong but overbought RSI, Volume expansion"
06.10.2026 at 12:47 AM IST,SSDL,Unknown,Unknown,69.39,-8.47,44.5,86.78,55.93,20.04,57.88,58.19,60.22,214311.75,175616.0,0.82,Bullish,30,20,0,0,5,45,45,"Above 50 DMA, Above 200 DMA, Healthy RSI momentum, Sharp daily fall"
06.10.2026 at 12:47 AM IST,ELLEN,Unknown,Unknown,341.7,-4.26,175.0,473.55,95.26,27.84,47.05,326.74,280.64,1577151.05,1714617.0,1.09,Bullish,30,10,0,5,0,45,45,"Above 50 DMA, Above 200 DMA, RSI recovering zone, Normal volume support"
06.10.2026 at 12:47 AM IST,ABDL,Fast Moving Consumer Goods,Unknown,679.45,-5.49,378.82,753.8,79.36,9.86,56.86,631.04,560.55,1140153.75,1056525.0,0.93,Bullish,30,20,0,0,5,45,45,"Above 50 DMA, Above 200 DMA, Healthy RSI momentum, Sharp daily fall"
06.10.2026 at 12:47 AM IST,KOHINOOR,Unknown,Unknown,30.03,-1.8,19.2,38.47,56.41,21.94,46.51,29.19,26.02,151388.45,168205.0,1.11,Bullish,30,10,0,5,0,45,45,"Above 50 DMA, Above 200 DMA, RSI recovering zone, Normal volume support"
06.10.2026 at 12:47 AM IST,ADANIPORTS,Services,Unknown,1737.8,-3.36,1286.58,1891.1,35.07,8.11,47.93,1721.38,1629.05,1947992.25,2157928.0,1.11,Bullish,30,10,0,5,0,45,45,"Above 50 DMA, Above 200 DMA, RSI recovering zone, Normal volume support"
06.10.2026 at 12:47 AM IST,STARTECK,Unknown,Unknown,290.95,-5.21,214.88,350.0,35.4,16.87,58.49,257.97,263.17,4320.4,1606.0,0.37,Bullish,30,20,0,0,5,45,45,"Above 50 DMA, Above 200 DMA, Healthy RSI momentum, Sharp daily fall"
06.10.2026 at 12:47 AM IST,PENIND,Unknown,Unknown,173.62,-5.64,129.1,279.9,34.48,37.97,49.97,167.5,166.1,693110.1,1220227.0,1.76,Bullish,30,10,0,10,5,45,45,"Above 50 DMA, Above 200 DMA, RSI recovering zone, Volume expansion, Sharp daily fall"
06.10.2026 at 12:47 AM IST,WEWIN,Unknown,Unknown,51.65,1.65,35.38,78.0,45.99,33.78,70.8,45.31,47.69,4856.55,8010.0,1.65,Bullish,30,5,0,10,0,45,45,"Above 50 DMA, Above 200 DMA, Strong but overbought RSI, Volume expansion"
06.10.2026 at 12:47 AM IST,INDHOTEL,Consumer Services,Unknown,718.0,-1.46,562.49,757.4,27.65,5.2,46.84,727.42,686.19,3039943.35,4023940.0,1.32,Bearish,15,10,8,10,0,43,43,"Above 200 DMA, RSI recovering zone, Within 30% of 52W low, Volume expansion"
06.10.2026 at 12:47 AM IST,ORIENTCER,Unknown,Unknown,44.12,-1.74,33.73,56.2,30.79,21.49,44.46,43.85,41.55,97794.65,109527.0,1.12,Bullish,30,8,0,5,0,43,43,"Above 50 DMA, Above 200 DMA, Weak but watchable RSI, Normal volume support"
06.10.2026 at 12:47 AM IST,DATAMATICS,Unknown,Unknown,790.3,-1.89,627.95,1003.53,25.85,21.25,50.85,802.66,768.59,163110.45,67919.0,0.42,Bearish,15,20,8,0,0,43,43,"Above 200 DMA, Healthy RSI momentum, Within 30% of 52W low"
06.10.2026 at 12:47 AM IST,ASIANHOTNR,Unknown,Unknown,348.1,-1.89,247.5,423.8,40.65,17.86,41.53,341.43,312.39,27643.15,32017.0,1.16,Bullish,30,8,0,5,0,43,43,"Above 50 DMA, Above 200 DMA, Weak but watchable RSI, Normal volume support"
06.10.2026 at 12:47 AM IST,GULFOILLUB,Unknown,Unknown,1093.0,-2.88,841.67,1231.88,29.86,11.27,51.49,1094.1,1021.4,49058.15,34205.0,0.7,Bearish,15,20,8,0,0,43,43,"Above 200 DMA, Healthy RSI momentum, Within 30% of 52W low"
06.10.2026 at 12:47 AM IST,JAGRAN,Unknown,Unknown,61.55,-1.2,51.89,68.81,18.61,10.55,43.72,62.25,60.29,168174.25,207076.0,1.23,Bearish,15,8,15,5,0,43,43,"Above 200 DMA, Weak but watchable RSI, Close to 52W low with recovery potential, Normal volume support"
06.10.2026 at 12:47 AM IST,APOLLOHOSP,Healthcare,Unknown,8133.5,-0.39,6679.85,9070.5,21.76,10.33,29.69,8799.2,8037.06,436627.7,939105.0,2.15,Bearish,15,5,8,15,0,43,43,"Above 200 DMA, Oversold RSI, Within 30% of 52W low, Strong volume expansion"
06.10.2026 at 12:47 AM IST,QUINTEGRA,Unknown,Unknown,1.34,4.69,1.1,2.05,21.82,34.63,78.61,1.26,1.32,4514.45,298.0,0.07,Bullish,30,5,8,0,0,43,43,"Above 50 DMA, Above 200 DMA, Strong but overbought RSI, Within 30% of 52W low"
06.10.2026 at 12:47 AM IST,SIGMA,Unknown,Unknown,44.91,1.49,35.07,63.58,28.08,29.37,47.79,45.77,44.42,89753.4,119958.0,1.34,Bearish,15,10,8,10,0,43,43,"Above 200 DMA, RSI recovering zone, Within 30% of 52W low, Volume expansion"
06.10.2026 at 12:47 AM IST,KSL,Unknown,Unknown,913.0,-5.43,567.48,1032.9,60.89,11.61,44.96,906.26,798.13,166124.95,248373.0,1.5,Bullish,30,8,0,10,5,43,43,"Above 50 DMA, Above 200 DMA, Weak but watchable RSI, Volume expansion, Sharp daily fall"
06.10.2026 at 12:47 AM IST,NKIND,Unknown,Unknown,59.96,3.02,49.66,78.39,20.74,23.51,52.59,59.5,63.33,833.15,2305.0,2.77,Bullish,15,20,8,15,15,43,43,"Above 50 DMA, Healthy RSI momentum, Within 30% of 52W low, Strong volume expansion, Below 200 DMA risk"
06.10.2026 at 12:47 AM IST,TREL,Unknown,Unknown,27.29,-5.54,21.47,32.0,27.11,14.72,48.85,26.61,25.92,218451.3,135689.0,0.62,Bullish,30,10,8,0,5,43,43,"Above 50 DMA, Above 200 DMA, RSI recovering zone, Within 30% of 52W low, Sharp daily fall"
06.10.2026 at 12:47 AM IST,TVSMOTOR,Automobile and Auto Components,Unknown,4021.0,-2.07,3228.0,4484.5,24.57,10.34,38.46,4226.11,3757.45,641189.15,1234692.0,1.93,Bearish,15,8,8,10,0,41,41,"Above 200 DMA, Weak but watchable RSI, Within 30% of 52W low, Volume expansion"
06.10.2026 at 12:47 AM IST,ENDURANCE,Automobile and Auto Components,Unknown,2601.4,-2.07,2134.01,3072.0,21.9,15.32,36.01,2808.76,2588.47,84307.1,123076.0,1.46,Bearish,15,8,8,10,0,41,41,"Above 200 DMA, Weak but watchable RSI, Within 30% of 52W low, Volume expansion"
06.10.2026 at 12:47 AM IST,BECTORFOOD,Unknown,Unknown,213.03,3.04,164.53,278.34,29.48,23.46,41.0,228.29,206.38,1053129.35,1664376.0,1.58,Bearish,15,8,8,10,0,41,41,"Above 200 DMA, Weak but watchable RSI, Within 30% of 52W low, Volume expansion"
06.10.2026 at 12:47 AM IST,TECHM,Information Technology,Unknown,1533.0,0.59,1271.07,1807.04,20.61,15.17,44.2,1590.0,1491.62,1741696.95,2663224.0,1.53,Bearish,15,8,8,10,0,41,41,"Above 200 DMA, Weak but watchable RSI, Within 30% of 52W low, Volume expansion"
06.10.2026 at 12:47 AM IST,DHARMAJ,Unknown,Unknown,267.65,1.25,210.65,324.4,27.06,17.49,42.68,271.97,257.95,47787.6,75720.0,1.58,Bearish,15,8,8,10,0,41,41,"Above 200 DMA, Weak but watchable RSI, Within 30% of 52W low, Volume expansion"
06.10.2026 at 12:47 AM IST,KIMS,Healthcare,Unknown,736.25,-1.36,575.8,858.0,27.87,14.19,34.74,784.23,722.05,528583.7,900776.0,1.7,Bearish,15,8,8,10,0,41,41,"Above 200 DMA, Weak but watchable RSI, Within 30% of 52W low, Volume expansion"
06.10.2026 at 12:47 AM IST,AGARWALEYE,Unknown,Unknown,486.45,1.49,401.0,568.0,21.31,14.36,40.97,503.48,472.32,300126.25,413281.0,1.38,Bearish,15,8,8,10,0,41,41,"Above 200 DMA, Weak but watchable RSI, Within 30% of 52W low, Volume expansion"
06.10.2026 at 12:47 AM IST,FEDFINA,Unknown,Unknown,149.77,-0.79,119.07,178.48,25.78,16.09,42.14,153.99,149.22,905671.15,1579564.0,1.74,Bearish,15,8,8,10,0,41,41,"Above 200 DMA, Weak but watchable RSI, Within 30% of 52W low, Volume expansion"
06.10.2026 at 12:47 AM IST,KAPSTON,Unknown,Unknown,542.35,-1.45,245.0,616.2,121.37,11.98,46.12,541.51,390.81,210094.35,107028.0,0.51,Bullish,30,10,0,0,0,40,40,"Above 50 DMA, Above 200 DMA, RSI recovering zone"
06.10.2026 at 12:47 AM IST,KANPRPLA,Unknown,Unknown,245.55,-1.39,150.37,283.14,63.29,13.28,46.8,245.23,202.91,24047.55,12538.0,0.52,Bullish,30,10,0,0,0,40,40,"Above 50 DMA, Above 200 DMA, RSI recovering zone"
06.10.2026 at 12:47 AM IST,JNKINDIA,Unknown,Unknown,432.7,-1.26,200.77,557.59,115.52,22.4,51.28,434.89,350.83,149668.7,180043.0,1.2,Bearish,15,20,0,5,0,40,40,"Above 200 DMA, Healthy RSI momentum, Normal volume support"
06.10.2026 at 12:47 AM IST,NTPCGREEN,Power,Unknown,91.09,-2.44,84.0,119.95,8.44,24.06,50.43,90.85,95.36,2764045.8,2099127.0,0.76,Bullish,15,20,20,0,15,40,40,"Above 50 DMA, Healthy RSI momentum, Near 52W low with non-crashing RSI, Below 200 DMA risk"
06.10.2026 at 12:47 AM IST,KIRLFER,Unknown,Unknown,465.85,-0.88,405.4,509.73,14.91,8.61,48.79,459.35,,138314.7,105289.0,0.76,Bullish,15,10,15,0,0,40,40,"Above 50 DMA, RSI recovering zone, Close to 52W low with recovery potential"
06.10.2026 at 12:47 AM IST,ADVANCE,Unknown,Unknown,116.75,-3.66,84.1,154.0,38.82,24.19,49.59,118.37,114.41,233037.7,704242.0,3.02,Bearish,15,10,0,15,0,40,40,"Above 200 DMA, RSI recovering zone, Strong volume expansion"
06.10.2026 at 12:47 AM IST,AEGISVOPAK,Oil Gas & Consumable Fuels,Unknown,290.75,-2.04,157.89,320.95,84.15,9.41,49.02,286.85,235.47,1840172.35,1739742.0,0.95,Bullish,30,10,0,0,0,40,40,"Above 50 DMA, Above 200 DMA, RSI recovering zone"
06.10.2026 at 12:47 AM IST,JTLIND,Unknown,Unknown,86.23,-2.32,40.19,93.87,114.54,8.14,48.88,82.44,71.22,2804606.35,2529585.0,0.9,Bullish,30,10,0,0,0,40,40,"Above 50 DMA, Above 200 DMA, RSI recovering zone"
06.10.2026 at 12:47 AM IST,SGIL,Unknown,Unknown,613.85,-7.86,420.0,697.95,46.15,12.05,49.4,599.03,550.11,14338.95,18436.0,1.29,Bullish,30,10,0,5,5,40,40,"Above 50 DMA, Above 200 DMA, RSI recovering zone, Normal volume support, Sharp daily fall"
06.10.2026 at 12:47 AM IST,SGFIN,Unknown,Unknown,631.85,4.55,323.0,727.45,95.62,13.14,48.12,663.2,533.61,216877.25,1112628.0,5.13,Bearish,15,10,0,15,0,40,40,"Above 200 DMA, RSI recovering zone, Strong volume expansion"
06.10.2026 at 12:47 AM IST,PDMJEPAPER,Unknown,Unknown,95.56,-1.71,64.57,125.15,47.99,23.64,49.9,94.34,86.0,609129.6,205004.0,0.34,Bullish,30,10,0,0,0,40,40,"Above 50 DMA, Above 200 DMA, RSI recovering zone"
06.10.2026 at 12:47 AM IST,UTTAMSUGAR,Unknown,Unknown,276.1,-4.26,179.5,356.12,53.82,22.47,49.93,271.92,240.99,339409.45,186895.0,0.55,Bullish,30,10,0,0,0,40,40,"Above 50 DMA, Above 200 DMA, RSI recovering zone"
06.10.2026 at 12:47 AM IST,SCHAND,Unknown,Unknown,143.57,-3.05,127.01,195.33,13.04,26.5,57.36,139.45,150.08,28904.05,32819.0,1.14,Bullish,15,20,15,5,15,40,40,"Above 50 DMA, Healthy RSI momentum, Close to 52W low with recovery potential, Normal volume support, Below 200 DMA risk"
06.10.2026 at 12:47 AM IST,COALINDIA,Oil Gas & Consumable Fuels,Unknown,420.4,-1.08,355.18,478.71,18.36,12.18,51.75,411.67,423.64,7450657.7,7514836.0,1.01,Bullish,15,20,15,5,15,40,40,"Above 50 DMA, Healthy RSI momentum, Close to 52W low with recovery potential, Normal volume support, Below 200 DMA risk"
06.10.2026 at 12:47 AM IST,GFLLIMITED,Unknown,Unknown,55.23,0.53,37.25,81.0,48.27,31.81,48.54,53.55,49.43,109780.2,77608.0,0.71,Bullish,30,10,0,0,0,40,40,"Above 50 DMA, Above 200 DMA, RSI recovering zone"
06.10.2026 at 12:47 AM IST,GHCLTEXTIL,Unknown,Unknown,129.22,0.25,64.85,144.59,99.27,10.63,49.35,125.95,95.16,513629.65,462761.0,0.9,Bullish,30,10,0,0,0,40,40,"Above 50 DMA, Above 200 DMA, RSI recovering zone"
06.10.2026 at 12:47 AM IST,PAISALO,Unknown,Unknown,79.9,4.57,29.96,94.88,166.65,15.79,48.74,75.13,52.67,19083602.6,15551279.0,0.81,Bullish,30,10,0,0,0,40,40,"Above 50 DMA, Above 200 DMA, RSI recovering zone"
06.10.2026 at 12:47 AM IST,APOLLO,Unknown,Unknown,394.0,-2.34,179.39,466.21,119.63,15.49,48.84,392.94,321.45,7978696.9,4102186.0,0.51,Bullish,30,10,0,0,0,40,40,"Above 50 DMA, Above 200 DMA, RSI recovering zone"
06.10.2026 at 12:47 AM IST,VENKEYS,Unknown,Unknown,1613.0,1.57,1158.17,1814.9,39.27,11.12,46.34,1597.22,1484.66,65445.1,57612.0,0.88,Bullish,30,10,0,0,0,40,40,"Above 50 DMA, Above 200 DMA, RSI recovering zone"
06.10.2026 at 12:47 AM IST,VEDPOWER,Power,Unknown,32.77,-0.21,30.44,49.88,7.65,34.3,46.22,34.64,,13004025.6,18705111.0,1.44,Bearish,0,10,20,10,0,40,40,"RSI recovering zone, Near 52W low with non-crashing RSI, Volume expansion"
06.10.2026 at 12:47 AM IST,SATIN,Unknown,Unknown,227.47,-2.04,135.81,274.14,67.49,17.02,51.33,229.17,195.39,226713.6,233798.0,1.03,Bearish,15,20,0,5,0,40,40,"Above 200 DMA, Healthy RSI momentum, Normal volume support"
06.10.2026 at 12:47 AM IST,CHEVIOT,Unknown,Unknown,1167.0,-1.37,878.76,1341.14,32.8,12.98,48.95,1161.14,1082.79,1896.3,1374.0,0.72,Bullish,30,10,0,0,0,40,40,"Above 50 DMA, Above 200 DMA, RSI recovering zone"
06.10.2026 at 12:47 AM IST,PASUPTAC,Unknown,Unknown,69.64,-4.25,40.41,81.29,72.33,14.33,49.79,65.12,56.52,263763.1,243098.0,0.92,Bullish,30,10,0,0,0,40,40,"Above 50 DMA, Above 200 DMA, RSI recovering zone"
06.10.2026 at 12:47 AM IST,GLAND,Healthcare,Unknown,2874.4,-0.86,1561.8,3042.0,84.04,5.51,48.91,2810.05,2148.15,621361.4,327673.0,0.53,Bullish,30,10,0,0,0,40,40,"Above 50 DMA, Above 200 DMA, RSI recovering zone"
06.10.2026 at 12:47 AM IST,POWERICA,Unknown,Unknown,589.15,-1.91,365.1,676.95,61.37,12.97,57.78,545.12,,214464.25,241996.0,1.13,Bullish,15,20,0,5,0,40,40,"Above 50 DMA, Healthy RSI momentum, Normal volume support"
06.10.2026 at 12:47 AM IST,PRABHA,Unknown,Unknown,218.31,-1.68,137.91,262.8,58.3,16.93,47.92,199.71,171.34,904358.8,153237.0,0.17,Bullish,30,10,0,0,0,40,40,"Above 50 DMA, Above 200 DMA, RSI recovering zone"
06.10.2026 at 12:47 AM IST,PLAZACABLE,Unknown,Unknown,57.12,-3.43,27.0,66.0,111.56,13.45,46.51,54.33,44.89,115759.65,58747.0,0.51,Bullish,30,10,0,0,0,40,40,"Above 50 DMA, Above 200 DMA, RSI recovering zone"
06.10.2026 at 12:47 AM IST,BANDHANBNK,Financial Services,Unknown,176.0,-1.25,133.1,218.86,32.24,19.58,48.55,173.06,175.47,13594539.75,11142144.0,0.82,Bullish,30,10,0,0,0,40,40,"Above 50 DMA, Above 200 DMA, RSI recovering zone"
06.10.2026 at 12:47 AM IST,VARROC,Unknown,Unknown,830.6,-3.75,461.06,912.2,80.15,8.95,48.69,808.22,627.94,328957.0,261699.0,0.8,Bullish,30,10,0,0,0,40,40,"Above 50 DMA, Above 200 DMA, RSI recovering zone"
06.10.2026 at 12:47 AM IST,MANALIPETC,Unknown,Unknown,78.15,-3.49,38.89,92.44,100.93,15.46,45.37,75.86,61.79,2285376.15,1364744.0,0.6,Bullish,30,10,0,0,0,40,40,"Above 50 DMA, Above 200 DMA, RSI recovering zone"
06.10.2026 at 12:47 AM IST,WELENT,Unknown,Unknown,724.45,-2.46,409.98,841.9,76.7,13.95,46.89,680.34,551.25,849099.95,396051.0,0.47,Bullish,30,10,0,0,0,40,40,"Above 50 DMA, Above 200 DMA, RSI recovering zone"
06.10.2026 at 12:47 AM IST,TECHNOE,Construction,Unknown,998.6,-1.01,863.77,1379.65,15.61,27.62,51.47,988.06,1064.2,141003.35,159231.0,1.13,Bullish,15,20,15,5,15,40,40,"Above 50 DMA, Healthy RSI momentum, Close to 52W low with recovery potential, Normal volume support, Below 200 DMA risk"
06.10.2026 at 12:47 AM IST,BEML,Capital Goods,Unknown,1962.3,-1.51,1345.29,2256.19,45.87,13.03,45.98,1927.98,1779.02,398370.75,198724.0,0.5,Bullish,30,10,0,0,0,40,40,"Above 50 DMA, Above 200 DMA, RSI recovering zone"
06.10.2026 at 12:47 AM IST,BHAGYANGR,Unknown,Unknown,402.65,-2.07,94.08,467.9,327.99,13.95,46.78,398.48,277.68,202453.65,140359.0,0.69,Bullish,30,10,0,0,0,40,40,"Above 50 DMA, Above 200 DMA, RSI recovering zone"
06.10.2026 at 12:47 AM IST,VSSL,Unknown,Unknown,383.3,-4.43,204.38,428.25,87.54,10.5,49.11,357.74,287.36,574223.75,164787.0,0.29,Bullish,30,10,0,0,0,40,40,"Above 50 DMA, Above 200 DMA, RSI recovering zone"
06.10.2026 at 12:47 AM IST,20MICRONS,Unknown,Unknown,207.26,-3.42,128.82,235.95,60.89,12.16,46.15,206.3,187.61,132838.35,92549.0,0.7,Bullish,30,10,0,0,0,40,40,"Above 50 DMA, Above 200 DMA, RSI recovering zone"
06.10.2026 at 12:47 AM IST,GAYAPROJ,Unknown,Unknown,22.44,-1.06,10.99,27.33,104.19,17.89,46.3,21.98,17.76,1364411.2,442009.0,0.32,Bullish,30,10,0,0,0,40,40,"Above 50 DMA, Above 200 DMA, RSI recovering zone"
06.10.2026 at 12:47 AM IST,KRSNAA,Unknown,Unknown,554.85,-0.91,513.1,844.96,8.14,34.33,51.81,551.33,597.18,230698.2,77525.0,0.34,Bullish,15,20,20,0,15,40,40,"Above 50 DMA, Healthy RSI momentum, Near 52W low with non-crashing RSI, Below 200 DMA risk"
06.10.2026 at 12:47 AM IST,LEMONTREE,Consumer Services,Unknown,107.67,3.28,99.61,174.2,8.09,38.19,54.66,107.75,118.25,3682148.45,32197118.0,8.74,Bearish,0,20,20,15,15,40,40,"Healthy RSI momentum, Near 52W low with non-crashing RSI, Strong volume expansion, Below 200 DMA risk"
06.10.2026 at 12:47 AM IST,MENONBE,Unknown,Unknown,288.4,-2.63,100.58,330.0,186.74,12.61,49.37,270.61,167.76,73788.7,66161.0,0.9,Bullish,30,10,0,0,0,40,40,"Above 50 DMA, Above 200 DMA, RSI recovering zone"
06.10.2026 at 12:47 AM IST,DOLPHIN,Unknown,Unknown,628.1,-1.46,322.0,749.5,95.06,16.2,47.7,572.28,451.11,82610.4,49914.0,0.6,Bullish,30,10,0,0,0,40,40,"Above 50 DMA, Above 200 DMA, RSI recovering zone"
06.10.2026 at 12:47 AM IST,DVL,Unknown,Unknown,278.7,-1.5,186.0,368.71,49.84,24.41,47.28,274.41,251.25,13052.65,12290.0,0.94,Bullish,30,10,0,0,0,40,40,"Above 50 DMA, Above 200 DMA, RSI recovering zone"
06.10.2026 at 12:47 AM IST,MSTCLTD,Unknown,Unknown,705.8,-1.25,357.98,795.73,97.16,11.3,47.5,680.07,536.44,281710.15,208381.0,0.74,Bullish,30,10,0,0,0,40,40,"Above 50 DMA, Above 200 DMA, RSI recovering zone"
06.10.2026 at 12:47 AM IST,IRISDOREME,Unknown,Unknown,60.46,-1.77,26.35,68.0,129.45,11.09,47.53,58.1,41.31,928046.4,180441.0,0.19,Bullish,30,10,0,0,0,40,40,"Above 50 DMA, Above 200 DMA, RSI recovering zone"
06.10.2026 at 12:47 AM IST,MARALOVER,Unknown,Unknown,57.7,-4.33,34.11,68.89,69.16,16.24,46.64,57.43,49.98,44294.5,20740.0,0.47,Bullish,30,10,0,0,0,40,40,"Above 50 DMA, Above 200 DMA, RSI recovering zone"
06.10.2026 at 12:47 AM IST,FMGOETZE,Unknown,Unknown,444.25,-0.31,303.17,542.9,46.54,18.17,46.19,440.58,389.11,361143.25,212350.0,0.59,Bullish,30,10,0,0,0,40,40,"Above 50 DMA, Above 200 DMA, RSI recovering zone"
06.10.2026 at 12:47 AM IST,MITCON,Unknown,Unknown,80.34,-3.15,49.56,92.84,62.11,13.46,48.17,78.78,71.93,31870.75,6241.0,0.2,Bullish,30,10,0,0,0,40,40,"Above 50 DMA, Above 200 DMA, RSI recovering zone"
06.10.2026 at 12:47 AM IST,MOLDTKPAC,Unknown,Unknown,658.85,-0.26,461.32,808.73,42.82,18.53,45.72,679.19,621.06,42453.7,94944.0,2.24,Bearish,15,10,0,15,0,40,40,"Above 200 DMA, RSI recovering zone, Strong volume expansion"
06.10.2026 at 12:47 AM IST,ARFIN,Unknown,Unknown,87.25,-2.18,46.85,106.06,86.24,17.74,48.47,87.03,83.97,1311434.35,1211274.0,0.92,Bullish,30,10,0,0,0,40,40,"Above 50 DMA, Above 200 DMA, RSI recovering zone"
06.10.2026 at 12:47 AM IST,FINEORG,Unknown,Unknown,5131.0,0.13,3847.3,5394.8,33.37,4.89,49.5,5092.56,4693.46,19014.05,18279.0,0.96,Bullish,30,10,0,0,0,40,40,"Above 50 DMA, Above 200 DMA, RSI recovering zone"
06.10.2026 at 12:47 AM IST,VINDHYATEL,Unknown,Unknown,2617.0,-1.72,960.83,2952.6,172.37,11.37,47.88,2506.33,1746.97,77009.75,30792.0,0.4,Bullish,30,10,0,0,0,40,40,"Above 50 DMA, Above 200 DMA, RSI recovering zone"
06.10.2026 at 12:47 AM IST,PRESTIGE,Realty,Unknown,1486.1,0.28,1088.63,1802.93,36.51,17.57,46.64,1559.72,1481.44,523699.75,1381292.0,2.64,Bearish,15,10,0,15,0,40,40,"Above 200 DMA, RSI recovering zone, Strong volume expansion"
06.10.2026 at 12:47 AM IST,GRINDWELL,Unknown,Unknown,1975.8,-0.92,1316.5,2455.0,50.08,19.52,52.05,2012.1,1783.58,27029.65,27469.0,1.02,Bearish,15,20,0,5,0,40,40,"Above 200 DMA, Healthy RSI momentum, Normal volume support"
06.10.2026 at 12:47 AM IST,PVRINOX,Media Entertainment & Publication,Unknown,1215.3,-2.2,907.4,1357.8,33.93,10.49,47.4,1207.67,1050.82,716189.2,321029.0,0.45,Bullish,30,10,0,0,0,40,40,"Above 50 DMA, Above 200 DMA, RSI recovering zone"
06.10.2026 at 12:47 AM IST,TI,Unknown,Unknown,542.55,0.35,380.82,607.8,42.47,10.74,47.49,534.68,464.43,792141.15,568428.0,0.72,Bullish,30,10,0,0,0,40,40,"Above 50 DMA, Above 200 DMA, RSI recovering zone"
06.10.2026 at 12:47 AM IST,TNPETRO,Unknown,Unknown,123.18,-0.73,77.75,145.26,58.44,15.2,48.83,115.74,97.34,1763375.25,929005.0,0.53,Bullish,30,10,0,0,0,40,40,"Above 50 DMA, Above 200 DMA, RSI recovering zone"
06.10.2026 at 12:47 AM IST,JINDWORLD,Unknown,Unknown,45.82,-1.55,17.85,61.99,156.69,26.08,46.77,43.21,31.08,25727461.05,2785205.0,0.11,Bullish,30,10,0,0,0,40,40,"Above 50 DMA, Above 200 DMA, RSI recovering zone"
06.10.2026 at 12:47 AM IST,SAKAR,Unknown,Unknown,1075.0,-1.65,345.5,1229.85,211.14,12.59,49.84,990.75,700.69,145010.4,97461.0,0.67,Bullish,30,10,0,0,0,40,40,"Above 50 DMA, Above 200 DMA, RSI recovering zone"
06.10.2026 at 12:47 AM IST,JAGSNPHARM,Unknown,Unknown,231.73,-2.53,152.45,260.15,52.01,10.92,48.4,231.63,202.82,575740.8,144354.0,0.25,Bullish,30,10,0,0,0,40,40,"Above 50 DMA, Above 200 DMA, RSI recovering zone"
06.10.2026 at 12:47 AM IST,SAILIFE,Healthcare,Unknown,1541.2,1.1,783.85,1697.0,96.62,9.18,49.12,1484.71,1150.37,605086.25,584535.0,0.97,Bullish,30,10,0,0,0,40,40,"Above 50 DMA, Above 200 DMA, RSI recovering zone"
06.10.2026 at 12:47 AM IST,SAHYADRI,Unknown,Unknown,355.65,2.57,197.87,408.95,79.74,13.03,48.01,351.2,282.06,16290.35,11323.0,0.7,Bullish,30,10,0,0,0,40,40,"Above 50 DMA, Above 200 DMA, RSI recovering zone"
06.10.2026 at 12:47 AM IST,ASIANENE,Unknown,Unknown,466.75,-1.08,229.42,564.27,103.45,17.28,45.09,459.23,344.13,401851.65,229027.0,0.57,Bullish,30,10,0,0,0,40,40,"Above 50 DMA, Above 200 DMA, RSI recovering zone"
06.10.2026 at 12:47 AM IST,LAMBODHARA,Unknown,Unknown,128.64,-0.5,81.46,154.5,57.92,16.74,49.96,123.83,111.92,67150.5,16329.0,0.24,Bullish,30,10,0,0,0,40,40,"Above 50 DMA, Above 200 DMA, RSI recovering zone"
06.10.2026 at 12:47 AM IST,SECMARK,Unknown,Unknown,137.48,-1.8,95.05,179.5,44.64,23.41,48.28,134.34,122.29,3039.15,1185.0,0.39,Bullish,30,10,0,0,0,40,40,"Above 50 DMA, Above 200 DMA, RSI recovering zone"
06.10.2026 at 12:47 AM IST,KENNAMET,Unknown,Unknown,4277.5,3.55,2373.15,5136.0,80.25,16.72,51.9,3929.13,,38224.9,40122.0,1.05,Bullish,15,20,0,5,0,40,40,"Above 50 DMA, Healthy RSI momentum, Normal volume support"
06.10.2026 at 12:47 AM IST,AVTNPL,Unknown,Unknown,87.85,-3.77,53.16,102.0,65.24,13.87,48.92,83.49,70.34,511878.3,198387.0,0.39,Bullish,30,10,0,0,0,40,40,"Above 50 DMA, Above 200 DMA, RSI recovering zone"
06.10.2026 at 12:47 AM IST,VITAL,Unknown,Unknown,53.46,-0.82,35.4,69.4,51.02,22.97,48.64,52.42,53.11,11799.9,1975.0,0.17,Bullish,30,10,0,0,0,40,40,"Above 50 DMA, Above 200 DMA, RSI recovering zone"
06.10.2026 at 12:47 AM IST,CAPITALSFB,Unknown,Unknown,277.5,-3.85,203.09,318.27,36.64,12.81,45.62,285.76,269.12,30966.05,76015.0,2.45,Bearish,15,10,0,15,0,40,40,"Above 200 DMA, RSI recovering zone, Strong volume expansion"
06.10.2026 at 12:47 AM IST,INDOBORAX,Unknown,Unknown,469.5,-2.48,210.88,542.8,122.63,13.5,49.04,459.83,317.93,554805.5,90013.0,0.16,Bullish,30,10,0,0,0,40,40,"Above 50 DMA, Above 200 DMA, RSI recovering zone"
06.10.2026 at 12:47 AM IST,ADANIGREEN,Power,Unknown,1276.1,-0.15,765.0,1631.5,66.81,21.78,46.59,1316.82,1203.92,1400936.65,6355094.0,4.54,Bearish,15,10,0,15,0,40,40,"Above 200 DMA, RSI recovering zone, Strong volume expansion"
06.10.2026 at 12:47 AM IST,WOCKPHARMA,Healthcare,Unknown,2083.9,-1.53,1086.7,2422.3,91.76,13.97,47.79,2018.29,1661.9,1367730.45,784540.0,0.57,Bullish,30,10,0,0,0,40,40,"Above 50 DMA, Above 200 DMA, RSI recovering zone"
06.10.2026 at 12:47 AM IST,AEQUS,Unknown,Unknown,275.05,-1.59,113.3,285.95,142.76,3.81,72.36,242.76,188.28,4800387.1,5756074.0,1.2,Bullish,30,5,0,5,0,40,40,"Above 50 DMA, Above 200 DMA, Strong but overbought RSI, Normal volume support"
06.10.2026 at 12:47 AM IST,NGLFINE,Unknown,Unknown,2924.0,0.5,1270.24,3599.83,130.19,18.77,53.58,2997.84,2470.45,12437.2,15235.0,1.22,Bearish,15,20,0,5,0,40,40,"Above 200 DMA, Healthy RSI momentum, Normal volume support"
06.10.2026 at 12:47 AM IST,EMUDHRA,Unknown,Unknown,580.0,-2.77,363.56,686.48,59.53,15.51,48.85,545.97,497.51,2326295.4,702179.0,0.3,Bullish,30,10,0,0,0,40,40,"Above 50 DMA, Above 200 DMA, RSI recovering zone"
06.10.2026 at 12:47 AM IST,STEELXIND,Unknown,Unknown,11.22,-1.75,7.0,13.95,60.29,19.57,48.31,11.18,10.09,11667272.05,4501675.0,0.39,Bullish,30,10,0,0,0,40,40,"Above 50 DMA, Above 200 DMA, RSI recovering zone"
06.10.2026 at 12:47 AM IST,PAYTM,Financial Services,Unknown,1656.0,-1.31,930.6,1855.5,77.95,10.75,46.45,1613.64,1275.31,4270135.6,1936812.0,0.45,Bullish,30,10,0,0,0,40,40,"Above 50 DMA, Above 200 DMA, RSI recovering zone"
06.10.2026 at 12:47 AM IST,IONEXCHANG,Unknown,Unknown,406.4,-1.16,311.65,484.36,30.4,16.1,45.02,403.75,384.01,622910.55,219266.0,0.35,Bullish,30,10,0,0,0,40,40,"Above 50 DMA, Above 200 DMA, RSI recovering zone"
06.10.2026 at 12:47 AM IST,HATSUN,Unknown,Unknown,1118.1,1.74,846.17,1349.7,32.14,17.16,48.54,1060.28,957.13,96825.3,22578.0,0.23,Bullish,30,10,0,0,0,40,40,"Above 50 DMA, Above 200 DMA, RSI recovering zone"
06.10.2026 at 12:47 AM IST,GTECJAINX,Unknown,Unknown,35.88,9.99,15.54,38.35,130.89,6.44,71.21,28.91,24.04,8457.4,8844.0,1.05,Bullish,30,5,0,5,0,40,40,"Above 50 DMA, Above 200 DMA, Strong but overbought RSI, Normal volume support"
06.10.2026 at 12:47 AM IST,GVPIL,Unknown,Unknown,679.5,0.16,268.34,1073.74,153.23,36.72,51.99,691.16,598.89,178697.8,212804.0,1.19,Bearish,15,20,0,5,0,40,40,"Above 200 DMA, Healthy RSI momentum, Normal volume support"
06.10.2026 at 12:47 AM IST,INDNIPPON,Unknown,Unknown,1224.4,-1.61,675.0,1564.0,81.39,21.71,49.66,1179.35,923.73,294079.2,84237.0,0.29,Bullish,30,10,0,0,0,40,40,"Above 50 DMA, Above 200 DMA, RSI recovering zone"
06.10.2026 at 12:47 AM IST,INDOTECH,Unknown,Unknown,3347.6,5.0,1096.74,4018.07,205.23,16.69,46.73,3534.05,2409.6,16909.1,50433.0,2.98,Bearish,15,10,0,15,0,40,40,"Above 200 DMA, RSI recovering zone, Strong volume expansion"
06.10.2026 at 12:47 AM IST,MGEL,Unknown,Unknown,15.34,-3.46,9.52,18.16,61.07,15.52,47.2,15.23,13.97,2107613.65,442161.0,0.21,Bullish,30,10,0,0,0,40,40,"Above 50 DMA, Above 200 DMA, RSI recovering zone"
06.10.2026 at 12:47 AM IST,NUVAMA,Financial Services,Unknown,1701.4,2.96,1086.51,2066.0,56.59,17.65,47.8,1742.01,1523.19,282857.1,856086.0,3.03,Bearish,15,10,0,15,0,40,40,"Above 200 DMA, RSI recovering zone, Strong volume expansion"
06.10.2026 at 12:47 AM IST,TEXMOPIPES,Unknown,Unknown,53.7,-2.51,33.0,64.5,62.73,16.74,48.3,49.54,46.3,434861.4,93086.0,0.21,Bullish,30,10,0,0,0,40,40,"Above 50 DMA, Above 200 DMA, RSI recovering zone"
06.10.2026 at 12:47 AM IST,ENTERO,Unknown,Unknown,1680.8,-1.64,944.0,1920.0,78.05,12.46,45.88,1571.95,1256.04,229332.95,205073.0,0.89,Bullish,30,10,0,0,0,40,40,"Above 50 DMA, Above 200 DMA, RSI recovering zone"
06.10.2026 at 12:47 AM IST,CINELINE,Unknown,Unknown,85.96,-1.15,72.35,102.98,18.81,16.53,41.25,88.08,83.95,52555.9,10501.0,0.2,Bearish,15,8,15,0,0,38,38,"Above 200 DMA, Weak but watchable RSI, Close to 52W low with recovery potential"
06.10.2026 at 12:47 AM IST,SHYAMMETL,Capital Goods,Unknown,1047.8,-1.62,742.73,1148.0,41.07,8.73,43.98,1044.19,918.4,511147.95,475311.0,0.93,Bullish,30,8,0,0,0,38,38,"Above 50 DMA, Above 200 DMA, Weak but watchable RSI"
06.10.2026 at 12:47 AM IST,GIPCL,Unknown,Unknown,174.83,-2.7,117.46,207.4,48.84,15.7,36.43,179.23,154.86,367494.9,825175.0,2.25,Bearish,15,8,0,15,0,38,38,"Above 200 DMA, Weak but watchable RSI, Strong volume expansion"
06.10.2026 at 12:47 AM IST,ZOTA,Unknown,Unknown,1267.8,-2.08,1021.11,1738.48,24.16,27.07,56.87,1184.6,1270.71,128604.3,225359.0,1.75,Bullish,15,20,8,10,15,38,38,"Above 50 DMA, Healthy RSI momentum, Within 30% of 52W low, Volume expansion, Below 200 DMA risk"
06.10.2026 at 12:47 AM IST,VRLLOG,Unknown,Unknown,285.05,-0.73,225.0,310.2,26.69,8.11,45.62,287.11,261.69,116370.85,147978.0,1.27,Bearish,15,10,8,5,0,38,38,"Above 200 DMA, RSI recovering zone, Within 30% of 52W low, Normal volume support"
06.10.2026 at 12:47 AM IST,J&KBANK,Financial Services,Unknown,139.98,0.96,97.35,201.75,43.79,30.62,35.73,151.1,134.29,1807971.45,3955477.0,2.19,Bearish,15,8,0,15,0,38,38,"Above 200 DMA, Weak but watchable RSI, Strong volume expansion"
06.10.2026 at 12:47 AM IST,CLEAN,Chemicals,Unknown,803.05,1.1,648.94,1090.05,23.75,26.33,46.03,807.06,787.62,312323.05,317480.0,1.02,Bearish,15,10,8,5,0,38,38,"Above 200 DMA, RSI recovering zone, Within 30% of 52W low, Normal volume support"
06.10.2026 at 12:47 AM IST,CGCL,Financial Services,Unknown,249.23,0.72,150.99,287.45,65.07,13.3,44.53,247.18,204.58,3365132.15,2812833.0,0.84,Bullish,30,8,0,0,0,38,38,"Above 50 DMA, Above 200 DMA, Weak but watchable RSI"
06.10.2026 at 12:47 AM IST,MANGLMCEM,Unknown,Unknown,984.65,-0.86,678.22,1120.0,45.18,12.08,42.19,994.65,882.96,62795.15,188691.0,3.0,Bearish,15,8,0,15,0,38,38,"Above 200 DMA, Weak but watchable RSI, Strong volume expansion"
06.10.2026 at 12:47 AM IST,MANYAVAR,Unknown,Unknown,519.2,-2.97,324.51,694.96,59.99,25.29,42.45,518.57,455.42,314545.4,106163.0,0.34,Bullish,30,8,0,0,0,38,38,"Above 50 DMA, Above 200 DMA, Weak but watchable RSI"
06.10.2026 at 12:47 AM IST,ARTEMISMED,Unknown,Unknown,324.1,-3.66,203.01,378.8,59.65,14.44,44.38,323.82,269.79,1515949.55,374630.0,0.25,Bullish,30,8,0,0,0,38,38,"Above 50 DMA, Above 200 DMA, Weak but watchable RSI"
06.10.2026 at 12:47 AM IST,ARSSBL,Unknown,Unknown,521.05,1.16,412.33,787.83,26.37,33.86,59.26,507.4,539.59,161835.4,301379.0,1.86,Bullish,15,20,8,10,15,38,38,"Above 50 DMA, Healthy RSI momentum, Within 30% of 52W low, Volume expansion, Below 200 DMA risk"
06.10.2026 at 12:47 AM IST,ANUHPHR,Unknown,Unknown,85.85,-1.77,65.75,99.5,30.57,13.72,44.67,83.59,78.28,295685.3,130021.0,0.44,Bullish,30,8,0,0,0,38,38,"Above 50 DMA, Above 200 DMA, Weak but watchable RSI"
06.10.2026 at 12:47 AM IST,INDIGO,Services,Unknown,4929.9,-1.09,3895.2,5970.0,26.56,17.42,46.47,5108.0,4825.86,552651.45,592514.0,1.07,Bearish,15,10,8,5,0,38,38,"Above 200 DMA, RSI recovering zone, Within 30% of 52W low, Normal volume support"
06.10.2026 at 12:47 AM IST,MINDACORP,Automobile and Auto Components,Unknown,667.35,-3.68,467.97,769.0,42.6,13.22,40.69,703.72,610.68,172510.55,497785.0,2.89,Bearish,15,8,0,15,0,38,38,"Above 200 DMA, Weak but watchable RSI, Strong volume expansion"
06.10.2026 at 12:47 AM IST,CARYSIL,Unknown,Unknown,1044.8,0.84,730.21,1277.59,43.08,18.22,38.2,1140.07,999.75,107608.65,320062.0,2.97,Bearish,15,8,0,15,0,38,38,"Above 200 DMA, Weak but watchable RSI, Strong volume expansion"
06.10.2026 at 12:47 AM IST,PRICOLLTD,Unknown,Unknown,734.5,-1.75,498.21,823.0,47.43,10.75,41.48,754.88,630.47,298245.3,940627.0,3.15,Bearish,15,8,0,15,0,38,38,"Above 200 DMA, Weak but watchable RSI, Strong volume expansion"
06.10.2026 at 12:47 AM IST,SPLPETRO,Unknown,Unknown,780.45,-3.43,457.27,899.0,70.68,13.19,43.81,759.94,693.98,426411.1,227873.0,0.53,Bullish,30,8,0,0,0,38,38,"Above 50 DMA, Above 200 DMA, Weak but watchable RSI"
06.10.2026 at 12:47 AM IST,FEDERALBNK,Financial Services,Unknown,318.2,0.25,191.15,370.43,66.47,14.1,30.46,346.16,304.02,5615399.1,11278668.0,2.01,Bearish,15,8,0,15,0,38,38,"Above 200 DMA, Weak but watchable RSI, Strong volume expansion"
06.10.2026 at 12:47 AM IST,PVP,Unknown,Unknown,50.47,-4.99,23.0,72.04,119.43,29.94,39.54,49.47,34.77,1782948.3,953113.0,0.53,Bullish,30,8,0,0,0,38,38,"Above 50 DMA, Above 200 DMA, Weak but watchable RSI"
06.10.2026 at 12:47 AM IST,NYKAA,Consumer Services,Unknown,324.95,1.55,232.0,349.55,40.06,7.04,44.32,333.03,285.03,3778052.95,7907193.0,2.09,Bearish,15,8,0,15,0,38,38,"Above 200 DMA, Weak but watchable RSI, Strong volume expansion"
06.10.2026 at 12:47 AM IST,SVLL,Unknown,Unknown,786.75,-2.36,445.15,897.45,76.74,12.33,44.65,783.7,666.81,6864.85,723.0,0.11,Bullish,30,8,0,0,0,38,38,"Above 50 DMA, Above 200 DMA, Weak but watchable RSI"
06.10.2026 at 12:47 AM IST,DOLLAR,Unknown,Unknown,272.1,-1.86,217.93,380.52,24.85,28.49,51.22,269.41,281.61,93621.45,150981.0,1.61,Bullish,15,20,8,10,15,38,38,"Above 50 DMA, Healthy RSI momentum, Within 30% of 52W low, Volume expansion, Below 200 DMA risk"
06.10.2026 at 12:47 AM IST,OMAXE,Unknown,Unknown,108.78,-0.89,62.5,138.89,74.05,21.68,43.95,107.25,85.6,1046708.0,343801.0,0.33,Bullish,30,8,0,0,0,38,38,"Above 50 DMA, Above 200 DMA, Weak but watchable RSI"
06.10.2026 at 12:47 AM IST,ULTRAMAR,Unknown,Unknown,406.15,-0.79,358.58,455.75,13.27,10.88,43.17,411.15,,119589.65,298654.0,2.5,Bearish,0,8,15,15,0,38,38,"Weak but watchable RSI, Close to 52W low with recovery potential, Strong volume expansion"
06.10.2026 at 12:47 AM IST,MOTHERSON,Automobile and Auto Components,Unknown,157.03,-3.82,100.52,173.27,56.21,9.37,42.52,161.9,136.19,11388720.2,23039471.0,2.02,Bearish,15,8,0,15,0,38,38,"Above 200 DMA, Weak but watchable RSI, Strong volume expansion"
06.10.2026 at 12:47 AM IST,MONARCH,Unknown,Unknown,342.7,1.44,234.85,405.91,45.92,15.57,32.04,376.02,323.24,95054.6,201449.0,2.12,Bearish,15,8,0,15,0,38,38,"Above 200 DMA, Weak but watchable RSI, Strong volume expansion"
06.10.2026 at 12:47 AM IST,ADANIENSOL,Power,Unknown,1326.4,0.9,803.1,1789.0,65.16,25.86,37.97,1498.98,1292.07,1695284.4,7267118.0,4.29,Bearish,15,8,0,15,0,38,38,"Above 200 DMA, Weak but watchable RSI, Strong volume expansion"
06.10.2026 at 12:47 AM IST,STAR,Unknown,Unknown,1084.8,-3.14,765.07,1260.9,41.79,13.97,41.31,1074.54,1006.34,387972.0,340843.0,0.88,Bullish,30,8,0,0,0,38,38,"Above 50 DMA, Above 200 DMA, Weak but watchable RSI"
06.10.2026 at 12:47 AM IST,THEJO,Unknown,Unknown,2071.4,-4.78,1440.19,2281.2,43.83,9.2,43.07,2104.81,1811.45,8954.85,21919.0,2.45,Bearish,15,8,0,15,0,38,38,"Above 200 DMA, Weak but watchable RSI, Strong volume expansion"
06.10.2026 at 12:47 AM IST,RACLGEAR,Unknown,Unknown,1538.2,-3.55,920.89,1927.7,67.03,20.21,41.81,1522.21,1316.39,119660.55,34375.0,0.29,Bullish,30,8,0,0,0,38,38,"Above 50 DMA, Above 200 DMA, Weak but watchable RSI"
06.10.2026 at 12:47 AM IST,RATNAMANI,Unknown,Unknown,2619.4,-3.89,1927.97,3330.26,35.86,21.35,44.36,2563.07,2448.86,53538.7,45999.0,0.86,Bullish,30,8,0,0,0,38,38,"Above 50 DMA, Above 200 DMA, Weak but watchable RSI"
06.10.2026 at 12:47 AM IST,PERSISTENT,Information Technology,Unknown,5367.0,1.67,4229.81,6552.65,26.89,18.09,47.66,5499.32,5336.03,400031.0,506268.0,1.27,Bearish,15,10,8,5,0,38,38,"Above 200 DMA, RSI recovering zone, Within 30% of 52W low, Normal volume support"
06.10.2026 at 12:47 AM IST,SHANTIGEAR,Unknown,Unknown,573.65,-1.08,384.0,743.0,49.39,22.79,40.7,535.87,469.42,258664.4,149908.0,0.58,Bullish,30,8,0,0,0,38,38,"Above 50 DMA, Above 200 DMA, Weak but watchable RSI"
06.10.2026 at 12:47 AM IST,VISHNU,Unknown,Unknown,658.25,-0.94,459.98,744.0,43.1,11.53,40.82,655.19,580.84,137945.05,95244.0,0.69,Bullish,30,8,0,0,0,38,38,"Above 50 DMA, Above 200 DMA, Weak but watchable RSI"
06.10.2026 at 12:47 AM IST,GAIL,Oil Gas & Consumable Fuels,Unknown,171.22,0.39,133.97,181.85,27.8,5.85,45.82,173.46,164.96,6225667.5,6882008.0,1.11,Bearish,15,10,8,5,0,38,38,"Above 200 DMA, RSI recovering zone, Within 30% of 52W low, Normal volume support"
06.10.2026 at 12:47 AM IST,JSWDULUX,Unknown,Unknown,3020.6,-1.9,2626.09,3687.56,15.02,18.09,40.33,3098.67,3007.56,35578.4,22765.0,0.64,Bearish,15,8,15,0,0,38,38,"Above 200 DMA, Weak but watchable RSI, Close to 52W low with recovery potential"
06.10.2026 at 12:47 AM IST,CONTROLPR,Unknown,Unknown,618.0,1.75,512.2,811.93,20.66,23.88,61.79,587.44,626.08,30450.75,55775.0,1.83,Bullish,15,20,8,10,15,38,38,"Above 50 DMA, Healthy RSI momentum, Within 30% of 52W low, Volume expansion, Below 200 DMA risk"
06.10.2026 at 12:47 AM IST,WEWORK,Unknown,Unknown,659.6,-0.13,420.0,794.5,57.05,16.98,42.81,690.51,603.25,149760.75,303711.0,2.03,Bearish,15,8,0,15,0,38,38,"Above 200 DMA, Weak but watchable RSI, Strong volume expansion"
06.10.2026 at 12:47 AM IST,SIMPLEXINF,Unknown,Unknown,245.01,-0.2,137.0,318.0,78.84,22.95,43.44,251.13,233.68,125785.4,700626.0,5.57,Bearish,15,8,0,15,0,38,38,"Above 200 DMA, Weak but watchable RSI, Strong volume expansion"
06.10.2026 at 12:47 AM IST,STARHEALTH,Financial Services,Unknown,537.7,0.57,416.55,624.9,29.08,13.95,38.9,570.35,516.33,1075231.45,1268853.0,1.18,Bearish,15,8,8,5,0,36,36,"Above 200 DMA, Weak but watchable RSI, Within 30% of 52W low, Normal volume support"
06.10.2026 at 12:47 AM IST,BAJAJHLDNG,Financial Services,Unknown,10666.0,-1.13,8433.72,13011.98,26.47,18.03,41.89,11138.18,10530.33,38572.25,39942.0,1.04,Bearish,15,8,8,5,0,36,36,"Above 200 DMA, Weak but watchable RSI, Within 30% of 52W low, Normal volume support"
06.10.2026 at 12:47 AM IST,LUMAXIND,Unknown,Unknown,5550.0,-0.33,4437.5,6868.72,25.07,19.2,37.31,5795.99,5440.09,13651.95,16937.0,1.24,Bearish,15,8,8,5,0,36,36,"Above 200 DMA, Weak but watchable RSI, Within 30% of 52W low, Normal volume support"
06.10.2026 at 12:47 AM IST,SHADOWFAX,Unknown,Unknown,273.15,-2.53,98.55,292.2,177.17,6.52,56.73,252.35,,3914316.7,2716747.0,0.69,Bullish,15,20,0,0,0,35,35,"Above 50 DMA, Healthy RSI momentum"
06.10.2026 at 12:47 AM IST,KARURVYSYA,Financial Services,Unknown,325.3,0.15,207.89,358.65,56.47,9.3,45.07,336.28,300.87,1639432.8,3073268.0,1.87,Bearish,15,10,0,10,0,35,35,"Above 200 DMA, RSI recovering zone, Volume expansion"
06.10.2026 at 12:47 AM IST,GMRP&UI,Unknown,Unknown,101.87,-3.33,86.8,136.3,17.36,25.26,59.03,96.3,103.54,1711994.85,1700842.0,0.99,Bullish,15,20,15,0,15,35,35,"Above 50 DMA, Healthy RSI momentum, Close to 52W low with recovery potential, Below 200 DMA risk"
06.10.2026 at 12:47 AM IST,XELPMOC,Unknown,Unknown,93.67,16.74,71.1,155.5,31.74,39.76,67.36,79.89,101.44,42752.3,244539.0,5.72,Bullish,15,20,0,15,15,35,35,"Above 50 DMA, Healthy RSI momentum, Strong volume expansion, Below 200 DMA risk"
06.10.2026 at 12:47 AM IST,AHCL,Unknown,Unknown,32.86,-4.97,10.37,37.24,216.85,11.76,74.9,18.72,14.86,55390863.2,1444357.0,0.03,Bullish,30,5,0,0,0,35,35,"Above 50 DMA, Above 200 DMA, Strong but overbought RSI"
06.10.2026 at 12:47 AM IST,TPLPLASTEH,Unknown,Unknown,68.89,-3.16,49.06,88.62,40.42,22.26,51.24,72.11,67.63,217799.9,188764.0,0.87,Bearish,15,20,0,0,0,35,35,"Above 200 DMA, Healthy RSI momentum"
06.10.2026 at 12:47 AM IST,ELANTAS,Unknown,Unknown,13474.0,-2.64,8900.0,15150.0,51.39,11.06,52.61,12197.3,,4984.8,2435.0,0.49,Bullish,15,20,0,0,0,35,35,"Above 50 DMA, Healthy RSI momentum"
06.10.2026 at 12:47 AM IST,RHIM,Capital Goods,Unknown,384.85,0.0,320.92,504.94,19.92,23.78,55.28,381.63,399.97,1071391.75,421822.0,0.39,Bullish,15,20,15,0,15,35,35,"Above 50 DMA, Healthy RSI momentum, Close to 52W low with recovery potential, Below 200 DMA risk"
06.10.2026 at 12:47 AM IST,UDS,Unknown,Unknown,208.55,-0.01,124.49,260.26,67.53,19.87,51.03,210.27,178.36,274628.1,160461.0,0.58,Bearish,15,20,0,0,0,35,35,"Above 200 DMA, Healthy RSI momentum"
06.10.2026 at 12:47 AM IST,RAYMOND,Unknown,Unknown,1197.2,-1.31,320.0,1241.0,274.12,3.53,79.86,784.65,543.22,6021041.9,1191490.0,0.2,Bullish,30,5,0,0,0,35,35,"Above 50 DMA, Above 200 DMA, Strong but overbought RSI"
06.10.2026 at 12:47 AM IST,RAMBHAJO,Unknown,Unknown,288.75,0.97,161.6,308.4,78.68,6.37,59.11,231.2,,839257.25,785400.0,0.94,Bullish,15,20,0,0,0,35,35,"Above 50 DMA, Healthy RSI momentum"
06.10.2026 at 12:47 AM IST,YUKEN,Unknown,Unknown,1141.4,0.91,583.16,1153.85,95.73,1.08,71.73,941.5,791.89,28074.85,15046.0,0.54,Bullish,30,5,0,0,0,35,35,"Above 50 DMA, Above 200 DMA, Strong but overbought RSI"
06.10.2026 at 12:47 AM IST,RAJOOENG,Unknown,Unknown,53.21,-0.41,45.88,94.8,15.99,43.87,50.92,52.0,57.59,254932.75,194043.0,0.76,Bullish,15,20,15,0,15,35,35,"Above 50 DMA, Healthy RSI momentum, Close to 52W low with recovery potential, Below 200 DMA risk"
06.10.2026 at 12:47 AM IST,GRWRHITECH,Unknown,Unknown,6925.5,-1.28,2685.81,7975.48,157.86,13.17,53.48,6962.65,5216.23,59624.85,29548.0,0.5,Bearish,15,20,0,0,0,35,35,"Above 200 DMA, Healthy RSI momentum"
06.10.2026 at 12:47 AM IST,NOVARTIND,Unknown,Unknown,1965.0,2.4,672.25,2588.8,192.3,24.1,53.99,1750.48,,250124.7,40666.0,0.16,Bullish,15,20,0,0,0,35,35,"Above 50 DMA, Healthy RSI momentum"
06.10.2026 at 12:47 AM IST,AEROPLANE,Unknown,Unknown,208.14,0.76,117.02,212.07,77.87,1.85,60.75,192.08,,864195.25,590536.0,0.68,Bullish,15,20,0,0,0,35,35,"Above 50 DMA, Healthy RSI momentum"
06.10.2026 at 12:47 AM IST,NORBTEAEXP,Unknown,Unknown,69.04,4.21,47.5,99.35,45.35,30.51,55.45,66.77,77.49,2369.3,9225.0,3.89,Bullish,15,20,0,15,15,35,35,"Above 50 DMA, Healthy RSI momentum, Strong volume expansion, Below 200 DMA risk"
06.10.2026 at 12:47 AM IST,SGMART,Unknown,Unknown,742.2,-1.14,313.1,860.6,137.05,13.76,48.28,755.16,563.19,219537.5,314856.0,1.43,Bearish,15,10,0,10,0,35,35,"Above 200 DMA, RSI recovering zone, Volume expansion"
06.10.2026 at 12:47 AM IST,CREATIVEYE,Unknown,Unknown,6.17,0.82,5.16,8.82,19.57,30.05,53.8,6.09,6.54,27908.9,16224.0,0.58,Bullish,15,20,15,0,15,35,35,"Above 50 DMA, Healthy RSI momentum, Close to 52W low with recovery potential, Below 200 DMA risk"
06.10.2026 at 12:47 AM IST,TRANSRAILL,Unknown,Unknown,474.9,-0.31,400.65,758.59,18.53,37.4,59.91,454.69,503.42,2521077.9,1761167.0,0.7,Bullish,15,20,15,0,15,35,35,"Above 50 DMA, Healthy RSI momentum, Close to 52W low with recovery potential, Below 200 DMA risk"
06.10.2026 at 12:47 AM IST,LOTUSEYE,Unknown,Unknown,115.68,-0.18,97.59,147.0,18.54,21.31,54.62,114.69,116.42,8056.15,5854.0,0.73,Bullish,15,20,15,0,15,35,35,"Above 50 DMA, Healthy RSI momentum, Close to 52W low with recovery potential, Below 200 DMA risk"
06.10.2026 at 12:47 AM IST,CLEDUCATE,Unknown,Unknown,57.91,1.58,35.48,94.48,63.22,38.71,51.32,58.81,57.34,13151.65,11448.0,0.87,Bearish,15,20,0,0,0,35,35,"Above 200 DMA, Healthy RSI momentum"
06.10.2026 at 12:47 AM IST,SHIVAUM,Unknown,Unknown,554.6,-0.46,275.0,559.5,101.67,0.88,85.57,456.43,363.1,92182.1,2431.0,0.03,Bullish,30,5,0,0,0,35,35,"Above 50 DMA, Above 200 DMA, Strong but overbought RSI"
06.10.2026 at 12:47 AM IST,CGPOWER,Capital Goods,Unknown,879.0,2.9,524.34,980.9,67.64,10.39,48.59,880.79,797.34,2359292.7,4633143.0,1.96,Bearish,15,10,0,10,0,35,35,"Above 200 DMA, RSI recovering zone, Volume expansion"
06.10.2026 at 12:47 AM IST,SHREEJISPG,Unknown,Unknown,775.35,0.64,221.44,780.0,250.13,0.6,78.47,672.58,478.27,1031728.7,1026808.0,1.0,Bullish,30,5,0,0,0,35,35,"Above 50 DMA, Above 200 DMA, Strong but overbought RSI"
06.10.2026 at 12:47 AM IST,CHEMPLASTS,Unknown,Unknown,191.56,3.03,161.0,412.65,18.98,53.58,55.86,183.61,226.63,1614376.25,291771.0,0.18,Bullish,15,20,15,0,15,35,35,"Above 50 DMA, Healthy RSI momentum, Close to 52W low with recovery potential, Below 200 DMA risk"
06.10.2026 at 12:47 AM IST,WEALTH,Unknown,Unknown,889.95,-1.97,770.41,1225.89,15.52,27.4,59.66,877.0,909.58,6409.15,4145.0,0.65,Bullish,15,20,15,0,15,35,35,"Above 50 DMA, Healthy RSI momentum, Close to 52W low with recovery potential, Below 200 DMA risk"
06.10.2026 at 12:47 AM IST,FAIRCHEMOR,Unknown,Unknown,661.5,-2.83,427.44,846.8,54.76,21.88,50.32,695.72,637.85,9022.2,3845.0,0.43,Bearish,15,20,0,0,0,35,35,"Above 200 DMA, Healthy RSI momentum"
06.10.2026 at 12:47 AM IST,SUNDROP,Unknown,Unknown,753.15,1.07,556.0,811.85,35.46,7.23,72.37,677.67,659.13,40489.5,30756.0,0.76,Bullish,30,5,0,0,0,35,35,"Above 50 DMA, Above 200 DMA, Strong but overbought RSI"
06.10.2026 at 12:47 AM IST,GEEKAYWIRE,Unknown,Unknown,29.21,-6.35,18.29,36.36,59.73,19.66,48.88,26.32,25.84,341776.8,204669.0,0.6,Bullish,30,10,0,0,5,35,35,"Above 50 DMA, Above 200 DMA, RSI recovering zone, Sharp daily fall"
06.10.2026 at 12:47 AM IST,PNC,Unknown,Unknown,18.09,2.49,15.7,32.0,15.22,43.47,59.43,17.86,21.27,22368.15,16348.0,0.73,Bullish,15,20,15,0,15,35,35,"Above 50 DMA, Healthy RSI momentum, Close to 52W low with recovery potential, Below 200 DMA risk"
06.10.2026 at 12:47 AM IST,POWERINDIA,Capital Goods,Unknown,31290.0,2.15,16107.15,38775.74,94.26,19.31,47.57,32440.62,28673.73,106362.05,145146.0,1.36,Bearish,15,10,0,10,0,35,35,"Above 200 DMA, RSI recovering zone, Volume expansion"
06.10.2026 at 12:47 AM IST,GCSL,Unknown,Unknown,679.9,0.6,212.86,684.0,219.41,0.6,77.49,562.43,421.79,678058.0,321775.0,0.47,Bullish,30,5,0,0,0,35,35,"Above 50 DMA, Above 200 DMA, Strong but overbought RSI"
06.10.2026 at 12:47 AM IST,BEDMUTHA,Unknown,Unknown,110.33,0.34,94.55,144.0,16.69,23.38,55.71,108.86,113.69,5826.65,4916.0,0.84,Bullish,15,20,15,0,15,35,35,"Above 50 DMA, Healthy RSI momentum, Close to 52W low with recovery potential, Below 200 DMA risk"
06.10.2026 at 12:47 AM IST,PACEDIGITK,Unknown,Unknown,167.35,4.61,139.81,231.95,19.7,27.85,51.7,174.84,180.18,3060648.0,22773380.0,7.44,Bearish,0,20,15,15,15,35,35,"Healthy RSI momentum, Close to 52W low with recovery potential, Strong volume expansion, Below 200 DMA risk"
06.10.2026 at 12:47 AM IST,SOMANYCERA,Unknown,Unknown,614.2,-0.57,327.9,627.3,87.32,2.09,70.27,544.61,466.53,111945.15,95859.0,0.86,Bullish,30,5,0,0,0,35,35,"Above 50 DMA, Above 200 DMA, Strong but overbought RSI"
06.10.2026 at 12:47 AM IST,SURYAROSNI,Unknown,Unknown,220.67,-0.32,185.21,308.07,19.15,28.37,53.05,222.97,236.33,471944.95,1421013.0,3.01,Bearish,0,20,15,15,15,35,35,"Healthy RSI momentum, Close to 52W low with recovery potential, Strong volume expansion, Below 200 DMA risk"
06.10.2026 at 12:47 AM IST,GRAUWEIL,Unknown,Unknown,81.8,-1.17,61.66,114.8,32.66,28.75,56.81,73.65,,1332010.0,531298.0,0.4,Bullish,15,20,0,0,0,35,35,"Above 50 DMA, Healthy RSI momentum"
06.10.2026 at 12:47 AM IST,JAIPURKURT,Unknown,Unknown,26.49,-0.75,23.91,42.74,10.79,38.02,57.49,26.35,30.26,15118.95,10275.0,0.68,Bullish,15,20,15,0,15,35,35,"Above 50 DMA, Healthy RSI momentum, Close to 52W low with recovery potential, Below 200 DMA risk"
06.10.2026 at 12:47 AM IST,DCMSIL,Unknown,Unknown,80.25,-2.43,49.22,104.67,63.05,23.33,57.36,75.87,,134058.75,110038.0,0.82,Bullish,15,20,0,0,0,35,35,"Above 50 DMA, Healthy RSI momentum"
06.10.2026 at 12:47 AM IST,DANGEE,Unknown,Unknown,2.9,-0.68,2.54,5.08,14.17,42.91,51.59,2.88,3.17,500633.3,157889.0,0.32,Bullish,15,20,15,0,15,35,35,"Above 50 DMA, Healthy RSI momentum, Close to 52W low with recovery potential, Below 200 DMA risk"
06.10.2026 at 12:47 AM IST,TIMEX,Unknown,Unknown,729.5,1.38,323.0,748.0,125.85,2.47,63.46,616.98,,750563.8,428304.0,0.57,Bullish,15,20,0,0,0,35,35,"Above 50 DMA, Healthy RSI momentum"
06.10.2026 at 12:47 AM IST,GTPL,Unknown,Unknown,55.39,0.97,49.06,114.1,12.89,51.45,50.31,55.19,64.93,48024.35,45190.0,0.94,Bullish,15,20,15,0,15,35,35,"Above 50 DMA, Healthy RSI momentum, Close to 52W low with recovery potential, Below 200 DMA risk"
06.10.2026 at 12:47 AM IST,ROSSTECH,Unknown,Unknown,1522.3,1.27,551.78,1536.8,175.89,0.94,76.14,1170.17,911.54,504845.45,247467.0,0.49,Bullish,30,5,0,0,0,35,35,"Above 50 DMA, Above 200 DMA, Strong but overbought RSI"
06.10.2026 at 12:47 AM IST,ICICIGI,Financial Services,Unknown,1563.0,-1.7,1423.1,2057.09,9.83,24.02,53.85,1573.87,1760.49,874474.8,1189772.0,1.36,Bearish,0,20,20,10,15,35,35,"Healthy RSI momentum, Near 52W low with non-crashing RSI, Volume expansion, Below 200 DMA risk"
06.10.2026 at 12:47 AM IST,TFL,Unknown,Unknown,11.82,1.63,10.21,18.5,15.77,36.11,50.36,11.63,12.67,6899.6,6820.0,0.99,Bullish,15,20,15,0,15,35,35,"Above 50 DMA, Healthy RSI momentum, Close to 52W low with recovery potential, Below 200 DMA risk"
06.10.2026 at 12:47 AM IST,RSL,Unknown,Unknown,174.43,3.61,101.42,202.22,71.99,13.74,48.64,167.76,,386503.9,591855.0,1.53,Bullish,15,10,0,10,0,35,35,"Above 50 DMA, RSI recovering zone, Volume expansion"
06.10.2026 at 12:47 AM IST,DLF,Realty,Unknown,658.4,-2.31,483.33,776.75,36.22,15.24,48.85,662.58,621.13,3993273.65,6264045.0,1.57,Bearish,15,10,0,10,0,35,35,"Above 200 DMA, RSI recovering zone, Volume expansion"
06.10.2026 at 12:47 AM IST,DMART,Consumer Services,Unknown,3813.0,0.31,3600.0,4644.0,5.92,17.89,51.05,3863.13,4003.96,452173.3,652283.0,1.44,Bearish,0,20,20,10,15,35,35,"Healthy RSI momentum, Near 52W low with non-crashing RSI, Volume expansion, Below 200 DMA risk"
06.10.2026 at 12:47 AM IST,DRCSYSTEMS,Unknown,Unknown,13.02,-0.99,11.5,21.34,13.22,38.99,52.63,13.03,14.71,59996.25,153366.0,2.56,Bearish,0,20,15,15,15,35,35,"Healthy RSI momentum, Close to 52W low with recovery potential, Strong volume expansion, Below 200 DMA risk"
06.10.2026 at 12:47 AM IST,SEDEMAC,Unknown,Unknown,3432.8,-1.77,1413.1,3596.0,142.93,4.54,65.71,3023.67,,244082.8,134911.0,0.55,Bullish,15,20,0,0,0,35,35,"Above 50 DMA, Healthy RSI momentum"
06.10.2026 at 12:47 AM IST,GKSL,Unknown,Unknown,194.27,8.5,98.36,209.8,97.51,7.4,71.77,155.77,,2303278.65,34935174.0,15.17,Bullish,15,5,0,15,0,35,35,"Above 50 DMA, Strong but overbought RSI, Strong volume expansion"
06.10.2026 at 12:47 AM IST,TMB,Unknown,Unknown,872.05,0.09,413.16,954.2,111.07,8.61,45.96,882.62,712.87,138983.7,205835.0,1.48,Bearish,15,10,0,10,0,35,35,"Above 200 DMA, RSI recovering zone, Volume expansion"
06.10.2026 at 12:47 AM IST,BHARATFORG,Automobile and Auto Components,Unknown,1875.0,-2.65,1174.49,2295.0,59.64,18.3,34.66,2046.03,1857.88,863707.3,1151437.0,1.33,Bearish,15,8,0,10,0,33,33,"Above 200 DMA, Weak but watchable RSI, Volume expansion"
06.10.2026 at 12:47 AM IST,VINEETLAB,Unknown,Unknown,35.91,-3.36,27.96,49.99,28.43,28.17,46.99,37.4,34.75,114646.25,50068.0,0.44,Bearish,15,10,8,0,0,33,33,"Above 200 DMA, RSI recovering zone, Within 30% of 52W low"
06.10.2026 at 12:47 AM IST,JINDALSAW,Capital Goods,Unknown,270.3,-2.66,151.6,320.0,78.29,15.53,37.6,283.59,228.72,1600952.25,2164459.0,1.35,Bearish,15,8,0,10,0,33,33,"Above 200 DMA, Weak but watchable RSI, Volume expansion"
06.10.2026 at 12:47 AM IST,SAIL,Metals & Mining,Unknown,174.5,-3.85,122.4,206.99,42.57,15.7,44.44,176.74,167.04,15620628.9,26206885.0,1.68,Bearish,15,8,0,10,0,33,33,"Above 200 DMA, Weak but watchable RSI, Volume expansion"
06.10.2026 at 12:47 AM IST,SPAL,Unknown,Unknown,935.6,-3.01,598.31,1218.45,56.37,23.21,40.13,992.42,842.89,41953.85,57570.0,1.37,Bearish,15,8,0,10,0,33,33,"Above 200 DMA, Weak but watchable RSI, Volume expansion"
06.10.2026 at 12:47 AM IST,SANGHVIMOV,Unknown,Unknown,429.5,-5.65,222.9,525.87,92.69,18.33,43.94,454.63,360.96,263961.1,698178.0,2.65,Bearish,15,8,0,15,5,33,33,"Above 200 DMA, Weak but watchable RSI, Strong volume expansion, Sharp daily fall"
06.10.2026 at 12:47 AM IST,HAPPYFORGE,Unknown,Unknown,2003.7,-3.07,886.52,2470.0,126.02,18.88,40.04,2067.07,1492.01,72368.5,100454.0,1.39,Bearish,15,8,0,10,0,33,33,"Above 200 DMA, Weak but watchable RSI, Volume expansion"
06.10.2026 at 12:47 AM IST,IDEAFORGE,Unknown,Unknown,735.0,0.55,366.0,992.25,100.82,25.93,44.97,794.13,651.54,249949.0,409863.0,1.64,Bearish,15,8,0,10,0,33,33,"Above 200 DMA, Weak but watchable RSI, Volume expansion"
06.10.2026 at 12:47 AM IST,RADICO,Fast Moving Consumer Goods,Unknown,4237.0,-2.95,2494.47,4747.0,69.86,10.74,38.68,4485.79,3534.46,235560.55,426809.0,1.81,Bearish,15,8,0,10,0,33,33,"Above 200 DMA, Weak but watchable RSI, Volume expansion"
06.10.2026 at 12:47 AM IST,ETERNAL,Consumer Services,Unknown,313.9,-1.91,212.6,368.45,47.65,14.81,39.24,320.64,276.4,19031226.7,29716584.0,1.56,Bearish,15,8,0,10,0,33,33,"Above 200 DMA, Weak but watchable RSI, Volume expansion"
06.10.2026 at 12:47 AM IST,IDEA,Telecommunication,Unknown,12.64,-2.39,8.13,15.79,55.47,19.95,32.35,13.94,12.28,418403814.95,612490273.0,1.46,Bearish,15,8,0,10,0,33,33,"Above 200 DMA, Weak but watchable RSI, Volume expansion"
06.10.2026 at 12:47 AM IST,INA,Unknown,Unknown,87.02,-0.55,79.75,161.81,9.12,46.22,36.88,97.07,,600173.9,699639.0,1.17,Bearish,0,8,20,5,0,33,33,"Weak but watchable RSI, Near 52W low with non-crashing RSI, Normal volume support"
06.10.2026 at 12:47 AM IST,NAUKRI,Consumer Services,Unknown,1200.0,-1.6,905.51,1409.94,32.52,14.89,36.49,1285.45,1139.7,1347035.7,2219568.0,1.65,Bearish,15,8,0,10,0,33,33,"Above 200 DMA, Weak but watchable RSI, Volume expansion"
06.10.2026 at 12:47 AM IST,SADBHIN,Unknown,Unknown,2.62,0.77,2.06,4.79,27.18,45.3,53.08,2.58,2.96,113236.3,129836.0,1.15,Bullish,15,20,8,5,15,33,33,"Above 50 DMA, Healthy RSI momentum, Within 30% of 52W low, Normal volume support, Below 200 DMA risk"
06.10.2026 at 12:47 AM IST,TGBHOTELS,Unknown,Unknown,9.42,-1.88,7.5,12.4,25.6,24.03,49.16,9.43,9.26,27022.25,3582.0,0.13,Bearish,15,10,8,0,0,33,33,"Above 200 DMA, RSI recovering zone, Within 30% of 52W low"
06.10.2026 at 12:47 AM IST,ABB,Capital Goods,Unknown,6900.0,1.83,4564.87,7832.29,51.15,11.9,39.33,7354.23,6517.92,174477.85,240835.0,1.38,Bearish,15,8,0,10,0,33,33,"Above 200 DMA, Weak but watchable RSI, Volume expansion"
06.10.2026 at 12:47 AM IST,SENORES,Unknown,Unknown,1349.6,-2.61,700.75,1599.0,92.59,15.6,39.91,1425.08,1078.02,234562.9,363714.0,1.55,Bearish,15,8,0,10,0,33,33,"Above 200 DMA, Weak but watchable RSI, Volume expansion"
06.10.2026 at 12:47 AM IST,KNACK,Unknown,Unknown,180.67,0.37,171.1,222.0,5.59,18.62,42.7,192.47,,552553.95,634416.0,1.15,Bearish,0,8,20,5,0,33,33,"Weak but watchable RSI, Near 52W low with non-crashing RSI, Normal volume support"
06.10.2026 at 12:47 AM IST,ABSLAMC,Financial Services,Unknown,991.7,-0.36,690.69,1194.96,43.58,17.01,42.49,1027.36,966.12,191214.45,282008.0,1.47,Bearish,15,8,0,10,0,33,33,"Above 200 DMA, Weak but watchable RSI, Volume expansion"
06.10.2026 at 12:47 AM IST,GLENMARK,Healthcare,Unknown,2331.0,-0.16,1790.82,2535.08,30.16,8.05,43.17,2356.99,2206.3,551442.9,972522.0,1.76,Bearish,15,8,0,10,0,33,33,"Above 200 DMA, Weak but watchable RSI, Volume expansion"
06.10.2026 at 12:47 AM IST,LLOYDSME,Metals & Mining,Unknown,1776.8,-5.69,1042.28,2125.0,70.47,16.39,41.86,1891.56,1595.1,358427.4,982427.0,2.74,Bearish,15,8,0,15,5,33,33,"Above 200 DMA, Weak but watchable RSI, Strong volume expansion, Sharp daily fall"
06.10.2026 at 12:47 AM IST,SEAMECLTD,Unknown,Unknown,1594.7,-2.86,770.84,1849.0,106.88,13.75,36.49,1623.37,1433.46,68843.25,102750.0,1.49,Bearish,15,8,0,10,0,33,33,"Above 200 DMA, Weak but watchable RSI, Volume expansion"
06.10.2026 at 12:47 AM IST,ABCAPITAL,Financial Services,Unknown,375.05,-1.46,287.7,430.7,30.36,12.92,37.95,400.8,364.98,2620457.3,5001023.0,1.91,Bearish,15,8,0,10,0,33,33,"Above 200 DMA, Weak but watchable RSI, Volume expansion"
06.10.2026 at 12:47 AM IST,BOSCHLTD,Automobile and Auto Components,Unknown,45480.0,-3.44,28422.96,50000.0,60.01,9.04,41.95,46176.85,38853.48,25105.9,48572.0,1.93,Bearish,15,8,0,10,0,33,33,"Above 200 DMA, Weak but watchable RSI, Volume expansion"
06.10.2026 at 12:47 AM IST,ADANIENT,Metals & Mining,Unknown,2816.8,-2.98,1752.22,3245.0,60.76,13.2,40.12,2993.2,2579.52,1489990.15,2100334.0,1.41,Bearish,15,8,0,10,0,33,33,"Above 200 DMA, Weak but watchable RSI, Volume expansion"
06.10.2026 at 12:47 AM IST,ADANIPOWER,Power,Unknown,196.21,-3.82,128.1,254.2,53.17,22.81,40.98,206.75,188.85,17174076.95,33548439.0,1.95,Bearish,15,8,0,10,0,33,33,"Above 200 DMA, Weak but watchable RSI, Volume expansion"
06.10.2026 at 12:47 AM IST,RATEGAIN,Unknown,Unknown,840.65,-1.28,437.0,1050.0,92.37,19.94,42.81,898.67,724.36,279121.35,373023.0,1.34,Bearish,15,8,0,10,0,33,33,"Above 200 DMA, Weak but watchable RSI, Volume expansion"
06.10.2026 at 12:47 AM IST,MMFL,Unknown,Unknown,571.95,-4.45,285.51,687.95,100.32,16.86,38.27,611.53,485.86,94935.65,186619.0,1.97,Bearish,15,8,0,10,0,33,33,"Above 200 DMA, Weak but watchable RSI, Volume expansion"
06.10.2026 at 12:47 AM IST,BOHRAIND,Unknown,Unknown,14.74,-4.96,11.6,23.44,27.07,37.12,55.16,13.95,16.53,18210.05,22674.0,1.25,Bullish,15,20,8,5,15,33,33,"Above 50 DMA, Healthy RSI momentum, Within 30% of 52W low, Normal volume support, Below 200 DMA risk"
06.10.2026 at 12:47 AM IST,NEULANDLAB,Healthcare,Unknown,21505.0,0.73,11478.79,24225.0,87.35,11.23,38.78,22169.34,16982.74,46938.4,70377.0,1.5,Bearish,15,8,0,10,0,33,33,"Above 200 DMA, Weak but watchable RSI, Volume expansion"
06.10.2026 at 12:47 AM IST,VOGL,Oil Gas & Consumable Fuels,Unknown,31.98,-3.41,30.42,47.6,5.13,32.82,34.23,36.49,,23468139.35,26250953.0,1.12,Bearish,0,8,20,5,0,33,33,"Weak but watchable RSI, Near 52W low with non-crashing RSI, Normal volume support"
06.10.2026 at 12:47 AM IST,KIRLOSBROS,Capital Goods,Unknown,1767.6,-0.41,1329.94,2180.91,32.91,18.95,44.73,1857.97,1710.93,69838.05,131484.0,1.88,Bearish,15,8,0,10,0,33,33,"Above 200 DMA, Weak but watchable RSI, Volume expansion"
06.10.2026 at 12:47 AM IST,21STCENMGM,Unknown,Unknown,38.0,-1.73,28.25,53.79,34.51,29.35,37.05,40.61,37.39,2850.7,4636.0,1.63,Bearish,15,8,0,10,0,33,33,"Above 200 DMA, Weak but watchable RSI, Volume expansion"
06.10.2026 at 12:47 AM IST,BHARATCOAL,Oil Gas & Consumable Fuels,Unknown,31.75,-3.2,29.74,45.09,6.76,29.59,38.74,33.54,,4465292.0,4959413.0,1.11,Bearish,0,8,20,5,0,33,33,"Weak but watchable RSI, Near 52W low with non-crashing RSI, Normal volume support"
06.10.2026 at 12:47 AM IST,VIJAYA,Healthcare,Unknown,1428.0,-0.67,846.83,1593.6,68.63,10.39,40.95,1459.95,1199.96,139725.7,188777.0,1.35,Bearish,15,8,0,10,0,33,33,"Above 200 DMA, Weak but watchable RSI, Volume expansion"
06.10.2026 at 12:47 AM IST,APLLTD,Unknown,Unknown,815.25,-1.24,626.48,983.37,30.13,17.1,43.97,823.37,772.37,230940.75,327528.0,1.42,Bearish,15,8,0,10,0,33,33,"Above 200 DMA, Weak but watchable RSI, Volume expansion"
06.10.2026 at 12:47 AM IST,SASKEN,Unknown,Unknown,1720.5,2.86,983.97,2760.49,74.85,37.67,43.9,1837.53,1618.32,25453.2,33306.0,1.31,Bearish,15,8,0,10,0,33,33,"Above 200 DMA, Weak but watchable RSI, Volume expansion"
06.10.2026 at 12:47 AM IST,MAHESHWARI,Unknown,Unknown,69.95,-4.74,39.04,76.81,79.18,8.93,43.41,72.4,57.89,7989.85,11065.0,1.38,Bearish,15,8,0,10,0,33,33,"Above 200 DMA, Weak but watchable RSI, Volume expansion"
06.10.2026 at 12:47 AM IST,MEDANTA,Healthcare,Unknown,1357.3,-0.56,955.66,1544.0,42.03,12.09,37.65,1435.99,1236.11,265902.65,363086.0,1.37,Bearish,15,8,0,10,0,33,33,"Above 200 DMA, Weak but watchable RSI, Volume expansion"
06.10.2026 at 12:47 AM IST,SUVEN,Unknown,Unknown,308.3,-3.72,124.11,403.35,148.41,23.57,33.58,341.63,239.37,472479.95,713418.0,1.51,Bearish,15,8,0,10,0,33,33,"Above 200 DMA, Weak but watchable RSI, Volume expansion"
06.10.2026 at 12:47 AM IST,SJS,Unknown,Unknown,2159.8,-4.35,1444.75,2590.0,49.49,16.61,37.01,2393.86,1988.87,168230.3,310025.0,1.84,Bearish,15,8,0,10,0,33,33,"Above 200 DMA, Weak but watchable RSI, Volume expansion"
06.10.2026 at 12:47 AM IST,RKFORGE,Automobile and Auto Components,Unknown,695.45,-0.98,459.41,772.8,51.38,10.01,44.85,709.1,588.29,578220.6,862927.0,1.49,Bearish,15,8,0,10,0,33,33,"Above 200 DMA, Weak but watchable RSI, Volume expansion"
06.10.2026 at 12:47 AM IST,INDIGOPNTS,Unknown,Unknown,1053.5,-3.44,705.06,1340.21,49.42,21.39,37.75,1118.81,1012.95,54445.4,75763.0,1.39,Bearish,15,8,0,10,0,33,33,"Above 200 DMA, Weak but watchable RSI, Volume expansion"
06.10.2026 at 12:47 AM IST,METROPOLIS,Unknown,Unknown,537.9,-0.7,411.44,609.05,30.74,11.68,31.5,574.77,516.47,228369.45,446423.0,1.95,Bearish,15,8,0,10,0,33,33,"Above 200 DMA, Weak but watchable RSI, Volume expansion"
06.10.2026 at 12:47 AM IST,CCHHL,Unknown,Unknown,12.99,-0.08,10.03,18.0,29.51,27.83,53.18,12.74,13.27,27647.65,34934.0,1.26,Bullish,15,20,8,5,15,33,33,"Above 50 DMA, Healthy RSI momentum, Within 30% of 52W low, Normal volume support, Below 200 DMA risk"
06.10.2026 at 12:47 AM IST,JMA,Unknown,Unknown,87.64,-2.19,67.89,103.7,29.1,15.49,44.49,88.83,83.56,17690.15,7446.0,0.42,Bearish,15,8,8,0,0,31,31,"Above 200 DMA, Weak but watchable RSI, Within 30% of 52W low"
06.10.2026 at 12:47 AM IST,HNDFDS,Unknown,Unknown,574.6,-0.03,442.0,677.75,30.0,15.22,34.05,607.8,536.15,82653.55,70210.0,0.85,Bearish,15,8,8,0,0,31,31,"Above 200 DMA, Weak but watchable RSI, Within 30% of 52W low"
06.10.2026 at 12:47 AM IST,BRIGADE,Realty,Unknown,569.55,-0.99,449.2,799.25,26.79,28.74,36.19,612.57,567.81,396521.8,310825.0,0.78,Bearish,15,8,8,0,0,31,31,"Above 200 DMA, Weak but watchable RSI, Within 30% of 52W low"
06.10.2026 at 12:47 AM IST,BAJAJHIND,Unknown,Unknown,19.19,-1.79,14.85,26.0,29.23,26.19,41.25,19.87,18.25,18095333.3,10262513.0,0.57,Bearish,15,8,8,0,0,31,31,"Above 200 DMA, Weak but watchable RSI, Within 30% of 52W low"
06.10.2026 at 12:47 AM IST,RANASUG,Unknown,Unknown,13.08,-1.21,10.21,16.45,28.11,20.49,34.34,13.87,12.65,409433.6,200795.0,0.49,Bearish,15,8,8,0,0,31,31,"Above 200 DMA, Weak but watchable RSI, Within 30% of 52W low"
06.10.2026 at 12:47 AM IST,GRPLTD,Unknown,Unknown,1895.0,-0.19,1497.24,2295.86,26.57,17.46,39.52,1992.43,1850.85,2106.3,1678.0,0.8,Bearish,15,8,8,0,0,31,31,"Above 200 DMA, Weak but watchable RSI, Within 30% of 52W low"
06.10.2026 at 12:47 AM IST,JKPAPER,Unknown,Unknown,382.6,-2.82,301.69,442.0,26.82,13.44,37.73,397.26,361.31,540690.85,365209.0,0.68,Bearish,15,8,8,0,0,31,31,"Above 200 DMA, Weak but watchable RSI, Within 30% of 52W low"
06.10.2026 at 12:47 AM IST,KRYSTAL,Unknown,Unknown,610.2,-2.56,498.8,696.9,22.33,12.44,42.32,627.92,592.83,28184.85,5346.0,0.19,Bearish,15,8,8,0,0,31,31,"Above 200 DMA, Weak but watchable RSI, Within 30% of 52W low"
06.10.2026 at 12:47 AM IST,WIPL,Unknown,Unknown,161.0,-2.31,132.29,192.03,21.7,16.16,44.16,165.6,156.26,1011.4,936.0,0.93,Bearish,15,8,8,0,0,31,31,"Above 200 DMA, Weak but watchable RSI, Within 30% of 52W low"
06.10.2026 at 12:47 AM IST,SUPRAJIT,Unknown,Unknown,481.05,-0.03,388.4,557.03,23.85,13.64,44.55,498.82,456.76,89990.6,89227.0,0.99,Bearish,15,8,8,0,0,31,31,"Above 200 DMA, Weak but watchable RSI, Within 30% of 52W low"
06.10.2026 at 12:47 AM IST,OBEROIRLTY,Realty,Unknown,1754.6,-0.63,1387.98,1983.95,26.41,11.56,42.02,1824.52,1683.06,436920.85,282807.0,0.65,Bearish,15,8,8,0,0,31,31,"Above 200 DMA, Weak but watchable RSI, Within 30% of 52W low"
06.10.2026 at 12:47 AM IST,MAGADSUGAR,Unknown,Unknown,511.75,-3.67,406.87,634.95,25.78,19.4,44.01,538.37,480.55,40051.45,32778.0,0.82,Bearish,15,8,8,0,0,31,31,"Above 200 DMA, Weak but watchable RSI, Within 30% of 52W low"
06.10.2026 at 12:47 AM IST,MARKOLINES,Unknown,Unknown,167.26,-0.27,131.65,191.75,27.05,12.77,43.12,173.06,162.41,223939.2,208712.0,0.93,Bearish,15,8,8,0,0,31,31,"Above 200 DMA, Weak but watchable RSI, Within 30% of 52W low"
06.10.2026 at 12:47 AM IST,CHALET,Unknown,Unknown,830.25,-1.77,690.56,986.78,20.23,15.86,38.49,859.61,820.7,170642.0,142586.0,0.84,Bearish,15,8,8,0,0,31,31,"Above 200 DMA, Weak but watchable RSI, Within 30% of 52W low"
06.10.2026 at 12:47 AM IST,ARVSMART,Unknown,Unknown,592.5,-1.54,485.12,705.41,22.13,16.01,44.46,622.92,588.73,408946.85,55885.0,0.14,Bearish,15,8,8,0,0,31,31,"Above 200 DMA, Weak but watchable RSI, Within 30% of 52W low"
06.10.2026 at 12:47 AM IST,CRISIL,Financial Services,Unknown,4428.6,-0.5,3669.91,5005.77,20.67,11.53,40.71,4557.96,4305.39,51750.65,32314.0,0.62,Bearish,15,8,8,0,0,31,31,"Above 200 DMA, Weak but watchable RSI, Within 30% of 52W low"
06.10.2026 at 12:47 AM IST,PODDARMENT,Unknown,Unknown,253.65,-1.36,198.41,328.95,27.84,22.89,41.84,261.16,247.87,26920.6,4370.0,0.16,Bearish,15,8,8,0,0,31,31,"Above 200 DMA, Weak but watchable RSI, Within 30% of 52W low"
06.10.2026 at 12:47 AM IST,GMBREW,Unknown,Unknown,952.0,-1.55,722.89,1315.86,31.69,27.65,56.93,912.55,961.98,39570.8,55565.0,1.4,Bullish,15,20,0,10,15,30,30,"Above 50 DMA, Healthy RSI momentum, Volume expansion, Below 200 DMA risk"
06.10.2026 at 12:47 AM IST,BEPL,Unknown,Unknown,123.76,-0.51,72.87,137.35,69.84,9.89,46.12,124.3,98.94,1359429.0,1534274.0,1.13,Bearish,15,10,0,5,0,30,30,"Above 200 DMA, RSI recovering zone, Normal volume support"
06.10.2026 at 12:47 AM IST,SBILIFE,Financial Services,Unknown,1721.6,1.49,1652.9,2129.04,4.16,19.14,46.56,1778.5,1878.1,1217531.5,3329860.0,2.73,Bearish,0,10,20,15,15,30,30,"RSI recovering zone, Near 52W low with non-crashing RSI, Strong volume expansion, Below 200 DMA risk"
06.10.2026 at 12:47 AM IST,GVT&D,Capital Goods,Unknown,4253.2,1.24,2516.97,5636.05,68.98,24.54,46.29,4310.72,4081.14,765969.6,784543.0,1.02,Bearish,15,10,0,5,0,30,30,"Above 200 DMA, RSI recovering zone, Normal volume support"
06.10.2026 at 12:47 AM IST,JKCEMENT,Construction Materials,Unknown,4952.0,-2.44,4654.18,6739.42,6.4,26.52,45.66,5204.33,5385.56,57784.2,335492.0,5.81,Bearish,0,10,20,15,15,30,30,"RSI recovering zone, Near 52W low with non-crashing RSI, Strong volume expansion, Below 200 DMA risk"
06.10.2026 at 12:47 AM IST,RAIN,Unknown,Unknown,208.52,-2.53,99.43,250.82,109.71,16.87,46.77,213.14,168.56,3913191.35,4313649.0,1.1,Bearish,15,10,0,5,0,30,30,"Above 200 DMA, RSI recovering zone, Normal volume support"
06.10.2026 at 12:47 AM IST,NIRLON,Unknown,Unknown,606.8,0.3,530.47,641.83,14.39,5.46,47.72,611.97,,5618.15,6734.0,1.2,Bearish,0,10,15,5,0,30,30,"RSI recovering zone, Close to 52W low with recovery potential, Normal volume support"
06.10.2026 at 12:47 AM IST,SIEMENS,Capital Goods,Unknown,3804.0,2.1,2812.18,4149.4,35.27,8.32,45.38,3902.49,3505.15,242322.55,243713.0,1.01,Bearish,15,10,0,5,0,30,30,"Above 200 DMA, RSI recovering zone, Normal volume support"
06.10.2026 at 12:47 AM IST,ADOR,Unknown,Unknown,1570.4,-1.34,833.68,1766.4,88.37,11.1,46.42,1571.05,1190.41,29593.7,29732.0,1.0,Bearish,15,10,0,5,0,30,30,"Above 200 DMA, RSI recovering zone, Normal volume support"
06.10.2026 at 12:47 AM IST,KALYANKJIL,Consumer Durables,Unknown,528.5,-4.46,325.72,646.31,62.26,18.23,29.29,592.97,458.52,5648472.65,7831270.0,1.39,Bearish,15,5,0,10,0,30,30,"Above 200 DMA, Oversold RSI, Volume expansion"
06.10.2026 at 12:47 AM IST,NELCAST,Unknown,Unknown,121.03,-1.92,85.51,172.26,41.54,29.74,59.24,117.07,121.8,181872.45,273249.0,1.5,Bullish,15,20,0,10,15,30,30,"Above 50 DMA, Healthy RSI momentum, Volume expansion, Below 200 DMA risk"
06.10.2026 at 12:47 AM IST,RBA,Unknown,Unknown,92.22,0.7,57.15,111.15,61.36,17.03,45.29,92.58,72.84,2999220.85,3782272.0,1.26,Bearish,15,10,0,5,0,30,30,"Above 200 DMA, RSI recovering zone, Normal volume support"
06.10.2026 at 12:47 AM IST,DIVGIITTS,Unknown,Unknown,1136.4,-3.84,572.07,1326.02,98.65,14.3,46.58,1138.77,830.4,125470.75,129545.0,1.03,Bearish,15,10,0,5,0,30,30,"Above 200 DMA, RSI recovering zone, Normal volume support"
06.10.2026 at 12:47 AM IST,MPSLTD,Unknown,Unknown,2628.4,-2.62,1336.1,2979.0,96.72,11.77,48.67,2712.94,2011.01,14270.5,17856.0,1.25,Bearish,15,10,0,5,0,30,30,"Above 200 DMA, RSI recovering zone, Normal volume support"
06.10.2026 at 12:47 AM IST,TVSSCS,Unknown,Unknown,128.42,-1.65,90.32,146.5,42.18,12.34,47.12,129.91,119.26,760569.5,767101.0,1.01,Bearish,15,10,0,5,0,30,30,"Above 200 DMA, RSI recovering zone, Normal volume support"
06.10.2026 at 12:47 AM IST,MODIS,Unknown,Unknown,367.85,-1.21,276.0,429.05,33.28,14.26,49.91,381.87,347.01,24617.45,31166.0,1.27,Bearish,15,10,0,5,0,30,30,"Above 200 DMA, RSI recovering zone, Normal volume support"
06.10.2026 at 12:47 AM IST,AFSL,Unknown,Unknown,201.0,0.0,194.41,227.0,3.39,11.45,45.2,203.05,202.1,8445.95,32860.0,3.89,Bearish,0,10,20,15,15,30,30,"RSI recovering zone, Near 52W low with non-crashing RSI, Strong volume expansion, Below 200 DMA risk"
06.10.2026 at 12:47 AM IST,ACUTAAS,Healthcare,Unknown,3196.5,-2.53,1372.97,3737.2,132.82,14.47,45.27,3254.46,2689.54,347605.65,381484.0,1.1,Bearish,15,10,0,5,0,30,30,"Above 200 DMA, RSI recovering zone, Normal volume support"
06.10.2026 at 12:47 AM IST,JKIPL,Unknown,Unknown,96.51,-1.22,45.4,125.0,112.58,22.79,45.45,99.37,87.01,10439.1,10633.0,1.02,Bearish,15,10,0,5,0,30,30,"Above 200 DMA, RSI recovering zone, Normal volume support"
06.10.2026 at 12:47 AM IST,IDBI,Financial Services,Unknown,86.57,5.32,61.01,118.38,41.89,26.87,56.29,84.98,87.19,16308310.45,26713864.0,1.64,Bullish,15,20,0,10,15,30,30,"Above 50 DMA, Healthy RSI momentum, Volume expansion, Below 200 DMA risk"
06.10.2026 at 12:47 AM IST,HBSL,Unknown,Unknown,57.03,2.04,42.63,108.8,33.78,47.58,61.0,53.87,57.56,3119.05,4313.0,1.38,Bullish,15,20,0,10,15,30,30,"Above 50 DMA, Healthy RSI momentum, Volume expansion, Below 200 DMA risk"
06.10.2026 at 12:47 AM IST,PARIN,Unknown,Unknown,703.85,-0.99,502.9,789.0,39.96,10.79,47.01,712.22,671.18,25100.0,28292.0,1.13,Bearish,15,10,0,5,0,30,30,"Above 200 DMA, RSI recovering zone, Normal volume support"
06.10.2026 at 12:47 AM IST,LODHA,Realty,Unknown,1105.6,-2.59,648.52,1340.24,70.48,17.51,41.48,1197.13,1017.9,1885216.9,2249380.0,1.19,Bearish,15,8,0,5,0,28,28,"Above 200 DMA, Weak but watchable RSI, Normal volume support"
06.10.2026 at 12:47 AM IST,PNBHOUSING,Financial Services,Unknown,1092.0,-2.5,723.95,1211.5,50.84,9.86,41.94,1132.78,988.4,938453.25,1090171.0,1.16,Bearish,15,8,0,5,0,28,28,"Above 200 DMA, Weak but watchable RSI, Normal volume support"
06.10.2026 at 12:47 AM IST,VASCONEQ,Unknown,Unknown,32.58,-3.24,26.75,74.59,21.79,56.32,53.49,31.63,36.07,851771.2,712339.0,0.84,Bullish,15,20,8,0,15,28,28,"Above 50 DMA, Healthy RSI momentum, Within 30% of 52W low, Below 200 DMA risk"
06.10.2026 at 12:47 AM IST,SDBL,Unknown,Unknown,74.94,-4.13,61.8,136.0,21.26,44.9,55.62,72.29,80.78,2685950.1,938787.0,0.35,Bullish,15,20,8,0,15,28,28,"Above 50 DMA, Healthy RSI momentum, Within 30% of 52W low, Below 200 DMA risk"
06.10.2026 at 12:47 AM IST,VERANDA,Unknown,Unknown,213.8,-3.15,130.02,272.5,64.44,21.54,35.67,238.41,209.69,441491.2,522323.0,1.18,Bearish,15,8,0,5,0,28,28,"Above 200 DMA, Weak but watchable RSI, Normal volume support"
06.10.2026 at 12:47 AM IST,KPIGREEN,Unknown,Unknown,345.6,-3.72,271.56,541.02,27.26,36.12,57.38,330.59,393.42,3152306.3,1572284.0,0.5,Bullish,15,20,8,0,15,28,28,"Above 50 DMA, Healthy RSI momentum, Within 30% of 52W low, Below 200 DMA risk"
06.10.2026 at 12:47 AM IST,PFOCUS,Media Entertainment & Publication,Unknown,301.55,-4.57,161.01,367.0,87.29,17.83,43.34,302.08,272.8,3150423.2,3922858.0,1.25,Bearish,15,8,0,5,0,28,28,"Above 200 DMA, Weak but watchable RSI, Normal volume support"
06.10.2026 at 12:47 AM IST,PFS,Unknown,Unknown,28.81,-0.93,23.85,40.5,20.8,28.86,62.64,27.71,30.1,2829243.15,1867391.0,0.66,Bullish,15,20,8,0,15,28,28,"Above 50 DMA, Healthy RSI momentum, Within 30% of 52W low, Below 200 DMA risk"
06.10.2026 at 12:47 AM IST,CLSEL,Unknown,Unknown,281.95,-0.77,201.68,321.5,39.8,12.3,42.47,288.44,270.61,63489.1,66745.0,1.05,Bearish,15,8,0,5,0,28,28,"Above 200 DMA, Weak but watchable RSI, Normal volume support"
06.10.2026 at 12:47 AM IST,CNL,Unknown,Unknown,1079.2,-0.28,524.76,1327.4,105.65,18.7,43.74,1133.48,796.53,20053.25,21831.0,1.09,Bearish,15,8,0,5,0,28,28,"Above 200 DMA, Weak but watchable RSI, Normal volume support"
06.10.2026 at 12:47 AM IST,AVL,Unknown,Unknown,572.3,-3.71,435.62,703.5,31.38,18.65,34.57,611.62,547.38,198083.55,241841.0,1.22,Bearish,15,8,0,5,0,28,28,"Above 200 DMA, Weak but watchable RSI, Normal volume support"
06.10.2026 at 12:47 AM IST,TASTYBITE,Unknown,Unknown,9453.5,-0.35,6423.08,10544.0,47.18,10.34,39.27,9746.38,8164.59,2482.3,2596.0,1.05,Bearish,15,8,0,5,0,28,28,"Above 200 DMA, Weak but watchable RSI, Normal volume support"
06.10.2026 at 12:47 AM IST,GLOBE,Unknown,Unknown,2.11,-1.4,1.75,3.29,20.57,35.87,55.29,2.02,2.38,960360.0,460701.0,0.48,Bullish,15,20,8,0,15,28,28,"Above 50 DMA, Healthy RSI momentum, Within 30% of 52W low, Below 200 DMA risk"
06.10.2026 at 12:47 AM IST,PRECOT,Unknown,Unknown,638.35,1.7,298.55,899.0,113.82,28.99,41.24,714.79,600.9,4425.45,4756.0,1.07,Bearish,15,8,0,5,0,28,28,"Above 200 DMA, Weak but watchable RSI, Normal volume support"
06.10.2026 at 12:47 AM IST,GOPAL,Unknown,Unknown,254.75,1.51,247.22,363.21,3.05,29.86,41.31,267.43,284.83,129973.5,592656.0,4.56,Bearish,0,8,20,15,15,28,28,"Weak but watchable RSI, Near 52W low with non-crashing RSI, Strong volume expansion, Below 200 DMA risk"
06.10.2026 at 12:47 AM IST,MATRIMONY,Unknown,Unknown,497.0,-5.12,359.83,566.36,38.12,12.25,39.91,504.39,463.67,14066.55,19572.0,1.39,Bearish,15,8,0,10,5,28,28,"Above 200 DMA, Weak but watchable RSI, Volume expansion, Sharp daily fall"
06.10.2026 at 12:47 AM IST,MAXHEALTH,Healthcare,Unknown,940.95,1.2,901.4,1219.73,4.39,22.86,31.32,1032.26,1031.42,2722115.05,5464461.0,2.01,Bearish,0,8,20,15,15,28,28,"Weak but watchable RSI, Near 52W low with non-crashing RSI, Strong volume expansion, Below 200 DMA risk"
06.10.2026 at 12:47 AM IST,VAML,Metals & Mining,Unknown,402.75,-2.46,398.75,527.81,1.0,23.69,38.92,438.43,,9321410.55,6985636.0,0.75,Bearish,0,8,20,0,0,28,28,"Weak but watchable RSI, Near 52W low with non-crashing RSI"
06.10.2026 at 12:47 AM IST,DAMCAPITAL,Unknown,Unknown,146.56,-2.99,118.42,284.08,23.76,48.41,52.14,146.3,157.38,1312722.8,444502.0,0.34,Bullish,15,20,8,0,15,28,28,"Above 50 DMA, Healthy RSI momentum, Within 30% of 52W low, Below 200 DMA risk"
06.10.2026 at 12:47 AM IST,ARMANFIN,Unknown,Unknown,1764.4,1.16,1301.0,2158.6,35.62,18.26,35.66,1954.38,1697.55,36823.25,38263.0,1.04,Bearish,15,8,0,5,0,28,28,"Above 200 DMA, Weak but watchable RSI, Normal volume support"
06.10.2026 at 12:47 AM IST,RSYSTEMS,Unknown,Unknown,263.6,-3.05,207.42,415.0,27.09,36.48,59.2,242.82,277.21,7464386.25,5804697.0,0.78,Bullish,15,20,8,0,15,28,28,"Above 50 DMA, Healthy RSI momentum, Within 30% of 52W low, Below 200 DMA risk"
06.10.2026 at 12:47 AM IST,DEEPAKFERT,Chemicals,Unknown,1300.9,-3.71,860.53,1669.61,51.17,22.08,39.62,1434.06,1288.0,211244.8,226222.0,1.07,Bearish,15,8,0,5,0,28,28,"Above 200 DMA, Weak but watchable RSI, Normal volume support"
06.10.2026 at 12:47 AM IST,DEVX,Unknown,Unknown,36.28,0.58,29.95,54.0,21.14,32.81,60.59,34.26,37.48,100862.5,79144.0,0.78,Bullish,15,20,8,0,15,28,28,"Above 50 DMA, Healthy RSI momentum, Within 30% of 52W low, Below 200 DMA risk"
06.10.2026 at 12:47 AM IST,UNITEDTEA,Unknown,Unknown,416.95,-2.56,405.2,587.25,2.9,29.0,30.14,449.29,484.73,3161.35,10435.0,3.3,Bearish,0,8,20,15,15,28,28,"Weak but watchable RSI, Near 52W low with non-crashing RSI, Strong volume expansion, Below 200 DMA risk"
06.10.2026 at 12:47 AM IST,UNIPARTS,Unknown,Unknown,819.3,-2.0,386.89,915.95,111.77,10.55,42.84,823.56,600.92,129370.7,141001.0,1.09,Bearish,15,8,0,5,0,28,28,"Above 200 DMA, Weak but watchable RSI, Normal volume support"
06.10.2026 at 12:47 AM IST,CEINSYS,Unknown,Unknown,654.25,-1.89,634.95,1243.51,3.04,47.39,33.98,744.61,,62841.0,62531.0,1.0,Bearish,0,8,20,0,0,28,28,"Weak but watchable RSI, Near 52W low with non-crashing RSI"
06.10.2026 at 12:47 AM IST,CCCL,Unknown,Unknown,13.45,-3.58,12.76,25.69,5.41,47.64,38.56,14.71,15.96,183910.1,390544.0,2.12,Bearish,0,8,20,15,15,28,28,"Weak but watchable RSI, Near 52W low with non-crashing RSI, Strong volume expansion, Below 200 DMA risk"
06.10.2026 at 12:47 AM IST,SPARC,Unknown,Unknown,194.13,-1.55,108.0,289.0,79.75,32.83,44.54,201.76,174.19,951175.3,1071707.0,1.13,Bearish,15,8,0,5,0,28,28,"Above 200 DMA, Weak but watchable RSI, Normal volume support"
06.10.2026 at 12:47 AM IST,INNOVISION,Unknown,Unknown,253.0,0.4,246.2,470.0,2.76,46.17,43.44,267.26,,83251.3,21262.0,0.26,Bearish,0,8,20,0,0,28,28,"Weak but watchable RSI, Near 52W low with non-crashing RSI"
06.10.2026 at 12:47 AM IST,IRCTC,Consumer Services,Unknown,454.1,-0.29,446.03,725.68,1.81,37.42,36.21,482.44,543.44,677347.25,1528758.0,2.26,Bearish,0,8,20,15,15,28,28,"Weak but watchable RSI, Near 52W low with non-crashing RSI, Strong volume expansion, Below 200 DMA risk"
06.10.2026 at 12:47 AM IST,MAFATIND,Unknown,Unknown,114.38,-2.69,113.4,156.29,0.86,26.82,34.28,124.06,,30812.9,19878.0,0.65,Bearish,0,8,20,0,0,28,28,"Weak but watchable RSI, Near 52W low with non-crashing RSI"
06.10.2026 at 12:47 AM IST,JAYAGROGN,Unknown,Unknown,211.22,-5.36,144.96,265.0,45.71,20.29,37.43,226.97,203.04,43816.6,68473.0,1.56,Bearish,15,8,0,10,5,28,28,"Above 200 DMA, Weak but watchable RSI, Volume expansion, Sharp daily fall"
06.10.2026 at 12:47 AM IST,ELCIDIN,Unknown,Unknown,102000.0,-0.15,100500.0,136968.89,1.49,25.53,35.55,108080.7,,9.35,5.0,0.53,Bearish,0,8,20,0,0,28,28,"Weak but watchable RSI, Near 52W low with non-crashing RSI"
06.10.2026 at 12:47 AM IST,BLUEJET,Unknown,Unknown,541.8,0.7,324.32,691.45,67.06,21.64,35.55,579.96,488.56,432721.2,522842.0,1.21,Bearish,15,8,0,5,0,28,28,"Above 200 DMA, Weak but watchable RSI, Normal volume support"
06.10.2026 at 12:47 AM IST,ICICIAMC,Financial Services,Unknown,3084.4,-1.67,2506.98,3597.03,23.03,14.25,45.3,3112.62,,385690.8,524043.0,1.36,Bearish,0,10,8,10,0,28,28,"RSI recovering zone, Within 30% of 52W low, Volume expansion"
06.10.2026 at 12:47 AM IST,TORNTPHARM,Healthcare,Unknown,4767.3,-0.68,3450.04,5250.0,38.18,9.19,40.85,4933.84,4441.26,340691.9,357701.0,1.05,Bearish,15,8,0,5,0,28,28,"Above 200 DMA, Weak but watchable RSI, Normal volume support"
06.10.2026 at 12:47 AM IST,ATHERENERG,Automobile and Auto Components,Unknown,1406.1,-1.33,582.0,1744.0,141.6,19.38,37.43,1492.62,1014.26,3738269.25,4210984.0,1.13,Bearish,15,8,0,5,0,28,28,"Above 200 DMA, Weak but watchable RSI, Normal volume support"
06.10.2026 at 12:47 AM IST,RAMCOSYS,Unknown,Unknown,546.25,-1.51,342.1,967.5,59.68,43.54,38.34,589.6,536.55,63860.2,79897.0,1.25,Bearish,15,8,0,5,0,28,28,"Above 200 DMA, Weak but watchable RSI, Normal volume support"
06.10.2026 at 12:47 AM IST,TRACXN,Unknown,Unknown,31.71,-3.65,25.39,55.9,24.89,43.27,53.01,30.36,32.64,243520.35,129732.0,0.53,Bullish,15,20,8,0,15,28,28,"Above 50 DMA, Healthy RSI momentum, Within 30% of 52W low, Below 200 DMA risk"
06.10.2026 at 12:47 AM IST,FRACTAL,Information Technology,Unknown,727.35,-1.74,708.3,1118.0,2.69,34.94,32.05,796.06,,290665.75,277503.0,0.95,Bearish,0,8,20,0,0,28,28,"Weak but watchable RSI, Near 52W low with non-crashing RSI"
06.10.2026 at 12:47 AM IST,FLUOROCHEM,Chemicals,Unknown,4341.5,-1.45,2914.67,4955.62,48.95,12.39,35.3,4582.88,3804.01,121182.9,156006.0,1.29,Bearish,15,8,0,5,0,28,28,"Above 200 DMA, Weak but watchable RSI, Normal volume support"
06.10.2026 at 12:47 AM IST,DODLA,Unknown,Unknown,1006.3,-1.29,959.93,1393.94,4.83,27.81,33.77,1067.12,1104.94,23023.4,69274.0,3.01,Bearish,0,8,20,15,15,28,28,"Weak but watchable RSI, Near 52W low with non-crashing RSI, Strong volume expansion, Below 200 DMA risk"
06.10.2026 at 12:47 AM IST,DISAQ,Unknown,Unknown,11487.0,2.12,10676.97,12657.68,7.59,9.25,42.54,11874.81,,198.4,95.0,0.48,Bearish,0,8,20,0,0,28,28,"Weak but watchable RSI, Near 52W low with non-crashing RSI"
06.10.2026 at 12:47 AM IST,ROML,Unknown,Unknown,43.34,-0.09,35.11,62.0,23.44,30.1,55.45,43.23,44.86,2289.6,1318.0,0.58,Bullish,15,20,8,0,15,28,28,"Above 50 DMA, Healthy RSI momentum, Within 30% of 52W low, Below 200 DMA risk"
06.10.2026 at 12:47 AM IST,RITES,Services,Unknown,209.48,0.21,171.65,252.62,22.04,17.08,53.71,211.98,211.28,3886394.0,21390228.0,5.5,Bearish,0,20,8,15,15,28,28,"Healthy RSI momentum, Within 30% of 52W low, Strong volume expansion, Below 200 DMA risk"
06.10.2026 at 12:47 AM IST,HONASA,Fast Moving Consumer Goods,Unknown,427.9,-0.8,246.86,506.65,73.33,15.54,33.89,466.55,371.21,1853910.75,1936982.0,1.04,Bearish,15,8,0,5,0,28,28,"Above 200 DMA, Weak but watchable RSI, Normal volume support"
06.10.2026 at 12:47 AM IST,NAVNETEDUL,Unknown,Unknown,123.87,1.1,120.21,164.13,3.05,24.53,38.66,131.21,139.66,97775.35,272365.0,2.79,Bearish,0,8,20,15,15,28,28,"Weak but watchable RSI, Near 52W low with non-crashing RSI, Strong volume expansion, Below 200 DMA risk"
06.10.2026 at 12:47 AM IST,MOTOGENFIN,Unknown,Unknown,25.08,-1.65,17.5,34.4,43.31,27.09,40.19,26.54,24.81,80312.95,93418.0,1.16,Bearish,15,8,0,5,0,28,28,"Above 200 DMA, Weak but watchable RSI, Normal volume support"
06.10.2026 at 12:47 AM IST,HMAAGRO,Unknown,Unknown,23.47,-1.88,19.09,34.24,22.94,31.45,59.06,21.87,24.11,4332792.95,2581703.0,0.6,Bullish,15,20,8,0,15,28,28,"Above 50 DMA, Healthy RSI momentum, Within 30% of 52W low, Below 200 DMA risk"
06.10.2026 at 12:47 AM IST,MUNJALAU,Unknown,Unknown,104.07,-7.79,66.61,129.46,56.23,19.61,44.7,108.22,89.78,810865.55,1200123.0,1.48,Bearish,15,8,0,10,5,28,28,"Above 200 DMA, Weak but watchable RSI, Volume expansion, Sharp daily fall"
06.10.2026 at 12:47 AM IST,MUFIN,Unknown,Unknown,130.59,-0.7,85.13,141.5,53.4,7.71,42.09,133.95,121.13,667129.6,699328.0,1.05,Bearish,15,8,0,5,0,28,28,"Above 200 DMA, Weak but watchable RSI, Normal volume support"
06.10.2026 at 12:47 AM IST,ELGIEQUIP,Capital Goods,Unknown,584.65,-3.97,406.35,653.4,43.88,10.52,40.04,605.2,543.88,365254.65,435205.0,1.19,Bearish,15,8,0,5,0,28,28,"Above 200 DMA, Weak but watchable RSI, Normal volume support"
06.10.2026 at 12:47 AM IST,TVTODAY,Unknown,Unknown,101.65,-2.44,93.5,153.01,8.72,33.57,30.09,111.53,117.33,33327.05,76841.0,2.31,Bearish,0,8,20,15,15,28,28,"Weak but watchable RSI, Near 52W low with non-crashing RSI, Strong volume expansion, Below 200 DMA risk"
06.10.2026 at 12:47 AM IST,STYLAMIND,Unknown,Unknown,3219.9,-2.68,1700.0,4150.0,89.41,22.41,42.4,3425.57,2754.44,44147.95,52489.0,1.19,Bearish,15,8,0,5,0,28,28,"Above 200 DMA, Weak but watchable RSI, Normal volume support"
06.10.2026 at 12:47 AM IST,IDFCFIRSTB,Financial Services,Unknown,80.39,-1.29,57.91,89.61,38.82,10.29,38.17,84.94,77.41,21412158.55,24434109.0,1.14,Bearish,15,8,0,5,0,28,28,"Above 200 DMA, Weak but watchable RSI, Normal volume support"
06.10.2026 at 12:47 AM IST,HEXATRADEX,Unknown,Unknown,154.96,-1.2,147.26,182.01,5.23,14.86,42.06,158.19,160.89,2224.5,5701.0,2.56,Bearish,0,8,20,15,15,28,28,"Weak but watchable RSI, Near 52W low with non-crashing RSI, Strong volume expansion, Below 200 DMA risk"
06.10.2026 at 12:47 AM IST,BHARATSE,Unknown,Unknown,204.65,-3.64,132.74,261.49,54.17,21.74,38.07,221.69,191.14,161123.45,201132.0,1.25,Bearish,15,8,0,5,0,28,28,"Above 200 DMA, Weak but watchable RSI, Normal volume support"
06.10.2026 at 12:47 AM IST,OMPOWER,Unknown,Unknown,157.74,0.5,153.5,206.0,2.76,23.43,36.98,168.08,,81805.45,66367.0,0.81,Bearish,0,8,20,0,0,28,28,"Weak but watchable RSI, Near 52W low with non-crashing RSI"
06.10.2026 at 12:47 AM IST,TIPSMUSIC,Unknown,Unknown,644.2,-2.07,478.57,741.0,34.61,13.06,43.46,660.34,607.82,239843.95,245089.0,1.02,Bearish,15,8,0,5,0,28,28,"Above 200 DMA, Weak but watchable RSI, Normal volume support"
06.10.2026 at 12:47 AM IST,SRTL,Unknown,Unknown,36.4,-2.31,35.75,73.36,1.82,50.38,36.27,38.86,,30438.25,23749.0,0.78,Bearish,0,8,20,0,0,28,28,"Weak but watchable RSI, Near 52W low with non-crashing RSI"
06.10.2026 at 12:47 AM IST,THYROCARE,Unknown,Unknown,533.6,-0.1,338.15,662.0,57.8,19.4,36.0,580.55,480.19,220703.45,223853.0,1.01,Bearish,15,8,0,5,0,28,28,"Above 200 DMA, Weak but watchable RSI, Normal volume support"
06.10.2026 at 12:47 AM IST,EXIDEIND,Automobile and Auto Components,Unknown,409.45,-0.76,285.63,496.4,43.35,17.52,38.94,441.0,375.58,2060832.95,2369486.0,1.15,Bearish,15,8,0,5,0,28,28,"Above 200 DMA, Weak but watchable RSI, Normal volume support"
06.10.2026 at 12:47 AM IST,BALAMINES,Unknown,Unknown,2052.2,-3.13,963.33,2629.8,113.03,21.96,37.77,2212.82,1645.31,190035.25,213491.0,1.12,Bearish,15,8,0,5,0,28,28,"Above 200 DMA, Weak but watchable RSI, Normal volume support"
06.10.2026 at 12:47 AM IST,NITINSPIN,Unknown,Unknown,594.6,-0.62,300.8,665.0,97.67,10.59,43.25,594.77,466.41,101180.45,128807.0,1.27,Bearish,15,8,0,5,0,28,28,"Above 200 DMA, Weak but watchable RSI, Normal volume support"
06.10.2026 at 12:47 AM IST,EPL,Unknown,Unknown,232.39,-1.95,176.4,274.03,31.74,15.2,41.89,241.16,223.2,2207678.85,2613252.0,1.18,Bearish,15,8,0,5,0,28,28,"Above 200 DMA, Weak but watchable RSI, Normal volume support"
06.10.2026 at 12:47 AM IST,HAVELLS,Consumer Durables,Unknown,1040.0,2.36,1015.1,1507.85,2.45,31.03,30.82,1196.03,1258.71,874418.9,2030089.0,2.32,Bearish,0,8,20,15,15,28,28,"Weak but watchable RSI, Near 52W low with non-crashing RSI, Strong volume expansion, Below 200 DMA risk"
06.10.2026 at 12:47 AM IST,SURAJEST,Unknown,Unknown,200.15,-3.63,165.0,319.0,21.3,37.26,50.49,197.45,212.95,355577.65,106451.0,0.3,Bullish,15,20,8,0,15,28,28,"Above 50 DMA, Healthy RSI momentum, Within 30% of 52W low, Below 200 DMA risk"
06.10.2026 at 12:47 AM IST,JUSTDIAL,Unknown,Unknown,653.15,-1.95,480.5,878.6,35.93,25.66,41.25,684.82,619.18,116887.8,123750.0,1.06,Bearish,15,8,0,5,0,28,28,"Above 200 DMA, Weak but watchable RSI, Normal volume support"
06.10.2026 at 12:47 AM IST,KECL,Unknown,Unknown,120.43,-0.17,75.47,155.0,59.57,22.3,44.19,130.84,110.44,111058.7,134808.0,1.21,Bearish,15,8,0,5,0,28,28,"Above 200 DMA, Weak but watchable RSI, Normal volume support"
06.10.2026 at 12:47 AM IST,AJMERA,Unknown,Unknown,119.6,0.72,97.17,219.46,23.08,45.5,54.69,118.74,131.68,304806.1,255968.0,0.84,Bullish,15,20,8,0,15,28,28,"Above 50 DMA, Healthy RSI momentum, Within 30% of 52W low, Below 200 DMA risk"
06.10.2026 at 12:47 AM IST,KRBL,Unknown,Unknown,375.9,-1.49,271.52,447.65,38.44,16.03,37.39,392.05,360.13,405556.95,470715.0,1.16,Bearish,15,8,0,5,0,28,28,"Above 200 DMA, Weak but watchable RSI, Normal volume support"
06.10.2026 at 12:47 AM IST,ACCELYA,Unknown,Unknown,1094.2,0.36,1012.4,1437.28,8.08,23.87,31.07,1130.3,1167.94,7582.8,41701.0,5.5,Bearish,0,8,20,15,15,28,28,"Weak but watchable RSI, Near 52W low with non-crashing RSI, Strong volume expansion, Below 200 DMA risk"
06.10.2026 at 12:47 AM IST,WINDMACHIN,Unknown,Unknown,293.15,-2.35,200.65,343.9,46.1,14.76,41.6,299.68,280.81,91874.35,99959.0,1.09,Bearish,15,8,0,5,0,28,28,"Above 200 DMA, Weak but watchable RSI, Normal volume support"
06.10.2026 at 12:47 AM IST,AASTHA,Unknown,Unknown,32.45,-4.98,32.45,69.91,0.0,53.59,37.92,39.17,,2024681.1,583887.0,0.29,Bearish,0,8,20,0,0,28,28,"Weak but watchable RSI, Near 52W low with non-crashing RSI"
06.10.2026 at 12:47 AM IST,WCIL,Unknown,Unknown,93.01,-0.16,77.02,138.29,20.76,32.74,54.59,88.92,100.23,207387.7,72195.0,0.35,Bullish,15,20,8,0,15,28,28,"Above 50 DMA, Healthy RSI momentum, Within 30% of 52W low, Below 200 DMA risk"
06.10.2026 at 12:47 AM IST,AGL,Unknown,Unknown,12.59,-4.11,12.03,22.0,4.66,42.77,33.97,13.73,,4951203.3,1857173.0,0.38,Bearish,0,8,20,0,0,28,28,"Weak but watchable RSI, Near 52W low with non-crashing RSI"
06.10.2026 at 12:47 AM IST,YATRA,Unknown,Unknown,98.83,-1.06,89.9,202.0,9.93,51.07,34.31,109.84,119.98,1009028.8,2022495.0,2.0,Bearish,0,8,20,15,15,28,28,"Weak but watchable RSI, Near 52W low with non-crashing RSI, Strong volume expansion, Below 200 DMA risk"
06.10.2026 at 12:47 AM IST,NAHARINDUS,Unknown,Unknown,127.74,-1.84,83.05,154.0,53.81,17.05,45.88,127.85,112.39,19945.0,16476.0,0.83,Bearish,15,10,0,0,0,25,25,"Above 200 DMA, RSI recovering zone"
06.10.2026 at 12:47 AM IST,CROWN,Unknown,Unknown,111.53,-3.24,100.11,163.86,11.41,31.94,46.93,111.38,119.75,36946.0,14808.0,0.4,Bullish,15,10,15,0,15,25,25,"Above 50 DMA, RSI recovering zone, Close to 52W low with recovery potential, Below 200 DMA risk"
06.10.2026 at 12:47 AM IST,DHUNINV,Unknown,Unknown,967.3,1.22,665.04,1568.25,45.45,38.32,46.38,967.33,946.51,492.1,244.0,0.5,Bearish,15,10,0,0,0,25,25,"Above 200 DMA, RSI recovering zone"
06.10.2026 at 12:47 AM IST,HSCL,Chemicals,Unknown,665.15,-1.87,417.93,819.5,59.15,18.83,45.22,704.78,584.78,2180238.5,1431438.0,0.66,Bearish,15,10,0,0,0,25,25,"Above 200 DMA, RSI recovering zone"
06.10.2026 at 12:47 AM IST,STANLEY,Unknown,Unknown,136.22,-0.07,123.0,304.0,10.75,55.19,46.83,141.31,157.27,111337.15,224510.0,2.02,Bearish,0,10,15,15,15,25,25,"RSI recovering zone, Close to 52W low with recovery potential, Strong volume expansion, Below 200 DMA risk"
06.10.2026 at 12:47 AM IST,SPORTKING,Unknown,Unknown,208.54,-0.93,77.83,240.46,167.94,13.28,47.06,212.74,153.42,260067.8,166056.0,0.64,Bearish,15,10,0,0,0,25,25,"Above 200 DMA, RSI recovering zone"
06.10.2026 at 12:47 AM IST,UNICHEMLAB,Unknown,Unknown,535.05,-1.92,278.2,687.2,92.33,22.14,47.74,535.94,433.21,307572.35,102131.0,0.33,Bearish,15,10,0,0,0,25,25,"Above 200 DMA, RSI recovering zone"
06.10.2026 at 12:47 AM IST,TITAN,Consumer Durables,Unknown,4515.7,-1.55,3389.88,5186.7,33.21,12.94,26.52,4954.37,4406.29,594495.75,694098.0,1.17,Bearish,15,5,0,5,0,25,25,"Above 200 DMA, Oversold RSI, Normal volume support"
06.10.2026 at 12:47 AM IST,OLAELEC,Automobile and Auto Components,Unknown,37.08,0.43,22.25,57.95,66.65,36.01,45.14,38.49,36.03,95885982.9,54910840.0,0.57,Bearish,15,10,0,0,0,25,25,"Above 200 DMA, RSI recovering zone"
06.10.2026 at 12:47 AM IST,ORCHPHARMA,Unknown,Unknown,990.0,-0.7,480.0,1143.5,106.25,13.42,45.81,1003.96,800.39,125189.35,92412.0,0.74,Bearish,15,10,0,0,0,25,25,"Above 200 DMA, RSI recovering zone"
06.10.2026 at 12:47 AM IST,JAYNECOIND,Unknown,Unknown,91.28,-1.63,64.4,117.0,41.74,21.98,49.76,91.95,88.31,5354251.95,3192474.0,0.6,Bearish,15,10,0,0,0,25,25,"Above 200 DMA, RSI recovering zone"
06.10.2026 at 12:47 AM IST,RADIANTCMS,Unknown,Unknown,35.89,1.36,30.32,53.92,18.36,33.44,49.07,35.72,38.35,413234.4,87383.0,0.21,Bullish,15,10,15,0,15,25,25,"Above 50 DMA, RSI recovering zone, Close to 52W low with recovery potential, Below 200 DMA risk"
06.10.2026 at 12:47 AM IST,MAHABANK,Financial Services,Unknown,80.5,1.42,53.03,94.5,51.79,14.81,45.65,81.62,74.65,13431868.8,9608211.0,0.72,Bearish,15,10,0,0,0,25,25,"Above 200 DMA, RSI recovering zone"
06.10.2026 at 12:47 AM IST,SHREERAMA,Unknown,Unknown,43.16,-1.3,37.62,71.99,14.73,40.05,47.34,42.58,48.57,79176.9,37590.0,0.47,Bullish,15,10,15,0,15,25,25,"Above 50 DMA, RSI recovering zone, Close to 52W low with recovery potential, Below 200 DMA risk"
06.10.2026 at 12:47 AM IST,KNAGRI,Unknown,Unknown,200.5,1.2,148.3,244.0,35.2,17.83,47.31,207.65,195.22,7880.8,3523.0,0.45,Bearish,15,10,0,0,0,25,25,"Above 200 DMA, RSI recovering zone"
06.10.2026 at 12:47 AM IST,HDFCBANK,Financial Services,Unknown,721.2,1.76,681.9,1003.9,5.76,28.16,49.31,724.56,803.25,28391656.9,37389857.0,1.32,Bearish,0,10,20,10,15,25,25,"RSI recovering zone, Near 52W low with non-crashing RSI, Volume expansion, Below 200 DMA risk"
06.10.2026 at 12:47 AM IST,WABAG,Unknown,Unknown,2004.9,-2.74,1030.49,2319.0,94.56,13.54,45.78,2023.53,1598.66,654712.95,398624.0,0.61,Bearish,15,10,0,0,0,25,25,"Above 200 DMA, RSI recovering zone"
06.10.2026 at 12:47 AM IST,HIKAL,Unknown,Unknown,218.14,0.11,146.01,260.32,49.4,16.2,48.34,219.84,205.55,2860148.05,942244.0,0.33,Bearish,15,10,0,0,0,25,25,"Above 200 DMA, RSI recovering zone"
06.10.2026 at 12:47 AM IST,BAIDFIN,Unknown,Unknown,10.31,-0.67,8.71,12.85,18.33,19.77,47.38,10.17,10.56,175842.3,42200.0,0.24,Bullish,15,10,15,0,15,25,25,"Above 50 DMA, RSI recovering zone, Close to 52W low with recovery potential, Below 200 DMA risk"
06.10.2026 at 12:47 AM IST,BAJAJCON,Unknown,Unknown,497.05,0.3,235.15,692.0,111.38,28.17,46.79,507.73,455.06,659669.1,519447.0,0.79,Bearish,15,10,0,0,0,25,25,"Above 200 DMA, RSI recovering zone"
06.10.2026 at 12:47 AM IST,TEAMGTY,Unknown,Unknown,235.1,0.04,210.0,332.55,11.95,29.3,47.88,232.03,251.36,484.8,205.0,0.42,Bullish,15,10,15,0,15,25,25,"Above 50 DMA, RSI recovering zone, Close to 52W low with recovery potential, Below 200 DMA risk"
06.10.2026 at 12:47 AM IST,ESSARSHPNG,Unknown,Unknown,17.18,-9.05,15.43,43.26,11.34,60.29,52.19,17.6,23.16,596171.85,1584604.0,2.66,Bearish,0,20,15,15,25,25,25,"Healthy RSI momentum, Close to 52W low with recovery potential, Strong volume expansion, Below 200 DMA risk, Sharp daily fall, Very far from 52W high"
06.10.2026 at 12:47 AM IST,EXCELSOFT,Unknown,Unknown,78.33,-3.5,66.4,142.59,17.97,45.07,49.13,76.54,81.28,2273784.5,514243.0,0.23,Bullish,15,10,15,0,15,25,25,"Above 50 DMA, RSI recovering zone, Close to 52W low with recovery potential, Below 200 DMA risk"
06.10.2026 at 12:47 AM IST,ITDC,Unknown,Unknown,665.6,-3.21,366.43,818.49,81.65,18.68,48.69,678.71,589.75,1042314.95,162183.0,0.16,Bearish,15,10,0,0,0,25,25,"Above 200 DMA, RSI recovering zone"
06.10.2026 at 12:47 AM IST,RRKABEL,Capital Goods,Unknown,2518.2,-0.02,1212.36,2983.8,107.71,15.6,49.01,2629.04,1950.6,473085.6,377828.0,0.8,Bearish,15,10,0,0,0,25,25,"Above 200 DMA, RSI recovering zone"
06.10.2026 at 12:47 AM IST,SIS,Unknown,Unknown,412.85,-1.49,257.05,480.95,60.61,14.16,45.31,424.19,371.92,382085.95,85848.0,0.22,Bearish,15,10,0,0,0,25,25,"Above 200 DMA, RSI recovering zone"
06.10.2026 at 12:47 AM IST,SOLARINDS,Chemicals,Unknown,19400.0,-1.52,11639.12,22700.0,66.68,14.54,46.21,19756.04,16327.92,259183.05,204788.0,0.79,Bearish,15,10,0,0,0,25,25,"Above 200 DMA, RSI recovering zone"
06.10.2026 at 12:47 AM IST,PASHUPATI,Unknown,Unknown,78.99,4.76,67.71,118.28,16.66,33.22,46.68,83.22,87.81,321284.85,817313.0,2.54,Bearish,0,10,15,15,15,25,25,"RSI recovering zone, Close to 52W low with recovery potential, Strong volume expansion, Below 200 DMA risk"
06.10.2026 at 12:47 AM IST,PATELRMART,Unknown,Unknown,211.0,-0.25,150.25,266.0,40.43,20.68,47.8,219.21,202.67,59869.8,51861.0,0.87,Bearish,15,10,0,0,0,25,25,"Above 200 DMA, RSI recovering zone"
06.10.2026 at 12:47 AM IST,PATINTLOG,Unknown,Unknown,13.23,0.92,7.89,16.01,67.6,17.39,45.73,13.57,12.63,106799.0,105462.0,0.99,Bearish,15,10,0,0,0,25,25,"Above 200 DMA, RSI recovering zone"
06.10.2026 at 12:47 AM IST,BONLON,Unknown,Unknown,39.97,-0.6,34.51,57.0,15.82,29.88,48.31,40.54,,12200.95,6490.0,0.53,Bearish,0,10,15,0,0,25,25,"RSI recovering zone, Close to 52W low with recovery potential"
06.10.2026 at 12:47 AM IST,PARADEEP,Chemicals,Unknown,151.22,-1.98,98.73,199.62,53.17,24.25,45.53,151.34,134.81,2264000.7,1745429.0,0.77,Bearish,15,10,0,0,0,25,25,"Above 200 DMA, RSI recovering zone"
06.10.2026 at 12:47 AM IST,BRIGHOTEL,Unknown,Unknown,56.94,-0.04,54.36,87.79,4.75,35.14,47.07,58.59,62.02,113145.5,186794.0,1.65,Bearish,0,10,20,10,15,25,25,"RSI recovering zone, Near 52W low with non-crashing RSI, Volume expansion, Below 200 DMA risk"
06.10.2026 at 12:47 AM IST,STYL,Unknown,Unknown,366.0,-1.07,207.8,431.97,76.13,15.27,45.51,379.49,296.97,130055.7,122778.0,0.94,Bearish,15,10,0,0,0,25,25,"Above 200 DMA, RSI recovering zone"
06.10.2026 at 12:47 AM IST,RELIABLE,Unknown,Unknown,140.73,-2.46,104.7,174.94,34.41,19.55,48.24,140.98,140.59,30720.75,13042.0,0.42,Bearish,15,10,0,0,0,25,25,"Above 200 DMA, RSI recovering zone"
06.10.2026 at 12:47 AM IST,ASHOKAMET,Unknown,Unknown,14.53,-4.28,12.13,19.4,19.79,25.1,47.23,14.36,14.88,183432.45,45837.0,0.25,Bullish,15,10,15,0,15,25,25,"Above 50 DMA, RSI recovering zone, Close to 52W low with recovery potential, Below 200 DMA risk"
06.10.2026 at 12:47 AM IST,PRITI,Unknown,Unknown,32.79,0.24,30.5,85.0,7.51,61.42,46.15,34.55,42.98,9050.55,30728.0,3.4,Bearish,0,10,20,15,20,25,25,"RSI recovering zone, Near 52W low with non-crashing RSI, Strong volume expansion, Below 200 DMA risk, Very far from 52W high"
06.10.2026 at 12:47 AM IST,PRITIKAUTO,Unknown,Unknown,16.11,-5.68,10.41,20.99,54.76,23.25,46.92,16.92,14.8,316139.25,373086.0,1.18,Bearish,15,10,0,5,5,25,25,"Above 200 DMA, RSI recovering zone, Normal volume support, Sharp daily fall"
06.10.2026 at 12:47 AM IST,ASTRAMICRO,Unknown,Unknown,1624.5,-0.75,849.8,1957.23,91.16,17.0,46.31,1698.75,1303.6,325081.5,308113.0,0.95,Bearish,15,10,0,0,0,25,25,"Above 200 DMA, RSI recovering zone"
06.10.2026 at 12:47 AM IST,AURUM,Unknown,Unknown,223.41,-3.86,151.9,264.64,47.08,15.58,49.81,224.58,196.05,107618.25,104235.0,0.97,Bearish,15,10,0,0,0,25,25,"Above 200 DMA, RSI recovering zone"
06.10.2026 at 12:47 AM IST,UJJIVANSFB,Unknown,Unknown,65.6,-2.81,47.31,73.94,38.66,11.28,49.69,67.98,60.47,11246706.8,9369954.0,0.83,Bearish,15,10,0,0,0,25,25,"Above 200 DMA, RSI recovering zone"
06.10.2026 at 12:47 AM IST,MANCREDIT,Unknown,Unknown,218.97,-0.8,151.54,286.28,44.5,23.51,45.44,227.87,194.09,111817.1,98616.0,0.88,Bearish,15,10,0,0,0,25,25,"Above 200 DMA, RSI recovering zone"
06.10.2026 at 12:47 AM IST,IMAGICAA,Unknown,Unknown,50.7,-0.74,36.84,62.0,37.62,18.23,45.14,50.88,47.21,908969.35,512963.0,0.56,Bearish,15,10,0,0,0,25,25,"Above 200 DMA, RSI recovering zone"
06.10.2026 at 12:47 AM IST,IKS,Information Technology,Unknown,1776.4,1.65,1262.0,1970.0,40.76,9.83,48.48,1789.05,1657.82,227274.25,149999.0,0.66,Bearish,15,10,0,0,0,25,25,"Above 200 DMA, RSI recovering zone"
06.10.2026 at 12:47 AM IST,IRCON,Construction,Unknown,110.25,-5.84,101.6,183.79,8.51,40.01,46.2,119.03,137.58,6427600.05,20851568.0,3.24,Bearish,0,10,20,15,20,25,25,"RSI recovering zone, Near 52W low with non-crashing RSI, Strong volume expansion, Below 200 DMA risk, Sharp daily fall"
06.10.2026 at 12:47 AM IST,MONTECARLO,Unknown,Unknown,522.85,-0.87,447.22,829.82,16.91,36.99,48.5,518.76,540.53,55243.55,26728.0,0.48,Bullish,15,10,15,0,15,25,25,"Above 50 DMA, RSI recovering zone, Close to 52W low with recovery potential, Below 200 DMA risk"
06.10.2026 at 12:47 AM IST,VADILALIND,Unknown,Unknown,7187.0,-0.91,3964.14,8379.66,81.3,14.23,45.19,7322.62,5594.84,16087.7,6060.0,0.38,Bearish,15,10,0,0,0,25,25,"Above 200 DMA, RSI recovering zone"
06.10.2026 at 12:47 AM IST,MTNL,Unknown,Unknown,24.66,7.36,21.26,44.67,15.99,44.8,49.56,25.93,29.29,2860923.4,44121423.0,15.42,Bearish,0,10,15,15,15,25,25,"RSI recovering zone, Close to 52W low with recovery potential, Strong volume expansion, Below 200 DMA risk"
06.10.2026 at 12:47 AM IST,REGAAL,Unknown,Unknown,85.99,-2.37,57.09,103.0,50.62,16.51,46.94,87.49,77.92,861826.45,276524.0,0.32,Bearish,15,10,0,0,0,25,25,"Above 200 DMA, RSI recovering zone"
06.10.2026 at 12:47 AM IST,JOCIL,Unknown,Unknown,145.22,-1.12,89.16,174.0,62.87,16.54,47.05,146.49,135.38,12026.2,952.0,0.08,Bearish,15,10,0,0,0,25,25,"Above 200 DMA, RSI recovering zone"
06.10.2026 at 12:47 AM IST,ALGOQUANT,Unknown,Unknown,67.51,2.24,47.8,76.2,41.23,11.4,49.75,66.91,,1472435.3,1379737.0,0.94,Bullish,15,10,0,0,0,25,25,"Above 50 DMA, RSI recovering zone"
06.10.2026 at 12:47 AM IST,JSL,Metals & Mining,Unknown,732.7,-1.97,649.53,879.22,12.81,16.66,47.72,732.25,743.96,1271117.65,764831.0,0.6,Bullish,15,10,15,0,15,25,25,"Above 50 DMA, RSI recovering zone, Close to 52W low with recovery potential, Below 200 DMA risk"
06.10.2026 at 12:47 AM IST,ALKEM,Healthcare,Unknown,5220.0,1.09,5051.0,5875.53,3.35,11.16,46.14,5383.76,5462.95,154150.1,291015.0,1.89,Bearish,0,10,20,10,15,25,25,"RSI recovering zone, Near 52W low with non-crashing RSI, Volume expansion, Below 200 DMA risk"
06.10.2026 at 12:47 AM IST,AIIL,Financial Services,Unknown,539.3,-1.34,400.0,683.0,34.82,21.04,48.28,548.62,520.51,474131.45,224276.0,0.47,Bearish,15,10,0,0,0,25,25,"Above 200 DMA, RSI recovering zone"
06.10.2026 at 12:47 AM IST,AAATECH,Unknown,Unknown,92.74,-2.1,80.23,134.55,15.59,31.07,49.27,91.97,95.68,123455.8,20399.0,0.17,Bullish,15,10,15,0,15,25,25,"Above 50 DMA, RSI recovering zone, Close to 52W low with recovery potential, Below 200 DMA risk"
06.10.2026 at 12:47 AM IST,KSHINTL,Unknown,Unknown,1028.2,2.71,330.4,1198.0,211.2,14.17,49.53,994.93,,291524.85,214036.0,0.73,Bullish,15,10,0,0,0,25,25,"Above 50 DMA, RSI recovering zone"
06.10.2026 at 12:47 AM IST,SAREGAMA,Unknown,Unknown,494.75,-2.33,307.05,574.5,61.13,13.88,48.28,507.11,412.79,393041.1,237859.0,0.61,Bearish,15,10,0,0,0,25,25,"Above 200 DMA, RSI recovering zone"
06.10.2026 at 12:47 AM IST,YASHO,Unknown,Unknown,4036.0,0.76,1129.82,4994.0,257.23,19.18,49.25,4062.21,2388.68,35010.7,22593.0,0.65,Bearish,15,10,0,0,0,25,25,"Above 200 DMA, RSI recovering zone"
06.10.2026 at 12:47 AM IST,KRN,Unknown,Unknown,1414.7,-1.52,589.8,1687.0,139.86,16.14,45.17,1421.58,1101.08,222224.15,168444.0,0.76,Bearish,15,10,0,0,0,25,25,"Above 200 DMA, RSI recovering zone"
06.10.2026 at 12:47 AM IST,APCOTEXIND,Unknown,Unknown,593.25,-0.39,307.18,712.0,93.13,16.68,45.1,612.4,467.64,97138.85,84363.0,0.87,Bearish,15,10,0,0,0,25,25,"Above 200 DMA, RSI recovering zone"
06.10.2026 at 12:47 AM IST,KHAITANLTD,Unknown,Unknown,147.19,0.64,85.0,178.0,73.16,17.31,46.03,148.07,122.06,4486.1,900.0,0.2,Bearish,15,10,0,0,0,25,25,"Above 200 DMA, RSI recovering zone"
06.10.2026 at 12:47 AM IST,RAMAPHO,Unknown,Unknown,120.05,-0.03,103.29,216.76,16.22,44.62,45.34,123.16,132.9,18029.4,41090.0,2.28,Bearish,0,10,15,15,15,25,25,"RSI recovering zone, Close to 52W low with recovery potential, Strong volume expansion, Below 200 DMA risk"
06.10.2026 at 12:47 AM IST,SKIPPER,Unknown,Unknown,541.2,1.89,327.0,616.8,65.51,12.26,46.79,546.65,468.1,1507161.25,1034814.0,0.69,Bearish,15,10,0,0,0,25,25,"Above 200 DMA, RSI recovering zone"
06.10.2026 at 12:47 AM IST,AARTIDRUGS,Unknown,Unknown,421.0,-2.3,318.95,531.15,32.0,20.74,46.27,421.79,387.99,189917.5,171972.0,0.91,Bearish,15,10,0,0,0,25,25,"Above 200 DMA, RSI recovering zone"
06.10.2026 at 12:47 AM IST,GOLDIAM,Unknown,Unknown,310.8,-0.85,198.75,398.2,56.38,21.95,36.78,346.67,300.94,452037.1,423092.0,0.94,Bearish,15,8,0,0,0,23,23,"Above 200 DMA, Weak but watchable RSI"
06.10.2026 at 12:47 AM IST,URBANCO,Consumer Services,Unknown,156.34,-0.72,100.7,183.97,55.25,15.02,41.86,156.45,134.11,5095835.45,3669838.0,0.72,Bearish,15,8,0,0,0,23,23,"Above 200 DMA, Weak but watchable RSI"
06.10.2026 at 12:47 AM IST,PWL,Consumer Services,Unknown,120.17,-2.68,77.72,161.99,54.62,25.82,39.91,125.77,115.93,11974899.95,5922570.0,0.49,Bearish,15,8,0,0,0,23,23,"Above 200 DMA, Weak but watchable RSI"
06.10.2026 at 12:47 AM IST,PRUDENT,Unknown,Unknown,3119.1,-0.32,2118.41,4105.5,47.24,24.03,41.53,3299.24,2793.29,32081.15,26057.0,0.81,Bearish,15,8,0,0,0,23,23,"Above 200 DMA, Weak but watchable RSI"
06.10.2026 at 12:47 AM IST,ANANDRATHI,Financial Services,Unknown,2117.5,-0.12,1351.2,2268.4,56.71,6.65,40.16,2154.13,1809.99,350967.95,284498.0,0.81,Bearish,15,8,0,0,0,23,23,"Above 200 DMA, Weak but watchable RSI"
06.10.2026 at 12:47 AM IST,ANANTRAJ,Realty,Unknown,577.85,-3.51,402.34,742.43,43.62,22.17,38.99,612.04,545.48,1864342.65,1533673.0,0.82,Bearish,15,8,0,0,0,23,23,"Above 200 DMA, Weak but watchable RSI"
06.10.2026 at 12:47 AM IST,JUBLCPL,Unknown,Unknown,2037.3,-1.16,1460.0,2753.1,39.54,26.0,43.97,2077.47,1958.1,8186.85,4880.0,0.6,Bearish,15,8,0,0,0,23,23,"Above 200 DMA, Weak but watchable RSI"
06.10.2026 at 12:47 AM IST,MEDPLUS,Unknown,Unknown,654.3,-0.09,642.6,1022.2,1.82,35.99,41.61,673.78,800.95,96126.5,134611.0,1.4,Bearish,0,8,20,10,15,23,23,"Weak but watchable RSI, Near 52W low with non-crashing RSI, Volume expansion, Below 200 DMA risk"
06.10.2026 at 12:47 AM IST,MAYURUNIQ,Unknown,Unknown,711.55,-3.1,467.56,899.99,52.18,20.94,41.1,748.82,646.67,109768.45,79848.0,0.73,Bearish,15,8,0,0,0,23,23,"Above 200 DMA, Weak but watchable RSI"
06.10.2026 at 12:47 AM IST,MBLINFRA,Unknown,Unknown,23.11,1.14,18.37,45.6,25.8,49.32,53.88,23.6,25.88,48800.1,94794.0,1.94,Bearish,0,20,8,10,15,23,23,"Healthy RSI momentum, Within 30% of 52W low, Volume expansion, Below 200 DMA risk"
06.10.2026 at 12:47 AM IST,MARSONS,Unknown,Unknown,114.26,-1.02,100.25,175.4,13.98,34.86,39.21,117.9,,2985783.1,1908792.0,0.64,Bearish,0,8,15,0,0,23,23,"Weak but watchable RSI, Close to 52W low with recovery potential"
06.10.2026 at 12:47 AM IST,JSWSTEEL,Metals & Mining,Unknown,1233.0,-1.63,1067.07,1351.0,15.55,8.73,38.87,1285.63,1234.09,1384656.6,3158301.0,2.28,Bearish,0,8,15,15,15,23,23,"Weak but watchable RSI, Close to 52W low with recovery potential, Strong volume expansion, Below 200 DMA risk"
06.10.2026 at 12:47 AM IST,LTTS,Information Technology,Unknown,3267.8,1.21,2976.44,4673.3,9.79,30.08,44.39,3455.22,3535.25,56396.65,80220.0,1.42,Bearish,0,8,20,10,15,23,23,"Weak but watchable RSI, Near 52W low with non-crashing RSI, Volume expansion, Below 200 DMA risk"
06.10.2026 at 12:47 AM IST,LEMERITE,Unknown,Unknown,19.28,-3.26,17.73,107.57,8.74,82.08,40.08,21.56,59.26,289269.4,622057.0,2.15,Bearish,0,8,20,15,20,23,23,"Weak but watchable RSI, Near 52W low with non-crashing RSI, Strong volume expansion, Below 200 DMA risk, Very far from 52W high"
06.10.2026 at 12:47 AM IST,IRFC,Financial Services,Unknown,77.06,-2.8,76.51,135.73,0.72,43.22,32.15,84.27,98.63,9175908.05,12764829.0,1.39,Bearish,0,8,20,10,15,23,23,"Weak but watchable RSI, Near 52W low with non-crashing RSI, Volume expansion, Below 200 DMA risk"
06.10.2026 at 12:47 AM IST,ITC,Fast Moving Consumer Goods,Unknown,255.9,-2.61,254.65,406.57,0.49,37.06,36.35,271.1,295.84,10643242.45,16447266.0,1.55,Bearish,0,8,20,10,15,23,23,"Weak but watchable RSI, Near 52W low with non-crashing RSI, Volume expansion, Below 200 DMA risk"
06.10.2026 at 12:47 AM IST,LAXMIINDIA,Unknown,Unknown,119.02,-1.72,71.06,159.59,67.49,25.42,42.78,127.63,112.14,224077.15,51642.0,0.23,Bearish,15,8,0,0,0,23,23,"Above 200 DMA, Weak but watchable RSI"
06.10.2026 at 12:47 AM IST,LMW,Unknown,Unknown,16548.0,-1.86,11893.88,20151.0,39.13,17.88,33.22,17769.14,15617.72,4264.6,3047.0,0.71,Bearish,15,8,0,0,0,23,23,"Above 200 DMA, Weak but watchable RSI"
06.10.2026 at 12:47 AM IST,AMBIKCO,Unknown,Unknown,1505.8,-0.97,1075.84,1886.88,39.96,20.2,34.94,1607.2,1463.04,8593.9,7854.0,0.91,Bearish,15,8,0,0,0,23,23,"Above 200 DMA, Weak but watchable RSI"
06.10.2026 at 12:47 AM IST,GARFIBRES,Unknown,Unknown,768.4,-0.32,579.04,862.34,32.7,10.89,43.89,784.03,694.2,40793.85,27452.0,0.67,Bearish,15,8,0,0,0,23,23,"Above 200 DMA, Weak but watchable RSI"
06.10.2026 at 12:47 AM IST,GANECOS,Unknown,Unknown,976.2,-2.44,651.31,1263.65,49.88,22.75,39.67,1060.34,942.64,102686.0,51318.0,0.5,Bearish,15,8,0,0,0,23,23,"Above 200 DMA, Weak but watchable RSI"
06.10.2026 at 12:47 AM IST,GABRIEL,Automobile and Auto Components,Unknown,1315.0,-2.0,794.06,1596.7,65.61,17.64,44.94,1400.16,1127.4,646916.9,361027.0,0.56,Bearish,15,8,0,0,0,23,23,"Above 200 DMA, Weak but watchable RSI"
06.10.2026 at 12:47 AM IST,GAEL,Unknown,Unknown,157.69,-1.57,101.02,184.66,56.1,14.61,42.16,167.53,151.26,560642.3,503840.0,0.9,Bearish,15,8,0,0,0,23,23,"Above 200 DMA, Weak but watchable RSI"
06.10.2026 at 12:47 AM IST,BANKBARODA,Financial Services,Unknown,230.82,0.12,223.82,315.3,3.13,26.79,41.18,240.35,264.58,6631127.1,9034271.0,1.36,Bearish,0,8,20,10,15,23,23,"Weak but watchable RSI, Near 52W low with non-crashing RSI, Volume expansion, Below 200 DMA risk"
06.10.2026 at 12:47 AM IST,GEOJITFSL,Unknown,Unknown,75.7,-1.16,49.9,86.5,51.71,12.49,38.65,79.36,71.77,338368.5,221521.0,0.65,Bearish,15,8,0,0,0,23,23,"Above 200 DMA, Weak but watchable RSI"
06.10.2026 at 12:47 AM IST,BALKRISIND,Automobile and Auto Components,Unknown,2083.5,-1.58,1963.17,2765.38,6.13,24.66,33.11,2284.21,2271.94,221399.65,326468.0,1.47,Bearish,0,8,20,10,15,23,23,"Weak but watchable RSI, Near 52W low with non-crashing RSI, Volume expansion, Below 200 DMA risk"
06.10.2026 at 12:47 AM IST,BALRAMCHIN,Fast Moving Consumer Goods,Unknown,649.05,-2.08,393.55,780.95,64.92,16.89,43.52,662.17,538.84,1577271.2,838261.0,0.53,Bearish,15,8,0,0,0,23,23,"Above 200 DMA, Weak but watchable RSI"
06.10.2026 at 12:47 AM IST,BALUFORGE,Unknown,Unknown,488.95,-1.49,340.95,677.8,43.41,27.86,39.97,515.96,486.9,732239.85,375442.0,0.51,Bearish,15,8,0,0,0,23,23,"Above 200 DMA, Weak but watchable RSI"
06.10.2026 at 12:47 AM IST,63MOONS,Unknown,Unknown,802.25,-1.09,465.92,955.73,72.19,16.06,42.23,827.68,695.08,488851.0,207253.0,0.42,Bearish,15,8,0,0,0,23,23,"Above 200 DMA, Weak but watchable RSI"
06.10.2026 at 12:47 AM IST,TAINWALCHM,Unknown,Unknown,203.29,-0.93,152.71,253.21,33.12,19.71,41.87,208.33,195.27,4173.05,2767.0,0.66,Bearish,15,8,0,0,0,23,23,"Above 200 DMA, Weak but watchable RSI"
06.10.2026 at 12:47 AM IST,PARKHOSPS,Unknown,Unknown,270.8,-1.51,138.1,305.0,96.09,11.21,36.14,282.03,233.5,484348.7,436458.0,0.9,Bearish,15,8,0,0,0,23,23,"Above 200 DMA, Weak but watchable RSI"
06.10.2026 at 12:47 AM IST,AADHARHFC,Financial Services,Unknown,448.4,2.84,427.3,563.0,4.94,20.36,42.86,475.86,481.57,361402.65,620361.0,1.72,Bearish,0,8,20,10,15,23,23,"Weak but watchable RSI, Near 52W low with non-crashing RSI, Volume expansion, Below 200 DMA risk"
06.10.2026 at 12:47 AM IST,CRAFTSMAN,Automobile and Auto Components,Unknown,10266.0,-1.45,6316.29,11999.0,62.53,14.44,37.67,10681.71,8708.97,50851.3,35248.0,0.69,Bearish,15,8,0,0,0,23,23,"Above 200 DMA, Weak but watchable RSI"
06.10.2026 at 12:47 AM IST,PARACABLES,Unknown,Unknown,56.51,0.27,28.3,75.7,99.68,25.35,35.3,63.26,50.79,1802017.55,1716908.0,0.95,Bearish,15,8,0,0,0,23,23,"Above 200 DMA, Weak but watchable RSI"
06.10.2026 at 12:47 AM IST,SEPC,Unknown,Unknown,5.08,1.2,4.65,12.19,9.25,58.33,39.45,5.6,7.09,7403979.55,12035116.0,1.63,Bearish,0,8,20,10,15,23,23,"Weak but watchable RSI, Near 52W low with non-crashing RSI, Volume expansion, Below 200 DMA risk"
06.10.2026 at 12:47 AM IST,SHAILY,Unknown,Unknown,3009.1,-1.76,1769.33,3611.99,70.07,16.69,38.83,3221.34,2598.56,156267.9,95844.0,0.61,Bearish,15,8,0,0,0,23,23,"Above 200 DMA, Weak but watchable RSI"
06.10.2026 at 12:47 AM IST,PARAS,Unknown,Unknown,1276.0,-2.67,580.1,1583.91,119.96,19.44,36.72,1367.14,960.76,871130.55,562208.0,0.65,Bearish,15,8,0,0,0,23,23,"Above 200 DMA, Weak but watchable RSI"
06.10.2026 at 12:47 AM IST,SHALBY,Unknown,Unknown,133.55,-3.68,125.82,273.0,6.14,51.08,32.8,151.76,162.85,134314.2,213871.0,1.59,Bearish,0,8,20,10,15,23,23,"Weak but watchable RSI, Near 52W low with non-crashing RSI, Volume expansion, Below 200 DMA risk"
06.10.2026 at 12:47 AM IST,CENTENKA,Unknown,Unknown,537.8,-3.03,364.44,659.42,47.57,18.44,38.68,575.05,481.16,52710.85,29192.0,0.55,Bearish,15,8,0,0,0,23,23,"Above 200 DMA, Weak but watchable RSI"
06.10.2026 at 12:47 AM IST,PALASHSECU,Unknown,Unknown,84.5,0.3,79.01,128.9,6.95,34.45,42.92,88.38,94.05,907.1,1349.0,1.49,Bearish,0,8,20,10,15,23,23,"Weak but watchable RSI, Near 52W low with non-crashing RSI, Volume expansion, Below 200 DMA risk"
06.10.2026 at 12:47 AM IST,ORKLAINDIA,Unknown,Unknown,537.2,-1.07,530.05,760.0,1.35,29.32,35.29,569.07,594.77,72041.4,93795.0,1.3,Bearish,0,8,20,10,15,23,23,"Weak but watchable RSI, Near 52W low with non-crashing RSI, Volume expansion, Below 200 DMA risk"
06.10.2026 at 12:47 AM IST,GPTHEALTH,Unknown,Unknown,151.47,0.48,113.97,175.0,32.91,13.45,37.1,158.3,141.66,129181.3,125173.0,0.97,Bearish,15,8,0,0,0,23,23,"Above 200 DMA, Weak but watchable RSI"
06.10.2026 at 12:47 AM IST,GRANULES,Healthcare,Unknown,821.75,-2.93,528.75,923.65,55.41,11.03,40.27,854.34,720.75,1389889.2,783432.0,0.56,Bearish,15,8,0,0,0,23,23,"Above 200 DMA, Weak but watchable RSI"
06.10.2026 at 12:47 AM IST,GOKULAGRO,Unknown,Unknown,210.1,-1.35,151.0,259.8,39.14,19.13,30.61,228.81,205.17,310927.65,232856.0,0.75,Bearish,15,8,0,0,0,23,23,"Above 200 DMA, Weak but watchable RSI"
06.10.2026 at 12:47 AM IST,USHAMART,Capital Goods,Unknown,491.7,-1.39,377.17,542.6,30.37,9.38,43.18,501.72,461.11,1021603.55,431464.0,0.42,Bearish,15,8,0,0,0,23,23,"Above 200 DMA, Weak but watchable RSI"
06.10.2026 at 12:47 AM IST,ZYDUSWELL,Fast Moving Consumer Goods,Unknown,493.25,-3.81,366.82,611.85,34.47,19.38,35.72,531.93,487.63,583913.2,151840.0,0.26,Bearish,15,8,0,0,0,23,23,"Above 200 DMA, Weak but watchable RSI"
06.10.2026 at 12:47 AM IST,VIMTALABS,Unknown,Unknown,584.35,-2.66,374.67,771.85,55.97,24.29,39.05,620.8,531.08,149210.2,118361.0,0.79,Bearish,15,8,0,0,0,23,23,"Above 200 DMA, Weak but watchable RSI"
06.10.2026 at 12:47 AM IST,SHREECEM,Construction Materials,Unknown,21900.0,-1.99,21355.0,30121.13,2.55,27.29,36.95,24166.0,25163.81,41229.0,59306.0,1.44,Bearish,0,8,20,10,15,23,23,"Weak but watchable RSI, Near 52W low with non-crashing RSI, Volume expansion, Below 200 DMA risk"
06.10.2026 at 12:47 AM IST,POLYMED,Healthcare,Unknown,1638.1,-2.13,1179.58,2090.02,38.87,21.62,39.05,1723.75,1565.02,105332.4,91694.0,0.87,Bearish,15,8,0,0,0,23,23,"Above 200 DMA, Weak but watchable RSI"
06.10.2026 at 12:47 AM IST,SHEMAROO,Unknown,Unknown,115.21,-1.63,73.0,143.0,57.82,19.43,38.06,122.84,110.52,9763.3,5349.0,0.55,Bearish,15,8,0,0,0,23,23,"Above 200 DMA, Weak but watchable RSI"
06.10.2026 at 12:47 AM IST,CHEMBOND,Unknown,Unknown,177.64,-2.79,104.03,236.8,70.76,24.98,41.66,182.08,163.52,33667.65,8226.0,0.24,Bearish,15,8,0,0,0,23,23,"Above 200 DMA, Weak but watchable RSI"
06.10.2026 at 12:47 AM IST,CEMPRO,Construction,Unknown,1178.9,-1.12,502.02,1649.2,134.83,28.52,36.36,1278.32,964.8,223304.85,221740.0,0.99,Bearish,15,8,0,0,0,23,23,"Above 200 DMA, Weak but watchable RSI"
06.10.2026 at 12:47 AM IST,PPL,Unknown,Unknown,243.55,-3.87,161.8,331.51,50.53,26.53,31.96,265.0,231.23,27238.1,20982.0,0.77,Bearish,15,8,0,0,0,23,23,"Above 200 DMA, Weak but watchable RSI"
06.10.2026 at 12:47 AM IST,POLYPLEX,Unknown,Unknown,1028.0,-2.56,739.37,1262.93,39.04,18.6,31.23,1137.74,951.01,42176.95,41338.0,0.98,Bearish,15,8,0,0,0,23,23,"Above 200 DMA, Weak but watchable RSI"
06.10.2026 at 12:47 AM IST,KOLTEPATIL,Unknown,Unknown,418.8,-1.42,292.25,554.6,43.3,24.49,40.47,437.49,382.95,109774.0,65771.0,0.6,Bearish,15,8,0,0,0,23,23,"Above 200 DMA, Weak but watchable RSI"
06.10.2026 at 12:47 AM IST,PPLPHARMA,Healthcare,Unknown,197.97,-4.14,132.3,231.93,49.64,14.64,38.97,208.4,174.52,4125681.55,3574489.0,0.87,Bearish,15,8,0,0,0,23,23,"Above 200 DMA, Weak but watchable RSI"
06.10.2026 at 12:47 AM IST,PIONEEREMB,Unknown,Unknown,20.07,-2.53,19.61,38.5,2.35,47.87,32.34,22.26,24.82,12919.15,23487.0,1.82,Bearish,0,8,20,10,15,23,23,"Weak but watchable RSI, Near 52W low with non-crashing RSI, Volume expansion, Below 200 DMA risk"
06.10.2026 at 12:47 AM IST,PIRAMALFIN,Financial Services,Unknown,2023.3,-1.01,1252.89,2326.4,61.49,13.03,34.32,2155.88,1937.8,402347.0,303300.0,0.75,Bearish,15,8,0,0,0,23,23,"Above 200 DMA, Weak but watchable RSI"
06.10.2026 at 12:47 AM IST,DATAPATTNS,Capital Goods,Unknown,4251.3,-0.83,2126.36,5000.0,99.93,14.97,39.44,4531.75,3759.28,595753.2,305681.0,0.51,Bearish,15,8,0,0,0,23,23,"Above 200 DMA, Weak but watchable RSI"
06.10.2026 at 12:47 AM IST,PCBL,Chemicals,Unknown,321.5,-2.9,223.38,382.23,43.92,15.89,44.04,325.23,296.16,1757235.3,878765.0,0.5,Bearish,15,8,0,0,0,23,23,"Above 200 DMA, Weak but watchable RSI"
06.10.2026 at 12:47 AM IST,PDSL,Unknown,Unknown,347.55,-1.35,244.91,416.56,41.91,16.57,44.31,358.18,328.95,135996.35,72513.0,0.53,Bearish,15,8,0,0,0,23,23,"Above 200 DMA, Weak but watchable RSI"
06.10.2026 at 12:47 AM IST,GOCLCORP,Unknown,Unknown,351.65,-2.98,208.57,430.87,68.6,18.39,33.55,385.58,317.74,264433.0,126291.0,0.48,Bearish,15,8,0,0,0,23,23,"Above 200 DMA, Weak but watchable RSI"
06.10.2026 at 12:47 AM IST,GKWLIMITED,Unknown,Unknown,1530.0,-1.29,1375.0,1985.4,11.27,22.94,41.49,1598.26,1661.04,797.1,5515.0,6.92,Bearish,0,8,15,15,15,23,23,"Weak but watchable RSI, Close to 52W low with recovery potential, Strong volume expansion, Below 200 DMA risk"
06.10.2026 at 12:47 AM IST,GLAXO,Healthcare,Unknown,2771.1,0.07,2088.1,3120.7,32.71,11.2,43.03,2808.13,2475.01,76405.7,73407.0,0.96,Bearish,15,8,0,0,0,23,23,"Above 200 DMA, Weak but watchable RSI"
06.10.2026 at 12:47 AM IST,SUNDRMFAST,Unknown,Unknown,1123.6,-1.38,726.53,1347.2,54.65,16.6,34.59,1161.42,948.66,275503.25,145775.0,0.53,Bearish,15,8,0,0,0,23,23,"Above 200 DMA, Weak but watchable RSI"
06.10.2026 at 12:47 AM IST,BETA,Unknown,Unknown,2073.3,0.99,990.1,2807.9,109.4,26.16,44.12,2245.69,1696.9,16952.2,8698.0,0.51,Bearish,15,8,0,0,0,23,23,"Above 200 DMA, Weak but watchable RSI"
06.10.2026 at 12:47 AM IST,TATATECH,Information Technology,Unknown,698.8,-1.23,499.73,891.0,39.84,21.57,34.35,778.91,672.14,850990.85,648223.0,0.76,Bearish,15,8,0,0,0,23,23,"Above 200 DMA, Weak but watchable RSI"
06.10.2026 at 12:47 AM IST,TCC,Unknown,Unknown,47.07,-0.84,39.37,105.28,19.56,55.29,42.96,50.96,,6506661.0,459771.0,0.07,Bearish,0,8,15,0,0,23,23,"Weak but watchable RSI, Close to 52W low with recovery potential"
06.10.2026 at 12:47 AM IST,BCPL,Unknown,Unknown,67.25,-2.34,59.27,90.89,13.45,26.01,42.78,69.49,,14849.8,12237.0,0.82,Bearish,0,8,15,0,0,23,23,"Weak but watchable RSI, Close to 52W low with recovery potential"
06.10.2026 at 12:47 AM IST,TATACONSUM,Fast Moving Consumer Goods,Unknown,957.0,0.79,945.0,1271.94,1.27,24.76,33.79,1038.0,1107.93,1227650.7,1829307.0,1.49,Bearish,0,8,20,10,15,23,23,"Weak but watchable RSI, Near 52W low with non-crashing RSI, Volume expansion, Below 200 DMA risk"
06.10.2026 at 12:47 AM IST,TALBROAUTO,Unknown,Unknown,419.7,-2.36,219.61,485.8,91.11,13.61,43.47,422.8,334.68,392626.9,208135.0,0.53,Bearish,15,8,0,0,0,23,23,"Above 200 DMA, Weak but watchable RSI"
06.10.2026 at 12:47 AM IST,PAUSHAKLTD,Unknown,Unknown,650.3,-2.25,340.93,826.75,90.74,21.34,36.1,710.49,545.68,31933.6,23637.0,0.74,Bearish,15,8,0,0,0,23,23,"Above 200 DMA, Weak but watchable RSI"
06.10.2026 at 12:47 AM IST,UTLSOLAR,Unknown,Unknown,401.65,0.8,172.0,494.25,133.52,18.74,41.52,422.45,297.73,242753.05,236989.0,0.98,Bearish,15,8,0,0,0,23,23,"Above 200 DMA, Weak but watchable RSI"
06.10.2026 at 12:47 AM IST,ANTHEM,Healthcare,Unknown,855.75,-0.33,577.64,977.55,48.14,12.46,38.87,881.36,750.82,837737.6,648832.0,0.77,Bearish,15,8,0,0,0,23,23,"Above 200 DMA, Weak but watchable RSI"
06.10.2026 at 12:47 AM IST,ANDHRSUGAR,Unknown,Unknown,91.06,-2.24,65.65,105.86,38.71,13.98,40.35,93.78,82.61,313369.15,308635.0,0.98,Bearish,15,8,0,0,0,23,23,"Above 200 DMA, Weak but watchable RSI"
06.10.2026 at 12:47 AM IST,ARVIND,Unknown,Unknown,534.05,-1.08,275.69,607.15,93.71,12.04,44.04,544.27,439.04,633461.1,565179.0,0.89,Bearish,15,8,0,0,0,23,23,"Above 200 DMA, Weak but watchable RSI"
06.10.2026 at 12:47 AM IST,DALMIASUG,Unknown,Unknown,396.7,-2.96,256.45,520.0,54.69,23.71,42.53,422.73,350.39,233975.7,146859.0,0.63,Bearish,15,8,0,0,0,23,23,"Above 200 DMA, Weak but watchable RSI"
06.10.2026 at 12:47 AM IST,SAGARDEEP,Unknown,Unknown,22.52,-2.64,20.81,31.48,8.22,28.46,36.1,23.93,24.53,5916.2,10991.0,1.86,Bearish,0,8,20,10,15,23,23,"Weak but watchable RSI, Near 52W low with non-crashing RSI, Volume expansion, Below 200 DMA risk"
06.10.2026 at 12:47 AM IST,APOLLOPIPE,Unknown,Unknown,512.6,0.94,251.75,668.8,103.61,23.36,39.31,550.21,442.89,203913.35,140005.0,0.69,Bearish,15,8,0,0,0,23,23,"Above 200 DMA, Weak but watchable RSI"
06.10.2026 at 12:47 AM IST,DEVYANI,Consumer Services,Unknown,127.07,-2.47,91.55,169.75,38.8,25.14,33.2,135.15,122.84,1647047.1,1020731.0,0.62,Bearish,15,8,0,0,0,23,23,"Above 200 DMA, Weak but watchable RSI"
06.10.2026 at 12:47 AM IST,DHANUKA,Unknown,Unknown,935.05,0.72,887.89,1528.96,5.31,38.84,35.81,991.12,1051.47,21175.3,35421.0,1.67,Bearish,0,8,20,10,15,23,23,"Weak but watchable RSI, Near 52W low with non-crashing RSI, Volume expansion, Below 200 DMA risk"
06.10.2026 at 12:47 AM IST,RUBICON,Healthcare,Unknown,1630.9,0.71,570.19,1899.0,186.03,14.12,40.4,1693.29,1130.51,263160.65,153955.0,0.59,Bearish,15,8,0,0,0,23,23,"Above 200 DMA, Weak but watchable RSI"
06.10.2026 at 12:47 AM IST,DCMNVL,Unknown,Unknown,166.47,-3.55,95.6,198.58,74.13,16.17,37.89,171.49,145.32,12683.1,9412.0,0.74,Bearish,15,8,0,0,0,23,23,"Above 200 DMA, Weak but watchable RSI"
06.10.2026 at 12:47 AM IST,DCBBANK,Unknown,Unknown,199.71,-1.88,126.35,234.8,58.06,14.94,35.8,205.33,187.41,1306962.15,842489.0,0.64,Bearish,15,8,0,0,0,23,23,"Above 200 DMA, Weak but watchable RSI"
06.10.2026 at 12:47 AM IST,SANSTAR,Unknown,Unknown,103.0,-1.85,74.3,137.49,38.63,25.09,33.64,110.36,100.59,167872.0,104636.0,0.62,Bearish,15,8,0,0,0,23,23,"Above 200 DMA, Weak but watchable RSI"
06.10.2026 at 12:47 AM IST,UNIVCABLES,Unknown,Unknown,1451.3,0.58,573.9,1774.9,152.88,18.23,44.65,1521.34,1060.07,117594.65,81588.0,0.69,Bearish,15,8,0,0,0,23,23,"Above 200 DMA, Weak but watchable RSI"
06.10.2026 at 12:47 AM IST,UMIYA-MRO,Unknown,Unknown,91.76,-1.5,70.0,110.9,31.09,17.26,41.1,93.24,87.51,25953.65,20020.0,0.77,Bearish,15,8,0,0,0,23,23,"Above 200 DMA, Weak but watchable RSI"
06.10.2026 at 12:47 AM IST,SANDUMA,Unknown,Unknown,177.67,-2.48,170.09,272.33,4.45,34.76,33.77,197.2,208.61,500815.1,662436.0,1.32,Bearish,0,8,20,10,15,23,23,"Weak but watchable RSI, Near 52W low with non-crashing RSI, Volume expansion, Below 200 DMA risk"
06.10.2026 at 12:47 AM IST,UNIINFO,Unknown,Unknown,10.85,-0.82,9.36,18.98,15.92,42.83,39.95,11.57,12.8,2074.3,4175.0,2.01,Bearish,0,8,15,15,15,23,23,"Weak but watchable RSI, Close to 52W low with recovery potential, Strong volume expansion, Below 200 DMA risk"
06.10.2026 at 12:47 AM IST,SARLAPOLY,Unknown,Unknown,92.02,-2.06,67.08,111.0,37.18,17.1,30.64,99.74,91.12,45802.05,37841.0,0.83,Bearish,15,8,0,0,0,23,23,"Above 200 DMA, Weak but watchable RSI"
06.10.2026 at 12:47 AM IST,INTERARCH,Unknown,Unknown,1666.9,-0.39,1588.15,2742.14,4.96,39.21,41.68,1721.67,1877.47,46109.7,61235.0,1.33,Bearish,0,8,20,10,15,23,23,"Weak but watchable RSI, Near 52W low with non-crashing RSI, Volume expansion, Below 200 DMA risk"
06.10.2026 at 12:47 AM IST,IOC,Oil Gas & Consumable Fuels,Unknown,131.34,-2.66,129.07,184.96,1.76,28.99,39.99,137.39,146.51,7661881.05,12239747.0,1.6,Bearish,0,8,20,10,15,23,23,"Weak but watchable RSI, Near 52W low with non-crashing RSI, Volume expansion, Below 200 DMA risk"
06.10.2026 at 12:47 AM IST,INGERRAND,Unknown,Unknown,4158.8,0.36,3049.54,4955.0,36.37,16.07,34.15,4460.65,4051.65,19548.35,12216.0,0.62,Bearish,15,8,0,0,0,23,23,"Above 200 DMA, Weak but watchable RSI"
06.10.2026 at 12:47 AM IST,JINDALPOLY,Unknown,Unknown,653.7,-2.8,365.0,1026.45,79.1,36.31,40.61,663.85,641.77,52441.05,15020.0,0.29,Bearish,15,8,0,0,0,23,23,"Above 200 DMA, Weak but watchable RSI"
06.10.2026 at 12:47 AM IST,JINDRILL,Unknown,Unknown,587.65,-2.16,439.39,704.4,33.74,16.57,43.51,615.43,561.26,760029.8,168192.0,0.22,Bearish,15,8,0,0,0,23,23,"Above 200 DMA, Weak but watchable RSI"
06.10.2026 at 12:47 AM IST,SAPPHIRE,Unknown,Unknown,209.82,-1.07,139.91,310.5,49.97,32.43,35.81,222.28,199.56,846943.75,546541.0,0.65,Bearish,15,8,0,0,0,23,23,"Above 200 DMA, Weak but watchable RSI"
06.10.2026 at 12:47 AM IST,IVC,Unknown,Unknown,7.81,0.13,5.56,10.15,40.53,23.02,43.91,7.97,7.36,508329.15,348348.0,0.69,Bearish,15,8,0,0,0,23,23,"Above 200 DMA, Weak but watchable RSI"
06.10.2026 at 12:47 AM IST,IZMO,Unknown,Unknown,855.95,-2.15,569.35,1175.4,50.34,27.18,38.09,929.78,832.34,103586.2,79046.0,0.76,Bearish,15,8,0,0,0,23,23,"Above 200 DMA, Weak but watchable RSI"
06.10.2026 at 12:47 AM IST,CAPLIPOINT,Healthcare,Unknown,2631.9,-3.11,1495.03,2990.0,76.04,11.98,44.58,2633.53,2118.49,197118.2,154382.0,0.78,Bearish,15,8,0,0,0,23,23,"Above 200 DMA, Weak but watchable RSI"
06.10.2026 at 12:47 AM IST,KFINTECH,Financial Services,Unknown,832.0,-0.95,774.46,1198.77,7.43,30.6,30.61,924.93,927.09,530667.4,857914.0,1.62,Bearish,0,8,20,10,15,23,23,"Weak but watchable RSI, Near 52W low with non-crashing RSI, Volume expansion, Below 200 DMA risk"
06.10.2026 at 12:47 AM IST,LAL,Unknown,Unknown,8.45,0.36,5.56,11.25,51.98,24.89,43.11,8.71,8.06,76766.7,48289.0,0.63,Bearish,15,8,0,0,0,23,23,"Above 200 DMA, Weak but watchable RSI"
06.10.2026 at 12:47 AM IST,LANDMARK,Unknown,Unknown,463.25,-2.62,338.43,659.92,36.88,29.8,38.44,510.97,441.2,960903.45,205673.0,0.21,Bearish,15,8,0,0,0,23,23,"Above 200 DMA, Weak but watchable RSI"
06.10.2026 at 12:47 AM IST,KSOLVES,Unknown,Unknown,241.14,-3.08,237.5,349.26,1.53,30.96,33.15,267.94,280.9,35143.8,60635.0,1.73,Bearish,0,8,20,10,15,23,23,"Weak but watchable RSI, Near 52W low with non-crashing RSI, Volume expansion, Below 200 DMA risk"
06.10.2026 at 12:47 AM IST,ADVANIHOTR,Unknown,Unknown,46.98,-2.15,46.3,63.41,1.46,25.91,36.21,49.56,52.37,19586.5,33487.0,1.71,Bearish,0,8,20,10,15,23,23,"Weak but watchable RSI, Near 52W low with non-crashing RSI, Volume expansion, Below 200 DMA risk"
06.10.2026 at 12:47 AM IST,KIRLOSIND,Unknown,Unknown,3471.4,-2.78,2454.51,4559.03,41.43,23.86,34.19,3728.34,3347.96,39432.5,5877.0,0.15,Bearish,15,8,0,0,0,23,23,"Above 200 DMA, Weak but watchable RSI"
06.10.2026 at 12:47 AM IST,WENDT,Unknown,Unknown,8116.0,-2.82,5833.99,9158.91,39.12,11.39,40.34,8294.1,7441.79,15854.1,14731.0,0.93,Bearish,15,8,0,0,0,23,23,"Above 200 DMA, Weak but watchable RSI"
06.10.2026 at 12:47 AM IST,QUESS,Unknown,Unknown,336.2,0.37,162.54,388.75,106.84,13.52,43.5,340.37,244.31,565166.85,369564.0,0.65,Bearish,15,8,0,0,0,23,23,"Above 200 DMA, Weak but watchable RSI"
06.10.2026 at 12:47 AM IST,EXICOM,Unknown,Unknown,151.1,-0.66,75.6,189.17,99.87,20.12,37.83,162.2,131.23,1541220.05,840406.0,0.55,Bearish,15,8,0,0,0,23,23,"Above 200 DMA, Weak but watchable RSI"
06.10.2026 at 12:47 AM IST,EMMVEE,Capital Goods,Unknown,305.9,-3.17,170.98,370.41,78.91,17.42,37.42,324.17,270.63,2458637.1,1383663.0,0.56,Bearish,15,8,0,0,0,23,23,"Above 200 DMA, Weak but watchable RSI"
06.10.2026 at 12:47 AM IST,THANGAMAYL,Consumer Durables,Unknown,4861.0,-3.97,1934.09,7430.0,151.33,34.58,41.1,5368.9,4516.35,86364.25,73885.0,0.86,Bearish,15,8,0,0,0,23,23,"Above 200 DMA, Weak but watchable RSI"
06.10.2026 at 12:47 AM IST,THEMISMED,Unknown,Unknown,113.19,-2.81,64.69,146.4,74.99,22.68,39.71,116.45,100.45,360269.95,69276.0,0.19,Bearish,15,8,0,0,0,23,23,"Above 200 DMA, Weak but watchable RSI"
06.10.2026 at 12:47 AM IST,AXISBANK,Financial Services,Unknown,1217.1,-0.73,1149.41,1417.21,5.89,14.12,44.52,1241.19,1284.5,4885532.95,7005197.0,1.43,Bearish,0,8,20,10,15,23,23,"Weak but watchable RSI, Near 52W low with non-crashing RSI, Volume expansion, Below 200 DMA risk"
06.10.2026 at 12:47 AM IST,GUJALKALI,Unknown,Unknown,603.6,-2.46,398.4,793.59,51.51,23.94,34.81,666.18,589.52,91562.0,66105.0,0.72,Bearish,15,8,0,0,0,23,23,"Above 200 DMA, Weak but watchable RSI"
06.10.2026 at 12:47 AM IST,GSLSU,Unknown,Unknown,29.96,-3.35,23.06,139.67,29.92,78.55,50.42,29.29,57.75,72027.95,35027.0,0.49,Bullish,15,20,8,0,20,23,23,"Above 50 DMA, Healthy RSI momentum, Within 30% of 52W low, Below 200 DMA risk, Very far from 52W high"
06.10.2026 at 12:47 AM IST,ATLANTAA,Unknown,Unknown,35.71,-4.13,31.52,73.39,13.29,51.34,42.49,37.8,40.4,70231.2,448047.0,6.38,Bearish,0,8,15,15,15,23,23,"Weak but watchable RSI, Close to 52W low with recovery potential, Strong volume expansion, Below 200 DMA risk"
06.10.2026 at 12:47 AM IST,NOCIL,Unknown,Unknown,168.85,-1.32,124.15,211.2,36.0,20.05,41.01,173.5,161.4,2348143.95,1286680.0,0.55,Bearish,15,8,0,0,0,23,23,"Above 200 DMA, Weak but watchable RSI"
06.10.2026 at 12:47 AM IST,NORTHARC,Unknown,Unknown,288.7,0.47,206.0,334.0,40.15,13.56,41.24,294.79,273.26,1018240.75,765513.0,0.75,Bearish,15,8,0,0,0,23,23,"Above 200 DMA, Weak but watchable RSI"
06.10.2026 at 12:47 AM IST,NILKAMAL,Unknown,Unknown,1871.8,-1.57,1034.47,2149.5,80.94,12.92,42.8,1919.68,1462.7,24317.45,24018.0,0.99,Bearish,15,8,0,0,0,23,23,"Above 200 DMA, Weak but watchable RSI"
06.10.2026 at 12:47 AM IST,HESTERBIO,Unknown,Unknown,2126.8,-2.25,1233.94,2683.6,72.36,20.75,38.47,2336.09,1863.57,7982.75,2718.0,0.34,Bearish,15,8,0,0,0,23,23,"Above 200 DMA, Weak but watchable RSI"
06.10.2026 at 12:47 AM IST,HCG,Unknown,Unknown,668.75,0.41,513.3,804.65,30.28,16.89,40.94,698.63,632.87,125088.65,108392.0,0.87,Bearish,15,8,0,0,0,23,23,"Above 200 DMA, Weak but watchable RSI"
06.10.2026 at 12:47 AM IST,HDFCAMC,Financial Services,Unknown,2308.1,1.2,2158.39,2903.74,6.94,20.51,37.88,2492.29,2558.77,619732.6,1134071.0,1.83,Bearish,0,8,20,10,15,23,23,"Weak but watchable RSI, Near 52W low with non-crashing RSI, Volume expansion, Below 200 DMA risk"
06.10.2026 at 12:47 AM IST,HAWKINCOOK,Unknown,Unknown,8026.0,0.23,6998.24,9450.43,14.69,15.07,42.84,8289.24,,3507.15,955.0,0.27,Bearish,0,8,15,0,0,23,23,"Weak but watchable RSI, Close to 52W low with recovery potential"
06.10.2026 at 12:47 AM IST,FIVESTAR,Financial Services,Unknown,506.25,-2.05,336.93,663.59,50.26,23.71,42.69,534.52,485.27,685473.3,547397.0,0.8,Bearish,15,8,0,0,0,23,23,"Above 200 DMA, Weak but watchable RSI"
06.10.2026 at 12:47 AM IST,FILATFASH,Unknown,Unknown,0.18,0.0,0.14,0.57,28.57,68.42,53.99,0.18,0.22,19085883.3,16018624.0,0.84,Bullish,15,20,8,0,20,23,23,"Above 50 DMA, Healthy RSI momentum, Within 30% of 52W low, Below 200 DMA risk, Very far from 52W high"
06.10.2026 at 12:47 AM IST,EXPLEOSOL,Unknown,Unknown,848.75,-1.06,562.35,1032.52,50.93,17.8,42.81,853.84,771.16,18167.25,16041.0,0.88,Bearish,15,8,0,0,0,23,23,"Above 200 DMA, Weak but watchable RSI"
06.10.2026 at 12:47 AM IST,SUTLEJTEX,Unknown,Unknown,36.24,-3.36,24.0,42.93,51.0,15.58,36.71,38.51,34.8,28468.8,17823.0,0.63,Bearish,15,8,0,0,0,23,23,"Above 200 DMA, Weak but watchable RSI"
06.10.2026 at 12:47 AM IST,BIRLACORPN,Unknown,Unknown,828.95,-1.32,759.72,1328.83,9.11,37.62,41.86,871.12,948.33,52502.85,82178.0,1.57,Bearish,0,8,20,10,15,23,23,"Weak but watchable RSI, Near 52W low with non-crashing RSI, Volume expansion, Below 200 DMA risk"
06.10.2026 at 12:47 AM IST,BHARATWIRE,Unknown,Unknown,160.12,-2.58,148.01,262.0,8.18,38.89,30.28,183.01,190.69,126482.85,222059.0,1.76,Bearish,0,8,20,10,15,23,23,"Weak but watchable RSI, Near 52W low with non-crashing RSI, Volume expansion, Below 200 DMA risk"
06.10.2026 at 12:47 AM IST,BHARTIHEXA,Telecommunication,Unknown,1379.2,-3.18,1365.6,1934.32,1.0,28.7,30.24,1543.98,1561.87,88386.9,116666.0,1.32,Bearish,0,8,20,10,15,23,23,"Weak but watchable RSI, Near 52W low with non-crashing RSI, Volume expansion, Below 200 DMA risk"
06.10.2026 at 12:47 AM IST,BIGBLOC,Unknown,Unknown,38.78,-2.54,36.8,80.0,5.38,51.53,37.51,42.95,51.59,37851.0,63041.0,1.67,Bearish,0,8,20,10,15,23,23,"Weak but watchable RSI, Near 52W low with non-crashing RSI, Volume expansion, Below 200 DMA risk"
06.10.2026 at 12:47 AM IST,NTPC,Power,Unknown,315.1,-2.37,309.84,409.97,1.7,23.14,30.9,332.92,354.58,7193094.0,10094465.0,1.4,Bearish,0,8,20,10,15,23,23,"Weak but watchable RSI, Near 52W low with non-crashing RSI, Volume expansion, Below 200 DMA risk"
06.10.2026 at 12:47 AM IST,VSTIND,Unknown,Unknown,201.14,-0.99,190.94,273.79,5.34,26.53,34.12,212.11,228.49,107598.65,142755.0,1.33,Bearish,0,8,20,10,15,23,23,"Weak but watchable RSI, Near 52W low with non-crashing RSI, Volume expansion, Below 200 DMA risk"
06.10.2026 at 12:47 AM IST,VOEPL,Unknown,Unknown,493.0,-0.03,428.65,593.45,15.01,16.93,44.54,509.79,,67407.35,39897.0,0.59,Bearish,0,8,15,0,0,23,23,"Weak but watchable RSI, Close to 52W low with recovery potential"
06.10.2026 at 12:47 AM IST,VOLTAMP,Unknown,Unknown,10426.0,-0.7,6594.35,12724.75,58.1,18.07,44.38,10471.8,9269.22,18687.35,16047.0,0.86,Bearish,15,8,0,0,0,23,23,"Above 200 DMA, Weak but watchable RSI"
06.10.2026 at 12:47 AM IST,AEROENTER,Unknown,Unknown,121.93,-1.67,62.02,159.6,96.6,23.6,42.88,130.74,102.56,964862.15,310374.0,0.32,Bearish,15,8,0,0,0,23,23,"Above 200 DMA, Weak but watchable RSI"
06.10.2026 at 12:47 AM IST,WONDERLA,Unknown,Unknown,495.1,-1.04,453.13,599.87,9.26,17.47,38.53,501.29,501.28,50139.0,79594.0,1.59,Bearish,0,8,20,10,15,23,23,"Weak but watchable RSI, Near 52W low with non-crashing RSI, Volume expansion, Below 200 DMA risk"
06.10.2026 at 12:47 AM IST,WORTHPERI,Unknown,Unknown,143.74,-1.56,108.3,168.71,32.72,14.8,41.52,150.08,138.26,7302.55,1747.0,0.24,Bearish,15,8,0,0,0,23,23,"Above 200 DMA, Weak but watchable RSI"
06.10.2026 at 12:47 AM IST,XPROINDIA,Unknown,Unknown,1136.2,-2.21,786.97,1572.64,44.38,27.75,38.46,1215.8,1114.48,72143.3,42823.0,0.59,Bearish,15,8,0,0,0,23,23,"Above 200 DMA, Weak but watchable RSI"
06.10.2026 at 12:47 AM IST,WILLAMAGOR,Unknown,Unknown,21.19,-7.83,20.53,36.9,3.21,42.57,33.35,24.53,26.72,3959.35,10397.0,2.63,Bearish,0,8,20,15,20,23,23,"Weak but watchable RSI, Near 52W low with non-crashing RSI, Strong volume expansion, Below 200 DMA risk, Sharp daily fall"
06.10.2026 at 12:47 AM IST,AEPL,Unknown,Unknown,15.34,1.05,13.25,20.25,15.77,24.25,44.81,15.56,,58892.1,33854.0,0.57,Bearish,0,8,15,0,0,23,23,"Weak but watchable RSI, Close to 52W low with recovery potential"
06.10.2026 at 12:47 AM IST,ALKYLAMINE,Unknown,Unknown,1741.4,-1.15,1205.2,2115.0,44.49,17.66,31.62,1905.36,1670.13,48123.55,37732.0,0.78,Bearish,15,8,0,0,0,23,23,"Above 200 DMA, Weak but watchable RSI"
06.10.2026 at 12:47 AM IST,AMAGI,Unknown,Unknown,554.05,0.84,310.2,727.4,78.61,23.83,42.34,596.26,,342270.2,919619.0,2.69,Bearish,0,8,0,15,0,23,23,"Weak but watchable RSI, Strong volume expansion"
06.10.2026 at 12:47 AM IST,VIVIDHA,Unknown,Unknown,0.5,-1.96,0.43,0.82,16.28,39.02,39.93,0.52,0.55,236076.55,606973.0,2.57,Bearish,0,8,15,15,15,23,23,"Weak but watchable RSI, Close to 52W low with recovery potential, Strong volume expansion, Below 200 DMA risk"
06.10.2026 at 12:47 AM IST,VMART,Unknown,Unknown,746.1,-1.01,457.29,886.81,63.16,15.87,30.84,799.86,687.85,78395.8,47930.0,0.61,Bearish,15,8,0,0,0,23,23,"Above 200 DMA, Weak but watchable RSI"
06.10.2026 at 12:47 AM IST,KPIL,Construction,Unknown,1356.4,-1.75,999.1,1468.0,35.76,7.6,41.94,1372.12,1246.35,137928.25,115268.0,0.84,Bearish,15,8,0,0,0,23,23,"Above 200 DMA, Weak but watchable RSI"
06.10.2026 at 12:47 AM IST,KPRMILL,Textiles,Unknown,1071.0,-2.93,794.35,1331.08,34.83,19.54,40.23,1108.9,991.64,186405.0,104769.0,0.56,Bearish,15,8,0,0,0,23,23,"Above 200 DMA, Weak but watchable RSI"
06.10.2026 at 12:47 AM IST,KERNEX,Unknown,Unknown,1643.5,-2.52,850.0,2580.0,93.35,36.3,39.01,1932.52,1551.51,184052.65,158148.0,0.86,Bearish,15,8,0,0,0,23,23,"Above 200 DMA, Weak but watchable RSI"
06.10.2026 at 12:47 AM IST,KOTHARIPET,Unknown,Unknown,126.58,-2.2,94.08,155.47,34.55,18.58,39.07,136.69,126.12,98443.75,44925.0,0.46,Bearish,15,8,0,0,0,23,23,"Above 200 DMA, Weak but watchable RSI"
06.10.2026 at 12:47 AM IST,KOVAI,Unknown,Unknown,5993.5,-0.22,2570.22,6444.0,133.19,6.99,44.51,6011.05,,4970.4,10377.0,2.09,Bearish,0,8,0,15,0,23,23,"Weak but watchable RSI, Strong volume expansion"
06.10.2026 at 12:47 AM IST,CONCORDBIO,Healthcare,Unknown,1374.1,0.04,981.13,1637.99,40.05,16.11,39.8,1450.58,1263.8,161723.95,147229.0,0.91,Bearish,15,8,0,0,0,23,23,"Above 200 DMA, Weak but watchable RSI"
06.10.2026 at 12:47 AM IST,CORDELIA,Unknown,Unknown,100.91,-1.64,62.31,118.53,61.95,14.87,43.96,97.17,,1768106.7,1443890.0,0.82,Bullish,15,8,0,0,0,23,23,"Above 50 DMA, Weak but watchable RSI"
06.10.2026 at 12:47 AM IST,CORONA,Unknown,Unknown,2029.4,-3.06,1329.32,2292.4,52.66,11.47,38.97,2119.25,1762.69,58691.4,25676.0,0.44,Bearish,15,8,0,0,0,23,23,"Above 200 DMA, Weak but watchable RSI"
06.10.2026 at 12:47 AM IST,COSMOFIRST,Unknown,Unknown,826.85,-2.22,558.1,996.0,48.16,16.98,32.59,900.9,753.34,41694.8,30642.0,0.73,Bearish,15,8,0,0,0,23,23,"Above 200 DMA, Weak but watchable RSI"
06.10.2026 at 12:47 AM IST,COMSYN,Unknown,Unknown,262.4,-2.71,136.22,314.88,92.64,16.67,37.38,269.64,188.09,705841.25,318865.0,0.45,Bearish,15,8,0,0,0,23,23,"Above 200 DMA, Weak but watchable RSI"
06.10.2026 at 12:47 AM IST,SIGACHI,Unknown,Unknown,28.34,-1.6,16.6,40.67,70.76,30.32,39.79,29.87,24.77,6256780.7,2213562.0,0.35,Bearish,15,8,0,0,0,23,23,"Above 200 DMA, Weak but watchable RSI"
06.10.2026 at 12:47 AM IST,SIGNPOST,Unknown,Unknown,259.4,-0.99,191.05,336.17,35.77,22.84,44.79,269.9,255.48,301749.3,72245.0,0.24,Bearish,15,8,0,0,0,23,23,"Above 200 DMA, Weak but watchable RSI"
06.10.2026 at 12:47 AM IST,SIL,Unknown,Unknown,15.83,0.89,11.55,22.3,37.1,29.01,35.47,17.97,15.77,61955.9,44356.0,0.72,Bearish,15,8,0,0,0,23,23,"Above 200 DMA, Weak but watchable RSI"
06.10.2026 at 12:47 AM IST,SHREYANIND,Unknown,Unknown,126.29,-3.19,120.7,232.99,4.63,45.8,42.71,132.13,148.02,6904.6,10571.0,1.53,Bearish,0,8,20,10,15,23,23,"Weak but watchable RSI, Near 52W low with non-crashing RSI, Volume expansion, Below 200 DMA risk"
06.10.2026 at 12:47 AM IST,JUBLFOOD,Consumer Services,Unknown,443.4,-2.91,407.64,633.2,8.77,29.97,33.81,478.86,475.63,1033018.8,1560787.0,1.51,Bearish,0,8,20,10,15,23,23,"Weak but watchable RSI, Near 52W low with non-crashing RSI, Volume expansion, Below 200 DMA risk"
06.10.2026 at 12:47 AM IST,JSFB,Unknown,Unknown,482.4,-1.41,330.0,606.95,46.18,20.52,37.17,541.53,453.44,895145.9,795611.0,0.89,Bearish,15,8,0,0,0,23,23,"Above 200 DMA, Weak but watchable RSI"
06.10.2026 at 12:47 AM IST,JSLL,Unknown,Unknown,480.8,-3.99,474.0,827.64,1.43,41.91,38.11,521.13,610.74,478620.3,905116.0,1.89,Bearish,0,8,20,10,15,23,23,"Weak but watchable RSI, Near 52W low with non-crashing RSI, Volume expansion, Below 200 DMA risk"
06.10.2026 at 12:47 AM IST,JKIL,Unknown,Unknown,461.85,-0.31,421.43,666.35,9.59,30.69,39.29,484.08,505.97,47648.6,85893.0,1.8,Bearish,0,8,20,10,15,23,23,"Weak but watchable RSI, Near 52W low with non-crashing RSI, Volume expansion, Below 200 DMA risk"
06.10.2026 at 12:47 AM IST,KRISHIVAL,Unknown,Unknown,394.5,-1.83,282.06,507.58,39.86,22.28,37.16,402.98,369.37,25825.35,10666.0,0.41,Bearish,15,8,0,0,0,23,23,"Above 200 DMA, Weak but watchable RSI"
06.10.2026 at 12:47 AM IST,ULTRACEMCO,Construction Materials,Unknown,10710.0,-2.25,10118.47,12847.76,5.85,16.64,37.99,11419.54,11522.92,286360.65,570684.0,1.99,Bearish,0,8,20,10,15,23,23,"Weak but watchable RSI, Near 52W low with non-crashing RSI, Volume expansion, Below 200 DMA risk"
06.10.2026 at 12:47 AM IST,TVSSRICHAK,Unknown,Unknown,4349.3,-1.99,3161.71,5717.88,37.56,23.94,37.48,4616.21,4096.22,8911.35,5576.0,0.63,Bearish,15,8,0,0,0,23,23,"Above 200 DMA, Weak but watchable RSI"
06.10.2026 at 12:47 AM IST,AUSOMENT,Unknown,Unknown,139.0,-1.19,92.38,176.81,50.47,21.39,33.8,145.47,124.53,5562.1,1677.0,0.3,Bearish,15,8,0,0,0,23,23,"Above 200 DMA, Weak but watchable RSI"
06.10.2026 at 12:47 AM IST,AUTOIND,Unknown,Unknown,81.4,-1.52,48.35,104.0,68.36,21.73,44.22,87.67,78.57,231052.25,141949.0,0.61,Bearish,15,8,0,0,0,23,23,"Above 200 DMA, Weak but watchable RSI"
06.10.2026 at 12:47 AM IST,DIXON,Consumer Durables,Unknown,12700.0,-3.05,9592.62,17491.54,32.39,27.39,34.31,13943.84,12084.22,326857.25,258830.0,0.79,Bearish,15,8,0,0,0,23,23,"Above 200 DMA, Weak but watchable RSI"
06.10.2026 at 12:47 AM IST,RISHABH,Unknown,Unknown,698.8,-0.6,314.0,852.0,122.55,17.98,41.95,703.89,527.24,208245.75,192446.0,0.92,Bearish,15,8,0,0,0,23,23,"Above 200 DMA, Weak but watchable RSI"
06.10.2026 at 12:47 AM IST,RITCO,Unknown,Unknown,276.7,-1.27,167.1,331.15,65.59,16.44,36.58,300.4,255.98,98224.1,77829.0,0.79,Bearish,15,8,0,0,0,23,23,"Above 200 DMA, Weak but watchable RSI"
06.10.2026 at 12:47 AM IST,RENUKA,Unknown,Unknown,21.34,-2.51,20.95,31.35,1.86,31.93,32.97,23.27,24.38,13559565.25,18593657.0,1.37,Bearish,0,8,20,10,15,23,23,"Weak but watchable RSI, Near 52W low with non-crashing RSI, Volume expansion, Below 200 DMA risk"
06.10.2026 at 12:47 AM IST,REFEX,Unknown,Unknown,271.3,2.28,187.4,381.18,44.77,28.83,43.31,288.95,270.27,599167.2,342794.0,0.57,Bearish,15,8,0,0,0,23,23,"Above 200 DMA, Weak but watchable RSI"
06.10.2026 at 12:47 AM IST,RECLTD,Financial Services,Unknown,287.75,-3.76,286.2,381.34,0.54,24.54,30.36,329.12,340.98,6392340.85,9069239.0,1.42,Bearish,0,8,20,10,15,23,23,"Weak but watchable RSI, Near 52W low with non-crashing RSI, Volume expansion, Below 200 DMA risk"
06.10.2026 at 12:47 AM IST,ELGIRUBCO,Unknown,Unknown,51.38,-3.82,32.72,70.0,57.03,26.6,35.54,58.52,49.4,57731.2,33486.0,0.58,Bearish,15,8,0,0,0,23,23,"Above 200 DMA, Weak but watchable RSI"
06.10.2026 at 12:47 AM IST,ECLERX,Services,Unknown,1802.9,-0.93,1319.27,2496.12,36.66,27.77,41.04,1884.49,1770.36,145025.65,106573.0,0.73,Bearish,15,8,0,0,0,23,23,"Above 200 DMA, Weak but watchable RSI"
06.10.2026 at 12:47 AM IST,EFCIL,Unknown,Unknown,171.2,-0.59,167.05,335.85,2.48,49.02,32.19,187.9,212.34,186481.65,242978.0,1.3,Bearish,0,8,20,10,15,23,23,"Weak but watchable RSI, Near 52W low with non-crashing RSI, Volume expansion, Below 200 DMA risk"
06.10.2026 at 12:47 AM IST,STEL,Unknown,Unknown,574.15,0.71,380.0,689.95,51.09,16.78,39.33,594.45,518.12,5408.85,2660.0,0.49,Bearish,15,8,0,0,0,23,23,"Above 200 DMA, Weak but watchable RSI"
06.10.2026 at 12:47 AM IST,BLUESTARCO,Consumer Durables,Unknown,1459.6,-3.85,1432.3,2022.98,1.91,27.85,41.06,1538.77,1690.56,690057.3,962569.0,1.39,Bearish,0,8,20,10,15,23,23,"Weak but watchable RSI, Near 52W low with non-crashing RSI, Volume expansion, Below 200 DMA risk"
06.10.2026 at 12:47 AM IST,BIKAJI,Unknown,Unknown,504.05,-3.4,497.65,767.0,1.29,34.28,30.08,595.38,643.85,395586.0,604474.0,1.53,Bearish,0,8,20,10,15,23,23,"Weak but watchable RSI, Near 52W low with non-crashing RSI, Volume expansion, Below 200 DMA risk"
06.10.2026 at 12:47 AM IST,AARTIIND,Chemicals,Unknown,465.1,-2.23,337.38,550.66,37.86,15.54,36.49,501.06,453.94,500219.35,486186.0,0.97,Bearish,15,8,0,0,0,23,23,"Above 200 DMA, Weak but watchable RSI"
06.10.2026 at 12:47 AM IST,TTKHLTCARE,Unknown,Unknown,1013.0,-0.98,727.56,1247.0,39.23,18.77,38.62,1083.73,957.64,45657.8,10794.0,0.24,Bearish,15,8,0,0,0,23,23,"Above 200 DMA, Weak but watchable RSI"
06.10.2026 at 12:47 AM IST,INDRAMEDCO,Unknown,Unknown,338.6,-2.97,335.5,633.8,0.92,46.58,34.69,361.65,386.81,223528.7,320580.0,1.43,Bearish,0,8,20,10,15,23,23,"Weak but watchable RSI, Near 52W low with non-crashing RSI, Volume expansion, Below 200 DMA risk"
06.10.2026 at 12:47 AM IST,INFY,Information Technology,Unknown,1035.0,4.11,980.4,1691.4,5.57,38.81,44.88,1102.02,1238.42,9252498.85,15166446.0,1.64,Bearish,0,8,20,10,15,23,23,"Weak but watchable RSI, Near 52W low with non-crashing RSI, Volume expansion, Below 200 DMA risk"
06.10.2026 at 12:47 AM IST,MEDIASSIST,Unknown,Unknown,298.5,-1.24,291.19,571.99,2.51,47.81,32.21,336.61,366.12,282325.15,541713.0,1.92,Bearish,0,8,20,10,15,23,23,"Weak but watchable RSI, Near 52W low with non-crashing RSI, Volume expansion, Below 200 DMA risk"
06.10.2026 at 12:47 AM IST,CARTRADE,Consumer Services,Unknown,2806.6,-3.21,1600.0,3290.5,75.41,14.71,39.87,2926.05,2381.51,323546.8,312645.0,0.97,Bearish,15,8,0,0,0,23,23,"Above 200 DMA, Weak but watchable RSI"
06.10.2026 at 12:47 AM IST,SMARTWORKS,Unknown,Unknown,510.65,-1.77,361.5,619.0,41.26,17.5,42.67,514.11,462.2,81567.3,53593.0,0.66,Bearish,15,8,0,0,0,23,23,"Above 200 DMA, Weak but watchable RSI"
06.10.2026 at 12:47 AM IST,SKFINDUS,Unknown,Unknown,2734.2,-1.22,1972.22,3218.7,38.64,15.05,40.13,2821.84,2517.53,112489.25,35509.0,0.32,Bearish,15,8,0,0,0,23,23,"Above 200 DMA, Weak but watchable RSI"
06.10.2026 at 12:47 AM IST,RPSGVENT,Unknown,Unknown,829.85,-2.43,551.9,1179.0,50.36,29.61,43.17,870.85,828.13,31240.65,19862.0,0.64,Bearish,15,8,0,0,0,23,23,"Above 200 DMA, Weak but watchable RSI"
06.10.2026 at 12:47 AM IST,RSWM,Unknown,Unknown,202.21,-3.06,120.0,238.0,68.51,15.04,40.58,211.05,174.65,68689.25,47256.0,0.69,Bearish,15,8,0,0,0,23,23,"Above 200 DMA, Weak but watchable RSI"
06.10.2026 at 12:47 AM IST,ROTO,Unknown,Unknown,62.66,-2.97,47.36,80.53,32.32,22.19,44.87,65.08,62.28,454277.7,377971.0,0.83,Bearish,15,8,0,0,0,23,23,"Above 200 DMA, Weak but watchable RSI"
06.10.2026 at 12:47 AM IST,RKDL,Unknown,Unknown,17.24,-5.12,16.3,27.89,5.77,38.19,34.22,18.64,19.92,12973.8,35422.0,2.73,Bearish,0,8,20,15,20,23,23,"Weak but watchable RSI, Near 52W low with non-crashing RSI, Strong volume expansion, Below 200 DMA risk, Sharp daily fall"
06.10.2026 at 12:47 AM IST,RMC,Unknown,Unknown,202.57,-3.34,194.1,530.0,4.36,61.78,35.94,250.52,,51532.6,50103.0,0.97,Bearish,0,8,20,0,5,23,23,"Weak but watchable RSI, Near 52W low with non-crashing RSI, Very far from 52W high"
06.10.2026 at 12:47 AM IST,DWARKESH,Unknown,Unknown,41.96,-1.64,32.05,59.9,30.94,29.95,42.66,44.69,41.79,2345083.95,1083964.0,0.46,Bearish,15,8,0,0,0,23,23,"Above 200 DMA, Weak but watchable RSI"
06.10.2026 at 12:47 AM IST,DYCL,Unknown,Unknown,428.0,-2.09,236.47,560.0,80.99,23.57,41.89,446.42,354.8,547675.45,313267.0,0.57,Bearish,15,8,0,0,0,23,23,"Above 200 DMA, Weak but watchable RSI"
06.10.2026 at 12:47 AM IST,BLUESTONE,Unknown,Unknown,787.95,-0.87,399.8,969.9,97.09,18.76,44.24,827.98,581.8,1817019.9,928246.0,0.51,Bearish,15,8,0,0,0,23,23,"Above 200 DMA, Weak but watchable RSI"
06.10.2026 at 12:47 AM IST,BFINVEST,Unknown,Unknown,428.7,-1.23,308.16,584.7,39.11,26.68,36.54,452.58,416.35,17668.3,16511.0,0.93,Bearish,15,8,0,0,0,23,23,"Above 200 DMA, Weak but watchable RSI"
06.10.2026 at 12:47 AM IST,GODFRYPHLP,Fast Moving Consumer Goods,Unknown,1849.7,-2.23,1805.69,3416.47,2.44,45.86,32.86,2067.97,2142.89,167957.85,256983.0,1.53,Bearish,0,8,20,10,15,23,23,"Weak but watchable RSI, Near 52W low with non-crashing RSI, Volume expansion, Below 200 DMA risk"
06.10.2026 at 12:47 AM IST,ONGC,Oil Gas & Consumable Fuels,Unknown,222.37,-1.52,220.6,306.2,0.8,27.38,30.92,235.68,254.74,10049914.15,13099985.0,1.3,Bearish,0,8,20,10,15,23,23,"Weak but watchable RSI, Near 52W low with non-crashing RSI, Volume expansion, Below 200 DMA risk"
06.10.2026 at 12:47 AM IST,NUVOCO,Construction Materials,Unknown,322.1,-4.65,276.25,439.85,16.6,26.77,44.59,334.08,327.25,386924.25,1125207.0,2.91,Bearish,0,8,15,15,15,23,23,"Weak but watchable RSI, Close to 52W low with recovery potential, Strong volume expansion, Below 200 DMA risk"
06.10.2026 at 12:47 AM IST,OFSS,Information Technology,Unknown,10420.0,-1.98,6060.86,12540.0,71.92,16.91,33.38,11534.5,9184.02,214902.4,194062.0,0.9,Bearish,15,8,0,0,0,23,23,"Above 200 DMA, Weak but watchable RSI"
06.10.2026 at 12:47 AM IST,HAL,Capital Goods,Unknown,4601.0,-1.44,3472.06,5149.9,32.51,10.66,39.27,4818.18,4397.82,852747.4,739864.0,0.87,Bearish,15,8,0,0,0,23,23,"Above 200 DMA, Weak but watchable RSI"
06.10.2026 at 12:47 AM IST,GUJTHEM,Unknown,Unknown,381.8,-1.5,224.68,478.22,69.93,20.16,39.99,391.84,362.12,541646.4,397655.0,0.73,Bearish,15,8,0,0,0,23,23,"Above 200 DMA, Weak but watchable RSI"
06.10.2026 at 12:47 AM IST,TINNARUBR,Unknown,Unknown,938.85,-1.39,525.76,1317.76,78.57,28.75,35.94,1039.77,833.64,48619.1,34386.0,0.71,Bearish,15,8,0,0,0,23,23,"Above 200 DMA, Weak but watchable RSI"
06.10.2026 at 12:47 AM IST,TITAGARH,Capital Goods,Unknown,805.1,-1.6,568.02,969.84,41.74,16.99,39.68,836.21,797.3,673550.2,373180.0,0.55,Bearish,15,8,0,0,0,23,23,"Above 200 DMA, Weak but watchable RSI"
06.10.2026 at 12:47 AM IST,TIIL,Unknown,Unknown,2893.8,-0.24,1853.27,3565.3,56.15,18.83,35.3,3003.82,2509.05,31987.05,31635.0,0.99,Bearish,15,8,0,0,0,23,23,"Above 200 DMA, Weak but watchable RSI"
06.10.2026 at 12:47 AM IST,SRF,Chemicals,Unknown,2486.2,0.55,2350.53,3198.01,5.77,22.26,43.68,2567.78,2683.64,219174.05,352530.0,1.61,Bearish,0,8,20,10,15,23,23,"Weak but watchable RSI, Near 52W low with non-crashing RSI, Volume expansion, Below 200 DMA risk"
06.10.2026 at 12:47 AM IST,RANEHOLDIN,Unknown,Unknown,1518.7,-0.73,955.96,1846.13,58.87,17.74,30.76,1652.9,1392.7,16942.25,7421.0,0.44,Bearish,15,8,0,0,0,23,23,"Above 200 DMA, Weak but watchable RSI"
06.10.2026 at 12:47 AM IST,RAJRATAN,Unknown,Unknown,453.55,-1.74,304.32,563.95,49.04,19.58,40.53,494.16,450.57,127676.45,58422.0,0.46,Bearish,15,8,0,0,0,23,23,"Above 200 DMA, Weak but watchable RSI"
06.10.2026 at 12:47 AM IST,NIITLTD,Unknown,Unknown,84.94,-1.43,48.47,109.9,75.25,22.71,34.98,94.12,82.36,191693.85,165934.0,0.87,Bearish,15,8,0,0,0,23,23,"Above 200 DMA, Weak but watchable RSI"
06.10.2026 at 12:47 AM IST,NETWEB,Information Technology,Unknown,4520.3,-0.61,2918.18,5813.0,54.9,22.24,38.22,4885.11,4033.6,1000874.25,752580.0,0.75,Bearish,15,8,0,0,0,23,23,"Above 200 DMA, Weak but watchable RSI"
06.10.2026 at 12:47 AM IST,UEL,Unknown,Unknown,183.67,-0.68,106.97,284.2,71.71,35.37,43.01,198.5,159.28,25639.3,19845.0,0.77,Bearish,15,8,0,0,0,23,23,"Above 200 DMA, Weak but watchable RSI"
06.10.2026 at 12:47 AM IST,NCC,Construction,Unknown,130.06,0.92,126.65,213.95,2.69,39.21,34.35,140.77,146.78,3637546.7,6751497.0,1.86,Bearish,0,8,20,10,15,23,23,"Weak but watchable RSI, Near 52W low with non-crashing RSI, Volume expansion, Below 200 DMA risk"
06.10.2026 at 12:47 AM IST,HUHTAMAKI,Unknown,Unknown,232.72,-1.95,147.04,330.0,58.27,29.48,35.2,267.12,205.92,199203.75,94577.0,0.47,Bearish,15,8,0,0,0,23,23,"Above 200 DMA, Weak but watchable RSI"
06.10.2026 at 12:47 AM IST,HINDWAREAP,Unknown,Unknown,170.53,0.33,165.0,392.7,3.35,56.57,35.57,192.91,221.0,99817.8,129981.0,1.3,Bearish,0,8,20,10,15,23,23,"Weak but watchable RSI, Near 52W low with non-crashing RSI, Volume expansion, Below 200 DMA risk"
06.10.2026 at 12:47 AM IST,HIRECT,Unknown,Unknown,1123.8,-2.04,564.61,1397.54,99.04,19.59,31.82,1251.5,961.43,53071.55,50921.0,0.96,Bearish,15,8,0,0,0,23,23,"Above 200 DMA, Weak but watchable RSI"
06.10.2026 at 12:47 AM IST,HISARMETAL,Unknown,Unknown,146.92,-1.38,124.16,191.13,18.33,23.13,35.4,152.58,153.96,1363.35,4852.0,3.56,Bearish,0,8,15,15,15,23,23,"Weak but watchable RSI, Close to 52W low with recovery potential, Strong volume expansion, Below 200 DMA risk"
06.10.2026 at 12:47 AM IST,HINDOILEXP,Unknown,Unknown,167.31,-2.47,117.5,201.44,42.39,16.94,41.03,168.15,156.77,968525.25,472707.0,0.49,Bearish,15,8,0,0,0,23,23,"Above 200 DMA, Weak but watchable RSI"
06.10.2026 at 12:47 AM IST,NAVINFLUOR,Chemicals,Unknown,8136.5,-1.32,4510.64,8949.5,80.38,9.08,41.63,8262.1,7031.54,116846.05,94936.0,0.81,Bearish,15,8,0,0,0,23,23,"Above 200 DMA, Weak but watchable RSI"
06.10.2026 at 12:47 AM IST,NAHARSPING,Unknown,Unknown,255.5,-1.75,148.69,347.81,71.83,26.54,33.37,286.65,240.29,27909.85,19419.0,0.7,Bearish,15,8,0,0,0,23,23,"Above 200 DMA, Weak but watchable RSI"
06.10.2026 at 12:47 AM IST,NAM-INDIA,Financial Services,Unknown,1046.0,-2.24,787.21,1269.5,32.88,17.61,30.23,1169.06,1028.95,925921.9,768278.0,0.83,Bearish,15,8,0,0,0,23,23,"Above 200 DMA, Weak but watchable RSI"
06.10.2026 at 12:47 AM IST,NATCOPHARM,Healthcare,Unknown,821.3,0.07,787.98,1224.74,4.23,32.94,42.39,865.78,940.59,463537.3,717435.0,1.55,Bearish,0,8,20,10,15,23,23,"Weak but watchable RSI, Near 52W low with non-crashing RSI, Volume expansion, Below 200 DMA risk"
06.10.2026 at 12:47 AM IST,MPHASIS,Information Technology,Unknown,2250.2,4.45,1960.44,2897.32,14.78,22.34,43.47,2377.99,2354.43,397805.15,1178274.0,2.96,Bearish,0,8,15,15,15,23,23,"Weak but watchable RSI, Close to 52W low with recovery potential, Strong volume expansion, Below 200 DMA risk"
06.10.2026 at 12:47 AM IST,MOL,Unknown,Unknown,55.13,-2.1,36.5,85.35,51.04,35.41,34.84,59.83,54.08,820755.45,739103.0,0.9,Bearish,15,8,0,0,0,23,23,"Above 200 DMA, Weak but watchable RSI"
06.10.2026 at 12:47 AM IST,IKIO,Unknown,Unknown,190.96,-2.99,103.53,238.8,84.45,20.03,38.28,205.01,169.51,548351.1,133638.0,0.24,Bearish,15,8,0,0,0,23,23,"Above 200 DMA, Weak but watchable RSI"
06.10.2026 at 12:47 AM IST,IFGLEXPOR,Unknown,Unknown,189.57,-0.98,118.36,334.28,60.16,43.29,36.85,207.34,187.46,55626.7,34168.0,0.61,Bearish,15,8,0,0,0,23,23,"Above 200 DMA, Weak but watchable RSI"
06.10.2026 at 12:47 AM IST,IIFL,Financial Services,Unknown,583.8,-2.82,409.1,705.0,42.7,17.19,40.3,619.74,539.41,2323154.1,1821159.0,0.78,Bearish,15,8,0,0,0,23,23,"Above 200 DMA, Weak but watchable RSI"
06.10.2026 at 12:47 AM IST,NELCO,Unknown,Unknown,889.2,-2.77,499.37,1120.0,78.07,20.61,39.35,959.05,767.41,335613.2,268150.0,0.8,Bearish,15,8,0,0,0,23,23,"Above 200 DMA, Weak but watchable RSI"
06.10.2026 at 12:47 AM IST,ZENITHEXPO,Unknown,Unknown,203.04,2.03,174.0,260.0,16.69,21.91,50.88,205.58,204.91,167.95,79.0,0.47,Bearish,0,20,15,0,15,20,20,"Healthy RSI momentum, Close to 52W low with recovery potential, Below 200 DMA risk"
06.10.2026 at 12:47 AM IST,PRAKASH,Unknown,Unknown,118.69,-4.07,108.58,170.3,9.31,30.3,45.4,123.37,130.57,537887.75,543685.0,1.01,Bearish,0,10,20,5,15,20,20,"RSI recovering zone, Near 52W low with non-crashing RSI, Normal volume support, Below 200 DMA risk"
06.10.2026 at 12:47 AM IST,PEARLPOLY,Unknown,Unknown,17.09,-3.72,12.75,30.79,34.04,44.49,50.87,16.55,18.51,12280.75,5375.0,0.44,Bullish,15,20,0,0,15,20,20,"Above 50 DMA, Healthy RSI momentum, Below 200 DMA risk"
06.10.2026 at 12:47 AM IST,3PLAND,Unknown,Unknown,31.12,0.35,28.51,45.01,9.15,30.86,47.02,31.74,33.24,7687.65,8529.0,1.11,Bearish,0,10,20,5,15,20,20,"RSI recovering zone, Near 52W low with non-crashing RSI, Normal volume support, Below 200 DMA risk"
06.10.2026 at 12:47 AM IST,TRU,Unknown,Unknown,4.22,2.93,3.9,10.99,8.21,61.6,51.06,4.29,5.86,80954.05,61921.0,0.76,Bearish,0,20,20,0,20,20,20,"Healthy RSI momentum, Near 52W low with non-crashing RSI, Below 200 DMA risk, Very far from 52W high"
06.10.2026 at 12:47 AM IST,AUTOAXLES,Unknown,Unknown,1683.0,-1.38,1513.85,2078.82,11.17,19.04,45.5,1739.82,1782.1,5952.7,9485.0,1.59,Bearish,0,10,15,10,15,20,20,"RSI recovering zone, Close to 52W low with recovery potential, Volume expansion, Below 200 DMA risk"
06.10.2026 at 12:47 AM IST,FINKURVE,Unknown,Unknown,70.53,3.84,48.02,134.9,46.88,47.72,50.37,68.9,72.78,128079.8,86037.0,0.67,Bullish,15,20,0,0,15,20,20,"Above 50 DMA, Healthy RSI momentum, Below 200 DMA risk"
06.10.2026 at 12:47 AM IST,GENESYS,Unknown,Unknown,281.35,2.9,168.5,612.0,66.97,54.03,56.65,237.83,289.06,1719196.4,606039.0,0.35,Bullish,15,20,0,0,15,20,20,"Above 50 DMA, Healthy RSI momentum, Below 200 DMA risk"
06.10.2026 at 12:47 AM IST,RACE,Unknown,Unknown,113.18,-4.1,84.11,240.0,34.56,52.84,56.33,105.26,115.01,112423.75,97878.0,0.87,Bullish,15,20,0,0,15,20,20,"Above 50 DMA, Healthy RSI momentum, Below 200 DMA risk"
06.10.2026 at 12:47 AM IST,EIHAHOTELS,Unknown,Unknown,296.1,-0.35,263.71,398.99,12.28,25.79,50.34,299.04,315.6,16266.3,13263.0,0.82,Bearish,0,20,15,0,15,20,20,"Healthy RSI momentum, Close to 52W low with recovery potential, Below 200 DMA risk"
06.10.2026 at 12:47 AM IST,LGHL,Unknown,Unknown,219.47,9.71,168.0,395.31,30.64,44.48,73.4,187.58,240.24,25817.1,148758.0,5.76,Bullish,15,5,0,15,15,20,20,"Above 50 DMA, Strong but overbought RSI, Strong volume expansion, Below 200 DMA risk"
06.10.2026 at 12:47 AM IST,LAXMICOT,Unknown,Unknown,13.3,2.23,11.36,24.44,17.08,45.58,50.47,13.61,14.9,15321.95,4850.0,0.32,Bearish,0,20,15,0,15,20,20,"Healthy RSI momentum, Close to 52W low with recovery potential, Below 200 DMA risk"
06.10.2026 at 12:47 AM IST,TCI,Unknown,Unknown,877.1,0.53,797.0,1230.61,10.05,28.73,54.89,886.35,953.83,347575.3,48610.0,0.14,Bearish,0,20,15,0,15,20,20,"Healthy RSI momentum, Close to 52W low with recovery potential, Below 200 DMA risk"
06.10.2026 at 12:47 AM IST,BAJAJHFL,Financial Services,Unknown,82.91,1.11,72.65,113.45,14.12,26.92,46.96,84.37,86.69,3124562.45,5602067.0,1.79,Bearish,0,10,15,10,15,20,20,"RSI recovering zone, Close to 52W low with recovery potential, Volume expansion, Below 200 DMA risk"
06.10.2026 at 12:47 AM IST,HUBTOWN,Unknown,Unknown,177.42,-2.67,165.55,339.0,7.17,47.66,48.36,183.07,204.16,396710.3,420252.0,1.06,Bearish,0,10,20,5,15,20,20,"RSI recovering zone, Near 52W low with non-crashing RSI, Normal volume support, Below 200 DMA risk"
06.10.2026 at 12:47 AM IST,ELPROINTL,Unknown,Unknown,174.31,0.18,102.0,180.89,70.89,3.64,54.05,174.82,,10972.9,8080.0,0.74,Bearish,0,20,0,0,0,20,20,Healthy RSI momentum
06.10.2026 at 12:47 AM IST,KEYFINSERV,Unknown,Unknown,244.05,0.45,219.11,380.55,11.38,35.87,50.52,250.17,268.99,1024.0,984.0,0.96,Bearish,0,20,15,0,15,20,20,"Healthy RSI momentum, Close to 52W low with recovery potential, Below 200 DMA risk"
06.10.2026 at 12:47 AM IST,INDUSTOWER,Telecommunication,Unknown,376.25,0.82,325.55,464.04,15.57,18.92,49.8,376.59,401.22,4749473.75,9498411.0,2.0,Bearish,0,10,15,10,15,20,20,"RSI recovering zone, Close to 52W low with recovery potential, Volume expansion, Below 200 DMA risk"
06.10.2026 at 12:47 AM IST,ANIKINDS,Unknown,Unknown,44.0,-1.01,32.5,83.4,35.38,47.24,50.03,43.76,44.82,5926.2,2343.0,0.4,Bullish,15,20,0,0,15,20,20,"Above 50 DMA, Healthy RSI momentum, Below 200 DMA risk"
06.10.2026 at 12:47 AM IST,VBL,Fast Moving Consumer Goods,Unknown,425.3,-1.55,379.74,555.18,12.0,23.39,49.65,428.38,464.61,5716235.2,8516414.0,1.49,Bearish,0,10,15,10,15,20,20,"RSI recovering zone, Close to 52W low with recovery potential, Volume expansion, Below 200 DMA risk"
06.10.2026 at 12:47 AM IST,GODIGIT,Unknown,Unknown,256.3,-1.44,231.65,374.0,10.64,31.47,50.84,257.03,304.06,1072416.25,305077.0,0.28,Bearish,0,20,15,0,15,20,20,"Healthy RSI momentum, Close to 52W low with recovery potential, Below 200 DMA risk"
06.10.2026 at 12:47 AM IST,ITCHOTELS,Consumer Services,Unknown,158.51,-3.42,136.41,225.15,16.2,29.6,47.66,161.89,167.57,1683302.9,2346443.0,1.39,Bearish,0,10,15,10,15,20,20,"RSI recovering zone, Close to 52W low with recovery potential, Volume expansion, Below 200 DMA risk"
06.10.2026 at 12:47 AM IST,STERTOOLS,Unknown,Unknown,224.28,2.73,153.08,330.85,46.51,32.21,52.1,225.03,231.05,25861.65,121325.0,4.69,Bearish,0,20,0,15,15,20,20,"Healthy RSI momentum, Strong volume expansion, Below 200 DMA risk"
06.10.2026 at 12:47 AM IST,IREDA,Financial Services,Unknown,111.0,-0.61,107.36,156.82,3.39,29.22,45.82,114.86,123.46,4644043.6,5290233.0,1.14,Bearish,0,10,20,5,15,20,20,"RSI recovering zone, Near 52W low with non-crashing RSI, Normal volume support, Below 200 DMA risk"
06.10.2026 at 12:47 AM IST,STYRENIX,Unknown,Unknown,2055.0,1.96,1761.86,2625.97,16.64,21.74,45.89,2161.37,2094.98,32641.45,55786.0,1.71,Bearish,0,10,15,10,15,20,20,"RSI recovering zone, Close to 52W low with recovery potential, Volume expansion, Below 200 DMA risk"
06.10.2026 at 12:47 AM IST,SAIPARENT,Unknown,Unknown,523.65,-1.07,400.0,706.0,30.91,25.83,52.24,530.95,,71037.45,68291.0,0.96,Bearish,0,20,0,0,0,20,20,Healthy RSI momentum
06.10.2026 at 12:47 AM IST,NAVA,Power,Unknown,552.5,-1.22,497.01,732.56,11.17,24.58,47.9,560.07,582.05,248283.05,336721.0,1.36,Bearish,0,10,15,10,15,20,20,"RSI recovering zone, Close to 52W low with recovery potential, Volume expansion, Below 200 DMA risk"
06.10.2026 at 12:47 AM IST,DPWIRES,Unknown,Unknown,163.99,0.06,125.02,251.9,31.17,34.9,57.41,159.31,171.4,7642.3,4897.0,0.64,Bullish,15,20,0,0,15,20,20,"Above 50 DMA, Healthy RSI momentum, Below 200 DMA risk"
06.10.2026 at 12:47 AM IST,JTEKTINDIA,Unknown,Unknown,115.84,-0.63,114.2,170.4,1.44,32.02,35.36,126.69,133.2,110323.3,131859.0,1.2,Bearish,0,8,20,5,15,18,18,"Weak but watchable RSI, Near 52W low with non-crashing RSI, Normal volume support, Below 200 DMA risk"
06.10.2026 at 12:47 AM IST,UCOBANK,Financial Services,Unknown,22.93,-1.5,21.86,33.64,4.92,31.83,31.0,25.06,26.33,3434959.9,3788182.0,1.1,Bearish,0,8,20,5,15,18,18,"Weak but watchable RSI, Near 52W low with non-crashing RSI, Normal volume support, Below 200 DMA risk"
06.10.2026 at 12:47 AM IST,TREJHARA,Unknown,Unknown,131.66,-5.17,127.03,284.85,3.64,53.78,39.13,147.14,166.73,19423.85,29254.0,1.51,Bearish,0,8,20,10,20,18,18,"Weak but watchable RSI, Near 52W low with non-crashing RSI, Volume expansion, Below 200 DMA risk, Sharp daily fall"
06.10.2026 at 12:47 AM IST,TTML,Telecommunication,Unknown,34.82,1.52,31.22,60.08,11.53,42.04,41.55,37.49,41.6,6321689.9,8582189.0,1.36,Bearish,0,8,15,10,15,18,18,"Weak but watchable RSI, Close to 52W low with recovery potential, Volume expansion, Below 200 DMA risk"
06.10.2026 at 12:47 AM IST,FLAIR,Unknown,Unknown,226.57,-1.2,216.82,344.32,4.5,34.2,30.89,245.43,286.0,108345.5,126030.0,1.16,Bearish,0,8,20,5,15,18,18,"Weak but watchable RSI, Near 52W low with non-crashing RSI, Normal volume support, Below 200 DMA risk"
06.10.2026 at 12:47 AM IST,ASIANPAINT,Consumer Durables,Unknown,2407.0,0.18,2096.81,2960.02,14.79,18.68,35.79,2589.94,2546.91,530074.95,1005836.0,1.9,Bearish,0,8,15,10,15,18,18,"Weak but watchable RSI, Close to 52W low with recovery potential, Volume expansion, Below 200 DMA risk"
06.10.2026 at 12:47 AM IST,PRSMJOHNSN,Unknown,Unknown,103.61,-4.72,97.1,165.9,6.7,37.55,30.45,110.6,121.05,369378.75,478189.0,1.29,Bearish,0,8,20,5,15,18,18,"Weak but watchable RSI, Near 52W low with non-crashing RSI, Normal volume support, Below 200 DMA risk"
06.10.2026 at 12:47 AM IST,FINPIPE,Unknown,Unknown,150.49,-0.65,144.96,202.29,3.82,25.61,38.04,156.71,167.52,329125.9,397198.0,1.21,Bearish,0,8,20,5,15,18,18,"Weak but watchable RSI, Near 52W low with non-crashing RSI, Normal volume support, Below 200 DMA risk"
06.10.2026 at 12:47 AM IST,ENIL,Unknown,Unknown,93.36,-2.33,92.55,153.39,0.88,39.13,31.73,100.48,106.74,16706.25,21152.0,1.27,Bearish,0,8,20,5,15,18,18,"Weak but watchable RSI, Near 52W low with non-crashing RSI, Normal volume support, Below 200 DMA risk"
06.10.2026 at 12:47 AM IST,RAILTEL,Telecommunication,Unknown,257.2,-3.18,243.93,396.58,5.44,35.15,41.53,274.85,306.11,822208.45,851720.0,1.04,Bearish,0,8,20,5,15,18,18,"Weak but watchable RSI, Near 52W low with non-crashing RSI, Normal volume support, Below 200 DMA risk"
06.10.2026 at 12:47 AM IST,JPOLYINVST,Unknown,Unknown,911.0,-2.4,852.1,1487.7,6.91,38.76,35.1,999.14,1064.35,4571.15,5263.0,1.15,Bearish,0,8,20,5,15,18,18,"Weak but watchable RSI, Near 52W low with non-crashing RSI, Normal volume support, Below 200 DMA risk"
06.10.2026 at 12:47 AM IST,RALLIS,Unknown,Unknown,199.69,-0.02,196.76,311.02,1.49,35.79,32.07,209.04,239.67,498794.45,606641.0,1.22,Bearish,0,8,20,5,15,18,18,"Weak but watchable RSI, Near 52W low with non-crashing RSI, Normal volume support, Below 200 DMA risk"
06.10.2026 at 12:47 AM IST,NH,Healthcare,Unknown,1741.4,-2.79,1585.49,2092.9,9.83,16.79,33.27,1888.84,1851.74,217717.2,258740.0,1.19,Bearish,0,8,20,5,15,18,18,"Weak but watchable RSI, Near 52W low with non-crashing RSI, Normal volume support, Below 200 DMA risk"
06.10.2026 at 12:47 AM IST,EXCELINDUS,Unknown,Unknown,921.8,-2.48,788.67,1151.39,16.88,19.94,38.22,992.31,934.01,11552.2,15400.0,1.33,Bearish,0,8,15,10,15,18,18,"Weak but watchable RSI, Close to 52W low with recovery potential, Volume expansion, Below 200 DMA risk"
06.10.2026 at 12:47 AM IST,LINDEINDIA,Chemicals,Unknown,6247.5,-1.19,5663.4,8035.37,10.31,22.25,44.52,6526.92,6731.34,23940.25,42491.0,1.77,Bearish,0,8,15,10,15,18,18,"Weak but watchable RSI, Close to 52W low with recovery potential, Volume expansion, Below 200 DMA risk"
06.10.2026 at 12:47 AM IST,JKTYRE,Automobile and Auto Components,Unknown,340.35,-1.92,333.1,605.8,2.18,43.82,37.64,372.88,422.64,467439.45,487795.0,1.04,Bearish,0,8,20,5,15,18,18,"Weak but watchable RSI, Near 52W low with non-crashing RSI, Normal volume support, Below 200 DMA risk"
06.10.2026 at 12:47 AM IST,NCLIND,Unknown,Unknown,170.03,-2.38,145.84,210.68,16.58,19.3,39.13,175.23,180.06,34167.95,54129.0,1.58,Bearish,0,8,15,10,15,18,18,"Weak but watchable RSI, Close to 52W low with recovery potential, Volume expansion, Below 200 DMA risk"
06.10.2026 at 12:47 AM IST,NECLIFE,Unknown,Unknown,10.23,-2.57,9.3,22.4,10.0,54.33,31.66,11.11,12.6,124216.55,140521.0,1.13,Bearish,0,8,20,5,15,18,18,"Weak but watchable RSI, Near 52W low with non-crashing RSI, Normal volume support, Below 200 DMA risk"
06.10.2026 at 12:47 AM IST,LUPIN,Healthcare,Unknown,2031.2,0.05,1886.32,2523.7,7.68,19.51,31.7,2201.55,2248.62,668640.9,825892.0,1.24,Bearish,0,8,20,5,15,18,18,"Weak but watchable RSI, Near 52W low with non-crashing RSI, Normal volume support, Below 200 DMA risk"
06.10.2026 at 12:47 AM IST,TARIL,Capital Goods,Unknown,280.8,3.96,223.85,500.75,25.44,43.92,45.74,292.32,298.34,3650822.25,57280414.0,15.69,Bearish,0,10,8,15,15,18,18,"RSI recovering zone, Within 30% of 52W low, Strong volume expansion, Below 200 DMA risk"
06.10.2026 at 12:47 AM IST,PUNJABCHEM,Unknown,Unknown,1040.9,-1.29,874.34,1529.94,19.05,31.96,40.58,1101.78,1082.37,4165.95,6287.0,1.51,Bearish,0,8,15,10,15,18,18,"Weak but watchable RSI, Close to 52W low with recovery potential, Volume expansion, Below 200 DMA risk"
06.10.2026 at 12:47 AM IST,FORCEMOT,Automobile and Auto Components,Unknown,16800.0,-1.49,14868.7,26374.97,12.99,36.3,39.15,17693.58,19543.87,64800.7,117482.0,1.81,Bearish,0,8,15,10,15,18,18,"Weak but watchable RSI, Close to 52W low with recovery potential, Volume expansion, Below 200 DMA risk"
06.10.2026 at 12:47 AM IST,HEROMOTOCO,Automobile and Auto Components,Unknown,5168.0,-1.39,4603.78,6175.52,12.26,16.31,40.76,5448.44,5250.22,468554.85,862662.0,1.84,Bearish,0,8,15,10,15,18,18,"Weak but watchable RSI, Close to 52W low with recovery potential, Volume expansion, Below 200 DMA risk"
06.10.2026 at 12:47 AM IST,GRMOVER,Unknown,Unknown,77.87,-1.33,77.0,185.45,1.13,58.01,31.97,86.55,131.5,1050091.1,1052630.0,1.0,Bearish,0,8,20,5,15,18,18,"Weak but watchable RSI, Near 52W low with non-crashing RSI, Normal volume support, Below 200 DMA risk"
06.10.2026 at 12:47 AM IST,GATEWAY,Unknown,Unknown,51.88,-0.31,47.06,62.38,10.23,16.83,38.86,54.2,55.66,508942.75,749453.0,1.47,Bearish,0,8,15,10,15,18,18,"Weak but watchable RSI, Close to 52W low with recovery potential, Volume expansion, Below 200 DMA risk"
06.10.2026 at 12:47 AM IST,PRAKASHSTL,Unknown,Unknown,3.56,-0.84,3.46,6.57,2.89,45.81,35.5,3.84,4.33,109688.15,120526.0,1.1,Bearish,0,8,20,5,15,18,18,"Weak but watchable RSI, Near 52W low with non-crashing RSI, Normal volume support, Below 200 DMA risk"
06.10.2026 at 12:47 AM IST,POWERGRID,Power,Unknown,254.55,-2.28,246.08,323.44,3.44,21.3,34.73,269.51,282.82,9578696.2,10976701.0,1.15,Bearish,0,8,20,5,15,18,18,"Weak but watchable RSI, Near 52W low with non-crashing RSI, Normal volume support, Below 200 DMA risk"
06.10.2026 at 12:47 AM IST,FABTECH,Unknown,Unknown,142.01,-2.09,132.16,261.73,7.45,45.74,36.69,147.36,157.85,69997.4,89956.0,1.29,Bearish,0,8,20,5,15,18,18,"Weak but watchable RSI, Near 52W low with non-crashing RSI, Normal volume support, Below 200 DMA risk"
06.10.2026 at 12:47 AM IST,3MINDIA,Unknown,Unknown,30795.0,-4.24,28319.86,37487.1,8.74,17.85,32.99,34110.9,33456.31,5450.95,6078.0,1.12,Bearish,0,8,20,5,15,18,18,"Weak but watchable RSI, Near 52W low with non-crashing RSI, Normal volume support, Below 200 DMA risk"
06.10.2026 at 12:47 AM IST,A2ZINFRA,Unknown,Unknown,14.38,-3.68,12.0,19.39,19.83,25.84,40.44,15.21,15.19,191337.5,378693.0,1.98,Bearish,0,8,15,10,15,18,18,"Weak but watchable RSI, Close to 52W low with recovery potential, Volume expansion, Below 200 DMA risk"
06.10.2026 at 12:47 AM IST,KNRCON,Unknown,Unknown,113.29,-4.46,108.43,197.92,4.48,42.76,35.7,124.72,131.04,1560863.55,1901783.0,1.22,Bearish,0,8,20,5,15,18,18,"Weak but watchable RSI, Near 52W low with non-crashing RSI, Normal volume support, Below 200 DMA risk"
06.10.2026 at 12:47 AM IST,GMRAIRPORT,Services,Unknown,93.16,-2.09,84.11,115.64,10.76,19.44,39.32,100.03,99.88,11087734.9,15683898.0,1.41,Bearish,0,8,15,10,15,18,18,"Weak but watchable RSI, Close to 52W low with recovery potential, Volume expansion, Below 200 DMA risk"
06.10.2026 at 12:47 AM IST,ELECON,Capital Goods,Unknown,440.0,-4.72,351.0,623.65,25.36,29.45,49.74,432.32,455.18,2313948.0,985198.0,0.43,Bullish,15,10,8,0,15,18,18,"Above 50 DMA, RSI recovering zone, Within 30% of 52W low, Below 200 DMA risk"
06.10.2026 at 12:47 AM IST,AYE,Unknown,Unknown,163.29,4.75,88.22,197.29,85.09,17.23,39.98,173.66,,871168.0,1485970.0,1.71,Bearish,0,8,0,10,0,18,18,"Weak but watchable RSI, Volume expansion"
06.10.2026 at 12:47 AM IST,TIRUMALCHM,Unknown,Unknown,146.26,-3.39,143.12,293.75,2.19,50.21,34.17,160.71,185.07,450002.2,463985.0,1.03,Bearish,0,8,20,5,15,18,18,"Weak but watchable RSI, Near 52W low with non-crashing RSI, Normal volume support, Below 200 DMA risk"
06.10.2026 at 12:47 AM IST,MAHSCOOTER,Unknown,Unknown,12380.0,-1.56,10721.76,17441.42,15.47,29.02,36.31,13139.58,12859.12,5011.95,7480.0,1.49,Bearish,0,8,15,10,15,18,18,"Weak but watchable RSI, Close to 52W low with recovery potential, Volume expansion, Below 200 DMA risk"
06.10.2026 at 12:47 AM IST,IVALUE,Unknown,Unknown,219.28,-1.56,200.88,340.0,9.16,35.51,36.02,254.78,252.36,167354.7,195136.0,1.17,Bearish,0,8,20,5,15,18,18,"Weak but watchable RSI, Near 52W low with non-crashing RSI, Normal volume support, Below 200 DMA risk"
06.10.2026 at 12:47 AM IST,MADHUCON,Unknown,Unknown,3.99,-4.77,3.61,8.28,10.53,51.81,36.55,4.82,5.21,37982.45,53394.0,1.41,Bearish,0,8,15,10,15,18,18,"Weak but watchable RSI, Close to 52W low with recovery potential, Volume expansion, Below 200 DMA risk"
06.10.2026 at 12:47 AM IST,MALLCOM,Unknown,Unknown,935.2,-0.4,902.34,1515.29,3.64,38.28,42.86,977.13,1052.22,3034.1,3251.0,1.07,Bearish,0,8,20,5,15,18,18,"Weak but watchable RSI, Near 52W low with non-crashing RSI, Normal volume support, Below 200 DMA risk"
06.10.2026 at 12:47 AM IST,TCS,Information Technology,Unknown,2075.0,1.19,1966.02,3287.16,5.54,36.88,36.04,2275.59,2463.76,3056490.45,3428501.0,1.12,Bearish,0,8,20,5,15,18,18,"Weak but watchable RSI, Near 52W low with non-crashing RSI, Normal volume support, Below 200 DMA risk"
06.10.2026 at 12:47 AM IST,BCG,Unknown,Unknown,9.52,3.25,7.7,15.11,23.64,37.0,49.14,9.49,9.9,10351170.95,7417823.0,0.72,Bullish,15,10,8,0,15,18,18,"Above 50 DMA, RSI recovering zone, Within 30% of 52W low, Below 200 DMA risk"
06.10.2026 at 12:47 AM IST,TATASTEEL,Metals & Mining,Unknown,178.0,-3.42,156.83,219.87,13.5,19.04,37.89,186.05,192.13,26286237.05,47659952.0,1.81,Bearish,0,8,15,10,15,18,18,"Weak but watchable RSI, Close to 52W low with recovery potential, Volume expansion, Below 200 DMA risk"
06.10.2026 at 12:47 AM IST,TATAPOWER,Power,Unknown,350.15,-2.47,340.39,462.04,2.87,24.22,35.01,369.89,385.03,3586075.85,4222986.0,1.18,Bearish,0,8,20,5,15,18,18,"Weak but watchable RSI, Near 52W low with non-crashing RSI, Normal volume support, Below 200 DMA risk"
06.10.2026 at 12:47 AM IST,AWL,Fast Moving Consumer Goods,Unknown,175.43,-1.27,170.3,281.43,3.01,37.66,30.63,189.06,195.37,1939858.15,1991498.0,1.03,Bearish,0,8,20,5,15,18,18,"Weak but watchable RSI, Near 52W low with non-crashing RSI, Normal volume support, Below 200 DMA risk"
06.10.2026 at 12:47 AM IST,SAMBHAAV,Unknown,Unknown,5.42,-5.57,5.07,11.53,6.9,52.99,32.63,6.15,6.93,44009.4,72564.0,1.65,Bearish,0,8,20,10,20,18,18,"Weak but watchable RSI, Near 52W low with non-crashing RSI, Volume expansion, Below 200 DMA risk, Sharp daily fall"
06.10.2026 at 12:47 AM IST,SAGCEM,Unknown,Unknown,150.01,0.92,141.52,257.64,6.0,41.78,40.26,162.18,179.99,60302.4,66762.0,1.11,Bearish,0,8,20,5,15,18,18,"Weak but watchable RSI, Near 52W low with non-crashing RSI, Normal volume support, Below 200 DMA risk"
06.10.2026 at 12:47 AM IST,DBREALTY,Unknown,Unknown,91.7,-4.99,83.5,163.5,9.82,43.91,32.07,104.95,110.36,1014516.15,1272913.0,1.25,Bearish,0,8,20,5,15,18,18,"Weak but watchable RSI, Near 52W low with non-crashing RSI, Normal volume support, Below 200 DMA risk"
06.10.2026 at 12:47 AM IST,DREAMFOLKS,Unknown,Unknown,61.5,-0.26,56.0,160.0,9.82,61.56,32.66,66.56,78.19,49419.05,71170.0,1.44,Bearish,0,8,20,10,20,18,18,"Weak but watchable RSI, Near 52W low with non-crashing RSI, Volume expansion, Below 200 DMA risk, Very far from 52W high"
06.10.2026 at 12:47 AM IST,SANOFI,Unknown,Unknown,3037.4,-0.64,3001.1,4756.04,1.21,36.14,36.34,3206.9,3488.69,17868.8,18669.0,1.04,Bearish,0,8,20,5,15,18,18,"Weak but watchable RSI, Near 52W low with non-crashing RSI, Normal volume support, Below 200 DMA risk"
06.10.2026 at 12:47 AM IST,CMSINFO,Unknown,Unknown,220.69,-0.34,215.12,385.64,2.59,42.77,32.15,246.06,287.02,909074.8,1010975.0,1.11,Bearish,0,8,20,5,15,18,18,"Weak but watchable RSI, Near 52W low with non-crashing RSI, Normal volume support, Below 200 DMA risk"
06.10.2026 at 12:47 AM IST,CMPDI,Services,Unknown,204.38,-2.31,148.9,281.32,37.26,27.35,39.19,229.49,,1692473.65,2709836.0,1.6,Bearish,0,8,0,10,0,18,18,"Weak but watchable RSI, Volume expansion"
06.10.2026 at 12:47 AM IST,IGL,Oil Gas & Consumable Fuels,Unknown,142.79,-0.92,137.77,217.03,3.65,34.21,39.63,148.68,160.25,1853918.7,2346741.0,1.27,Bearish,0,8,20,5,15,18,18,"Weak but watchable RSI, Near 52W low with non-crashing RSI, Normal volume support, Below 200 DMA risk"
06.10.2026 at 12:47 AM IST,MKPL,Unknown,Unknown,3.9,-2.26,3.56,7.31,9.55,46.65,38.92,4.09,4.9,87539.05,94971.0,1.08,Bearish,0,8,20,5,15,18,18,"Weak but watchable RSI, Near 52W low with non-crashing RSI, Normal volume support, Below 200 DMA risk"
06.10.2026 at 12:47 AM IST,SCODATUBES,Unknown,Unknown,123.0,-1.5,110.0,181.48,11.82,32.22,39.25,134.07,139.32,391572.35,599705.0,1.53,Bearish,0,8,15,10,15,18,18,"Weak but watchable RSI, Close to 52W low with recovery potential, Volume expansion, Below 200 DMA risk"
06.10.2026 at 12:47 AM IST,MRF,Automobile and Auto Components,Unknown,123715.0,-1.25,121787.44,163308.49,1.58,24.24,35.57,130143.1,134220.22,3090.3,3448.0,1.12,Bearish,0,8,20,5,15,18,18,"Weak but watchable RSI, Near 52W low with non-crashing RSI, Normal volume support, Below 200 DMA risk"
06.10.2026 at 12:47 AM IST,MOIL,Unknown,Unknown,232.66,-2.15,230.01,398.62,1.15,41.63,33.26,258.43,294.89,519384.9,545882.0,1.05,Bearish,0,8,20,5,15,18,18,"Weak but watchable RSI, Near 52W low with non-crashing RSI, Normal volume support, Below 200 DMA risk"
06.10.2026 at 12:47 AM IST,SUNTECK,Unknown,Unknown,279.45,0.74,268.55,469.98,4.06,40.54,41.38,294.74,333.15,117627.35,137778.0,1.17,Bearish,0,8,20,5,15,18,18,"Weak but watchable RSI, Near 52W low with non-crashing RSI, Normal volume support, Below 200 DMA risk"
06.10.2026 at 12:47 AM IST,BHARTIARTL,Telecommunication,Unknown,1741.1,-0.9,1718.87,2147.47,1.29,18.92,32.36,1883.5,1888.9,5435857.0,5609657.0,1.03,Bearish,0,8,20,5,15,18,18,"Weak but watchable RSI, Near 52W low with non-crashing RSI, Normal volume support, Below 200 DMA risk"
06.10.2026 at 12:47 AM IST,BPCL,Oil Gas & Consumable Fuels,Unknown,300.6,-0.86,266.6,391.65,12.75,23.25,41.0,313.33,321.93,4044014.7,5618518.0,1.39,Bearish,0,8,15,10,15,18,18,"Weak but watchable RSI, Close to 52W low with recovery potential, Volume expansion, Below 200 DMA risk"
06.10.2026 at 12:47 AM IST,DABUR,Fast Moving Consumer Goods,Unknown,374.25,-1.54,368.05,527.16,1.68,29.01,35.36,396.12,443.5,2369795.05,2455226.0,1.04,Bearish,0,8,20,5,15,18,18,"Weak but watchable RSI, Near 52W low with non-crashing RSI, Normal volume support, Below 200 DMA risk"
06.10.2026 at 12:47 AM IST,RVNL,Construction,Unknown,197.0,-2.36,194.05,398.2,1.52,50.53,37.22,216.09,267.19,5385433.35,6247340.0,1.16,Bearish,0,8,20,5,15,18,18,"Weak but watchable RSI, Near 52W low with non-crashing RSI, Normal volume support, Below 200 DMA risk"
06.10.2026 at 12:47 AM IST,HONDAPOWER,Unknown,Unknown,1886.3,0.63,1796.81,2748.36,4.98,31.37,34.74,2016.7,2126.01,2681.65,2893.0,1.08,Bearish,0,8,20,5,15,18,18,"Weak but watchable RSI, Near 52W low with non-crashing RSI, Normal volume support, Below 200 DMA risk"
06.10.2026 at 12:47 AM IST,HINDPETRO,Oil Gas & Consumable Fuels,Unknown,345.0,-1.53,300.71,483.54,14.73,28.65,40.05,362.8,380.04,3697080.8,5754484.0,1.56,Bearish,0,8,15,10,15,18,18,"Weak but watchable RSI, Close to 52W low with recovery potential, Volume expansion, Below 200 DMA risk"
06.10.2026 at 12:47 AM IST,DELTAMAGNT,Unknown,Unknown,54.08,-5.44,45.51,86.0,18.83,37.12,41.05,57.24,60.36,3182.55,7561.0,2.38,Bearish,0,8,15,15,20,18,18,"Weak but watchable RSI, Close to 52W low with recovery potential, Strong volume expansion, Below 200 DMA risk, Sharp daily fall"
06.10.2026 at 12:47 AM IST,SWELECTES,Unknown,Unknown,592.9,-0.84,480.3,971.34,23.44,38.96,53.57,600.85,596.45,25017.15,32383.0,1.29,Bearish,0,20,8,5,15,18,18,"Healthy RSI momentum, Within 30% of 52W low, Normal volume support, Below 200 DMA risk"
06.10.2026 at 12:47 AM IST,SWARAJENG,Unknown,Unknown,3542.7,-0.1,3212.8,4318.45,10.27,17.96,44.5,3579.1,3605.83,8051.4,11335.0,1.41,Bearish,0,8,15,10,15,18,18,"Weak but watchable RSI, Close to 52W low with recovery potential, Volume expansion, Below 200 DMA risk"
06.10.2026 at 12:47 AM IST,INTENTECH,Unknown,Unknown,81.98,-2.94,66.3,145.0,23.65,43.46,50.16,82.24,97.44,17924.5,19209.0,1.07,Bearish,0,20,8,5,15,18,18,"Healthy RSI momentum, Within 30% of 52W low, Normal volume support, Below 200 DMA risk"
06.10.2026 at 12:47 AM IST,BEL,Capital Goods,Unknown,383.1,-1.34,378.32,472.81,1.26,18.97,36.41,400.67,417.41,9676531.5,10250149.0,1.06,Bearish,0,8,20,5,15,18,18,"Weak but watchable RSI, Near 52W low with non-crashing RSI, Normal volume support, Below 200 DMA risk"
06.10.2026 at 12:47 AM IST,SUNPHARMA,Healthcare,Unknown,1801.0,-0.86,1569.37,2046.9,14.76,12.01,36.73,1904.01,1804.01,1526914.25,2314700.0,1.52,Bearish,0,8,15,10,15,18,18,"Weak but watchable RSI, Close to 52W low with recovery potential, Volume expansion, Below 200 DMA risk"
06.10.2026 at 12:47 AM IST,METROGLOBL,Unknown,Unknown,131.52,-1.78,108.05,162.07,21.72,18.85,47.21,133.69,,939.65,208.0,0.22,Bearish,0,10,8,0,0,18,18,"RSI recovering zone, Within 30% of 52W low"
06.10.2026 at 12:47 AM IST,SUPREMEIND,Capital Goods,Unknown,3380.0,-2.06,3140.0,4251.45,7.64,20.5,43.86,3496.65,3558.13,148197.0,167968.0,1.13,Bearish,0,8,20,5,15,18,18,"Weak but watchable RSI, Near 52W low with non-crashing RSI, Normal volume support, Below 200 DMA risk"
06.10.2026 at 12:47 AM IST,SHARDACROP,Unknown,Unknown,709.2,-1.98,697.6,1282.81,1.66,44.72,30.56,780.97,918.19,102038.45,128905.0,1.26,Bearish,0,8,20,5,15,18,18,"Weak but watchable RSI, Near 52W low with non-crashing RSI, Normal volume support, Below 200 DMA risk"
06.10.2026 at 12:47 AM IST,SOBHA,Realty,Unknown,1213.1,-0.7,1125.39,1724.93,7.79,29.67,40.35,1279.88,1371.25,75619.75,86762.0,1.15,Bearish,0,8,20,5,15,18,18,"Weak but watchable RSI, Near 52W low with non-crashing RSI, Normal volume support, Below 200 DMA risk"
06.10.2026 at 12:47 AM IST,CHENNPETRO,Oil Gas & Consumable Fuels,Unknown,1346.4,-6.26,681.45,1677.5,97.58,19.74,42.42,1369.86,1060.22,1942996.2,1838710.0,0.95,Bearish,15,8,0,0,5,18,18,"Above 200 DMA, Weak but watchable RSI, Sharp daily fall"
06.10.2026 at 12:47 AM IST,CANBK,Financial Services,Unknown,118.36,-0.9,116.51,157.69,1.59,24.94,30.14,126.28,133.41,11540405.3,13953325.0,1.21,Bearish,0,8,20,5,15,18,18,"Weak but watchable RSI, Near 52W low with non-crashing RSI, Normal volume support, Below 200 DMA risk"
06.10.2026 at 12:47 AM IST,MGL,Oil Gas & Consumable Fuels,Unknown,1045.4,-1.19,885.65,1300.44,18.04,19.61,39.72,1090.25,1080.15,138927.0,226314.0,1.63,Bearish,0,8,15,10,15,18,18,"Weak but watchable RSI, Close to 52W low with recovery potential, Volume expansion, Below 200 DMA risk"
06.10.2026 at 12:47 AM IST,BSOFT,Information Technology,Unknown,269.75,-0.72,266.27,467.1,1.31,42.25,35.19,294.82,343.33,1491890.75,1536439.0,1.03,Bearish,0,8,20,5,15,18,18,"Weak but watchable RSI, Near 52W low with non-crashing RSI, Normal volume support, Below 200 DMA risk"
06.10.2026 at 12:47 AM IST,CIEINDIA,Automobile and Auto Components,Unknown,376.35,-2.58,366.9,518.55,2.58,27.42,40.09,396.37,433.9,246057.65,259700.0,1.06,Bearish,0,8,20,5,15,18,18,"Weak but watchable RSI, Near 52W low with non-crashing RSI, Normal volume support, Below 200 DMA risk"
06.10.2026 at 12:47 AM IST,SHANKARA,Unknown,Unknown,124.4,-1.64,98.25,169.24,26.62,26.49,17.07,142.75,122.22,100540.75,76990.0,0.77,Bearish,15,5,8,0,10,18,18,"Above 200 DMA, Oversold RSI, Within 30% of 52W low, Extreme RSI weakness"
06.10.2026 at 12:47 AM IST,MHRIL,Unknown,Unknown,194.85,0.31,188.21,353.0,3.53,44.8,34.78,211.48,248.54,123298.9,153366.0,1.24,Bearish,0,8,20,5,15,18,18,"Weak but watchable RSI, Near 52W low with non-crashing RSI, Normal volume support, Below 200 DMA risk"
06.10.2026 at 12:47 AM IST,GUJENERGY,Unknown,Unknown,230.07,-3.16,225.5,428.25,2.03,46.28,35.18,251.31,333.43,1656119.75,2083752.0,1.26,Bearish,0,8,20,5,15,18,18,"Weak but watchable RSI, Near 52W low with non-crashing RSI, Normal volume support, Below 200 DMA risk"
06.10.2026 at 12:47 AM IST,GSFC,Unknown,Unknown,146.9,-2.58,134.5,193.64,9.22,24.14,34.84,154.39,160.61,965871.15,1070806.0,1.11,Bearish,0,8,20,5,15,18,18,"Weak but watchable RSI, Near 52W low with non-crashing RSI, Normal volume support, Below 200 DMA risk"
06.10.2026 at 12:47 AM IST,ADVENTHTL,Unknown,Unknown,123.77,-2.02,120.02,345.05,3.12,64.13,37.51,136.46,162.74,143680.75,203366.0,1.42,Bearish,0,8,20,10,20,18,18,"Weak but watchable RSI, Near 52W low with non-crashing RSI, Volume expansion, Below 200 DMA risk, Very far from 52W high"
06.10.2026 at 12:47 AM IST,WAAREERTL,Unknown,Unknown,808.8,-1.36,779.5,1358.0,3.76,40.44,35.14,867.27,924.67,119921.7,129374.0,1.08,Bearish,0,8,20,5,15,18,18,"Weak but watchable RSI, Near 52W low with non-crashing RSI, Normal volume support, Below 200 DMA risk"
06.10.2026 at 12:47 AM IST,GILLETTE,Fast Moving Consumer Goods,Unknown,6899.0,-1.44,6860.0,9391.7,0.57,26.54,31.42,7395.58,7767.99,21718.4,21964.0,1.01,Bearish,0,8,20,5,15,18,18,"Weak but watchable RSI, Near 52W low with non-crashing RSI, Normal volume support, Below 200 DMA risk"
06.10.2026 at 12:47 AM IST,GICHSGFIN,Unknown,Unknown,132.88,-0.74,126.54,179.03,5.01,25.78,33.64,141.44,149.75,69659.05,77191.0,1.11,Bearish,0,8,20,5,15,18,18,"Weak but watchable RSI, Near 52W low with non-crashing RSI, Normal volume support, Below 200 DMA risk"
06.10.2026 at 12:47 AM IST,VEDL,Metals & Mining,Unknown,252.05,-2.68,247.25,795.0,1.94,68.3,37.74,268.93,458.31,6887856.55,10131800.0,1.47,Bearish,0,8,20,10,20,18,18,"Weak but watchable RSI, Near 52W low with non-crashing RSI, Volume expansion, Below 200 DMA risk, Very far from 52W high"
06.10.2026 at 12:47 AM IST,GOODYEAR,Unknown,Unknown,694.3,-1.26,689.62,1234.96,0.68,43.78,25.36,753.56,,4150.75,5259.0,1.27,Bearish,0,5,8,5,0,18,18,"Oversold RSI, Within 30% of 52W low, Normal volume support"
06.10.2026 at 12:47 AM IST,JWL,Capital Goods,Unknown,223.93,-3.94,218.45,358.25,2.51,37.49,38.89,244.35,274.14,1899067.15,2250251.0,1.18,Bearish,0,8,20,5,15,18,18,"Weak but watchable RSI, Near 52W low with non-crashing RSI, Normal volume support, Below 200 DMA risk"
06.10.2026 at 12:47 AM IST,KPEL,Unknown,Unknown,218.0,-1.09,206.3,462.15,5.67,52.83,36.65,254.38,307.21,341768.5,348580.0,1.02,Bearish,0,8,20,5,15,18,18,"Weak but watchable RSI, Near 52W low with non-crashing RSI, Normal volume support, Below 200 DMA risk"
06.10.2026 at 12:47 AM IST,KRIDHANINF,Unknown,Unknown,1.85,-1.6,1.79,4.78,3.35,61.3,31.92,2.09,2.87,57947.6,104582.0,1.8,Bearish,0,8,20,10,20,18,18,"Weak but watchable RSI, Near 52W low with non-crashing RSI, Volume expansion, Below 200 DMA risk, Very far from 52W high"
06.10.2026 at 12:47 AM IST,VIKASLIFE,Unknown,Unknown,1.2,-0.83,1.05,2.23,14.29,46.19,40.49,1.25,1.47,1660901.2,2801015.0,1.69,Bearish,0,8,15,10,15,18,18,"Weak but watchable RSI, Close to 52W low with recovery potential, Volume expansion, Below 200 DMA risk"
06.10.2026 at 12:47 AM IST,AKG,Unknown,Unknown,9.71,-0.31,8.06,15.07,20.47,35.57,47.68,9.54,11.2,23827.1,8772.0,0.37,Bullish,15,10,8,0,15,18,18,"Above 50 DMA, RSI recovering zone, Within 30% of 52W low, Below 200 DMA risk"
06.10.2026 at 12:47 AM IST,ALLCARGO,Unknown,Unknown,10.12,-0.1,7.11,36.55,42.33,72.31,37.31,10.73,9.48,9808941.25,4561834.0,0.47,Bearish,15,8,0,0,5,18,18,"Above 200 DMA, Weak but watchable RSI, Very far from 52W high"
06.10.2026 at 12:47 AM IST,VMM,Consumer Services,Unknown,99.5,-1.49,98.0,152.18,1.53,34.62,40.3,106.0,116.56,10317993.55,11791052.0,1.14,Bearish,0,8,20,5,15,18,18,"Weak but watchable RSI, Near 52W low with non-crashing RSI, Normal volume support, Below 200 DMA risk"
06.10.2026 at 12:47 AM IST,VIPIND,Unknown,Unknown,280.75,-3.51,277.85,447.3,1.04,37.23,33.23,303.14,326.14,326893.05,382593.0,1.17,Bearish,0,8,20,5,15,18,18,"Weak but watchable RSI, Near 52W low with non-crashing RSI, Normal volume support, Below 200 DMA risk"
06.10.2026 at 12:47 AM IST,5PAISA,Unknown,Unknown,316.35,3.65,245.5,416.95,28.86,24.13,41.15,349.46,335.55,41088.2,104625.0,2.55,Bearish,0,8,8,15,15,16,16,"Weak but watchable RSI, Within 30% of 52W low, Strong volume expansion, Below 200 DMA risk"
06.10.2026 at 12:47 AM IST,AMJLAND,Unknown,Unknown,37.02,-1.59,30.14,57.09,22.81,35.16,42.01,38.37,40.28,9674.55,30216.0,3.12,Bearish,0,8,8,15,15,16,16,"Weak but watchable RSI, Within 30% of 52W low, Strong volume expansion, Below 200 DMA risk"
06.10.2026 at 12:47 AM IST,WAKEFIT,Unknown,Unknown,139.88,-2.74,111.4,224.0,25.57,37.55,43.1,139.35,151.39,437098.15,172897.0,0.4,Bullish,15,8,8,0,15,16,16,"Above 50 DMA, Weak but watchable RSI, Within 30% of 52W low, Below 200 DMA risk"
06.10.2026 at 12:47 AM IST,OSWALSEEDS,Unknown,Unknown,12.39,0.41,9.66,20.28,28.26,38.91,44.7,12.22,12.53,326078.7,68859.0,0.21,Bullish,15,8,8,0,15,16,16,"Above 50 DMA, Weak but watchable RSI, Within 30% of 52W low, Below 200 DMA risk"
06.10.2026 at 12:47 AM IST,MERCURYEV,Unknown,Unknown,37.06,-2.91,30.16,44.05,22.88,15.87,41.9,37.64,,983436.8,385240.0,0.39,Bearish,0,8,8,0,0,16,16,"Weak but watchable RSI, Within 30% of 52W low"
06.10.2026 at 12:47 AM IST,KICL,Unknown,Unknown,4693.2,-2.2,4003.65,6542.89,17.22,28.27,32.68,5190.17,4977.12,1396.8,6414.0,4.59,Bearish,0,8,8,15,15,16,16,"Weak but watchable RSI, Within 30% of 52W low, Strong volume expansion, Below 200 DMA risk"
06.10.2026 at 12:47 AM IST,AAVAS,Financial Services,Unknown,1190.9,-1.73,1060.4,1771.9,12.31,32.79,30.08,1324.23,1354.53,85418.3,280168.0,3.28,Bearish,0,8,8,15,15,16,16,"Weak but watchable RSI, Within 30% of 52W low, Strong volume expansion, Below 200 DMA risk"
06.10.2026 at 12:47 AM IST,PINELABS,Financial Services,Unknown,167.59,-2.44,134.73,284.0,24.39,40.99,43.26,167.1,179.79,49125437.7,13924916.0,0.28,Bullish,15,8,8,0,15,16,16,"Above 50 DMA, Weak but watchable RSI, Within 30% of 52W low, Below 200 DMA risk"
06.10.2026 at 12:47 AM IST,SADBHAV,Unknown,Unknown,6.8,-4.9,6.05,14.7,12.4,53.74,32.1,8.19,8.75,196778.7,443913.0,2.26,Bearish,0,8,8,15,15,16,16,"Weak but watchable RSI, Within 30% of 52W low, Strong volume expansion, Below 200 DMA risk"
06.10.2026 at 12:47 AM IST,RUDRA,Unknown,Unknown,18.23,-2.88,14.63,29.7,24.61,38.62,36.67,19.79,,40063.15,38615.0,0.96,Bearish,0,8,8,0,0,16,16,"Weak but watchable RSI, Within 30% of 52W low"
06.10.2026 at 12:47 AM IST,CSM,Unknown,Unknown,94.25,-3.99,75.91,114.37,24.16,17.59,43.74,98.34,,1251642.75,165688.0,0.13,Bearish,0,8,8,0,0,16,16,"Weak but watchable RSI, Within 30% of 52W low"
06.10.2026 at 12:47 AM IST,CREDITACC,Financial Services,Unknown,1239.0,-2.59,1113.0,1634.0,11.32,24.17,30.95,1448.95,1349.22,168376.6,343285.0,2.04,Bearish,0,8,8,15,15,16,16,"Weak but watchable RSI, Within 30% of 52W low, Strong volume expansion, Below 200 DMA risk"
06.10.2026 at 12:47 AM IST,HYUNDAI,Automobile and Auto Components,Unknown,2024.0,-0.34,1642.32,2525.38,23.24,19.85,38.09,2155.68,2042.56,651042.25,1795808.0,2.76,Bearish,0,8,8,15,15,16,16,"Weak but watchable RSI, Within 30% of 52W low, Strong volume expansion, Below 200 DMA risk"
06.10.2026 at 12:47 AM IST,KALPATARU,Unknown,Unknown,273.5,-1.87,250.0,410.7,9.4,33.41,49.22,277.78,310.96,63492.85,42743.0,0.67,Bearish,0,10,20,0,15,15,15,"RSI recovering zone, Near 52W low with non-crashing RSI, Below 200 DMA risk"
06.10.2026 at 12:47 AM IST,AHLEAST,Unknown,Unknown,136.0,1.16,127.25,175.3,6.88,22.42,47.4,138.99,147.78,1745.35,133.0,0.08,Bearish,0,10,20,0,15,15,15,"RSI recovering zone, Near 52W low with non-crashing RSI, Below 200 DMA risk"
06.10.2026 at 12:47 AM IST,SURANAT&P,Unknown,Unknown,15.98,0.88,15.5,24.12,3.1,33.75,45.23,16.61,18.02,47593.45,29325.0,0.62,Bearish,0,10,20,0,15,15,15,"RSI recovering zone, Near 52W low with non-crashing RSI, Below 200 DMA risk"
06.10.2026 at 12:47 AM IST,INFOMEDIA,Unknown,Unknown,5.32,-1.12,4.5,8.05,18.22,33.91,49.81,5.32,5.6,16041.1,17374.0,1.08,Bearish,0,10,15,5,15,15,15,"RSI recovering zone, Close to 52W low with recovery potential, Normal volume support, Below 200 DMA risk"
06.10.2026 at 12:47 AM IST,AKASH,Unknown,Unknown,24.95,0.04,22.8,34.74,9.43,28.18,49.18,25.4,25.99,3454.4,1157.0,0.33,Bearish,0,10,20,0,15,15,15,"RSI recovering zone, Near 52W low with non-crashing RSI, Below 200 DMA risk"
06.10.2026 at 12:47 AM IST,IXIGO,Unknown,Unknown,161.9,-0.61,151.27,339.15,7.03,52.26,46.94,171.88,186.66,1269206.8,665583.0,0.52,Bearish,0,10,20,0,15,15,15,"RSI recovering zone, Near 52W low with non-crashing RSI, Below 200 DMA risk"
06.10.2026 at 12:47 AM IST,JAINREC,Metals & Mining,Unknown,282.5,-3.37,271.0,593.95,4.24,52.44,45.95,298.21,376.85,1860235.7,784762.0,0.42,Bearish,0,10,20,0,15,15,15,"RSI recovering zone, Near 52W low with non-crashing RSI, Below 200 DMA risk"
06.10.2026 at 12:47 AM IST,RELCHEMQ,Unknown,Unknown,114.36,-1.61,104.57,162.32,9.36,29.54,45.88,117.96,123.28,11144.35,1621.0,0.15,Bearish,0,10,20,0,15,15,15,"RSI recovering zone, Near 52W low with non-crashing RSI, Below 200 DMA risk"
06.10.2026 at 12:47 AM IST,HAVISHA,Unknown,Unknown,1.35,0.75,1.03,2.42,31.07,44.21,50.19,1.35,1.48,44430.05,88827.0,2.0,Bearish,0,20,0,10,15,15,15,"Healthy RSI momentum, Volume expansion, Below 200 DMA risk"
06.10.2026 at 12:47 AM IST,DIGIDRIVE,Unknown,Unknown,17.61,-1.57,16.1,31.5,9.38,44.1,47.85,17.69,20.62,16657.05,16496.0,0.99,Bearish,0,10,20,0,15,15,15,"RSI recovering zone, Near 52W low with non-crashing RSI, Below 200 DMA risk"
06.10.2026 at 12:47 AM IST,RUSTOMJEE,Unknown,Unknown,361.25,0.01,331.9,634.0,8.84,43.02,47.93,372.84,417.8,108561.2,71241.0,0.66,Bearish,0,10,20,0,15,15,15,"RSI recovering zone, Near 52W low with non-crashing RSI, Below 200 DMA risk"
06.10.2026 at 12:47 AM IST,UNIECOM,Unknown,Unknown,82.58,-1.57,78.51,145.72,5.18,43.33,46.27,85.2,94.59,929937.45,204430.0,0.22,Bearish,0,10,20,0,15,15,15,"RSI recovering zone, Near 52W low with non-crashing RSI, Below 200 DMA risk"
06.10.2026 at 12:47 AM IST,PTC,Unknown,Unknown,154.79,-0.49,130.34,203.54,18.75,23.95,46.72,157.62,156.34,1154464.65,1221503.0,1.06,Bearish,0,10,15,5,15,15,15,"RSI recovering zone, Close to 52W low with recovery potential, Normal volume support, Below 200 DMA risk"
06.10.2026 at 12:47 AM IST,LATTEYS,Unknown,Unknown,20.91,0.0,15.79,37.0,32.43,43.49,50.02,20.98,21.54,45178.8,60087.0,1.33,Bearish,0,20,0,10,15,15,15,"Healthy RSI momentum, Volume expansion, Below 200 DMA risk"
06.10.2026 at 12:47 AM IST,VESUVIUS,Unknown,Unknown,404.1,-4.74,383.0,606.13,5.51,33.33,47.05,425.34,465.37,619129.9,306434.0,0.49,Bearish,0,10,20,0,15,15,15,"RSI recovering zone, Near 52W low with non-crashing RSI, Below 200 DMA risk"
06.10.2026 at 12:47 AM IST,FIBERWEB,Unknown,Unknown,26.55,-3.14,25.07,46.5,5.9,42.9,48.06,27.48,33.18,16985.6,12052.0,0.71,Bearish,0,10,20,0,15,15,15,"RSI recovering zone, Near 52W low with non-crashing RSI, Below 200 DMA risk"
06.10.2026 at 12:47 AM IST,JSWHL,Unknown,Unknown,11258.0,-0.78,10530.0,22790.0,6.91,50.6,48.74,11439.76,13940.4,9176.45,3211.0,0.35,Bearish,0,10,20,0,15,15,15,"RSI recovering zone, Near 52W low with non-crashing RSI, Below 200 DMA risk"
06.10.2026 at 12:47 AM IST,HDFCLIFE,Financial Services,Unknown,534.2,2.49,508.7,785.7,5.01,32.01,48.24,541.0,617.2,4966199.6,4008935.0,0.81,Bearish,0,10,20,0,15,15,15,"RSI recovering zone, Near 52W low with non-crashing RSI, Below 200 DMA risk"
06.10.2026 at 12:47 AM IST,ORIENTTECH,Unknown,Unknown,229.25,-0.98,220.8,466.73,3.83,50.88,37.71,246.74,280.76,539539.55,78325.0,0.15,Bearish,0,8,20,0,15,13,13,"Weak but watchable RSI, Near 52W low with non-crashing RSI, Below 200 DMA risk"
06.10.2026 at 12:47 AM IST,GREENPOWER,Unknown,Unknown,8.77,-0.68,7.98,14.93,9.9,41.26,30.41,9.41,10.33,4292672.3,1489357.0,0.35,Bearish,0,8,20,0,15,13,13,"Weak but watchable RSI, Near 52W low with non-crashing RSI, Below 200 DMA risk"
06.10.2026 at 12:47 AM IST,GRINFRA,Unknown,Unknown,790.2,-1.3,775.0,1306.46,1.96,39.52,33.15,862.05,909.65,29204.9,20058.0,0.69,Bearish,0,8,20,0,15,13,13,"Weak but watchable RSI, Near 52W low with non-crashing RSI, Below 200 DMA risk"
06.10.2026 at 12:47 AM IST,OSWALAGRO,Unknown,Unknown,33.11,-2.47,32.36,81.0,2.32,59.12,36.62,36.7,44.64,37376.0,17403.0,0.47,Bearish,0,8,20,0,15,13,13,"Weak but watchable RSI, Near 52W low with non-crashing RSI, Below 200 DMA risk"
06.10.2026 at 12:47 AM IST,PARKHOTELS,Unknown,Unknown,103.55,-2.24,94.43,157.25,9.65,34.15,37.06,113.27,119.52,177186.15,174623.0,0.99,Bearish,0,8,20,0,15,13,13,"Weak but watchable RSI, Near 52W low with non-crashing RSI, Below 200 DMA risk"
06.10.2026 at 12:47 AM IST,VENTIVE,Unknown,Unknown,552.2,-1.11,542.6,793.95,1.77,30.45,36.07,587.58,649.28,34529.7,26555.0,0.77,Bearish,0,8,20,0,15,13,13,"Weak but watchable RSI, Near 52W low with non-crashing RSI, Below 200 DMA risk"
06.10.2026 at 12:47 AM IST,VEEDOL,Unknown,Unknown,1356.6,-1.22,1219.4,1892.31,11.25,28.31,37.16,1440.98,1425.64,8201.7,9354.0,1.14,Bearish,0,8,15,5,15,13,13,"Weak but watchable RSI, Close to 52W low with recovery potential, Normal volume support, Below 200 DMA risk"
06.10.2026 at 12:47 AM IST,VASWANI,Unknown,Unknown,44.36,-0.47,43.26,69.99,2.54,36.62,36.83,48.39,54.32,37575.5,2864.0,0.08,Bearish,0,8,20,0,15,13,13,"Weak but watchable RSI, Near 52W low with non-crashing RSI, Below 200 DMA risk"
06.10.2026 at 12:47 AM IST,ANTGRAPHIC,Unknown,Unknown,0.69,-2.82,0.64,1.17,7.81,41.03,40.41,0.73,0.83,214299.95,127074.0,0.59,Bearish,0,8,20,0,15,13,13,"Weak but watchable RSI, Near 52W low with non-crashing RSI, Below 200 DMA risk"
06.10.2026 at 12:47 AM IST,ANNAPURNA,Unknown,Unknown,128.6,-1.83,120.75,287.0,6.5,55.19,38.93,140.68,160.01,41665.35,40390.0,0.97,Bearish,0,8,20,0,15,13,13,"Weak but watchable RSI, Near 52W low with non-crashing RSI, Below 200 DMA risk"
06.10.2026 at 12:47 AM IST,PAKKA,Unknown,Unknown,72.26,-0.86,69.1,159.9,4.57,54.81,37.84,76.32,86.1,100153.55,38359.0,0.38,Bearish,0,8,20,0,15,13,13,"Weak but watchable RSI, Near 52W low with non-crashing RSI, Below 200 DMA risk"
06.10.2026 at 12:47 AM IST,ADSL,Unknown,Unknown,106.38,-1.98,85.07,201.8,25.05,47.28,52.4,107.14,117.76,516695.3,188974.0,0.37,Bearish,0,20,8,0,15,13,13,"Healthy RSI momentum, Within 30% of 52W low, Below 200 DMA risk"
06.10.2026 at 12:47 AM IST,VSTL,Unknown,Unknown,108.85,-2.89,100.8,158.8,7.99,31.45,38.64,112.05,117.85,10329.0,8447.0,0.82,Bearish,0,8,20,0,15,13,13,"Weak but watchable RSI, Near 52W low with non-crashing RSI, Below 200 DMA risk"
06.10.2026 at 12:47 AM IST,KITEX,Unknown,Unknown,116.68,-2.4,114.36,231.74,2.03,49.65,38.71,129.13,157.01,361443.75,245777.0,0.68,Bearish,0,8,20,0,15,13,13,"Weak but watchable RSI, Near 52W low with non-crashing RSI, Below 200 DMA risk"
06.10.2026 at 12:47 AM IST,BLAL,Unknown,Unknown,157.83,-1.52,155.5,217.88,1.5,27.56,34.7,167.05,182.66,20669.0,13528.0,0.65,Bearish,0,8,20,0,15,13,13,"Weak but watchable RSI, Near 52W low with non-crashing RSI, Below 200 DMA risk"
06.10.2026 at 12:47 AM IST,CEATLTD,Automobile and Auto Components,Unknown,3286.6,0.68,3030.27,4393.16,8.46,25.19,41.13,3458.93,3520.02,52390.55,49734.0,0.95,Bearish,0,8,20,0,15,13,13,"Weak but watchable RSI, Near 52W low with non-crashing RSI, Below 200 DMA risk"
06.10.2026 at 12:47 AM IST,CAPACITE,Unknown,Unknown,180.33,-1.4,176.16,314.25,2.37,42.62,31.18,206.05,228.75,282248.75,276832.0,0.98,Bearish,0,8,20,0,15,13,13,"Weak but watchable RSI, Near 52W low with non-crashing RSI, Below 200 DMA risk"
06.10.2026 at 12:47 AM IST,CANTABIL,Unknown,Unknown,224.66,-2.84,207.87,319.67,8.08,29.72,31.35,238.11,248.42,114846.15,90583.0,0.79,Bearish,0,8,20,0,15,13,13,"Weak but watchable RSI, Near 52W low with non-crashing RSI, Below 200 DMA risk"
06.10.2026 at 12:47 AM IST,SIRCA,Unknown,Unknown,401.55,-2.08,383.11,536.35,4.81,25.13,34.91,425.67,433.79,195137.75,129849.0,0.67,Bearish,0,8,20,0,15,13,13,"Weak but watchable RSI, Near 52W low with non-crashing RSI, Below 200 DMA risk"
06.10.2026 at 12:47 AM IST,GREENLAM,Unknown,Unknown,213.62,0.36,197.29,278.55,8.28,23.31,27.8,242.72,239.68,50522.65,114653.0,2.27,Bearish,0,5,8,15,15,13,13,"Oversold RSI, Within 30% of 52W low, Strong volume expansion, Below 200 DMA risk"
06.10.2026 at 12:47 AM IST,GREENPANEL,Unknown,Unknown,158.59,-1.08,148.51,313.19,6.79,49.36,43.68,169.69,196.74,440091.45,121066.0,0.28,Bearish,0,8,20,0,15,13,13,"Weak but watchable RSI, Near 52W low with non-crashing RSI, Below 200 DMA risk"
06.10.2026 at 12:47 AM IST,INDOUS,Unknown,Unknown,76.75,-1.88,70.0,159.0,9.64,51.73,39.59,80.81,102.06,8790.7,533.0,0.06,Bearish,0,8,20,0,15,13,13,"Weak but watchable RSI, Near 52W low with non-crashing RSI, Below 200 DMA risk"
06.10.2026 at 12:47 AM IST,SKFINDIA,Unknown,Unknown,1450.2,-3.95,1370.53,4953.04,5.81,70.72,32.31,1537.35,1614.42,57541.4,62968.0,1.09,Bearish,0,8,20,5,20,13,13,"Weak but watchable RSI, Near 52W low with non-crashing RSI, Normal volume support, Below 200 DMA risk, Very far from 52W high"
06.10.2026 at 12:47 AM IST,INDIASHLTR,Unknown,Unknown,645.6,1.57,620.15,911.97,4.1,29.21,42.39,676.49,745.88,89736.9,88297.0,0.98,Bearish,0,8,20,0,15,13,13,"Weak but watchable RSI, Near 52W low with non-crashing RSI, Below 200 DMA risk"
06.10.2026 at 12:47 AM IST,INDIAMART,Consumer Services,Unknown,1620.3,-0.53,1590.1,2455.0,1.9,34.0,37.06,1721.13,1958.53,115036.8,60779.0,0.53,Bearish,0,8,20,0,15,13,13,"Weak but watchable RSI, Near 52W low with non-crashing RSI, Below 200 DMA risk"
06.10.2026 at 12:47 AM IST,SIGNATURE,Realty,Unknown,737.45,1.42,705.2,1153.9,4.57,36.09,37.92,786.43,858.23,342916.3,227926.0,0.66,Bearish,0,8,20,0,15,13,13,"Weak but watchable RSI, Near 52W low with non-crashing RSI, Below 200 DMA risk"
06.10.2026 at 12:47 AM IST,SILINV,Unknown,Unknown,424.55,-1.6,377.73,762.43,12.39,44.32,36.32,447.62,442.91,1435.05,1793.0,1.25,Bearish,0,8,15,5,15,13,13,"Weak but watchable RSI, Close to 52W low with recovery potential, Normal volume support, Below 200 DMA risk"
06.10.2026 at 12:47 AM IST,CEWATER,Unknown,Unknown,253.45,-2.37,235.0,516.5,7.85,50.93,37.96,272.21,320.61,134106.9,66070.0,0.49,Bearish,0,8,20,0,15,13,13,"Weak but watchable RSI, Near 52W low with non-crashing RSI, Below 200 DMA risk"
06.10.2026 at 12:47 AM IST,MFSL,Financial Services,Unknown,1392.0,1.35,1344.3,1892.5,3.55,26.45,38.09,1515.96,1618.17,1324878.25,1151973.0,0.87,Bearish,0,8,20,0,15,13,13,"Weak but watchable RSI, Near 52W low with non-crashing RSI, Below 200 DMA risk"
06.10.2026 at 12:47 AM IST,CELLO,Unknown,Unknown,323.1,-0.75,314.0,670.83,2.9,51.84,38.57,347.25,410.14,320853.95,260574.0,0.81,Bearish,0,8,20,0,15,13,13,"Weak but watchable RSI, Near 52W low with non-crashing RSI, Below 200 DMA risk"
06.10.2026 at 12:47 AM IST,CENTRALBK,Financial Services,Unknown,30.0,-1.51,29.32,40.26,2.32,25.49,39.62,30.95,33.69,6824016.15,4707687.0,0.69,Bearish,0,8,20,0,15,13,13,"Weak but watchable RSI, Near 52W low with non-crashing RSI, Below 200 DMA risk"
06.10.2026 at 12:47 AM IST,CENTURYPLY,Unknown,Unknown,666.45,-2.26,617.67,857.85,7.9,22.31,31.49,743.61,756.59,95734.0,56697.0,0.59,Bearish,0,8,20,0,15,13,13,"Weak but watchable RSI, Near 52W low with non-crashing RSI, Below 200 DMA risk"
06.10.2026 at 12:47 AM IST,ORIENTALTL,Unknown,Unknown,4.81,-0.41,4.4,10.84,9.32,55.63,33.94,5.08,6.32,82842.9,36188.0,0.44,Bearish,0,8,20,0,15,13,13,"Weak but watchable RSI, Near 52W low with non-crashing RSI, Below 200 DMA risk"
06.10.2026 at 12:47 AM IST,GODAVARIB,Unknown,Unknown,227.18,-2.08,223.81,353.0,1.51,35.64,38.84,246.46,277.44,599520.75,76451.0,0.13,Bearish,0,8,20,0,15,13,13,"Weak but watchable RSI, Near 52W low with non-crashing RSI, Below 200 DMA risk"
06.10.2026 at 12:47 AM IST,ODIGMA,Unknown,Unknown,21.11,-1.12,20.0,43.93,5.55,51.95,40.1,22.27,25.33,19053.25,11756.0,0.62,Bearish,0,8,20,0,15,13,13,"Weak but watchable RSI, Near 52W low with non-crashing RSI, Below 200 DMA risk"
06.10.2026 at 12:47 AM IST,GICRE,Financial Services,Unknown,323.9,-2.19,316.8,402.4,2.24,19.51,38.69,342.21,357.82,817315.5,720831.0,0.88,Bearish,0,8,20,0,15,13,13,"Weak but watchable RSI, Near 52W low with non-crashing RSI, Below 200 DMA risk"
06.10.2026 at 12:47 AM IST,PATANJALI,Fast Moving Consumer Goods,Unknown,355.15,-2.16,326.06,605.96,8.92,41.39,43.69,356.12,441.54,5325271.1,4327803.0,0.81,Bearish,0,8,20,0,15,13,13,"Weak but watchable RSI, Near 52W low with non-crashing RSI, Below 200 DMA risk"
06.10.2026 at 12:47 AM IST,GUJAPOLLO,Unknown,Unknown,324.85,-1.56,298.78,491.18,8.72,33.86,42.09,345.39,381.74,19615.4,12118.0,0.62,Bearish,0,8,20,0,15,13,13,"Weak but watchable RSI, Near 52W low with non-crashing RSI, Below 200 DMA risk"
06.10.2026 at 12:47 AM IST,ORICONENT,Unknown,Unknown,49.98,-2.65,47.04,72.84,6.25,31.39,38.55,53.53,60.09,94667.55,47960.0,0.51,Bearish,0,8,20,0,15,13,13,"Weak but watchable RSI, Near 52W low with non-crashing RSI, Below 200 DMA risk"
06.10.2026 at 12:47 AM IST,VOLTAS,Consumer Durables,Unknown,1053.2,-1.57,1040.6,1577.54,1.21,33.24,31.04,1210.44,1328.61,645337.2,638996.0,0.99,Bearish,0,8,20,0,15,13,13,"Weak but watchable RSI, Near 52W low with non-crashing RSI, Below 200 DMA risk"
06.10.2026 at 12:47 AM IST,ZODIAC,Unknown,Unknown,215.1,-0.83,201.35,413.6,6.83,47.99,35.88,239.13,267.24,11841.55,5592.0,0.47,Bearish,0,8,20,0,15,13,13,"Weak but watchable RSI, Near 52W low with non-crashing RSI, Below 200 DMA risk"
06.10.2026 at 12:47 AM IST,AERONEU,Unknown,Unknown,70.56,-0.4,63.21,105.5,11.63,33.12,43.47,79.04,79.64,60758.35,67368.0,1.11,Bearish,0,8,15,5,15,13,13,"Weak but watchable RSI, Close to 52W low with recovery potential, Normal volume support, Below 200 DMA risk"
06.10.2026 at 12:47 AM IST,AFCONS,Construction,Unknown,242.39,-2.18,225.35,476.09,7.56,49.09,31.54,271.87,308.99,2874968.6,428586.0,0.15,Bearish,0,8,20,0,15,13,13,"Weak but watchable RSI, Near 52W low with non-crashing RSI, Below 200 DMA risk"
06.10.2026 at 12:47 AM IST,VIKASECO,Unknown,Unknown,1.01,-1.94,0.99,2.04,2.02,50.49,30.59,1.08,1.31,1631858.7,1556275.0,0.95,Bearish,0,8,20,0,15,13,13,"Weak but watchable RSI, Near 52W low with non-crashing RSI, Below 200 DMA risk"
06.10.2026 at 12:47 AM IST,AGROPHOS,Unknown,Unknown,23.0,-2.04,21.0,45.89,9.52,49.88,34.87,26.05,31.46,31168.05,12887.0,0.41,Bearish,0,8,20,0,15,13,13,"Weak but watchable RSI, Near 52W low with non-crashing RSI, Below 200 DMA risk"
06.10.2026 at 12:47 AM IST,LAOPALA,Unknown,Unknown,156.11,-0.04,153.01,244.2,2.03,36.07,35.32,172.64,179.69,143517.65,104311.0,0.73,Bearish,0,8,20,0,15,13,13,"Weak but watchable RSI, Near 52W low with non-crashing RSI, Below 200 DMA risk"
06.10.2026 at 12:47 AM IST,APCL,Unknown,Unknown,94.76,0.57,92.0,148.78,3.0,36.31,38.44,100.48,114.75,5941.55,2221.0,0.37,Bearish,0,8,20,0,15,13,13,"Weak but watchable RSI, Near 52W low with non-crashing RSI, Below 200 DMA risk"
06.10.2026 at 12:47 AM IST,AMBUJACEM,Construction Materials,Unknown,362.25,-3.14,356.3,585.85,1.67,38.17,29.73,407.1,453.15,1400747.1,3893265.0,2.78,Bearish,0,5,8,15,15,13,13,"Oversold RSI, Within 30% of 52W low, Strong volume expansion, Below 200 DMA risk"
06.10.2026 at 12:47 AM IST,VIRINCHI,Unknown,Unknown,13.29,-1.34,13.0,29.47,2.23,54.9,30.1,14.76,17.55,61730.95,44029.0,0.71,Bearish,0,8,20,0,15,13,13,"Weak but watchable RSI, Near 52W low with non-crashing RSI, Below 200 DMA risk"
06.10.2026 at 12:47 AM IST,VINATIORGA,Unknown,Unknown,1208.1,3.41,1143.6,1727.28,5.64,30.06,40.28,1286.64,1368.55,63282.3,60315.0,0.95,Bearish,0,8,20,0,15,13,13,"Weak but watchable RSI, Near 52W low with non-crashing RSI, Below 200 DMA risk"
06.10.2026 at 12:47 AM IST,KARMAENG,Unknown,Unknown,36.33,-2.94,34.38,66.25,5.67,45.16,38.05,38.68,42.66,15019.9,10243.0,0.68,Bearish,0,8,20,0,15,13,13,"Weak but watchable RSI, Near 52W low with non-crashing RSI, Below 200 DMA risk"
06.10.2026 at 12:47 AM IST,KSCL,Unknown,Unknown,715.1,-1.45,685.0,1095.9,4.39,34.75,43.49,759.19,852.82,1563640.0,156961.0,0.1,Bearish,0,8,20,0,15,13,13,"Weak but watchable RSI, Near 52W low with non-crashing RSI, Below 200 DMA risk"
06.10.2026 at 12:47 AM IST,VISL,Metals & Mining,Unknown,31.17,-3.5,19.06,44.78,63.54,30.39,41.74,34.48,,20986745.3,23116178.0,1.1,Bearish,0,8,0,5,0,13,13,"Weak but watchable RSI, Normal volume support"
06.10.2026 at 12:47 AM IST,STARCEMENT,Unknown,Unknown,178.39,-1.96,175.2,271.76,1.82,34.36,34.74,193.79,209.71,203746.8,171575.0,0.84,Bearish,0,8,20,0,15,13,13,"Weak but watchable RSI, Near 52W low with non-crashing RSI, Below 200 DMA risk"
06.10.2026 at 12:47 AM IST,SRD,Unknown,Unknown,38.08,-1.19,35.95,75.69,5.92,49.69,41.48,39.08,46.12,32146.4,3040.0,0.09,Bearish,0,8,20,0,15,13,13,"Weak but watchable RSI, Near 52W low with non-crashing RSI, Below 200 DMA risk"
06.10.2026 at 12:47 AM IST,BMWVENTLTD,Unknown,Unknown,50.83,-1.3,48.0,71.43,5.9,28.84,36.16,55.51,57.53,121043.15,49440.0,0.41,Bearish,0,8,20,0,15,13,13,"Weak but watchable RSI, Near 52W low with non-crashing RSI, Below 200 DMA risk"
06.10.2026 at 12:47 AM IST,BRNL,Unknown,Unknown,16.03,1.2,15.67,26.5,2.3,39.51,34.75,17.1,19.25,23702.5,21263.0,0.9,Bearish,0,8,20,0,15,13,13,"Weak but watchable RSI, Near 52W low with non-crashing RSI, Below 200 DMA risk"
06.10.2026 at 12:47 AM IST,SULA,Unknown,Unknown,130.94,-1.77,130.0,263.32,0.72,50.27,30.92,146.91,164.35,410934.4,255283.0,0.62,Bearish,0,8,20,0,15,13,13,"Weak but watchable RSI, Near 52W low with non-crashing RSI, Below 200 DMA risk"
06.10.2026 at 12:47 AM IST,STUDDS,Unknown,Unknown,399.85,1.52,389.15,596.0,2.75,32.91,37.77,428.42,471.81,88077.25,48629.0,0.55,Bearish,0,8,20,0,15,13,13,"Weak but watchable RSI, Near 52W low with non-crashing RSI, Below 200 DMA risk"
06.10.2026 at 12:47 AM IST,SUNDARAM,Unknown,Unknown,1.08,-0.92,1.02,2.2,5.88,50.91,26.53,1.21,1.4,385438.5,874908.0,2.27,Bearish,0,5,8,15,15,13,13,"Oversold RSI, Within 30% of 52W low, Strong volume expansion, Below 200 DMA risk"
06.10.2026 at 12:47 AM IST,SUNCLAY,Unknown,Unknown,1183.0,-3.74,1108.76,1721.73,6.7,31.29,25.6,1268.12,1310.63,5503.55,12518.0,2.27,Bearish,0,5,8,15,15,13,13,"Oversold RSI, Within 30% of 52W low, Strong volume expansion, Below 200 DMA risk"
06.10.2026 at 12:47 AM IST,BIOCON,Healthcare,Unknown,370.7,0.11,337.3,447.15,9.9,17.1,33.6,406.21,394.96,3231156.35,2525268.0,0.78,Bearish,0,8,20,0,15,13,13,"Weak but watchable RSI, Near 52W low with non-crashing RSI, Below 200 DMA risk"
06.10.2026 at 12:47 AM IST,INSPIRISYS,Unknown,Unknown,83.83,-3.82,69.92,133.9,19.89,37.39,41.87,91.81,93.37,5222.65,5889.0,1.13,Bearish,0,8,15,5,15,13,13,"Weak but watchable RSI, Close to 52W low with recovery potential, Normal volume support, Below 200 DMA risk"
06.10.2026 at 12:47 AM IST,INSECTICID,Unknown,Unknown,568.7,-2.67,518.6,775.0,9.66,26.62,33.06,612.98,650.29,19526.05,17552.0,0.9,Bearish,0,8,20,0,15,13,13,"Weak but watchable RSI, Near 52W low with non-crashing RSI, Below 200 DMA risk"
06.10.2026 at 12:47 AM IST,INOXWIND,Capital Goods,Unknown,68.75,-1.09,67.1,159.3,2.46,56.84,34.5,74.78,91.17,10365502.95,9972133.0,0.96,Bearish,0,8,20,0,15,13,13,"Weak but watchable RSI, Near 52W low with non-crashing RSI, Below 200 DMA risk"
06.10.2026 at 12:47 AM IST,INNOVANA,Unknown,Unknown,290.2,-0.8,279.2,524.95,3.94,44.72,39.51,313.53,354.8,37603.5,25514.0,0.68,Bearish,0,8,20,0,15,13,13,"Weak but watchable RSI, Near 52W low with non-crashing RSI, Below 200 DMA risk"
06.10.2026 at 12:47 AM IST,IPL,Unknown,Unknown,130.68,-1.54,124.33,212.11,5.11,38.39,37.25,139.29,153.12,1602494.95,173318.0,0.11,Bearish,0,8,20,0,15,13,13,"Weak but watchable RSI, Near 52W low with non-crashing RSI, Below 200 DMA risk"
06.10.2026 at 12:47 AM IST,MAPMYINDIA,Unknown,Unknown,845.75,-1.44,792.67,1992.15,6.7,57.55,31.31,986.28,1069.69,194211.55,92181.0,0.47,Bearish,0,8,20,0,15,13,13,"Weak but watchable RSI, Near 52W low with non-crashing RSI, Below 200 DMA risk"
06.10.2026 at 12:47 AM IST,MASFIN,Unknown,Unknown,272.85,-3.48,268.95,357.93,1.45,23.77,32.04,297.94,310.67,199733.35,188700.0,0.94,Bearish,0,8,20,0,15,13,13,"Weak but watchable RSI, Near 52W low with non-crashing RSI, Below 200 DMA risk"
06.10.2026 at 12:47 AM IST,SURAJLTD,Unknown,Unknown,193.51,-0.76,190.0,346.39,1.85,44.14,39.7,208.33,228.05,1361.65,590.0,0.43,Bearish,0,8,20,0,15,13,13,"Weak but watchable RSI, Near 52W low with non-crashing RSI, Below 200 DMA risk"
06.10.2026 at 12:47 AM IST,SWANCORP,Chemicals,Unknown,272.8,-2.64,267.95,493.36,1.81,44.71,30.52,298.41,345.55,3795600.9,731886.0,0.19,Bearish,0,8,20,0,15,13,13,"Weak but watchable RSI, Near 52W low with non-crashing RSI, Below 200 DMA risk"
06.10.2026 at 12:47 AM IST,SHAKTIPUMP,Unknown,Unknown,454.1,-1.57,447.4,828.35,1.5,45.18,36.31,492.07,553.71,1100954.9,358429.0,0.33,Bearish,0,8,20,0,15,13,13,"Weak but watchable RSI, Near 52W low with non-crashing RSI, Below 200 DMA risk"
06.10.2026 at 12:47 AM IST,SGL,Unknown,Unknown,8.5,-0.7,8.4,15.78,1.19,46.13,35.74,9.76,11.01,19241.9,13676.0,0.71,Bearish,0,8,20,0,15,13,13,"Weak but watchable RSI, Near 52W low with non-crashing RSI, Below 200 DMA risk"
06.10.2026 at 12:47 AM IST,CENTRUM,Unknown,Unknown,19.9,1.48,18.71,35.9,6.36,44.57,29.96,22.96,24.38,263185.05,596475.0,2.27,Bearish,0,5,8,15,15,13,13,"Oversold RSI, Within 30% of 52W low, Strong volume expansion, Below 200 DMA risk"
06.10.2026 at 12:47 AM IST,CRIZAC,Unknown,Unknown,166.89,-1.9,159.95,322.39,4.34,48.23,40.26,178.42,211.0,336198.35,188899.0,0.56,Bearish,0,8,20,0,15,13,13,"Weak but watchable RSI, Near 52W low with non-crashing RSI, Below 200 DMA risk"
06.10.2026 at 12:47 AM IST,CSLFINANCE,Unknown,Unknown,208.34,-1.19,201.0,311.23,3.65,33.06,37.84,216.42,233.37,49344.0,23138.0,0.47,Bearish,0,8,20,0,15,13,13,"Weak but watchable RSI, Near 52W low with non-crashing RSI, Below 200 DMA risk"
06.10.2026 at 12:47 AM IST,SAMPANN,Unknown,Unknown,24.01,-0.66,23.07,43.44,4.07,44.73,42.11,25.65,28.54,18827.8,11004.0,0.58,Bearish,0,8,20,0,15,13,13,"Weak but watchable RSI, Near 52W low with non-crashing RSI, Below 200 DMA risk"
06.10.2026 at 12:47 AM IST,SALZERELEC,Unknown,Unknown,530.9,-1.03,486.57,948.15,9.11,44.01,37.13,559.23,608.5,40396.1,37128.0,0.92,Bearish,0,8,20,0,15,13,13,"Weak but watchable RSI, Near 52W low with non-crashing RSI, Below 200 DMA risk"
06.10.2026 at 12:47 AM IST,DALBHARAT,Construction Materials,Unknown,1682.1,-0.1,1600.31,2308.78,5.11,27.14,40.91,1787.16,1882.07,89237.45,77064.0,0.86,Bearish,0,8,20,0,15,13,13,"Weak but watchable RSI, Near 52W low with non-crashing RSI, Below 200 DMA risk"
06.10.2026 at 12:47 AM IST,DCAL,Unknown,Unknown,150.35,-4.52,128.5,306.0,17.0,50.87,27.51,176.35,189.62,215318.1,448793.0,2.08,Bearish,0,5,8,15,15,13,13,"Oversold RSI, Within 30% of 52W low, Strong volume expansion, Below 200 DMA risk"
06.10.2026 at 12:47 AM IST,DBL,Unknown,Unknown,399.1,-1.75,380.6,536.87,4.86,25.66,41.82,416.03,435.55,527751.8,134401.0,0.25,Bearish,0,8,20,0,15,13,13,"Weak but watchable RSI, Near 52W low with non-crashing RSI, Below 200 DMA risk"
06.10.2026 at 12:47 AM IST,COCHINSHIP,Capital Goods,Unknown,1287.0,-2.13,1185.67,1871.47,8.55,31.23,33.66,1441.49,1486.22,1143876.6,727942.0,0.64,Bearish,0,8,20,0,15,13,13,"Weak but watchable RSI, Near 52W low with non-crashing RSI, Below 200 DMA risk"
06.10.2026 at 12:47 AM IST,SARDAEN,Metals & Mining,Unknown,494.75,-0.51,451.37,621.62,9.61,20.41,43.3,507.63,519.7,625677.7,208385.0,0.33,Bearish,0,8,20,0,15,13,13,"Weak but watchable RSI, Near 52W low with non-crashing RSI, Below 200 DMA risk"
06.10.2026 at 12:47 AM IST,SECURKLOUD,Unknown,Unknown,16.77,0.96,15.6,34.18,7.5,50.94,42.75,17.59,20.77,20606.35,5131.0,0.25,Bearish,0,8,20,0,15,13,13,"Weak but watchable RSI, Near 52W low with non-crashing RSI, Below 200 DMA risk"
06.10.2026 at 12:47 AM IST,SCILAL,Unknown,Unknown,36.65,-0.57,33.83,54.24,8.34,32.44,34.97,39.2,42.94,269335.9,196994.0,0.73,Bearish,0,8,20,0,15,13,13,"Weak but watchable RSI, Near 52W low with non-crashing RSI, Below 200 DMA risk"
06.10.2026 at 12:47 AM IST,RTNINDIA,Unknown,Unknown,25.32,-2.84,24.4,54.5,3.77,53.54,30.15,29.25,33.01,1662555.95,1283688.0,0.77,Bearish,0,8,20,0,15,13,13,"Weak but watchable RSI, Near 52W low with non-crashing RSI, Below 200 DMA risk"
06.10.2026 at 12:47 AM IST,DENORA,Unknown,Unknown,723.9,-1.71,557.49,955.62,29.85,24.25,27.46,822.4,752.07,4457.25,11453.0,2.57,Bearish,0,5,8,15,15,13,13,"Oversold RSI, Within 30% of 52W low, Strong volume expansion, Below 200 DMA risk"
06.10.2026 at 12:47 AM IST,DELHIVERY,Services,Unknown,400.0,-2.37,374.45,524.0,6.82,23.66,30.82,450.59,445.19,2683545.4,1371538.0,0.51,Bearish,0,8,20,0,15,13,13,"Weak but watchable RSI, Near 52W low with non-crashing RSI, Below 200 DMA risk"
06.10.2026 at 12:47 AM IST,DECCANCE,Unknown,Unknown,548.95,-3.1,524.54,1099.03,4.65,50.05,43.25,560.7,625.3,36367.85,15070.0,0.41,Bearish,0,8,20,0,15,13,13,"Weak but watchable RSI, Near 52W low with non-crashing RSI, Below 200 DMA risk"
06.10.2026 at 12:47 AM IST,REPCOHOME,Unknown,Unknown,337.75,-1.16,330.84,449.95,2.09,24.94,33.75,360.98,383.35,71914.05,69261.0,0.96,Bearish,0,8,20,0,15,13,13,"Weak but watchable RSI, Near 52W low with non-crashing RSI, Below 200 DMA risk"
06.10.2026 at 12:47 AM IST,RUCHIRA,Unknown,Unknown,101.31,-1.88,92.99,144.12,8.95,29.7,41.12,104.28,109.07,59029.5,19579.0,0.33,Bearish,0,8,20,0,15,13,13,"Weak but watchable RSI, Near 52W low with non-crashing RSI, Below 200 DMA risk"
06.10.2026 at 12:47 AM IST,DOMS,Fast Moving Consumer Goods,Unknown,2097.5,-0.45,2020.0,2750.44,3.84,23.74,43.05,2189.13,2298.01,35606.8,19783.0,0.56,Bearish,0,8,20,0,15,13,13,"Weak but watchable RSI, Near 52W low with non-crashing RSI, Below 200 DMA risk"
06.10.2026 at 12:47 AM IST,RPPINFRA,Unknown,Unknown,52.6,2.16,50.2,130.0,4.78,59.54,42.52,57.2,71.82,157900.45,61267.0,0.39,Bearish,0,8,20,0,15,13,13,"Weak but watchable RSI, Near 52W low with non-crashing RSI, Below 200 DMA risk"
06.10.2026 at 12:47 AM IST,RCF,Unknown,Unknown,106.8,-2.88,104.71,154.1,2.0,30.7,36.39,116.61,125.03,1057226.85,978326.0,0.93,Bearish,0,8,20,0,15,13,13,"Weak but watchable RSI, Near 52W low with non-crashing RSI, Below 200 DMA risk"
06.10.2026 at 12:47 AM IST,REDTAPE,Unknown,Unknown,115.29,-1.96,105.92,156.61,8.84,26.39,40.07,123.14,124.29,2197579.0,257321.0,0.12,Bearish,0,8,20,0,15,13,13,"Weak but watchable RSI, Near 52W low with non-crashing RSI, Below 200 DMA risk"
06.10.2026 at 12:47 AM IST,REGENCERAM,Unknown,Unknown,31.98,-1.24,30.0,54.99,6.6,41.84,42.9,34.09,41.01,16796.8,6327.0,0.38,Bearish,0,8,20,0,15,13,13,"Weak but watchable RSI, Near 52W low with non-crashing RSI, Below 200 DMA risk"
06.10.2026 at 12:47 AM IST,TIMKEN,Capital Goods,Unknown,3098.8,-1.19,2798.24,3921.83,10.74,20.99,43.71,3188.69,3289.1,40778.05,44275.0,1.09,Bearish,0,8,15,5,15,13,13,"Weak but watchable RSI, Close to 52W low with recovery potential, Normal volume support, Below 200 DMA risk"
06.10.2026 at 12:47 AM IST,TENNIND,Automobile and Auto Components,Unknown,495.4,-2.53,438.05,657.0,13.09,24.6,37.01,532.6,553.29,595148.6,707391.0,1.19,Bearish,0,8,15,5,15,13,13,"Weak but watchable RSI, Close to 52W low with recovery potential, Normal volume support, Below 200 DMA risk"
06.10.2026 at 12:47 AM IST,RHL,Unknown,Unknown,162.92,-1.37,160.3,273.9,1.63,40.52,40.42,169.75,180.6,4308.6,2514.0,0.58,Bearish,0,8,20,0,15,13,13,"Weak but watchable RSI, Near 52W low with non-crashing RSI, Below 200 DMA risk"
06.10.2026 at 12:47 AM IST,RAYMONDLSL,Unknown,Unknown,627.7,-2.24,615.0,1244.83,2.07,49.58,34.98,696.64,806.41,374341.1,198109.0,0.53,Bearish,0,8,20,0,15,13,13,"Weak but watchable RSI, Near 52W low with non-crashing RSI, Below 200 DMA risk"
06.10.2026 at 12:47 AM IST,DONEAR,Unknown,Unknown,80.29,-1.36,77.41,116.23,3.72,30.92,36.92,84.67,88.28,21838.05,11952.0,0.55,Bearish,0,8,20,0,15,13,13,"Weak but watchable RSI, Near 52W low with non-crashing RSI, Below 200 DMA risk"
06.10.2026 at 12:47 AM IST,BAJAJINDEF,Unknown,Unknown,208.52,-1.18,201.5,438.79,3.48,52.48,37.93,222.64,260.45,21702.85,13085.0,0.6,Bearish,0,8,20,0,15,13,13,"Weak but watchable RSI, Near 52W low with non-crashing RSI, Below 200 DMA risk"
06.10.2026 at 12:47 AM IST,TIGERLOGS,Unknown,Unknown,25.69,-2.13,22.9,49.14,12.18,47.72,36.61,27.79,31.77,85386.75,90744.0,1.06,Bearish,0,8,15,5,15,13,13,"Weak but watchable RSI, Close to 52W low with recovery potential, Normal volume support, Below 200 DMA risk"
06.10.2026 at 12:47 AM IST,THEINVEST,Unknown,Unknown,90.33,-3.34,89.0,152.99,1.49,40.96,38.28,96.37,101.77,5637.1,3064.0,0.54,Bearish,0,8,20,0,15,13,13,"Weak but watchable RSI, Near 52W low with non-crashing RSI, Below 200 DMA risk"
06.10.2026 at 12:47 AM IST,JINDALPHOT,Unknown,Unknown,1031.8,-0.84,971.1,1616.6,6.25,36.17,41.36,1054.19,1173.53,6494.85,779.0,0.12,Bearish,0,8,20,0,15,13,13,"Weak but watchable RSI, Near 52W low with non-crashing RSI, Below 200 DMA risk"
06.10.2026 at 12:47 AM IST,LTM,Information Technology,Unknown,4007.0,-0.94,3528.0,6344.47,13.58,36.84,35.46,4421.82,4582.66,439264.5,479221.0,1.09,Bearish,0,8,15,5,15,13,13,"Weak but watchable RSI, Close to 52W low with recovery potential, Normal volume support, Below 200 DMA risk"
06.10.2026 at 12:47 AM IST,CSBBANK,Unknown,Unknown,304.75,-2.01,295.0,574.4,3.31,46.94,36.53,326.01,375.36,929155.7,613159.0,0.66,Bearish,0,8,20,0,15,13,13,"Weak but watchable RSI, Near 52W low with non-crashing RSI, Below 200 DMA risk"
06.10.2026 at 12:47 AM IST,HITECH,Unknown,Unknown,71.42,-1.64,69.86,123.8,2.23,42.31,34.15,78.86,84.22,581973.25,517898.0,0.89,Bearish,0,8,20,0,15,13,13,"Weak but watchable RSI, Near 52W low with non-crashing RSI, Below 200 DMA risk"
06.10.2026 at 12:47 AM IST,HIMATSEIDE,Unknown,Unknown,64.15,-3.39,61.09,128.99,5.01,50.27,39.34,71.64,86.87,654073.75,513252.0,0.78,Bearish,0,8,20,0,15,13,13,"Weak but watchable RSI, Near 52W low with non-crashing RSI, Below 200 DMA risk"
06.10.2026 at 12:47 AM IST,NAHARPOLY,Unknown,Unknown,225.64,0.16,198.79,336.75,13.51,33.0,42.98,242.82,243.37,6211.15,6510.0,1.05,Bearish,0,8,15,5,15,13,13,"Weak but watchable RSI, Close to 52W low with recovery potential, Normal volume support, Below 200 DMA risk"
06.10.2026 at 12:47 AM IST,MUNJALSHOW,Unknown,Unknown,124.53,-1.51,106.86,143.3,16.54,13.1,40.74,131.14,125.38,34397.5,36914.0,1.07,Bearish,0,8,15,5,15,13,13,"Weak but watchable RSI, Close to 52W low with recovery potential, Normal volume support, Below 200 DMA risk"
06.10.2026 at 12:47 AM IST,MUTHOOTFIN,Financial Services,Unknown,2697.1,-1.46,2671.0,4114.71,0.98,34.45,34.64,2907.45,3289.26,597176.15,553592.0,0.93,Bearish,0,8,20,0,15,13,13,"Weak but watchable RSI, Near 52W low with non-crashing RSI, Below 200 DMA risk"
06.10.2026 at 12:47 AM IST,DCXINDIA,Unknown,Unknown,158.99,-1.36,153.3,252.01,3.71,36.91,36.12,171.95,182.96,374427.05,314149.0,0.84,Bearish,0,8,20,0,15,13,13,"Weak but watchable RSI, Near 52W low with non-crashing RSI, Below 200 DMA risk"
06.10.2026 at 12:47 AM IST,INCREDIBLE,Unknown,Unknown,31.37,-3.8,28.1,48.85,11.64,35.78,44.13,32.7,34.66,4648.2,5442.0,1.17,Bearish,0,8,15,5,15,13,13,"Weak but watchable RSI, Close to 52W low with recovery potential, Normal volume support, Below 200 DMA risk"
06.10.2026 at 12:47 AM IST,ICICIPRULI,Financial Services,Unknown,448.05,0.96,441.8,704.36,1.41,36.39,34.23,492.63,549.81,1616796.15,1267559.0,0.78,Bearish,0,8,20,0,15,13,13,"Weak but watchable RSI, Near 52W low with non-crashing RSI, Below 200 DMA risk"
06.10.2026 at 12:47 AM IST,COASTCORP,Unknown,Unknown,35.82,-3.11,34.02,66.26,5.29,45.94,36.53,41.47,47.41,70872.1,59600.0,0.84,Bearish,0,8,20,0,15,13,13,"Weak but watchable RSI, Near 52W low with non-crashing RSI, Below 200 DMA risk"
06.10.2026 at 12:47 AM IST,COLPAL,Fast Moving Consumer Goods,Unknown,1735.0,-1.6,1716.1,2278.11,1.1,23.84,31.81,1915.53,2021.32,422589.35,412868.0,0.98,Bearish,0,8,20,0,15,13,13,"Weak but watchable RSI, Near 52W low with non-crashing RSI, Below 200 DMA risk"
06.10.2026 at 12:47 AM IST,HCL-INSYS,Unknown,Unknown,10.04,-0.59,9.01,16.5,11.43,39.15,39.26,10.81,12.06,304862.25,313156.0,1.03,Bearish,0,8,15,5,15,13,13,"Weak but watchable RSI, Close to 52W low with recovery potential, Normal volume support, Below 200 DMA risk"
06.10.2026 at 12:47 AM IST,EMAMILTD,Fast Moving Consumer Goods,Unknown,372.65,-1.69,361.15,549.13,3.18,32.14,42.93,389.19,432.07,2663766.6,2237638.0,0.84,Bearish,0,8,20,0,15,13,13,"Weak but watchable RSI, Near 52W low with non-crashing RSI, Below 200 DMA risk"
06.10.2026 at 12:47 AM IST,ELECTCAST,Unknown,Unknown,74.54,0.23,59.41,97.78,25.47,23.77,47.29,74.89,75.26,3828022.4,5379383.0,1.41,Bearish,0,10,8,10,15,13,13,"RSI recovering zone, Within 30% of 52W low, Volume expansion, Below 200 DMA risk"
06.10.2026 at 12:47 AM IST,BANARISUG,Unknown,Unknown,3300.5,0.01,3093.82,4322.1,6.68,23.64,37.83,3556.87,3571.55,1274.95,1105.0,0.87,Bearish,0,8,20,0,15,13,13,"Weak but watchable RSI, Near 52W low with non-crashing RSI, Below 200 DMA risk"
06.10.2026 at 12:47 AM IST,SYMPHONY,Unknown,Unknown,571.7,-1.85,562.1,962.03,1.71,40.57,39.97,614.01,739.39,310907.7,41980.0,0.14,Bearish,0,8,20,0,15,13,13,"Weak but watchable RSI, Near 52W low with non-crashing RSI, Below 200 DMA risk"
06.10.2026 at 12:47 AM IST,SYNGENE,Healthcare,Unknown,361.3,-1.09,353.3,677.03,2.26,46.63,31.1,394.11,451.77,609231.85,530462.0,0.87,Bearish,0,8,20,0,15,13,13,"Weak but watchable RSI, Near 52W low with non-crashing RSI, Below 200 DMA risk"
06.10.2026 at 12:47 AM IST,BBTC,Unknown,Unknown,1334.2,-1.71,1307.0,2114.67,2.08,36.91,33.23,1466.78,1574.3,175760.0,78135.0,0.44,Bearish,0,8,20,0,15,13,13,"Weak but watchable RSI, Near 52W low with non-crashing RSI, Below 200 DMA risk"
06.10.2026 at 12:47 AM IST,TATACHEM,Chemicals,Unknown,607.8,-0.6,571.51,930.2,6.35,34.66,39.26,655.4,698.0,3749529.0,1216894.0,0.32,Bearish,0,8,20,0,15,13,13,"Weak but watchable RSI, Near 52W low with non-crashing RSI, Below 200 DMA risk"
06.10.2026 at 12:47 AM IST,JINDALSTEL,Metals & Mining,Unknown,1100.5,-3.03,975.35,1303.87,12.83,15.6,41.91,1124.59,1137.02,716229.95,862948.0,1.2,Bearish,0,8,15,5,15,13,13,"Weak but watchable RSI, Close to 52W low with recovery potential, Normal volume support, Below 200 DMA risk"
06.10.2026 at 12:47 AM IST,TARACHAND,Unknown,Unknown,46.35,-2.87,45.16,103.3,2.64,55.13,41.94,49.21,59.21,46872.2,41077.0,0.88,Bearish,0,8,20,0,15,13,13,"Weak but watchable RSI, Near 52W low with non-crashing RSI, Below 200 DMA risk"
06.10.2026 at 12:47 AM IST,AWHCL,Unknown,Unknown,355.4,-2.51,337.55,604.23,5.29,41.18,39.46,387.86,458.33,448877.25,92442.0,0.21,Bearish,0,8,20,0,15,13,13,"Weak but watchable RSI, Near 52W low with non-crashing RSI, Below 200 DMA risk"
06.10.2026 at 12:47 AM IST,RADAAN,Unknown,Unknown,2.98,-0.67,2.35,3.99,26.81,25.31,51.12,3.0,3.09,67116.35,15462.0,0.23,Bearish,0,20,8,0,15,13,13,"Healthy RSI momentum, Within 30% of 52W low, Below 200 DMA risk"
06.10.2026 at 12:47 AM IST,ECOSMOBLTY,Unknown,Unknown,105.01,0.27,101.83,254.76,3.13,58.78,31.21,116.21,140.43,51822.15,40431.0,0.78,Bearish,0,8,20,0,15,13,13,"Weak but watchable RSI, Near 52W low with non-crashing RSI, Below 200 DMA risk"
06.10.2026 at 12:47 AM IST,RAMANEWS,Unknown,Unknown,29.38,-2.94,27.05,42.0,8.61,30.05,36.32,31.48,31.25,26969.2,15982.0,0.59,Bearish,0,8,20,0,15,13,13,"Weak but watchable RSI, Near 52W low with non-crashing RSI, Below 200 DMA risk"
06.10.2026 at 12:47 AM IST,NEXTMEDIA,Unknown,Unknown,3.58,-4.02,3.16,8.48,13.29,57.78,40.98,3.89,4.54,24799.1,27941.0,1.13,Bearish,0,8,15,5,15,13,13,"Weak but watchable RSI, Close to 52W low with recovery potential, Normal volume support, Below 200 DMA risk"
06.10.2026 at 12:47 AM IST,HCLTECH,Information Technology,Unknown,1243.1,1.07,1019.59,1729.01,21.92,28.1,45.58,1298.54,1322.39,2544681.95,3430282.0,1.35,Bearish,0,10,8,10,15,13,13,"RSI recovering zone, Within 30% of 52W low, Volume expansion, Below 200 DMA risk"
06.10.2026 at 12:47 AM IST,EPIGRAL,Unknown,Unknown,982.2,-2.99,803.52,1752.12,22.24,43.94,25.5,1130.06,1103.07,35029.65,80328.0,2.29,Bearish,0,5,8,15,15,13,13,"Oversold RSI, Within 30% of 52W low, Strong volume expansion, Below 200 DMA risk"
06.10.2026 at 12:47 AM IST,PYRAMID,Unknown,Unknown,154.34,-1.07,131.37,198.05,17.48,22.07,41.44,163.77,160.53,47285.7,49241.0,1.04,Bearish,0,8,15,5,15,13,13,"Weak but watchable RSI, Close to 52W low with recovery potential, Normal volume support, Below 200 DMA risk"
06.10.2026 at 12:47 AM IST,ESSENTIA,Unknown,Unknown,1.0,0.0,1.0,2.08,0.0,51.92,36.07,1.12,1.34,2306707.75,1171955.0,0.51,Bearish,0,8,20,0,15,13,13,"Weak but watchable RSI, Near 52W low with non-crashing RSI, Below 200 DMA risk"
06.10.2026 at 12:47 AM IST,ESCORTS,Capital Goods,Unknown,2667.3,-1.76,2550.1,3923.39,4.6,32.02,27.29,2970.71,3135.23,78509.5,338525.0,4.31,Bearish,0,5,8,15,15,13,13,"Oversold RSI, Within 30% of 52W low, Strong volume expansion, Below 200 DMA risk"
06.10.2026 at 12:47 AM IST,UTIAMC,Financial Services,Unknown,883.7,0.15,861.62,1354.18,2.56,34.74,42.69,898.84,944.7,95819.25,65757.0,0.69,Bearish,0,8,20,0,15,13,13,"Weak but watchable RSI, Near 52W low with non-crashing RSI, Below 200 DMA risk"
06.10.2026 at 12:47 AM IST,URJA,Unknown,Unknown,8.61,-1.82,8.0,13.75,7.62,37.38,33.34,9.22,9.92,527218.85,520756.0,0.99,Bearish,0,8,20,0,15,13,13,"Weak but watchable RSI, Near 52W low with non-crashing RSI, Below 200 DMA risk"
06.10.2026 at 12:47 AM IST,LINC,Unknown,Unknown,86.54,-2.36,83.71,131.34,3.38,34.11,31.16,95.32,101.75,30605.85,25684.0,0.84,Bearish,0,8,20,0,15,13,13,"Weak but watchable RSI, Near 52W low with non-crashing RSI, Below 200 DMA risk"
06.10.2026 at 12:47 AM IST,PTL,Unknown,Unknown,37.87,0.0,35.17,42.7,7.67,11.31,40.01,38.68,38.34,32120.95,23708.0,0.74,Bearish,0,8,20,0,15,13,13,"Weak but watchable RSI, Near 52W low with non-crashing RSI, Below 200 DMA risk"
06.10.2026 at 12:47 AM IST,LIBERTSHOE,Unknown,Unknown,216.78,-1.91,210.5,348.75,2.98,37.84,36.89,240.71,250.86,26998.9,16325.0,0.6,Bearish,0,8,20,0,15,13,13,"Weak but watchable RSI, Near 52W low with non-crashing RSI, Below 200 DMA risk"
06.10.2026 at 12:47 AM IST,JISLJALEQS,Unknown,Unknown,27.3,-2.26,26.11,55.79,4.56,51.07,37.69,29.24,32.82,5230293.85,1630361.0,0.31,Bearish,0,8,20,0,15,13,13,"Weak but watchable RSI, Near 52W low with non-crashing RSI, Below 200 DMA risk"
06.10.2026 at 12:47 AM IST,ASHAPURMIN,Unknown,Unknown,489.95,-2.82,453.39,921.42,8.06,46.83,30.88,590.83,638.91,310459.45,247497.0,0.8,Bearish,0,8,20,0,15,13,13,"Weak but watchable RSI, Near 52W low with non-crashing RSI, Below 200 DMA risk"
06.10.2026 at 12:47 AM IST,RAMCOCEM,Construction Materials,Unknown,830.85,-1.74,816.15,1211.19,1.8,31.4,31.72,894.14,966.14,216667.05,82325.0,0.38,Bearish,0,8,20,0,15,13,13,"Weak but watchable RSI, Near 52W low with non-crashing RSI, Below 200 DMA risk"
06.10.2026 at 12:47 AM IST,NESCO,Unknown,Unknown,1028.2,-1.79,989.63,1413.7,3.9,27.27,39.82,1057.92,1122.83,59427.5,38262.0,0.64,Bearish,0,8,20,0,15,13,13,"Weak but watchable RSI, Near 52W low with non-crashing RSI, Below 200 DMA risk"
06.10.2026 at 12:47 AM IST,HPIL,Unknown,Unknown,114.44,-0.81,107.0,154.45,6.95,25.9,33.26,123.22,127.55,530.0,163.0,0.31,Bearish,0,8,20,0,15,13,13,"Weak but watchable RSI, Near 52W low with non-crashing RSI, Below 200 DMA risk"
06.10.2026 at 12:47 AM IST,EASEMYTRIP,Unknown,Unknown,5.76,-1.71,5.71,10.6,0.88,45.66,38.92,6.16,7.09,14273827.65,12319113.0,0.86,Bearish,0,8,20,0,15,13,13,"Weak but watchable RSI, Near 52W low with non-crashing RSI, Below 200 DMA risk"
06.10.2026 at 12:47 AM IST,NETWORK18,Unknown,Unknown,25.43,-1.7,25.02,53.24,1.64,52.24,32.65,28.13,33.03,3269260.7,3188680.0,0.98,Bearish,0,8,20,0,15,13,13,"Weak but watchable RSI, Near 52W low with non-crashing RSI, Below 200 DMA risk"
06.10.2026 at 12:47 AM IST,UBL,Fast Moving Consumer Goods,Unknown,1188.8,2.65,1140.3,1830.97,4.25,35.07,36.9,1319.02,1428.44,160061.9,143713.0,0.9,Bearish,0,8,20,0,15,13,13,"Weak but watchable RSI, Near 52W low with non-crashing RSI, Below 200 DMA risk"
06.10.2026 at 12:47 AM IST,TVSHLTD,Unknown,Unknown,11886.0,-1.83,11661.0,16198.42,1.93,26.62,25.5,13648.52,13976.11,9091.75,21777.0,2.4,Bearish,0,5,8,15,15,13,13,"Oversold RSI, Within 30% of 52W low, Strong volume expansion, Below 200 DMA risk"
06.10.2026 at 12:47 AM IST,TVSELECT,Unknown,Unknown,397.4,-4.51,336.2,739.35,18.2,46.25,43.77,439.06,440.1,174199.0,222377.0,1.28,Bearish,0,8,15,5,15,13,13,"Weak but watchable RSI, Close to 52W low with recovery potential, Normal volume support, Below 200 DMA risk"
06.10.2026 at 12:47 AM IST,UGROCAP,Unknown,Unknown,82.35,-1.59,79.2,192.5,3.98,57.22,41.55,88.51,110.18,194728.3,149035.0,0.77,Bearish,0,8,20,0,15,13,13,"Weak but watchable RSI, Near 52W low with non-crashing RSI, Below 200 DMA risk"
06.10.2026 at 12:47 AM IST,JKLAKSHMI,Unknown,Unknown,476.6,-3.19,471.6,874.97,1.06,45.53,27.4,534.25,625.09,144060.1,290321.0,2.02,Bearish,0,5,8,15,15,13,13,"Oversold RSI, Within 30% of 52W low, Strong volume expansion, Below 200 DMA risk"
06.10.2026 at 12:47 AM IST,TREEHOUSE,Unknown,Unknown,5.68,-1.73,5.46,11.0,4.03,48.36,37.16,6.14,7.29,19631.85,9476.0,0.48,Bearish,0,8,20,0,15,13,13,"Weak but watchable RSI, Near 52W low with non-crashing RSI, Below 200 DMA risk"
06.10.2026 at 12:47 AM IST,TORNTPOWER,Power,Unknown,1242.9,-0.24,1171.76,1817.8,6.07,31.63,42.87,1295.95,1404.48,224366.85,156392.0,0.7,Bearish,0,8,20,0,15,13,13,"Weak but watchable RSI, Near 52W low with non-crashing RSI, Below 200 DMA risk"
06.10.2026 at 12:47 AM IST,AURUS,Unknown,Unknown,4.4,-0.68,4.1,6.95,7.32,36.69,35.82,4.7,4.94,26423.2,16761.0,0.63,Bearish,0,8,20,0,15,13,13,"Weak but watchable RSI, Near 52W low with non-crashing RSI, Below 200 DMA risk"
06.10.2026 at 12:47 AM IST,GROBTEA,Unknown,Unknown,878.5,-3.37,803.25,1222.33,9.37,28.13,37.58,931.42,925.64,136.4,61.0,0.45,Bearish,0,8,20,0,15,13,13,"Weak but watchable RSI, Near 52W low with non-crashing RSI, Below 200 DMA risk"
06.10.2026 at 12:47 AM IST,FIRSTCRY,Consumer Services,Unknown,174.75,-2.88,163.37,389.65,6.97,55.15,41.22,191.59,227.96,8767838.65,2150458.0,0.25,Bearish,0,8,20,0,15,13,13,"Weak but watchable RSI, Near 52W low with non-crashing RSI, Below 200 DMA risk"
06.10.2026 at 12:47 AM IST,HGS,Unknown,Unknown,367.05,-0.81,337.62,537.95,8.72,31.77,30.93,394.75,401.96,11169.15,9114.0,0.82,Bearish,0,8,20,0,15,13,13,"Weak but watchable RSI, Near 52W low with non-crashing RSI, Below 200 DMA risk"
06.10.2026 at 12:47 AM IST,NLCINDIA,Power,Unknown,253.2,-3.25,226.56,387.44,11.76,34.65,35.67,275.45,284.37,1508631.8,1597038.0,1.06,Bearish,0,8,15,5,15,13,13,"Weak but watchable RSI, Close to 52W low with recovery potential, Normal volume support, Below 200 DMA risk"
06.10.2026 at 12:47 AM IST,NILASPACES,Unknown,Unknown,11.22,0.27,10.85,19.97,3.41,43.82,34.74,12.2,13.26,1338823.95,559126.0,0.42,Bearish,0,8,20,0,15,13,13,"Weak but watchable RSI, Near 52W low with non-crashing RSI, Below 200 DMA risk"
06.10.2026 at 12:47 AM IST,EXXARO,Unknown,Unknown,6.04,-0.49,5.99,10.33,0.83,41.53,37.27,6.3,6.84,215171.75,200554.0,0.93,Bearish,0,8,20,0,15,13,13,"Weak but watchable RSI, Near 52W low with non-crashing RSI, Below 200 DMA risk"
06.10.2026 at 12:47 AM IST,TRIVENI,Unknown,Unknown,230.92,-2.03,219.08,487.94,5.4,52.67,32.78,255.82,354.05,653316.45,557909.0,0.85,Bearish,0,8,20,0,15,13,13,"Weak but watchable RSI, Near 52W low with non-crashing RSI, Below 200 DMA risk"
06.10.2026 at 12:47 AM IST,ASTRAL,Capital Goods,Unknown,1344.0,-1.93,1309.54,1765.92,2.63,23.89,31.29,1460.94,1502.28,553236.05,299231.0,0.54,Bearish,0,8,20,0,15,13,13,"Weak but watchable RSI, Near 52W low with non-crashing RSI, Below 200 DMA risk"
06.10.2026 at 12:47 AM IST,GAUDIUMIVF,Unknown,Unknown,109.48,-1.5,69.18,163.18,58.25,32.91,39.34,122.32,,205770.65,248603.0,1.21,Bearish,0,8,0,5,0,13,13,"Weak but watchable RSI, Normal volume support"
06.10.2026 at 12:47 AM IST,FDC,Unknown,Unknown,335.9,-1.03,312.95,470.4,7.33,28.59,39.11,359.16,376.35,139897.25,107854.0,0.77,Bearish,0,8,20,0,15,13,13,"Weak but watchable RSI, Near 52W low with non-crashing RSI, Below 200 DMA risk"
06.10.2026 at 12:47 AM IST,PIIND,Chemicals,Unknown,2236.0,-3.2,2191.0,3812.93,2.05,41.36,35.27,2490.97,2843.3,271596.3,125263.0,0.46,Bearish,0,8,20,0,15,13,13,"Weak but watchable RSI, Near 52W low with non-crashing RSI, Below 200 DMA risk"
06.10.2026 at 12:47 AM IST,GALLANTT,Capital Goods,Unknown,530.15,-1.37,494.43,944.53,7.22,43.87,37.05,567.53,619.61,93796.2,48279.0,0.51,Bearish,0,8,20,0,15,13,13,"Weak but watchable RSI, Near 52W low with non-crashing RSI, Below 200 DMA risk"
06.10.2026 at 12:47 AM IST,PENINLAND,Unknown,Unknown,14.62,-2.86,13.82,37.0,5.79,60.49,39.83,15.9,17.96,182855.75,183619.0,1.0,Bearish,0,8,20,5,20,13,13,"Weak but watchable RSI, Near 52W low with non-crashing RSI, Normal volume support, Below 200 DMA risk, Very far from 52W high"
06.10.2026 at 12:47 AM IST,GLOBALVECT,Unknown,Unknown,131.04,2.71,123.0,248.0,6.54,47.16,39.66,146.48,166.1,6708.6,4078.0,0.61,Bearish,0,8,20,0,15,13,13,"Weak but watchable RSI, Near 52W low with non-crashing RSI, Below 200 DMA risk"
06.10.2026 at 12:47 AM IST,KKCL,Unknown,Unknown,475.65,3.32,406.58,568.05,16.99,16.27,43.22,502.93,480.78,29596.5,30350.0,1.03,Bearish,0,8,15,5,15,13,13,"Weak but watchable RSI, Close to 52W low with recovery potential, Normal volume support, Below 200 DMA risk"
06.10.2026 at 12:47 AM IST,PIGL,Unknown,Unknown,93.87,-2.56,88.05,184.8,6.61,49.2,36.44,103.25,109.09,67940.5,40347.0,0.59,Bearish,0,8,20,0,15,13,13,"Weak but watchable RSI, Near 52W low with non-crashing RSI, Below 200 DMA risk"
06.10.2026 at 12:47 AM IST,KOKUYOCMLN,Unknown,Unknown,74.77,-1.45,70.8,110.5,5.61,32.33,37.63,80.42,84.29,25485.55,17633.0,0.69,Bearish,0,8,20,0,15,13,13,"Weak but watchable RSI, Near 52W low with non-crashing RSI, Below 200 DMA risk"
06.10.2026 at 12:47 AM IST,KOTHARIPRO,Unknown,Unknown,63.77,-2.42,58.0,100.42,9.95,36.5,41.44,67.11,68.97,13003.0,6914.0,0.53,Bearish,0,8,20,0,15,13,13,"Weak but watchable RSI, Near 52W low with non-crashing RSI, Below 200 DMA risk"
06.10.2026 at 12:47 AM IST,360ONE,Financial Services,Unknown,1040.0,0.97,900.82,1229.07,15.45,15.38,36.05,1132.98,1103.23,972383.0,1213803.0,1.25,Bearish,0,8,15,5,15,13,13,"Weak but watchable RSI, Close to 52W low with recovery potential, Normal volume support, Below 200 DMA risk"
06.10.2026 at 12:47 AM IST,ZENSARTECH,Information Technology,Unknown,434.35,2.9,412.97,799.71,5.18,45.69,44.3,469.76,530.73,3546714.95,1843893.0,0.52,Bearish,0,8,20,0,15,13,13,"Weak but watchable RSI, Near 52W low with non-crashing RSI, Below 200 DMA risk"
06.10.2026 at 12:47 AM IST,WSI,Unknown,Unknown,53.2,-1.55,52.8,95.0,0.76,44.0,32.38,59.49,69.91,48073.55,39222.0,0.82,Bearish,0,8,20,0,15,13,13,"Weak but watchable RSI, Near 52W low with non-crashing RSI, Below 200 DMA risk"
06.10.2026 at 12:47 AM IST,ZEEMEDIA,Unknown,Unknown,7.2,-0.14,6.65,11.57,8.27,37.77,36.67,7.93,8.22,1451325.6,764827.0,0.53,Bearish,0,8,20,0,15,13,13,"Weak but watchable RSI, Near 52W low with non-crashing RSI, Below 200 DMA risk"
06.10.2026 at 12:47 AM IST,ACI,Unknown,Unknown,475.05,-2.22,446.0,682.13,6.51,30.36,44.81,500.8,542.63,313387.35,156132.0,0.5,Bearish,0,8,20,0,15,13,13,"Weak but watchable RSI, Near 52W low with non-crashing RSI, Below 200 DMA risk"
06.10.2026 at 12:47 AM IST,WIPRO,Information Technology,Unknown,159.35,0.54,156.79,263.22,1.63,39.46,32.19,175.59,197.72,18548216.05,18521731.0,1.0,Bearish,0,8,20,0,15,13,13,"Weak but watchable RSI, Near 52W low with non-crashing RSI, Below 200 DMA risk"
06.10.2026 at 12:47 AM IST,INDOSTAR,Unknown,Unknown,206.35,-3.37,179.03,292.0,15.26,29.33,30.2,244.03,230.79,80769.4,113755.0,1.41,Bearish,0,8,8,10,15,11,11,"Weak but watchable RSI, Within 30% of 52W low, Volume expansion, Below 200 DMA risk"
06.10.2026 at 12:47 AM IST,SPANDANA,Unknown,Unknown,216.34,-2.0,181.1,319.4,19.46,32.27,30.35,241.87,248.13,107265.85,186398.0,1.74,Bearish,0,8,8,10,15,11,11,"Weak but watchable RSI, Within 30% of 52W low, Volume expansion, Below 200 DMA risk"
06.10.2026 at 12:47 AM IST,ASHOKLEY,Capital Goods,Unknown,150.48,-2.41,131.07,211.81,14.81,28.95,31.5,167.07,169.85,11650473.35,20574319.0,1.77,Bearish,0,8,8,10,15,11,11,"Weak but watchable RSI, Within 30% of 52W low, Volume expansion, Below 200 DMA risk"
06.10.2026 at 12:47 AM IST,LICHSGFIN,Financial Services,Unknown,509.0,-4.0,449.87,586.43,13.14,13.2,34.81,529.04,525.15,3586702.9,5986497.0,1.67,Bearish,0,8,8,10,15,11,11,"Weak but watchable RSI, Within 30% of 52W low, Volume expansion, Below 200 DMA risk"
06.10.2026 at 12:47 AM IST,JITFINFRA,Unknown,Unknown,275.45,-1.2,222.35,433.15,23.88,36.41,34.39,312.02,309.52,18951.65,33140.0,1.75,Bearish,0,8,8,10,15,11,11,"Weak but watchable RSI, Within 30% of 52W low, Volume expansion, Below 200 DMA risk"
06.10.2026 at 12:47 AM IST,HEXT,Information Technology,Unknown,490.45,-0.74,392.78,792.77,24.87,38.13,36.28,539.3,543.58,166894.95,258061.0,1.55,Bearish,0,8,8,10,15,11,11,"Weak but watchable RSI, Within 30% of 52W low, Volume expansion, Below 200 DMA risk"
06.10.2026 at 12:47 AM IST,CAMS,Financial Services,Unknown,677.25,0.93,606.32,837.88,11.7,19.17,34.39,746.39,735.02,1107201.55,1577224.0,1.42,Bearish,0,8,8,10,15,11,11,"Weak but watchable RSI, Within 30% of 52W low, Volume expansion, Below 200 DMA risk"
06.10.2026 at 12:47 AM IST,MANAPPURAM,Financial Services,Unknown,308.9,-2.2,244.06,380.46,26.57,18.81,37.4,342.0,309.59,4541470.4,7653852.0,1.69,Bearish,0,8,8,10,15,11,11,"Weak but watchable RSI, Within 30% of 52W low, Volume expansion, Below 200 DMA risk"
06.10.2026 at 12:47 AM IST,GOCOLORS,Unknown,Unknown,294.95,-1.93,237.05,715.45,24.43,58.77,33.64,323.79,339.42,75204.75,121488.0,1.62,Bearish,0,8,8,10,15,11,11,"Weak but watchable RSI, Within 30% of 52W low, Volume expansion, Below 200 DMA risk"
06.10.2026 at 12:47 AM IST,GTLINFRA,Unknown,Unknown,1.07,-0.93,0.96,1.67,11.46,35.93,30.97,1.18,1.22,31778825.1,46020282.0,1.45,Bearish,0,8,8,10,15,11,11,"Weak but watchable RSI, Within 30% of 52W low, Volume expansion, Below 200 DMA risk"
06.10.2026 at 12:47 AM IST,NESTLEIND,Fast Moving Consumer Goods,Unknown,1307.7,-0.18,1146.87,1553.0,14.02,15.8,30.13,1438.26,1359.48,1108720.05,1626876.0,1.47,Bearish,0,8,8,10,15,11,11,"Weak but watchable RSI, Within 30% of 52W low, Volume expansion, Below 200 DMA risk"
06.10.2026 at 12:47 AM IST,LTFOODS,Fast Moving Consumer Goods,Unknown,399.15,-0.31,331.47,489.54,20.42,18.46,35.05,422.99,399.55,444842.2,813144.0,1.83,Bearish,0,8,8,10,15,11,11,"Weak but watchable RSI, Within 30% of 52W low, Volume expansion, Below 200 DMA risk"
06.10.2026 at 12:47 AM IST,HINDALCO,Metals & Mining,Unknown,941.85,0.01,750.53,1169.9,25.49,19.49,35.5,1004.77,978.86,3645784.55,5877840.0,1.61,Bearish,0,8,8,10,15,11,11,"Weak but watchable RSI, Within 30% of 52W low, Volume expansion, Below 200 DMA risk"
06.10.2026 at 12:47 AM IST,NAHARCAP,Unknown,Unknown,237.31,-3.1,189.9,305.23,24.97,22.25,37.06,253.7,245.72,3325.0,5098.0,1.53,Bearish,0,8,8,10,15,11,11,"Weak but watchable RSI, Within 30% of 52W low, Volume expansion, Below 200 DMA risk"
06.10.2026 at 12:47 AM IST,LT,Construction,Unknown,3693.4,-1.77,3256.29,4397.05,13.42,16.0,31.26,3955.72,3948.43,1535563.8,2220932.0,1.45,Bearish,0,8,8,10,15,11,11,"Weak but watchable RSI, Within 30% of 52W low, Volume expansion, Below 200 DMA risk"
06.10.2026 at 12:47 AM IST,HALDER,Unknown,Unknown,232.73,-5.3,210.0,319.0,10.82,27.04,33.61,271.66,,19686.35,1811.0,0.09,Bearish,0,8,8,0,5,11,11,"Weak but watchable RSI, Within 30% of 52W low, Sharp daily fall"
06.10.2026 at 12:47 AM IST,THERMAX,Capital Goods,Unknown,3360.6,-0.93,2731.54,5256.33,23.03,36.07,31.07,3854.87,3791.8,164672.4,290287.0,1.76,Bearish,0,8,8,10,15,11,11,"Weak but watchable RSI, Within 30% of 52W low, Volume expansion, Below 200 DMA risk"
06.10.2026 at 12:47 AM IST,RUPA,Unknown,Unknown,130.58,0.05,106.88,203.27,22.18,35.76,30.81,145.78,146.56,107266.9,187383.0,1.75,Bearish,0,8,8,10,15,11,11,"Weak but watchable RSI, Within 30% of 52W low, Volume expansion, Below 200 DMA risk"
06.10.2026 at 12:47 AM IST,ICICIBANK,Financial Services,Unknown,1310.6,-0.84,1177.67,1467.63,11.29,10.7,33.9,1398.77,1344.47,8932659.6,13163495.0,1.47,Bearish,0,8,8,10,15,11,11,"Weak but watchable RSI, Within 30% of 52W low, Volume expansion, Below 200 DMA risk"
06.10.2026 at 12:47 AM IST,HONAUT,Capital Goods,Unknown,33470.0,0.03,26146.08,41495.0,28.01,19.34,37.37,36116.5,33722.33,4531.55,8388.0,1.85,Bearish,0,8,8,10,15,11,11,"Weak but watchable RSI, Within 30% of 52W low, Volume expansion, Below 200 DMA risk"
06.10.2026 at 12:47 AM IST,ATULAUTO,Unknown,Unknown,424.8,-5.21,377.51,592.57,12.53,28.31,33.38,478.23,461.93,93713.8,671718.0,7.17,Bearish,0,8,8,15,20,11,11,"Weak but watchable RSI, Within 30% of 52W low, Strong volume expansion, Below 200 DMA risk, Sharp daily fall"
06.10.2026 at 12:47 AM IST,NOVAAGRI,Unknown,Unknown,22.22,-0.94,18.12,51.99,22.63,57.26,37.18,23.56,27.95,44307.9,64818.0,1.46,Bearish,0,8,8,10,15,11,11,"Weak but watchable RSI, Within 30% of 52W low, Volume expansion, Below 200 DMA risk"
06.10.2026 at 12:47 AM IST,NSLNISP,Metals & Mining,Unknown,40.95,-0.9,33.01,53.75,24.05,23.81,39.64,43.14,42.42,4469678.15,7092056.0,1.59,Bearish,0,8,8,10,15,11,11,"Weak but watchable RSI, Within 30% of 52W low, Volume expansion, Below 200 DMA risk"
06.10.2026 at 12:47 AM IST,SEMAC,Unknown,Unknown,241.99,3.93,205.0,519.25,18.04,53.4,32.68,289.77,291.15,1178.4,1668.0,1.42,Bearish,0,8,8,10,15,11,11,"Weak but watchable RSI, Within 30% of 52W low, Volume expansion, Below 200 DMA risk"
06.10.2026 at 12:47 AM IST,NOIDATOLL,Unknown,Unknown,3.56,-7.53,2.87,7.43,24.04,52.09,34.2,4.12,4.19,124709.2,317389.0,2.55,Bearish,0,8,8,15,20,11,11,"Weak but watchable RSI, Within 30% of 52W low, Strong volume expansion, Below 200 DMA risk, Sharp daily fall"
06.10.2026 at 12:47 AM IST,MSPL,Unknown,Unknown,32.52,-1.45,26.25,46.12,23.89,29.49,40.93,34.65,35.6,797288.75,1038333.0,1.3,Bearish,0,8,8,10,15,11,11,"Weak but watchable RSI, Within 30% of 52W low, Volume expansion, Below 200 DMA risk"
06.10.2026 at 12:47 AM IST,SHYAMCENT,Unknown,Unknown,5.0,0.6,3.68,7.18,35.87,30.36,49.58,5.03,5.3,105147.55,223042.0,2.12,Bearish,0,10,0,15,15,10,10,"RSI recovering zone, Strong volume expansion, Below 200 DMA risk"
06.10.2026 at 12:47 AM IST,COCKERILL,Unknown,Unknown,7989.0,0.28,5015.25,10871.5,59.29,26.51,45.76,8411.69,,6451.9,3473.0,0.54,Bearish,0,10,0,0,0,10,10,RSI recovering zone
06.10.2026 at 12:47 AM IST,NITTAGELA,Unknown,Unknown,1664.3,-0.85,878.79,2079.59,89.39,19.97,46.66,1679.56,,4451.25,3600.0,0.81,Bearish,0,10,0,0,0,10,10,RSI recovering zone
06.10.2026 at 12:47 AM IST,COMPUSOFT,Unknown,Unknown,13.05,-3.19,11.78,19.61,10.8,33.45,47.28,13.11,13.6,34992.25,14232.0,0.41,Bearish,0,10,15,0,15,10,10,"RSI recovering zone, Close to 52W low with recovery potential, Below 200 DMA risk"
06.10.2026 at 12:47 AM IST,SILGO,Unknown,Unknown,70.17,-0.06,61.0,86.2,15.03,18.6,47.95,70.83,74.07,83336.65,10640.0,0.13,Bearish,0,10,15,0,15,10,10,"RSI recovering zone, Close to 52W low with recovery potential, Below 200 DMA risk"
06.10.2026 at 12:47 AM IST,CIFL,Unknown,Unknown,20.76,-2.72,18.56,39.69,11.85,47.69,48.46,20.77,26.42,250565.1,92756.0,0.37,Bearish,0,10,15,0,15,10,10,"RSI recovering zone, Close to 52W low with recovery potential, Below 200 DMA risk"
06.10.2026 at 12:47 AM IST,MFML,Unknown,Unknown,18.72,0.48,16.75,31.3,11.76,40.19,49.28,18.84,22.39,5595.45,1926.0,0.34,Bearish,0,10,15,0,15,10,10,"RSI recovering zone, Close to 52W low with recovery potential, Below 200 DMA risk"
06.10.2026 at 12:47 AM IST,SUYOG,Unknown,Unknown,689.9,-0.75,527.21,919.77,30.86,24.99,48.38,753.59,720.36,32080.6,98151.0,3.06,Bearish,0,10,0,15,15,10,10,"RSI recovering zone, Strong volume expansion, Below 200 DMA risk"
06.10.2026 at 12:47 AM IST,TCIEXP,Unknown,Unknown,504.75,-3.24,447.55,724.12,12.78,30.3,46.04,535.69,532.7,342577.3,93406.0,0.27,Bearish,0,10,15,0,15,10,10,"RSI recovering zone, Close to 52W low with recovery potential, Below 200 DMA risk"
06.10.2026 at 12:47 AM IST,NAGREEKCAP,Unknown,Unknown,25.34,-2.65,19.3,42.75,31.3,40.73,46.79,24.32,26.17,29842.05,9411.0,0.32,Bullish,15,10,0,0,15,10,10,"Above 50 DMA, RSI recovering zone, Below 200 DMA risk"
06.10.2026 at 12:47 AM IST,MADHAV,Unknown,Unknown,34.49,0.97,29.0,46.79,18.93,26.29,46.54,34.99,36.69,4463.65,2418.0,0.54,Bearish,0,10,15,0,15,10,10,"RSI recovering zone, Close to 52W low with recovery potential, Below 200 DMA risk"
06.10.2026 at 12:47 AM IST,CLEANMAX,Power,Unknown,1299.8,-2.06,727.1,1536.0,78.76,15.38,45.19,1320.39,,1178690.3,431038.0,0.37,Bearish,0,10,0,0,0,10,10,RSI recovering zone
06.10.2026 at 12:47 AM IST,EIHOTEL,Consumer Services,Unknown,297.85,-1.08,269.93,403.17,10.35,26.12,49.06,303.33,318.67,415604.8,167855.0,0.4,Bearish,0,10,15,0,15,10,10,"RSI recovering zone, Close to 52W low with recovery potential, Below 200 DMA risk"
06.10.2026 at 12:47 AM IST,ROHLTD,Unknown,Unknown,298.65,-0.4,267.18,558.31,11.78,46.51,45.21,305.69,335.31,16093.05,7190.0,0.45,Bearish,0,10,15,0,15,10,10,"RSI recovering zone, Close to 52W low with recovery potential, Below 200 DMA risk"
06.10.2026 at 12:47 AM IST,BATLIBOI,Unknown,Unknown,82.35,-0.72,15.59,106.5,428.37,22.68,45.19,86.05,,33484.35,25936.0,0.77,Bearish,0,10,0,0,0,10,10,RSI recovering zone
06.10.2026 at 12:47 AM IST,SPCENET,Unknown,Unknown,3.24,1.89,2.99,11.21,8.3,71.09,45.04,3.4,4.24,672473.8,420090.0,0.62,Bearish,0,10,20,0,20,10,10,"RSI recovering zone, Near 52W low with non-crashing RSI, Below 200 DMA risk, Very far from 52W high"
06.10.2026 at 12:47 AM IST,GANGESSECU,Unknown,Unknown,113.99,1.41,103.31,178.15,10.34,36.01,45.81,117.17,122.37,1354.75,1092.0,0.81,Bearish,0,10,15,0,15,10,10,"RSI recovering zone, Close to 52W low with recovery potential, Below 200 DMA risk"
06.10.2026 at 12:47 AM IST,INDTERRAIN,Unknown,Unknown,29.22,-0.68,24.56,42.62,18.97,31.44,45.87,30.08,31.68,32064.55,6847.0,0.21,Bearish,0,10,15,0,15,10,10,"RSI recovering zone, Close to 52W low with recovery potential, Below 200 DMA risk"
06.10.2026 at 12:47 AM IST,BUILDPRO,Unknown,Unknown,1249.2,1.48,632.91,1380.0,97.37,9.48,46.93,1267.52,,89477.55,51957.0,0.58,Bearish,0,10,0,0,0,10,10,RSI recovering zone
06.10.2026 at 12:47 AM IST,CCL,Fast Moving Consumer Goods,Unknown,1056.6,3.64,811.04,1238.75,30.28,14.7,46.5,1102.03,1073.69,148911.7,405128.0,2.72,Bearish,0,10,0,15,15,10,10,"RSI recovering zone, Strong volume expansion, Below 200 DMA risk"
06.10.2026 at 12:47 AM IST,PNGSREVA,Unknown,Unknown,504.4,-1.42,324.25,644.0,55.56,21.68,46.2,515.9,,153065.85,82022.0,0.54,Bearish,0,10,0,0,0,10,10,RSI recovering zone
06.10.2026 at 12:47 AM IST,HERANBA,Unknown,Unknown,172.12,-2.5,155.38,327.0,10.77,47.36,48.81,172.95,195.56,203477.45,66295.0,0.33,Bearish,0,10,15,0,15,10,10,"RSI recovering zone, Close to 52W low with recovery potential, Below 200 DMA risk"
06.10.2026 at 12:47 AM IST,AHLADA,Unknown,Unknown,37.06,-0.08,31.22,66.44,18.71,44.22,47.69,37.6,42.49,13817.05,2131.0,0.15,Bearish,0,10,15,0,15,10,10,"RSI recovering zone, Close to 52W low with recovery potential, Below 200 DMA risk"
06.10.2026 at 12:47 AM IST,KRITI,Unknown,Unknown,60.77,-0.38,53.0,132.9,14.66,54.27,45.16,64.25,74.22,13719.3,7823.0,0.57,Bearish,0,10,15,0,15,10,10,"RSI recovering zone, Close to 52W low with recovery potential, Below 200 DMA risk"
06.10.2026 at 12:47 AM IST,REPRO,Unknown,Unknown,303.9,-4.61,276.1,590.0,10.07,48.49,45.86,328.38,373.93,50990.1,24042.0,0.47,Bearish,0,10,15,0,15,10,10,"RSI recovering zone, Close to 52W low with recovery potential, Below 200 DMA risk"
06.10.2026 at 12:47 AM IST,VIKRAN,Unknown,Unknown,58.27,-2.41,50.95,118.04,14.38,50.64,47.18,62.53,72.09,2960791.2,860999.0,0.29,Bearish,0,10,15,0,15,10,10,"RSI recovering zone, Close to 52W low with recovery potential, Below 200 DMA risk"
06.10.2026 at 12:47 AM IST,AKSHAR,Unknown,Unknown,0.41,-2.38,0.36,0.76,13.89,46.05,46.85,0.41,0.45,989164.05,701186.0,0.71,Bearish,0,10,15,0,15,10,10,"RSI recovering zone, Close to 52W low with recovery potential, Below 200 DMA risk"
06.10.2026 at 12:47 AM IST,VGL,Unknown,Unknown,63.11,-1.47,43.7,84.75,44.42,25.53,49.41,61.07,63.91,264718.5,65923.0,0.25,Bullish,15,10,0,0,15,10,10,"Above 50 DMA, RSI recovering zone, Below 200 DMA risk"
06.10.2026 at 12:47 AM IST,TARC,Unknown,Unknown,125.58,-0.3,109.1,186.3,15.11,32.59,45.7,127.91,136.48,512911.95,360964.0,0.7,Bearish,0,10,15,0,15,10,10,"RSI recovering zone, Close to 52W low with recovery potential, Below 200 DMA risk"
06.10.2026 at 12:47 AM IST,AVONMORE,Unknown,Unknown,12.79,-1.16,9.05,20.39,41.33,37.27,47.48,12.57,12.97,261961.5,92766.0,0.35,Bullish,15,10,0,0,15,10,10,"Above 50 DMA, RSI recovering zone, Below 200 DMA risk"
06.10.2026 at 12:47 AM IST,TECILCHEM,Unknown,Unknown,9.25,2.55,8.0,22.08,15.62,58.11,48.65,9.37,12.45,19094.55,6820.0,0.36,Bearish,0,10,15,0,15,10,10,"RSI recovering zone, Close to 52W low with recovery potential, Below 200 DMA risk"
06.10.2026 at 12:47 AM IST,EKC,Unknown,Unknown,106.01,-2.65,89.62,153.48,18.28,30.93,49.8,107.15,111.64,1399932.15,154275.0,0.11,Bearish,0,10,15,0,15,10,10,"RSI recovering zone, Close to 52W low with recovery potential, Below 200 DMA risk"
06.10.2026 at 12:47 AM IST,AARON,Unknown,Unknown,123.11,-1.26,106.42,227.19,15.68,45.81,46.43,131.26,138.68,15960.9,7589.0,0.48,Bearish,0,10,15,0,15,10,10,"RSI recovering zone, Close to 52W low with recovery potential, Below 200 DMA risk"
06.10.2026 at 12:47 AM IST,ISHANCH,Unknown,Unknown,47.3,-1.09,41.71,83.37,13.4,43.26,47.46,47.95,56.64,31326.35,16306.0,0.52,Bearish,0,10,15,0,15,10,10,"RSI recovering zone, Close to 52W low with recovery potential, Below 200 DMA risk"
06.10.2026 at 12:47 AM IST,BIMETAL,Unknown,Unknown,640.0,-1.38,462.01,736.57,38.53,13.11,48.5,641.85,,568.75,495.0,0.87,Bearish,0,10,0,0,0,10,10,RSI recovering zone
06.10.2026 at 12:47 AM IST,OLECTRA,Automobile and Auto Components,Unknown,1096.2,-3.35,866.16,1577.2,26.56,30.5,28.67,1273.78,1208.4,376084.55,623533.0,1.66,Bearish,0,5,8,10,15,8,8,"Oversold RSI, Within 30% of 52W low, Volume expansion, Below 200 DMA risk"
06.10.2026 at 12:47 AM IST,GANESHHOU,Unknown,Unknown,699.1,-2.77,499.07,898.02,40.08,22.15,32.41,771.99,728.76,30228.05,137892.0,4.56,Bearish,0,8,0,15,15,8,8,"Weak but watchable RSI, Strong volume expansion, Below 200 DMA risk"
06.10.2026 at 12:47 AM IST,PIDILITIND,Chemicals,Unknown,1464.0,-0.08,1250.0,1707.5,17.12,14.26,29.28,1609.8,1492.19,604634.55,867267.0,1.43,Bearish,0,5,8,10,15,8,8,"Oversold RSI, Within 30% of 52W low, Volume expansion, Below 200 DMA risk"
06.10.2026 at 12:47 AM IST,OBCL,Unknown,Unknown,54.39,-1.72,46.51,62.0,16.94,12.27,42.52,54.99,55.22,10067.35,4435.0,0.44,Bearish,0,8,15,0,15,8,8,"Weak but watchable RSI, Close to 52W low with recovery potential, Below 200 DMA risk"
06.10.2026 at 12:47 AM IST,HARRMALAYA,Unknown,Unknown,179.67,0.3,153.66,237.9,16.93,24.48,43.74,196.51,191.81,8812.15,8615.0,0.98,Bearish,0,8,15,0,15,8,8,"Weak but watchable RSI, Close to 52W low with recovery potential, Below 200 DMA risk"
06.10.2026 at 12:47 AM IST,OMINFRAL,Unknown,Unknown,76.08,-1.34,71.07,133.89,7.05,43.18,28.92,83.26,86.68,58647.1,79076.0,1.35,Bearish,0,5,8,10,15,8,8,"Oversold RSI, Within 30% of 52W low, Volume expansion, Below 200 DMA risk"
06.10.2026 at 12:47 AM IST,INDOFARM,Unknown,Unknown,131.77,-1.99,110.7,271.69,19.03,51.5,40.54,143.46,148.11,230930.7,100442.0,0.43,Bearish,0,8,15,0,15,8,8,"Weak but watchable RSI, Close to 52W low with recovery potential, Below 200 DMA risk"
06.10.2026 at 12:47 AM IST,BORANA,Unknown,Unknown,272.95,-1.89,216.61,420.0,26.01,35.01,29.93,312.25,329.49,34203.1,52832.0,1.54,Bearish,0,5,8,10,15,8,8,"Oversold RSI, Within 30% of 52W low, Volume expansion, Below 200 DMA risk"
06.10.2026 at 12:47 AM IST,BRITANNIA,Fast Moving Consumer Goods,Unknown,4778.0,-1.08,4737.0,6168.27,0.87,22.54,26.79,5231.77,5476.79,257239.35,362699.0,1.41,Bearish,0,5,8,10,15,8,8,"Oversold RSI, Within 30% of 52W low, Volume expansion, Below 200 DMA risk"
06.10.2026 at 12:47 AM IST,WEIZMANIND,Unknown,Unknown,71.45,0.8,64.8,113.78,10.27,37.2,42.64,74.85,81.75,1148.35,999.0,0.87,Bearish,0,8,15,0,15,8,8,"Weak but watchable RSI, Close to 52W low with recovery potential, Below 200 DMA risk"
06.10.2026 at 12:47 AM IST,ABCOTS,Unknown,Unknown,189.91,-3.35,181.73,474.9,4.5,60.01,30.43,204.17,298.21,16130.35,8222.0,0.51,Bearish,0,8,20,0,20,8,8,"Weak but watchable RSI, Near 52W low with non-crashing RSI, Below 200 DMA risk, Very far from 52W high"
06.10.2026 at 12:47 AM IST,V2RETAIL,Unknown,Unknown,201.39,-3.52,172.03,259.25,17.07,22.32,29.74,217.51,214.4,928324.25,1693991.0,1.82,Bearish,0,5,8,10,15,8,8,"Oversold RSI, Within 30% of 52W low, Volume expansion, Below 200 DMA risk"
06.10.2026 at 12:47 AM IST,ORCHASP,Unknown,Unknown,1.28,-3.03,1.22,4.16,4.92,69.23,39.09,1.45,2.05,302877.35,204474.0,0.68,Bearish,0,8,20,0,20,8,8,"Weak but watchable RSI, Near 52W low with non-crashing RSI, Below 200 DMA risk, Very far from 52W high"
06.10.2026 at 12:47 AM IST,BTML,Unknown,Unknown,7.09,1.72,5.06,10.12,40.12,29.94,41.65,7.72,7.13,588667.7,1395797.0,2.37,Bearish,0,8,0,15,15,8,8,"Weak but watchable RSI, Strong volume expansion, Below 200 DMA risk"
06.10.2026 at 12:47 AM IST,SOMICONVEY,Unknown,Unknown,83.73,-6.25,80.16,169.4,4.45,50.57,31.11,92.2,103.42,18818.2,13867.0,0.74,Bearish,0,8,20,0,20,8,8,"Weak but watchable RSI, Near 52W low with non-crashing RSI, Below 200 DMA risk, Sharp daily fall"
06.10.2026 at 12:47 AM IST,PATELENG,Unknown,Unknown,25.92,-2.0,22.0,38.8,17.82,33.2,38.8,27.61,28.1,2321542.1,1951626.0,0.84,Bearish,0,8,15,0,15,8,8,"Weak but watchable RSI, Close to 52W low with recovery potential, Below 200 DMA risk"
06.10.2026 at 12:47 AM IST,CCAVENUE,Unknown,Unknown,15.28,1.06,12.92,20.5,18.27,25.46,43.63,15.85,15.61,14990803.7,13286633.0,0.89,Bearish,0,8,15,0,15,8,8,"Weak but watchable RSI, Close to 52W low with recovery potential, Below 200 DMA risk"
06.10.2026 at 12:47 AM IST,BERGEPAINT,Consumer Durables,Unknown,452.4,-0.67,388.17,590.09,16.55,23.33,39.23,495.76,486.44,398974.55,386752.0,0.97,Bearish,0,8,15,0,15,8,8,"Weak but watchable RSI, Close to 52W low with recovery potential, Below 200 DMA risk"
06.10.2026 at 12:47 AM IST,BYKE,Unknown,Unknown,28.81,-1.06,26.25,73.06,9.75,60.57,30.13,31.72,38.72,35456.8,23792.0,0.67,Bearish,0,8,20,0,20,8,8,"Weak but watchable RSI, Near 52W low with non-crashing RSI, Below 200 DMA risk, Very far from 52W high"
06.10.2026 at 12:47 AM IST,SOLEX,Unknown,Unknown,670.95,-1.16,650.69,1983.44,3.11,66.17,35.32,785.64,1035.05,95263.25,24793.0,0.26,Bearish,0,8,20,0,20,8,8,"Weak but watchable RSI, Near 52W low with non-crashing RSI, Below 200 DMA risk, Very far from 52W high"
06.10.2026 at 12:47 AM IST,SUBROS,Unknown,Unknown,684.9,-2.07,619.48,1167.76,10.56,41.35,37.68,738.21,764.59,35221.35,33612.0,0.95,Bearish,0,8,15,0,15,8,8,"Weak but watchable RSI, Close to 52W low with recovery potential, Below 200 DMA risk"
06.10.2026 at 12:47 AM IST,SPMLINFRA,Unknown,Unknown,159.31,-1.06,151.01,250.65,5.5,36.44,28.61,181.48,186.83,171266.9,255283.0,1.49,Bearish,0,5,8,10,15,8,8,"Oversold RSI, Within 30% of 52W low, Volume expansion, Below 200 DMA risk"
06.10.2026 at 12:47 AM IST,STEELCITY,Unknown,Unknown,80.11,-1.52,69.57,99.14,15.15,19.19,40.23,82.32,80.83,16647.0,6534.0,0.39,Bearish,0,8,15,0,15,8,8,"Weak but watchable RSI, Close to 52W low with recovery potential, Below 200 DMA risk"
06.10.2026 at 12:47 AM IST,CELEBRITY,Unknown,Unknown,6.26,-6.01,5.65,11.68,10.8,46.4,36.38,6.81,7.58,19838.05,25232.0,1.27,Bearish,0,8,15,5,20,8,8,"Weak but watchable RSI, Close to 52W low with recovery potential, Normal volume support, Below 200 DMA risk, Sharp daily fall"
06.10.2026 at 12:47 AM IST,WEL,Unknown,Unknown,71.7,-1.28,68.01,183.4,5.43,60.91,35.66,103.3,114.73,848413.55,186921.0,0.22,Bearish,0,8,20,0,20,8,8,"Weak but watchable RSI, Near 52W low with non-crashing RSI, Below 200 DMA risk, Very far from 52W high"
06.10.2026 at 12:47 AM IST,AAKASH,Unknown,Unknown,8.34,-1.18,7.21,13.4,15.67,37.76,35.05,8.83,8.75,139649.55,120731.0,0.86,Bearish,0,8,15,0,15,8,8,"Weak but watchable RSI, Close to 52W low with recovery potential, Below 200 DMA risk"
06.10.2026 at 12:47 AM IST,AGRITECH,Unknown,Unknown,89.96,-1.33,89.0,187.19,1.08,51.94,25.09,102.74,118.22,2704.05,4536.0,1.68,Bearish,0,5,8,10,15,8,8,"Oversold RSI, Within 30% of 52W low, Volume expansion, Below 200 DMA risk"
06.10.2026 at 12:47 AM IST,AGIIL,Unknown,Unknown,260.0,-1.78,224.53,434.08,15.8,40.1,35.33,286.3,312.92,1704456.15,169356.0,0.1,Bearish,0,8,15,0,15,8,8,"Weak but watchable RSI, Close to 52W low with recovery potential, Below 200 DMA risk"
06.10.2026 at 12:47 AM IST,ADVAIT,Unknown,Unknown,1863.0,-2.04,1349.69,2482.58,38.03,24.96,31.23,2108.88,,36841.2,28363.0,0.77,Bearish,0,8,0,0,0,8,8,Weak but watchable RSI
06.10.2026 at 12:47 AM IST,SHRIRAMPPS,Unknown,Unknown,67.36,-2.67,60.57,99.44,11.21,32.26,29.08,77.22,80.86,281560.8,414796.0,1.47,Bearish,0,5,8,10,15,8,8,"Oversold RSI, Within 30% of 52W low, Volume expansion, Below 200 DMA risk"
06.10.2026 at 12:47 AM IST,NILAINFRA,Unknown,Unknown,6.57,-2.09,5.9,11.2,11.36,41.34,39.67,6.97,7.83,183421.95,159229.0,0.87,Bearish,0,8,15,0,15,8,8,"Weak but watchable RSI, Close to 52W low with recovery potential, Below 200 DMA risk"
06.10.2026 at 12:47 AM IST,HGM,Unknown,Unknown,40.36,-5.17,39.8,81.0,1.41,50.17,33.14,46.99,54.4,10227.4,6341.0,0.62,Bearish,0,8,20,0,20,8,8,"Weak but watchable RSI, Near 52W low with non-crashing RSI, Below 200 DMA risk, Sharp daily fall"
06.10.2026 at 12:47 AM IST,PRECAM,Unknown,Unknown,109.9,-5.89,103.24,204.43,6.45,46.24,28.0,127.96,141.37,191911.7,438255.0,2.28,Bearish,0,5,8,15,20,8,8,"Oversold RSI, Within 30% of 52W low, Strong volume expansion, Below 200 DMA risk, Sharp daily fall"
06.10.2026 at 12:47 AM IST,POONAWALLA,Financial Services,Unknown,433.4,-2.35,361.2,570.4,19.99,24.02,37.61,468.56,441.56,1220869.05,762919.0,0.62,Bearish,0,8,15,0,15,8,8,"Weak but watchable RSI, Close to 52W low with recovery potential, Below 200 DMA risk"
06.10.2026 at 12:47 AM IST,ENERGYDEV,Unknown,Unknown,14.52,0.9,13.15,29.69,10.42,51.09,39.35,15.83,16.71,23189.75,10986.0,0.47,Bearish,0,8,15,0,15,8,8,"Weak but watchable RSI, Close to 52W low with recovery potential, Below 200 DMA risk"
06.10.2026 at 12:47 AM IST,PNGJL,Unknown,Unknown,581.95,-1.39,503.0,736.4,15.7,20.97,39.95,617.3,592.08,423835.4,419974.0,0.99,Bearish,0,8,15,0,15,8,8,"Weak but watchable RSI, Close to 52W low with recovery potential, Below 200 DMA risk"
06.10.2026 at 12:47 AM IST,POCL,Unknown,Unknown,437.0,-3.46,390.47,644.75,11.92,32.22,35.25,485.96,506.58,385983.45,333775.0,0.86,Bearish,0,8,15,0,15,8,8,"Weak but watchable RSI, Close to 52W low with recovery potential, Below 200 DMA risk"
06.10.2026 at 12:47 AM IST,PRUDMOULI,Unknown,Unknown,13.49,0.75,11.26,29.25,19.8,53.88,35.32,14.48,16.18,10033.8,725.0,0.07,Bearish,0,8,15,0,15,8,8,"Weak but watchable RSI, Close to 52W low with recovery potential, Below 200 DMA risk"
06.10.2026 at 12:47 AM IST,FIEMIND,Unknown,Unknown,1794.8,-4.41,1785.1,2674.8,0.54,32.9,27.95,2155.93,2178.89,61193.75,115474.0,1.89,Bearish,0,5,8,10,15,8,8,"Oversold RSI, Within 30% of 52W low, Volume expansion, Below 200 DMA risk"
06.10.2026 at 12:47 AM IST,FMNL,Unknown,Unknown,8.08,-3.23,6.74,13.29,19.88,39.2,38.18,9.2,9.16,72890.2,51611.0,0.71,Bearish,0,8,15,0,15,8,8,"Weak but watchable RSI, Close to 52W low with recovery potential, Below 200 DMA risk"
06.10.2026 at 12:47 AM IST,FISCHER,Unknown,Unknown,33.46,-0.27,31.0,121.51,7.93,72.46,40.43,36.23,37.67,1000872.0,220491.0,0.22,Bearish,0,8,20,0,20,8,8,"Weak but watchable RSI, Near 52W low with non-crashing RSI, Below 200 DMA risk, Very far from 52W high"
06.10.2026 at 12:47 AM IST,PRINCEPIPE,Unknown,Unknown,246.9,-3.46,204.28,350.97,20.86,29.65,29.41,273.05,260.02,134973.4,178385.0,1.32,Bearish,0,5,8,10,15,8,8,"Oversold RSI, Within 30% of 52W low, Volume expansion, Below 200 DMA risk"
06.10.2026 at 12:47 AM IST,GKENERGY,Unknown,Unknown,114.76,-4.27,86.85,238.63,32.14,51.91,31.7,127.8,127.5,463403.35,1100877.0,2.38,Bearish,0,8,0,15,15,8,8,"Weak but watchable RSI, Strong volume expansion, Below 200 DMA risk"
06.10.2026 at 12:47 AM IST,GLOBALE,Unknown,Unknown,10.57,2.52,9.2,15.4,14.89,31.36,43.22,11.07,11.78,4971.1,1715.0,0.34,Bearish,0,8,15,0,15,8,8,"Weak but watchable RSI, Close to 52W low with recovery potential, Below 200 DMA risk"
06.10.2026 at 12:47 AM IST,EUROBOND,Unknown,Unknown,148.29,1.39,126.3,225.89,17.41,34.35,43.88,154.89,167.41,2647.65,2259.0,0.85,Bearish,0,8,15,0,15,8,8,"Weak but watchable RSI, Close to 52W low with recovery potential, Below 200 DMA risk"
06.10.2026 at 12:47 AM IST,ARCHIES,Unknown,Unknown,12.37,-0.16,10.86,21.5,13.9,42.47,40.7,13.27,14.78,26497.3,18310.0,0.69,Bearish,0,8,15,0,15,8,8,"Weak but watchable RSI, Close to 52W low with recovery potential, Below 200 DMA risk"
06.10.2026 at 12:47 AM IST,AROGRANITE,Unknown,Unknown,22.35,-3.99,18.67,39.99,19.71,44.11,37.06,24.5,26.13,6250.4,3964.0,0.63,Bearish,0,8,15,0,15,8,8,"Weak but watchable RSI, Close to 52W low with recovery potential, Below 200 DMA risk"
06.10.2026 at 12:47 AM IST,JUBLINGREA,Chemicals,Unknown,638.0,-2.33,535.5,792.33,19.14,19.48,41.91,692.63,666.39,296914.6,244199.0,0.82,Bearish,0,8,15,0,15,8,8,"Weak but watchable RSI, Close to 52W low with recovery potential, Below 200 DMA risk"
06.10.2026 at 12:47 AM IST,PICCADIL,Unknown,Unknown,581.05,-1.91,514.14,808.35,13.01,28.12,36.51,661.89,607.77,141714.1,108548.0,0.77,Bearish,0,8,15,0,15,8,8,"Weak but watchable RSI, Close to 52W low with recovery potential, Below 200 DMA risk"
06.10.2026 at 12:47 AM IST,PGHL,Unknown,Unknown,5360.0,-3.65,4670.26,6920.56,14.77,22.55,38.42,5817.47,5555.81,12143.6,8710.0,0.72,Bearish,0,8,15,0,15,8,8,"Weak but watchable RSI, Close to 52W low with recovery potential, Below 200 DMA risk"
06.10.2026 at 12:47 AM IST,PAVNAIND,Unknown,Unknown,15.36,-0.65,14.11,42.3,8.86,63.69,40.66,17.08,18.82,103865.35,29071.0,0.28,Bearish,0,8,20,0,20,8,8,"Weak but watchable RSI, Near 52W low with non-crashing RSI, Below 200 DMA risk, Very far from 52W high"
06.10.2026 at 12:47 AM IST,GANGAFORGE,Unknown,Unknown,1.48,-3.9,1.35,4.15,9.63,64.34,38.45,1.82,2.55,3397552.95,2856361.0,0.84,Bearish,0,8,20,0,20,8,8,"Weak but watchable RSI, Near 52W low with non-crashing RSI, Below 200 DMA risk, Very far from 52W high"
06.10.2026 at 12:47 AM IST,LICI,Financial Services,Unknown,391.85,-0.85,352.49,457.74,11.17,14.4,40.15,409.31,406.78,6994785.9,5862855.0,0.84,Bearish,0,8,15,0,15,8,8,"Weak but watchable RSI, Close to 52W low with recovery potential, Below 200 DMA risk"
06.10.2026 at 12:47 AM IST,ARIHANT,Unknown,Unknown,894.1,-0.73,39.65,1225.0,2154.98,27.01,43.95,990.41,,2263.45,570.0,0.25,Bearish,0,8,0,0,0,8,8,Weak but watchable RSI
06.10.2026 at 12:47 AM IST,JMFINANCIL,Financial Services,Unknown,123.4,-4.36,110.31,177.99,11.87,30.67,43.7,126.69,128.65,2286018.5,1953202.0,0.85,Bearish,0,8,15,0,15,8,8,"Weak but watchable RSI, Close to 52W low with recovery potential, Below 200 DMA risk"
06.10.2026 at 12:47 AM IST,CAMPUS,Unknown,Unknown,205.83,-1.44,199.54,285.84,3.15,27.99,26.53,218.3,237.87,337379.8,647062.0,1.92,Bearish,0,5,8,10,15,8,8,"Oversold RSI, Within 30% of 52W low, Volume expansion, Below 200 DMA risk"
06.10.2026 at 12:47 AM IST,SUNDARMFIN,Financial Services,Unknown,4395.9,0.94,3979.02,5612.41,10.48,21.68,36.85,4581.78,4757.49,45466.4,39347.0,0.87,Bearish,0,8,15,0,15,8,8,"Weak but watchable RSI, Close to 52W low with recovery potential, Below 200 DMA risk"
06.10.2026 at 12:47 AM IST,SHRADHA,Unknown,Unknown,29.89,-2.0,25.87,50.88,15.55,41.25,41.65,32.11,34.81,16917.85,6515.0,0.39,Bearish,0,8,15,0,15,8,8,"Weak but watchable RSI, Close to 52W low with recovery potential, Below 200 DMA risk"
06.10.2026 at 12:47 AM IST,MARATHON,Unknown,Unknown,388.1,-0.27,343.22,676.41,13.08,42.62,38.97,401.11,441.75,92134.65,84020.0,0.91,Bearish,0,8,15,0,15,8,8,"Weak but watchable RSI, Close to 52W low with recovery potential, Below 200 DMA risk"
06.10.2026 at 12:47 AM IST,BIRLANU,Unknown,Unknown,1391.2,-0.64,1177.16,1977.27,18.18,29.64,42.5,1450.91,1451.53,8887.25,7041.0,0.79,Bearish,0,8,15,0,15,8,8,"Weak but watchable RSI, Close to 52W low with recovery potential, Below 200 DMA risk"
06.10.2026 at 12:47 AM IST,ASHOKA,Unknown,Unknown,105.31,-2.26,101.0,214.5,4.27,50.9,29.98,115.07,130.7,572514.4,960898.0,1.68,Bearish,0,5,8,10,15,8,8,"Oversold RSI, Within 30% of 52W low, Volume expansion, Below 200 DMA risk"
06.10.2026 at 12:47 AM IST,GEMAROMA,Unknown,Unknown,155.28,-3.55,133.0,261.9,16.75,40.71,41.84,169.65,170.82,88036.7,49391.0,0.56,Bearish,0,8,15,0,15,8,8,"Weak but watchable RSI, Close to 52W low with recovery potential, Below 200 DMA risk"
06.10.2026 at 12:47 AM IST,GOYALALUM,Unknown,Unknown,5.91,0.85,5.3,11.37,11.51,48.02,40.8,6.26,6.8,80026.65,30687.0,0.38,Bearish,0,8,15,0,15,8,8,"Weak but watchable RSI, Close to 52W low with recovery potential, Below 200 DMA risk"
06.10.2026 at 12:47 AM IST,GRASIM,Construction Materials,Unknown,2962.0,-3.26,2494.73,3411.1,18.73,13.17,27.86,3226.04,2973.54,762762.65,1385746.0,1.82,Bearish,0,5,8,10,15,8,8,"Oversold RSI, Within 30% of 52W low, Volume expansion, Below 200 DMA risk"
06.10.2026 at 12:47 AM IST,GPIL,Capital Goods,Unknown,215.67,-3.0,210.42,318.68,2.5,32.32,28.48,239.91,260.95,1390321.9,2042248.0,1.47,Bearish,0,5,8,10,15,8,8,"Oversold RSI, Within 30% of 52W low, Volume expansion, Below 200 DMA risk"
06.10.2026 at 12:47 AM IST,OSWALPUMPS,Unknown,Unknown,264.25,-0.94,259.2,790.0,1.95,66.55,33.06,297.03,370.57,468378.25,337150.0,0.72,Bearish,0,8,20,0,20,8,8,"Weak but watchable RSI, Near 52W low with non-crashing RSI, Below 200 DMA risk, Very far from 52W high"
06.10.2026 at 12:47 AM IST,OSWALGREEN,Unknown,Unknown,19.28,-5.12,18.55,41.16,3.94,53.16,41.61,20.56,24.96,105043.6,103836.0,0.99,Bearish,0,8,20,0,20,8,8,"Weak but watchable RSI, Near 52W low with non-crashing RSI, Below 200 DMA risk, Sharp daily fall"
06.10.2026 at 12:47 AM IST,CARERATING,Unknown,Unknown,1602.7,-0.87,1381.08,1822.67,16.05,12.07,38.86,1681.6,1627.71,57999.8,42470.0,0.73,Bearish,0,8,15,0,15,8,8,"Weak but watchable RSI, Close to 52W low with recovery potential, Below 200 DMA risk"
06.10.2026 at 12:47 AM IST,IRIS,Unknown,Unknown,225.1,0.77,203.0,388.1,10.89,42.0,38.81,244.56,254.05,21215.7,11672.0,0.55,Bearish,0,8,15,0,15,8,8,"Weak but watchable RSI, Close to 52W low with recovery potential, Below 200 DMA risk"
06.10.2026 at 12:47 AM IST,SUNDRMBRAK,Unknown,Unknown,669.95,-0.9,459.64,920.0,45.76,27.18,35.85,757.7,684.03,1079.95,2427.0,2.25,Bearish,0,8,0,15,15,8,8,"Weak but watchable RSI, Strong volume expansion, Below 200 DMA risk"
06.10.2026 at 12:47 AM IST,BELLACASA,Unknown,Unknown,241.22,-2.19,214.68,497.35,12.36,51.5,42.04,245.22,273.86,16563.3,9891.0,0.6,Bearish,0,8,15,0,15,8,8,"Weak but watchable RSI, Close to 52W low with recovery potential, Below 200 DMA risk"
06.10.2026 at 12:47 AM IST,SAURASHCEM,Unknown,Unknown,53.37,-2.13,47.65,111.97,12.0,52.34,44.22,57.17,62.77,90906.0,70178.0,0.77,Bearish,0,8,15,0,15,8,8,"Weak but watchable RSI, Close to 52W low with recovery potential, Below 200 DMA risk"
06.10.2026 at 12:47 AM IST,BANCOINDIA,Unknown,Unknown,589.85,-2.71,495.6,848.83,19.02,30.51,40.78,616.85,618.02,85605.7,78841.0,0.92,Bearish,0,8,15,0,15,8,8,"Weak but watchable RSI, Close to 52W low with recovery potential, Below 200 DMA risk"
06.10.2026 at 12:47 AM IST,TAJGVK,Unknown,Unknown,314.9,-1.66,279.67,435.64,12.6,27.72,36.78,341.43,344.56,63338.5,45698.0,0.72,Bearish,0,8,15,0,15,8,8,"Weak but watchable RSI, Close to 52W low with recovery potential, Below 200 DMA risk"
06.10.2026 at 12:47 AM IST,AURIONPRO,Unknown,Unknown,607.8,-2.3,593.35,1235.29,2.44,50.8,25.78,700.94,841.89,127960.3,181004.0,1.41,Bearish,0,5,8,10,15,8,8,"Oversold RSI, Within 30% of 52W low, Volume expansion, Below 200 DMA risk"
06.10.2026 at 12:47 AM IST,UNIENTER,Unknown,Unknown,87.02,-1.95,84.69,152.92,2.75,43.09,29.18,93.82,105.2,4850.25,9036.0,1.86,Bearish,0,5,8,10,15,8,8,"Oversold RSI, Within 30% of 52W low, Volume expansion, Below 200 DMA risk"
06.10.2026 at 12:47 AM IST,SUPREMEINF,Unknown,Unknown,66.94,-9.42,58.11,110.88,15.2,39.63,25.13,84.11,80.78,61758.05,282079.0,4.57,Bearish,0,5,8,15,20,8,8,"Oversold RSI, Within 30% of 52W low, Strong volume expansion, Below 200 DMA risk, Sharp daily fall"
06.10.2026 at 12:47 AM IST,SUPREME,Unknown,Unknown,31.08,2.17,29.06,97.84,6.95,68.23,30.12,38.63,51.08,42822.15,8886.0,0.21,Bearish,0,8,20,0,20,8,8,"Weak but watchable RSI, Near 52W low with non-crashing RSI, Below 200 DMA risk, Very far from 52W high"
06.10.2026 at 12:47 AM IST,NMDC,Metals & Mining,Unknown,74.64,-2.48,70.11,97.49,6.46,23.44,27.55,83.47,83.66,11954271.1,17077400.0,1.43,Bearish,0,5,8,10,15,8,8,"Oversold RSI, Within 30% of 52W low, Volume expansion, Below 200 DMA risk"
06.10.2026 at 12:47 AM IST,TOUCHWOOD,Unknown,Unknown,57.14,-3.51,57.0,113.0,0.25,49.43,28.95,62.77,75.36,775.65,1063.0,1.37,Bearish,0,5,8,10,15,8,8,"Oversold RSI, Within 30% of 52W low, Volume expansion, Below 200 DMA risk"
06.10.2026 at 12:47 AM IST,TOLINS,Unknown,Unknown,84.59,-1.48,83.04,197.69,1.87,57.21,27.81,94.85,107.53,35110.3,47501.0,1.35,Bearish,0,5,8,10,15,8,8,"Oversold RSI, Within 30% of 52W low, Volume expansion, Below 200 DMA risk"
06.10.2026 at 12:47 AM IST,TRAVELFOOD,Unknown,Unknown,1208.1,0.65,1027.11,1459.26,17.62,17.21,38.39,1284.75,1226.8,42995.1,32897.0,0.77,Bearish,0,8,15,0,15,8,8,"Weak but watchable RSI, Close to 52W low with recovery potential, Below 200 DMA risk"
06.10.2026 at 12:47 AM IST,COROMANDEL,Chemicals,Unknown,1763.6,0.31,1701.0,2486.77,3.68,29.08,28.43,1980.18,2052.64,156635.3,239111.0,1.53,Bearish,0,5,8,10,15,8,8,"Oversold RSI, Within 30% of 52W low, Volume expansion, Below 200 DMA risk"
06.10.2026 at 12:47 AM IST,CINEVISTA,Unknown,Unknown,13.63,-1.45,12.16,20.9,12.09,34.78,36.99,14.46,15.28,16735.55,6443.0,0.38,Bearish,0,8,15,0,15,8,8,"Weak but watchable RSI, Close to 52W low with recovery potential, Below 200 DMA risk"
06.10.2026 at 12:47 AM IST,ASIANTILES,Unknown,Unknown,47.95,-3.48,42.5,79.06,12.82,39.35,38.31,50.91,61.08,2305474.3,1282482.0,0.56,Bearish,0,8,15,0,15,8,8,"Weak but watchable RSI, Close to 52W low with recovery potential, Below 200 DMA risk"
06.10.2026 at 12:47 AM IST,ATAM,Unknown,Unknown,55.35,-1.76,48.19,110.29,14.86,49.81,44.97,58.87,67.36,21011.45,5829.0,0.28,Bearish,0,8,15,0,15,8,8,"Weak but watchable RSI, Close to 52W low with recovery potential, Below 200 DMA risk"
06.10.2026 at 12:47 AM IST,CENTEXT,Unknown,Unknown,18.18,-2.36,15.67,34.75,16.02,47.68,36.42,20.53,20.5,329172.15,73904.0,0.22,Bearish,0,8,15,0,15,8,8,"Weak but watchable RSI, Close to 52W low with recovery potential, Below 200 DMA risk"
06.10.2026 at 12:47 AM IST,SESHAPAPER,Unknown,Unknown,236.35,-1.71,209.75,290.56,12.68,18.66,43.81,236.37,240.62,62101.15,24836.0,0.4,Bearish,0,8,15,0,15,8,8,"Weak but watchable RSI, Close to 52W low with recovery potential, Below 200 DMA risk"
06.10.2026 at 12:47 AM IST,MSUMI,Automobile and Auto Components,Unknown,33.53,-1.58,33.07,52.82,1.39,36.52,27.51,37.94,40.09,11369029.6,16228437.0,1.43,Bearish,0,5,8,10,15,8,8,"Oversold RSI, Within 30% of 52W low, Volume expansion, Below 200 DMA risk"
06.10.2026 at 12:47 AM IST,SINCLAIR,Unknown,Unknown,76.71,-2.44,68.17,100.17,12.53,23.42,42.34,77.49,76.98,32098.55,16873.0,0.53,Bearish,0,8,15,0,15,8,8,"Weak but watchable RSI, Close to 52W low with recovery potential, Below 200 DMA risk"
06.10.2026 at 12:47 AM IST,SINGERIND,Unknown,Unknown,74.6,-0.08,56.79,91.3,31.35,18.29,44.62,75.09,,89401.7,56846.0,0.64,Bearish,0,8,0,0,0,8,8,Weak but watchable RSI
06.10.2026 at 12:47 AM IST,COFFEEDAY,Unknown,Unknown,29.69,-1.49,21.0,44.8,41.38,33.73,43.64,30.71,30.43,982316.35,5488862.0,5.59,Bearish,0,8,0,15,15,8,8,"Weak but watchable RSI, Strong volume expansion, Below 200 DMA risk"
06.10.2026 at 12:47 AM IST,SICAGEN,Unknown,Unknown,50.96,-1.51,23.92,72.75,113.06,29.95,40.16,54.12,,16875.6,16580.0,0.98,Bearish,0,8,0,0,0,8,8,Weak but watchable RSI
06.10.2026 at 12:47 AM IST,DYNPRO,Unknown,Unknown,224.58,0.45,189.59,345.8,18.45,35.05,41.14,236.61,233.05,11809.8,3562.0,0.3,Bearish,0,8,15,0,15,8,8,"Weak but watchable RSI, Close to 52W low with recovery potential, Below 200 DMA risk"
06.10.2026 at 12:47 AM IST,NDRAUTO,Unknown,Unknown,715.85,-0.26,602.13,1075.19,18.89,33.42,44.17,761.6,767.04,21316.95,16545.0,0.78,Bearish,0,8,15,0,15,8,8,"Weak but watchable RSI, Close to 52W low with recovery potential, Below 200 DMA risk"
06.10.2026 at 12:47 AM IST,DNAMEDIA,Unknown,Unknown,2.42,-0.82,2.17,5.09,11.52,52.46,42.58,2.62,3.09,40535.8,22103.0,0.55,Bearish,0,8,15,0,15,8,8,"Weak but watchable RSI, Close to 52W low with recovery potential, Below 200 DMA risk"
06.10.2026 at 12:47 AM IST,RAJPALAYAM,Unknown,Unknown,738.0,-1.49,314.26,874.46,134.84,15.61,37.66,799.55,,1702.55,1650.0,0.97,Bearish,0,8,0,0,0,8,8,Weak but watchable RSI
06.10.2026 at 12:47 AM IST,RELIANCE,Oil Gas & Consumable Fuels,Unknown,1167.7,-1.63,1160.8,1604.38,0.59,27.22,27.92,1279.77,1356.22,11848507.4,16771221.0,1.42,Bearish,0,5,8,10,15,8,8,"Oversold RSI, Within 30% of 52W low, Volume expansion, Below 200 DMA risk"
06.10.2026 at 12:47 AM IST,RAJMET,Unknown,Unknown,3.08,-1.28,2.72,5.28,13.24,41.67,40.71,3.22,3.72,244762.25,179253.0,0.73,Bearish,0,8,15,0,15,8,8,"Weak but watchable RSI, Close to 52W low with recovery potential, Below 200 DMA risk"
06.10.2026 at 12:47 AM IST,EMMBI,Unknown,Unknown,86.04,-4.12,60.1,116.51,43.16,26.15,43.99,86.83,87.94,7585.85,16076.0,2.12,Bearish,0,8,0,15,15,8,8,"Weak but watchable RSI, Strong volume expansion, Below 200 DMA risk"
06.10.2026 at 12:47 AM IST,RHETAN,Unknown,Unknown,16.64,-4.97,14.42,34.87,15.4,52.28,35.72,23.68,25.91,8856002.05,234814.0,0.03,Bearish,0,8,15,0,15,8,8,"Weak but watchable RSI, Close to 52W low with recovery potential, Below 200 DMA risk"
06.10.2026 at 12:47 AM IST,DIAMINESQ,Unknown,Unknown,236.31,-0.92,208.01,332.0,13.61,28.82,35.65,246.2,249.76,4342.75,1772.0,0.41,Bearish,0,8,15,0,15,8,8,"Weak but watchable RSI, Close to 52W low with recovery potential, Below 200 DMA risk"
06.10.2026 at 12:47 AM IST,DHRUV,Unknown,Unknown,19.74,-1.69,19.46,56.99,1.44,65.36,30.91,23.26,30.89,6843.35,5994.0,0.88,Bearish,0,8,20,0,20,8,8,"Weak but watchable RSI, Near 52W low with non-crashing RSI, Below 200 DMA risk, Very far from 52W high"
06.10.2026 at 12:47 AM IST,SAMMAANCAP,Financial Services,Unknown,132.48,-2.97,129.0,192.95,2.7,31.34,25.57,151.48,152.84,4442295.45,6813037.0,1.53,Bearish,0,5,8,10,15,8,8,"Oversold RSI, Within 30% of 52W low, Volume expansion, Below 200 DMA risk"
06.10.2026 at 12:47 AM IST,HLVLTD,Unknown,Unknown,6.31,-1.56,5.6,11.94,12.68,47.15,41.17,6.71,7.82,186704.85,154005.0,0.82,Bearish,0,8,15,0,15,8,8,"Weak but watchable RSI, Close to 52W low with recovery potential, Below 200 DMA risk"
06.10.2026 at 12:47 AM IST,SAYAJIHOTL,Unknown,Unknown,304.0,0.0,138.7,365.2,119.18,16.76,42.23,314.83,,105.35,0.0,0.0,Bearish,0,8,0,0,0,8,8,Weak but watchable RSI
06.10.2026 at 12:47 AM IST,IGIL,Services,Unknown,311.95,-1.25,282.67,385.39,10.36,19.06,38.87,333.94,334.96,541360.8,247930.0,0.46,Bearish,0,8,15,0,15,8,8,"Weak but watchable RSI, Close to 52W low with recovery potential, Below 200 DMA risk"
06.10.2026 at 12:47 AM IST,IMFA,Unknown,Unknown,1176.8,-1.18,1057.3,1670.79,11.3,29.57,29.49,1340.31,1349.2,86584.65,141199.0,1.63,Bearish,0,5,8,10,15,8,8,"Oversold RSI, Within 30% of 52W low, Volume expansion, Below 200 DMA risk"
06.10.2026 at 12:47 AM IST,SCHAEFFLER,Automobile and Auto Components,Unknown,3885.6,-0.3,3489.69,4445.0,11.35,12.58,39.93,4029.59,3994.46,50108.6,43557.0,0.87,Bearish,0,8,15,0,15,8,8,"Weak but watchable RSI, Close to 52W low with recovery potential, Below 200 DMA risk"
06.10.2026 at 12:47 AM IST,SENCO,Unknown,Unknown,317.4,-1.11,275.2,428.76,15.33,25.97,36.23,358.91,335.32,766298.6,538846.0,0.7,Bearish,0,8,15,0,15,8,8,"Weak but watchable RSI, Close to 52W low with recovery potential, Below 200 DMA risk"
06.10.2026 at 12:47 AM IST,BBL,Unknown,Unknown,2069.6,-1.22,2025.25,3367.03,2.19,38.53,26.76,2306.6,2542.98,19361.55,30611.0,1.58,Bearish,0,5,8,10,15,8,8,"Oversold RSI, Within 30% of 52W low, Volume expansion, Below 200 DMA risk"
06.10.2026 at 12:47 AM IST,MBEL,Unknown,Unknown,251.75,1.1,222.21,533.88,13.29,52.85,38.58,270.71,305.28,123527.2,116191.0,0.94,Bearish,0,8,15,0,15,8,8,"Weak but watchable RSI, Close to 52W low with recovery potential, Below 200 DMA risk"
06.10.2026 at 12:47 AM IST,MASTEK,Unknown,Unknown,1555.6,-0.46,1322.97,2339.8,17.58,33.52,41.04,1706.96,1720.31,99871.7,72494.0,0.73,Bearish,0,8,15,0,15,8,8,"Weak but watchable RSI, Close to 52W low with recovery potential, Below 200 DMA risk"
06.10.2026 at 12:47 AM IST,BANKA,Unknown,Unknown,68.51,-2.13,41.0,96.58,67.1,29.06,30.89,80.77,74.12,4655.85,19107.0,4.1,Bearish,0,8,0,15,15,8,8,"Weak but watchable RSI, Strong volume expansion, Below 200 DMA risk"
06.10.2026 at 12:47 AM IST,MAGNUM,Unknown,Unknown,18.62,0.76,16.25,28.0,14.58,33.5,43.09,19.2,20.37,29591.25,1812.0,0.06,Bearish,0,8,15,0,15,8,8,"Weak but watchable RSI, Close to 52W low with recovery potential, Below 200 DMA risk"
06.10.2026 at 12:47 AM IST,BEARDSELL,Unknown,Unknown,22.13,-1.34,19.94,37.21,11.0,40.53,29.55,25.38,26.67,27277.95,43859.0,1.61,Bearish,0,5,8,10,15,8,8,"Oversold RSI, Within 30% of 52W low, Volume expansion, Below 200 DMA risk"
06.10.2026 at 12:47 AM IST,MALUPAPER,Unknown,Unknown,31.04,-1.37,27.0,44.11,14.96,29.63,41.38,32.45,32.47,29600.05,7568.0,0.26,Bearish,0,8,15,0,15,8,8,"Weak but watchable RSI, Close to 52W low with recovery potential, Below 200 DMA risk"
06.10.2026 at 12:47 AM IST,TATAINVEST,Financial Services,Unknown,615.05,-0.81,536.09,1076.45,14.73,42.86,37.83,657.72,660.39,2429074.75,283865.0,0.12,Bearish,0,8,15,0,15,8,8,"Weak but watchable RSI, Close to 52W low with recovery potential, Below 200 DMA risk"
06.10.2026 at 12:47 AM IST,AWFIS,Unknown,Unknown,235.26,-3.62,229.05,639.4,2.71,63.21,33.77,266.82,325.55,1722278.6,458720.0,0.27,Bearish,0,8,20,0,20,8,8,"Weak but watchable RSI, Near 52W low with non-crashing RSI, Below 200 DMA risk, Very far from 52W high"
06.10.2026 at 12:47 AM IST,TATACAP,Financial Services,Unknown,319.3,-2.64,295.51,390.2,8.05,18.17,29.67,358.62,340.33,1486020.6,2467983.0,1.66,Bearish,0,5,8,10,15,8,8,"Oversold RSI, Within 30% of 52W low, Volume expansion, Below 200 DMA risk"
06.10.2026 at 12:47 AM IST,HUDCO,Financial Services,Unknown,161.54,-3.03,156.74,239.22,3.06,32.47,28.54,183.27,194.21,1675904.65,3136559.0,1.87,Bearish,0,5,8,10,15,8,8,"Oversold RSI, Within 30% of 52W low, Volume expansion, Below 200 DMA risk"
06.10.2026 at 12:47 AM IST,TEAMLEASE,Unknown,Unknown,1179.4,2.68,1065.2,1872.2,10.72,37.0,38.85,1241.16,1329.27,16301.95,15313.0,0.94,Bearish,0,8,15,0,15,8,8,"Weak but watchable RSI, Close to 52W low with recovery potential, Below 200 DMA risk"
06.10.2026 at 12:47 AM IST,NBCC,Construction,Unknown,77.4,-1.4,76.07,124.83,1.75,37.99,29.42,87.34,95.23,4751583.75,6195124.0,1.3,Bearish,0,5,8,10,15,8,8,"Oversold RSI, Within 30% of 52W low, Volume expansion, Below 200 DMA risk"
06.10.2026 at 12:47 AM IST,NFL,Unknown,Unknown,63.85,-2.07,62.4,96.83,2.32,34.06,26.19,69.02,74.32,480932.45,633608.0,1.32,Bearish,0,5,8,10,15,8,8,"Oversold RSI, Within 30% of 52W low, Volume expansion, Below 200 DMA risk"
06.10.2026 at 12:47 AM IST,NEPHROPLUS,Unknown,Unknown,648.95,-1.64,446.0,781.5,45.5,16.96,31.43,703.26,,717161.9,238798.0,0.33,Bearish,0,8,0,0,0,8,8,Weak but watchable RSI
06.10.2026 at 12:47 AM IST,JAIBALAJI,Unknown,Unknown,61.72,-0.84,53.65,100.68,15.04,38.7,38.28,65.55,67.9,636405.05,504237.0,0.79,Bearish,0,8,15,0,15,8,8,"Weak but watchable RSI, Close to 52W low with recovery potential, Below 200 DMA risk"
06.10.2026 at 12:47 AM IST,BAJAJHCARE,Unknown,Unknown,322.95,-1.3,271.12,504.17,19.12,35.94,43.03,328.43,335.04,148173.95,128069.0,0.86,Bearish,0,8,15,0,15,8,8,"Weak but watchable RSI, Close to 52W low with recovery potential, Below 200 DMA risk"
06.10.2026 at 12:47 AM IST,AXITA,Unknown,Unknown,7.58,-1.69,6.53,12.12,16.1,37.48,28.34,7.66,8.38,634952.15,1182454.0,1.86,Bearish,0,5,8,10,15,8,8,"Oversold RSI, Within 30% of 52W low, Volume expansion, Below 200 DMA risk"
06.10.2026 at 12:47 AM IST,HINDCOMPOS,Unknown,Unknown,380.8,-0.13,345.27,547.1,10.29,30.4,44.11,400.33,416.16,3749.05,1341.0,0.36,Bearish,0,8,15,0,15,8,8,"Weak but watchable RSI, Close to 52W low with recovery potential, Below 200 DMA risk"
06.10.2026 at 12:47 AM IST,JBMA,Automobile and Auto Components,Unknown,544.65,-2.13,476.34,737.48,14.34,26.15,25.28,624.5,617.1,245393.35,403885.0,1.65,Bearish,0,5,8,10,15,8,8,"Oversold RSI, Within 30% of 52W low, Volume expansion, Below 200 DMA risk"
06.10.2026 at 12:47 AM IST,MURUDCERA,Unknown,Unknown,28.06,-1.58,25.16,46.0,11.53,39.0,38.62,29.99,31.79,17885.95,8347.0,0.47,Bearish,0,8,15,0,15,8,8,"Weak but watchable RSI, Close to 52W low with recovery potential, Below 200 DMA risk"
06.10.2026 at 12:47 AM IST,MUFTI,Unknown,Unknown,70.24,-2.86,61.44,113.82,14.32,38.29,39.06,75.76,81.95,75251.0,60635.0,0.81,Bearish,0,8,15,0,15,8,8,"Weak but watchable RSI, Close to 52W low with recovery potential, Below 200 DMA risk"
06.10.2026 at 12:47 AM IST,MAHAPEXLTD,Unknown,Unknown,50.18,-1.61,42.0,117.89,19.48,57.43,39.43,52.41,64.63,14456.15,11656.0,0.81,Bearish,0,8,15,0,15,8,8,"Weak but watchable RSI, Close to 52W low with recovery potential, Below 200 DMA risk"
06.10.2026 at 12:47 AM IST,RUBFILA,Unknown,Unknown,63.25,0.32,55.62,83.47,13.72,24.22,43.72,66.69,68.43,59644.05,44696.0,0.75,Bearish,0,8,15,0,15,8,8,"Weak but watchable RSI, Close to 52W low with recovery potential, Below 200 DMA risk"
06.10.2026 at 12:47 AM IST,MAITHANALL,Unknown,Unknown,927.0,0.19,816.72,1202.9,13.5,22.94,35.21,987.64,985.05,146265.75,75762.0,0.52,Bearish,0,8,15,0,15,8,8,"Weak but watchable RSI, Close to 52W low with recovery potential, Below 200 DMA risk"
06.10.2026 at 12:47 AM IST,BALAJEE,Unknown,Unknown,25.2,0.0,21.1,54.48,19.43,53.74,42.06,26.31,30.32,27005.25,15952.0,0.59,Bearish,0,8,15,0,15,8,8,"Weak but watchable RSI, Close to 52W low with recovery potential, Below 200 DMA risk"
06.10.2026 at 12:47 AM IST,GUJRAFFIA,Unknown,Unknown,39.5,-1.91,35.1,88.0,12.54,55.11,43.99,40.55,41.44,2964.1,2720.0,0.92,Bearish,0,8,15,0,15,8,8,"Weak but watchable RSI, Close to 52W low with recovery potential, Below 200 DMA risk"
06.10.2026 at 12:47 AM IST,THOMASCOOK,Unknown,Unknown,100.7,-1.65,85.96,168.24,17.15,40.14,38.96,105.32,107.89,670097.5,539181.0,0.8,Bearish,0,8,15,0,15,8,8,"Weak but watchable RSI, Close to 52W low with recovery potential, Below 200 DMA risk"
06.10.2026 at 12:47 AM IST,TIPSFILMS,Unknown,Unknown,315.4,-0.9,276.75,479.25,13.97,34.19,42.24,347.26,360.55,7418.95,2857.0,0.39,Bearish,0,8,15,0,15,8,8,"Weak but watchable RSI, Close to 52W low with recovery potential, Below 200 DMA risk"
06.10.2026 at 12:47 AM IST,REPL,Unknown,Unknown,57.99,-2.29,56.0,154.49,3.55,62.46,39.66,62.56,78.42,4742.05,1515.0,0.32,Bearish,0,8,20,0,20,8,8,"Weak but watchable RSI, Near 52W low with non-crashing RSI, Below 200 DMA risk, Very far from 52W high"
06.10.2026 at 12:47 AM IST,TIMETECHNO,Unknown,Unknown,179.68,-1.47,152.72,225.61,17.65,20.36,43.61,190.1,182.43,2399982.65,2060984.0,0.86,Bearish,0,8,15,0,15,8,8,"Weak but watchable RSI, Close to 52W low with recovery potential, Below 200 DMA risk"
06.10.2026 at 12:47 AM IST,VIKRAMSOLR,Unknown,Unknown,154.35,-3.54,151.6,354.4,1.81,56.45,29.66,168.76,197.04,1667907.2,2528456.0,1.52,Bearish,0,5,8,10,15,8,8,"Oversold RSI, Within 30% of 52W low, Volume expansion, Below 200 DMA risk"
06.10.2026 at 12:47 AM IST,KAYNES,Consumer Durables,Unknown,3399.0,-2.91,2995.0,7705.0,13.49,55.89,41.4,3642.05,3644.66,1038636.75,964281.0,0.93,Bearish,0,8,15,0,15,8,8,"Weak but watchable RSI, Close to 52W low with recovery potential, Below 200 DMA risk"
06.10.2026 at 12:47 AM IST,JYOTISTRUC,Unknown,Unknown,8.9,0.0,7.94,15.49,12.09,42.54,35.57,10.24,11.05,5941731.75,3855748.0,0.65,Bearish,0,8,15,0,15,8,8,"Weak but watchable RSI, Close to 52W low with recovery potential, Below 200 DMA risk"
06.10.2026 at 12:47 AM IST,WAAREEENER,Capital Goods,Unknown,2340.0,-1.45,2301.1,3713.8,1.69,36.99,27.96,2605.74,2881.65,592129.3,841593.0,1.42,Bearish,0,5,8,10,15,8,8,"Oversold RSI, Within 30% of 52W low, Volume expansion, Below 200 DMA risk"
06.10.2026 at 12:47 AM IST,LPDC,Unknown,Unknown,6.21,0.49,5.23,9.46,18.74,34.36,42.63,6.6,6.65,70601.95,12938.0,0.18,Bearish,0,8,15,0,15,8,8,"Weak but watchable RSI, Close to 52W low with recovery potential, Below 200 DMA risk"
06.10.2026 at 12:47 AM IST,ANURAS,Chemicals,Unknown,1163.7,-1.46,1046.57,1413.2,11.19,17.66,38.2,1215.57,1273.59,576295.3,224878.0,0.39,Bearish,0,8,15,0,15,8,8,"Weak but watchable RSI, Close to 52W low with recovery potential, Below 200 DMA risk"
06.10.2026 at 12:47 AM IST,APOLLOTYRE,Automobile and Auto Components,Unknown,404.75,0.01,363.22,533.71,11.43,24.16,42.93,426.21,437.53,915061.5,708176.0,0.77,Bearish,0,8,15,0,15,8,8,"Weak but watchable RSI, Close to 52W low with recovery potential, Below 200 DMA risk"
06.10.2026 at 12:47 AM IST,VLEGOV,Unknown,Unknown,9.6,-3.9,8.42,29.52,14.01,67.48,38.47,10.36,13.38,91872.7,101558.0,1.11,Bearish,0,8,15,5,20,8,8,"Weak but watchable RSI, Close to 52W low with recovery potential, Normal volume support, Below 200 DMA risk, Very far from 52W high"
06.10.2026 at 12:47 AM IST,VARDMNPOLY,Unknown,Unknown,5.7,-1.72,5.1,9.49,11.76,39.94,36.62,6.01,6.64,139662.55,135098.0,0.97,Bearish,0,8,15,0,15,8,8,"Weak but watchable RSI, Close to 52W low with recovery potential, Below 200 DMA risk"
06.10.2026 at 12:47 AM IST,AMBICAAGAR,Unknown,Unknown,23.89,-2.09,20.0,29.68,19.45,19.51,38.73,24.93,24.47,50788.95,2450.0,0.05,Bearish,0,8,15,0,15,8,8,"Weak but watchable RSI, Close to 52W low with recovery potential, Below 200 DMA risk"
06.10.2026 at 12:47 AM IST,ALANKIT,Unknown,Unknown,7.65,-2.3,6.8,13.12,12.5,41.69,42.46,7.97,8.69,116780.8,111640.0,0.96,Bearish,0,8,15,0,15,8,8,"Weak but watchable RSI, Close to 52W low with recovery potential, Below 200 DMA risk"
06.10.2026 at 12:47 AM IST,KWIL,Unknown,Unknown,38.36,-2.19,22.24,50.68,72.48,24.31,40.34,39.44,,11404791.25,8923982.0,0.78,Bearish,0,8,0,0,0,8,8,Weak but watchable RSI
06.10.2026 at 12:47 AM IST,XTGLOBAL,Unknown,Unknown,28.69,-1.71,25.16,43.57,14.04,34.15,41.31,30.39,30.7,45100.4,19992.0,0.44,Bearish,0,8,15,0,15,8,8,"Weak but watchable RSI, Close to 52W low with recovery potential, Below 200 DMA risk"
06.10.2026 at 12:47 AM IST,ZAGGLE,Unknown,Unknown,171.73,-0.84,154.36,405.4,11.25,57.64,35.16,189.02,233.87,917193.05,843126.0,0.92,Bearish,0,8,15,0,15,8,8,"Weak but watchable RSI, Close to 52W low with recovery potential, Below 200 DMA risk"
06.10.2026 at 12:47 AM IST,ZENITHSTL,Unknown,Unknown,5.1,-3.77,4.41,10.33,15.65,50.63,35.54,5.52,5.8,130362.6,57191.0,0.44,Bearish,0,8,15,0,15,8,8,"Weak but watchable RSI, Close to 52W low with recovery potential, Below 200 DMA risk"
06.10.2026 at 12:47 AM IST,ZFCVINDIA,Automobile and Auto Components,Unknown,2241.0,-4.27,2046.79,3038.73,9.49,26.25,28.13,2497.97,2449.57,101802.4,154904.0,1.52,Bearish,0,5,8,10,15,8,8,"Oversold RSI, Within 30% of 52W low, Volume expansion, Below 200 DMA risk"
06.10.2026 at 12:47 AM IST,YESBANK,Financial Services,Unknown,20.75,-0.95,17.2,25.78,20.64,19.51,32.04,22.6,21.87,78606475.4,80611659.0,1.03,Bearish,0,8,8,5,15,6,6,"Weak but watchable RSI, Within 30% of 52W low, Normal volume support, Below 200 DMA risk"
06.10.2026 at 12:47 AM IST,ZUARI,Unknown,Unknown,212.88,-3.38,175.1,345.6,21.58,38.4,40.38,224.99,237.48,66509.1,68426.0,1.03,Bearish,0,8,8,5,15,6,6,"Weak but watchable RSI, Within 30% of 52W low, Normal volume support, Below 200 DMA risk"
06.10.2026 at 12:47 AM IST,KIOCL,Unknown,Unknown,323.85,-2.54,290.65,634.55,11.42,48.96,30.88,368.05,370.33,71177.85,71413.0,1.0,Bearish,0,8,8,5,15,6,6,"Weak but watchable RSI, Within 30% of 52W low, Normal volume support, Below 200 DMA risk"
06.10.2026 at 12:47 AM IST,VLSFINANCE,Unknown,Unknown,230.87,-1.38,197.57,336.88,16.86,31.47,32.35,247.09,249.45,7524.65,8899.0,1.18,Bearish,0,8,8,5,15,6,6,"Weak but watchable RSI, Within 30% of 52W low, Normal volume support, Below 200 DMA risk"
06.10.2026 at 12:47 AM IST,VAIBHAVGBL,Unknown,Unknown,203.53,-0.39,171.95,286.08,18.36,28.86,34.64,226.84,225.02,208042.75,254791.0,1.22,Bearish,0,8,8,5,15,6,6,"Weak but watchable RSI, Within 30% of 52W low, Normal volume support, Below 200 DMA risk"
06.10.2026 at 12:47 AM IST,APOLSINHOT,Unknown,Unknown,1155.9,-0.58,947.65,1436.44,21.97,19.53,35.91,1205.48,1204.06,709.6,762.0,1.07,Bearish,0,8,8,5,15,6,6,"Weak but watchable RSI, Within 30% of 52W low, Normal volume support, Below 200 DMA risk"
06.10.2026 at 12:47 AM IST,BALAJITELE,Unknown,Unknown,90.04,-1.34,69.52,133.23,29.52,32.42,41.99,90.98,93.85,298821.8,383292.0,1.28,Bearish,0,8,8,5,15,6,6,"Weak but watchable RSI, Within 30% of 52W low, Normal volume support, Below 200 DMA risk"
06.10.2026 at 12:47 AM IST,BAJEL,Unknown,Unknown,163.63,-0.77,134.64,218.89,21.53,25.25,31.58,181.26,175.26,147945.25,151355.0,1.02,Bearish,0,8,8,5,15,6,6,"Weak but watchable RSI, Within 30% of 52W low, Normal volume support, Below 200 DMA risk"
06.10.2026 at 12:47 AM IST,RUCHINFRA,Unknown,Unknown,4.84,-1.43,4.05,7.7,19.51,37.14,31.11,5.6,5.94,98158.5,115415.0,1.18,Bearish,0,8,8,5,15,6,6,"Weak but watchable RSI, Within 30% of 52W low, Normal volume support, Below 200 DMA risk"
06.10.2026 at 12:47 AM IST,MAHLIFE,Unknown,Unknown,351.15,-2.54,284.1,423.03,23.6,16.99,40.92,371.04,356.49,92494.7,103902.0,1.12,Bearish,0,8,8,5,15,6,6,"Weak but watchable RSI, Within 30% of 52W low, Normal volume support, Below 200 DMA risk"
06.10.2026 at 12:47 AM IST,RELIGARE,Unknown,Unknown,224.59,-1.89,196.51,280.0,14.29,19.79,30.68,243.95,238.17,815134.4,840922.0,1.03,Bearish,0,8,8,5,15,6,6,"Weak but watchable RSI, Within 30% of 52W low, Normal volume support, Below 200 DMA risk"
06.10.2026 at 12:47 AM IST,DLINKINDIA,Unknown,Unknown,406.6,-1.27,349.13,521.54,16.46,22.04,32.07,435.14,424.29,48830.8,61080.0,1.25,Bearish,0,8,8,5,15,6,6,"Weak but watchable RSI, Within 30% of 52W low, Normal volume support, Below 200 DMA risk"
06.10.2026 at 12:47 AM IST,SAKSOFT,Unknown,Unknown,139.33,-0.07,107.24,222.26,29.93,37.31,35.08,156.71,155.94,232562.65,241189.0,1.04,Bearish,0,8,8,5,15,6,6,"Weak but watchable RSI, Within 30% of 52W low, Normal volume support, Below 200 DMA risk"
06.10.2026 at 12:47 AM IST,CUMMINSIND,Capital Goods,Unknown,4860.0,2.1,3833.13,6049.82,26.79,19.67,39.43,5194.18,4984.52,384670.1,393680.0,1.02,Bearish,0,8,8,5,15,6,6,"Weak but watchable RSI, Within 30% of 52W low, Normal volume support, Below 200 DMA risk"
06.10.2026 at 12:47 AM IST,DISHTV,Unknown,Unknown,2.15,4.37,1.82,5.03,18.13,57.26,30.3,2.65,3.1,2235405.45,2717434.0,1.22,Bearish,0,8,8,5,15,6,6,"Weak but watchable RSI, Within 30% of 52W low, Normal volume support, Below 200 DMA risk"
06.10.2026 at 12:47 AM IST,MODINATUR,Unknown,Unknown,324.45,-3.44,252.3,524.8,28.6,38.18,37.7,365.01,367.33,5623.7,6136.0,1.09,Bearish,0,8,8,5,15,6,6,"Weak but watchable RSI, Within 30% of 52W low, Normal volume support, Below 200 DMA risk"
06.10.2026 at 12:47 AM IST,DIAMONDYD,Unknown,Unknown,1073.0,-3.2,858.51,1244.43,24.98,13.78,40.29,1138.65,1090.4,20877.9,24504.0,1.17,Bearish,0,8,8,5,15,6,6,"Weak but watchable RSI, Within 30% of 52W low, Normal volume support, Below 200 DMA risk"
06.10.2026 at 12:47 AM IST,ROSSARI,Unknown,Unknown,427.55,2.3,374.64,689.63,14.12,38.0,34.14,477.87,502.44,54912.75,65352.0,1.19,Bearish,0,8,8,5,15,6,6,"Weak but watchable RSI, Within 30% of 52W low, Normal volume support, Below 200 DMA risk"
06.10.2026 at 12:47 AM IST,HTMEDIA,Unknown,Unknown,22.38,-2.78,17.52,31.3,27.74,28.5,34.84,25.5,23.26,109054.55,115588.0,1.06,Bearish,0,8,8,5,15,6,6,"Weak but watchable RSI, Within 30% of 52W low, Normal volume support, Below 200 DMA risk"
06.10.2026 at 12:47 AM IST,MOKSH,Unknown,Unknown,9.19,-3.36,8.11,16.65,13.32,44.8,30.83,10.26,11.97,117276.8,122811.0,1.05,Bearish,0,8,8,5,15,6,6,"Weak but watchable RSI, Within 30% of 52W low, Normal volume support, Below 200 DMA risk"
06.10.2026 at 12:47 AM IST,MRPL,Oil Gas & Consumable Fuels,Unknown,164.76,-2.68,133.21,212.0,23.68,22.28,43.78,170.85,166.88,11694853.55,12948377.0,1.11,Bearish,0,8,8,5,15,6,6,"Weak but watchable RSI, Within 30% of 52W low, Normal volume support, Below 200 DMA risk"
06.10.2026 at 12:47 AM IST,CORALFINAC,Unknown,Unknown,31.25,-0.95,24.86,46.91,25.69,33.38,40.62,32.81,33.55,13256.3,13756.0,1.04,Bearish,0,8,8,5,15,6,6,"Weak but watchable RSI, Within 30% of 52W low, Normal volume support, Below 200 DMA risk"
06.10.2026 at 12:47 AM IST,UNIONBANK,Financial Services,Unknown,167.59,-1.99,131.42,199.6,27.52,16.04,35.58,179.98,171.2,7660516.55,7875995.0,1.03,Bearish,0,8,8,5,15,6,6,"Weak but watchable RSI, Within 30% of 52W low, Normal volume support, Below 200 DMA risk"
06.10.2026 at 12:47 AM IST,UNITDSPR,Fast Moving Consumer Goods,Unknown,1335.1,-1.4,1201.55,1563.4,11.12,14.6,30.92,1471.63,1364.68,899686.1,1003620.0,1.12,Bearish,0,8,8,5,15,6,6,"Weak but watchable RSI, Within 30% of 52W low, Normal volume support, Below 200 DMA risk"
06.10.2026 at 12:47 AM IST,FOODSIN,Unknown,Unknown,49.39,-3.0,43.76,87.71,12.87,43.69,34.19,53.9,58.24,76336.2,98285.0,1.29,Bearish,0,8,8,5,15,6,6,"Weak but watchable RSI, Within 30% of 52W low, Normal volume support, Below 200 DMA risk"
06.10.2026 at 12:47 AM IST,CHOICEIN,Financial Services,Unknown,719.4,-0.94,568.7,860.5,26.5,16.4,35.38,782.48,743.4,401798.0,433514.0,1.08,Bearish,0,8,8,5,15,6,6,"Weak but watchable RSI, Within 30% of 52W low, Normal volume support, Below 200 DMA risk"
06.10.2026 at 12:47 AM IST,UNOMINDA,Automobile and Auto Components,Unknown,1111.0,-5.04,992.46,1378.85,11.94,19.43,32.16,1227.45,1163.14,515311.05,788650.0,1.53,Bearish,0,8,8,10,20,6,6,"Weak but watchable RSI, Within 30% of 52W low, Volume expansion, Below 200 DMA risk, Sharp daily fall"
06.10.2026 at 12:47 AM IST,PRAJIND,Unknown,Unknown,303.25,-0.85,269.91,422.8,12.35,28.28,31.89,325.75,332.47,379514.2,401299.0,1.06,Bearish,0,8,8,5,15,6,6,"Weak but watchable RSI, Within 30% of 52W low, Normal volume support, Below 200 DMA risk"
06.10.2026 at 12:47 AM IST,SHREDIGCEM,Unknown,Unknown,66.69,1.17,53.16,95.81,25.46,30.39,42.21,70.48,72.56,77444.5,90765.0,1.17,Bearish,0,8,8,5,15,6,6,"Weak but watchable RSI, Within 30% of 52W low, Normal volume support, Below 200 DMA risk"
06.10.2026 at 12:47 AM IST,POLYCAB,Capital Goods,Unknown,7990.0,-0.45,6631.53,10126.0,20.48,21.09,31.54,8771.03,8391.14,445055.1,463691.0,1.04,Bearish,0,8,8,5,15,6,6,"Weak but watchable RSI, Within 30% of 52W low, Normal volume support, Below 200 DMA risk"
06.10.2026 at 12:47 AM IST,JSWENERGY,Power,Unknown,485.0,-1.96,426.3,615.26,13.77,21.17,31.24,536.27,524.29,1651730.3,1851516.0,1.12,Bearish,0,8,8,5,15,6,6,"Weak but watchable RSI, Within 30% of 52W low, Normal volume support, Below 200 DMA risk"
06.10.2026 at 12:47 AM IST,LAXMIDENTL,Unknown,Unknown,193.87,1.28,155.88,344.8,24.37,43.77,43.48,202.26,210.57,59711.05,61062.0,1.02,Bearish,0,8,8,5,15,6,6,"Weak but watchable RSI, Within 30% of 52W low, Normal volume support, Below 200 DMA risk"
06.10.2026 at 12:47 AM IST,CARRARO,Unknown,Unknown,518.1,-1.78,410.82,659.24,26.11,21.41,43.91,527.49,526.47,117571.55,130189.0,1.11,Bearish,0,8,8,5,15,6,6,"Weak but watchable RSI, Within 30% of 52W low, Normal volume support, Below 200 DMA risk"
06.10.2026 at 12:47 AM IST,MARICO,Fast Moving Consumer Goods,Unknown,781.35,-0.59,700.75,889.1,11.5,12.12,34.92,835.83,796.58,1527216.45,1777571.0,1.16,Bearish,0,8,8,5,15,6,6,"Weak but watchable RSI, Within 30% of 52W low, Normal volume support, Below 200 DMA risk"
06.10.2026 at 12:47 AM IST,CDSL,Financial Services,Unknown,1242.5,-1.7,1106.21,1658.57,12.32,25.09,31.98,1349.97,1312.91,1147386.2,1324382.0,1.15,Bearish,0,8,8,5,15,6,6,"Weak but watchable RSI, Within 30% of 52W low, Normal volume support, Below 200 DMA risk"
06.10.2026 at 12:47 AM IST,BORORENEW,Unknown,Unknown,449.6,-1.87,374.4,721.0,20.09,37.64,31.31,518.15,515.75,450773.8,531272.0,1.18,Bearish,0,8,8,5,15,6,6,"Weak but watchable RSI, Within 30% of 52W low, Normal volume support, Below 200 DMA risk"
06.10.2026 at 12:47 AM IST,INDOWIND,Unknown,Unknown,8.44,-2.88,7.0,18.94,20.57,55.44,34.88,9.0,10.28,92226.3,118799.0,1.29,Bearish,0,8,8,5,15,6,6,"Weak but watchable RSI, Within 30% of 52W low, Normal volume support, Below 200 DMA risk"
06.10.2026 at 12:47 AM IST,HARIOMPIPE,Unknown,Unknown,332.35,-2.52,267.49,484.04,24.25,31.34,33.74,363.69,364.93,93739.35,102151.0,1.09,Bearish,0,8,8,5,15,6,6,"Weak but watchable RSI, Within 30% of 52W low, Normal volume support, Below 200 DMA risk"
06.10.2026 at 12:47 AM IST,OIL,Oil Gas & Consumable Fuels,Unknown,444.0,-1.04,388.85,529.92,14.18,16.21,31.9,470.53,459.3,2154990.25,2266203.0,1.05,Bearish,0,8,8,5,15,6,6,"Weak but watchable RSI, Within 30% of 52W low, Normal volume support, Below 200 DMA risk"
06.10.2026 at 12:47 AM IST,PLATIND,Unknown,Unknown,202.0,-2.34,183.5,299.0,10.08,32.44,33.1,221.01,225.5,51075.3,51510.0,1.01,Bearish,0,8,8,5,15,6,6,"Weak but watchable RSI, Within 30% of 52W low, Normal volume support, Below 200 DMA risk"
06.10.2026 at 12:47 AM IST,GOKUL,Unknown,Unknown,38.66,-1.93,31.0,46.8,24.71,17.39,36.27,40.57,39.82,173306.65,210753.0,1.22,Bearish,0,8,8,5,15,6,6,"Weak but watchable RSI, Within 30% of 52W low, Normal volume support, Below 200 DMA risk"
06.10.2026 at 12:47 AM IST,SIYSIL,Unknown,Unknown,531.55,-1.56,426.93,827.16,24.5,35.74,40.42,578.94,571.53,28387.6,28509.0,1.0,Bearish,0,8,8,5,15,6,6,"Weak but watchable RSI, Within 30% of 52W low, Normal volume support, Below 200 DMA risk"
06.10.2026 at 12:47 AM IST,TSFINV,Unknown,Unknown,409.15,-1.92,328.5,684.57,24.55,40.23,35.47,430.0,415.15,107918.5,111572.0,1.03,Bearish,0,8,8,5,15,6,6,"Weak but watchable RSI, Within 30% of 52W low, Normal volume support, Below 200 DMA risk"
06.10.2026 at 12:47 AM IST,MOHITIND,Unknown,Unknown,22.78,0.49,18.6,34.8,22.47,34.54,43.54,23.83,24.17,9753.6,10445.0,1.07,Bearish,0,8,8,5,15,6,6,"Weak but watchable RSI, Within 30% of 52W low, Normal volume support, Below 200 DMA risk"
06.10.2026 at 12:47 AM IST,ESABINDIA,Unknown,Unknown,5500.5,-0.53,4646.75,7287.88,18.37,24.53,31.54,5845.56,5818.48,3711.35,3747.0,1.01,Bearish,0,8,8,5,15,6,6,"Weak but watchable RSI, Within 30% of 52W low, Normal volume support, Below 200 DMA risk"
06.10.2026 at 12:47 AM IST,RESPONIND,Unknown,Unknown,162.59,-1.69,117.18,240.76,38.75,32.47,50.44,162.73,173.04,3387346.6,272136.0,0.08,Bearish,0,20,0,0,15,5,5,"Healthy RSI momentum, Below 200 DMA risk"
06.10.2026 at 12:47 AM IST,BLUECOAST,Unknown,Unknown,22.0,-0.32,18.57,61.49,18.47,64.22,48.62,23.28,26.76,1745.8,843.0,0.48,Bearish,0,10,15,0,20,5,5,"RSI recovering zone, Close to 52W low with recovery potential, Below 200 DMA risk, Very far from 52W high"
06.10.2026 at 12:47 AM IST,ARTNIRMAN,Unknown,Unknown,40.0,-0.6,29.39,66.97,36.1,40.27,50.53,40.26,41.52,1184.1,39.0,0.03,Bearish,0,20,0,0,15,5,5,"Healthy RSI momentum, Below 200 DMA risk"
06.10.2026 at 12:47 AM IST,GLFL,Unknown,Unknown,5.49,1.86,3.66,9.34,50.0,41.22,54.7,5.51,5.63,8547.25,3962.0,0.46,Bearish,0,20,0,0,15,5,5,"Healthy RSI momentum, Below 200 DMA risk"
06.10.2026 at 12:47 AM IST,VMSTMT,Unknown,Unknown,46.65,-5.03,33.5,80.0,39.25,41.69,48.04,46.66,46.82,70837.5,162379.0,2.29,Bearish,0,10,0,15,20,5,5,"RSI recovering zone, Strong volume expansion, Below 200 DMA risk, Sharp daily fall"
06.10.2026 at 12:47 AM IST,DHANBANK,Unknown,Unknown,26.97,-2.0,19.45,36.85,38.66,26.81,25.31,31.53,28.89,430576.2,1111767.0,2.58,Bearish,0,5,0,15,15,5,5,"Oversold RSI, Strong volume expansion, Below 200 DMA risk"
06.10.2026 at 12:47 AM IST,VISACHROME,Unknown,Unknown,35.91,-2.34,27.05,73.68,32.75,51.26,51.81,36.54,40.23,190744.6,87413.0,0.46,Bearish,0,20,0,0,15,5,5,"Healthy RSI momentum, Below 200 DMA risk"
06.10.2026 at 12:47 AM IST,GSPCROP,Unknown,Unknown,454.35,-2.74,327.3,666.53,38.82,31.83,27.58,557.44,,454724.05,279531.0,0.61,Bearish,0,5,0,0,0,5,5,Oversold RSI
06.10.2026 at 12:47 AM IST,HINDUNILVR,Fast Moving Consumer Goods,Unknown,1836.0,-2.29,1826.9,2619.75,0.5,29.92,29.21,2006.15,2168.86,1265993.85,1331680.0,1.05,Bearish,0,5,8,5,15,3,3,"Oversold RSI, Within 30% of 52W low, Normal volume support, Below 200 DMA risk"
06.10.2026 at 12:47 AM IST,NAVKARCORP,Unknown,Unknown,85.07,0.22,74.05,131.36,14.88,35.24,27.76,95.7,97.62,479487.6,539258.0,1.12,Bearish,0,5,8,5,15,3,3,"Oversold RSI, Within 30% of 52W low, Normal volume support, Below 200 DMA risk"
06.10.2026 at 12:47 AM IST,AJOONI,Unknown,Unknown,3.1,-0.96,3.02,5.5,2.65,43.64,27.91,3.64,4.05,371856.2,421187.0,1.13,Bearish,0,5,8,5,15,3,3,"Oversold RSI, Within 30% of 52W low, Normal volume support, Below 200 DMA risk"
06.10.2026 at 12:47 AM IST,KRITINUT,Unknown,Unknown,66.53,-4.7,51.36,102.99,29.54,35.4,19.33,81.71,78.4,16608.2,44496.0,2.68,Bearish,0,5,8,15,25,3,3,"Oversold RSI, Within 30% of 52W low, Strong volume expansion, Below 200 DMA risk, Extreme RSI weakness"
06.10.2026 at 12:47 AM IST,USK,Unknown,Unknown,18.39,-3.92,17.77,31.3,3.49,41.25,23.99,21.13,22.66,24228.9,51053.0,2.11,Bearish,0,5,8,15,25,3,3,"Oversold RSI, Within 30% of 52W low, Strong volume expansion, Below 200 DMA risk, Extreme RSI weakness"
06.10.2026 at 12:47 AM IST,SWSOLAR,Unknown,Unknown,164.82,-3.72,148.0,260.8,11.36,36.8,26.67,191.32,200.08,1172301.75,1363945.0,1.16,Bearish,0,5,8,5,15,3,3,"Oversold RSI, Within 30% of 52W low, Normal volume support, Below 200 DMA risk"
06.10.2026 at 12:47 AM IST,CHAMBLFERT,Chemicals,Unknown,399.3,-2.43,394.44,509.57,1.23,21.64,26.71,426.95,441.32,433867.7,447087.0,1.03,Bearish,0,5,8,5,15,3,3,"Oversold RSI, Within 30% of 52W low, Normal volume support, Below 200 DMA risk"
06.10.2026 at 12:47 AM IST,MASKINVEST,Unknown,Unknown,143.41,-5.0,114.94,246.09,24.77,41.72,47.46,147.77,146.81,349.8,84.0,0.24,Bearish,0,10,8,0,15,3,3,"RSI recovering zone, Within 30% of 52W low, Below 200 DMA risk"
06.10.2026 at 12:47 AM IST,MARUTI,Automobile and Auto Components,Unknown,11386.0,-4.86,11305.0,17197.29,0.72,33.79,21.84,13108.75,13802.5,380548.7,885820.0,2.33,Bearish,0,5,8,15,25,3,3,"Oversold RSI, Within 30% of 52W low, Strong volume expansion, Below 200 DMA risk, Extreme RSI weakness"
06.10.2026 at 12:47 AM IST,SBGLP,Unknown,Unknown,22.75,-0.39,18.25,40.68,24.64,44.08,46.61,24.01,27.41,217797.1,32857.0,0.15,Bearish,0,10,8,0,15,3,3,"RSI recovering zone, Within 30% of 52W low, Below 200 DMA risk"
06.10.2026 at 12:47 AM IST,SBFC,Unknown,Unknown,84.19,-1.51,79.6,123.0,5.77,31.55,26.09,93.74,94.04,1047837.0,1235866.0,1.18,Bearish,0,5,8,5,15,3,3,"Oversold RSI, Within 30% of 52W low, Normal volume support, Below 200 DMA risk"
06.10.2026 at 12:47 AM IST,SANDHAR,Unknown,Unknown,563.85,-3.76,421.3,758.33,33.84,25.65,32.83,619.21,574.22,120907.4,194894.0,1.61,Bearish,0,8,0,10,15,3,3,"Weak but watchable RSI, Volume expansion, Below 200 DMA risk"
06.10.2026 at 12:47 AM IST,EICHERMOT,Automobile and Auto Components,Unknown,6920.0,-3.22,6375.24,8165.0,8.54,15.25,18.77,7746.21,7354.8,366779.4,817452.0,2.23,Bearish,0,5,8,15,25,3,3,"Oversold RSI, Within 30% of 52W low, Strong volume expansion, Below 200 DMA risk, Extreme RSI weakness"
06.10.2026 at 12:47 AM IST,DAVANGERE,Unknown,Unknown,2.26,-2.16,1.74,5.5,29.89,58.91,47.12,2.59,3.59,24201322.7,8709105.0,0.36,Bearish,0,10,8,0,15,3,3,"RSI recovering zone, Within 30% of 52W low, Below 200 DMA risk"
06.10.2026 at 12:47 AM IST,EIDPARRY,Fast Moving Consumer Goods,Unknown,674.55,-1.65,672.3,1118.0,0.33,39.66,27.85,760.43,821.21,305598.55,341622.0,1.12,Bearish,0,5,8,5,15,3,3,"Oversold RSI, Within 30% of 52W low, Normal volume support, Below 200 DMA risk"
06.10.2026 at 12:47 AM IST,BASML,Unknown,Unknown,22.66,-1.48,16.89,31.6,34.15,28.3,34.84,25.27,24.28,45134.75,69255.0,1.53,Bearish,0,8,0,10,15,3,3,"Weak but watchable RSI, Volume expansion, Below 200 DMA risk"
06.10.2026 at 12:47 AM IST,MOBIKWIK,Unknown,Unknown,196.23,-0.05,151.46,296.7,29.56,33.86,45.4,200.01,203.57,2827140.6,992146.0,0.35,Bearish,0,10,8,0,15,3,3,"RSI recovering zone, Within 30% of 52W low, Below 200 DMA risk"
06.10.2026 at 12:47 AM IST,SAMHI,Unknown,Unknown,154.37,0.45,127.0,217.3,21.55,28.96,45.46,162.36,164.67,1788158.05,1073954.0,0.6,Bearish,0,10,8,0,15,3,3,"RSI recovering zone, Within 30% of 52W low, Below 200 DMA risk"
06.10.2026 at 12:47 AM IST,M&M,Automobile and Auto Components,Unknown,2860.0,-3.05,2812.0,3799.99,1.71,24.74,22.97,3240.25,3247.92,2069615.9,5453321.0,2.63,Bearish,0,5,8,15,25,3,3,"Oversold RSI, Within 30% of 52W low, Strong volume expansion, Below 200 DMA risk, Extreme RSI weakness"
06.10.2026 at 12:47 AM IST,TCIFINANCE,Unknown,Unknown,14.69,-0.61,10.0,38.46,46.9,61.8,42.65,15.1,16.93,14057.3,30489.0,2.17,Bearish,0,8,0,15,20,3,3,"Weak but watchable RSI, Strong volume expansion, Below 200 DMA risk, Very far from 52W high"
06.10.2026 at 12:47 AM IST,DEN,Unknown,Unknown,25.41,-2.01,22.52,35.95,12.83,29.32,28.15,27.24,28.13,240011.75,282134.0,1.18,Bearish,0,5,8,5,15,3,3,"Oversold RSI, Within 30% of 52W low, Normal volume support, Below 200 DMA risk"
06.10.2026 at 12:47 AM IST,BCLIND,Unknown,Unknown,31.24,-1.73,25.26,41.26,23.67,24.29,28.79,35.14,32.58,484315.0,529504.0,1.09,Bearish,0,5,8,5,15,3,3,"Oversold RSI, Within 30% of 52W low, Normal volume support, Below 200 DMA risk"
06.10.2026 at 12:47 AM IST,TARAPUR,Unknown,Unknown,12.2,0.33,10.8,39.99,12.96,69.49,37.55,13.96,21.54,26737.4,10649.0,0.4,Bearish,0,8,15,0,20,3,3,"Weak but watchable RSI, Close to 52W low with recovery potential, Below 200 DMA risk, Very far from 52W high"
06.10.2026 at 12:47 AM IST,RAMCOIND,Unknown,Unknown,302.3,-1.72,229.85,394.12,31.52,23.3,32.03,331.93,306.26,89467.65,143152.0,1.6,Bearish,0,8,0,10,15,3,3,"Weak but watchable RSI, Volume expansion, Below 200 DMA risk"
06.10.2026 at 12:47 AM IST,DOLATALGO,Unknown,Unknown,62.86,-3.2,62.15,95.64,1.14,34.27,28.59,69.65,75.53,110738.65,122351.0,1.1,Bearish,0,5,8,5,15,3,3,"Oversold RSI, Within 30% of 52W low, Normal volume support, Below 200 DMA risk"
06.10.2026 at 12:47 AM IST,ACC,Construction Materials,Unknown,1182.8,-1.77,1166.1,1975.57,1.43,40.13,27.48,1293.32,1434.63,141369.5,146983.0,1.04,Bearish,0,5,8,5,15,3,3,"Oversold RSI, Within 30% of 52W low, Normal volume support, Below 200 DMA risk"
06.10.2026 at 12:47 AM IST,ALLTIME,Unknown,Unknown,188.04,-3.07,182.0,314.7,3.32,40.25,29.63,210.62,230.21,117287.2,133472.0,1.14,Bearish,0,5,8,5,15,3,3,"Oversold RSI, Within 30% of 52W low, Normal volume support, Below 200 DMA risk"
06.10.2026 at 12:47 AM IST,SUMEETINDS,Unknown,Unknown,10.38,-4.95,9.26,40.5,12.1,74.37,35.39,14.38,25.01,1130432.35,781688.0,0.69,Bearish,0,8,15,0,20,3,3,"Weak but watchable RSI, Close to 52W low with recovery potential, Below 200 DMA risk, Very far from 52W high"
06.10.2026 at 12:47 AM IST,BOMDYEING,Unknown,Unknown,102.63,-2.83,91.69,180.14,11.93,43.03,29.69,113.84,118.31,445783.2,517445.0,1.16,Bearish,0,5,8,5,15,3,3,"Oversold RSI, Within 30% of 52W low, Normal volume support, Below 200 DMA risk"
06.10.2026 at 12:47 AM IST,PRAXIS,Unknown,Unknown,4.39,-4.36,3.91,14.44,12.28,69.6,39.41,5.38,7.11,126723.5,105275.0,0.83,Bearish,0,8,15,0,20,3,3,"Weak but watchable RSI, Close to 52W low with recovery potential, Below 200 DMA risk, Very far from 52W high"
06.10.2026 at 12:47 AM IST,HEADSUP,Unknown,Unknown,6.4,-5.19,5.69,12.95,12.48,50.58,40.55,6.85,7.45,15450.55,5132.0,0.33,Bearish,0,8,15,0,20,3,3,"Weak but watchable RSI, Close to 52W low with recovery potential, Below 200 DMA risk, Sharp daily fall"
06.10.2026 at 12:47 AM IST,PRAENG,Unknown,Unknown,20.09,-5.15,17.0,33.88,18.18,40.7,40.36,21.32,21.94,89293.5,78026.0,0.87,Bearish,0,8,15,0,20,3,3,"Weak but watchable RSI, Close to 52W low with recovery potential, Below 200 DMA risk, Sharp daily fall"
06.10.2026 at 12:47 AM IST,HEMIPROP,Unknown,Unknown,111.5,-2.25,109.81,165.0,1.54,32.42,24.87,127.65,134.01,297305.0,750373.0,2.52,Bearish,0,5,8,15,25,3,3,"Oversold RSI, Within 30% of 52W low, Strong volume expansion, Below 200 DMA risk, Extreme RSI weakness"
06.10.2026 at 12:47 AM IST,MIDWESTLTD,Unknown,Unknown,904.15,1.02,860.0,1859.9,5.13,51.39,29.21,1087.7,1281.13,34279.8,35185.0,1.03,Bearish,0,5,8,5,15,3,3,"Oversold RSI, Within 30% of 52W low, Normal volume support, Below 200 DMA risk"
06.10.2026 at 12:47 AM IST,LINCOLN,Unknown,Unknown,582.05,-0.61,438.75,767.82,32.66,24.19,38.5,602.6,588.3,34663.85,61905.0,1.79,Bearish,0,8,0,10,15,3,3,"Weak but watchable RSI, Volume expansion, Below 200 DMA risk"
06.10.2026 at 12:47 AM IST,LORDSCHLO,Unknown,Unknown,138.81,0.19,108.0,233.0,28.53,40.42,49.77,139.94,140.55,31476.65,7956.0,0.25,Bearish,0,10,8,0,15,3,3,"RSI recovering zone, Within 30% of 52W low, Below 200 DMA risk"
06.10.2026 at 12:47 AM IST,JSWCEMENT,Construction Materials,Unknown,111.6,-1.57,106.26,143.4,5.03,22.18,25.32,124.4,124.21,1564434.8,1956465.0,1.25,Bearish,0,5,8,5,15,3,3,"Oversold RSI, Within 30% of 52W low, Normal volume support, Below 200 DMA risk"
06.10.2026 at 12:47 AM IST,CREST,Unknown,Unknown,362.35,-1.23,297.33,416.85,21.87,13.07,48.85,366.29,363.25,3557.45,3321.0,0.93,Bearish,0,10,8,0,15,3,3,"RSI recovering zone, Within 30% of 52W low, Below 200 DMA risk"
06.10.2026 at 12:47 AM IST,ASTERDM,Healthcare,Unknown,708.9,1.69,516.84,891.3,37.16,20.46,33.44,783.82,709.31,1168835.55,1534481.0,1.31,Bearish,0,8,0,10,15,3,3,"Weak but watchable RSI, Volume expansion, Below 200 DMA risk"
06.10.2026 at 12:47 AM IST,TIINDIA,Automobile and Auto Components,Unknown,2340.0,-1.47,2161.89,3333.38,8.24,29.8,20.71,2709.44,2744.07,224766.35,471021.0,2.1,Bearish,0,5,8,15,25,3,3,"Oversold RSI, Within 30% of 52W low, Strong volume expansion, Below 200 DMA risk, Extreme RSI weakness"
06.10.2026 at 12:47 AM IST,BAJAJFINSV,Financial Services,Unknown,1732.6,0.09,1595.64,2193.13,8.58,21.0,24.8,1942.13,1881.5,755070.5,2292234.0,3.04,Bearish,0,5,8,15,25,3,3,"Oversold RSI, Within 30% of 52W low, Strong volume expansion, Below 200 DMA risk, Extreme RSI weakness"
06.10.2026 at 12:47 AM IST,HDBFS,Financial Services,Unknown,618.2,-0.5,553.72,794.43,11.65,22.18,26.73,676.61,689.6,414011.05,440447.0,1.06,Bearish,0,5,8,5,15,3,3,"Oversold RSI, Within 30% of 52W low, Normal volume support, Below 200 DMA risk"
06.10.2026 at 12:47 AM IST,TMPV,Automobile and Auto Components,Unknown,279.4,-1.45,272.2,712.59,2.65,60.79,27.34,316.83,342.9,10621818.7,15258191.0,1.44,Bearish,0,5,8,10,20,3,3,"Oversold RSI, Within 30% of 52W low, Volume expansion, Below 200 DMA risk, Very far from 52W high"
06.10.2026 at 12:47 AM IST,GSS,Unknown,Unknown,10.33,-0.39,8.68,27.5,19.01,62.44,38.29,11.87,13.39,47983.8,28600.0,0.6,Bearish,0,8,15,0,20,3,3,"Weak but watchable RSI, Close to 52W low with recovery potential, Below 200 DMA risk, Very far from 52W high"
06.10.2026 at 12:47 AM IST,VIYASH,Unknown,Unknown,231.75,-1.72,178.13,298.0,30.1,22.23,31.43,258.17,232.77,2517474.35,3532864.0,1.4,Bearish,0,8,0,10,15,3,3,"Weak but watchable RSI, Volume expansion, Below 200 DMA risk"
06.10.2026 at 12:47 AM IST,NIBL,Unknown,Unknown,31.32,-1.66,25.3,40.8,23.79,23.24,46.89,32.54,31.34,41769.4,10565.0,0.25,Bearish,0,10,8,0,15,3,3,"RSI recovering zone, Within 30% of 52W low, Below 200 DMA risk"
06.10.2026 at 12:47 AM IST,JAICORPLTD,Unknown,Unknown,89.54,-2.34,87.53,172.48,2.29,48.09,29.51,98.37,109.25,260068.6,304700.0,1.17,Bearish,0,5,8,5,15,3,3,"Oversold RSI, Within 30% of 52W low, Normal volume support, Below 200 DMA risk"
06.10.2026 at 12:47 AM IST,JIOFIN,Financial Services,Unknown,212.5,-2.02,208.5,316.11,1.92,32.78,22.81,239.31,247.93,12008659.5,28082023.0,2.34,Bearish,0,5,8,15,25,3,3,"Oversold RSI, Within 30% of 52W low, Strong volume expansion, Below 200 DMA risk, Extreme RSI weakness"
06.10.2026 at 12:47 AM IST,WEBELSOLAR,Unknown,Unknown,68.7,-2.64,50.23,137.45,36.76,50.02,30.28,81.6,86.65,1705130.35,2357402.0,1.38,Bearish,0,8,0,10,15,3,3,"Weak but watchable RSI, Volume expansion, Below 200 DMA risk"
06.10.2026 at 12:47 AM IST,KEEPLEARN,Unknown,Unknown,1.84,-0.54,1.51,3.21,21.85,42.68,45.6,1.9,2.02,34592.9,17203.0,0.5,Bearish,0,10,8,0,15,3,3,"RSI recovering zone, Within 30% of 52W low, Below 200 DMA risk"
06.10.2026 at 12:47 AM IST,RAJSREESUG,Unknown,Unknown,27.73,-3.95,24.65,42.48,12.49,34.72,26.3,33.11,32.02,75811.35,83235.0,1.1,Bearish,0,5,8,5,15,3,3,"Oversold RSI, Within 30% of 52W low, Normal volume support, Below 200 DMA risk"
06.10.2026 at 12:47 AM IST,DSSL,Unknown,Unknown,948.75,-3.5,780.66,1923.96,21.53,50.69,28.8,1108.21,1121.69,27386.2,28151.0,1.03,Bearish,0,5,8,5,15,3,3,"Oversold RSI, Within 30% of 52W low, Normal volume support, Below 200 DMA risk"
06.10.2026 at 12:47 AM IST,QUICKHEAL,Unknown,Unknown,138.15,-4.39,125.0,371.4,10.52,62.8,35.81,148.37,176.45,246456.2,155260.0,0.63,Bearish,0,8,15,0,20,3,3,"Weak but watchable RSI, Close to 52W low with recovery potential, Below 200 DMA risk, Very far from 52W high"
06.10.2026 at 12:47 AM IST,DCMSRIND,Unknown,Unknown,37.69,-4.75,31.56,178.07,19.43,78.83,35.41,42.93,44.49,332428.05,185807.0,0.56,Bearish,0,8,15,0,20,3,3,"Weak but watchable RSI, Close to 52W low with recovery potential, Below 200 DMA risk, Very far from 52W high"
06.10.2026 at 12:47 AM IST,HPL,Unknown,Unknown,267.2,-0.69,254.63,478.17,4.94,44.12,26.09,306.14,337.28,87870.7,93293.0,1.06,Bearish,0,5,8,5,15,3,3,"Oversold RSI, Within 30% of 52W low, Normal volume support, Below 200 DMA risk"
06.10.2026 at 12:47 AM IST,NHPC,Power,Unknown,71.75,-1.46,70.25,86.59,2.14,17.14,28.73,76.52,77.33,9368282.95,10903143.0,1.16,Bearish,0,5,8,5,15,3,3,"Oversold RSI, Within 30% of 52W low, Normal volume support, Below 200 DMA risk"
06.10.2026 at 12:47 AM IST,DCMSHRIRAM,Unknown,Unknown,906.85,-0.96,886.3,1395.13,2.32,35.0,22.25,1010.15,1084.44,66614.45,138672.0,2.08,Bearish,0,5,8,15,25,3,3,"Oversold RSI, Within 30% of 52W low, Strong volume expansion, Below 200 DMA risk, Extreme RSI weakness"
06.10.2026 at 12:47 AM IST,LTF,Financial Services,Unknown,264.35,-0.25,232.51,338.6,13.7,21.93,27.98,307.83,291.55,5930691.65,7097076.0,1.2,Bearish,0,5,8,5,15,3,3,"Oversold RSI, Within 30% of 52W low, Normal volume support, Below 200 DMA risk"
06.10.2026 at 12:47 AM IST,LOYALTEX,Unknown,Unknown,207.5,-1.03,170.04,333.99,22.03,37.87,45.52,213.43,213.16,3424.9,156.0,0.05,Bearish,0,10,8,0,15,3,3,"RSI recovering zone, Within 30% of 52W low, Below 200 DMA risk"
06.10.2026 at 12:47 AM IST,UPL,Chemicals,Unknown,516.8,-4.25,511.2,804.41,1.1,35.75,28.48,572.09,636.44,2109640.65,2466891.0,1.17,Bearish,0,5,8,5,15,3,3,"Oversold RSI, Within 30% of 52W low, Normal volume support, Below 200 DMA risk"
06.10.2026 at 12:47 AM IST,ANUP,Unknown,Unknown,1566.7,-1.85,1413.13,2507.72,10.87,37.53,28.15,1820.29,1922.27,24525.4,26234.0,1.07,Bearish,0,5,8,5,15,3,3,"Oversold RSI, Within 30% of 52W low, Normal volume support, Below 200 DMA risk"
06.10.2026 at 12:47 AM IST,SPENCERS,Unknown,Unknown,26.24,-1.76,24.38,61.4,7.63,57.26,28.06,30.09,34.05,32198.4,37655.0,1.17,Bearish,0,5,8,5,15,3,3,"Oversold RSI, Within 30% of 52W low, Normal volume support, Below 200 DMA risk"
06.10.2026 at 12:47 AM IST,AHLUCONT,Unknown,Unknown,555.9,1.06,540.55,1076.65,2.84,48.37,28.1,681.42,795.26,72315.0,78249.0,1.08,Bearish,0,5,8,5,15,3,3,"Oversold RSI, Within 30% of 52W low, Normal volume support, Below 200 DMA risk"
06.10.2026 at 12:47 AM IST,WANBURY,Unknown,Unknown,197.99,-0.76,161.5,358.85,22.59,44.83,24.37,254.0,254.91,192355.15,563970.0,2.93,Bearish,0,5,8,15,25,3,3,"Oversold RSI, Within 30% of 52W low, Strong volume expansion, Below 200 DMA risk, Extreme RSI weakness"
06.10.2026 at 12:47 AM IST,ANGELONE,Financial Services,Unknown,276.8,1.02,206.48,359.34,34.06,22.97,37.2,293.64,286.65,5077300.5,6751156.0,1.33,Bearish,0,8,0,10,15,3,3,"Weak but watchable RSI, Volume expansion, Below 200 DMA risk"
06.10.2026 at 12:47 AM IST,KUANTUM,Unknown,Unknown,76.71,0.47,62.94,108.64,21.87,29.39,48.28,76.76,78.9,153511.65,115445.0,0.75,Bearish,0,10,8,0,15,3,3,"RSI recovering zone, Within 30% of 52W low, Below 200 DMA risk"
06.10.2026 at 12:47 AM IST,ALLDIGI,Unknown,Unknown,756.35,-1.42,675.44,935.39,11.98,19.14,29.64,803.06,788.98,5277.8,6690.0,1.27,Bearish,0,5,8,5,15,3,3,"Oversold RSI, Within 30% of 52W low, Normal volume support, Below 200 DMA risk"
06.10.2026 at 12:47 AM IST,KHANDSE,Unknown,Unknown,16.76,-2.56,12.2,25.5,37.38,34.27,42.52,17.45,17.86,3211.65,5474.0,1.7,Bearish,0,8,0,10,15,3,3,"Weak but watchable RSI, Volume expansion, Below 200 DMA risk"
06.10.2026 at 12:47 AM IST,KHAICHEM,Unknown,Unknown,49.22,0.94,42.88,132.77,14.79,62.93,37.84,52.18,57.25,150085.65,125316.0,0.83,Bearish,0,8,15,0,20,3,3,"Weak but watchable RSI, Close to 52W low with recovery potential, Below 200 DMA risk, Very far from 52W high"
06.10.2026 at 12:47 AM IST,VRAJ,Unknown,Unknown,121.76,-1.69,93.0,155.75,30.92,21.82,42.83,124.34,124.14,16549.45,23186.0,1.4,Bearish,0,8,0,10,15,3,3,"Weak but watchable RSI, Volume expansion, Below 200 DMA risk"
06.10.2026 at 12:47 AM IST,VPRPL,Unknown,Unknown,28.39,-4.15,23.94,100.42,18.59,71.73,35.74,32.62,38.53,759180.35,507617.0,0.67,Bearish,0,8,15,0,20,3,3,"Weak but watchable RSI, Close to 52W low with recovery potential, Below 200 DMA risk, Very far from 52W high"
06.10.2026 at 12:47 AM IST,AMBER,Consumer Durables,Unknown,6500.0,-2.59,5400.5,8974.0,20.36,27.57,29.06,7238.68,7250.43,119092.55,133557.0,1.12,Bearish,0,5,8,5,15,3,3,"Oversold RSI, Within 30% of 52W low, Normal volume support, Below 200 DMA risk"
06.10.2026 at 12:47 AM IST,PALREDTEC,Unknown,Unknown,41.77,-4.77,27.45,73.6,52.17,43.25,30.69,49.9,43.58,3655.15,6761.0,1.85,Bearish,0,8,0,10,15,3,3,"Weak but watchable RSI, Volume expansion, Below 200 DMA risk"
06.10.2026 at 12:47 AM IST,BIRLAMONEY,Unknown,Unknown,112.82,-1.71,95.0,179.85,18.76,37.27,25.61,126.19,132.54,28775.35,31523.0,1.1,Bearish,0,5,8,5,15,3,3,"Oversold RSI, Within 30% of 52W low, Normal volume support, Below 200 DMA risk"
06.10.2026 at 12:47 AM IST,ARVINDFASN,Unknown,Unknown,379.7,-2.0,364.92,567.02,4.05,33.04,25.55,440.34,453.27,212285.55,227031.0,1.07,Bearish,0,5,8,5,15,3,3,"Oversold RSI, Within 30% of 52W low, Normal volume support, Below 200 DMA risk"
06.10.2026 at 12:47 AM IST,ABREL,Realty,Unknown,1100.5,-2.67,1072.4,1910.67,2.62,42.4,22.35,1337.56,1357.24,183353.4,435320.0,2.37,Bearish,0,5,8,15,25,3,3,"Oversold RSI, Within 30% of 52W low, Strong volume expansion, Below 200 DMA risk, Extreme RSI weakness"
06.10.2026 at 12:47 AM IST,ADVENZYMES,Unknown,Unknown,274.25,-2.61,250.87,417.2,9.32,34.26,28.44,300.51,312.52,211978.65,228704.0,1.08,Bearish,0,5,8,5,15,3,3,"Oversold RSI, Within 30% of 52W low, Normal volume support, Below 200 DMA risk"
06.10.2026 at 12:47 AM IST,BLUEDART,Unknown,Unknown,4496.8,-2.86,4460.0,7036.0,0.83,36.09,23.86,4978.75,5163.76,13017.3,51320.0,3.94,Bearish,0,5,8,15,25,3,3,"Oversold RSI, Within 30% of 52W low, Strong volume expansion, Below 200 DMA risk, Extreme RSI weakness"
06.10.2026 at 12:47 AM IST,SOLARWORLD,Unknown,Unknown,125.55,-2.89,123.35,350.0,1.78,64.13,26.61,153.85,195.19,286754.7,444801.0,1.55,Bearish,0,5,8,10,20,3,3,"Oversold RSI, Within 30% of 52W low, Volume expansion, Below 200 DMA risk, Very far from 52W high"
06.10.2026 at 12:47 AM IST,ONESOURCE,Healthcare,Unknown,1508.0,-0.89,1057.0,1925.0,42.67,21.66,38.34,1572.99,1580.32,417917.15,608709.0,1.46,Bearish,0,8,0,10,15,3,3,"Weak but watchable RSI, Volume expansion, Below 200 DMA risk"
06.10.2026 at 12:47 AM IST,AVANTIFEED,Fast Moving Consumer Goods,Unknown,711.55,-0.87,628.87,1575.93,13.15,54.85,27.46,832.9,1036.23,297705.05,325188.0,1.09,Bearish,0,5,8,5,15,3,3,"Oversold RSI, Within 30% of 52W low, Normal volume support, Below 200 DMA risk"
06.10.2026 at 12:47 AM IST,BLS,Services,Unknown,216.51,-0.8,212.0,355.66,2.13,39.12,28.98,241.76,264.11,720008.15,803646.0,1.12,Bearish,0,5,8,5,15,3,3,"Oversold RSI, Within 30% of 52W low, Normal volume support, Below 200 DMA risk"
06.10.2026 at 12:47 AM IST,ACEINTEG,Unknown,Unknown,17.14,2.21,14.2,27.29,20.7,37.19,45.73,18.01,19.31,3164.45,1162.0,0.37,Bearish,0,10,8,0,15,3,3,"RSI recovering zone, Within 30% of 52W low, Below 200 DMA risk"
06.10.2026 at 12:47 AM IST,SKMEGGPROD,Unknown,Unknown,205.29,-2.78,142.38,370.12,44.19,44.53,30.16,247.93,214.94,164489.8,216666.0,1.32,Bearish,0,8,0,10,15,3,3,"Weak but watchable RSI, Volume expansion, Below 200 DMA risk"
06.10.2026 at 12:47 AM IST,INFOBEAN,Unknown,Unknown,143.58,0.06,115.81,255.98,23.98,43.91,29.23,157.82,171.8,186674.25,237666.0,1.27,Bearish,0,5,8,5,15,3,3,"Oversold RSI, Within 30% of 52W low, Normal volume support, Below 200 DMA risk"
06.10.2026 at 12:47 AM IST,ASHIMASYN,Unknown,Unknown,15.31,-4.19,11.5,23.5,33.13,34.85,32.28,17.31,16.28,84087.95,158547.0,1.89,Bearish,0,8,0,10,15,3,3,"Weak but watchable RSI, Volume expansion, Below 200 DMA risk"
06.10.2026 at 12:47 AM IST,ARENTERP,Unknown,Unknown,33.79,-0.32,27.6,60.79,22.43,44.42,45.65,36.85,39.24,1148.35,56.0,0.05,Bearish,0,10,8,0,15,3,3,"RSI recovering zone, Within 30% of 52W low, Below 200 DMA risk"
06.10.2026 at 12:47 AM IST,SUMICHEM,Chemicals,Unknown,417.6,-3.61,361.73,572.05,15.45,27.0,22.27,501.74,456.31,309516.6,886386.0,2.86,Bearish,0,5,8,15,25,3,3,"Oversold RSI, Within 30% of 52W low, Strong volume expansion, Below 200 DMA risk, Extreme RSI weakness"
06.10.2026 at 12:47 AM IST,SERVOTECH,Unknown,Unknown,69.2,-1.49,57.49,141.46,20.36,51.08,27.04,80.07,83.49,446720.95,577923.0,1.29,Bearish,0,5,8,5,15,3,3,"Oversold RSI, Within 30% of 52W low, Normal volume support, Below 200 DMA risk"
06.10.2026 at 12:47 AM IST,TURTLEMINT,Unknown,Unknown,69.79,-8.7,69.25,160.0,0.78,56.38,20.0,128.31,,2270768.9,2761679.0,1.22,Bearish,0,5,8,5,15,3,3,"Oversold RSI, Within 30% of 52W low, Normal volume support, Extreme RSI weakness, Sharp daily fall"
06.10.2026 at 12:47 AM IST,NITCO,Unknown,Unknown,84.18,-4.47,64.0,119.4,31.53,29.5,37.48,94.8,92.3,578811.95,766183.0,1.32,Bearish,0,8,0,10,15,3,3,"Weak but watchable RSI, Volume expansion, Below 200 DMA risk"
06.10.2026 at 12:47 AM IST,FOCUS,Unknown,Unknown,54.3,-3.93,53.7,98.87,1.12,45.08,22.78,65.19,73.45,40643.95,84536.0,2.08,Bearish,0,5,8,15,25,3,3,"Oversold RSI, Within 30% of 52W low, Strong volume expansion, Below 200 DMA risk, Extreme RSI weakness"
06.10.2026 at 12:47 AM IST,LFIC,Unknown,Unknown,133.82,1.98,108.91,220.61,22.88,39.34,49.36,135.89,139.28,13624.95,384.0,0.03,Bearish,0,10,8,0,15,3,3,"RSI recovering zone, Within 30% of 52W low, Below 200 DMA risk"
06.10.2026 at 12:47 AM IST,CRAMC,Unknown,Unknown,216.52,-3.64,212.17,348.32,2.05,37.84,25.09,248.9,254.38,421057.15,540916.0,1.28,Bearish,0,5,8,5,15,3,3,"Oversold RSI, Within 30% of 52W low, Normal volume support, Below 200 DMA risk"
06.10.2026 at 12:47 AM IST,ATLASCYCLE,Unknown,Unknown,91.74,-1.91,76.15,123.67,20.47,25.82,45.41,96.39,96.21,90861.2,10125.0,0.11,Bearish,0,10,8,0,15,3,3,"RSI recovering zone, Within 30% of 52W low, Below 200 DMA risk"
06.10.2026 at 12:47 AM IST,AUBANK,Financial Services,Unknown,987.0,-2.31,744.28,1144.1,32.61,13.73,36.83,1058.8,1005.49,1302047.8,2487890.0,1.91,Bearish,0,8,0,10,15,3,3,"Weak but watchable RSI, Volume expansion, Below 200 DMA risk"
06.10.2026 at 12:47 AM IST,FORTIS,Healthcare,Unknown,785.0,1.95,745.35,1103.13,5.32,28.84,24.7,904.59,910.51,1685290.05,6942851.0,4.12,Bearish,0,5,8,15,25,3,3,"Oversold RSI, Within 30% of 52W low, Strong volume expansion, Below 200 DMA risk, Extreme RSI weakness"
06.10.2026 at 12:47 AM IST,AVANTEL,Unknown,Unknown,150.28,-2.45,116.9,214.73,28.55,30.01,45.99,157.02,156.01,1946897.4,1236855.0,0.64,Bearish,0,10,8,0,15,3,3,"RSI recovering zone, Within 30% of 52W low, Below 200 DMA risk"
06.10.2026 at 12:47 AM IST,NSIL,Unknown,Unknown,5163.5,-3.01,4700.0,8730.0,9.86,40.85,28.01,5564.24,5722.04,1975.7,2211.0,1.12,Bearish,0,5,8,5,15,3,3,"Oversold RSI, Within 30% of 52W low, Normal volume support, Below 200 DMA risk"
06.10.2026 at 12:47 AM IST,CHOLAHLDNG,Financial Services,Unknown,1369.6,-1.2,1303.97,2062.37,5.03,33.59,25.91,1520.1,1606.14,183496.25,233959.0,1.28,Bearish,0,5,8,5,15,3,3,"Oversold RSI, Within 30% of 52W low, Normal volume support, Below 200 DMA risk"
06.10.2026 at 12:47 AM IST,DENTA,Unknown,Unknown,260.65,-1.92,219.99,475.26,18.48,45.16,33.66,295.24,285.02,104753.55,79945.0,0.76,Bearish,0,8,8,0,15,1,1,"Weak but watchable RSI, Within 30% of 52W low, Below 200 DMA risk"
06.10.2026 at 12:47 AM IST,AIRAN,Unknown,Unknown,15.6,-3.58,12.63,25.79,23.52,39.51,43.33,15.62,16.23,156068.55,69908.0,0.45,Bearish,0,8,8,0,15,1,1,"Weak but watchable RSI, Within 30% of 52W low, Below 200 DMA risk"
06.10.2026 at 12:47 AM IST,AIAENG,Capital Goods,Unknown,3824.4,-1.15,3138.8,5160.6,21.84,25.89,32.34,4283.25,4119.62,63661.3,30989.0,0.49,Bearish,0,8,8,0,15,1,1,"Weak but watchable RSI, Within 30% of 52W low, Below 200 DMA risk"
06.10.2026 at 12:47 AM IST,SPIC,Unknown,Unknown,62.23,-2.67,53.5,94.01,16.33,33.81,34.7,65.98,67.57,366410.35,234104.0,0.64,Bearish,0,8,8,0,15,1,1,"Weak but watchable RSI, Within 30% of 52W low, Below 200 DMA risk"
06.10.2026 at 12:47 AM IST,KAKATCEM,Unknown,Unknown,103.09,-1.99,82.92,161.49,24.33,36.16,34.0,112.2,115.05,1673.0,1238.0,0.74,Bearish,0,8,8,0,15,1,1,"Weak but watchable RSI, Within 30% of 52W low, Below 200 DMA risk"
06.10.2026 at 12:47 AM IST,KCP,Unknown,Unknown,154.17,0.01,124.21,206.48,24.12,25.33,40.03,160.26,163.84,105554.4,92889.0,0.88,Bearish,0,8,8,0,15,1,1,"Weak but watchable RSI, Within 30% of 52W low, Below 200 DMA risk"
06.10.2026 at 12:47 AM IST,KEI,Capital Goods,Unknown,4502.0,1.05,3724.29,5899.0,20.88,23.68,36.45,5100.19,4841.81,599435.15,320912.0,0.54,Bearish,0,8,8,0,15,1,1,"Weak but watchable RSI, Within 30% of 52W low, Below 200 DMA risk"
06.10.2026 at 12:47 AM IST,KAMOPAINTS,Unknown,Unknown,4.1,-0.97,3.6,8.89,13.89,53.88,34.25,4.44,5.06,240407.7,98248.0,0.41,Bearish,0,8,8,0,15,1,1,"Weak but watchable RSI, Within 30% of 52W low, Below 200 DMA risk"
06.10.2026 at 12:47 AM IST,VISHWARAJ,Unknown,Unknown,5.18,-1.52,4.14,8.5,25.12,39.06,38.73,5.53,5.73,328999.95,156177.0,0.47,Bearish,0,8,8,0,15,1,1,"Weak but watchable RSI, Within 30% of 52W low, Below 200 DMA risk"
06.10.2026 at 12:47 AM IST,XCHANGING,Unknown,Unknown,59.73,-2.47,46.05,99.87,29.69,40.19,42.21,62.65,64.36,105056.85,58010.0,0.55,Bearish,0,8,8,0,15,1,1,"Weak but watchable RSI, Within 30% of 52W low, Below 200 DMA risk"
06.10.2026 at 12:47 AM IST,LAGNAM,Unknown,Unknown,71.9,-0.47,58.6,95.9,22.7,25.03,38.33,78.29,75.79,6670.4,1327.0,0.2,Bearish,0,8,8,0,15,1,1,"Weak but watchable RSI, Within 30% of 52W low, Below 200 DMA risk"
06.10.2026 at 12:47 AM IST,ZENTEC,Capital Goods,Unknown,1576.1,-1.81,1222.36,2042.63,28.94,22.84,30.2,1749.14,1587.71,269311.65,251378.0,0.93,Bearish,0,8,8,0,15,1,1,"Weak but watchable RSI, Within 30% of 52W low, Below 200 DMA risk"
06.10.2026 at 12:47 AM IST,APTUS,Financial Services,Unknown,226.4,-2.64,191.24,320.94,18.38,29.46,31.34,253.91,256.67,1751430.65,1566543.0,0.89,Bearish,0,8,8,0,15,1,1,"Weak but watchable RSI, Within 30% of 52W low, Below 200 DMA risk"
06.10.2026 at 12:47 AM IST,IMPAL,Unknown,Unknown,1009.1,-2.74,909.5,1214.2,10.95,16.89,33.17,1088.58,1041.67,3076.55,2586.0,0.84,Bearish,0,8,8,0,15,1,1,"Weak but watchable RSI, Within 30% of 52W low, Below 200 DMA risk"
06.10.2026 at 12:47 AM IST,MODIRUBBER,Unknown,Unknown,119.72,-0.41,98.41,167.5,21.65,28.53,43.56,124.07,124.81,2326.7,1615.0,0.69,Bearish,0,8,8,0,15,1,1,"Weak but watchable RSI, Within 30% of 52W low, Below 200 DMA risk"
06.10.2026 at 12:47 AM IST,IFBAGRO,Unknown,Unknown,866.95,-2.77,679.15,1790.0,27.65,51.57,42.95,938.08,998.6,3521.15,2552.0,0.72,Bearish,0,8,8,0,15,1,1,"Weak but watchable RSI, Within 30% of 52W low, Below 200 DMA risk"
06.10.2026 at 12:47 AM IST,IITL,Unknown,Unknown,132.56,-0.53,108.0,215.0,22.74,38.34,39.35,144.86,144.53,109860.55,91702.0,0.83,Bearish,0,8,8,0,15,1,1,"Weak but watchable RSI, Within 30% of 52W low, Below 200 DMA risk"
06.10.2026 at 12:47 AM IST,RUSHIL,Unknown,Unknown,15.9,-1.49,12.45,29.58,27.7,46.24,44.99,16.71,17.43,507839.3,172107.0,0.34,Bearish,0,8,8,0,15,1,1,"Weak but watchable RSI, Within 30% of 52W low, Below 200 DMA risk"
06.10.2026 at 12:47 AM IST,SALONA,Unknown,Unknown,254.35,-2.44,199.53,319.25,27.47,20.33,41.33,259.35,263.12,699.8,126.0,0.18,Bearish,0,8,8,0,15,1,1,"Weak but watchable RSI, Within 30% of 52W low, Below 200 DMA risk"
06.10.2026 at 12:47 AM IST,SAATVIKGL,Unknown,Unknown,405.55,-1.93,328.0,567.0,23.64,28.47,42.53,421.37,422.57,159122.5,46236.0,0.29,Bearish,0,8,8,0,15,1,1,"Weak but watchable RSI, Within 30% of 52W low, Below 200 DMA risk"
06.10.2026 at 12:47 AM IST,NAGREEKEXP,Unknown,Unknown,21.29,-1.89,17.5,35.9,21.66,40.7,42.57,22.43,24.68,61167.7,6492.0,0.11,Bearish,0,8,8,0,15,1,1,"Weak but watchable RSI, Within 30% of 52W low, Below 200 DMA risk"
06.10.2026 at 12:47 AM IST,NBIFIN,Unknown,Unknown,1857.9,-2.09,1538.45,2740.03,20.76,32.19,31.91,2032.94,1994.5,3551.35,80.0,0.02,Bearish,0,8,8,0,15,1,1,"Weak but watchable RSI, Within 30% of 52W low, Below 200 DMA risk"
06.10.2026 at 12:47 AM IST,TATACOMM,Telecommunication,Unknown,1683.0,1.62,1310.58,2110.0,28.42,20.24,43.48,1725.99,1697.24,209658.15,140782.0,0.67,Bearish,0,8,8,0,15,1,1,"Weak but watchable RSI, Within 30% of 52W low, Below 200 DMA risk"
06.10.2026 at 12:47 AM IST,EVEREADY,Unknown,Unknown,315.85,-2.27,257.82,391.23,22.51,19.27,37.16,341.83,329.13,140368.2,60239.0,0.43,Bearish,0,8,8,0,15,1,1,"Weak but watchable RSI, Within 30% of 52W low, Below 200 DMA risk"
06.10.2026 at 12:47 AM IST,SAGILITY,Information Technology,Unknown,43.17,1.39,35.75,57.7,20.76,25.18,41.3,44.27,43.88,12082653.4,11692520.0,0.97,Bearish,0,8,8,0,15,1,1,"Weak but watchable RSI, Within 30% of 52W low, Below 200 DMA risk"
06.10.2026 at 12:47 AM IST,DCW,Unknown,Unknown,44.62,-2.19,36.95,71.84,20.77,37.89,43.21,46.0,47.57,1916706.7,1389318.0,0.72,Bearish,0,8,8,0,15,1,1,"Weak but watchable RSI, Within 30% of 52W low, Below 200 DMA risk"
06.10.2026 at 12:47 AM IST,RELTD,Unknown,Unknown,146.98,-1.8,114.59,196.45,28.26,25.18,41.53,159.54,149.61,145747.8,127548.0,0.88,Bearish,0,8,8,0,15,1,1,"Weak but watchable RSI, Within 30% of 52W low, Below 200 DMA risk"
06.10.2026 at 12:47 AM IST,BAGFILMS,Unknown,Unknown,4.07,-0.73,3.61,8.0,12.74,49.12,30.92,4.4,4.99,101003.65,27797.0,0.28,Bearish,0,8,8,0,15,1,1,"Weak but watchable RSI, Within 30% of 52W low, Below 200 DMA risk"
06.10.2026 at 12:47 AM IST,BAJFINANCE,Financial Services,Unknown,948.3,-1.16,783.09,1176.4,21.1,19.39,32.06,1058.15,972.56,5978752.55,5698769.0,0.95,Bearish,0,8,8,0,15,1,1,"Weak but watchable RSI, Within 30% of 52W low, Below 200 DMA risk"
06.10.2026 at 12:47 AM IST,JAYSREETEA,Unknown,Unknown,83.65,-2.44,70.55,112.7,18.57,25.78,31.88,91.31,86.61,40942.1,30269.0,0.74,Bearish,0,8,8,0,15,1,1,"Weak but watchable RSI, Within 30% of 52W low, Below 200 DMA risk"
06.10.2026 at 12:47 AM IST,NAVKARURB,Unknown,Unknown,0.85,-1.16,0.7,2.56,22.16,66.85,38.56,0.94,1.05,887898.8,889780.0,1.0,Bearish,0,8,8,5,20,1,1,"Weak but watchable RSI, Within 30% of 52W low, Normal volume support, Below 200 DMA risk, Very far from 52W high"
06.10.2026 at 12:47 AM IST,HILTON,Unknown,Unknown,16.86,3.18,13.43,50.16,25.54,66.39,36.22,19.15,22.97,113668.1,144115.0,1.27,Bearish,0,8,8,5,20,1,1,"Weak but watchable RSI, Within 30% of 52W low, Normal volume support, Below 200 DMA risk, Very far from 52W high"
06.10.2026 at 12:47 AM IST,MUTHOOTCAP,Unknown,Unknown,218.08,-0.37,175.25,303.0,24.44,28.03,34.81,238.22,225.51,10897.7,8616.0,0.79,Bearish,0,8,8,0,15,1,1,"Weak but watchable RSI, Within 30% of 52W low, Below 200 DMA risk"
06.10.2026 at 12:47 AM IST,SUVIDHAA,Unknown,Unknown,2.07,-0.96,1.77,4.25,16.95,51.29,34.79,2.35,2.8,240092.7,96333.0,0.4,Bearish,0,8,8,0,15,1,1,"Weak but watchable RSI, Within 30% of 52W low, Below 200 DMA risk"
06.10.2026 at 12:47 AM IST,BALMLAWRIE,Unknown,Unknown,159.3,-1.15,144.74,201.5,10.06,20.94,30.56,169.1,170.97,127328.2,116563.0,0.92,Bearish,0,8,8,0,15,1,1,"Weak but watchable RSI, Within 30% of 52W low, Below 200 DMA risk"
06.10.2026 at 12:47 AM IST,BANG,Unknown,Unknown,31.44,-2.57,25.84,62.07,21.67,49.35,43.99,31.79,36.72,44565.25,30072.0,0.67,Bearish,0,8,8,0,15,1,1,"Weak but watchable RSI, Within 30% of 52W low, Below 200 DMA risk"
06.10.2026 at 12:47 AM IST,SURYODAY,Unknown,Unknown,143.55,-1.11,114.48,218.0,25.4,34.15,38.86,155.06,150.24,184298.15,176795.0,0.96,Bearish,0,8,8,0,15,1,1,"Weak but watchable RSI, Within 30% of 52W low, Below 200 DMA risk"
06.10.2026 at 12:47 AM IST,SBIN,Financial Services,Unknown,954.1,-0.56,842.07,1212.84,13.3,21.33,32.22,1023.86,1032.81,8054262.95,7390452.0,0.92,Bearish,0,8,8,0,15,1,1,"Weak but watchable RSI, Within 30% of 52W low, Below 200 DMA risk"
06.10.2026 at 12:47 AM IST,SANDESH,Unknown,Unknown,990.05,-0.93,807.23,1264.1,22.65,21.68,38.46,1032.86,1005.14,680.9,302.0,0.44,Bearish,0,8,8,0,15,1,1,"Weak but watchable RSI, Within 30% of 52W low, Below 200 DMA risk"
06.10.2026 at 12:47 AM IST,BANSWRAS,Unknown,Unknown,105.1,-3.23,93.01,142.9,13.0,26.45,32.53,117.15,116.7,26796.55,22416.0,0.84,Bearish,0,8,8,0,15,1,1,"Weak but watchable RSI, Within 30% of 52W low, Below 200 DMA risk"
06.10.2026 at 12:47 AM IST,BASF,Unknown,Unknown,3417.1,-0.89,3101.33,4687.86,10.18,27.11,30.32,3774.29,3633.98,19256.55,11006.0,0.57,Bearish,0,8,8,0,15,1,1,"Weak but watchable RSI, Within 30% of 52W low, Below 200 DMA risk"
06.10.2026 at 12:47 AM IST,HPAL,Unknown,Unknown,33.81,-0.06,26.24,52.44,28.85,35.53,40.76,34.76,36.12,72457.1,51014.0,0.7,Bearish,0,8,8,0,15,1,1,"Weak but watchable RSI, Within 30% of 52W low, Below 200 DMA risk"
06.10.2026 at 12:47 AM IST,HOMEFIRST,Financial Services,Unknown,1125.7,1.89,889.54,1311.57,26.55,14.17,40.75,1182.58,1129.71,275128.65,187768.0,0.68,Bearish,0,8,8,0,15,1,1,"Weak but watchable RSI, Within 30% of 52W low, Below 200 DMA risk"
06.10.2026 at 12:47 AM IST,HINDZINC,Metals & Mining,Unknown,555.05,-1.93,445.36,719.85,24.63,22.89,39.57,578.55,583.22,4128658.05,3165448.0,0.77,Bearish,0,8,8,0,15,1,1,"Weak but watchable RSI, Within 30% of 52W low, Below 200 DMA risk"
06.10.2026 at 12:47 AM IST,GLOBECIVIL,Unknown,Unknown,41.49,-0.1,33.5,80.0,23.85,48.14,38.79,43.15,46.38,35004.25,9555.0,0.27,Bearish,0,8,8,0,15,1,1,"Weak but watchable RSI, Within 30% of 52W low, Below 200 DMA risk"
06.10.2026 at 12:47 AM IST,PNBGILTS,Unknown,Unknown,71.63,-3.19,57.12,98.27,25.4,27.11,35.7,77.72,77.36,559135.5,407422.0,0.73,Bearish,0,8,8,0,15,1,1,"Weak but watchable RSI, Within 30% of 52W low, Below 200 DMA risk"
06.10.2026 at 12:47 AM IST,NITIRAJ,Unknown,Unknown,200.9,-4.0,168.0,241.0,19.58,16.64,33.46,214.7,201.13,5603.65,995.0,0.18,Bearish,0,8,8,0,15,1,1,"Weak but watchable RSI, Within 30% of 52W low, Below 200 DMA risk"
06.10.2026 at 12:47 AM IST,HECPROJECT,Unknown,Unknown,111.86,-1.01,92.1,160.5,21.45,30.31,38.46,123.39,122.11,13790.05,4772.0,0.35,Bearish,0,8,8,0,15,1,1,"Weak but watchable RSI, Within 30% of 52W low, Below 200 DMA risk"
06.10.2026 at 12:47 AM IST,FACT,Chemicals,Unknown,734.95,-3.03,652.1,1058.6,12.71,30.57,32.26,802.52,836.16,198752.9,95867.0,0.48,Bearish,0,8,8,0,15,1,1,"Weak but watchable RSI, Within 30% of 52W low, Below 200 DMA risk"
06.10.2026 at 12:47 AM IST,ATGL,Oil Gas & Consumable Fuels,Unknown,583.05,-1.83,462.64,859.55,26.03,32.17,38.11,631.49,615.26,2696887.9,812043.0,0.3,Bearish,0,8,8,0,15,1,1,"Weak but watchable RSI, Within 30% of 52W low, Below 200 DMA risk"
06.10.2026 at 12:47 AM IST,ATL,Unknown,Unknown,23.59,-3.48,18.2,38.69,29.62,39.03,42.23,24.62,24.77,196307.5,146141.0,0.74,Bearish,0,8,8,0,15,1,1,"Weak but watchable RSI, Within 30% of 52W low, Below 200 DMA risk"
06.10.2026 at 12:47 AM IST,TRITURBINE,Capital Goods,Unknown,530.0,-1.74,426.87,784.88,24.16,32.47,35.26,579.7,561.76,475225.6,473633.0,1.0,Bearish,0,8,8,0,15,1,1,"Weak but watchable RSI, Within 30% of 52W low, Below 200 DMA risk"
06.10.2026 at 12:47 AM IST,TTKPRESTIG,Unknown,Unknown,506.4,-1.83,418.48,762.96,21.01,33.63,34.07,580.46,555.49,79835.55,63610.0,0.8,Bearish,0,8,8,0,15,1,1,"Weak but watchable RSI, Within 30% of 52W low, Below 200 DMA risk"
06.10.2026 at 12:47 AM IST,SHAH,Unknown,Unknown,3.03,-3.5,2.56,5.88,18.36,48.47,32.3,3.67,4.6,1544217.1,1378111.0,0.89,Bearish,0,8,8,0,15,1,1,"Weak but watchable RSI, Within 30% of 52W low, Below 200 DMA risk"
06.10.2026 at 12:47 AM IST,CHEMFAB,Unknown,Unknown,328.35,-2.25,289.35,654.79,13.48,49.85,34.55,364.11,385.62,4966.85,1966.0,0.4,Bearish,0,8,8,0,15,1,1,"Weak but watchable RSI, Within 30% of 52W low, Below 200 DMA risk"
06.10.2026 at 12:47 AM IST,UMESLTD,Unknown,Unknown,4.57,1.78,3.76,7.14,21.54,35.99,44.12,5.2,5.34,51682.75,6153.0,0.12,Bearish,0,8,8,0,15,1,1,"Weak but watchable RSI, Within 30% of 52W low, Below 200 DMA risk"
06.10.2026 at 12:47 AM IST,UNITECH,Unknown,Unknown,3.93,-0.76,3.1,7.93,26.77,50.44,43.59,4.08,4.69,6485031.6,3179973.0,0.49,Bearish,0,8,8,0,15,1,1,"Weak but watchable RSI, Within 30% of 52W low, Below 200 DMA risk"
06.10.2026 at 12:47 AM IST,NIPPOBATRY,Unknown,Unknown,314.45,-3.96,253.99,463.5,23.81,32.16,43.35,322.33,342.3,1981.0,1179.0,0.6,Bearish,0,8,8,0,15,1,1,"Weak but watchable RSI, Within 30% of 52W low, Below 200 DMA risk"
06.10.2026 at 12:47 AM IST,ARKADE,Unknown,Unknown,118.69,-0.59,92.62,180.0,28.15,34.06,40.4,128.23,122.05,172571.35,123249.0,0.71,Bearish,0,8,8,0,15,1,1,"Weak but watchable RSI, Within 30% of 52W low, Below 200 DMA risk"
06.10.2026 at 12:47 AM IST,CIPLA,Healthcare,Unknown,1344.0,-0.15,1154.87,1657.45,16.38,18.91,34.76,1414.65,1371.59,973941.8,921789.0,0.95,Bearish,0,8,8,0,15,1,1,"Weak but watchable RSI, Within 30% of 52W low, Below 200 DMA risk"
06.10.2026 at 12:47 AM IST,SINDHUTRAD,Unknown,Unknown,22.23,-2.88,17.64,28.66,26.02,22.44,34.47,24.2,23.67,2200112.65,247880.0,0.11,Bearish,0,8,8,0,15,1,1,"Weak but watchable RSI, Within 30% of 52W low, Below 200 DMA risk"
06.10.2026 at 12:47 AM IST,MEIL,Unknown,Unknown,262.1,-1.04,206.26,495.0,27.07,47.05,37.09,278.22,293.1,42186.1,40132.0,0.95,Bearish,0,8,8,0,15,1,1,"Weak but watchable RSI, Within 30% of 52W low, Below 200 DMA risk"
06.10.2026 at 12:47 AM IST,NDTV,Unknown,Unknown,68.08,-1.53,58.75,117.8,15.88,42.21,31.91,73.7,79.69,66793.75,63707.0,0.95,Bearish,0,8,8,0,15,1,1,"Weak but watchable RSI, Within 30% of 52W low, Below 200 DMA risk"
06.10.2026 at 12:47 AM IST,CPEDU,Unknown,Unknown,176.36,-0.61,141.0,335.81,25.08,47.48,42.56,192.45,200.47,4353.45,2580.0,0.59,Bearish,0,8,8,0,15,1,1,"Weak but watchable RSI, Within 30% of 52W low, Below 200 DMA risk"
06.10.2026 at 12:47 AM IST,SHANTI,Unknown,Unknown,5.5,0.18,4.7,12.26,17.02,55.14,33.55,6.31,6.92,42040.55,29909.0,0.71,Bearish,0,8,8,0,15,1,1,"Weak but watchable RSI, Within 30% of 52W low, Below 200 DMA risk"
06.10.2026 at 12:47 AM IST,JPPOWER,Power,Unknown,14.8,-2.18,13.15,24.5,12.55,39.59,30.32,16.74,16.96,67992109.6,41402005.0,0.61,Bearish,0,8,8,0,15,1,1,"Weak but watchable RSI, Within 30% of 52W low, Below 200 DMA risk"
06.10.2026 at 12:47 AM IST,LOVABLE,Unknown,Unknown,68.29,-3.88,55.0,101.95,24.16,33.02,38.83,71.6,73.12,11421.6,10164.0,0.89,Bearish,0,8,8,0,15,1,1,"Weak but watchable RSI, Within 30% of 52W low, Below 200 DMA risk"
06.10.2026 at 12:47 AM IST,PURVA,Unknown,Unknown,204.64,-0.82,160.69,287.3,27.35,28.77,40.07,214.32,217.3,1128192.8,167683.0,0.15,Bearish,0,8,8,0,15,1,1,"Weak but watchable RSI, Within 30% of 52W low, Below 200 DMA risk"
06.10.2026 at 12:47 AM IST,FSL,Services,Unknown,250.4,-2.11,202.0,363.81,23.96,31.17,40.15,272.42,262.1,2715875.2,646270.0,0.24,Bearish,0,8,8,0,15,1,1,"Weak but watchable RSI, Within 30% of 52W low, Below 200 DMA risk"
06.10.2026 at 12:47 AM IST,FUSION,Unknown,Unknown,171.36,-2.12,136.5,243.0,25.54,29.48,30.66,196.31,184.78,576302.2,510574.0,0.89,Bearish,0,8,8,0,15,1,1,"Weak but watchable RSI, Within 30% of 52W low, Below 200 DMA risk"
06.10.2026 at 12:47 AM IST,PANACEABIO,Unknown,Unknown,359.05,-1.9,292.4,647.0,22.79,44.51,35.99,396.4,404.0,85600.85,65446.0,0.76,Bearish,0,8,8,0,15,1,1,"Weak but watchable RSI, Within 30% of 52W low, Below 200 DMA risk"
06.10.2026 at 12:47 AM IST,ORIENTPPR,Unknown,Unknown,16.23,-1.34,13.25,27.59,22.49,41.17,36.48,17.39,18.37,284412.8,149320.0,0.53,Bearish,0,8,8,0,15,1,1,"Weak but watchable RSI, Within 30% of 52W low, Below 200 DMA risk"
06.10.2026 at 12:47 AM IST,HARDWYN,Unknown,Unknown,9.19,-0.22,7.61,20.2,20.76,54.5,37.75,9.91,13.54,927989.3,573580.0,0.62,Bearish,0,8,8,0,15,1,1,"Weak but watchable RSI, Within 30% of 52W low, Below 200 DMA risk"
06.10.2026 at 12:47 AM IST,INDUSINDBK,Financial Services,Unknown,886.85,-1.61,725.13,1077.85,22.3,17.72,30.57,987.75,924.04,2119828.85,1761249.0,0.83,Bearish,0,8,8,0,15,1,1,"Weak but watchable RSI, Within 30% of 52W low, Below 200 DMA risk"
06.10.2026 at 12:47 AM IST,GOKEX,Unknown,Unknown,688.75,0.14,531.0,954.9,29.71,27.87,34.14,769.95,724.2,287052.55,207663.0,0.72,Bearish,0,8,8,0,15,1,1,"Weak but watchable RSI, Within 30% of 52W low, Below 200 DMA risk"
06.10.2026 at 12:47 AM IST,ARIHANTSUP,Unknown,Unknown,216.63,-2.79,188.59,464.47,14.87,53.36,34.81,245.41,261.61,10600.15,6122.0,0.58,Bearish,0,8,8,0,15,1,1,"Weak but watchable RSI, Within 30% of 52W low, Below 200 DMA risk"
06.10.2026 at 12:47 AM IST,INOXGREEN,Unknown,Unknown,159.0,-1.29,132.58,279.0,19.93,43.01,31.19,175.86,177.75,1275328.6,980980.0,0.77,Bearish,0,8,8,0,15,1,1,"Weak but watchable RSI, Within 30% of 52W low, Below 200 DMA risk"
06.10.2026 at 12:47 AM IST,BIOFILCHEM,Unknown,Unknown,29.31,-3.52,25.6,46.34,14.49,36.75,31.36,32.34,33.1,53386.45,15611.0,0.29,Bearish,0,8,8,0,15,1,1,"Weak but watchable RSI, Within 30% of 52W low, Below 200 DMA risk"
06.10.2026 at 12:47 AM IST,INVENTURE,Unknown,Unknown,0.85,-1.16,0.72,1.53,18.06,44.44,31.91,0.9,1.0,676765.8,399389.0,0.59,Bearish,0,8,8,0,15,1,1,"Weak but watchable RSI, Within 30% of 52W low, Below 200 DMA risk"
06.10.2026 at 12:47 AM IST,SUPERHOUSE,Unknown,Unknown,154.66,-3.37,128.55,189.0,20.31,18.17,33.28,165.36,155.43,9643.6,6988.0,0.72,Bearish,0,8,8,0,15,1,1,"Weak but watchable RSI, Within 30% of 52W low, Below 200 DMA risk"
06.10.2026 at 12:47 AM IST,SOMATEX,Unknown,Unknown,75.76,-4.3,68.03,160.5,11.36,52.8,34.03,87.85,102.48,9716.5,8587.0,0.88,Bearish,0,8,8,0,15,1,1,"Weak but watchable RSI, Within 30% of 52W low, Below 200 DMA risk"
06.10.2026 at 12:47 AM IST,SHK,Unknown,Unknown,137.86,-2.24,111.98,242.12,23.11,43.06,41.6,152.27,146.07,340092.55,208064.0,0.61,Bearish,0,8,8,0,15,1,1,"Weak but watchable RSI, Within 30% of 52W low, Below 200 DMA risk"
06.10.2026 at 12:47 AM IST,MANORG,Unknown,Unknown,436.8,-3.42,356.25,635.0,22.61,31.21,36.52,474.73,479.85,9804.85,5487.0,0.56,Bearish,0,8,8,0,15,1,1,"Weak but watchable RSI, Within 30% of 52W low, Below 200 DMA risk"
06.10.2026 at 12:47 AM IST,PILITA,Unknown,Unknown,7.45,-0.93,6.2,13.81,20.16,46.05,40.75,8.07,8.41,53227.65,19070.0,0.36,Bearish,0,8,8,0,15,1,1,"Weak but watchable RSI, Within 30% of 52W low, Below 200 DMA risk"
06.10.2026 at 12:47 AM IST,PNB,Financial Services,Unknown,109.57,-3.09,95.72,131.33,14.47,16.57,33.98,115.25,112.31,12706213.4,11365686.0,0.89,Bearish,0,8,8,0,15,1,1,"Weak but watchable RSI, Within 30% of 52W low, Below 200 DMA risk"
06.10.2026 at 12:47 AM IST,GENUSPAPER,Unknown,Unknown,10.53,-1.03,8.67,17.67,21.45,40.41,37.81,11.81,12.24,188411.7,43515.0,0.23,Bearish,0,8,8,0,15,1,1,"Weak but watchable RSI, Within 30% of 52W low, Below 200 DMA risk"
06.10.2026 at 12:47 AM IST,SNOWMAN,Unknown,Unknown,34.11,-1.53,30.5,54.13,11.84,36.98,34.74,36.84,38.04,111990.8,105331.0,0.94,Bearish,0,8,8,0,15,1,1,"Weak but watchable RSI, Within 30% of 52W low, Below 200 DMA risk"
06.10.2026 at 12:47 AM IST,INDIANCARD,Unknown,Unknown,188.37,1.2,153.0,278.25,23.12,32.3,34.67,212.69,215.36,2540.4,2084.0,0.82,Bearish,0,8,8,0,15,1,1,"Weak but watchable RSI, Within 30% of 52W low, Below 200 DMA risk"
06.10.2026 at 12:47 AM IST,INDIANHUME,Unknown,Unknown,346.1,-1.9,276.34,426.66,25.24,18.88,37.74,376.55,353.18,59752.35,33765.0,0.57,Bearish,0,8,8,0,15,1,1,"Weak but watchable RSI, Within 30% of 52W low, Below 200 DMA risk"
06.10.2026 at 12:47 AM IST,BPL,Unknown,Unknown,45.29,-0.66,37.61,82.7,20.42,45.24,35.46,49.56,53.82,50917.6,21555.0,0.42,Bearish,0,8,8,0,15,1,1,"Weak but watchable RSI, Within 30% of 52W low, Below 200 DMA risk"
06.10.2026 at 12:47 AM IST,BSL,Unknown,Unknown,118.2,-0.07,98.0,205.0,20.61,42.34,40.37,122.56,128.9,6344.1,3194.0,0.5,Bearish,0,8,8,0,15,1,1,"Weak but watchable RSI, Within 30% of 52W low, Below 200 DMA risk"
06.10.2026 at 12:47 AM IST,SUKHJITS,Unknown,Unknown,150.93,-3.51,136.42,229.62,10.64,34.27,31.56,160.12,170.46,23277.85,15465.0,0.66,Bearish,0,8,8,0,15,1,1,"Weak but watchable RSI, Within 30% of 52W low, Below 200 DMA risk"
06.10.2026 at 12:47 AM IST,BLKASHYAP,Unknown,Unknown,50.23,-0.26,40.32,63.79,24.58,21.26,39.54,53.93,52.74,539201.45,497255.0,0.92,Bearish,0,8,8,0,15,1,1,"Weak but watchable RSI, Within 30% of 52W low, Below 200 DMA risk"
06.10.2026 at 12:47 AM IST,ACCURACY,Unknown,Unknown,4.13,-3.05,3.4,7.1,21.47,41.83,34.46,4.56,5.01,54581.0,26378.0,0.48,Bearish,0,8,8,0,15,1,1,"Weak but watchable RSI, Within 30% of 52W low, Below 200 DMA risk"
06.10.2026 at 12:47 AM IST,SONATSOFTW,Unknown,Unknown,254.05,-1.63,203.58,390.55,24.79,34.95,34.37,295.75,284.04,1227247.1,852770.0,0.69,Bearish,0,8,8,0,15,1,1,"Weak but watchable RSI, Within 30% of 52W low, Below 200 DMA risk"
06.10.2026 at 12:47 AM IST,ALPA,Unknown,Unknown,59.26,-0.42,46.1,93.85,28.55,36.86,39.29,63.36,67.16,24224.8,4521.0,0.19,Bearish,0,8,8,0,15,1,1,"Weak but watchable RSI, Within 30% of 52W low, Below 200 DMA risk"
06.10.2026 at 12:47 AM IST,AFFLE,Information Technology,Unknown,1449.6,-4.06,1251.3,1993.7,15.85,27.29,31.29,1610.74,1537.31,306095.8,179131.0,0.59,Bearish,0,8,8,0,15,1,1,"Weak but watchable RSI, Within 30% of 52W low, Below 200 DMA risk"
06.10.2026 at 12:47 AM IST,ABLBL,Unknown,Unknown,74.44,-2.72,73.41,149.99,1.4,50.37,15.93,86.32,99.74,2350596.55,1647089.0,0.7,Bearish,0,5,8,0,25,0,0,"Oversold RSI, Within 30% of 52W low, Below 200 DMA risk, Extreme RSI weakness"
06.10.2026 at 12:47 AM IST,ALOKINDS,Unknown,Unknown,7.06,-0.42,6.92,18.45,2.02,61.73,26.43,9.6,12.8,21909593.3,15212425.0,0.69,Bearish,0,5,8,0,20,0,0,"Oversold RSI, Within 30% of 52W low, Below 200 DMA risk, Very far from 52W high"
06.10.2026 at 12:47 AM IST,AFFORDABLE,Unknown,Unknown,168.11,-1.75,119.71,297.0,40.43,43.4,48.16,172.64,177.79,23461.85,15039.0,0.64,Bearish,0,10,0,0,15,0,0,"RSI recovering zone, Below 200 DMA risk"
06.10.2026 at 12:47 AM IST,AFIL,Unknown,Unknown,7.86,-0.88,3.92,11.1,100.51,29.19,27.4,9.07,8.32,519477.1,199018.0,0.38,Bearish,0,5,0,0,15,0,0,"Oversold RSI, Below 200 DMA risk"
06.10.2026 at 12:47 AM IST,AGARIND,Unknown,Unknown,386.0,-1.52,357.1,941.35,8.09,59.0,23.22,457.97,514.94,35496.85,28169.0,0.79,Bearish,0,5,8,0,25,0,0,"Oversold RSI, Within 30% of 52W low, Below 200 DMA risk, Extreme RSI weakness"
06.10.2026 at 12:47 AM IST,VTL,Textiles,Unknown,529.25,-1.0,382.26,682.21,38.45,22.42,35.65,582.06,554.08,358967.05,260173.0,0.72,Bearish,0,8,0,0,15,0,0,"Weak but watchable RSI, Below 200 DMA risk"
06.10.2026 at 12:47 AM IST,WAAREEINDO,Unknown,Unknown,203.39,-3.12,199.46,725.0,1.97,71.95,20.01,278.35,380.27,140452.65,240812.0,1.71,Bearish,0,5,8,10,30,0,0,"Oversold RSI, Within 30% of 52W low, Volume expansion, Below 200 DMA risk, Extreme RSI weakness, Very far from 52W high"
06.10.2026 at 12:47 AM IST,WALCHANNAG,Unknown,Unknown,196.08,-2.08,131.15,315.8,49.51,37.91,37.7,217.65,208.87,619608.75,612063.0,0.99,Bearish,0,8,0,0,15,0,0,"Weak but watchable RSI, Below 200 DMA risk"
06.10.2026 at 12:47 AM IST,GMDCLTD,Metals & Mining,Unknown,487.65,-3.95,458.54,758.89,6.35,35.74,24.83,554.92,583.91,969786.95,1342310.0,1.38,Bearish,0,5,8,10,25,0,0,"Oversold RSI, Within 30% of 52W low, Volume expansion, Below 200 DMA risk, Extreme RSI weakness"
06.10.2026 at 12:47 AM IST,PFC,Financial Services,Unknown,318.0,-2.3,313.35,476.83,1.48,33.31,22.27,365.92,392.69,8506979.5,9777829.0,1.15,Bearish,0,5,8,5,25,0,0,"Oversold RSI, Within 30% of 52W low, Normal volume support, Below 200 DMA risk, Extreme RSI weakness"
06.10.2026 at 12:47 AM IST,PFIZER,Unknown,Unknown,3858.9,-0.42,3792.1,5489.44,1.76,29.7,18.91,4523.69,4638.87,62705.6,34585.0,0.55,Bearish,0,5,8,0,25,0,0,"Oversold RSI, Within 30% of 52W low, Below 200 DMA risk, Extreme RSI weakness"
06.10.2026 at 12:47 AM IST,PGEL,Consumer Durables,Unknown,481.1,-2.5,436.34,644.1,10.26,25.31,22.93,569.8,552.89,823323.15,1012842.0,1.23,Bearish,0,5,8,5,25,0,0,"Oversold RSI, Within 30% of 52W low, Normal volume support, Below 200 DMA risk, Extreme RSI weakness"
06.10.2026 at 12:47 AM IST,PGHH,Unknown,Unknown,6639.0,-2.35,6579.0,14166.08,0.91,53.13,10.04,7918.42,9767.29,21524.9,23880.0,1.11,Bearish,0,5,8,5,25,0,0,"Oversold RSI, Within 30% of 52W low, Normal volume support, Below 200 DMA risk, Extreme RSI weakness"
06.10.2026 at 12:47 AM IST,PILANIINVS,Unknown,Unknown,3892.3,-1.62,3865.0,5967.81,0.71,34.78,29.05,4256.64,4523.01,2772.35,2414.0,0.87,Bearish,0,5,8,0,15,0,0,"Oversold RSI, Within 30% of 52W low, Below 200 DMA risk"
06.10.2026 at 12:47 AM IST,GANESHCP,Unknown,Unknown,148.85,-1.69,146.75,302.58,1.43,50.81,28.5,164.88,185.52,165481.15,149872.0,0.91,Bearish,0,5,8,0,15,0,0,"Oversold RSI, Within 30% of 52W low, Below 200 DMA risk"
06.10.2026 at 12:47 AM IST,GARUDA,Unknown,Unknown,172.18,-1.43,130.0,249.3,32.45,30.93,41.53,178.57,176.36,1089913.2,334071.0,0.31,Bearish,0,8,0,0,15,0,0,"Weak but watchable RSI, Below 200 DMA risk"
06.10.2026 at 12:47 AM IST,ASALCBR,Unknown,Unknown,611.1,-0.71,596.05,1273.33,2.52,52.01,22.42,708.64,808.8,35055.55,48945.0,1.4,Bearish,0,5,8,10,25,0,0,"Oversold RSI, Within 30% of 52W low, Volume expansion, Below 200 DMA risk, Extreme RSI weakness"
06.10.2026 at 12:47 AM IST,JISLDVREQS,Unknown,Unknown,18.71,-2.25,18.4,34.0,1.68,44.97,26.61,21.19,23.12,38438.7,20071.0,0.52,Bearish,0,5,8,0,15,0,0,"Oversold RSI, Within 30% of 52W low, Below 200 DMA risk"
06.10.2026 at 12:47 AM IST,JLHL,Unknown,Unknown,259.85,2.46,235.42,340.0,10.38,23.57,28.44,297.8,272.88,177926.15,143186.0,0.8,Bearish,0,5,8,0,15,0,0,"Oversold RSI, Within 30% of 52W low, Below 200 DMA risk"
06.10.2026 at 12:47 AM IST,LEXUS,Unknown,Unknown,10.56,-10.2,9.58,39.25,10.23,73.1,24.8,13.64,20.94,28292.35,173028.0,6.12,Bearish,0,5,8,15,35,0,0,"Oversold RSI, Within 30% of 52W low, Strong volume expansion, Below 200 DMA risk, Extreme RSI weakness, Sharp daily fall, Very far from 52W high"
06.10.2026 at 12:47 AM IST,GHCL,Unknown,Unknown,401.75,-0.92,396.0,649.68,1.45,38.16,23.56,430.83,462.67,122756.5,126656.0,1.03,Bearish,0,5,8,5,25,0,0,"Oversold RSI, Within 30% of 52W low, Normal volume support, Below 200 DMA risk, Extreme RSI weakness"
06.10.2026 at 12:47 AM IST,GLOBUSSPR,Unknown,Unknown,786.9,0.06,775.0,1243.66,1.54,36.73,28.6,867.48,912.84,79187.75,55391.0,0.7,Bearish,0,5,8,0,15,0,0,"Oversold RSI, Within 30% of 52W low, Below 200 DMA risk"
06.10.2026 at 12:47 AM IST,GLOSTERLTD,Unknown,Unknown,539.0,-1.3,481.79,736.26,11.87,26.79,29.01,612.62,609.65,1243.1,581.0,0.47,Bearish,0,5,8,0,15,0,0,"Oversold RSI, Within 30% of 52W low, Below 200 DMA risk"
06.10.2026 at 12:47 AM IST,GLOTTIS,Unknown,Unknown,58.41,-7.11,37.0,93.0,57.86,37.19,42.93,63.47,58.84,97452.15,80507.0,0.83,Bearish,0,8,0,0,20,0,0,"Weak but watchable RSI, Below 200 DMA risk, Sharp daily fall"
06.10.2026 at 12:47 AM IST,HEGAM,Capital Goods,Unknown,239.28,0.69,214.1,753.9,11.76,68.26,23.71,521.97,550.38,1661849.95,771383.0,0.46,Bearish,0,5,8,0,30,0,0,"Oversold RSI, Within 30% of 52W low, Below 200 DMA risk, Extreme RSI weakness, Very far from 52W high"
06.10.2026 at 12:47 AM IST,HEIDELBERG,Unknown,Unknown,130.57,-1.53,128.45,197.59,1.65,33.92,26.35,147.67,151.62,221345.35,133605.0,0.6,Bearish,0,5,8,0,15,0,0,"Oversold RSI, Within 30% of 52W low, Below 200 DMA risk"
06.10.2026 at 12:47 AM IST,HGINFRA,Unknown,Unknown,419.9,-2.97,409.0,950.52,2.67,55.82,26.19,497.09,573.59,749211.8,248381.0,0.33,Bearish,0,5,8,0,15,0,0,"Oversold RSI, Within 30% of 52W low, Below 200 DMA risk"
06.10.2026 at 12:47 AM IST,NIITMTS,Unknown,Unknown,191.08,-6.57,185.0,437.8,3.29,56.35,23.32,227.89,285.15,233798.75,870142.0,3.72,Bearish,0,5,8,15,30,0,0,"Oversold RSI, Within 30% of 52W low, Strong volume expansion, Below 200 DMA risk, Extreme RSI weakness, Sharp daily fall"
06.10.2026 at 12:47 AM IST,NIRAJ,Unknown,Unknown,27.74,0.29,20.15,47.35,37.67,41.41,45.58,28.54,30.18,29795.6,2960.0,0.1,Bearish,0,10,0,0,15,0,0,"RSI recovering zone, Below 200 DMA risk"
06.10.2026 at 12:47 AM IST,AQYLON,Unknown,Unknown,15.46,-4.92,15.45,1714.9,0.06,99.1,26.04,22.53,158.21,2720129.1,669216.0,0.25,Bearish,0,5,8,0,20,0,0,"Oversold RSI, Within 30% of 52W low, Below 200 DMA risk, Very far from 52W high"
06.10.2026 at 12:47 AM IST,ARE&M,Automobile and Auto Components,Unknown,747.4,-0.95,666.01,1017.3,12.22,26.53,21.51,869.74,847.98,424832.85,509131.0,1.2,Bearish,0,5,8,5,25,0,0,"Oversold RSI, Within 30% of 52W low, Normal volume support, Below 200 DMA risk, Extreme RSI weakness"
06.10.2026 at 12:47 AM IST,ASAL,Unknown,Unknown,426.9,-1.52,374.5,612.0,13.99,30.25,26.73,478.9,477.81,10986.35,9400.0,0.86,Bearish,0,5,8,0,15,0,0,"Oversold RSI, Within 30% of 52W low, Below 200 DMA risk"
06.10.2026 at 12:47 AM IST,ETHOSLTD,Unknown,Unknown,2531.9,-0.21,1919.4,3245.9,31.91,22.0,37.49,2726.11,2553.32,47703.5,46240.0,0.97,Bearish,0,8,0,0,15,0,0,"Weak but watchable RSI, Below 200 DMA risk"
06.10.2026 at 12:47 AM IST,EUREKAFORB,Unknown,Unknown,352.5,-2.35,348.0,668.3,1.29,47.25,18.38,417.4,478.29,191785.1,266094.0,1.39,Bearish,0,5,8,10,25,0,0,"Oversold RSI, Within 30% of 52W low, Volume expansion, Below 200 DMA risk, Extreme RSI weakness"
06.10.2026 at 12:47 AM IST,PNCINFRA,Unknown,Unknown,138.16,3.74,115.9,294.08,19.21,53.02,28.8,190.81,210.75,2311328.9,1668999.0,0.72,Bearish,0,5,8,0,15,0,0,"Oversold RSI, Within 30% of 52W low, Below 200 DMA risk"
06.10.2026 at 12:47 AM IST,POKARNA,Unknown,Unknown,699.1,-0.94,684.55,1145.49,2.13,38.97,21.68,850.71,883.24,143488.45,77946.0,0.54,Bearish,0,5,8,0,25,0,0,"Oversold RSI, Within 30% of 52W low, Below 200 DMA risk, Extreme RSI weakness"
06.10.2026 at 12:47 AM IST,POLICYBZR,Financial Services,Unknown,980.0,-7.89,963.9,1964.2,1.67,50.11,19.41,1666.43,1625.45,7097032.05,14061779.0,1.98,Bearish,0,5,8,10,30,0,0,"Oversold RSI, Within 30% of 52W low, Volume expansion, Below 200 DMA risk, Extreme RSI weakness, Sharp daily fall"
06.10.2026 at 12:47 AM IST,FAZE3Q,Unknown,Unknown,433.05,-2.06,322.1,650.05,34.45,33.38,39.06,494.66,485.21,36157.0,23619.0,0.65,Bearish,0,8,0,0,15,0,0,"Weak but watchable RSI, Below 200 DMA risk"
06.10.2026 at 12:47 AM IST,FCSSOFT,Unknown,Unknown,1.38,-1.43,1.05,2.53,31.43,45.45,44.05,1.45,1.58,1688111.05,1584700.0,0.94,Bearish,0,8,0,0,15,0,0,"Weak but watchable RSI, Below 200 DMA risk"
06.10.2026 at 12:47 AM IST,HEALTHX,Unknown,Unknown,273.0,-4.23,252.5,363.0,8.12,24.79,29.77,299.62,296.91,6002.4,5260.0,0.88,Bearish,0,5,8,0,15,0,0,"Oversold RSI, Within 30% of 52W low, Below 200 DMA risk"
06.10.2026 at 12:47 AM IST,MEGASTAR,Unknown,Unknown,267.18,7.28,204.4,392.0,30.71,31.84,41.33,302.69,281.95,7793.75,6106.0,0.78,Bearish,0,8,0,0,15,0,0,"Weak but watchable RSI, Below 200 DMA risk"
06.10.2026 at 12:47 AM IST,METROBRAND,Unknown,Unknown,833.5,-0.98,815.0,1275.14,2.27,34.63,21.24,942.33,1013.64,105708.3,39313.0,0.37,Bearish,0,5,8,0,25,0,0,"Oversold RSI, Within 30% of 52W low, Below 200 DMA risk, Extreme RSI weakness"
06.10.2026 at 12:47 AM IST,MINDTECK,Unknown,Unknown,150.93,-1.45,144.37,306.08,4.54,50.69,28.49,172.27,195.33,23570.45,18244.0,0.77,Bearish,0,5,8,0,15,0,0,"Oversold RSI, Within 30% of 52W low, Below 200 DMA risk"
06.10.2026 at 12:47 AM IST,INDBANK,Unknown,Unknown,25.2,-0.63,24.21,47.15,4.09,46.55,27.65,29.85,33.11,54349.65,11592.0,0.21,Bearish,0,5,8,0,15,0,0,"Oversold RSI, Within 30% of 52W low, Below 200 DMA risk"
06.10.2026 at 12:47 AM IST,INDIACEM,Construction Materials,Unknown,295.15,-2.22,290.25,485.8,1.69,39.24,17.65,363.06,396.29,184835.5,231935.0,1.25,Bearish,0,5,8,5,25,0,0,"Oversold RSI, Within 30% of 52W low, Normal volume support, Below 200 DMA risk, Extreme RSI weakness"
06.10.2026 at 12:47 AM IST,INDIAGLYCO,Unknown,Unknown,298.8,-2.8,217.0,1219.0,37.7,75.49,28.26,758.16,915.88,716418.1,273493.0,0.38,Bearish,0,5,0,0,20,0,0,"Oversold RSI, Below 200 DMA risk, Very far from 52W high"
06.10.2026 at 12:47 AM IST,MOSCHIP,Unknown,Unknown,198.03,-1.6,146.8,288.45,34.9,31.35,38.84,208.45,202.16,1326211.0,1364614.0,1.03,Bearish,0,8,0,5,15,0,0,"Weak but watchable RSI, Normal volume support, Below 200 DMA risk"
06.10.2026 at 12:47 AM IST,CONCOR,Services,Unknown,442.0,-1.23,419.33,547.74,5.41,19.3,28.89,500.2,489.71,1132664.9,877730.0,0.77,Bearish,0,5,8,0,15,0,0,"Oversold RSI, Within 30% of 52W low, Below 200 DMA risk"
06.10.2026 at 12:47 AM IST,SHIVAMILLS,Unknown,Unknown,56.59,-2.67,43.01,74.0,31.57,23.53,38.67,60.93,59.33,1468.9,1434.0,0.98,Bearish,0,8,0,0,15,0,0,"Weak but watchable RSI, Below 200 DMA risk"
06.10.2026 at 12:47 AM IST,SHRIRAMFIN,Financial Services,Unknown,945.0,-3.84,638.97,1153.7,47.89,18.09,29.83,1057.98,1004.89,3917785.85,5599670.0,1.43,Bearish,0,5,0,10,15,0,0,"Oversold RSI, Volume expansion, Below 200 DMA risk"
06.10.2026 at 12:47 AM IST,SHYAMTEL,Unknown,Unknown,10.32,-6.1,7.07,25.42,45.97,59.4,31.05,13.33,14.04,4792.35,3810.0,0.8,Bearish,0,8,0,0,20,0,0,"Weak but watchable RSI, Below 200 DMA risk, Sharp daily fall"
06.10.2026 at 12:47 AM IST,SILVERTUC,Unknown,Unknown,138.68,-1.29,100.45,1116.92,38.06,87.58,28.11,176.42,195.73,505448.0,256017.0,0.51,Bearish,0,5,0,0,20,0,0,"Oversold RSI, Below 200 DMA risk, Very far from 52W high"
06.10.2026 at 12:47 AM IST,SINTERCOM,Unknown,Unknown,75.87,-5.06,62.99,130.0,20.45,41.64,45.36,80.5,82.75,16938.8,1933.0,0.11,Bearish,0,10,8,0,20,0,0,"RSI recovering zone, Within 30% of 52W low, Below 200 DMA risk, Sharp daily fall"
06.10.2026 at 12:47 AM IST,MCLEODRUSS,Unknown,Unknown,42.51,-4.98,28.5,78.41,49.16,45.78,41.08,47.27,50.1,302703.75,306748.0,1.01,Bearish,0,8,0,5,15,0,0,"Weak but watchable RSI, Normal volume support, Below 200 DMA risk"
06.10.2026 at 12:47 AM IST,MCLOUD,Unknown,Unknown,24.25,-3.23,19.4,78.19,25.0,68.99,35.39,27.21,26.05,1525229.15,969374.0,0.64,Bearish,0,8,8,0,20,0,0,"Weak but watchable RSI, Within 30% of 52W low, Below 200 DMA risk, Very far from 52W high"
06.10.2026 at 12:47 AM IST,MEDICO,Unknown,Unknown,21.86,1.53,20.47,56.88,6.79,61.57,16.09,39.61,42.86,848956.3,361586.0,0.43,Bearish,0,5,8,0,30,0,0,"Oversold RSI, Within 30% of 52W low, Below 200 DMA risk, Extreme RSI weakness, Very far from 52W high"
06.10.2026 at 12:47 AM IST,IOB,Financial Services,Unknown,30.38,-1.87,30.07,41.8,1.03,27.32,22.95,33.02,34.07,2453138.4,2774243.0,1.13,Bearish,0,5,8,5,25,0,0,"Oversold RSI, Within 30% of 52W low, Normal volume support, Below 200 DMA risk, Extreme RSI weakness"
06.10.2026 at 12:47 AM IST,IRB,Construction,Unknown,17.0,-2.8,16.75,23.84,1.49,28.68,29.38,19.08,20.44,15061150.25,10838420.0,0.72,Bearish,0,5,8,0,15,0,0,"Oversold RSI, Within 30% of 52W low, Below 200 DMA risk"
06.10.2026 at 12:47 AM IST,IRMENERGY,Unknown,Unknown,257.7,-2.55,164.52,374.99,56.64,31.28,33.55,276.13,259.73,52170.9,60300.0,1.16,Bearish,0,8,0,5,15,0,0,"Weak but watchable RSI, Normal volume support, Below 200 DMA risk"
06.10.2026 at 12:47 AM IST,MANAKALUCO,Unknown,Unknown,33.76,-1.63,21.7,68.03,55.57,50.37,35.61,37.18,34.89,61160.5,43425.0,0.71,Bearish,0,8,0,0,15,0,0,"Weak but watchable RSI, Below 200 DMA risk"
06.10.2026 at 12:47 AM IST,MANAKSIA,Unknown,Unknown,59.56,-0.72,42.1,73.4,41.47,18.86,42.59,60.32,59.66,118572.55,30068.0,0.25,Bearish,0,8,0,0,15,0,0,"Weak but watchable RSI, Below 200 DMA risk"
06.10.2026 at 12:47 AM IST,MANGALAM,Unknown,Unknown,29.15,-5.17,22.8,73.5,27.85,60.34,40.96,29.95,30.69,78154.75,34164.0,0.44,Bearish,0,8,8,0,25,0,0,"Weak but watchable RSI, Within 30% of 52W low, Below 200 DMA risk, Sharp daily fall, Very far from 52W high"
06.10.2026 at 12:47 AM IST,SHILCTECH,Unknown,Unknown,4033.0,-1.25,2844.56,5383.98,41.78,25.09,46.52,4158.56,4093.87,15914.3,12506.0,0.79,Bearish,0,10,0,0,15,0,0,"RSI recovering zone, Below 200 DMA risk"
06.10.2026 at 12:47 AM IST,SHIVAMAUTO,Unknown,Unknown,17.07,0.18,13.05,32.34,30.8,47.22,48.49,17.2,18.84,98051.95,35302.0,0.36,Bearish,0,10,0,0,15,0,0,"RSI recovering zone, Below 200 DMA risk"
06.10.2026 at 12:47 AM IST,SUMIT,Unknown,Unknown,47.76,-3.69,31.62,103.6,51.06,53.9,38.21,51.43,49.51,18689.9,13580.0,0.73,Bearish,0,8,0,0,15,0,0,"Weak but watchable RSI, Below 200 DMA risk"
06.10.2026 at 12:47 AM IST,SUMMITSEC,Unknown,Unknown,1315.5,-0.26,1301.0,2495.0,1.11,47.27,28.15,1433.07,1591.0,3386.95,1213.0,0.36,Bearish,0,5,8,0,15,0,0,"Oversold RSI, Within 30% of 52W low, Below 200 DMA risk"
06.10.2026 at 12:47 AM IST,BESTAGRO,Unknown,Unknown,17.47,-0.34,12.23,34.21,42.8,48.94,40.65,18.39,18.39,666107.5,555610.0,0.83,Bearish,0,8,0,0,15,0,0,"Weak but watchable RSI, Below 200 DMA risk"
06.10.2026 at 12:47 AM IST,BFUTILITIE,Unknown,Unknown,504.75,-0.59,368.7,834.0,36.9,39.48,38.19,537.31,551.34,97644.95,77989.0,0.8,Bearish,0,8,0,0,15,0,0,"Weak but watchable RSI, Below 200 DMA risk"
06.10.2026 at 12:47 AM IST,BHAGCHEM,Unknown,Unknown,236.15,-1.01,170.5,316.9,38.5,25.48,27.07,267.74,242.85,71975.45,139794.0,1.94,Bearish,0,5,0,10,15,0,0,"Oversold RSI, Volume expansion, Below 200 DMA risk"
06.10.2026 at 12:47 AM IST,BHANDARI,Unknown,Unknown,2.82,-2.42,1.99,5.11,41.47,44.84,26.88,2.94,3.21,121091.2,90509.0,0.75,Bearish,0,5,0,0,15,0,0,"Oversold RSI, Below 200 DMA risk"
06.10.2026 at 12:47 AM IST,BHARATRAS,Unknown,Unknown,998.6,-0.53,977.4,2986.21,2.17,66.56,19.64,1225.68,1493.22,20038.3,17142.0,0.86,Bearish,0,5,8,0,30,0,0,"Oversold RSI, Within 30% of 52W low, Below 200 DMA risk, Extreme RSI weakness, Very far from 52W high"
06.10.2026 at 12:47 AM IST,INTELLECT,Information Technology,Unknown,610.95,-0.44,589.52,1232.73,3.63,50.44,28.46,685.76,740.04,296694.85,271796.0,0.92,Bearish,0,5,8,0,15,0,0,"Oversold RSI, Within 30% of 52W low, Below 200 DMA risk"
06.10.2026 at 12:47 AM IST,IFBIND,Unknown,Unknown,1166.2,-2.9,883.2,2019.8,32.04,42.26,29.29,1316.77,1245.55,30117.95,41264.0,1.37,Bearish,0,5,0,10,15,0,0,"Oversold RSI, Volume expansion, Below 200 DMA risk"
06.10.2026 at 12:47 AM IST,IFCI,Financial Services,Unknown,65.14,-5.28,46.23,107.5,40.9,39.4,31.42,79.66,66.91,103999203.0,41910107.0,0.4,Bearish,0,8,0,0,20,0,0,"Weak but watchable RSI, Below 200 DMA risk, Sharp daily fall"
06.10.2026 at 12:47 AM IST,IGARASHI,Unknown,Unknown,398.95,-1.1,270.26,556.37,47.62,28.29,35.68,434.82,401.1,721962.85,68004.0,0.09,Bearish,0,8,0,0,15,0,0,"Weak but watchable RSI, Below 200 DMA risk"
06.10.2026 at 12:47 AM IST,IGCL,Unknown,Unknown,54.62,-3.84,49.46,111.4,10.43,50.97,14.26,70.26,67.62,127194.6,234071.0,1.84,Bearish,0,5,8,10,25,0,0,"Oversold RSI, Within 30% of 52W low, Volume expansion, Below 200 DMA risk, Extreme RSI weakness"
06.10.2026 at 12:47 AM IST,MIRZAINT,Unknown,Unknown,27.65,-1.04,24.95,43.3,10.82,36.14,23.4,31.39,33.17,102311.0,57360.0,0.56,Bearish,0,5,8,0,25,0,0,"Oversold RSI, Within 30% of 52W low, Below 200 DMA risk, Extreme RSI weakness"
06.10.2026 at 12:47 AM IST,MITTAL,Unknown,Unknown,0.7,-2.78,0.68,1.58,2.94,55.7,29.98,0.84,0.95,2518427.3,1038530.0,0.41,Bearish,0,5,8,0,15,0,0,"Oversold RSI, Within 30% of 52W low, Below 200 DMA risk"
06.10.2026 at 12:47 AM IST,MMTC,Services,Unknown,56.29,-1.09,50.1,78.35,12.36,28.16,28.68,62.03,63.38,1343269.65,926056.0,0.69,Bearish,0,5,8,0,15,0,0,"Oversold RSI, Within 30% of 52W low, Below 200 DMA risk"
06.10.2026 at 12:47 AM IST,MODTHREAD,Unknown,Unknown,45.66,-6.13,35.61,65.65,28.22,30.45,38.15,50.63,46.59,4686.2,2556.0,0.55,Bearish,0,8,8,0,20,0,0,"Weak but watchable RSI, Within 30% of 52W low, Below 200 DMA risk, Sharp daily fall"
06.10.2026 at 12:47 AM IST,BAYERCROP,Unknown,Unknown,3554.2,-2.02,3513.0,4992.86,1.17,28.81,15.53,4000.38,4314.36,33463.75,22516.0,0.67,Bearish,0,5,8,0,25,0,0,"Oversold RSI, Within 30% of 52W low, Below 200 DMA risk, Extreme RSI weakness"
06.10.2026 at 12:47 AM IST,SANOFICONR,Unknown,Unknown,3787.2,-0.41,3691.0,5175.36,2.61,26.82,23.5,4254.39,4386.06,7150.45,9812.0,1.37,Bearish,0,5,8,10,25,0,0,"Oversold RSI, Within 30% of 52W low, Volume expansion, Below 200 DMA risk, Extreme RSI weakness"
06.10.2026 at 12:47 AM IST,SARVESHWAR,Unknown,Unknown,3.44,-1.43,2.5,6.64,37.6,48.19,40.45,3.53,3.75,3070711.2,1535950.0,0.5,Bearish,0,8,0,0,15,0,0,"Weak but watchable RSI, Below 200 DMA risk"
06.10.2026 at 12:47 AM IST,SBICARD,Financial Services,Unknown,563.2,-2.57,560.15,961.63,0.54,41.43,26.73,641.17,685.25,1447673.8,962872.0,0.67,Bearish,0,5,8,0,15,0,0,"Oversold RSI, Within 30% of 52W low, Below 200 DMA risk"
06.10.2026 at 12:47 AM IST,SCI,Services,Unknown,267.05,-1.28,192.35,367.5,38.84,27.33,34.87,285.67,270.47,1289379.85,1466021.0,1.14,Bearish,0,8,0,5,15,0,0,"Weak but watchable RSI, Normal volume support, Below 200 DMA risk"
06.10.2026 at 12:47 AM IST,ICEMAKE,Unknown,Unknown,623.65,-0.94,602.0,917.05,3.6,31.99,23.95,745.12,768.54,26323.4,31483.0,1.2,Bearish,0,5,8,5,25,0,0,"Oversold RSI, Within 30% of 52W low, Normal volume support, Below 200 DMA risk, Extreme RSI weakness"
06.10.2026 at 12:47 AM IST,ICRA,Unknown,Unknown,4318.3,2.04,4198.2,6484.44,2.86,33.41,29.32,4822.57,5278.1,28227.3,24641.0,0.87,Bearish,0,5,8,0,15,0,0,"Oversold RSI, Within 30% of 52W low, Below 200 DMA risk"
06.10.2026 at 12:47 AM IST,IEX,Financial Services,Unknown,105.98,-0.95,104.18,155.9,1.73,32.02,26.5,120.51,124.04,3700451.95,3180623.0,0.86,Bearish,0,5,8,0,15,0,0,"Oversold RSI, Within 30% of 52W low, Below 200 DMA risk"
06.10.2026 at 12:47 AM IST,SURANASOL,Unknown,Unknown,24.15,-2.9,18.31,34.51,31.9,30.02,35.93,25.85,25.45,30633.7,31097.0,1.02,Bearish,0,8,0,5,15,0,0,"Weak but watchable RSI, Normal volume support, Below 200 DMA risk"
06.10.2026 at 12:47 AM IST,SURYALAXMI,Unknown,Unknown,56.07,-4.64,43.0,67.7,30.4,17.18,44.03,58.2,57.48,3500.4,3228.0,0.92,Bearish,0,8,0,0,15,0,0,"Weak but watchable RSI, Below 200 DMA risk"
06.10.2026 at 12:47 AM IST,SUZLON,Capital Goods,Unknown,38.91,-1.47,38.19,61.5,1.89,36.73,18.83,45.68,49.19,52138451.85,53247107.0,1.02,Bearish,0,5,8,5,25,0,0,"Oversold RSI, Within 30% of 52W low, Normal volume support, Below 200 DMA risk, Extreme RSI weakness"
06.10.2026 at 12:47 AM IST,SVPGLOB,Unknown,Unknown,3.1,-0.96,2.18,6.89,42.2,55.01,26.25,3.63,3.53,34919.6,25217.0,0.72,Bearish,0,5,0,0,15,0,0,"Oversold RSI, Below 200 DMA risk"
06.10.2026 at 12:47 AM IST,SWIGGY,Consumer Services,Unknown,238.0,-4.84,235.5,459.95,1.06,48.26,26.68,275.8,289.87,24154280.35,13785398.0,0.57,Bearish,0,5,8,0,15,0,0,"Oversold RSI, Within 30% of 52W low, Below 200 DMA risk"
06.10.2026 at 12:47 AM IST,TAKE,Unknown,Unknown,12.65,-4.96,12.52,50.14,1.04,74.77,27.09,18.55,31.88,352270.35,139867.0,0.4,Bearish,0,5,8,0,20,0,0,"Oversold RSI, Within 30% of 52W low, Below 200 DMA risk, Very far from 52W high"
06.10.2026 at 12:47 AM IST,BANKINDIA,Financial Services,Unknown,129.48,-0.58,118.33,172.72,9.42,25.03,28.51,140.35,144.47,4704886.2,4296454.0,0.91,Bearish,0,5,8,0,15,0,0,"Oversold RSI, Within 30% of 52W low, Below 200 DMA risk"
06.10.2026 at 12:47 AM IST,BATAINDIA,Consumer Durables,Unknown,613.0,-0.93,577.4,1181.52,6.17,48.12,26.21,669.79,713.02,152729.25,126719.0,0.83,Bearish,0,5,8,0,15,0,0,"Oversold RSI, Within 30% of 52W low, Below 200 DMA risk"
06.10.2026 at 12:47 AM IST,SEJALLTD,Unknown,Unknown,656.5,-2.6,381.0,1036.7,72.31,36.67,46.38,688.56,699.18,20883.85,8644.0,0.41,Bearish,0,10,0,0,15,0,0,"RSI recovering zone, Below 200 DMA risk"
06.10.2026 at 12:47 AM IST,SFL,Unknown,Unknown,616.65,-2.75,456.18,832.45,35.18,25.92,32.27,681.24,617.52,296894.0,197639.0,0.67,Bearish,0,8,0,0,15,0,0,"Weak but watchable RSI, Below 200 DMA risk"
06.10.2026 at 12:47 AM IST,CERA,Unknown,Unknown,5096.5,0.17,4410.18,6663.07,15.56,23.51,22.18,5768.95,5463.14,8714.2,5282.0,0.61,Bearish,0,5,8,0,25,0,0,"Oversold RSI, Within 30% of 52W low, Below 200 DMA risk, Extreme RSI weakness"
06.10.2026 at 12:47 AM IST,CESC,Power,Unknown,131.62,-1.67,129.75,197.2,1.44,33.25,20.13,150.28,157.19,1969174.35,1826999.0,0.93,Bearish,0,5,8,0,25,0,0,"Oversold RSI, Within 30% of 52W low, Below 200 DMA risk, Extreme RSI weakness"
06.10.2026 at 12:47 AM IST,CHOLAFIN,Financial Services,Unknown,1580.0,-2.47,1298.89,1952.5,21.64,19.08,22.65,1817.59,1681.51,1526230.2,1699959.0,1.11,Bearish,0,5,8,5,25,0,0,"Oversold RSI, Within 30% of 52W low, Normal volume support, Below 200 DMA risk, Extreme RSI weakness"
06.10.2026 at 12:47 AM IST,MASTERTR,Unknown,Unknown,81.66,-0.58,55.6,164.5,46.87,50.36,40.73,83.83,86.7,1002851.75,184334.0,0.18,Bearish,0,8,0,0,15,0,0,"Weak but watchable RSI, Below 200 DMA risk"
06.10.2026 at 12:47 AM IST,MAZDOCK,Capital Goods,Unknown,2064.0,-2.32,2031.2,2908.97,1.61,29.05,24.03,2396.28,2428.43,605569.15,648362.0,1.07,Bearish,0,5,8,5,25,0,0,"Oversold RSI, Within 30% of 52W low, Normal volume support, Below 200 DMA risk, Extreme RSI weakness"
06.10.2026 at 12:47 AM IST,MCL,Unknown,Unknown,54.64,-3.7,42.0,93.2,30.1,41.37,41.33,57.15,62.12,77260.7,92121.0,1.19,Bearish,0,8,0,5,15,0,0,"Weak but watchable RSI, Normal volume support, Below 200 DMA risk"
06.10.2026 at 12:47 AM IST,ROUTE,Unknown,Unknown,436.4,-1.93,406.12,782.72,7.46,44.25,26.97,502.47,532.64,227286.4,177583.0,0.78,Bearish,0,5,8,0,15,0,0,"Oversold RSI, Within 30% of 52W low, Below 200 DMA risk"
06.10.2026 at 12:47 AM IST,RPOWER,Power,Unknown,19.41,-1.42,19.09,50.73,1.68,61.74,21.19,22.27,26.18,20031666.7,28326462.0,1.41,Bearish,0,5,8,10,30,0,0,"Oversold RSI, Within 30% of 52W low, Volume expansion, Below 200 DMA risk, Extreme RSI weakness, Very far from 52W high"
06.10.2026 at 12:47 AM IST,RSSOFTWARE,Unknown,Unknown,30.04,1.04,21.93,75.25,36.98,60.08,47.06,30.66,35.3,21625.1,15166.0,0.7,Bearish,0,10,0,0,20,0,0,"RSI recovering zone, Below 200 DMA risk, Very far from 52W high"
06.10.2026 at 12:47 AM IST,RTNPOWER,Unknown,Unknown,6.74,-2.18,6.66,11.94,1.2,43.55,23.48,7.77,8.7,15742598.15,13429275.0,0.85,Bearish,0,5,8,0,25,0,0,"Oversold RSI, Within 30% of 52W low, Below 200 DMA risk, Extreme RSI weakness"
06.10.2026 at 12:47 AM IST,DDEVPLSTIK,Unknown,Unknown,247.61,-0.76,184.24,357.59,34.39,30.76,33.66,269.84,264.56,84643.7,66902.0,0.79,Bearish,0,8,0,0,15,0,0,"Weak but watchable RSI, Below 200 DMA risk"
06.10.2026 at 12:47 AM IST,DEEPAKNTR,Chemicals,Unknown,1492.8,-2.42,1274.18,1889.27,17.16,20.99,28.71,1677.85,1628.59,215330.55,157119.0,0.73,Bearish,0,5,8,0,15,0,0,"Oversold RSI, Within 30% of 52W low, Below 200 DMA risk"
06.10.2026 at 12:47 AM IST,MUKTAARTS,Unknown,Unknown,55.92,-2.05,37.01,72.7,51.09,23.08,46.65,57.03,56.6,4588.7,1911.0,0.42,Bearish,0,10,0,0,15,0,0,"RSI recovering zone, Below 200 DMA risk"
06.10.2026 at 12:47 AM IST,MUTHOOTMF,Unknown,Unknown,174.09,-2.42,141.2,262.77,23.29,33.75,24.65,208.04,191.24,186766.55,202480.0,1.08,Bearish,0,5,8,5,25,0,0,"Oversold RSI, Within 30% of 52W low, Normal volume support, Below 200 DMA risk, Extreme RSI weakness"
06.10.2026 at 12:47 AM IST,AVG,Unknown,Unknown,166.0,-0.74,115.84,262.57,43.3,36.78,42.0,183.59,169.22,11976.1,5213.0,0.44,Bearish,0,8,0,0,15,0,0,"Weak but watchable RSI, Below 200 DMA risk"
06.10.2026 at 12:47 AM IST,AVROIND,Unknown,Unknown,6.68,-2.2,6.58,15.87,1.52,57.91,26.15,8.4,10.92,299094.15,47444.0,0.16,Bearish,0,5,8,0,15,0,0,"Oversold RSI, Within 30% of 52W low, Below 200 DMA risk"
06.10.2026 at 12:47 AM IST,LUXIND,Unknown,Unknown,1092.0,-1.36,822.47,1819.85,32.77,40.0,41.07,1182.68,1167.87,52048.15,16586.0,0.32,Bearish,0,8,0,0,15,0,0,"Weak but watchable RSI, Below 200 DMA risk"
06.10.2026 at 12:47 AM IST,M&MFIN,Financial Services,Unknown,319.75,-1.57,266.01,415.0,20.2,22.95,24.52,371.0,338.37,1778250.9,3088333.0,1.74,Bearish,0,5,8,10,25,0,0,"Oversold RSI, Within 30% of 52W low, Volume expansion, Below 200 DMA risk, Extreme RSI weakness"
06.10.2026 at 12:47 AM IST,MAANALU,Unknown,Unknown,99.34,-0.83,96.0,184.74,3.48,46.23,25.23,114.87,133.21,65952.4,65004.0,0.99,Bearish,0,5,8,0,15,0,0,"Oversold RSI, Within 30% of 52W low, Below 200 DMA risk"
06.10.2026 at 12:47 AM IST,MADRASFERT,Unknown,Unknown,57.46,-2.23,52.56,86.4,9.32,33.5,23.26,64.36,68.33,38683.4,18994.0,0.49,Bearish,0,5,8,0,25,0,0,"Oversold RSI, Within 30% of 52W low, Below 200 DMA risk, Extreme RSI weakness"
06.10.2026 at 12:47 AM IST,MAHEPC,Unknown,Unknown,96.3,-0.45,91.91,153.78,4.78,37.38,29.91,104.12,114.82,16717.8,13455.0,0.8,Bearish,0,5,8,0,15,0,0,"Oversold RSI, Within 30% of 52W low, Below 200 DMA risk"
06.10.2026 at 12:47 AM IST,ROSSELLIND,Unknown,Unknown,50.22,-1.28,39.72,73.0,26.45,31.21,29.66,55.89,51.99,38263.0,15225.0,0.4,Bearish,0,5,8,0,15,0,0,"Oversold RSI, Within 30% of 52W low, Below 200 DMA risk"
06.10.2026 at 12:47 AM IST,DBCORP,Unknown,Unknown,172.52,-1.63,169.81,271.88,1.6,36.55,18.78,198.38,211.11,70037.6,101816.0,1.45,Bearish,0,5,8,10,25,0,0,"Oversold RSI, Within 30% of 52W low, Volume expansion, Below 200 DMA risk, Extreme RSI weakness"
06.10.2026 at 12:47 AM IST,DBEIL,Unknown,Unknown,6.5,-2.69,5.15,17.82,26.19,63.52,41.06,6.91,8.11,436511.1,140729.0,0.32,Bearish,0,8,8,0,20,0,0,"Weak but watchable RSI, Within 30% of 52W low, Below 200 DMA risk, Very far from 52W high"
06.10.2026 at 12:47 AM IST,DCM,Unknown,Unknown,72.83,-1.58,55.0,104.3,32.42,30.17,29.5,80.01,83.13,12623.15,1935.0,0.15,Bearish,0,5,0,0,15,0,0,"Oversold RSI, Below 200 DMA risk"
06.10.2026 at 12:47 AM IST,DCMFINSERV,Unknown,Unknown,5.07,0.0,3.7,8.55,37.03,40.7,47.92,5.21,5.19,11485.75,4145.0,0.36,Bearish,0,10,0,0,15,0,0,"RSI recovering zone, Below 200 DMA risk"
06.10.2026 at 12:47 AM IST,BCONCEPTS,Unknown,Unknown,140.41,-0.18,136.5,380.0,2.86,63.05,29.38,164.76,225.53,12226.8,7732.0,0.63,Bearish,0,5,8,0,20,0,0,"Oversold RSI, Within 30% of 52W low, Below 200 DMA risk, Very far from 52W high"
06.10.2026 at 12:47 AM IST,BDL,Capital Goods,Unknown,1087.9,-2.0,1071.2,1627.06,1.56,33.14,29.88,1250.73,1315.65,1061325.3,928850.0,0.88,Bearish,0,5,8,0,15,0,0,"Oversold RSI, Within 30% of 52W low, Below 200 DMA risk"
06.10.2026 at 12:47 AM IST,TANLA,Unknown,Unknown,487.75,-0.89,361.83,732.9,34.8,33.45,37.76,546.34,508.79,346287.75,338612.0,0.98,Bearish,0,8,0,0,15,0,0,"Weak but watchable RSI, Below 200 DMA risk"
06.10.2026 at 12:47 AM IST,TATAELXSI,Information Technology,Unknown,3092.8,0.13,3046.2,5845.18,1.53,47.09,24.1,3533.85,4215.59,242525.6,333513.0,1.38,Bearish,0,5,8,10,25,0,0,"Oversold RSI, Within 30% of 52W low, Volume expansion, Below 200 DMA risk, Extreme RSI weakness"
06.10.2026 at 12:47 AM IST,DEVIT,Unknown,Unknown,20.75,-5.08,20.49,44.25,1.27,53.1,20.48,24.82,28.34,41895.1,85533.0,2.04,Bearish,0,5,8,15,30,0,0,"Oversold RSI, Within 30% of 52W low, Strong volume expansion, Below 200 DMA risk, Extreme RSI weakness, Sharp daily fall"
06.10.2026 at 12:47 AM IST,RVHL,Unknown,Unknown,37.23,-2.54,28.5,62.15,30.63,40.1,32.47,41.45,43.09,7990.3,9907.0,1.24,Bearish,0,8,0,5,15,0,0,"Weak but watchable RSI, Normal volume support, Below 200 DMA risk"
06.10.2026 at 12:47 AM IST,S&SPOWER,Unknown,Unknown,294.1,-1.36,193.5,444.95,51.99,33.9,35.98,321.62,333.58,3802.05,2068.0,0.54,Bearish,0,8,0,0,15,0,0,"Weak but watchable RSI, Below 200 DMA risk"
06.10.2026 at 12:47 AM IST,SAFARI,Unknown,Unknown,1378.8,-3.55,1361.43,2504.02,1.28,44.94,24.46,1507.59,1676.01,40153.95,29387.0,0.73,Bearish,0,5,8,0,25,0,0,"Oversold RSI, Within 30% of 52W low, Below 200 DMA risk, Extreme RSI weakness"
06.10.2026 at 12:47 AM IST,SAKHTISUG,Unknown,Unknown,17.58,-2.39,13.52,23.29,30.03,24.52,38.75,18.75,17.68,165439.15,87103.0,0.53,Bearish,0,8,0,0,15,0,0,"Weak but watchable RSI, Below 200 DMA risk"
06.10.2026 at 12:47 AM IST,SAKUMA,Unknown,Unknown,1.54,-1.28,1.1,3.1,40.0,50.32,43.22,1.61,1.81,1012228.8,1283553.0,1.27,Bearish,0,8,0,5,15,0,0,"Weak but watchable RSI, Normal volume support, Below 200 DMA risk"
06.10.2026 at 12:47 AM IST,SALASAR,Unknown,Unknown,4.13,1.23,3.8,10.99,8.68,62.42,18.79,5.45,6.92,6985720.75,3680794.0,0.53,Bearish,0,5,8,0,30,0,0,"Oversold RSI, Within 30% of 52W low, Below 200 DMA risk, Extreme RSI weakness, Very far from 52W high"
06.10.2026 at 12:47 AM IST,CROMPTON,Consumer Durables,Unknown,202.7,-2.86,201.1,306.81,0.8,33.93,20.07,238.33,251.89,2469774.0,4535645.0,1.84,Bearish,0,5,8,10,25,0,0,"Oversold RSI, Within 30% of 52W low, Volume expansion, Below 200 DMA risk, Extreme RSI weakness"
06.10.2026 at 12:47 AM IST,RELAXO,Unknown,Unknown,285.35,-2.01,233.86,449.68,22.02,36.54,24.28,354.55,345.11,257991.8,135396.0,0.52,Bearish,0,5,8,0,25,0,0,"Oversold RSI, Within 30% of 52W low, Below 200 DMA risk, Extreme RSI weakness"
06.10.2026 at 12:47 AM IST,RICOAUTO,Unknown,Unknown,121.63,-4.17,78.59,157.32,54.77,22.69,37.56,133.18,125.31,818419.25,864413.0,1.06,Bearish,0,8,0,5,15,0,0,"Weak but watchable RSI, Normal volume support, Below 200 DMA risk"
06.10.2026 at 12:47 AM IST,RIIL,Unknown,Unknown,666.85,-1.55,614.55,959.63,8.51,30.51,26.88,731.92,750.09,44514.5,37803.0,0.85,Bearish,0,5,8,0,15,0,0,"Oversold RSI, Within 30% of 52W low, Below 200 DMA risk"
06.10.2026 at 12:47 AM IST,DIGISPICE,Unknown,Unknown,14.79,-1.14,14.4,28.98,2.71,48.96,26.7,16.92,19.27,113807.2,52113.0,0.46,Bearish,0,5,8,0,15,0,0,"Oversold RSI, Within 30% of 52W low, Below 200 DMA risk"
06.10.2026 at 12:47 AM IST,DIGITIDE,Unknown,Unknown,72.34,-0.7,69.9,185.92,3.49,61.09,16.22,93.47,98.51,228911.55,321390.0,1.4,Bearish,0,5,8,10,30,0,0,"Oversold RSI, Within 30% of 52W low, Volume expansion, Below 200 DMA risk, Extreme RSI weakness, Very far from 52W high"
06.10.2026 at 12:47 AM IST,DJML,Unknown,Unknown,72.61,1.1,51.94,124.65,39.81,41.75,36.3,90.53,90.97,112929.35,76710.0,0.68,Bearish,0,8,0,0,15,0,0,"Weak but watchable RSI, Below 200 DMA risk"
06.10.2026 at 12:47 AM IST,DREDGECORP,Unknown,Unknown,895.2,-2.72,538.0,1286.0,66.39,30.39,23.92,1059.97,1017.19,75179.05,91115.0,1.21,Bearish,0,5,0,5,25,0,0,"Oversold RSI, Normal volume support, Below 200 DMA risk, Extreme RSI weakness"
06.10.2026 at 12:47 AM IST,DUCON,Unknown,Unknown,1.3,-4.41,1.15,5.77,13.04,77.47,30.55,2.22,3.06,4226205.6,3705446.0,0.88,Bearish,0,8,8,0,20,0,0,"Weak but watchable RSI, Within 30% of 52W low, Below 200 DMA risk, Very far from 52W high"
06.10.2026 at 12:47 AM IST,TMCV,Capital Goods,Unknown,415.5,-1.46,302.88,503.32,37.18,17.45,35.04,448.48,428.05,5985696.25,7408903.0,1.24,Bearish,0,8,0,5,15,0,0,"Weak but watchable RSI, Normal volume support, Below 200 DMA risk"
06.10.2026 at 12:47 AM IST,TOKYOPLAST,Unknown,Unknown,71.01,-2.99,53.86,135.0,31.84,47.4,36.63,77.49,86.66,1420.55,1264.0,0.89,Bearish,0,8,0,0,15,0,0,"Weak but watchable RSI, Below 200 DMA risk"
06.10.2026 at 12:47 AM IST,HATHWAY,Unknown,Unknown,9.32,-1.38,8.76,14.38,6.39,35.19,25.36,10.4,10.87,1552901.7,1551707.0,1.0,Bearish,0,5,8,0,15,0,0,"Oversold RSI, Within 30% of 52W low, Below 200 DMA risk"
06.10.2026 at 12:47 AM IST,HCC,Unknown,Unknown,20.23,-0.88,13.65,29.5,48.21,31.42,35.56,21.77,20.72,17495689.6,16600215.0,0.95,Bearish,0,8,0,0,15,0,0,"Weak but watchable RSI, Below 200 DMA risk"
06.10.2026 at 12:47 AM IST,ELECTHERM,Unknown,Unknown,743.6,-3.96,551.0,1277.0,34.95,41.77,11.66,970.49,874.35,25736.85,17615.0,0.68,Bearish,0,5,0,0,25,0,0,"Oversold RSI, Below 200 DMA risk, Extreme RSI weakness"
06.10.2026 at 12:47 AM IST,ELIN,Unknown,Unknown,79.73,-7.61,78.31,222.99,1.81,64.25,24.49,96.09,119.09,150271.9,424406.0,2.82,Bearish,0,5,8,15,35,0,0,"Oversold RSI, Within 30% of 52W low, Strong volume expansion, Below 200 DMA risk, Extreme RSI weakness, Sharp daily fall, Very far from 52W high"
06.10.2026 at 12:47 AM IST,EMAMIREAL,Unknown,Unknown,67.14,-0.43,48.2,115.3,39.29,41.77,43.26,71.73,76.26,14560.1,5743.0,0.39,Bearish,0,8,0,0,15,0,0,"Weak but watchable RSI, Below 200 DMA risk"
06.10.2026 at 12:47 AM IST,EMBDL,Unknown,Unknown,56.13,-4.07,39.46,97.42,42.25,42.38,44.5,60.04,59.59,2663662.8,2114200.0,0.79,Bearish,0,8,0,0,15,0,0,"Weak but watchable RSI, Below 200 DMA risk"
06.10.2026 at 12:47 AM IST,JETFREIGHT,Unknown,Unknown,19.59,-5.54,12.0,25.95,63.25,24.51,38.25,21.7,19.91,270442.2,232005.0,0.86,Bearish,0,8,0,0,20,0,0,"Weak but watchable RSI, Below 200 DMA risk, Sharp daily fall"
06.10.2026 at 12:47 AM IST,BAJAJ-AUTO,Automobile and Auto Components,Unknown,10045.0,-7.62,8485.58,12470.0,18.38,19.45,21.31,11578.22,10158.91,254321.75,1491300.0,5.86,Bearish,0,5,8,15,30,0,0,"Oversold RSI, Within 30% of 52W low, Strong volume expansion, Below 200 DMA risk, Extreme RSI weakness, Sharp daily fall"
06.10.2026 at 12:47 AM IST,BAJAJELEC,Unknown,Unknown,299.8,-1.19,296.0,555.94,1.28,46.07,28.05,336.99,364.06,114924.65,107359.0,0.93,Bearish,0,5,8,0,15,0,0,"Oversold RSI, Within 30% of 52W low, Below 200 DMA risk"
06.10.2026 at 12:47 AM IST,BALAXI,Unknown,Unknown,22.34,-1.93,15.2,45.31,46.97,50.7,41.3,23.56,23.85,45343.85,20508.0,0.45,Bearish,0,8,0,0,15,0,0,"Weak but watchable RSI, Below 200 DMA risk"
06.10.2026 at 12:47 AM IST,BALKRISHNA,Unknown,Unknown,15.94,-2.15,12.0,25.18,32.83,36.7,41.91,17.02,17.39,11062.9,7587.0,0.69,Bearish,0,8,0,0,15,0,0,"Weak but watchable RSI, Below 200 DMA risk"
06.10.2026 at 12:47 AM IST,TEJASNET,Telecommunication,Unknown,464.8,-4.4,294.0,644.75,58.1,27.91,29.25,526.0,473.11,2997338.45,1792351.0,0.6,Bearish,0,5,0,0,15,0,0,"Oversold RSI, Below 200 DMA risk"
06.10.2026 at 12:47 AM IST,TEMBO,Unknown,Unknown,57.16,-0.88,43.33,83.55,31.9,31.59,47.46,58.05,57.37,1713332.35,955699.0,0.56,Bearish,0,10,0,0,15,0,0,"RSI recovering zone, Below 200 DMA risk"
06.10.2026 at 12:47 AM IST,TERASOFT,Unknown,Unknown,207.91,0.34,194.11,595.11,7.11,65.06,22.73,308.43,362.64,30507.5,74848.0,2.45,Bearish,0,5,8,15,30,0,0,"Oversold RSI, Within 30% of 52W low, Strong volume expansion, Below 200 DMA risk, Extreme RSI weakness, Very far from 52W high"
06.10.2026 at 12:47 AM IST,NACLIND,Unknown,Unknown,130.41,-1.84,112.62,245.0,15.8,46.77,18.82,165.68,164.74,552741.55,525450.0,0.95,Bearish,0,5,8,0,25,0,0,"Oversold RSI, Within 30% of 52W low, Below 200 DMA risk, Extreme RSI weakness"
06.10.2026 at 12:47 AM IST,NARMADA,Unknown,Unknown,12.31,-3.15,9.95,22.58,23.72,45.49,29.2,14.46,15.86,487824.8,289831.0,0.59,Bearish,0,5,8,0,15,0,0,"Oversold RSI, Within 30% of 52W low, Below 200 DMA risk"
06.10.2026 at 12:47 AM IST,NATHBIOGEN,Unknown,Unknown,137.74,-3.55,124.5,201.32,10.64,31.58,29.64,152.14,154.67,26195.95,9469.0,0.36,Bearish,0,5,8,0,15,0,0,"Oversold RSI, Within 30% of 52W low, Below 200 DMA risk"
06.10.2026 at 12:47 AM IST,NATIONALUM,Metals & Mining,Unknown,334.9,-1.77,208.58,443.37,60.56,24.47,32.67,369.49,370.72,4537795.6,4672624.0,1.03,Bearish,0,8,0,5,15,0,0,"Weak but watchable RSI, Normal volume support, Below 200 DMA risk"
06.10.2026 at 12:47 AM IST,HINDCOPPER,Metals & Mining,Unknown,462.15,-2.22,306.84,755.97,50.61,38.87,32.71,515.33,526.48,7605805.3,6827265.0,0.9,Bearish,0,8,0,0,15,0,0,"Weak but watchable RSI, Below 200 DMA risk"
06.10.2026 at 12:47 AM IST,MAMATA,Unknown,Unknown,399.9,0.28,296.62,462.85,34.82,13.6,46.61,407.42,400.12,88890.85,63090.0,0.71,Bearish,0,10,0,0,15,0,0,"RSI recovering zone, Below 200 DMA risk"
06.10.2026 at 12:47 AM IST,ITI,Telecommunication,Unknown,241.54,-1.97,237.0,372.85,1.92,35.22,26.06,269.57,284.52,191955.7,157624.0,0.82,Bearish,0,5,8,0,15,0,0,"Oversold RSI, Within 30% of 52W low, Below 200 DMA risk"
06.10.2026 at 12:47 AM IST,JARO,Unknown,Unknown,408.4,-2.79,381.17,763.78,7.14,46.53,29.11,454.65,473.06,118483.65,99816.0,0.84,Bearish,0,5,8,0,15,0,0,"Oversold RSI, Within 30% of 52W low, Below 200 DMA risk"
06.10.2026 at 12:47 AM IST,PREMIERENE,Capital Goods,Unknown,878.05,0.91,666.41,1134.0,31.76,22.57,33.57,986.15,933.65,1237377.2,1259157.0,1.02,Bearish,0,8,0,5,15,0,0,"Weak but watchable RSI, Normal volume support, Below 200 DMA risk"
06.10.2026 at 12:47 AM IST,PSB,Unknown,Unknown,20.96,-1.73,20.18,31.95,3.87,34.4,27.48,22.92,24.41,837011.7,752976.0,0.9,Bearish,0,5,8,0,15,0,0,"Oversold RSI, Within 30% of 52W low, Below 200 DMA risk"
06.10.2026 at 12:47 AM IST,PSPPROJECT,Unknown,Unknown,747.1,-2.59,569.2,1143.0,31.25,34.64,22.45,891.34,837.92,55212.5,75324.0,1.36,Bearish,0,5,0,10,25,0,0,"Oversold RSI, Volume expansion, Below 200 DMA risk, Extreme RSI weakness"
06.10.2026 at 12:47 AM IST,PVSL,Unknown,Unknown,89.86,-5.91,82.41,163.0,9.04,44.87,23.85,105.33,102.91,26848.1,89730.0,3.34,Bearish,0,5,8,15,30,0,0,"Oversold RSI, Within 30% of 52W low, Strong volume expansion, Below 200 DMA risk, Extreme RSI weakness, Sharp daily fall"
06.10.2026 at 12:47 AM IST,EMSLIMITED,Unknown,Unknown,331.55,-1.68,255.0,574.53,30.02,42.29,26.83,378.89,357.86,186665.0,157212.0,0.84,Bearish,0,5,0,0,15,0,0,"Oversold RSI, Below 200 DMA risk"
06.10.2026 at 12:47 AM IST,EPACK,Unknown,Unknown,171.59,-2.14,168.61,358.35,1.77,52.12,24.85,201.08,235.55,289109.8,284743.0,0.98,Bearish,0,5,8,0,25,0,0,"Oversold RSI, Within 30% of 52W low, Below 200 DMA risk, Extreme RSI weakness"
06.10.2026 at 12:47 AM IST,EQUITASBNK,Unknown,Unknown,68.41,-0.75,51.25,83.9,33.48,18.46,39.31,73.63,69.22,1781497.45,1588015.0,0.89,Bearish,0,8,0,0,15,0,0,"Weak but watchable RSI, Below 200 DMA risk"
06.10.2026 at 12:47 AM IST,ERIS,Unknown,Unknown,1189.8,-0.18,1162.9,1730.71,2.31,31.25,21.99,1328.24,1382.61,89525.1,88725.0,0.99,Bearish,0,5,8,0,25,0,0,"Oversold RSI, Within 30% of 52W low, Below 200 DMA risk, Extreme RSI weakness"
06.10.2026 at 12:47 AM IST,ASTRAZEN,Unknown,Unknown,6031.0,-2.51,5986.0,9805.7,0.75,38.49,13.77,7252.95,8148.63,8745.75,11473.0,1.31,Bearish,0,5,8,10,25,0,0,"Oversold RSI, Within 30% of 52W low, Volume expansion, Below 200 DMA risk, Extreme RSI weakness"
06.10.2026 at 12:47 AM IST,ATALREAL,Unknown,Unknown,12.78,1.59,11.7,36.7,9.23,65.18,26.99,26.18,26.63,7915158.15,2168896.0,0.27,Bearish,0,5,8,0,20,0,0,"Oversold RSI, Within 30% of 52W low, Below 200 DMA risk, Very far from 52W high"
06.10.2026 at 12:47 AM IST,ATUL,Chemicals,Unknown,5861.0,-0.92,5533.22,7144.77,5.92,17.97,28.69,6449.24,6416.62,26862.55,22403.0,0.83,Bearish,0,5,8,0,15,0,0,"Oversold RSI, Within 30% of 52W low, Below 200 DMA risk"
06.10.2026 at 12:47 AM IST,UFO,Unknown,Unknown,56.49,-2.8,53.75,92.97,5.1,39.24,19.04,64.52,70.88,28673.7,34623.0,1.21,Bearish,0,5,8,5,25,0,0,"Oversold RSI, Within 30% of 52W low, Normal volume support, Below 200 DMA risk, Extreme RSI weakness"
06.10.2026 at 12:47 AM IST,NIVABUPA,Unknown,Unknown,72.98,-2.45,67.5,91.4,8.12,20.15,29.58,82.03,79.68,1318111.55,908237.0,0.69,Bearish,0,5,8,0,15,0,0,"Oversold RSI, Within 30% of 52W low, Below 200 DMA risk"
06.10.2026 at 12:47 AM IST,NUCLEUS,Unknown,Unknown,646.95,-0.51,638.05,1047.2,1.39,38.22,20.15,708.43,779.92,16226.2,12071.0,0.74,Bearish,0,5,8,0,25,0,0,"Oversold RSI, Within 30% of 52W low, Below 200 DMA risk, Extreme RSI weakness"
06.10.2026 at 12:47 AM IST,GROWW,Financial Services,Unknown,180.11,-2.07,112.0,227.2,60.81,20.73,32.4,193.1,184.43,29560346.35,18076780.0,0.61,Bearish,0,8,0,0,15,0,0,"Weak but watchable RSI, Below 200 DMA risk"
06.10.2026 at 12:47 AM IST,FINOPB,Unknown,Unknown,128.22,0.79,110.03,339.0,16.53,62.18,31.81,145.65,165.66,179912.1,146312.0,0.81,Bearish,0,8,8,0,20,0,0,"Weak but watchable RSI, Within 30% of 52W low, Below 200 DMA risk, Very far from 52W high"
06.10.2026 at 12:47 AM IST,NEWGEN,Unknown,Unknown,456.35,-2.46,396.61,1030.41,15.06,55.71,27.8,520.34,532.47,705571.45,629816.0,0.89,Bearish,0,5,8,0,15,0,0,"Oversold RSI, Within 30% of 52W low, Below 200 DMA risk"
06.10.2026 at 12:47 AM IST,NIACL,Financial Services,Unknown,160.21,-4.08,116.01,242.6,38.09,33.96,33.29,184.44,162.63,11544137.7,1814930.0,0.16,Bearish,0,8,0,0,15,0,0,"Weak but watchable RSI, Below 200 DMA risk"
06.10.2026 at 12:47 AM IST,NIBE,Unknown,Unknown,1234.5,-0.15,808.83,1846.25,52.63,33.13,37.39,1368.2,1248.32,55870.65,51473.0,0.92,Bearish,0,8,0,0,15,0,0,"Weak but watchable RSI, Below 200 DMA risk"
06.10.2026 at 12:47 AM IST,TRENT,Consumer Services,Unknown,2580.0,-1.59,2180.44,4900.76,18.32,47.36,24.4,2876.4,2845.75,707370.85,896919.0,1.27,Bearish,0,5,8,5,25,0,0,"Oversold RSI, Within 30% of 52W low, Normal volume support, Below 200 DMA risk, Extreme RSI weakness"
06.10.2026 at 12:47 AM IST,TRF,Unknown,Unknown,192.33,-2.78,191.19,387.8,0.6,50.4,21.01,224.62,248.35,13916.25,7150.0,0.51,Bearish,0,5,8,0,25,0,0,"Oversold RSI, Within 30% of 52W low, Below 200 DMA risk, Extreme RSI weakness"
06.10.2026 at 12:47 AM IST,TRIDENT,Textiles,Unknown,22.16,-1.25,21.53,30.31,2.91,26.89,23.23,24.06,24.85,2602257.35,2837617.0,1.09,Bearish,0,5,8,5,25,0,0,"Oversold RSI, Within 30% of 52W low, Normal volume support, Below 200 DMA risk, Extreme RSI weakness"
06.10.2026 at 12:47 AM IST,TRIGYN,Unknown,Unknown,51.8,-2.45,37.55,86.0,37.95,39.77,39.22,55.74,56.37,48778.45,36496.0,0.75,Bearish,0,8,0,0,15,0,0,"Weak but watchable RSI, Below 200 DMA risk"
06.10.2026 at 12:47 AM IST,ASMS,Unknown,Unknown,5.92,-2.31,5.1,16.7,16.08,64.55,15.78,6.91,8.54,211196.15,174867.0,0.83,Bearish,0,5,8,0,30,0,0,"Oversold RSI, Within 30% of 52W low, Below 200 DMA risk, Extreme RSI weakness, Very far from 52W high"
06.10.2026 at 12:47 AM IST,RKSWAMY,Unknown,Unknown,86.46,-4.03,65.86,147.14,31.27,41.24,37.6,95.38,96.89,26266.2,28240.0,1.08,Bearish,0,8,0,5,15,0,0,"Weak but watchable RSI, Normal volume support, Below 200 DMA risk"
06.10.2026 at 12:47 AM IST,EUROPRATIK,Unknown,Unknown,190.42,-0.98,184.71,389.66,3.09,51.13,14.63,263.85,264.0,227172.3,195340.0,0.86,Bearish,0,5,8,0,25,0,0,"Oversold RSI, Within 30% of 52W low, Below 200 DMA risk, Extreme RSI weakness"
06.10.2026 at 12:47 AM IST,RADIOCITY,Unknown,Unknown,5.88,-1.84,4.5,8.64,30.67,31.94,34.2,6.44,6.19,66789.75,76812.0,1.15,Bearish,0,8,0,5,15,0,0,"Weak but watchable RSI, Normal volume support, Below 200 DMA risk"
06.10.2026 at 12:47 AM IST,RAINBOW,Healthcare,Unknown,1279.8,-2.62,1081.46,1610.0,18.34,20.51,21.1,1458.58,1329.31,142040.7,219253.0,1.54,Bearish,0,5,8,10,25,0,0,"Oversold RSI, Within 30% of 52W low, Volume expansion, Below 200 DMA risk, Extreme RSI weakness"
06.10.2026 at 12:47 AM IST,RAMKY,Unknown,Unknown,274.6,-1.61,264.5,702.8,3.82,60.93,19.37,353.85,438.8,50072.95,171591.0,3.43,Bearish,0,5,8,15,30,0,0,"Oversold RSI, Within 30% of 52W low, Strong volume expansion, Below 200 DMA risk, Extreme RSI weakness, Very far from 52W high"
06.10.2026 at 12:47 AM IST,EIEL,Unknown,Unknown,184.0,-2.96,134.71,257.66,36.59,28.59,33.45,203.39,193.55,1581250.4,775964.0,0.49,Bearish,0,8,0,0,15,0,0,"Weak but watchable RSI, Below 200 DMA risk"
06.10.2026 at 12:47 AM IST,NDGL,Unknown,Unknown,2411.0,-2.94,2098.16,4046.45,14.91,40.42,22.86,2713.05,2649.55,196.4,182.0,0.93,Bearish,0,5,8,0,25,0,0,"Oversold RSI, Within 30% of 52W low, Below 200 DMA risk, Extreme RSI weakness"
06.10.2026 at 12:47 AM IST,NDL,Unknown,Unknown,2.54,-2.68,1.8,3.48,41.11,27.01,37.83,2.62,2.65,1029378.1,935999.0,0.91,Bearish,0,8,0,0,15,0,0,"Weak but watchable RSI, Below 200 DMA risk"
06.10.2026 at 12:47 AM IST,KOTYARK,Unknown,Unknown,28.23,-5.36,17.2,45.02,64.15,37.29,37.54,34.07,31.32,291033.55,197856.0,0.68,Bearish,0,8,0,0,20,0,0,"Weak but watchable RSI, Below 200 DMA risk, Sharp daily fall"
06.10.2026 at 12:47 AM IST,KIRLPNU,Unknown,Unknown,681.95,0.78,491.29,1093.54,38.81,37.64,36.58,727.84,687.75,125263.4,97672.0,0.78,Bearish,0,8,0,0,15,0,0,"Weak but watchable RSI, Below 200 DMA risk"
06.10.2026 at 12:47 AM IST,ZODIACLOTH,Unknown,Unknown,66.71,-3.36,58.5,104.0,14.03,35.86,29.25,73.14,77.12,3785.15,1851.0,0.49,Bearish,0,5,8,0,15,0,0,"Oversold RSI, Within 30% of 52W low, Below 200 DMA risk"
06.10.2026 at 12:47 AM IST,ABFRL,Unknown,Unknown,44.53,-3.86,44.04,88.4,1.11,49.63,24.01,53.74,62.07,4806817.3,5512411.0,1.15,Bearish,0,5,8,5,25,0,0,"Oversold RSI, Within 30% of 52W low, Normal volume support, Below 200 DMA risk, Extreme RSI weakness"
06.10.2026 at 12:47 AM IST,ZEELEARN,Unknown,Unknown,6.3,-3.08,4.17,10.1,51.08,37.62,35.47,7.44,6.79,290670.35,249693.0,0.86,Bearish,0,8,0,0,15,0,0,"Weak but watchable RSI, Below 200 DMA risk"
06.10.2026 at 12:47 AM IST,ZEEL,Media Entertainment & Publication,Unknown,71.92,-3.42,66.41,115.59,8.29,37.78,24.55,90.89,89.59,16157982.1,13789871.0,0.85,Bearish,0,5,8,0,25,0,0,"Oversold RSI, Within 30% of 52W low, Below 200 DMA risk, Extreme RSI weakness"
06.10.2026 at 12:47 AM IST,ACL,Unknown,Unknown,39.33,0.0,38.4,85.57,2.42,54.04,20.38,44.67,53.44,15702.0,10720.0,0.68,Bearish,0,5,8,0,25,0,0,"Oversold RSI, Within 30% of 52W low, Below 200 DMA risk, Extreme RSI weakness"
06.10.2026 at 12:47 AM IST,GRSE,Capital Goods,Unknown,2111.1,-3.24,1958.08,3329.44,7.81,36.59,22.0,2496.59,2537.38,330254.1,571755.0,1.73,Bearish,0,5,8,10,25,0,0,"Oversold RSI, Within 30% of 52W low, Volume expansion, Below 200 DMA risk, Extreme RSI weakness"
06.10.2026 at 12:47 AM IST,AMNPLST,Unknown,Unknown,165.43,-3.58,126.62,249.26,30.65,33.63,40.78,181.35,178.39,8880.15,4515.0,0.51,Bearish,0,8,0,0,15,0,0,"Weak but watchable RSI, Below 200 DMA risk"
06.10.2026 at 12:47 AM IST,APEX,Unknown,Unknown,326.3,-3.03,218.42,511.12,49.39,36.16,31.5,371.48,380.66,101087.7,123991.0,1.23,Bearish,0,8,0,5,15,0,0,"Weak but watchable RSI, Normal volume support, Below 200 DMA risk"
06.10.2026 at 12:47 AM IST,APTECHT,Unknown,Unknown,87.03,-1.39,66.31,128.48,31.24,32.26,38.48,91.57,91.47,71256.65,46982.0,0.66,Bearish,0,8,0,0,15,0,0,"Weak but watchable RSI, Below 200 DMA risk"
06.10.2026 at 12:47 AM IST,KPITTECH,Information Technology,Unknown,492.0,-1.42,484.5,1271.24,1.55,61.3,26.91,576.11,752.23,1593638.95,1989750.0,1.25,Bearish,0,5,8,5,20,0,0,"Oversold RSI, Within 30% of 52W low, Normal volume support, Below 200 DMA risk, Very far from 52W high"
06.10.2026 at 12:47 AM IST,KRISHNADEF,Unknown,Unknown,1000.9,-3.09,664.35,1398.64,50.66,28.44,41.27,1084.07,1062.63,73626.15,66116.0,0.9,Bearish,0,8,0,0,15,0,0,"Weak but watchable RSI, Below 200 DMA risk"
06.10.2026 at 12:47 AM IST,KRITIKA,Unknown,Unknown,4.91,0.0,4.5,9.55,9.11,48.59,25.49,5.42,6.04,104249.2,85581.0,0.82,Bearish,0,5,8,0,15,0,0,"Oversold RSI, Within 30% of 52W low, Below 200 DMA risk"
06.10.2026 at 12:47 AM IST,KSB,Capital Goods,Unknown,806.45,-5.8,663.37,1023.25,21.57,21.19,48.68,812.25,816.6,424499.8,403813.0,0.95,Bearish,0,10,8,0,20,0,0,"RSI recovering zone, Within 30% of 52W low, Below 200 DMA risk, Sharp daily fall"
06.10.2026 at 12:47 AM IST,LATENTVIEW,Unknown,Unknown,234.48,-0.64,230.0,517.5,1.95,54.69,22.53,273.81,323.77,489158.55,421557.0,0.86,Bearish,0,5,8,0,25,0,0,"Oversold RSI, Within 30% of 52W low, Below 200 DMA risk, Extreme RSI weakness"
06.10.2026 at 12:47 AM IST,GRAVITA,Metals & Mining,Unknown,1412.6,-2.4,1266.9,1913.6,11.5,26.18,14.44,1687.07,1653.62,204588.55,291677.0,1.43,Bearish,0,5,8,10,25,0,0,"Oversold RSI, Within 30% of 52W low, Volume expansion, Below 200 DMA risk, Extreme RSI weakness"
06.10.2026 at 12:47 AM IST,ORISSAMINE,Unknown,Unknown,3538.6,-3.09,3100.5,6138.9,14.13,42.36,23.57,4193.96,4158.29,7711.55,11663.0,1.51,Bearish,0,5,8,10,25,0,0,"Oversold RSI, Within 30% of 52W low, Volume expansion, Below 200 DMA risk, Extreme RSI weakness"
06.10.2026 at 12:47 AM IST,ORTINGLOBE,Unknown,Unknown,14.52,1.4,10.66,21.3,36.21,31.83,42.51,15.38,15.31,14869.7,1329.0,0.09,Bearish,0,8,0,0,15,0,0,"Weak but watchable RSI, Below 200 DMA risk"
06.10.2026 at 12:47 AM IST,PANSARI,Unknown,Unknown,260.0,-5.11,233.3,388.9,11.44,33.14,29.99,306.8,300.09,744.9,110.0,0.15,Bearish,0,5,8,0,20,0,0,"Oversold RSI, Within 30% of 52W low, Below 200 DMA risk, Sharp daily fall"
06.10.2026 at 12:47 AM IST,PARASPETRO,Unknown,Unknown,2.02,-2.42,1.53,3.23,32.03,37.46,34.32,2.24,2.15,100987.5,42137.0,0.42,Bearish,0,8,0,0,15,0,0,"Weak but watchable RSI, Below 200 DMA risk"
06.10.2026 at 12:47 AM IST,UTKARSHBNK,Unknown,Unknown,13.43,-2.4,10.12,22.03,32.71,39.04,37.82,14.37,13.94,15767461.55,3995033.0,0.25,Bearish,0,8,0,0,15,0,0,"Weak but watchable RSI, Below 200 DMA risk"
06.10.2026 at 12:47 AM IST,VAKRANGEE,Unknown,Unknown,5.12,-0.39,4.61,9.64,11.06,46.89,27.92,5.7,6.39,1135124.8,839936.0,0.74,Bearish,0,5,8,0,15,0,0,"Oversold RSI, Within 30% of 52W low, Below 200 DMA risk"
06.10.2026 at 12:47 AM IST,VERTOZ,Unknown,Unknown,35.66,0.2,26.95,76.61,32.3,53.45,37.66,36.85,46.26,37058.35,20836.0,0.56,Bearish,0,8,0,0,15,0,0,"Weak but watchable RSI, Below 200 DMA risk"
06.10.2026 at 12:47 AM IST,GAYAHWS,Unknown,Unknown,1.72,-2.27,1.71,4.76,0.58,63.87,26.01,1.92,2.23,176290.75,163710.0,0.93,Bearish,0,5,8,0,20,0,0,"Oversold RSI, Within 30% of 52W low, Below 200 DMA risk, Very far from 52W high"
06.10.2026 at 12:47 AM IST,GENUSPOWER,Unknown,Unknown,280.0,-3.0,206.02,362.4,35.91,22.74,25.99,316.63,295.67,1611258.15,2287333.0,1.42,Bearish,0,5,0,10,15,0,0,"Oversold RSI, Volume expansion, Below 200 DMA risk"
06.10.2026 at 12:47 AM IST,ONIDA,Unknown,Unknown,31.34,-2.15,21.5,49.23,45.77,36.34,34.97,35.56,34.23,548988.55,396392.0,0.72,Bearish,0,8,0,0,15,0,0,"Weak but watchable RSI, Below 200 DMA risk"
06.10.2026 at 12:47 AM IST,ORIENTCEM,Unknown,Unknown,115.91,-2.41,114.3,225.99,1.41,48.71,26.69,129.41,142.39,526342.9,316838.0,0.6,Bearish,0,5,8,0,15,0,0,"Oversold RSI, Within 30% of 52W low, Below 200 DMA risk"
06.10.2026 at 12:47 AM IST,ORIENTELEC,Unknown,Unknown,154.46,-2.31,148.4,215.64,4.08,28.37,23.32,175.86,175.79,135006.9,187771.0,1.39,Bearish,0,5,8,10,25,0,0,"Oversold RSI, Within 30% of 52W low, Volume expansion, Below 200 DMA risk, Extreme RSI weakness"
06.10.2026 at 12:47 AM IST,GODREJCP,Fast Moving Consumer Goods,Unknown,840.0,-1.18,838.0,1255.18,0.24,33.08,29.36,934.55,1054.16,1059115.5,838419.0,0.79,Bearish,0,5,8,0,15,0,0,"Oversold RSI, Within 30% of 52W low, Below 200 DMA risk"
06.10.2026 at 12:47 AM IST,GODREJIND,Diversified,Unknown,1019.6,-1.9,744.2,1443.0,37.01,29.34,24.21,1189.36,1073.98,87572.2,105287.0,1.2,Bearish,0,5,0,5,25,0,0,"Oversold RSI, Normal volume support, Below 200 DMA risk, Extreme RSI weakness"
06.10.2026 at 12:47 AM IST,GODREJPROP,Realty,Unknown,1595.8,-2.01,1427.1,2340.69,11.82,31.82,24.57,1923.7,1825.9,632934.6,496337.0,0.78,Bearish,0,5,8,0,25,0,0,"Oversold RSI, Within 30% of 52W low, Below 200 DMA risk, Extreme RSI weakness"
06.10.2026 at 12:47 AM IST,INDIANB,Financial Services,Unknown,793.15,-1.58,739.15,980.02,7.31,19.07,27.44,856.83,852.14,900354.5,671392.0,0.75,Bearish,0,5,8,0,15,0,0,"Oversold RSI, Within 30% of 52W low, Below 200 DMA risk"
06.10.2026 at 12:47 AM IST,INDOTHAI,Unknown,Unknown,35.19,4.98,29.0,465.28,21.34,92.44,28.9,76.71,216.44,3073937.2,1541578.0,0.5,Bearish,0,5,8,0,20,0,0,"Oversold RSI, Within 30% of 52W low, Below 200 DMA risk, Very far from 52W high"
06.10.2026 at 12:47 AM IST,SJVN,Power,Unknown,57.91,-2.38,56.73,90.01,2.08,35.67,17.1,65.43,71.08,2769701.25,4376261.0,1.58,Bearish,0,5,8,10,25,0,0,"Oversold RSI, Within 30% of 52W low, Volume expansion, Below 200 DMA risk, Extreme RSI weakness"
06.10.2026 at 12:47 AM IST,BUTTERFLY,Unknown,Unknown,550.5,-0.41,522.25,823.85,5.41,33.18,22.84,636.76,641.22,19984.55,36497.0,1.83,Bearish,0,5,8,10,25,0,0,"Oversold RSI, Within 30% of 52W low, Volume expansion, Below 200 DMA risk, Extreme RSI weakness"
06.10.2026 at 12:47 AM IST,BVCL,Unknown,Unknown,41.39,-3.79,31.2,54.9,32.66,24.61,47.92,41.84,42.28,33172.15,18667.0,0.56,Bearish,0,10,0,0,15,0,0,"RSI recovering zone, Below 200 DMA risk"
06.10.2026 at 12:47 AM IST,CAMLINFINE,Unknown,Unknown,91.01,-2.3,89.12,211.95,2.12,57.06,27.55,108.64,127.55,633845.35,605614.0,0.96,Bearish,0,5,8,0,15,0,0,"Oversold RSI, Within 30% of 52W low, Below 200 DMA risk"
06.10.2026 at 12:47 AM IST,CANFINHOME,Financial Services,Unknown,711.0,-1.14,700.0,962.69,1.57,26.14,22.13,795.19,850.32,267121.15,417879.0,1.56,Bearish,0,5,8,10,25,0,0,"Oversold RSI, Within 30% of 52W low, Volume expansion, Below 200 DMA risk, Extreme RSI weakness"
06.10.2026 at 12:47 AM IST,CANHLIFE,Financial Services,Unknown,143.85,-3.14,105.72,166.25,36.07,13.47,34.39,150.96,145.11,858065.25,451047.0,0.53,Bearish,0,8,0,0,15,0,0,"Weak but watchable RSI, Below 200 DMA risk"
06.10.2026 at 12:47 AM IST,SRGHFL,Unknown,Unknown,135.77,-0.46,118.6,335.0,14.48,59.47,26.1,230.92,266.84,47321.7,5172.0,0.11,Bearish,0,5,8,0,15,0,0,"Oversold RSI, Within 30% of 52W low, Below 200 DMA risk"
06.10.2026 at 12:47 AM IST,SRM,Unknown,Unknown,398.75,-1.4,361.35,649.95,10.35,38.65,24.69,464.15,472.85,48547.15,48009.0,0.99,Bearish,0,5,8,0,25,0,0,"Oversold RSI, Within 30% of 52W low, Below 200 DMA risk, Extreme RSI weakness"
06.10.2026 at 12:47 AM IST,STCINDIA,Unknown,Unknown,105.96,-2.91,97.04,150.0,9.19,29.36,29.64,115.44,118.24,15383.25,11515.0,0.75,Bearish,0,5,8,0,15,0,0,"Oversold RSI, Within 30% of 52W low, Below 200 DMA risk"
06.10.2026 at 12:47 AM IST,BOROSCI,Unknown,Unknown,112.72,-1.04,96.64,180.8,16.64,37.65,25.67,130.74,127.12,81421.2,72726.0,0.89,Bearish,0,5,8,0,15,0,0,"Oversold RSI, Within 30% of 52W low, Below 200 DMA risk"
06.10.2026 at 12:47 AM IST,BROOKS,Unknown,Unknown,54.8,-1.79,36.3,138.0,50.96,60.29,31.92,61.8,65.12,40241.8,34254.0,0.85,Bearish,0,8,0,0,20,0,0,"Weak but watchable RSI, Below 200 DMA risk, Very far from 52W high"
06.10.2026 at 12:47 AM IST,BSE,Financial Services,Unknown,3046.0,-1.49,2096.48,4435.12,45.29,31.32,37.04,3358.46,3320.36,5346029.05,6273089.0,1.17,Bearish,0,8,0,5,15,0,0,"Weak but watchable RSI, Normal volume support, Below 200 DMA risk"
06.10.2026 at 12:47 AM IST,BSHSL,Unknown,Unknown,83.95,-2.5,59.16,128.5,41.9,34.67,39.85,87.98,92.11,7225.95,2741.0,0.38,Bearish,0,8,0,0,15,0,0,"Weak but watchable RSI, Below 200 DMA risk"
06.10.2026 at 12:47 AM IST,SUDARCOLOR,Unknown,Unknown,368.1,-2.35,268.25,550.0,37.22,33.07,40.64,386.41,374.08,5915.45,4435.0,0.75,Bearish,0,8,0,0,15,0,0,"Weak but watchable RSI, Below 200 DMA risk"
06.10.2026 at 12:47 AM IST,KELLTONTEC,Unknown,Unknown,12.42,-3.35,12.2,24.47,1.8,49.24,25.29,13.78,15.68,2123919.2,2047721.0,0.96,Bearish,0,5,8,0,15,0,0,"Oversold RSI, Within 30% of 52W low, Below 200 DMA risk"
06.10.2026 at 12:47 AM IST,KESORAMIND,Unknown,Unknown,10.73,-1.74,4.55,14.26,135.82,24.75,37.28,11.73,10.84,488686.35,601028.0,1.23,Bearish,0,8,0,5,15,0,0,"Weak but watchable RSI, Normal volume support, Below 200 DMA risk"
06.10.2026 at 12:47 AM IST,VGUARD,Unknown,Unknown,294.55,-0.64,287.43,382.18,2.48,22.93,26.77,322.26,318.03,392268.9,359135.0,0.92,Bearish,0,5,8,0,15,0,0,"Oversold RSI, Within 30% of 52W low, Below 200 DMA risk"
06.10.2026 at 12:47 AM IST,VINNY,Unknown,Unknown,0.9,1.12,0.88,1.53,2.27,41.18,23.9,1.02,1.11,307436.0,135375.0,0.44,Bearish,0,5,8,0,25,0,0,"Oversold RSI, Within 30% of 52W low, Below 200 DMA risk, Extreme RSI weakness"
06.10.2026 at 12:47 AM IST,VINYLINDIA,Unknown,Unknown,214.23,-2.19,157.1,292.63,36.37,26.79,37.69,231.99,232.3,5941.8,3116.0,0.52,Bearish,0,8,0,0,15,0,0,"Weak but watchable RSI, Below 200 DMA risk"
06.10.2026 at 12:47 AM IST,VIPCLOTHNG,Unknown,Unknown,20.11,-1.95,14.05,37.55,43.13,46.44,39.42,20.85,23.55,72234.8,34037.0,0.47,Bearish,0,8,0,0,15,0,0,"Weak but watchable RSI, Below 200 DMA risk"
06.10.2026 at 12:47 AM IST,SOUTHWEST,Unknown,Unknown,181.7,-0.43,121.0,275.0,50.17,33.93,32.4,214.26,215.98,264678.15,122218.0,0.46,Bearish,0,8,0,0,15,0,0,"Weak but watchable RSI, Below 200 DMA risk"
06.10.2026 at 12:47 AM IST,SPLIL,Unknown,Unknown,28.5,-2.53,20.2,45.2,41.09,36.95,38.7,30.88,30.6,7599.85,3855.0,0.51,Bearish,0,8,0,0,15,0,0,"Weak but watchable RSI, Below 200 DMA risk"
06.10.2026 at 12:47 AM IST,GTL,Unknown,Unknown,6.82,-0.87,4.91,9.69,38.9,29.62,38.1,7.25,7.38,171949.85,118621.0,0.69,Bearish,0,8,0,0,15,0,0,"Weak but watchable RSI, Below 200 DMA risk"
06.10.2026 at 12:47 AM IST,GULPOLY,Unknown,Unknown,161.75,-2.48,120.56,225.86,34.17,28.39,28.45,184.81,170.96,105007.65,91855.0,0.87,Bearish,0,5,0,0,15,0,0,"Oversold RSI, Below 200 DMA risk"
06.10.2026 at 12:47 AM IST,HAPPSTMNDS,Unknown,Unknown,304.7,-1.9,300.0,526.54,1.57,42.13,26.41,370.24,380.33,735217.4,560349.0,0.76,Bearish,0,5,8,0,15,0,0,"Oversold RSI, Within 30% of 52W low, Below 200 DMA risk"
06.10.2026 at 12:47 AM IST,JYOTHYLAB,Unknown,Unknown,182.91,-2.03,180.01,319.32,1.61,42.72,28.92,200.31,221.14,395251.7,392204.0,0.99,Bearish,0,5,8,0,15,0,0,"Oversold RSI, Within 30% of 52W low, Below 200 DMA risk"
06.10.2026 at 12:47 AM IST,KALAMANDIR,Unknown,Unknown,74.37,-2.49,73.1,219.28,1.74,66.08,28.78,84.14,102.84,459231.85,488731.0,1.06,Bearish,0,5,8,5,20,0,0,"Oversold RSI, Within 30% of 52W low, Normal volume support, Below 200 DMA risk, Very far from 52W high"
06.10.2026 at 12:47 AM IST,KANANIIND,Unknown,Unknown,1.34,-1.47,1.02,2.04,31.37,34.31,27.83,1.47,1.54,130055.1,83111.0,0.64,Bearish,0,5,0,0,15,0,0,"Oversold RSI, Below 200 DMA risk"
06.10.2026 at 12:47 AM IST,KANSAINER,Unknown,Unknown,175.27,-1.53,156.05,260.89,12.32,32.82,29.87,195.28,203.49,325163.75,242728.0,0.75,Bearish,0,5,8,0,15,0,0,"Oversold RSI, Within 30% of 52W low, Below 200 DMA risk"
06.10.2026 at 12:47 AM IST,KEC,Construction,Unknown,372.35,-1.3,367.5,882.72,1.32,57.82,29.85,425.69,533.23,1064811.65,624895.0,0.59,Bearish,0,5,8,0,15,0,0,"Oversold RSI, Within 30% of 52W low, Below 200 DMA risk"
