relative_scan_time,symbol,return_1m,return_3m,return_6m,nifty_1m_return,nifty_3m_return,nifty_6m_return,return_vs_nifty_1m,return_vs_nifty_3m,return_vs_nifty_6m,relative_strength_score,relative_strength_reasons,sector,industry,sector_rank,sector_count,sector_rank_pct
06.10.2026 at 10:05 AM IST,JUNIPER,-0.48,11.08,1.51,,,,0,0,0,20,"Positive 3M return, Positive 6M return",Consumer Cyclical,Lodging,12.0,387,3.1
06.10.2026 at 10:05 AM IST,JSL,1.88,8.49,-0.3,,,,0,0,0,18,"Positive 1M return, Positive 3M return",Basic Materials,Steel,13.0,331,3.93
06.10.2026 at 10:05 AM IST,DALMIASUG,4.04,28.61,23.51,,,,0,0,0,48,"Positive 1M return, Strong 3M absolute return, Positive 6M return, Positive across 1M/3M/6M",Consumer Defensive,Confectioners,4.0,144,2.78
06.10.2026 at 10:05 AM IST,DHAMPURSUG,14.39,36.26,42.32,,,,0,0,0,65,"Strong 1M absolute return, Strong 3M absolute return, Strong 6M absolute return, Positive across 1M/3M/6M",Consumer Defensive,Confectioners,1.0,144,0.69
06.10.2026 at 10:05 AM IST,SILINV,-7.69,7.67,11.7,,,,0,0,0,20,"Positive 3M return, Positive 6M return",Financial Services,Asset Management,11.0,223,4.93
06.10.2026 at 10:05 AM IST,COALINDIA,1.07,1.53,0.18,,,,0,0,0,38,"Positive 1M return, Positive 3M return, Positive 6M return, Positive across 1M/3M/6M",Energy,Thermal Coal,4.0,32,12.5
06.10.2026 at 10:05 AM IST,AIROLAM,7.6,1.15,9.29,,,,0,0,0,38,"Positive 1M return, Positive 3M return, Positive 6M return, Positive across 1M/3M/6M",Consumer Cyclical,"Furnishings, Fixtures & Appliances",7.0,387,1.81
06.10.2026 at 10:05 AM IST,AVADHSUGAR,3.53,67.92,88.55,,,,0,0,0,58,"Positive 1M return, Strong 3M absolute return, Strong 6M absolute return, Positive across 1M/3M/6M",Consumer Defensive,Confectioners,2.0,144,1.39
06.10.2026 at 10:05 AM IST,AAATECH,6.1,1.57,-0.93,,,,0,0,0,18,"Positive 1M return, Positive 3M return",Technology,Information Technology Services,13.0,159,8.18
06.10.2026 at 10:05 AM IST,HONASA,-0.85,2.39,51.86,,,,0,0,0,30,"Positive 3M return, Strong 6M absolute return",Consumer Defensive,Household & Personal Products,9.0,144,6.25
06.10.2026 at 10:05 AM IST,PRIMESECU,3.74,8.21,6.93,,,,0,0,0,38,"Positive 1M return, Positive 3M return, Positive 6M return, Positive across 1M/3M/6M",Financial Services,Capital Markets,7.0,223,3.14
06.10.2026 at 10:05 AM IST,MANALIPETC,2.08,47.17,64.67,,,,0,0,0,58,"Positive 1M return, Strong 3M absolute return, Strong 6M absolute return, Positive across 1M/3M/6M",Basic Materials,Specialty Chemicals,2.0,331,0.6
06.10.2026 at 10:05 AM IST,PONNIERODE,-0.93,20.75,37.84,,,,0,0,0,40,"Strong 3M absolute return, Strong 6M absolute return",Consumer Defensive,Confectioners,6.0,144,4.17
06.10.2026 at 10:05 AM IST,ATLANTAELE,-0.05,13.8,51.25,,,,0,0,0,30,"Positive 3M return, Strong 6M absolute return",Industrials,Electrical Equipment & Parts,9.0,417,2.16
06.10.2026 at 10:05 AM IST,VISHWARAJ,2.05,11.36,6.79,,,,0,0,0,38,"Positive 1M return, Positive 3M return, Positive 6M return, Positive across 1M/3M/6M",Consumer Defensive,Confectioners,7.0,144,4.86
06.10.2026 at 10:05 AM IST,DWARKESH,-2.21,10.33,3.51,,,,0,0,0,20,"Positive 3M return, Positive 6M return",Consumer Defensive,Confectioners,12.0,144,8.33
06.10.2026 at 10:05 AM IST,MOBIKWIK,13.32,-0.65,16.06,,,,0,0,0,25,"Strong 1M absolute return, Positive 6M return",Technology,Software - Infrastructure,11.0,159,6.92
06.10.2026 at 10:05 AM IST,SKYGOLD,4.15,36.89,119.23,,,,0,0,0,58,"Positive 1M return, Strong 3M absolute return, Strong 6M absolute return, Positive across 1M/3M/6M",Consumer Cyclical,Luxury Goods,2.0,387,0.52
06.10.2026 at 10:05 AM IST,GPPL,5.25,12.87,16.31,,,,0,0,0,38,"Positive 1M return, Positive 3M return, Positive 6M return, Positive across 1M/3M/6M",Industrials,Marine Shipping,7.0,417,1.68
06.10.2026 at 10:05 AM IST,INDHOTEL,1.08,0.67,16.2,,,,0,0,0,38,"Positive 1M return, Positive 3M return, Positive 6M return, Positive across 1M/3M/6M",Consumer Cyclical,Lodging,7.0,387,1.81
06.10.2026 at 10:05 AM IST,CASTROLIND,5.53,12.39,15.71,,,,0,0,0,38,"Positive 1M return, Positive 3M return, Positive 6M return, Positive across 1M/3M/6M",Energy,Oil & Gas Refining & Marketing,4.0,32,12.5
06.10.2026 at 10:05 AM IST,GPTINFRA,8.17,-1.33,8.59,,,,0,0,0,18,"Positive 1M return, Positive 6M return",Industrials,Engineering & Construction,13.0,417,3.12
06.10.2026 at 10:05 AM IST,SWELECTES,5.3,-4.15,5.97,,,,0,0,0,18,"Positive 1M return, Positive 6M return",Technology,Solar,13.0,159,8.18
06.10.2026 at 10:05 AM IST,KOTAKBANK,1.3,16.39,15.82,,,,0,0,0,38,"Positive 1M return, Positive 3M return, Positive 6M return, Positive across 1M/3M/6M",Financial Services,Banks - Regional,7.0,223,3.14
06.10.2026 at 10:05 AM IST,MANKIND,7.11,-2.06,18.96,,,,0,0,0,18,"Positive 1M return, Positive 6M return",Healthcare,Drug Manufacturers - Specialty & Generic,11.0,147,7.48
06.10.2026 at 10:05 AM IST,CAPILLARY,13.06,8.5,1.69,,,,0,0,0,45,"Strong 1M absolute return, Positive 3M return, Positive 6M return, Positive across 1M/3M/6M",Technology,Software - Application,5.0,159,3.14
06.10.2026 at 10:05 AM IST,CLEAN,-2.05,7.16,14.79,,,,0,0,0,20,"Positive 3M return, Positive 6M return",Basic Materials,Specialty Chemicals,12.0,331,3.63
06.10.2026 at 10:05 AM IST,GMRP&UI,9.43,5.98,0.24,,,,0,0,0,38,"Positive 1M return, Positive 3M return, Positive 6M return, Positive across 1M/3M/6M",Energy,Thermal Coal,4.0,32,12.5
06.10.2026 at 10:05 AM IST,MALUPAPER,-2.74,1.25,-2.98,,,,0,0,0,10,Positive 3M return,Basic Materials,Paper & Paper Products,15.0,331,4.53
06.10.2026 at 10:05 AM IST,TGBHOTELS,0.21,9.45,9.45,,,,0,0,0,38,"Positive 1M return, Positive 3M return, Positive 6M return, Positive across 1M/3M/6M",Consumer Cyclical,Lodging,7.0,387,1.81
06.10.2026 at 10:05 AM IST,HBLENGINE,5.07,0.32,2.18,,,,0,0,0,38,"Positive 1M return, Positive 3M return, Positive 6M return, Positive across 1M/3M/6M",Industrials,Electrical Equipment & Parts,7.0,417,1.68
06.10.2026 at 10:05 AM IST,OBCL,4.38,7.61,2.17,,,,0,0,0,38,"Positive 1M return, Positive 3M return, Positive 6M return, Positive across 1M/3M/6M",Industrials,Trucking,7.0,417,1.68
06.10.2026 at 10:05 AM IST,ASHOKAMET,10.31,2.6,-0.93,,,,0,0,0,25,"Strong 1M absolute return, Positive 3M return",Basic Materials,Steel,11.0,331,3.32
06.10.2026 at 10:05 AM IST,BANARBEADS,1.87,15.24,10.66,,,,0,0,0,38,"Positive 1M return, Positive 3M return, Positive 6M return, Positive across 1M/3M/6M",Consumer Cyclical,Footwear & Accessories,7.0,387,1.81
06.10.2026 at 10:05 AM IST,ZOTA,16.2,-9.11,-1.18,,,,0,0,0,15,Strong 1M absolute return,Healthcare,Biotechnology,12.0,147,8.16
06.10.2026 at 10:05 AM IST,WHIRLPOOL,8.52,10.52,6.89,,,,0,0,0,38,"Positive 1M return, Positive 3M return, Positive 6M return, Positive across 1M/3M/6M",Consumer Cyclical,"Furnishings, Fixtures & Appliances",7.0,387,1.81
06.10.2026 at 10:05 AM IST,PAGEIND,5.97,-2.86,6.56,,,,0,0,0,18,"Positive 1M return, Positive 6M return",Consumer Cyclical,Apparel Manufacturing,13.0,387,3.36
06.10.2026 at 10:05 AM IST,PETRONET,2.45,8.67,10.02,,,,0,0,0,38,"Positive 1M return, Positive 3M return, Positive 6M return, Positive across 1M/3M/6M",Energy,Oil & Gas Refining & Marketing,4.0,32,12.5
06.10.2026 at 10:05 AM IST,TARMAT,-7.69,18.09,2.21,,,,0,0,0,20,"Positive 3M return, Positive 6M return",Industrials,Engineering & Construction,12.0,417,2.88
06.10.2026 at 10:05 AM IST,VHL,-2.11,-0.56,6.29,,,,0,0,0,10,Positive 6M return,Financial Services,Asset Management,13.0,223,5.83
06.10.2026 at 10:05 AM IST,DBOL,6.03,22.68,14.65,,,,0,0,0,48,"Positive 1M return, Strong 3M absolute return, Positive 6M return, Positive across 1M/3M/6M",Consumer Defensive,Farm Products,4.0,144,2.78
06.10.2026 at 10:05 AM IST,BALRAMCHIN,-2.52,22.33,45.85,,,,0,0,0,40,"Strong 3M absolute return, Strong 6M absolute return",Consumer Defensive,Confectioners,6.0,144,4.17
06.10.2026 at 10:05 AM IST,PTL,-0.93,-4.11,2.54,,,,0,0,0,10,Positive 6M return,Real Estate,Real Estate Services,12.0,74,16.22
06.10.2026 at 10:05 AM IST,BHEL,6.08,13.66,56.11,,,,0,0,0,48,"Positive 1M return, Positive 3M return, Strong 6M absolute return, Positive across 1M/3M/6M",Industrials,Specialty Industrial Machinery,4.0,417,0.96
06.10.2026 at 10:05 AM IST,STARTECK,8.03,-7.44,8.78,,,,0,0,0,18,"Positive 1M return, Positive 6M return",Financial Services,Credit Services,12.0,223,5.38
06.10.2026 at 10:05 AM IST,GILLANDERS,8.71,26.6,31.07,,,,0,0,0,58,"Positive 1M return, Strong 3M absolute return, Strong 6M absolute return, Positive across 1M/3M/6M",Consumer Defensive,Farm Products,2.0,144,1.39
06.10.2026 at 10:05 AM IST,LORDSCHLO,-2.48,6.73,1.07,,,,0,0,0,20,"Positive 3M return, Positive 6M return",Basic Materials,Chemicals,12.0,331,3.63
06.10.2026 at 10:05 AM IST,GOACARBON,7.23,5.94,24.44,,,,0,0,0,38,"Positive 1M return, Positive 3M return, Positive 6M return, Positive across 1M/3M/6M",Basic Materials,Specialty Chemicals,7.0,331,2.11
06.10.2026 at 10:05 AM IST,GNFC,5.3,23.46,41.08,,,,0,0,0,58,"Positive 1M return, Strong 3M absolute return, Strong 6M absolute return, Positive across 1M/3M/6M",Basic Materials,Chemicals,2.0,331,0.6
06.10.2026 at 10:05 AM IST,GNA,9.67,31.55,48.59,,,,0,0,0,58,"Positive 1M return, Strong 3M absolute return, Strong 6M absolute return, Positive across 1M/3M/6M",Consumer Cyclical,Auto Parts,2.0,387,0.52
06.10.2026 at 10:05 AM IST,LENSKART,-0.36,27.52,26.23,,,,0,0,0,30,"Strong 3M absolute return, Positive 6M return",Healthcare,Medical Instruments & Supplies,8.0,147,5.44
06.10.2026 at 10:05 AM IST,SHOPERSTOP,5.06,15.89,33.68,,,,0,0,0,48,"Positive 1M return, Positive 3M return, Strong 6M absolute return, Positive across 1M/3M/6M",Consumer Cyclical,Department Stores,4.0,387,1.03
06.10.2026 at 10:05 AM IST,PERSISTENT,-0.86,9.44,2.86,,,,0,0,0,20,"Positive 3M return, Positive 6M return",Technology,Information Technology Services,12.0,159,7.55
06.10.2026 at 10:05 AM IST,QUADFUTURE,21.42,29.41,77.42,,,,0,0,0,65,"Strong 1M absolute return, Strong 3M absolute return, Strong 6M absolute return, Positive across 1M/3M/6M",Industrials,Railroads,1.0,417,0.24
06.10.2026 at 10:05 AM IST,GRINDWELL,2.47,0.59,35.96,,,,0,0,0,48,"Positive 1M return, Positive 3M return, Strong 6M absolute return, Positive across 1M/3M/6M",Industrials,Building Products & Equipment,4.0,417,0.96
06.10.2026 at 10:05 AM IST,GREENPLY,1.08,-1.72,45.52,,,,0,0,0,28,"Positive 1M return, Strong 6M absolute return",Basic Materials,Lumber & Wood Production,10.0,331,3.02
06.10.2026 at 10:05 AM IST,MANBA,8.04,1.48,31.3,,,,0,0,0,48,"Positive 1M return, Positive 3M return, Strong 6M absolute return, Positive across 1M/3M/6M",Financial Services,Credit Services,4.0,223,1.79
06.10.2026 at 10:05 AM IST,GREAVESCOT,14.64,0.65,54.13,,,,0,0,0,55,"Strong 1M absolute return, Positive 3M return, Strong 6M absolute return, Positive across 1M/3M/6M",Industrials,Specialty Industrial Machinery,3.0,417,0.72
06.10.2026 at 10:05 AM IST,MAGADSUGAR,-1.3,10.76,15.22,,,,0,0,0,20,"Positive 3M return, Positive 6M return",Consumer Defensive,Confectioners,12.0,144,8.33
06.10.2026 at 10:05 AM IST,LGEINDIA,5.58,12.83,17.62,,,,0,0,0,38,"Positive 1M return, Positive 3M return, Positive 6M return, Positive across 1M/3M/6M",Technology,Consumer Electronics,7.0,159,4.4
06.10.2026 at 10:05 AM IST,LIKHITHA,11.69,-7.5,-6.54,,,,0,0,0,15,Strong 1M absolute return,Energy,Oil & Gas Equipment & Services,7.0,32,21.88
06.10.2026 at 10:05 AM IST,EXXARO,0.76,1.37,-5.14,,,,0,0,0,18,"Positive 1M return, Positive 3M return",Industrials,Building Products & Equipment,13.0,417,3.12
06.10.2026 at 10:05 AM IST,EXPLEOSOL,-2.36,26.51,30.27,,,,0,0,0,40,"Strong 3M absolute return, Strong 6M absolute return",Technology,Information Technology Services,6.0,159,3.77
06.10.2026 at 10:05 AM IST,RBLBANK,-1.17,8.94,31.18,,,,0,0,0,30,"Positive 3M return, Strong 6M absolute return",Financial Services,Banks - Regional,9.0,223,4.04
06.10.2026 at 10:05 AM IST,REDINGTON,9.86,46.36,91.92,,,,0,0,0,58,"Positive 1M return, Strong 3M absolute return, Strong 6M absolute return, Positive across 1M/3M/6M",Technology,Information Technology Services,2.0,159,1.26
06.10.2026 at 10:05 AM IST,EVERESTIND,10.76,-4.11,47.7,,,,0,0,0,35,"Strong 1M absolute return, Strong 6M absolute return",Unknown,Unknown,7.0,76,9.21
06.10.2026 at 10:05 AM IST,GODREJAGRO,-3.55,17.82,12.79,,,,0,0,0,20,"Positive 3M return, Positive 6M return",Consumer Defensive,Packaged Foods,12.0,144,8.33
06.10.2026 at 10:05 AM IST,BBTCL,0.96,9.01,32.35,,,,0,0,0,48,"Positive 1M return, Positive 3M return, Strong 6M absolute return, Positive across 1M/3M/6M",Consumer Cyclical,Packaging & Containers,4.0,387,1.03
06.10.2026 at 10:05 AM IST,RATNAVEER,10.63,86.59,135.06,,,,0,0,0,65,"Strong 1M absolute return, Strong 3M absolute return, Strong 6M absolute return, Positive across 1M/3M/6M",Basic Materials,Steel,1.0,331,0.3
06.10.2026 at 10:05 AM IST,TRENT,2.08,-1.76,10.54,,,,0,0,0,18,"Positive 1M return, Positive 6M return",Consumer Cyclical,Apparel Retail,13.0,387,3.36
06.10.2026 at 10:05 AM IST,LLOYDSENGG,22.36,10.79,105.81,,,,0,0,0,55,"Strong 1M absolute return, Positive 3M return, Strong 6M absolute return, Positive across 1M/3M/6M",Industrials,Specialty Industrial Machinery,3.0,417,0.72
06.10.2026 at 10:05 AM IST,SMLMAH,-0.47,61.72,52.69,,,,0,0,0,40,"Strong 3M absolute return, Strong 6M absolute return",Consumer Cyclical,Auto Manufacturers,6.0,387,1.55
06.10.2026 at 10:05 AM IST,SMCGLOBAL,35.16,59.62,75.17,,,,0,0,0,65,"Strong 1M absolute return, Strong 3M absolute return, Strong 6M absolute return, Positive across 1M/3M/6M",Financial Services,Capital Markets,1.0,223,0.45
06.10.2026 at 10:05 AM IST,GLAND,0.6,19.09,69.93,,,,0,0,0,48,"Positive 1M return, Positive 3M return, Strong 6M absolute return, Positive across 1M/3M/6M",Healthcare,Drug Manufacturers - Specialty & Generic,4.0,147,2.72
06.10.2026 at 10:05 AM IST,TEXINFRA,4.14,5.82,21.8,,,,0,0,0,38,"Positive 1M return, Positive 3M return, Positive 6M return, Positive across 1M/3M/6M",Real Estate,Real Estate Services,6.0,74,8.11
06.10.2026 at 10:05 AM IST,MOTILALOFS,-2.14,5.07,35.9,,,,0,0,0,30,"Positive 3M return, Strong 6M absolute return",Financial Services,Capital Markets,9.0,223,4.04
06.10.2026 at 10:05 AM IST,LLOYDSENT,11.29,1.14,36.4,,,,0,0,0,55,"Strong 1M absolute return, Positive 3M return, Strong 6M absolute return, Positive across 1M/3M/6M",Basic Materials,Steel,3.0,331,0.91
06.10.2026 at 10:05 AM IST,MVGJL,14.67,35.16,24.2,,,,0,0,0,55,"Strong 1M absolute return, Strong 3M absolute return, Positive 6M return, Positive across 1M/3M/6M",Consumer Cyclical,Luxury Goods,3.0,387,0.78
06.10.2026 at 10:05 AM IST,TNPETRO,-4.45,34.08,44.62,,,,0,0,0,40,"Strong 3M absolute return, Strong 6M absolute return",Basic Materials,Specialty Chemicals,6.0,331,1.81
06.10.2026 at 10:05 AM IST,BLKASHYAP,-8.78,2.17,13.2,,,,0,0,0,20,"Positive 3M return, Positive 6M return",Industrials,Engineering & Construction,12.0,417,2.88
06.10.2026 at 10:05 AM IST,SUMIT,1.49,17.23,5.03,,,,0,0,0,38,"Positive 1M return, Positive 3M return, Positive 6M return, Positive across 1M/3M/6M",Unknown,Unknown,6.0,76,7.89
06.10.2026 at 10:05 AM IST,BIRLACABLE,16.34,110.12,204.59,,,,0,0,0,65,"Strong 1M absolute return, Strong 3M absolute return, Strong 6M absolute return, Positive across 1M/3M/6M",Technology,Communication Equipment,1.0,159,0.63
06.10.2026 at 10:05 AM IST,BIL,16.07,44.0,43.77,,,,0,0,0,65,"Strong 1M absolute return, Strong 3M absolute return, Strong 6M absolute return, Positive across 1M/3M/6M",Consumer Cyclical,Footwear & Accessories,1.0,387,0.26
06.10.2026 at 10:05 AM IST,BBOX,15.83,-11.33,69.29,,,,0,0,0,35,"Strong 1M absolute return, Strong 6M absolute return",Technology,Software - Application,8.0,159,5.03
06.10.2026 at 10:05 AM IST,BATLIBOI,3.02,14.53,,,,,0,0,0,18,"Positive 1M return, Positive 3M return",Industrials,Specialty Industrial Machinery,13.0,417,3.12
06.10.2026 at 10:05 AM IST,TTL,13.12,16.17,-9.77,,,,0,0,0,25,"Strong 1M absolute return, Positive 3M return",Consumer Cyclical,Textile Manufacturing,11.0,387,2.84
06.10.2026 at 10:05 AM IST,RBA,-1.49,28.02,50.11,,,,0,0,0,40,"Strong 3M absolute return, Strong 6M absolute return",Consumer Cyclical,Restaurants,6.0,387,1.55
06.10.2026 at 10:05 AM IST,MMP,18.85,77.64,115.69,,,,0,0,0,65,"Strong 1M absolute return, Strong 3M absolute return, Strong 6M absolute return, Positive across 1M/3M/6M",Basic Materials,Aluminum,1.0,331,0.3
06.10.2026 at 10:05 AM IST,GTECJAINX,27.56,34.75,91.77,,,,0,0,0,65,"Strong 1M absolute return, Strong 3M absolute return, Strong 6M absolute return, Positive across 1M/3M/6M",Consumer Defensive,Education & Training Services,1.0,144,0.69
06.10.2026 at 10:05 AM IST,HATSUN,-4.61,26.53,24.97,,,,0,0,0,30,"Strong 3M absolute return, Positive 6M return",Consumer Defensive,Packaged Foods,9.0,144,6.25
06.10.2026 at 10:05 AM IST,EUROTEXIND,23.87,15.23,35.28,,,,0,0,0,55,"Strong 1M absolute return, Positive 3M return, Strong 6M absolute return, Positive across 1M/3M/6M",Real Estate,Real Estate - Development,2.0,74,2.7
06.10.2026 at 10:05 AM IST,HARSHA,2.33,11.67,33.72,,,,0,0,0,48,"Positive 1M return, Positive 3M return, Strong 6M absolute return, Positive across 1M/3M/6M",Industrials,Tools & Accessories,4.0,417,0.96
06.10.2026 at 10:05 AM IST,BLUSPRING,3.76,36.52,120.86,,,,0,0,0,58,"Positive 1M return, Strong 3M absolute return, Strong 6M absolute return, Positive across 1M/3M/6M",Industrials,Specialty Business Services,2.0,417,0.48
06.10.2026 at 10:05 AM IST,HALEOSLABS,7.14,-1.51,23.24,,,,0,0,0,18,"Positive 1M return, Positive 6M return",Healthcare,Biotechnology,11.0,147,7.48
06.10.2026 at 10:05 AM IST,GVPIL,8.99,-15.87,62.58,,,,0,0,0,28,"Positive 1M return, Strong 6M absolute return",Industrials,Engineering & Construction,10.0,417,2.4
06.10.2026 at 10:05 AM IST,GRAPHITE,14.12,38.28,32.86,,,,0,0,0,65,"Strong 1M absolute return, Strong 3M absolute return, Strong 6M absolute return, Positive across 1M/3M/6M",Industrials,Electrical Equipment & Parts,1.0,417,0.24
06.10.2026 at 10:05 AM IST,BOROLTD,8.41,23.51,15.69,,,,0,0,0,48,"Positive 1M return, Strong 3M absolute return, Positive 6M return, Positive across 1M/3M/6M",Consumer Cyclical,"Furnishings, Fixtures & Appliances",4.0,387,1.03
06.10.2026 at 10:05 AM IST,RAYMONDREL,24.87,3.91,67.37,,,,0,0,0,55,"Strong 1M absolute return, Positive 3M return, Strong 6M absolute return, Positive across 1M/3M/6M",Real Estate,Real Estate - Development,2.0,74,2.7
06.10.2026 at 10:05 AM IST,TI,8.01,31.06,36.88,,,,0,0,0,58,"Positive 1M return, Strong 3M absolute return, Strong 6M absolute return, Positive across 1M/3M/6M",Consumer Defensive,Beverages - Wineries & Distilleries,2.0,144,1.39
06.10.2026 at 10:05 AM IST,CARBORUNIV,11.73,17.19,48.05,,,,0,0,0,55,"Strong 1M absolute return, Positive 3M return, Strong 6M absolute return, Positive across 1M/3M/6M",Industrials,Conglomerates,3.0,417,0.72
06.10.2026 at 10:05 AM IST,PLASTIBLEN,6.67,19.6,46.93,,,,0,0,0,48,"Positive 1M return, Positive 3M return, Strong 6M absolute return, Positive across 1M/3M/6M",Basic Materials,Specialty Chemicals,4.0,331,1.21
06.10.2026 at 10:05 AM IST,PIXTRANS,1.52,4.98,25.0,,,,0,0,0,38,"Positive 1M return, Positive 3M return, Positive 6M return, Positive across 1M/3M/6M",Industrials,Specialty Industrial Machinery,7.0,417,1.68
06.10.2026 at 10:05 AM IST,PITTIENG,4.44,24.2,49.9,,,,0,0,0,58,"Positive 1M return, Strong 3M absolute return, Strong 6M absolute return, Positive across 1M/3M/6M",Industrials,Metal Fabrication,2.0,417,0.48
06.10.2026 at 10:05 AM IST,MACPOWER,12.04,60.24,116.11,,,,0,0,0,65,"Strong 1M absolute return, Strong 3M absolute return, Strong 6M absolute return, Positive across 1M/3M/6M",Industrials,Specialty Industrial Machinery,1.0,417,0.24
06.10.2026 at 10:05 AM IST,TARSONS,0.16,15.8,76.54,,,,0,0,0,48,"Positive 1M return, Positive 3M return, Strong 6M absolute return, Positive across 1M/3M/6M",Healthcare,Medical Instruments & Supplies,4.0,147,2.72
06.10.2026 at 10:05 AM IST,GMMPFAUDLR,25.36,89.63,61.86,,,,0,0,0,65,"Strong 1M absolute return, Strong 3M absolute return, Strong 6M absolute return, Positive across 1M/3M/6M",Industrials,Specialty Industrial Machinery,1.0,417,0.24
06.10.2026 at 10:05 AM IST,BLSE,-0.26,22.2,98.67,,,,0,0,0,40,"Strong 3M absolute return, Strong 6M absolute return",Industrials,Specialty Business Services,6.0,417,1.44
06.10.2026 at 10:05 AM IST,DEEPINDS,-8.89,60.93,62.15,,,,0,0,0,40,"Strong 3M absolute return, Strong 6M absolute return",Energy,Oil & Gas E&P,3.0,32,9.38
06.10.2026 at 10:05 AM IST,NAZARA,3.62,29.25,52.29,,,,0,0,0,58,"Positive 1M return, Strong 3M absolute return, Strong 6M absolute return, Positive across 1M/3M/6M",Communication Services,Electronic Gaming & Multimedia,2.0,63,3.17
06.10.2026 at 10:05 AM IST,NAVINFLUOR,-2.02,13.87,36.83,,,,0,0,0,30,"Positive 3M return, Strong 6M absolute return",Basic Materials,Chemicals,9.0,331,2.72
06.10.2026 at 10:05 AM IST,NEOGEN,7.21,13.84,70.96,,,,0,0,0,48,"Positive 1M return, Positive 3M return, Strong 6M absolute return, Positive across 1M/3M/6M",Basic Materials,Specialty Chemicals,4.0,331,1.21
06.10.2026 at 10:05 AM IST,BEPL,-4.21,26.57,40.16,,,,0,0,0,40,"Strong 3M absolute return, Strong 6M absolute return",Basic Materials,Chemicals,6.0,331,1.81
06.10.2026 at 10:05 AM IST,SIMPLEXINF,0.23,-5.06,33.71,,,,0,0,0,28,"Positive 1M return, Strong 6M absolute return",Industrials,Engineering & Construction,10.0,417,2.4
06.10.2026 at 10:05 AM IST,SUBEXLTD,13.54,63.5,126.3,,,,0,0,0,65,"Strong 1M absolute return, Strong 3M absolute return, Strong 6M absolute return, Positive across 1M/3M/6M",Technology,Software - Application,1.0,159,0.63
06.10.2026 at 10:05 AM IST,SUDARSCHEM,1.15,35.87,53.32,,,,0,0,0,58,"Positive 1M return, Strong 3M absolute return, Strong 6M absolute return, Positive across 1M/3M/6M",Basic Materials,Specialty Chemicals,2.0,331,0.6
06.10.2026 at 10:05 AM IST,SUDEEPPHRM,-11.28,47.62,92.63,,,,0,0,0,40,"Strong 3M absolute return, Strong 6M absolute return",Healthcare,Drug Manufacturers - Specialty & Generic,6.0,147,4.08
06.10.2026 at 10:05 AM IST,TATVA,8.51,37.44,49.72,,,,0,0,0,58,"Positive 1M return, Strong 3M absolute return, Strong 6M absolute return, Positive across 1M/3M/6M",Basic Materials,Specialty Chemicals,2.0,331,0.6
06.10.2026 at 10:05 AM IST,STEELXIND,-1.21,-5.16,31.22,,,,0,0,0,20,Strong 6M absolute return,Basic Materials,Steel,12.0,331,3.63
06.10.2026 at 10:05 AM IST,STEELCAS,11.61,20.06,39.87,,,,0,0,0,65,"Strong 1M absolute return, Strong 3M absolute return, Strong 6M absolute return, Positive across 1M/3M/6M",Basic Materials,Steel,1.0,331,0.3
06.10.2026 at 10:05 AM IST,SSDL,25.33,28.78,16.36,,,,0,0,0,55,"Strong 1M absolute return, Strong 3M absolute return, Positive 6M return, Positive across 1M/3M/6M",Consumer Cyclical,Apparel Retail,3.0,387,0.78
06.10.2026 at 10:05 AM IST,FINEORG,1.14,5.01,16.89,,,,0,0,0,38,"Positive 1M return, Positive 3M return, Positive 6M return, Positive across 1M/3M/6M",Basic Materials,Specialty Chemicals,7.0,331,2.11
06.10.2026 at 10:05 AM IST,WEWIN,18.74,7.79,-7.83,,,,0,0,0,25,"Strong 1M absolute return, Positive 3M return",Technology,Information Technology Services,11.0,159,6.92
06.10.2026 at 10:05 AM IST,ENRIN,3.52,-6.07,16.27,,,,0,0,0,18,"Positive 1M return, Positive 6M return",Utilities,Utilities - Renewable,5.0,38,13.16
06.10.2026 at 10:05 AM IST,ENGINERSIN,12.38,30.93,44.23,,,,0,0,0,65,"Strong 1M absolute return, Strong 3M absolute return, Strong 6M absolute return, Positive across 1M/3M/6M",Industrials,Engineering & Construction,1.0,417,0.24
06.10.2026 at 10:05 AM IST,PREMEXPLN,3.31,0.09,50.87,,,,0,0,0,48,"Positive 1M return, Positive 3M return, Strong 6M absolute return, Positive across 1M/3M/6M",Basic Materials,Specialty Chemicals,4.0,331,1.21
06.10.2026 at 10:05 AM IST,CYIENTDLM,-3.47,72.71,197.1,,,,0,0,0,40,"Strong 3M absolute return, Strong 6M absolute return",Industrials,Aerospace & Defense,6.0,417,1.44
06.10.2026 at 10:05 AM IST,CYIENT,1.2,33.56,25.25,,,,0,0,0,48,"Positive 1M return, Strong 3M absolute return, Positive 6M return, Positive across 1M/3M/6M",Industrials,Conglomerates,4.0,417,0.96
06.10.2026 at 10:05 AM IST,COFORGE,-5.2,23.21,50.48,,,,0,0,0,40,"Strong 3M absolute return, Strong 6M absolute return",Technology,Information Technology Services,6.0,159,3.77
06.10.2026 at 10:05 AM IST,MANINDS,17.02,67.95,110.04,,,,0,0,0,65,"Strong 1M absolute return, Strong 3M absolute return, Strong 6M absolute return, Positive across 1M/3M/6M",Basic Materials,Steel,1.0,331,0.3
06.10.2026 at 10:05 AM IST,MANCREDIT,1.4,1.56,31.77,,,,0,0,0,48,"Positive 1M return, Positive 3M return, Strong 6M absolute return, Positive across 1M/3M/6M",Financial Services,Credit Services,4.0,223,1.79
06.10.2026 at 10:05 AM IST,FINCABLES,20.28,43.66,75.25,,,,0,0,0,65,"Strong 1M absolute return, Strong 3M absolute return, Strong 6M absolute return, Positive across 1M/3M/6M",Industrials,Electrical Equipment & Parts,1.0,417,0.24
06.10.2026 at 10:05 AM IST,FILATEX,38.25,85.1,142.66,,,,0,0,0,65,"Strong 1M absolute return, Strong 3M absolute return, Strong 6M absolute return, Positive across 1M/3M/6M",Consumer Cyclical,Textile Manufacturing,1.0,387,0.26
06.10.2026 at 10:05 AM IST,FCL,-0.53,57.31,153.55,,,,0,0,0,40,"Strong 3M absolute return, Strong 6M absolute return",Basic Materials,Specialty Chemicals,6.0,331,1.81
06.10.2026 at 10:05 AM IST,FAIRCHEMOR,3.45,-3.97,37.61,,,,0,0,0,28,"Positive 1M return, Strong 6M absolute return",Unknown,Unknown,8.0,76,10.53
06.10.2026 at 10:05 AM IST,FOSECOIND,4.04,21.24,38.58,,,,0,0,0,58,"Positive 1M return, Strong 3M absolute return, Strong 6M absolute return, Positive across 1M/3M/6M",Basic Materials,Chemicals,2.0,331,0.6
06.10.2026 at 10:05 AM IST,ESTER,2.59,4.98,4.25,,,,0,0,0,38,"Positive 1M return, Positive 3M return, Positive 6M return, Positive across 1M/3M/6M",Basic Materials,Specialty Chemicals,7.0,331,2.11
06.10.2026 at 10:05 AM IST,STLNETWORK,48.89,83.48,115.77,,,,0,0,0,65,"Strong 1M absolute return, Strong 3M absolute return, Strong 6M absolute return, Positive across 1M/3M/6M",Communication Services,Telecom Services,1.0,63,1.59
06.10.2026 at 10:05 AM IST,CPPLUS,6.77,11.67,109.28,,,,0,0,0,48,"Positive 1M return, Positive 3M return, Strong 6M absolute return, Positive across 1M/3M/6M",Industrials,Building Products & Equipment,4.0,417,0.96
06.10.2026 at 10:05 AM IST,CPCAP,17.66,34.01,72.48,,,,0,0,0,65,"Strong 1M absolute return, Strong 3M absolute return, Strong 6M absolute return, Positive across 1M/3M/6M",Financial Services,Credit Services,1.0,223,0.45
06.10.2026 at 10:05 AM IST,MANINFRA,-1.1,22.79,34.72,,,,0,0,0,40,"Strong 3M absolute return, Strong 6M absolute return",Industrials,Engineering & Construction,6.0,417,1.44
06.10.2026 at 10:05 AM IST,YASHO,-1.14,40.28,178.27,,,,0,0,0,40,"Strong 3M absolute return, Strong 6M absolute return",Basic Materials,Specialty Chemicals,6.0,331,1.81
06.10.2026 at 10:05 AM IST,AAREYDRUGS,10.13,18.21,75.69,,,,0,0,0,55,"Strong 1M absolute return, Positive 3M return, Strong 6M absolute return, Positive across 1M/3M/6M",Healthcare,Drug Manufacturers - Specialty & Generic,3.0,147,2.04
06.10.2026 at 10:05 AM IST,RUBYMILLS,15.7,42.33,124.21,,,,0,0,0,65,"Strong 1M absolute return, Strong 3M absolute return, Strong 6M absolute return, Positive across 1M/3M/6M",Consumer Cyclical,Textile Manufacturing,1.0,387,0.26
06.10.2026 at 10:05 AM IST,RRKABEL,8.64,21.83,92.82,,,,0,0,0,58,"Positive 1M return, Strong 3M absolute return, Strong 6M absolute return, Positive across 1M/3M/6M",Industrials,Electrical Equipment & Parts,2.0,417,0.48
06.10.2026 at 10:05 AM IST,JYOTICNC,0.94,31.44,49.8,,,,0,0,0,58,"Positive 1M return, Strong 3M absolute return, Strong 6M absolute return, Positive across 1M/3M/6M",Industrials,Specialty Industrial Machinery,2.0,417,0.48
06.10.2026 at 10:05 AM IST,ADL,-5.08,4.72,17.63,,,,0,0,0,20,"Positive 3M return, Positive 6M return",Consumer Cyclical,"Furnishings, Fixtures & Appliances",12.0,387,3.1
06.10.2026 at 10:05 AM IST,ADFFOODS,9.1,-6.13,57.13,,,,0,0,0,28,"Positive 1M return, Strong 6M absolute return",Consumer Defensive,Packaged Foods,10.0,144,6.94
06.10.2026 at 10:05 AM IST,ADANIPORTS,3.79,-2.92,21.63,,,,0,0,0,18,"Positive 1M return, Positive 6M return",Industrials,Marine Shipping,13.0,417,3.12
06.10.2026 at 10:05 AM IST,AGI,9.05,17.37,54.46,,,,0,0,0,48,"Positive 1M return, Positive 3M return, Strong 6M absolute return, Positive across 1M/3M/6M",Consumer Cyclical,Packaging & Containers,4.0,387,1.03
06.10.2026 at 10:05 AM IST,AETHER,4.24,19.89,49.45,,,,0,0,0,48,"Positive 1M return, Positive 3M return, Strong 6M absolute return, Positive across 1M/3M/6M",Basic Materials,Specialty Chemicals,4.0,331,1.21
06.10.2026 at 10:05 AM IST,MRPL,0.83,7.32,2.07,,,,0,0,0,38,"Positive 1M return, Positive 3M return, Positive 6M return, Positive across 1M/3M/6M",Energy,Oil & Gas Refining & Marketing,4.0,32,12.5
06.10.2026 at 10:05 AM IST,SVLL,4.99,23.17,48.24,,,,0,0,0,58,"Positive 1M return, Strong 3M absolute return, Strong 6M absolute return, Positive across 1M/3M/6M",Industrials,Trucking,2.0,417,0.48
06.10.2026 at 10:05 AM IST,WSTCSTPAPR,13.17,36.47,64.76,,,,0,0,0,65,"Strong 1M absolute return, Strong 3M absolute return, Strong 6M absolute return, Positive across 1M/3M/6M",Basic Materials,Paper & Paper Products,1.0,331,0.3
06.10.2026 at 10:05 AM IST,ABDL,17.08,5.83,57.57,,,,0,0,0,55,"Strong 1M absolute return, Positive 3M return, Strong 6M absolute return, Positive across 1M/3M/6M",Consumer Defensive,Beverages - Wineries & Distilleries,3.0,144,2.08
06.10.2026 at 10:05 AM IST,AEGISVOPAK,0.88,3.54,55.97,,,,0,0,0,48,"Positive 1M return, Positive 3M return, Strong 6M absolute return, Positive across 1M/3M/6M",Energy,Oil & Gas Equipment & Services,2.0,32,6.25
06.10.2026 at 10:05 AM IST,ORBTEXP,4.54,9.97,62.39,,,,0,0,0,48,"Positive 1M return, Positive 3M return, Strong 6M absolute return, Positive across 1M/3M/6M",Consumer Cyclical,Textile Manufacturing,4.0,387,1.03
06.10.2026 at 10:05 AM IST,AEGISLOG,7.06,8.95,120.86,,,,0,0,0,48,"Positive 1M return, Positive 3M return, Strong 6M absolute return, Positive across 1M/3M/6M",Energy,Oil & Gas Refining & Marketing,2.0,32,6.25
06.10.2026 at 10:05 AM IST,PANAMAPET,-1.19,19.58,78.66,,,,0,0,0,30,"Positive 3M return, Strong 6M absolute return",Energy,Oil & Gas Refining & Marketing,5.0,32,15.62
06.10.2026 at 10:05 AM IST,PAISALO,6.19,12.68,109.25,,,,0,0,0,48,"Positive 1M return, Positive 3M return, Strong 6M absolute return, Positive across 1M/3M/6M",Financial Services,Credit Services,4.0,223,1.79
06.10.2026 at 10:05 AM IST,ZUARIIND,5.89,12.61,18.26,,,,0,0,0,38,"Positive 1M return, Positive 3M return, Positive 6M return, Positive across 1M/3M/6M",Industrials,Conglomerates,7.0,417,1.68
06.10.2026 at 10:05 AM IST,ZIMLAB,8.78,15.38,102.83,,,,0,0,0,48,"Positive 1M return, Positive 3M return, Strong 6M absolute return, Positive across 1M/3M/6M",Healthcare,Drug Manufacturers - Specialty & Generic,4.0,147,2.72
06.10.2026 at 10:05 AM IST,5PAISA,4.24,-3.84,15.27,,,,0,0,0,18,"Positive 1M return, Positive 6M return",Financial Services,Capital Markets,12.0,223,5.38
06.10.2026 at 10:05 AM IST,AEROFLEX,-6.01,30.47,86.48,,,,0,0,0,40,"Strong 3M absolute return, Strong 6M absolute return",Industrials,Metal Fabrication,6.0,417,1.44
06.10.2026 at 10:05 AM IST,SRHHYPOLTD,2.52,10.15,22.96,,,,0,0,0,38,"Positive 1M return, Positive 3M return, Positive 6M return, Positive across 1M/3M/6M",Basic Materials,Chemicals,7.0,331,2.11
06.10.2026 at 10:05 AM IST,SPLPETRO,-2.25,11.61,12.51,,,,0,0,0,20,"Positive 3M return, Positive 6M return",Basic Materials,Specialty Chemicals,12.0,331,3.63
06.10.2026 at 10:05 AM IST,CLSEL,-2.95,1.88,24.36,,,,0,0,0,20,"Positive 3M return, Positive 6M return",Consumer Defensive,Packaged Foods,12.0,144,8.33
06.10.2026 at 10:05 AM IST,LXCHEM,0.07,18.94,42.6,,,,0,0,0,48,"Positive 1M return, Positive 3M return, Strong 6M absolute return, Positive across 1M/3M/6M",Basic Materials,Specialty Chemicals,4.0,331,1.21
06.10.2026 at 10:05 AM IST,MANAKCOAT,4.91,7.62,21.72,,,,0,0,0,38,"Positive 1M return, Positive 3M return, Positive 6M return, Positive across 1M/3M/6M",Industrials,Metal Fabrication,7.0,417,1.68
06.10.2026 at 10:05 AM IST,MAHLOG,1.05,7.78,8.03,,,,0,0,0,38,"Positive 1M return, Positive 3M return, Positive 6M return, Positive across 1M/3M/6M",Industrials,Integrated Freight & Logistics,7.0,417,1.68
06.10.2026 at 10:05 AM IST,MAHESHWARI,-0.55,-0.77,59.16,,,,0,0,0,20,Strong 6M absolute return,Industrials,Integrated Freight & Logistics,12.0,417,2.88
06.10.2026 at 10:05 AM IST,CHEMCON,9.19,19.68,49.35,,,,0,0,0,48,"Positive 1M return, Positive 3M return, Strong 6M absolute return, Positive across 1M/3M/6M",Basic Materials,Specialty Chemicals,4.0,331,1.21
06.10.2026 at 10:05 AM IST,CGPOWER,-0.91,-1.55,26.02,,,,0,0,0,10,Positive 6M return,Industrials,Electrical Equipment & Parts,15.0,417,3.6
06.10.2026 at 10:05 AM IST,THELEELA,2.31,18.76,39.86,,,,0,0,0,48,"Positive 1M return, Positive 3M return, Strong 6M absolute return, Positive across 1M/3M/6M",Consumer Cyclical,Lodging,4.0,387,1.03
06.10.2026 at 10:05 AM IST,PRECWIRE,8.29,36.78,55.91,,,,0,0,0,58,"Positive 1M return, Strong 3M absolute return, Strong 6M absolute return, Positive across 1M/3M/6M",Industrials,Electrical Equipment & Parts,2.0,417,0.48
06.10.2026 at 10:05 AM IST,TEXRAIL,1.57,3.2,24.89,,,,0,0,0,38,"Positive 1M return, Positive 3M return, Positive 6M return, Positive across 1M/3M/6M",Industrials,Railroads,7.0,417,1.68
06.10.2026 at 10:05 AM IST,SOUTHBANK,2.99,6.3,27.01,,,,0,0,0,38,"Positive 1M return, Positive 3M return, Positive 6M return, Positive across 1M/3M/6M",Financial Services,Banks - Regional,7.0,223,3.14
06.10.2026 at 10:05 AM IST,SOTL,7.78,21.77,114.29,,,,0,0,0,58,"Positive 1M return, Strong 3M absolute return, Strong 6M absolute return, Positive across 1M/3M/6M",Basic Materials,Specialty Chemicals,2.0,331,0.6
06.10.2026 at 10:05 AM IST,CYBERTECH,7.05,2.26,10.5,,,,0,0,0,38,"Positive 1M return, Positive 3M return, Positive 6M return, Positive across 1M/3M/6M",Unknown,Unknown,6.0,76,7.89
06.10.2026 at 10:05 AM IST,CUPID,16.3,50.58,245.7,,,,0,0,0,65,"Strong 1M absolute return, Strong 3M absolute return, Strong 6M absolute return, Positive across 1M/3M/6M",Consumer Defensive,Household & Personal Products,1.0,144,0.69
06.10.2026 at 10:05 AM IST,CUB,-2.78,-0.31,22.19,,,,0,0,0,10,Positive 6M return,Financial Services,Banks - Regional,13.0,223,5.83
06.10.2026 at 10:05 AM IST,COHANCE,-1.29,4.62,42.24,,,,0,0,0,30,"Positive 3M return, Strong 6M absolute return",Healthcare,Drug Manufacturers - Specialty & Generic,8.0,147,5.44
06.10.2026 at 10:05 AM IST,DCI,-3.49,20.12,-12.16,,,,0,0,0,20,Strong 3M absolute return,Technology,Electronics & Computer Distribution,12.0,159,7.55
06.10.2026 at 10:05 AM IST,MGEL,10.88,-5.67,32.55,,,,0,0,0,35,"Strong 1M absolute return, Strong 6M absolute return",Consumer Defensive,Farm Products,8.0,144,5.56
06.10.2026 at 10:05 AM IST,MOLDTKPAC,-2.1,4.23,27.11,,,,0,0,0,20,"Positive 3M return, Positive 6M return",Consumer Cyclical,Packaging & Containers,12.0,387,3.1
06.10.2026 at 10:05 AM IST,MODIS,-0.35,12.24,23.94,,,,0,0,0,20,"Positive 3M return, Positive 6M return",Real Estate,Real Estate - Development,9.0,74,12.16
06.10.2026 at 10:05 AM IST,TFCILTD,-0.41,87.68,103.5,,,,0,0,0,40,"Strong 3M absolute return, Strong 6M absolute return",Financial Services,Credit Services,6.0,223,2.69
06.10.2026 at 10:05 AM IST,CHENNPETRO,-3.51,24.33,55.33,,,,0,0,0,40,"Strong 3M absolute return, Strong 6M absolute return",Energy,Oil & Gas Refining & Marketing,3.0,32,9.38
06.10.2026 at 10:05 AM IST,CELLO,3.85,-0.36,-15.57,,,,0,0,0,8,Positive 1M return,Consumer Cyclical,"Furnishings, Fixtures & Appliances",16.0,387,4.13
06.10.2026 at 10:05 AM IST,CEIGALL,7.13,4.1,32.25,,,,0,0,0,48,"Positive 1M return, Positive 3M return, Strong 6M absolute return, Positive across 1M/3M/6M",Industrials,Engineering & Construction,4.0,417,0.96
06.10.2026 at 10:05 AM IST,CARTRADE,-7.66,4.4,61.03,,,,0,0,0,30,"Positive 3M return, Strong 6M absolute return",Consumer Cyclical,Auto & Truck Dealerships,9.0,387,2.33
06.10.2026 at 10:05 AM IST,MOTISONS,8.86,27.32,32.99,,,,0,0,0,58,"Positive 1M return, Strong 3M absolute return, Strong 6M absolute return, Positive across 1M/3M/6M",Consumer Cyclical,Luxury Goods,2.0,387,0.52
06.10.2026 at 10:05 AM IST,TEGA,36.07,28.32,21.83,,,,0,0,0,55,"Strong 1M absolute return, Strong 3M absolute return, Positive 6M return, Positive across 1M/3M/6M",Industrials,Specialty Industrial Machinery,3.0,417,0.72
06.10.2026 at 10:05 AM IST,TDPOWERSYS,7.48,43.82,80.68,,,,0,0,0,58,"Positive 1M return, Strong 3M absolute return, Strong 6M absolute return, Positive across 1M/3M/6M",Industrials,Specialty Industrial Machinery,2.0,417,0.48
06.10.2026 at 10:05 AM IST,TCPLPACK,-1.05,35.6,58.85,,,,0,0,0,40,"Strong 3M absolute return, Strong 6M absolute return",Consumer Cyclical,Packaging & Containers,6.0,387,1.55
06.10.2026 at 10:05 AM IST,CONFIPET,6.32,14.72,60.6,,,,0,0,0,48,"Positive 1M return, Positive 3M return, Strong 6M absolute return, Positive across 1M/3M/6M",Energy,Oil & Gas Refining & Marketing,2.0,32,6.25
06.10.2026 at 10:05 AM IST,CENTUM,18.56,27.32,67.44,,,,0,0,0,65,"Strong 1M absolute return, Strong 3M absolute return, Strong 6M absolute return, Positive across 1M/3M/6M",Technology,Electronic Components,1.0,159,0.63
06.10.2026 at 10:05 AM IST,GEECEE,3.12,10.38,34.5,,,,0,0,0,48,"Positive 1M return, Positive 3M return, Strong 6M absolute return, Positive across 1M/3M/6M",Unknown,Unknown,3.0,76,3.95
06.10.2026 at 10:05 AM IST,MANOMAY,6.37,41.22,5.73,,,,0,0,0,48,"Positive 1M return, Strong 3M absolute return, Positive 6M return, Positive across 1M/3M/6M",Consumer Cyclical,Textile Manufacturing,4.0,387,1.03
06.10.2026 at 10:05 AM IST,SOFTTECH,14.87,9.03,67.83,,,,0,0,0,55,"Strong 1M absolute return, Positive 3M return, Strong 6M absolute return, Positive across 1M/3M/6M",Technology,Software - Application,3.0,159,1.89
06.10.2026 at 10:05 AM IST,SMSPHARMA,21.34,18.1,19.3,,,,0,0,0,45,"Strong 1M absolute return, Positive 3M return, Positive 6M return, Positive across 1M/3M/6M",Healthcare,Drug Manufacturers - General,5.0,147,3.4
06.10.2026 at 10:05 AM IST,GANDHITUBE,9.13,16.12,22.79,,,,0,0,0,38,"Positive 1M return, Positive 3M return, Positive 6M return, Positive across 1M/3M/6M",Industrials,Metal Fabrication,7.0,417,1.68
06.10.2026 at 10:05 AM IST,GANDHAR,4.28,48.4,108.94,,,,0,0,0,58,"Positive 1M return, Strong 3M absolute return, Strong 6M absolute return, Positive across 1M/3M/6M",Energy,Oil & Gas Refining & Marketing,1.0,32,3.12
06.10.2026 at 10:05 AM IST,GALAXYSURF,6.66,20.27,44.77,,,,0,0,0,58,"Positive 1M return, Strong 3M absolute return, Strong 6M absolute return, Positive across 1M/3M/6M",Basic Materials,Specialty Chemicals,2.0,331,0.6
06.10.2026 at 10:05 AM IST,GALAPREC,12.8,1.29,59.35,,,,0,0,0,55,"Strong 1M absolute return, Positive 3M return, Strong 6M absolute return, Positive across 1M/3M/6M",Industrials,Specialty Industrial Machinery,3.0,417,0.72
06.10.2026 at 10:05 AM IST,GHCLTEXTIL,-5.08,23.2,57.77,,,,0,0,0,40,"Strong 3M absolute return, Strong 6M absolute return",Consumer Cyclical,Textile Manufacturing,6.0,387,1.55
06.10.2026 at 10:05 AM IST,GESHIP,10.85,9.11,16.91,,,,0,0,0,45,"Strong 1M absolute return, Positive 3M return, Positive 6M return, Positive across 1M/3M/6M",Industrials,Marine Shipping,5.0,417,1.2
06.10.2026 at 10:05 AM IST,GENESYS,-0.2,-11.82,13.33,,,,0,0,0,10,Positive 6M return,Technology,Software - Application,14.0,159,8.81
06.10.2026 at 10:05 AM IST,GEEKAYWIRE,9.79,40.38,34.04,,,,0,0,0,58,"Positive 1M return, Strong 3M absolute return, Strong 6M absolute return, Positive across 1M/3M/6M",Industrials,Electrical Equipment & Parts,2.0,417,0.48
06.10.2026 at 10:05 AM IST,MANORAMA,-6.88,23.87,53.45,,,,0,0,0,40,"Strong 3M absolute return, Strong 6M absolute return",Consumer Defensive,Packaged Foods,6.0,144,4.17
06.10.2026 at 10:05 AM IST,EIMCOELECO,1.0,19.35,43.71,,,,0,0,0,48,"Positive 1M return, Positive 3M return, Strong 6M absolute return, Positive across 1M/3M/6M",Industrials,Farm & Heavy Construction Machinery,4.0,417,0.96
06.10.2026 at 10:05 AM IST,EDELWEISS,-0.57,14.88,19.48,,,,0,0,0,20,"Positive 3M return, Positive 6M return",Financial Services,Financial Conglomerates,11.0,223,4.93
06.10.2026 at 10:05 AM IST,ECLERX,-2.23,17.34,31.19,,,,0,0,0,30,"Positive 3M return, Strong 6M absolute return",Technology,Information Technology Services,9.0,159,5.66
06.10.2026 at 10:05 AM IST,EMUDHRA,17.68,31.45,25.11,,,,0,0,0,55,"Strong 1M absolute return, Strong 3M absolute return, Positive 6M return, Positive across 1M/3M/6M",Technology,Software - Application,3.0,159,1.89
06.10.2026 at 10:05 AM IST,EMKAY,9.6,8.31,45.4,,,,0,0,0,48,"Positive 1M return, Positive 3M return, Strong 6M absolute return, Positive across 1M/3M/6M",Financial Services,Capital Markets,4.0,223,1.79
06.10.2026 at 10:05 AM IST,EMIL,11.94,54.98,107.28,,,,0,0,0,65,"Strong 1M absolute return, Strong 3M absolute return, Strong 6M absolute return, Positive across 1M/3M/6M",Consumer Cyclical,Specialty Retail,1.0,387,0.26
06.10.2026 at 10:05 AM IST,DOLLEX,5.71,26.71,16.9,,,,0,0,0,48,"Positive 1M return, Strong 3M absolute return, Positive 6M return, Positive across 1M/3M/6M",Consumer Defensive,Confectioners,4.0,144,2.78
06.10.2026 at 10:05 AM IST,SYRMA,16.24,24.12,100.11,,,,0,0,0,65,"Strong 1M absolute return, Strong 3M absolute return, Strong 6M absolute return, Positive across 1M/3M/6M",Technology,Electronic Components,1.0,159,0.63
06.10.2026 at 10:05 AM IST,SYNCOMF,13.53,71.55,79.87,,,,0,0,0,65,"Strong 1M absolute return, Strong 3M absolute return, Strong 6M absolute return, Positive across 1M/3M/6M",Healthcare,Drug Manufacturers - Specialty & Generic,1.0,147,0.68
06.10.2026 at 10:05 AM IST,DICIND,5.3,19.1,22.31,,,,0,0,0,38,"Positive 1M return, Positive 3M return, Positive 6M return, Positive across 1M/3M/6M",Basic Materials,Specialty Chemicals,7.0,331,2.11
06.10.2026 at 10:05 AM IST,SGFIN,-1.35,4.56,42.6,,,,0,0,0,30,"Positive 3M return, Strong 6M absolute return",Financial Services,Capital Markets,9.0,223,4.04
06.10.2026 at 10:05 AM IST,RPGLIFE,7.59,20.59,56.71,,,,0,0,0,58,"Positive 1M return, Strong 3M absolute return, Strong 6M absolute return, Positive across 1M/3M/6M",Healthcare,Drug Manufacturers - Specialty & Generic,2.0,147,1.36
06.10.2026 at 10:05 AM IST,RPEL,0.14,40.38,168.93,,,,0,0,0,58,"Positive 1M return, Strong 3M absolute return, Strong 6M absolute return, Positive across 1M/3M/6M",Basic Materials,Chemicals,2.0,331,0.6
06.10.2026 at 10:05 AM IST,ROLEXRINGS,9.6,36.46,43.14,,,,0,0,0,58,"Positive 1M return, Strong 3M absolute return, Strong 6M absolute return, Positive across 1M/3M/6M",Industrials,Metal Fabrication,2.0,417,0.48
06.10.2026 at 10:05 AM IST,RML,7.15,11.95,96.72,,,,0,0,0,48,"Positive 1M return, Positive 3M return, Strong 6M absolute return, Positive across 1M/3M/6M",Consumer Cyclical,Auto Parts,4.0,387,1.03
06.10.2026 at 10:05 AM IST,KNAGRI,0.78,-0.81,2.23,,,,0,0,0,18,"Positive 1M return, Positive 6M return",Consumer Defensive,Farm Products,13.0,144,9.03
06.10.2026 at 10:05 AM IST,KMEW,1.75,25.91,74.8,,,,0,0,0,58,"Positive 1M return, Strong 3M absolute return, Strong 6M absolute return, Positive across 1M/3M/6M",Industrials,Marine Shipping,2.0,417,0.48
06.10.2026 at 10:05 AM IST,KIRLOSENG,1.55,-1.59,53.7,,,,0,0,0,28,"Positive 1M return, Strong 6M absolute return",Industrials,Specialty Industrial Machinery,10.0,417,2.4
06.10.2026 at 10:05 AM IST,APARINDS,4.06,30.54,65.11,,,,0,0,0,58,"Positive 1M return, Strong 3M absolute return, Strong 6M absolute return, Positive across 1M/3M/6M",Industrials,Electrical Equipment & Parts,2.0,417,0.48
06.10.2026 at 10:05 AM IST,NUVAMA,1.27,-0.51,43.36,,,,0,0,0,28,"Positive 1M return, Strong 6M absolute return",Financial Services,Asset Management,10.0,223,4.48
06.10.2026 at 10:05 AM IST,NRBBEARING,20.58,26.84,114.66,,,,0,0,0,65,"Strong 1M absolute return, Strong 3M absolute return, Strong 6M absolute return, Positive across 1M/3M/6M",Consumer Cyclical,Auto Parts,1.0,387,0.26
06.10.2026 at 10:05 AM IST,NRAIL,13.66,63.21,57.72,,,,0,0,0,65,"Strong 1M absolute return, Strong 3M absolute return, Strong 6M absolute return, Positive across 1M/3M/6M",Basic Materials,Paper & Paper Products,1.0,331,0.3
06.10.2026 at 10:05 AM IST,ELECTCAST,-0.01,4.68,-1.19,,,,0,0,0,10,Positive 3M return,Industrials,Building Products & Equipment,15.0,417,3.6
06.10.2026 at 10:05 AM IST,KPIL,1.74,7.41,26.21,,,,0,0,0,38,"Positive 1M return, Positive 3M return, Positive 6M return, Positive across 1M/3M/6M",Industrials,Engineering & Construction,7.0,417,1.68
06.10.2026 at 10:05 AM IST,INDSWFTLAB,0.44,58.25,180.27,,,,0,0,0,58,"Positive 1M return, Strong 3M absolute return, Strong 6M absolute return, Positive across 1M/3M/6M",Healthcare,Drug Manufacturers - Specialty & Generic,2.0,147,1.36
06.10.2026 at 10:05 AM IST,IPCALAB,-1.09,10.68,34.53,,,,0,0,0,30,"Positive 3M return, Strong 6M absolute return",Healthcare,Drug Manufacturers - Specialty & Generic,8.0,147,5.44
06.10.2026 at 10:05 AM IST,IOLCP,0.33,23.74,152.8,,,,0,0,0,58,"Positive 1M return, Strong 3M absolute return, Strong 6M absolute return, Positive across 1M/3M/6M",Healthcare,Drug Manufacturers - Specialty & Generic,2.0,147,1.36
06.10.2026 at 10:05 AM IST,INTLCONV,-0.39,3.15,10.87,,,,0,0,0,20,"Positive 3M return, Positive 6M return",Industrials,Specialty Industrial Machinery,12.0,417,2.88
06.10.2026 at 10:05 AM IST,INOXINDIA,-4.73,6.73,49.73,,,,0,0,0,30,"Positive 3M return, Strong 6M absolute return",Industrials,Specialty Industrial Machinery,9.0,417,2.16
06.10.2026 at 10:05 AM IST,SANATHAN,21.69,15.44,19.38,,,,0,0,0,45,"Strong 1M absolute return, Positive 3M return, Positive 6M return, Positive across 1M/3M/6M",Consumer Cyclical,Textile Manufacturing,5.0,387,1.29
06.10.2026 at 10:05 AM IST,SATIA,14.29,23.74,13.32,,,,0,0,0,55,"Strong 1M absolute return, Strong 3M absolute return, Positive 6M return, Positive across 1M/3M/6M",Basic Materials,Paper & Paper Products,3.0,331,0.91
06.10.2026 at 10:05 AM IST,VINDHYATEL,-4.09,35.31,121.05,,,,0,0,0,40,"Strong 3M absolute return, Strong 6M absolute return",Industrials,Engineering & Construction,6.0,417,1.44
06.10.2026 at 10:05 AM IST,VINCOFE,8.0,18.96,34.39,,,,0,0,0,48,"Positive 1M return, Positive 3M return, Strong 6M absolute return, Positive across 1M/3M/6M",Consumer Defensive,Beverages - Non-Alcoholic,4.0,144,2.78
06.10.2026 at 10:05 AM IST,OMAXAUTO,15.91,-2.89,107.65,,,,0,0,0,35,"Strong 1M absolute return, Strong 6M absolute return",Consumer Cyclical,Auto Parts,8.0,387,2.07
06.10.2026 at 10:05 AM IST,ARCHIDPLY,-0.95,30.38,36.63,,,,0,0,0,40,"Strong 3M absolute return, Strong 6M absolute return",Basic Materials,Lumber & Wood Production,6.0,331,1.81
06.10.2026 at 10:05 AM IST,SAKHTISUG,-2.73,16.89,18.18,,,,0,0,0,20,"Positive 3M return, Positive 6M return",Consumer Defensive,Confectioners,12.0,144,8.33
06.10.2026 at 10:05 AM IST,ISGEC,15.92,0.52,-9.41,,,,0,0,0,25,"Strong 1M absolute return, Positive 3M return",Industrials,Specialty Industrial Machinery,11.0,417,2.64
06.10.2026 at 10:05 AM IST,KIRIINDUS,-4.06,45.5,40.76,,,,0,0,0,40,"Strong 3M absolute return, Strong 6M absolute return",Basic Materials,Specialty Chemicals,6.0,331,1.81
06.10.2026 at 10:05 AM IST,KILITCH,44.11,34.07,89.66,,,,0,0,0,65,"Strong 1M absolute return, Strong 3M absolute return, Strong 6M absolute return, Positive across 1M/3M/6M",Unknown,Unknown,1.0,76,1.32
06.10.2026 at 10:05 AM IST,RKFORGE,2.14,26.7,34.97,,,,0,0,0,58,"Positive 1M return, Strong 3M absolute return, Strong 6M absolute return, Positive across 1M/3M/6M",Industrials,Metal Fabrication,2.0,417,0.48
06.10.2026 at 10:05 AM IST,RGL,6.44,34.01,49.51,,,,0,0,0,58,"Positive 1M return, Strong 3M absolute return, Strong 6M absolute return, Positive across 1M/3M/6M",Consumer Cyclical,Luxury Goods,2.0,387,0.52
06.10.2026 at 10:05 AM IST,ARSSBL,5.15,-2.6,-2.22,,,,0,0,0,8,Positive 1M return,Financial Services,Financial Conglomerates,14.0,223,6.28
06.10.2026 at 10:05 AM IST,ARROWGREEN,12.31,34.46,70.55,,,,0,0,0,65,"Strong 1M absolute return, Strong 3M absolute return, Strong 6M absolute return, Positive across 1M/3M/6M",Consumer Cyclical,Packaging & Containers,1.0,387,0.26
06.10.2026 at 10:05 AM IST,ARIS,9.02,29.44,23.95,,,,0,0,0,48,"Positive 1M return, Strong 3M absolute return, Positive 6M return, Positive across 1M/3M/6M",Industrials,Engineering & Construction,4.0,417,0.96
06.10.2026 at 10:05 AM IST,ARIHANTCAP,20.62,31.24,35.85,,,,0,0,0,65,"Strong 1M absolute return, Strong 3M absolute return, Strong 6M absolute return, Positive across 1M/3M/6M",Financial Services,Capital Markets,1.0,223,0.45
06.10.2026 at 10:05 AM IST,ARFIN,3.0,4.28,3.87,,,,0,0,0,38,"Positive 1M return, Positive 3M return, Positive 6M return, Positive across 1M/3M/6M",Basic Materials,Aluminum,7.0,331,2.11
06.10.2026 at 10:05 AM IST,SAMBHV,27.75,38.54,42.43,,,,0,0,0,65,"Strong 1M absolute return, Strong 3M absolute return, Strong 6M absolute return, Positive across 1M/3M/6M",Basic Materials,Steel,1.0,331,0.3
06.10.2026 at 10:05 AM IST,ACMESOLAR,5.27,15.21,52.91,,,,0,0,0,48,"Positive 1M return, Positive 3M return, Strong 6M absolute return, Positive across 1M/3M/6M",Utilities,Utilities - Renewable,1.0,38,2.63
06.10.2026 at 10:05 AM IST,ACE,9.99,28.01,43.22,,,,0,0,0,58,"Positive 1M return, Strong 3M absolute return, Strong 6M absolute return, Positive across 1M/3M/6M",Industrials,Farm & Heavy Construction Machinery,2.0,417,0.48
06.10.2026 at 10:05 AM IST,JSWINFRA,8.81,9.45,38.53,,,,0,0,0,48,"Positive 1M return, Positive 3M return, Strong 6M absolute return, Positive across 1M/3M/6M",Industrials,Marine Shipping,4.0,417,0.96
06.10.2026 at 10:05 AM IST,SAIL,-2.4,8.14,8.19,,,,0,0,0,20,"Positive 3M return, Positive 6M return",Basic Materials,Steel,12.0,331,3.63
06.10.2026 at 10:05 AM IST,SAHYADRI,-6.67,35.45,51.65,,,,0,0,0,40,"Strong 3M absolute return, Strong 6M absolute return",Industrials,Building Products & Equipment,6.0,417,1.44
06.10.2026 at 10:05 AM IST,JOCIL,-7.64,4.55,33.28,,,,0,0,0,30,"Positive 3M return, Strong 6M absolute return",Basic Materials,Specialty Chemicals,9.0,331,2.72
06.10.2026 at 10:05 AM IST,AKUMS,10.12,15.56,57.96,,,,0,0,0,55,"Strong 1M absolute return, Positive 3M return, Strong 6M absolute return, Positive across 1M/3M/6M",Healthcare,Drug Manufacturers - Specialty & Generic,3.0,147,2.04
06.10.2026 at 10:05 AM IST,AJAXENGG,0.99,13.64,28.98,,,,0,0,0,38,"Positive 1M return, Positive 3M return, Positive 6M return, Positive across 1M/3M/6M",Industrials,Farm & Heavy Construction Machinery,7.0,417,1.68
06.10.2026 at 10:05 AM IST,ORIENTHOT,1.98,10.8,48.84,,,,0,0,0,48,"Positive 1M return, Positive 3M return, Strong 6M absolute return, Positive across 1M/3M/6M",Consumer Cyclical,Lodging,4.0,387,1.03
06.10.2026 at 10:05 AM IST,ORIENTBELL,0.78,29.99,46.52,,,,0,0,0,58,"Positive 1M return, Strong 3M absolute return, Strong 6M absolute return, Positive across 1M/3M/6M",Industrials,Building Products & Equipment,2.0,417,0.48
06.10.2026 at 10:05 AM IST,NPST,6.93,16.93,49.69,,,,0,0,0,48,"Positive 1M return, Positive 3M return, Strong 6M absolute return, Positive across 1M/3M/6M",Technology,Software - Application,4.0,159,2.52
06.10.2026 at 10:05 AM IST,MAWANASUG,4.48,32.94,58.68,,,,0,0,0,58,"Positive 1M return, Strong 3M absolute return, Strong 6M absolute return, Positive across 1M/3M/6M",Consumer Defensive,Confectioners,2.0,144,1.39
06.10.2026 at 10:05 AM IST,MARKSANS,1.15,25.07,93.42,,,,0,0,0,58,"Positive 1M return, Strong 3M absolute return, Strong 6M absolute return, Positive across 1M/3M/6M",Healthcare,Drug Manufacturers - General,2.0,147,1.36
06.10.2026 at 10:05 AM IST,MARINE,12.82,81.62,144.7,,,,0,0,0,65,"Strong 1M absolute return, Strong 3M absolute return, Strong 6M absolute return, Positive across 1M/3M/6M",Industrials,Electrical Equipment & Parts,1.0,417,0.24
06.10.2026 at 10:05 AM IST,MENONBE,-7.17,81.73,164.99,,,,0,0,0,40,"Strong 3M absolute return, Strong 6M absolute return",Consumer Cyclical,Auto Parts,6.0,387,1.55
06.10.2026 at 10:05 AM IST,MEESHO,12.22,22.02,48.67,,,,0,0,0,65,"Strong 1M absolute return, Strong 3M absolute return, Strong 6M absolute return, Positive across 1M/3M/6M",Consumer Cyclical,Internet Retail,1.0,387,0.26
06.10.2026 at 10:05 AM IST,MBAPL,-0.39,40.17,53.32,,,,0,0,0,40,"Strong 3M absolute return, Strong 6M absolute return",Basic Materials,Agricultural Inputs,6.0,331,1.81
06.10.2026 at 10:05 AM IST,DMCC,12.83,30.41,53.63,,,,0,0,0,65,"Strong 1M absolute return, Strong 3M absolute return, Strong 6M absolute return, Positive across 1M/3M/6M",Basic Materials,Chemicals,1.0,331,0.3
06.10.2026 at 10:05 AM IST,DLF,-0.84,-1.15,19.26,,,,0,0,0,10,Positive 6M return,Real Estate,Real Estate - Development,12.0,74,16.22
06.10.2026 at 10:05 AM IST,DIVISLAB,-2.87,36.61,52.67,,,,0,0,0,40,"Strong 3M absolute return, Strong 6M absolute return",Healthcare,Drug Manufacturers - Specialty & Generic,6.0,147,4.08
06.10.2026 at 10:05 AM IST,EBGNG,5.13,10.33,67.26,,,,0,0,0,48,"Positive 1M return, Positive 3M return, Strong 6M absolute return, Positive across 1M/3M/6M",Technology,Computer Hardware,4.0,159,2.52
06.10.2026 at 10:05 AM IST,DPWIRES,49.94,25.1,53.04,,,,0,0,0,65,"Strong 1M absolute return, Strong 3M absolute return, Strong 6M absolute return, Positive across 1M/3M/6M",Unknown,Unknown,1.0,76,1.32
06.10.2026 at 10:05 AM IST,EPACKPEB,7.52,1.34,40.47,,,,0,0,0,48,"Positive 1M return, Positive 3M return, Strong 6M absolute return, Positive across 1M/3M/6M",Industrials,Engineering & Construction,4.0,417,0.96
06.10.2026 at 10:05 AM IST,OMFREIGHT,12.48,1.74,25.61,,,,0,0,0,45,"Strong 1M absolute return, Positive 3M return, Positive 6M return, Positive across 1M/3M/6M",Unknown,Unknown,4.0,76,5.26
06.10.2026 at 10:05 AM IST,WELCORP,-0.96,59.65,156.89,,,,0,0,0,40,"Strong 3M absolute return, Strong 6M absolute return",Basic Materials,Steel,6.0,331,1.81
06.10.2026 at 10:05 AM IST,IVC,-15.37,6.85,19.2,,,,0,0,0,20,"Positive 3M return, Positive 6M return",Financial Services,Financial Conglomerates,11.0,223,4.93
06.10.2026 at 10:05 AM IST,JGCHEM,3.61,38.76,76.83,,,,0,0,0,58,"Positive 1M return, Strong 3M absolute return, Strong 6M absolute return, Positive across 1M/3M/6M",Basic Materials,Other Industrial Metals & Mining,2.0,331,0.6
06.10.2026 at 10:05 AM IST,JAYKAY,51.73,37.16,52.39,,,,0,0,0,65,"Strong 1M absolute return, Strong 3M absolute return, Strong 6M absolute return, Positive across 1M/3M/6M",Industrials,Specialty Business Services,1.0,417,0.24
06.10.2026 at 10:05 AM IST,JASH,14.61,11.59,47.65,,,,0,0,0,55,"Strong 1M absolute return, Positive 3M return, Strong 6M absolute return, Positive across 1M/3M/6M",Industrials,Specialty Industrial Machinery,3.0,417,0.72
06.10.2026 at 10:05 AM IST,JAMNAAUTO,18.7,8.25,17.48,,,,0,0,0,45,"Strong 1M absolute return, Positive 3M return, Positive 6M return, Positive across 1M/3M/6M",Consumer Cyclical,Auto Parts,5.0,387,1.29
06.10.2026 at 10:05 AM IST,VSSL,7.51,46.62,70.07,,,,0,0,0,58,"Positive 1M return, Strong 3M absolute return, Strong 6M absolute return, Positive across 1M/3M/6M",Basic Materials,Steel,2.0,331,0.6
06.10.2026 at 10:05 AM IST,ANTELOPUS,1.19,36.08,80.49,,,,0,0,0,58,"Positive 1M return, Strong 3M absolute return, Strong 6M absolute return, Positive across 1M/3M/6M",Energy,Oil & Gas E&P,1.0,32,3.12
06.10.2026 at 10:05 AM IST,AIIL,4.52,7.0,28.28,,,,0,0,0,38,"Positive 1M return, Positive 3M return, Positive 6M return, Positive across 1M/3M/6M",Financial Services,Capital Markets,7.0,223,3.14
06.10.2026 at 10:05 AM IST,OPTIEMUS,49.49,53.72,123.19,,,,0,0,0,65,"Strong 1M absolute return, Strong 3M absolute return, Strong 6M absolute return, Positive across 1M/3M/6M",Technology,Electronics & Computer Distribution,1.0,159,0.63
06.10.2026 at 10:05 AM IST,WELSPUNLIV,12.96,41.3,91.3,,,,0,0,0,65,"Strong 1M absolute return, Strong 3M absolute return, Strong 6M absolute return, Positive across 1M/3M/6M",Consumer Cyclical,Textile Manufacturing,1.0,387,0.26
06.10.2026 at 10:05 AM IST,PARADEEP,-0.9,12.34,31.65,,,,0,0,0,30,"Positive 3M return, Strong 6M absolute return",Basic Materials,Agricultural Inputs,9.0,331,2.72
06.10.2026 at 10:05 AM IST,JNKINDIA,1.06,-13.64,59.58,,,,0,0,0,28,"Positive 1M return, Strong 6M absolute return",Industrials,Specialty Industrial Machinery,10.0,417,2.4
06.10.2026 at 10:05 AM IST,KANPRPLA,5.54,29.25,35.7,,,,0,0,0,58,"Positive 1M return, Strong 3M absolute return, Strong 6M absolute return, Positive across 1M/3M/6M",Consumer Cyclical,Packaging & Containers,2.0,387,0.52
06.10.2026 at 10:05 AM IST,KAMATHOTEL,14.85,42.0,48.94,,,,0,0,0,65,"Strong 1M absolute return, Strong 3M absolute return, Strong 6M absolute return, Positive across 1M/3M/6M",Consumer Cyclical,Lodging,1.0,387,0.26
06.10.2026 at 10:05 AM IST,KDDL,3.08,31.87,73.97,,,,0,0,0,58,"Positive 1M return, Strong 3M absolute return, Strong 6M absolute return, Positive across 1M/3M/6M",Consumer Cyclical,Luxury Goods,2.0,387,0.52
06.10.2026 at 10:05 AM IST,RPTECH,14.41,27.55,144.55,,,,0,0,0,65,"Strong 1M absolute return, Strong 3M absolute return, Strong 6M absolute return, Positive across 1M/3M/6M",Technology,Electronics & Computer Distribution,1.0,159,0.63
06.10.2026 at 10:05 AM IST,ALIVUS,0.69,19.5,32.5,,,,0,0,0,48,"Positive 1M return, Positive 3M return, Strong 6M absolute return, Positive across 1M/3M/6M",Healthcare,Drug Manufacturers - Specialty & Generic,4.0,147,2.72
06.10.2026 at 10:05 AM IST,ALEMBICLTD,-4.49,24.36,29.05,,,,0,0,0,30,"Strong 3M absolute return, Positive 6M return",Real Estate,Real Estate - Development,7.0,74,9.46
06.10.2026 at 10:05 AM IST,WHEELS,29.28,55.44,123.99,,,,0,0,0,65,"Strong 1M absolute return, Strong 3M absolute return, Strong 6M absolute return, Positive across 1M/3M/6M",Consumer Cyclical,Auto Parts,1.0,387,0.26
06.10.2026 at 10:05 AM IST,AARTIPHARM,12.17,37.09,40.6,,,,0,0,0,65,"Strong 1M absolute return, Strong 3M absolute return, Strong 6M absolute return, Positive across 1M/3M/6M",Healthcare,Drug Manufacturers - Specialty & Generic,1.0,147,0.68
06.10.2026 at 10:05 AM IST,WESTLIFE,12.9,19.01,31.26,,,,0,0,0,55,"Strong 1M absolute return, Positive 3M return, Strong 6M absolute return, Positive across 1M/3M/6M",Consumer Cyclical,Restaurants,3.0,387,0.78
06.10.2026 at 10:05 AM IST,ONWARDTEC,2.36,3.72,24.81,,,,0,0,0,38,"Positive 1M return, Positive 3M return, Positive 6M return, Positive across 1M/3M/6M",Technology,Information Technology Services,7.0,159,4.4
06.10.2026 at 10:05 AM IST,RELIABLE,-0.09,-2.31,23.16,,,,0,0,0,10,Positive 6M return,Technology,Information Technology Services,14.0,159,8.81
06.10.2026 at 10:05 AM IST,ICIL,5.11,15.44,94.97,,,,0,0,0,48,"Positive 1M return, Positive 3M return, Strong 6M absolute return, Positive across 1M/3M/6M",Consumer Cyclical,Textile Manufacturing,4.0,387,1.03
06.10.2026 at 10:05 AM IST,KRISHANA,1.99,45.86,60.8,,,,0,0,0,58,"Positive 1M return, Strong 3M absolute return, Strong 6M absolute return, Positive across 1M/3M/6M",Basic Materials,Agricultural Inputs,2.0,331,0.6
06.10.2026 at 10:05 AM IST,LAURUSLABS,2.32,29.54,83.3,,,,0,0,0,58,"Positive 1M return, Strong 3M absolute return, Strong 6M absolute return, Positive across 1M/3M/6M",Healthcare,Drug Manufacturers - Specialty & Generic,2.0,147,1.36
06.10.2026 at 10:05 AM IST,LAMBODHARA,-4.82,17.05,36.15,,,,0,0,0,30,"Positive 3M return, Strong 6M absolute return",Consumer Cyclical,Textile Manufacturing,9.0,387,2.33
06.10.2026 at 10:05 AM IST,LALPATHLAB,6.97,21.78,44.68,,,,0,0,0,58,"Positive 1M return, Strong 3M absolute return, Strong 6M absolute return, Positive across 1M/3M/6M",Healthcare,Diagnostics & Research,2.0,147,1.36
06.10.2026 at 10:05 AM IST,KTKBANK,-1.01,19.73,37.33,,,,0,0,0,30,"Positive 3M return, Strong 6M absolute return",Financial Services,Banks - Regional,9.0,223,4.04
06.10.2026 at 10:05 AM IST,REMSONSIND,9.33,28.97,15.12,,,,0,0,0,48,"Positive 1M return, Strong 3M absolute return, Positive 6M return, Positive across 1M/3M/6M",Consumer Cyclical,Auto Parts,4.0,387,1.03
06.10.2026 at 10:05 AM IST,BANSALWIRE,4.02,-0.77,23.42,,,,0,0,0,18,"Positive 1M return, Positive 6M return",Basic Materials,Steel,13.0,331,3.93
06.10.2026 at 10:05 AM IST,UNIDT,4.12,1.63,13.5,,,,0,0,0,38,"Positive 1M return, Positive 3M return, Positive 6M return, Positive across 1M/3M/6M",Energy,Oil & Gas Equipment & Services,4.0,32,12.5
06.10.2026 at 10:05 AM IST,KRBL,-6.42,10.17,21.58,,,,0,0,0,20,"Positive 3M return, Positive 6M return",Consumer Defensive,Packaged Foods,12.0,144,8.33
06.10.2026 at 10:05 AM IST,HINDCOMPOS,2.61,-7.45,1.27,,,,0,0,0,18,"Positive 1M return, Positive 6M return",Consumer Cyclical,Auto Parts,13.0,387,3.36
06.10.2026 at 10:05 AM IST,AYMSYNTEX,-10.17,19.13,53.88,,,,0,0,0,30,"Positive 3M return, Strong 6M absolute return",Consumer Cyclical,Textile Manufacturing,9.0,387,2.33
06.10.2026 at 10:05 AM IST,ASTEC,25.17,3.56,23.93,,,,0,0,0,45,"Strong 1M absolute return, Positive 3M return, Positive 6M return, Positive across 1M/3M/6M",Basic Materials,Agricultural Inputs,5.0,331,1.51
06.10.2026 at 10:05 AM IST,AVALON,5.7,42.33,121.84,,,,0,0,0,58,"Positive 1M return, Strong 3M absolute return, Strong 6M absolute return, Positive across 1M/3M/6M",Technology,Electronic Components,2.0,159,1.26
06.10.2026 at 10:05 AM IST,SCHNEIDER,3.77,-9.77,25.34,,,,0,0,0,18,"Positive 1M return, Positive 6M return",Industrials,Electrical Equipment & Parts,13.0,417,3.12
06.10.2026 at 10:05 AM IST,SBCL,-2.77,56.98,133.67,,,,0,0,0,40,"Strong 3M absolute return, Strong 6M absolute return",Industrials,Metal Fabrication,6.0,417,1.44
06.10.2026 at 10:05 AM IST,INDGN,-1.52,20.51,21.36,,,,0,0,0,30,"Strong 3M absolute return, Positive 6M return",Healthcare,Health Information Services,8.0,147,5.44
06.10.2026 at 10:05 AM IST,NITINSPIN,-3.63,13.72,60.52,,,,0,0,0,30,"Positive 3M return, Strong 6M absolute return",Consumer Cyclical,Textile Manufacturing,9.0,387,2.33
06.10.2026 at 10:05 AM IST,NIRLON,-0.27,2.35,,,,,0,0,0,10,Positive 3M return,Real Estate,Real Estate Services,12.0,74,16.22
06.10.2026 at 10:05 AM IST,AVTNPL,0.64,32.74,47.93,,,,0,0,0,58,"Positive 1M return, Strong 3M absolute return, Strong 6M absolute return, Positive across 1M/3M/6M",Basic Materials,Specialty Chemicals,2.0,331,0.6
06.10.2026 at 10:05 AM IST,BAJAJHIND,-8.25,19.83,15.24,,,,0,0,0,20,"Positive 3M return, Positive 6M return",Consumer Defensive,Confectioners,12.0,144,8.33
06.10.2026 at 10:05 AM IST,NGLFINE,5.28,-5.76,29.82,,,,0,0,0,18,"Positive 1M return, Positive 6M return",Healthcare,Drug Manufacturers - General,11.0,147,7.48
06.10.2026 at 10:05 AM IST,HERITGFOOD,3.87,18.8,19.07,,,,0,0,0,38,"Positive 1M return, Positive 3M return, Positive 6M return, Positive across 1M/3M/6M",Consumer Defensive,Packaged Foods,7.0,144,4.86
06.10.2026 at 10:05 AM IST,SHIVALIK,16.33,73.62,47.04,,,,0,0,0,65,"Strong 1M absolute return, Strong 3M absolute return, Strong 6M absolute return, Positive across 1M/3M/6M",Basic Materials,Agricultural Inputs,1.0,331,0.3
06.10.2026 at 10:05 AM IST,SHILPAMED,9.65,77.69,152.47,,,,0,0,0,58,"Positive 1M return, Strong 3M absolute return, Strong 6M absolute return, Positive across 1M/3M/6M",Healthcare,Drug Manufacturers - Specialty & Generic,2.0,147,1.36
06.10.2026 at 10:05 AM IST,SHRINGARMS,2.15,-0.66,16.21,,,,0,0,0,18,"Positive 1M return, Positive 6M return",Consumer Cyclical,Luxury Goods,13.0,387,3.36
06.10.2026 at 10:05 AM IST,SHREEPUSHK,4.36,16.8,41.08,,,,0,0,0,48,"Positive 1M return, Positive 3M return, Strong 6M absolute return, Positive across 1M/3M/6M",Basic Materials,Specialty Chemicals,4.0,331,1.21
06.10.2026 at 10:05 AM IST,TRUALT,5.01,0.86,7.59,,,,0,0,0,38,"Positive 1M return, Positive 3M return, Positive 6M return, Positive across 1M/3M/6M",Energy,Oil & Gas Refining & Marketing,4.0,32,12.5
06.10.2026 at 10:05 AM IST,BHAGYANGR,14.46,13.34,129.23,,,,0,0,0,55,"Strong 1M absolute return, Positive 3M return, Strong 6M absolute return, Positive across 1M/3M/6M",Basic Materials,Copper,3.0,331,0.91
06.10.2026 at 10:05 AM IST,BHAGERIA,31.59,81.74,149.71,,,,0,0,0,65,"Strong 1M absolute return, Strong 3M absolute return, Strong 6M absolute return, Positive across 1M/3M/6M",Basic Materials,Specialty Chemicals,1.0,331,0.3
06.10.2026 at 10:05 AM IST,NECCLTD,9.47,20.17,30.49,,,,0,0,0,58,"Positive 1M return, Strong 3M absolute return, Strong 6M absolute return, Positive across 1M/3M/6M",Unknown,Unknown,2.0,76,2.63
06.10.2026 at 10:05 AM IST,PGIL,10.17,28.61,66.81,,,,0,0,0,65,"Strong 1M absolute return, Strong 3M absolute return, Strong 6M absolute return, Positive across 1M/3M/6M",Consumer Cyclical,Apparel Manufacturing,1.0,387,0.26
06.10.2026 at 10:05 AM IST,ZYDUSLIFE,3.31,0.88,28.36,,,,0,0,0,38,"Positive 1M return, Positive 3M return, Positive 6M return, Positive across 1M/3M/6M",Healthcare,Drug Manufacturers - Specialty & Generic,7.0,147,4.76
06.10.2026 at 10:05 AM IST,HLEGLAS,29.74,7.46,47.23,,,,0,0,0,55,"Strong 1M absolute return, Positive 3M return, Strong 6M absolute return, Positive across 1M/3M/6M",Industrials,Specialty Industrial Machinery,3.0,417,0.72
06.10.2026 at 10:05 AM IST,SECMARK,-4.76,12.75,28.67,,,,0,0,0,20,"Positive 3M return, Positive 6M return",Industrials,Consulting Services,12.0,417,2.88
06.10.2026 at 10:05 AM IST,IBULLSLTD,17.42,2.83,123.22,,,,0,0,0,55,"Strong 1M absolute return, Positive 3M return, Strong 6M absolute return, Positive across 1M/3M/6M",Real Estate,Real Estate - Development,2.0,74,2.7
06.10.2026 at 10:05 AM IST,SHAREINDIA,22.25,17.62,47.59,,,,0,0,0,55,"Strong 1M absolute return, Positive 3M return, Strong 6M absolute return, Positive across 1M/3M/6M",Financial Services,Capital Markets,3.0,223,1.35
06.10.2026 at 10:05 AM IST,SHARDAMOTR,7.93,5.94,18.12,,,,0,0,0,38,"Positive 1M return, Positive 3M return, Positive 6M return, Positive across 1M/3M/6M",Consumer Cyclical,Auto Parts,7.0,387,1.81
06.10.2026 at 10:05 AM IST,SHANTIGOLD,22.34,52.44,76.02,,,,0,0,0,65,"Strong 1M absolute return, Strong 3M absolute return, Strong 6M absolute return, Positive across 1M/3M/6M",Consumer Cyclical,Luxury Goods,1.0,387,0.26
06.10.2026 at 10:05 AM IST,PENIND,5.05,8.11,10.48,,,,0,0,0,38,"Positive 1M return, Positive 3M return, Positive 6M return, Positive across 1M/3M/6M",Industrials,Specialty Industrial Machinery,7.0,417,1.68
06.10.2026 at 10:05 AM IST,PDMJEPAPER,3.9,18.0,16.83,,,,0,0,0,38,"Positive 1M return, Positive 3M return, Positive 6M return, Positive across 1M/3M/6M",Basic Materials,Paper & Paper Products,7.0,331,2.11
06.10.2026 at 10:05 AM IST,PCJEWELLER,-3.62,30.43,42.4,,,,0,0,0,40,"Strong 3M absolute return, Strong 6M absolute return",Consumer Cyclical,Luxury Goods,6.0,387,1.55
06.10.2026 at 10:05 AM IST,UFLEX,-4.76,50.29,74.06,,,,0,0,0,40,"Strong 3M absolute return, Strong 6M absolute return",Consumer Cyclical,Packaging & Containers,6.0,387,1.55
06.10.2026 at 10:05 AM IST,UDS,-10.71,12.07,46.47,,,,0,0,0,30,"Positive 3M return, Strong 6M absolute return",Industrials,Specialty Business Services,9.0,417,2.16
06.10.2026 at 10:05 AM IST,UNIVCABLES,2.03,38.14,101.89,,,,0,0,0,58,"Positive 1M return, Strong 3M absolute return, Strong 6M absolute return, Positive across 1M/3M/6M",Industrials,Electrical Equipment & Parts,2.0,417,0.48
06.10.2026 at 10:05 AM IST,SETL,6.06,47.57,222.6,,,,0,0,0,58,"Positive 1M return, Strong 3M absolute return, Strong 6M absolute return, Positive across 1M/3M/6M",Industrials,Specialty Industrial Machinery,2.0,417,0.48
06.10.2026 at 10:05 AM IST,SANSERA,4.66,27.77,79.94,,,,0,0,0,58,"Positive 1M return, Strong 3M absolute return, Strong 6M absolute return, Positive across 1M/3M/6M",Consumer Cyclical,Auto Parts,2.0,387,0.52
06.10.2026 at 10:05 AM IST,SANGAMIND,10.81,14.76,43.23,,,,0,0,0,55,"Strong 1M absolute return, Positive 3M return, Strong 6M absolute return, Positive across 1M/3M/6M",Consumer Cyclical,Textile Manufacturing,3.0,387,0.78
06.10.2026 at 10:05 AM IST,IIFLCAPS,0.95,1.85,25.34,,,,0,0,0,38,"Positive 1M return, Positive 3M return, Positive 6M return, Positive across 1M/3M/6M",Financial Services,Capital Markets,7.0,223,3.14
06.10.2026 at 10:05 AM IST,IGPL,5.4,43.33,59.83,,,,0,0,0,58,"Positive 1M return, Strong 3M absolute return, Strong 6M absolute return, Positive across 1M/3M/6M",Basic Materials,Chemicals,2.0,331,0.6
06.10.2026 at 10:05 AM IST,INDORAMA,28.05,99.73,158.79,,,,0,0,0,65,"Strong 1M absolute return, Strong 3M absolute return, Strong 6M absolute return, Positive across 1M/3M/6M",Consumer Cyclical,Textile Manufacturing,1.0,387,0.26
06.10.2026 at 10:05 AM IST,INDOBORAX,-7.35,25.24,104.81,,,,0,0,0,40,"Strong 3M absolute return, Strong 6M absolute return",Basic Materials,Chemicals,6.0,331,1.81
06.10.2026 at 10:05 AM IST,INDOAMIN,28.3,25.17,59.29,,,,0,0,0,65,"Strong 1M absolute return, Strong 3M absolute return, Strong 6M absolute return, Positive across 1M/3M/6M",Basic Materials,Chemicals,1.0,331,0.3
06.10.2026 at 10:05 AM IST,AURUM,0.88,1.59,31.57,,,,0,0,0,48,"Positive 1M return, Positive 3M return, Strong 6M absolute return, Positive across 1M/3M/6M",Real Estate,Real Estate Services,3.0,74,4.05
06.10.2026 at 10:05 AM IST,AUROPHARMA,-0.33,7.78,25.88,,,,0,0,0,20,"Positive 3M return, Positive 6M return",Healthcare,Drug Manufacturers - Specialty & Generic,10.0,147,6.8
06.10.2026 at 10:05 AM IST,ARVEE,28.39,32.13,37.75,,,,0,0,0,65,"Strong 1M absolute return, Strong 3M absolute return, Strong 6M absolute return, Positive across 1M/3M/6M",Basic Materials,Specialty Chemicals,1.0,331,0.3
06.10.2026 at 10:05 AM IST,USHAMART,2.19,0.89,18.25,,,,0,0,0,38,"Positive 1M return, Positive 3M return, Positive 6M return, Positive across 1M/3M/6M",Basic Materials,Steel,7.0,331,2.11
06.10.2026 at 10:05 AM IST,VIDHIING,2.96,18.6,8.87,,,,0,0,0,38,"Positive 1M return, Positive 3M return, Positive 6M return, Positive across 1M/3M/6M",Basic Materials,Specialty Chemicals,7.0,331,2.11
06.10.2026 at 10:05 AM IST,VGL,21.23,3.54,7.09,,,,0,0,0,45,"Strong 1M absolute return, Positive 3M return, Positive 6M return, Positive across 1M/3M/6M",Consumer Cyclical,Textile Manufacturing,5.0,387,1.29
06.10.2026 at 10:05 AM IST,ASHIANA,6.53,2.85,21.27,,,,0,0,0,38,"Positive 1M return, Positive 3M return, Positive 6M return, Positive across 1M/3M/6M",Real Estate,Real Estate - Development,6.0,74,8.11
06.10.2026 at 10:05 AM IST,VIVIANA,9.63,5.21,9.77,,,,0,0,0,38,"Positive 1M return, Positive 3M return, Positive 6M return, Positive across 1M/3M/6M",Industrials,Engineering & Construction,7.0,417,1.68
06.10.2026 at 10:05 AM IST,PAYTM,0.99,25.69,52.39,,,,0,0,0,58,"Positive 1M return, Strong 3M absolute return, Strong 6M absolute return, Positive across 1M/3M/6M",Technology,Software - Infrastructure,2.0,159,1.26
06.10.2026 at 10:05 AM IST,PATELRMART,2.23,3.39,24.26,,,,0,0,0,38,"Positive 1M return, Positive 3M return, Positive 6M return, Positive across 1M/3M/6M",Consumer Cyclical,Department Stores,7.0,387,1.81
06.10.2026 at 10:05 AM IST,PARAGMILK,13.27,24.36,39.91,,,,0,0,0,65,"Strong 1M absolute return, Strong 3M absolute return, Strong 6M absolute return, Positive across 1M/3M/6M",Consumer Defensive,Packaged Foods,1.0,144,0.69
06.10.2026 at 10:05 AM IST,OAL,-1.33,51.59,95.25,,,,0,0,0,40,"Strong 3M absolute return, Strong 6M absolute return",Basic Materials,Specialty Chemicals,6.0,331,1.81
06.10.2026 at 10:05 AM IST,NYKAA,0.0,3.3,32.71,,,,0,0,0,30,"Positive 3M return, Strong 6M absolute return",Consumer Cyclical,Internet Retail,9.0,387,2.33
06.10.2026 at 10:05 AM IST,APOLLO,-3.17,-1.03,74.06,,,,0,0,0,20,Strong 6M absolute return,Industrials,Aerospace & Defense,12.0,417,2.88
06.10.2026 at 10:05 AM IST,APLLTD,2.96,4.1,17.27,,,,0,0,0,38,"Positive 1M return, Positive 3M return, Positive 6M return, Positive across 1M/3M/6M",Healthcare,Drug Manufacturers - Specialty & Generic,7.0,147,4.76
06.10.2026 at 10:05 AM IST,VIDYAWIRES,4.38,-4.19,40.15,,,,0,0,0,28,"Positive 1M return, Strong 6M absolute return",Industrials,Electrical Equipment & Parts,10.0,417,2.4
06.10.2026 at 10:05 AM IST,URBANCO,-8.74,24.43,29.99,,,,0,0,0,30,"Strong 3M absolute return, Positive 6M return",Technology,Software - Application,9.0,159,5.66
06.10.2026 at 10:05 AM IST,VARDHACRLC,4.14,6.09,25.06,,,,0,0,0,38,"Positive 1M return, Positive 3M return, Positive 6M return, Positive across 1M/3M/6M",Unknown,Unknown,6.0,76,7.89
06.10.2026 at 10:05 AM IST,VETO,9.94,15.07,39.52,,,,0,0,0,48,"Positive 1M return, Positive 3M return, Strong 6M absolute return, Positive across 1M/3M/6M",Industrials,Electrical Equipment & Parts,4.0,417,0.96
06.10.2026 at 10:05 AM IST,VENUSPIPES,37.39,29.33,99.16,,,,0,0,0,65,"Strong 1M absolute return, Strong 3M absolute return, Strong 6M absolute return, Positive across 1M/3M/6M",Basic Materials,Steel,1.0,331,0.3
06.10.2026 at 10:05 AM IST,VENKEYS,2.31,21.15,16.37,,,,0,0,0,48,"Positive 1M return, Strong 3M absolute return, Positive 6M return, Positive across 1M/3M/6M",Consumer Defensive,Farm Products,4.0,144,2.78
06.10.2026 at 10:05 AM IST,INDIQUBE,1.94,14.73,31.94,,,,0,0,0,48,"Positive 1M return, Positive 3M return, Strong 6M absolute return, Positive across 1M/3M/6M",Real Estate,Real Estate Services,3.0,74,4.05
06.10.2026 at 10:05 AM IST,KRYSTAL,-1.11,9.32,20.92,,,,0,0,0,20,"Positive 3M return, Positive 6M return",Industrials,Specialty Business Services,12.0,417,2.88
06.10.2026 at 10:05 AM IST,KROSS,18.9,40.97,36.16,,,,0,0,0,65,"Strong 1M absolute return, Strong 3M absolute return, Strong 6M absolute return, Positive across 1M/3M/6M",Consumer Cyclical,Auto Parts,1.0,387,0.26
06.10.2026 at 10:05 AM IST,KRN,-11.92,18.8,39.26,,,,0,0,0,30,"Positive 3M return, Strong 6M absolute return",Technology,Electronic Components,9.0,159,5.66
06.10.2026 at 10:05 AM IST,KRISHNADEF,24.8,-1.42,38.29,,,,0,0,0,35,"Strong 1M absolute return, Strong 6M absolute return",Industrials,Specialty Industrial Machinery,8.0,417,1.92
06.10.2026 at 10:05 AM IST,UTTAMSUGAR,10.51,33.85,28.41,,,,0,0,0,55,"Strong 1M absolute return, Strong 3M absolute return, Positive 6M return, Positive across 1M/3M/6M",Consumer Defensive,Confectioners,3.0,144,2.08
06.10.2026 at 10:05 AM IST,MAXESTATES,6.76,27.79,62.8,,,,0,0,0,58,"Positive 1M return, Strong 3M absolute return, Strong 6M absolute return, Positive across 1M/3M/6M",Real Estate,Real Estate - Development,1.0,74,1.35
06.10.2026 at 10:05 AM IST,AZAD,7.33,22.16,73.95,,,,0,0,0,58,"Positive 1M return, Strong 3M absolute return, Strong 6M absolute return, Positive across 1M/3M/6M",Industrials,Specialty Industrial Machinery,2.0,417,0.48
06.10.2026 at 10:05 AM IST,QPOWER,9.72,49.22,69.19,,,,0,0,0,58,"Positive 1M return, Strong 3M absolute return, Strong 6M absolute return, Positive across 1M/3M/6M",Industrials,Electrical Equipment & Parts,2.0,417,0.48
06.10.2026 at 10:05 AM IST,PWL,6.19,-8.79,33.43,,,,0,0,0,28,"Positive 1M return, Strong 6M absolute return",Consumer Defensive,Education & Training Services,10.0,144,6.94
06.10.2026 at 10:05 AM IST,PVRINOX,0.56,23.57,32.45,,,,0,0,0,58,"Positive 1M return, Strong 3M absolute return, Strong 6M absolute return, Positive across 1M/3M/6M",Communication Services,Entertainment,2.0,63,3.17
06.10.2026 at 10:05 AM IST,PTCIL,-3.92,34.69,48.32,,,,0,0,0,40,"Strong 3M absolute return, Strong 6M absolute return",Industrials,Metal Fabrication,6.0,417,1.44
06.10.2026 at 10:05 AM IST,PROZONER,12.02,15.07,-2.0,,,,0,0,0,25,"Strong 1M absolute return, Positive 3M return",Real Estate,Real Estate - Diversified,8.0,74,10.81
06.10.2026 at 10:05 AM IST,PROTEAN,28.21,12.86,26.05,,,,0,0,0,45,"Strong 1M absolute return, Positive 3M return, Positive 6M return, Positive across 1M/3M/6M",Technology,Information Technology Services,5.0,159,3.14
06.10.2026 at 10:05 AM IST,PRIMO,28.29,9.95,17.08,,,,0,0,0,45,"Strong 1M absolute return, Positive 3M return, Positive 6M return, Positive across 1M/3M/6M",Basic Materials,Chemicals,5.0,331,1.51
06.10.2026 at 10:05 AM IST,PREMIERPOL,11.13,58.79,75.03,,,,0,0,0,65,"Strong 1M absolute return, Strong 3M absolute return, Strong 6M absolute return, Positive across 1M/3M/6M",Basic Materials,Specialty Chemicals,1.0,331,0.3
06.10.2026 at 10:05 AM IST,MITCON,5.13,5.48,21.14,,,,0,0,0,38,"Positive 1M return, Positive 3M return, Positive 6M return, Positive across 1M/3M/6M",Industrials,Engineering & Construction,7.0,417,1.68
06.10.2026 at 10:05 AM IST,MIDHANI,-3.04,11.2,38.84,,,,0,0,0,30,"Positive 3M return, Strong 6M absolute return",Basic Materials,Steel,9.0,331,2.72
06.10.2026 at 10:05 AM IST,UTLSOLAR,-1.49,21.95,91.57,,,,0,0,0,40,"Strong 3M absolute return, Strong 6M absolute return",Technology,Solar,6.0,159,3.77
06.10.2026 at 10:05 AM IST,STARPAPER,-0.18,10.05,13.31,,,,0,0,0,20,"Positive 3M return, Positive 6M return",Basic Materials,Paper & Paper Products,12.0,331,3.63
06.10.2026 at 10:05 AM IST,TNPL,-6.52,4.99,11.01,,,,0,0,0,20,"Positive 3M return, Positive 6M return",Basic Materials,Paper & Paper Products,12.0,331,3.63
06.10.2026 at 10:05 AM IST,LIBAS,8.03,0.8,6.2,,,,0,0,0,38,"Positive 1M return, Positive 3M return, Positive 6M return, Positive across 1M/3M/6M",Consumer Cyclical,Apparel Manufacturing,7.0,387,1.81
06.10.2026 at 10:05 AM IST,BLACKBUCK,1.56,6.44,5.03,,,,0,0,0,38,"Positive 1M return, Positive 3M return, Positive 6M return, Positive across 1M/3M/6M",Technology,Software - Application,7.0,159,4.4
06.10.2026 at 10:05 AM IST,ASAHIINDIA,-1.13,7.84,10.06,,,,0,0,0,20,"Positive 3M return, Positive 6M return",Consumer Cyclical,Auto Parts,12.0,387,3.1
06.10.2026 at 10:05 AM IST,APLAPOLLO,-4.66,18.54,5.14,,,,0,0,0,20,"Positive 3M return, Positive 6M return",Basic Materials,Steel,12.0,331,3.63
06.10.2026 at 10:05 AM IST,ANDHRAPAP,-3.38,13.14,10.98,,,,0,0,0,20,"Positive 3M return, Positive 6M return",Basic Materials,Paper & Paper Products,12.0,331,3.63
06.10.2026 at 10:05 AM IST,PTC,1.82,2.66,4.33,,,,0,0,0,38,"Positive 1M return, Positive 3M return, Positive 6M return, Positive across 1M/3M/6M",Utilities,Utilities - Independent Power Producers,2.0,38,5.26
06.10.2026 at 10:05 AM IST,TREL,-3.17,5.94,4.44,,,,0,0,0,20,"Positive 3M return, Positive 6M return",Real Estate,Real Estate Services,9.0,74,12.16
06.10.2026 at 10:05 AM IST,JUBLPHARMA,5.71,1.2,11.92,,,,0,0,0,38,"Positive 1M return, Positive 3M return, Positive 6M return, Positive across 1M/3M/6M",Healthcare,Drug Manufacturers - Specialty & Generic,7.0,147,4.76
06.10.2026 at 10:05 AM IST,NIMBSPROJ,18.47,-3.48,,,,,0,0,0,15,Strong 1M absolute return,Real Estate,Real Estate - Development,11.0,74,14.86
06.10.2026 at 10:05 AM IST,AHCL,89.16,95.26,143.89,,,,0,0,0,65,"Strong 1M absolute return, Strong 3M absolute return, Strong 6M absolute return, Positive across 1M/3M/6M",Healthcare,Drug Manufacturers - Specialty & Generic,1.0,147,0.68
06.10.2026 at 10:05 AM IST,TEMBO,-0.43,2.8,5.81,,,,0,0,0,20,"Positive 3M return, Positive 6M return",Industrials,Metal Fabrication,12.0,417,2.88
06.10.2026 at 10:05 AM IST,ELGIRUBCO,-0.17,-1.38,41.93,,,,0,0,0,20,Strong 6M absolute return,Consumer Cyclical,Auto Parts,12.0,387,3.1
06.10.2026 at 10:05 AM IST,PNGSREVA,-0.13,29.5,49.86,,,,0,0,0,40,"Strong 3M absolute return, Strong 6M absolute return",Consumer Cyclical,Luxury Goods,6.0,387,1.55
06.10.2026 at 10:05 AM IST,KOPRAN,14.35,48.28,73.35,,,,0,0,0,65,"Strong 1M absolute return, Strong 3M absolute return, Strong 6M absolute return, Positive across 1M/3M/6M",Healthcare,Drug Manufacturers - General,1.0,147,0.68
06.10.2026 at 10:05 AM IST,DIFFNKG,-8.4,10.52,60.94,,,,0,0,0,30,"Positive 3M return, Strong 6M absolute return",Industrials,Specialty Industrial Machinery,9.0,417,2.16
06.10.2026 at 10:05 AM IST,RSL,0.39,41.06,48.36,,,,0,0,0,58,"Positive 1M return, Strong 3M absolute return, Strong 6M absolute return, Positive across 1M/3M/6M",Basic Materials,Steel,2.0,331,0.6
06.10.2026 at 10:05 AM IST,DPABHUSHAN,40.54,84.7,82.9,,,,0,0,0,65,"Strong 1M absolute return, Strong 3M absolute return, Strong 6M absolute return, Positive across 1M/3M/6M",Consumer Cyclical,Luxury Goods,1.0,387,0.26
06.10.2026 at 10:05 AM IST,CMRGREEN,-2.34,-3.21,,,,,0,0,0,0,,Basic Materials,Aluminum,17.0,331,5.14
06.10.2026 at 10:05 AM IST,SALSTEEL,11.69,57.77,122.35,,,,0,0,0,65,"Strong 1M absolute return, Strong 3M absolute return, Strong 6M absolute return, Positive across 1M/3M/6M",Basic Materials,Steel,1.0,331,0.3
06.10.2026 at 10:05 AM IST,KREBSBIO,4.53,6.79,-4.11,,,,0,0,0,18,"Positive 1M return, Positive 3M return",Healthcare,Drug Manufacturers - Specialty & Generic,11.0,147,7.48
06.10.2026 at 10:05 AM IST,GULFOILLUB,2.08,7.77,25.2,,,,0,0,0,38,"Positive 1M return, Positive 3M return, Positive 6M return, Positive across 1M/3M/6M",Basic Materials,Specialty Chemicals,7.0,331,2.11
06.10.2026 at 10:05 AM IST,DEVX,16.67,12.16,7.65,,,,0,0,0,45,"Strong 1M absolute return, Positive 3M return, Positive 6M return, Positive across 1M/3M/6M",Real Estate,Real Estate Services,4.0,74,5.41
06.10.2026 at 10:05 AM IST,TIPSFILMS,5.37,5.74,9.14,,,,0,0,0,38,"Positive 1M return, Positive 3M return, Positive 6M return, Positive across 1M/3M/6M",Communication Services,Entertainment,6.0,63,9.52
06.10.2026 at 10:05 AM IST,MSTCLTD,-3.29,8.28,69.52,,,,0,0,0,30,"Positive 3M return, Strong 6M absolute return",Industrials,Conglomerates,9.0,417,2.16
06.10.2026 at 10:05 AM IST,FMGOETZE,-11.21,19.32,18.89,,,,0,0,0,20,"Positive 3M return, Positive 6M return",Consumer Cyclical,Auto Parts,12.0,387,3.1
06.10.2026 at 10:05 AM IST,MARALOVER,4.47,9.61,40.7,,,,0,0,0,48,"Positive 1M return, Positive 3M return, Strong 6M absolute return, Positive across 1M/3M/6M",Consumer Cyclical,Textile Manufacturing,4.0,387,1.03
06.10.2026 at 10:05 AM IST,WOCKPHARMA,-6.12,15.31,53.17,,,,0,0,0,30,"Positive 3M return, Strong 6M absolute return",Healthcare,Drug Manufacturers - Specialty & Generic,8.0,147,5.44
06.10.2026 at 10:05 AM IST,ZFSTEERING,5.52,7.78,,,,,0,0,0,18,"Positive 1M return, Positive 3M return",Consumer Cyclical,Auto Parts,13.0,387,3.36
06.10.2026 at 10:05 AM IST,ENTERO,-8.23,40.15,46.07,,,,0,0,0,40,"Strong 3M absolute return, Strong 6M absolute return",Healthcare,Medical Distribution,6.0,147,4.08
06.10.2026 at 10:05 AM IST,STEELCITY,-2.56,8.42,4.11,,,,0,0,0,20,"Positive 3M return, Positive 6M return",Financial Services,Capital Markets,11.0,223,4.93
06.10.2026 at 10:05 AM IST,GYFTR,-8.93,,,,,,0,0,0,0,,Unknown,Unknown,14.0,76,18.42
06.10.2026 at 10:05 AM IST,YATHARTH,6.02,24.0,36.6,,,,0,0,0,58,"Positive 1M return, Strong 3M absolute return, Strong 6M absolute return, Positive across 1M/3M/6M",Healthcare,Medical Care Facilities,2.0,147,1.36
06.10.2026 at 10:05 AM IST,KAPSTON,-5.39,50.5,94.86,,,,0,0,0,40,"Strong 3M absolute return, Strong 6M absolute return",Industrials,Specialty Business Services,6.0,417,1.44
06.10.2026 at 10:05 AM IST,PRABHA,-4.66,45.88,39.86,,,,0,0,0,40,"Strong 3M absolute return, Strong 6M absolute return",Energy,Oil & Gas E&P,3.0,32,9.38
06.10.2026 at 10:05 AM IST,GOODLUCK,-4.73,-5.88,33.86,,,,0,0,0,20,Strong 6M absolute return,Basic Materials,Steel,12.0,331,3.63
06.10.2026 at 10:05 AM IST,SOLARA,-3.67,18.83,39.41,,,,0,0,0,30,"Positive 3M return, Strong 6M absolute return",Healthcare,Drug Manufacturers - Specialty & Generic,8.0,147,5.44
06.10.2026 at 10:05 AM IST,MAHSEAMLES,0.7,16.29,10.68,,,,0,0,0,38,"Positive 1M return, Positive 3M return, Positive 6M return, Positive across 1M/3M/6M",Basic Materials,Steel,7.0,331,2.11
06.10.2026 at 10:05 AM IST,GFLLIMITED,-5.29,20.6,37.74,,,,0,0,0,40,"Strong 3M absolute return, Strong 6M absolute return",Financial Services,Asset Management,6.0,223,2.69
06.10.2026 at 10:05 AM IST,BLUESTARCO,6.83,-5.63,-9.34,,,,0,0,0,8,Positive 1M return,Industrials,Building Products & Equipment,16.0,417,3.84
06.10.2026 at 10:05 AM IST,SIGACHI,-12.1,40.08,45.63,,,,0,0,0,40,"Strong 3M absolute return, Strong 6M absolute return",Healthcare,Drug Manufacturers - Specialty & Generic,6.0,147,4.08
06.10.2026 at 10:05 AM IST,BEML,-2.73,12.7,25.06,,,,0,0,0,20,"Positive 3M return, Positive 6M return",Industrials,Conglomerates,12.0,417,2.88
06.10.2026 at 10:05 AM IST,LEMONTREE,1.81,-9.1,-4.15,,,,0,0,0,8,Positive 1M return,Consumer Cyclical,Lodging,16.0,387,4.13
06.10.2026 at 10:05 AM IST,HDFCLIFE,-0.85,-2.51,-8.04,,,,0,0,0,0,,Financial Services,Insurance - Life,15.0,223,6.73
06.10.2026 at 10:05 AM IST,STOVEKRAFT,-3.63,1.68,41.08,,,,0,0,0,30,"Positive 3M return, Strong 6M absolute return",Consumer Cyclical,"Furnishings, Fixtures & Appliances",9.0,387,2.33
06.10.2026 at 10:05 AM IST,ETERNAL,0.53,11.62,36.86,,,,0,0,0,48,"Positive 1M return, Positive 3M return, Strong 6M absolute return, Positive across 1M/3M/6M",Consumer Cyclical,Internet Retail,4.0,387,1.03
06.10.2026 at 10:05 AM IST,ELLEN,5.47,15.7,42.99,,,,0,0,0,48,"Positive 1M return, Positive 3M return, Strong 6M absolute return, Positive across 1M/3M/6M",Basic Materials,Chemicals,4.0,331,1.21
06.10.2026 at 10:05 AM IST,TMB,-4.94,9.91,36.26,,,,0,0,0,30,"Positive 3M return, Strong 6M absolute return",Financial Services,Banks - Regional,9.0,223,4.04
06.10.2026 at 10:05 AM IST,PHOENIXLTD,-0.8,-4.74,12.46,,,,0,0,0,10,Positive 6M return,Real Estate,Real Estate - Diversified,12.0,74,16.22
06.10.2026 at 10:05 AM IST,RANASUG,-5.2,16.92,8.84,,,,0,0,0,20,"Positive 3M return, Positive 6M return",Consumer Defensive,Confectioners,12.0,144,8.33
06.10.2026 at 10:05 AM IST,MWL,6.64,10.3,54.92,,,,0,0,0,48,"Positive 1M return, Positive 3M return, Strong 6M absolute return, Positive across 1M/3M/6M",Basic Materials,Steel,4.0,331,1.21
06.10.2026 at 10:05 AM IST,KRSNAA,-0.38,2.4,-5.87,,,,0,0,0,10,Positive 3M return,Healthcare,Diagnostics & Research,13.0,147,8.84
06.10.2026 at 10:05 AM IST,KSL,-0.54,5.91,45.85,,,,0,0,0,30,"Positive 3M return, Strong 6M absolute return",Basic Materials,Steel,9.0,331,2.72
06.10.2026 at 10:05 AM IST,BALAMINES,-11.06,-8.83,104.41,,,,0,0,0,20,Strong 6M absolute return,Basic Materials,Specialty Chemicals,12.0,331,3.63
06.10.2026 at 10:05 AM IST,INDNIPPON,5.49,21.28,59.66,,,,0,0,0,58,"Positive 1M return, Strong 3M absolute return, Strong 6M absolute return, Positive across 1M/3M/6M",Consumer Cyclical,Auto Parts,2.0,387,0.52
06.10.2026 at 10:05 AM IST,SGIL,0.03,4.1,25.08,,,,0,0,0,38,"Positive 1M return, Positive 3M return, Positive 6M return, Positive across 1M/3M/6M",Industrials,Metal Fabrication,7.0,417,1.68
06.10.2026 at 10:05 AM IST,LOKESHMACH,20.47,27.73,99.5,,,,0,0,0,65,"Strong 1M absolute return, Strong 3M absolute return, Strong 6M absolute return, Positive across 1M/3M/6M",Industrials,Specialty Industrial Machinery,1.0,417,0.24
06.10.2026 at 10:05 AM IST,UNIPARTS,-4.6,31.39,71.5,,,,0,0,0,40,"Strong 3M absolute return, Strong 6M absolute return",Industrials,Farm & Heavy Construction Machinery,6.0,417,1.44
06.10.2026 at 10:05 AM IST,KRISHIVAL,-1.31,0.78,27.35,,,,0,0,0,20,"Positive 3M return, Positive 6M return",Consumer Defensive,Packaged Foods,12.0,144,8.33
06.10.2026 at 10:05 AM IST,AMRUTANJAN,2.86,-3.35,-2.08,,,,0,0,0,8,Positive 1M return,Healthcare,Drug Manufacturers - Specialty & Generic,14.0,147,9.52
06.10.2026 at 10:05 AM IST,PASUPTAC,2.34,14.16,47.59,,,,0,0,0,48,"Positive 1M return, Positive 3M return, Strong 6M absolute return, Positive across 1M/3M/6M",Consumer Cyclical,Textile Manufacturing,4.0,387,1.03
06.10.2026 at 10:05 AM IST,ANANDRATHI,-2.59,4.8,21.72,,,,0,0,0,20,"Positive 3M return, Positive 6M return",Financial Services,Asset Management,11.0,223,4.93
06.10.2026 at 10:05 AM IST,IONEXCHANG,-5.7,-12.76,6.41,,,,0,0,0,10,Positive 6M return,Industrials,Pollution & Treatment Controls,15.0,417,3.6
06.10.2026 at 10:05 AM IST,SUPRIYA,5.7,4.74,43.6,,,,0,0,0,48,"Positive 1M return, Positive 3M return, Strong 6M absolute return, Positive across 1M/3M/6M",Healthcare,Biotechnology,4.0,147,2.72
06.10.2026 at 10:05 AM IST,PCBL,-1.11,6.51,22.62,,,,0,0,0,20,"Positive 3M return, Positive 6M return",Basic Materials,Specialty Chemicals,12.0,331,3.63
06.10.2026 at 10:05 AM IST,VITAL,-2.0,1.6,2.34,,,,0,0,0,20,"Positive 3M return, Positive 6M return",Basic Materials,Specialty Chemicals,12.0,331,3.63
06.10.2026 at 10:05 AM IST,INDOCO,1.17,-5.04,16.78,,,,0,0,0,18,"Positive 1M return, Positive 6M return",Healthcare,Drug Manufacturers - Specialty & Generic,11.0,147,7.48
06.10.2026 at 10:05 AM IST,KIRLFER,0.55,2.96,,,,,0,0,0,18,"Positive 1M return, Positive 3M return",Industrials,Metal Fabrication,13.0,417,3.12
06.10.2026 at 10:05 AM IST,DHUNINV,-6.33,11.8,29.79,,,,0,0,0,20,"Positive 3M return, Positive 6M return",Financial Services,Capital Markets,11.0,223,4.93
06.10.2026 at 10:05 AM IST,DOLPHIN,-6.29,65.06,57.31,,,,0,0,0,40,"Strong 3M absolute return, Strong 6M absolute return",Energy,Oil & Gas Equipment & Services,3.0,32,9.38
06.10.2026 at 10:05 AM IST,VOLTAMP,-6.69,12.11,13.29,,,,0,0,0,20,"Positive 3M return, Positive 6M return",Industrials,Electrical Equipment & Parts,12.0,417,2.88
06.10.2026 at 10:05 AM IST,JINDWORLD,-17.59,55.81,89.95,,,,0,0,0,40,"Strong 3M absolute return, Strong 6M absolute return",Consumer Cyclical,Textile Manufacturing,6.0,387,1.55
06.10.2026 at 10:05 AM IST,WELENT,-11.05,20.44,67.96,,,,0,0,0,40,"Strong 3M absolute return, Strong 6M absolute return",Industrials,Engineering & Construction,6.0,417,1.44
06.10.2026 at 10:05 AM IST,AHLEAST,1.82,-0.24,-13.63,,,,0,0,0,8,Positive 1M return,Consumer Cyclical,Lodging,16.0,387,4.13
06.10.2026 at 10:05 AM IST,NUVOCO,-6.72,6.05,7.48,,,,0,0,0,20,"Positive 3M return, Positive 6M return",Basic Materials,Building Materials,12.0,331,3.63
06.10.2026 at 10:05 AM IST,JAGRAN,1.21,-2.67,6.5,,,,0,0,0,18,"Positive 1M return, Positive 6M return",Communication Services,Publishing,10.0,63,15.87
06.10.2026 at 10:05 AM IST,ALBERTDAVD,-2.69,21.37,25.66,,,,0,0,0,30,"Strong 3M absolute return, Positive 6M return",Healthcare,Drug Manufacturers - Specialty & Generic,8.0,147,5.44
06.10.2026 at 10:05 AM IST,JTLIND,-4.48,9.61,33.01,,,,0,0,0,30,"Positive 3M return, Strong 6M absolute return",Basic Materials,Steel,9.0,331,2.72
06.10.2026 at 10:05 AM IST,SAILIFE,-7.87,19.96,53.17,,,,0,0,0,30,"Positive 3M return, Strong 6M absolute return",Healthcare,Diagnostics & Research,8.0,147,5.44
06.10.2026 at 10:05 AM IST,MATRIMONY,-2.91,17.16,20.1,,,,0,0,0,20,"Positive 3M return, Positive 6M return",Communication Services,Internet Content & Information,9.0,63,14.29
06.10.2026 at 10:05 AM IST,MCX,-3.96,16.12,16.34,,,,0,0,0,20,"Positive 3M return, Positive 6M return",Financial Services,Financial Data & Stock Exchanges,11.0,223,4.93
06.10.2026 at 10:05 AM IST,DVL,-4.84,16.86,20.14,,,,0,0,0,20,"Positive 3M return, Positive 6M return",Financial Services,Capital Markets,11.0,223,4.93
06.10.2026 at 10:05 AM IST,DRREDDY,4.51,-10.26,-0.11,,,,0,0,0,8,Positive 1M return,Unknown,Unknown,13.0,76,17.11
06.10.2026 at 10:05 AM IST,AARVI,-3.61,-0.81,5.65,,,,0,0,0,10,Positive 6M return,Industrials,Staffing & Employment Services,15.0,417,3.6
06.10.2026 at 10:05 AM IST,JSWDULUX,-5.02,-0.88,2.73,,,,0,0,0,10,Positive 6M return,Basic Materials,Specialty Chemicals,15.0,331,4.53
06.10.2026 at 10:05 AM IST,SHANTIGEAR,-4.3,35.79,30.3,,,,0,0,0,40,"Strong 3M absolute return, Strong 6M absolute return",Industrials,Specialty Industrial Machinery,6.0,417,1.44
06.10.2026 at 10:05 AM IST,SUPRAJIT,-5.56,-4.7,11.02,,,,0,0,0,10,Positive 6M return,Consumer Cyclical,Auto Parts,15.0,387,3.88
06.10.2026 at 10:05 AM IST,SURAKSHA,-3.42,24.26,24.24,,,,0,0,0,30,"Strong 3M absolute return, Positive 6M return",Healthcare,Diagnostics & Research,8.0,147,5.44
06.10.2026 at 10:05 AM IST,KAMDHENU,-3.88,14.21,72.69,,,,0,0,0,30,"Positive 3M return, Strong 6M absolute return",Basic Materials,Steel,9.0,331,2.72
06.10.2026 at 10:05 AM IST,RATNAMANI,-5.61,-0.19,12.25,,,,0,0,0,10,Positive 6M return,Basic Materials,Steel,15.0,331,4.53
06.10.2026 at 10:05 AM IST,OMAXE,-20.46,27.66,44.28,,,,0,0,0,40,"Strong 3M absolute return, Strong 6M absolute return",Real Estate,Real Estate - Development,5.0,74,6.76
06.10.2026 at 10:05 AM IST,LUMAXTECH,-1.79,32.8,11.45,,,,0,0,0,30,"Strong 3M absolute return, Positive 6M return",Consumer Cyclical,Auto Parts,9.0,387,2.33
06.10.2026 at 10:05 AM IST,RACLGEAR,-0.7,23.52,19.12,,,,0,0,0,30,"Strong 3M absolute return, Positive 6M return",Consumer Cyclical,Auto Parts,9.0,387,2.33
06.10.2026 at 10:05 AM IST,MANYAVAR,-10.63,36.96,33.43,,,,0,0,0,40,"Strong 3M absolute return, Strong 6M absolute return",Consumer Cyclical,Apparel Manufacturing,6.0,387,1.55
06.10.2026 at 10:05 AM IST,STAR,1.81,0.28,8.79,,,,0,0,0,38,"Positive 1M return, Positive 3M return, Positive 6M return, Positive across 1M/3M/6M",Healthcare,Drug Manufacturers - Specialty & Generic,7.0,147,4.76
06.10.2026 at 10:05 AM IST,ANUHPHR,-10.34,10.77,9.44,,,,0,0,0,20,"Positive 3M return, Positive 6M return",Healthcare,Drug Manufacturers - Specialty & Generic,10.0,147,6.8
06.10.2026 at 10:05 AM IST,INNOVACAP,-3.29,15.65,66.39,,,,0,0,0,30,"Positive 3M return, Strong 6M absolute return",Healthcare,Drug Manufacturers - Specialty & Generic,8.0,147,5.44
06.10.2026 at 10:05 AM IST,VISHNU,-6.15,12.37,28.76,,,,0,0,0,20,"Positive 3M return, Positive 6M return",Basic Materials,Specialty Chemicals,12.0,331,3.63
06.10.2026 at 10:05 AM IST,TEXMOPIPES,-1.85,15.66,14.3,,,,0,0,0,20,"Positive 3M return, Positive 6M return",Industrials,Building Products & Equipment,12.0,417,2.88
06.10.2026 at 10:05 AM IST,JSWSTEEL,-4.09,-0.09,3.92,,,,0,0,0,10,Positive 6M return,Basic Materials,Steel,15.0,331,4.53
06.10.2026 at 10:05 AM IST,AGARWALEYE,-6.06,1.67,10.61,,,,0,0,0,20,"Positive 3M return, Positive 6M return",Healthcare,Medical Instruments & Supplies,10.0,147,6.8
06.10.2026 at 10:05 AM IST,TECHM,-3.05,3.89,8.03,,,,0,0,0,20,"Positive 3M return, Positive 6M return",Technology,Information Technology Services,12.0,159,7.55
06.10.2026 at 10:05 AM IST,IRISDOREME,-1.97,30.61,84.44,,,,0,0,0,40,"Strong 3M absolute return, Strong 6M absolute return",Consumer Cyclical,Apparel Manufacturing,6.0,387,1.55
06.10.2026 at 10:05 AM IST,SAKAR,1.33,28.4,79.51,,,,0,0,0,58,"Positive 1M return, Strong 3M absolute return, Strong 6M absolute return, Positive across 1M/3M/6M",Healthcare,Drug Manufacturers - Specialty & Generic,2.0,147,1.36
06.10.2026 at 10:05 AM IST,PNB,-3.03,6.72,4.54,,,,0,0,0,20,"Positive 3M return, Positive 6M return",Financial Services,Banks - Regional,11.0,223,4.93
06.10.2026 at 10:05 AM IST,PLAZACABLE,-9.96,22.85,50.07,,,,0,0,0,40,"Strong 3M absolute return, Strong 6M absolute return",Industrials,Electrical Equipment & Parts,6.0,417,1.44
06.10.2026 at 10:05 AM IST,UNITEDPOLY,19.95,53.97,81.2,,,,0,0,0,65,"Strong 1M absolute return, Strong 3M absolute return, Strong 6M absolute return, Positive across 1M/3M/6M",Consumer Cyclical,Textile Manufacturing,1.0,387,0.26
06.10.2026 at 10:05 AM IST,SHADOWFAX,15.34,26.27,108.2,,,,0,0,0,65,"Strong 1M absolute return, Strong 3M absolute return, Strong 6M absolute return, Positive across 1M/3M/6M",Industrials,Integrated Freight & Logistics,1.0,417,0.24
06.10.2026 at 10:05 AM IST,SGMART,-9.09,12.07,41.14,,,,0,0,0,30,"Positive 3M return, Strong 6M absolute return",Industrials,Industrial Distribution,9.0,417,2.16
06.10.2026 at 10:05 AM IST,ELANTAS,13.47,49.76,,,,,0,0,0,35,"Strong 1M absolute return, Strong 3M absolute return",Basic Materials,Specialty Chemicals,8.0,331,2.42
06.10.2026 at 10:05 AM IST,SEDEMAC,18.02,23.26,104.06,,,,0,0,0,65,"Strong 1M absolute return, Strong 3M absolute return, Strong 6M absolute return, Positive across 1M/3M/6M",Consumer Cyclical,Auto Parts,1.0,387,0.26
06.10.2026 at 10:05 AM IST,UJJIVANSFB,3.08,2.44,10.88,,,,0,0,0,38,"Positive 1M return, Positive 3M return, Positive 6M return, Positive across 1M/3M/6M",Financial Services,Banks - Regional,7.0,223,3.14
06.10.2026 at 10:05 AM IST,PFS,3.67,-8.81,-1.06,,,,0,0,0,8,Positive 1M return,Financial Services,Credit Services,14.0,223,6.28
06.10.2026 at 10:05 AM IST,UNIMECH,13.65,56.29,116.19,,,,0,0,0,65,"Strong 1M absolute return, Strong 3M absolute return, Strong 6M absolute return, Positive across 1M/3M/6M",Industrials,Aerospace & Defense,1.0,417,0.24
06.10.2026 at 10:05 AM IST,ICICIGI,4.79,-12.3,-10.19,,,,0,0,0,8,Positive 1M return,Financial Services,Insurance - Diversified,14.0,223,6.28
06.10.2026 at 10:05 AM IST,LANDSMILL,58.73,29.87,-1.96,,,,0,0,0,35,"Strong 1M absolute return, Strong 3M absolute return",Industrials,Conglomerates,8.0,417,1.92
06.10.2026 at 10:05 AM IST,HAL,-5.19,6.05,16.58,,,,0,0,0,20,"Positive 3M return, Positive 6M return",Industrials,Aerospace & Defense,12.0,417,2.88
06.10.2026 at 10:05 AM IST,GRWRHITECH,-2.89,0.89,88.82,,,,0,0,0,30,"Positive 3M return, Strong 6M absolute return",Basic Materials,Specialty Chemicals,9.0,331,2.72
06.10.2026 at 10:05 AM IST,NINSYS,19.57,-7.68,102.36,,,,0,0,0,35,"Strong 1M absolute return, Strong 6M absolute return",Technology,Information Technology Services,8.0,159,5.03
06.10.2026 at 10:05 AM IST,NAVA,1.88,-2.67,-3.09,,,,0,0,0,8,Positive 1M return,Industrials,Conglomerates,16.0,417,3.84
06.10.2026 at 10:05 AM IST,SCHAND,6.12,-4.62,-5.89,,,,0,0,0,8,Positive 1M return,Unknown,Unknown,13.0,76,17.11
06.10.2026 at 10:05 AM IST,SCI,-1.09,0.59,16.37,,,,0,0,0,20,"Positive 3M return, Positive 6M return",Industrials,Marine Shipping,12.0,417,2.88
06.10.2026 at 10:05 AM IST,SDBL,2.43,10.1,-7.05,,,,0,0,0,18,"Positive 1M return, Positive 3M return",Consumer Defensive,Beverages - Brewers,13.0,144,9.03
06.10.2026 at 10:05 AM IST,MONTECARLO,-2.27,0.77,-0.6,,,,0,0,0,10,Positive 3M return,Consumer Cyclical,Apparel Manufacturing,15.0,387,3.88
06.10.2026 at 10:05 AM IST,DCMSHRIRAM,-2.8,-4.27,-10.16,,,,0,0,0,0,,Industrials,Conglomerates,17.0,417,4.08
06.10.2026 at 10:05 AM IST,JAYBARMARU,3.81,-28.38,43.17,,,,0,0,0,28,"Positive 1M return, Strong 6M absolute return",Consumer Cyclical,Auto Parts,10.0,387,2.58
06.10.2026 at 10:05 AM IST,WEALTH,5.18,-10.72,-5.44,,,,0,0,0,8,Positive 1M return,Financial Services,Capital Markets,14.0,223,6.28
06.10.2026 at 10:05 AM IST,SBC,33.65,47.5,88.91,,,,0,0,0,65,"Strong 1M absolute return, Strong 3M absolute return, Strong 6M absolute return, Positive across 1M/3M/6M",Consumer Cyclical,Apparel Manufacturing,1.0,387,0.26
06.10.2026 at 10:05 AM IST,ELDEHSG,0.76,-1.95,-3.2,,,,0,0,0,8,Positive 1M return,Real Estate,Real Estate Services,13.0,74,17.57
06.10.2026 at 10:05 AM IST,DGCONTENT,5.77,5.21,-5.73,,,,0,0,0,18,"Positive 1M return, Positive 3M return",Communication Services,Internet Content & Information,10.0,63,15.87
06.10.2026 at 10:05 AM IST,NITTAGELA,4.13,-7.56,,,,,0,0,0,8,Positive 1M return,Basic Materials,Specialty Chemicals,16.0,331,4.83
06.10.2026 at 10:05 AM IST,DIGIDRIVE,1.12,-2.86,-12.15,,,,0,0,0,8,Positive 1M return,Consumer Cyclical,Internet Retail,16.0,387,4.13
06.10.2026 at 10:05 AM IST,LOTUSEYE,5.77,-6.2,9.48,,,,0,0,0,18,"Positive 1M return, Positive 6M return",Healthcare,Medical Care Facilities,11.0,147,7.48
06.10.2026 at 10:05 AM IST,DELTACORP,50.99,29.88,46.01,,,,0,0,0,65,"Strong 1M absolute return, Strong 3M absolute return, Strong 6M absolute return, Positive across 1M/3M/6M",Consumer Cyclical,Resorts & Casinos,1.0,387,0.26
06.10.2026 at 10:05 AM IST,ALICON,25.0,34.45,34.73,,,,0,0,0,65,"Strong 1M absolute return, Strong 3M absolute return, Strong 6M absolute return, Positive across 1M/3M/6M",Industrials,Metal Fabrication,1.0,417,0.24
06.10.2026 at 10:05 AM IST,TRANSRAILL,14.3,-5.17,-11.46,,,,0,0,0,15,Strong 1M absolute return,Industrials,Engineering & Construction,14.0,417,3.36
06.10.2026 at 10:05 AM IST,KECL,1.52,11.09,29.47,,,,0,0,0,38,"Positive 1M return, Positive 3M return, Positive 6M return, Positive across 1M/3M/6M",Industrials,Specialty Industrial Machinery,7.0,417,1.68
06.10.2026 at 10:05 AM IST,KENNAMET,-9.48,51.06,,,,,0,0,0,20,Strong 3M absolute return,Industrials,Tools & Accessories,12.0,417,2.88
06.10.2026 at 10:05 AM IST,SUNDROP,14.94,17.8,23.61,,,,0,0,0,45,"Strong 1M absolute return, Positive 3M return, Positive 6M return, Positive across 1M/3M/6M",Consumer Defensive,Packaged Foods,5.0,144,3.47
06.10.2026 at 10:05 AM IST,SUNFLAG,37.18,35.42,85.74,,,,0,0,0,65,"Strong 1M absolute return, Strong 3M absolute return, Strong 6M absolute return, Positive across 1M/3M/6M",Basic Materials,Steel,1.0,331,0.3
06.10.2026 at 10:05 AM IST,SUNTV,32.32,26.77,6.58,,,,0,0,0,55,"Strong 1M absolute return, Strong 3M absolute return, Positive 6M return, Positive across 1M/3M/6M",Communication Services,Broadcasting,3.0,63,4.76
06.10.2026 at 10:05 AM IST,SHIVAUM,24.21,26.77,70.41,,,,0,0,0,65,"Strong 1M absolute return, Strong 3M absolute return, Strong 6M absolute return, Positive across 1M/3M/6M",Basic Materials,Steel,1.0,331,0.3
06.10.2026 at 10:05 AM IST,SHREEJISPG,15.0,56.1,124.77,,,,0,0,0,65,"Strong 1M absolute return, Strong 3M absolute return, Strong 6M absolute return, Positive across 1M/3M/6M",Industrials,Marine Shipping,1.0,417,0.24
06.10.2026 at 10:05 AM IST,REGAAL,-0.76,7.29,13.18,,,,0,0,0,20,"Positive 3M return, Positive 6M return",Consumer Defensive,Packaged Foods,12.0,144,8.33
06.10.2026 at 10:05 AM IST,ANGELONE,-2.18,-15.5,4.26,,,,0,0,0,10,Positive 6M return,Financial Services,Capital Markets,13.0,223,5.83
06.10.2026 at 10:05 AM IST,ROSSTECH,45.39,73.35,109.54,,,,0,0,0,65,"Strong 1M absolute return, Strong 3M absolute return, Strong 6M absolute return, Positive across 1M/3M/6M",Industrials,Aerospace & Defense,1.0,417,0.24
06.10.2026 at 10:05 AM IST,KNACK,3.61,-9.08,,,,,0,0,0,8,Positive 1M return,Consumer Cyclical,Packaging & Containers,16.0,387,4.13
06.10.2026 at 10:05 AM IST,KISSHT,21.66,24.34,,,,,0,0,0,35,"Strong 1M absolute return, Strong 3M absolute return",Financial Services,Credit Services,8.0,223,3.59
06.10.2026 at 10:05 AM IST,POWERMECH,1.22,-7.4,10.4,,,,0,0,0,18,"Positive 1M return, Positive 6M return",Industrials,Engineering & Construction,13.0,417,3.12
06.10.2026 at 10:05 AM IST,POWERINDIA,0.16,-0.15,16.08,,,,0,0,0,18,"Positive 1M return, Positive 6M return",Industrials,Electrical Equipment & Parts,13.0,417,3.12
06.10.2026 at 10:05 AM IST,RAYMOND,54.35,109.59,233.29,,,,0,0,0,65,"Strong 1M absolute return, Strong 3M absolute return, Strong 6M absolute return, Positive across 1M/3M/6M",Industrials,Specialty Industrial Machinery,1.0,417,0.24
06.10.2026 at 10:05 AM IST,RAMRAT,21.38,56.24,94.33,,,,0,0,0,65,"Strong 1M absolute return, Strong 3M absolute return, Strong 6M absolute return, Positive across 1M/3M/6M",Industrials,Electrical Equipment & Parts,1.0,417,0.24
06.10.2026 at 10:05 AM IST,GROWW,-2.23,-6.65,-1.97,,,,0,0,0,0,,Financial Services,Capital Markets,15.0,223,6.73
06.10.2026 at 10:05 AM IST,RAMBHAJO,15.0,76.72,,,,,0,0,0,35,"Strong 1M absolute return, Strong 3M absolute return",Consumer Cyclical,Luxury Goods,8.0,387,2.07
06.10.2026 at 10:05 AM IST,NETWEB,-6.13,11.01,44.4,,,,0,0,0,30,"Positive 3M return, Strong 6M absolute return",Technology,Computer Hardware,9.0,159,5.66
06.10.2026 at 10:05 AM IST,GUJRAFFIA,-0.27,2.64,8.29,,,,0,0,0,20,"Positive 3M return, Positive 6M return",Unknown,Unknown,10.0,76,13.16
06.10.2026 at 10:05 AM IST,STYLAMIND,-0.42,1.56,49.68,,,,0,0,0,30,"Positive 3M return, Strong 6M absolute return",Consumer Cyclical,"Furnishings, Fixtures & Appliances",9.0,387,2.33
06.10.2026 at 10:05 AM IST,ASTRAMICRO,-5.29,-7.73,63.29,,,,0,0,0,20,Strong 6M absolute return,Technology,Communication Equipment,12.0,159,7.55
06.10.2026 at 10:05 AM IST,QUINTEGRA,21.49,13.08,18.55,,,,0,0,0,45,"Strong 1M absolute return, Positive 3M return, Positive 6M return, Positive across 1M/3M/6M",Technology,Information Technology Services,5.0,159,3.14
06.10.2026 at 10:05 AM IST,ALGOQUANT,7.32,20.74,32.4,,,,0,0,0,58,"Positive 1M return, Strong 3M absolute return, Strong 6M absolute return, Positive across 1M/3M/6M",Financial Services,Capital Markets,2.0,223,0.9
06.10.2026 at 10:05 AM IST,SSWL,13.39,71.93,98.93,,,,0,0,0,65,"Strong 1M absolute return, Strong 3M absolute return, Strong 6M absolute return, Positive across 1M/3M/6M",Consumer Cyclical,Auto Parts,1.0,387,0.26
06.10.2026 at 10:05 AM IST,DANGEE,1.36,-5.1,-6.88,,,,0,0,0,8,Positive 1M return,Consumer Cyclical,Restaurants,16.0,387,4.13
06.10.2026 at 10:05 AM IST,DCMSIL,16.91,4.66,15.27,,,,0,0,0,45,"Strong 1M absolute return, Positive 3M return, Positive 6M return, Positive across 1M/3M/6M",Industrials,Industrial Distribution,5.0,417,1.2
06.10.2026 at 10:05 AM IST,KOLTEPATIL,-2.03,16.88,30.74,,,,0,0,0,30,"Positive 3M return, Strong 6M absolute return",Real Estate,Real Estate - Development,7.0,74,9.46
06.10.2026 at 10:05 AM IST,VBL,8.5,-7.83,2.44,,,,0,0,0,18,"Positive 1M return, Positive 6M return",Consumer Defensive,Beverages - Non-Alcoholic,13.0,144,9.03
06.10.2026 at 10:05 AM IST,AXISCADES,33.22,48.4,33.13,,,,0,0,0,65,"Strong 1M absolute return, Strong 3M absolute return, Strong 6M absolute return, Positive across 1M/3M/6M",Industrials,Engineering & Construction,1.0,417,0.24
06.10.2026 at 10:05 AM IST,MUFIN,-0.88,3.03,22.4,,,,0,0,0,20,"Positive 3M return, Positive 6M return",Financial Services,Credit Services,11.0,223,4.93
06.10.2026 at 10:05 AM IST,POWERICA,12.18,8.53,48.64,,,,0,0,0,55,"Strong 1M absolute return, Positive 3M return, Strong 6M absolute return, Positive across 1M/3M/6M",Industrials,Specialty Industrial Machinery,3.0,417,0.72
06.10.2026 at 10:05 AM IST,TIMEX,22.81,30.89,,,,,0,0,0,35,"Strong 1M absolute return, Strong 3M absolute return",Consumer Cyclical,Luxury Goods,8.0,387,2.07
06.10.2026 at 10:05 AM IST,MUKANDLTD,30.03,37.59,36.92,,,,0,0,0,65,"Strong 1M absolute return, Strong 3M absolute return, Strong 6M absolute return, Positive across 1M/3M/6M",Basic Materials,Steel,1.0,331,0.3
06.10.2026 at 10:05 AM IST,KSHINTL,-4.86,32.11,107.33,,,,0,0,0,40,"Strong 3M absolute return, Strong 6M absolute return",Industrials,Electrical Equipment & Parts,6.0,417,1.44
06.10.2026 at 10:05 AM IST,VALIANTORG,47.15,73.76,79.03,,,,0,0,0,65,"Strong 1M absolute return, Strong 3M absolute return, Strong 6M absolute return, Positive across 1M/3M/6M",Basic Materials,Chemicals,1.0,331,0.3
06.10.2026 at 10:05 AM IST,BOSCH-HCIL,9.74,49.02,48.82,,,,0,0,0,58,"Positive 1M return, Strong 3M absolute return, Strong 6M absolute return, Positive across 1M/3M/6M",Consumer Cyclical,"Furnishings, Fixtures & Appliances",2.0,387,0.52
06.10.2026 at 10:05 AM IST,ETHOSLTD,-4.05,4.31,8.37,,,,0,0,0,20,"Positive 3M return, Positive 6M return",Consumer Cyclical,Luxury Goods,12.0,387,3.1
06.10.2026 at 10:05 AM IST,GRAUWEIL,15.91,2.95,,,,,0,0,0,25,"Strong 1M absolute return, Positive 3M return",Basic Materials,Specialty Chemicals,11.0,331,3.32
06.10.2026 at 10:05 AM IST,BIMETAL,4.53,0.69,,,,,0,0,0,18,"Positive 1M return, Positive 3M return",Consumer Cyclical,Auto Parts,13.0,387,3.36
06.10.2026 at 10:05 AM IST,ITDC,4.56,-6.87,52.72,,,,0,0,0,28,"Positive 1M return, Strong 6M absolute return",Consumer Cyclical,Lodging,10.0,387,2.58
06.10.2026 at 10:05 AM IST,LUXIND,4.68,-7.47,-12.2,,,,0,0,0,8,Positive 1M return,Consumer Cyclical,Apparel Manufacturing,16.0,387,4.13
06.10.2026 at 10:05 AM IST,PNC,7.98,-11.34,-21.78,,,,0,0,0,8,Positive 1M return,Communication Services,Entertainment,12.0,63,19.05
06.10.2026 at 10:05 AM IST,KINGFA,14.34,36.11,59.58,,,,0,0,0,65,"Strong 1M absolute return, Strong 3M absolute return, Strong 6M absolute return, Positive across 1M/3M/6M",Basic Materials,Specialty Chemicals,1.0,331,0.3
06.10.2026 at 10:05 AM IST,GODIGIT,-0.33,-14.98,-19.23,,,,0,0,0,0,,Financial Services,Insurance - Property & Casualty,15.0,223,6.73
06.10.2026 at 10:05 AM IST,GKSL,11.7,48.58,74.64,,,,0,0,0,65,"Strong 1M absolute return, Strong 3M absolute return, Strong 6M absolute return, Positive across 1M/3M/6M",Healthcare,Medical Care Facilities,1.0,147,0.68
06.10.2026 at 10:05 AM IST,FLUOROCHEM,-2.33,15.88,36.63,,,,0,0,0,30,"Positive 3M return, Strong 6M absolute return",Basic Materials,Specialty Chemicals,9.0,331,2.72
06.10.2026 at 10:05 AM IST,ONEPOINT,38.38,44.91,48.84,,,,0,0,0,65,"Strong 1M absolute return, Strong 3M absolute return, Strong 6M absolute return, Positive across 1M/3M/6M",Industrials,Specialty Business Services,1.0,417,0.24
06.10.2026 at 10:05 AM IST,SMLT,19.52,13.0,9.78,,,,0,0,0,45,"Strong 1M absolute return, Positive 3M return, Positive 6M return, Positive across 1M/3M/6M",Industrials,Metal Fabrication,5.0,417,1.2
06.10.2026 at 10:05 AM IST,SOMANYCERA,10.2,19.8,47.27,,,,0,0,0,55,"Strong 1M absolute return, Positive 3M return, Strong 6M absolute return, Positive across 1M/3M/6M",Industrials,Building Products & Equipment,3.0,417,0.72
06.10.2026 at 10:05 AM IST,GCSL,18.22,42.88,104.55,,,,0,0,0,65,"Strong 1M absolute return, Strong 3M absolute return, Strong 6M absolute return, Positive across 1M/3M/6M",Financial Services,Capital Markets,1.0,223,0.45
06.10.2026 at 10:05 AM IST,NOVARTIND,8.21,31.91,,,,,0,0,0,28,"Positive 1M return, Strong 3M absolute return",Healthcare,Drug Manufacturers - Specialty & Generic,9.0,147,6.12
06.10.2026 at 10:05 AM IST,MOREPENLAB,24.35,139.88,257.07,,,,0,0,0,65,"Strong 1M absolute return, Strong 3M absolute return, Strong 6M absolute return, Positive across 1M/3M/6M",Healthcare,Drug Manufacturers - Specialty & Generic,1.0,147,0.68
06.10.2026 at 10:05 AM IST,INDUSTOWER,5.08,0.15,-7.23,,,,0,0,0,18,"Positive 1M return, Positive 3M return",Communication Services,Telecom Services,10.0,63,15.87
06.10.2026 at 10:05 AM IST,SAREGAMA,1.64,12.0,57.92,,,,0,0,0,48,"Positive 1M return, Positive 3M return, Strong 6M absolute return, Positive across 1M/3M/6M",Communication Services,Entertainment,4.0,63,6.35
06.10.2026 at 10:05 AM IST,VINEETLAB,-2.61,9.08,13.1,,,,0,0,0,20,"Positive 3M return, Positive 6M return",Basic Materials,Chemicals,12.0,331,3.63
06.10.2026 at 10:05 AM IST,TEAMGTY,-3.56,3.07,-10.49,,,,0,0,0,10,Positive 3M return,Financial Services,Asset Management,13.0,223,5.83
06.10.2026 at 10:05 AM IST,COMPUSOFT,1.38,-0.08,-1.97,,,,0,0,0,8,Positive 1M return,Consumer Defensive,Education & Training Services,16.0,144,11.11
06.10.2026 at 10:05 AM IST,RAJOOENG,2.29,9.22,-12.39,,,,0,0,0,18,"Positive 1M return, Positive 3M return",Unknown,Unknown,11.0,76,14.47
06.10.2026 at 10:05 AM IST,RAIN,-2.54,3.01,71.89,,,,0,0,0,30,"Positive 3M return, Strong 6M absolute return",Basic Materials,Specialty Chemicals,9.0,331,2.72
06.10.2026 at 10:05 AM IST,GLOBAL,18.57,43.65,45.83,,,,0,0,0,65,"Strong 1M absolute return, Strong 3M absolute return, Strong 6M absolute return, Positive across 1M/3M/6M",Consumer Defensive,Education & Training Services,1.0,144,0.69
06.10.2026 at 10:05 AM IST,YUKEN,16.73,53.79,88.95,,,,0,0,0,65,"Strong 1M absolute return, Strong 3M absolute return, Strong 6M absolute return, Positive across 1M/3M/6M",Industrials,Specialty Industrial Machinery,1.0,417,0.24
06.10.2026 at 10:05 AM IST,APOLLOPIPE,-10.35,16.02,20.5,,,,0,0,0,20,"Positive 3M return, Positive 6M return",Industrials,Building Products & Equipment,12.0,417,2.88
06.10.2026 at 10:05 AM IST,BUILDPRO,-0.34,22.39,17.13,,,,0,0,0,30,"Strong 3M absolute return, Positive 6M return",Consumer Cyclical,Home Improvement Retail,9.0,387,2.33
06.10.2026 at 10:05 AM IST,DRCSYSTEMS,-2.38,-6.29,-18.43,,,,0,0,0,0,,Technology,Information Technology Services,16.0,159,10.06
06.10.2026 at 10:05 AM IST,ADANIGREEN,1.31,-14.82,20.59,,,,0,0,0,18,"Positive 1M return, Positive 6M return",Utilities,Utilities - Renewable,5.0,38,13.16
06.10.2026 at 10:05 AM IST,AEROPLANE,7.19,26.6,67.05,,,,0,0,0,58,"Positive 1M return, Strong 3M absolute return, Strong 6M absolute return, Positive across 1M/3M/6M",Consumer Defensive,Farm Products,2.0,144,1.39
06.10.2026 at 10:05 AM IST,DYNAMATECH,22.76,33.14,37.55,,,,0,0,0,65,"Strong 1M absolute return, Strong 3M absolute return, Strong 6M absolute return, Positive across 1M/3M/6M",Consumer Cyclical,Auto Parts,1.0,387,0.26
06.10.2026 at 10:05 AM IST,AKSHAR,0.0,-6.67,-12.5,,,,0,0,0,0,,Consumer Cyclical,Textile Manufacturing,17.0,387,4.39
06.10.2026 at 10:05 AM IST,JAYNECOIND,2.76,6.51,11.49,,,,0,0,0,38,"Positive 1M return, Positive 3M return, Positive 6M return, Positive across 1M/3M/6M",Basic Materials,Steel,7.0,331,2.11
06.10.2026 at 10:05 AM IST,AEROENTER,-8.83,10.93,59.51,,,,0,0,0,30,"Positive 3M return, Strong 6M absolute return",Basic Materials,Steel,9.0,331,2.72
06.10.2026 at 10:05 AM IST,AEQUS,20.08,13.53,132.68,,,,0,0,0,55,"Strong 1M absolute return, Positive 3M return, Strong 6M absolute return, Positive across 1M/3M/6M",Industrials,Aerospace & Defense,3.0,417,0.72
06.10.2026 at 10:05 AM IST,21STCENMGM,-2.33,19.32,27.67,,,,0,0,0,20,"Positive 3M return, Positive 6M return",Financial Services,Capital Markets,11.0,223,4.93
06.10.2026 at 10:05 AM IST,INDIGO,-0.84,-6.67,8.86,,,,0,0,0,10,Positive 6M return,Industrials,Airlines,15.0,417,3.6
06.10.2026 at 10:05 AM IST,CRISIL,-5.1,15.16,17.77,,,,0,0,0,20,"Positive 3M return, Positive 6M return",Financial Services,Financial Data & Stock Exchanges,11.0,223,4.93
06.10.2026 at 10:05 AM IST,POONAWALLA,-3.53,-1.32,12.48,,,,0,0,0,10,Positive 6M return,Financial Services,Credit Services,13.0,223,5.83
06.10.2026 at 10:05 AM IST,CINELINE,-1.22,8.05,4.84,,,,0,0,0,20,"Positive 3M return, Positive 6M return",Communication Services,Entertainment,9.0,63,14.29
06.10.2026 at 10:05 AM IST,VRLLOG,-4.33,23.07,16.01,,,,0,0,0,30,"Strong 3M absolute return, Positive 6M return",Industrials,Trucking,9.0,417,2.16
06.10.2026 at 10:05 AM IST,FEDFINA,-8.56,-2.08,5.71,,,,0,0,0,10,Positive 6M return,Financial Services,Credit Services,13.0,223,5.83
06.10.2026 at 10:05 AM IST,DATAMATICS,1.91,-8.09,11.36,,,,0,0,0,18,"Positive 1M return, Positive 6M return",Technology,Information Technology Services,13.0,159,8.18
06.10.2026 at 10:05 AM IST,AMBICAAGAR,-9.26,-2.64,6.98,,,,0,0,0,10,Positive 6M return,Consumer Defensive,Household & Personal Products,15.0,144,10.42
06.10.2026 at 10:05 AM IST,MARKOLINES,-1.07,-2.35,9.59,,,,0,0,0,10,Positive 6M return,Industrials,Infrastructure Operations,15.0,417,3.6
06.10.2026 at 10:05 AM IST,LTFOODS,-6.46,9.41,2.7,,,,0,0,0,20,"Positive 3M return, Positive 6M return",Consumer Defensive,Packaged Foods,12.0,144,8.33
06.10.2026 at 10:05 AM IST,NIBL,2.92,5.14,10.26,,,,0,0,0,38,"Positive 1M return, Positive 3M return, Positive 6M return, Positive across 1M/3M/6M",Industrials,Tools & Accessories,7.0,417,1.68
06.10.2026 at 10:05 AM IST,SUPERHOUSE,-6.42,0.23,4.73,,,,0,0,0,20,"Positive 3M return, Positive 6M return",Consumer Cyclical,Footwear & Accessories,12.0,387,3.1
06.10.2026 at 10:05 AM IST,GAIL,-3.13,-2.09,10.66,,,,0,0,0,10,Positive 6M return,Utilities,Utilities - Regulated Gas,7.0,38,18.42
06.10.2026 at 10:05 AM IST,CHALET,-6.81,4.48,10.78,,,,0,0,0,20,"Positive 3M return, Positive 6M return",Consumer Cyclical,Lodging,12.0,387,3.1
06.10.2026 at 10:05 AM IST,MANAPPURAM,-4.72,-9.01,16.67,,,,0,0,0,10,Positive 6M return,Financial Services,Credit Services,13.0,223,5.83
06.10.2026 at 10:05 AM IST,BRIGADE,-17.43,14.73,9.7,,,,0,0,0,20,"Positive 3M return, Positive 6M return",Real Estate,Real Estate - Development,9.0,74,12.16
06.10.2026 at 10:05 AM IST,BAJAJHLDNG,-3.7,4.0,9.79,,,,0,0,0,20,"Positive 3M return, Positive 6M return",Financial Services,Asset Management,11.0,223,4.93
06.10.2026 at 10:05 AM IST,NITIRAJ,-0.97,9.51,-4.34,,,,0,0,0,10,Positive 3M return,Technology,Scientific & Technical Instruments,14.0,159,8.81
06.10.2026 at 10:05 AM IST,TVSMOTOR,-2.5,11.23,7.81,,,,0,0,0,20,"Positive 3M return, Positive 6M return",Consumer Cyclical,Auto Manufacturers,12.0,387,3.1
06.10.2026 at 10:05 AM IST,GRPLTD,-5.67,2.58,-2.25,,,,0,0,0,10,Positive 3M return,Consumer Cyclical,Auto Parts,15.0,387,3.88
06.10.2026 at 10:05 AM IST,PODDARMENT,-0.35,5.47,8.62,,,,0,0,0,20,"Positive 3M return, Positive 6M return",Basic Materials,Specialty Chemicals,12.0,331,3.63
06.10.2026 at 10:05 AM IST,ASPINWALL,-5.46,-0.26,14.06,,,,0,0,0,10,Positive 6M return,Consumer Defensive,Farm Products,15.0,144,10.42
06.10.2026 at 10:05 AM IST,BECTORFOOD,-5.59,27.62,13.09,,,,0,0,0,30,"Strong 3M absolute return, Positive 6M return",Consumer Defensive,Packaged Foods,9.0,144,6.25
06.10.2026 at 10:05 AM IST,DHARMAJ,-0.02,3.6,5.4,,,,0,0,0,20,"Positive 3M return, Positive 6M return",Basic Materials,Agricultural Inputs,12.0,331,3.63
06.10.2026 at 10:05 AM IST,GRASIM,-10.15,-4.49,9.25,,,,0,0,0,10,Positive 6M return,Basic Materials,Building Materials,15.0,331,4.53
06.10.2026 at 10:05 AM IST,JMA,-3.4,3.74,11.3,,,,0,0,0,20,"Positive 3M return, Positive 6M return",Consumer Cyclical,Auto Parts,12.0,387,3.1
06.10.2026 at 10:05 AM IST,GLENMARK,-6.74,1.19,5.33,,,,0,0,0,20,"Positive 3M return, Positive 6M return",Healthcare,Drug Manufacturers - Specialty & Generic,10.0,147,6.8
06.10.2026 at 10:05 AM IST,LUMAXIND,-10.94,5.93,5.84,,,,0,0,0,20,"Positive 3M return, Positive 6M return",Consumer Cyclical,Auto Parts,12.0,387,3.1
06.10.2026 at 10:05 AM IST,HCG,-6.05,3.68,20.54,,,,0,0,0,20,"Positive 3M return, Positive 6M return",Healthcare,Medical Care Facilities,10.0,147,6.8
06.10.2026 at 10:05 AM IST,TSFINV,2.74,-10.9,13.7,,,,0,0,0,18,"Positive 1M return, Positive 6M return",Financial Services,Asset Management,12.0,223,5.38
06.10.2026 at 10:05 AM IST,ORIENTCER,0.31,6.08,9.56,,,,0,0,0,38,"Positive 1M return, Positive 3M return, Positive 6M return, Positive across 1M/3M/6M",Basic Materials,Specialty Chemicals,7.0,331,2.11
06.10.2026 at 10:05 AM IST,OBEROIRLTY,-6.4,-6.02,7.57,,,,0,0,0,10,Positive 6M return,Real Estate,Real Estate - Development,12.0,74,16.22
06.10.2026 at 10:05 AM IST,WIPL,-0.62,-5.8,10.2,,,,0,0,0,10,Positive 6M return,Basic Materials,Lumber & Wood Production,15.0,331,4.53
06.10.2026 at 10:05 AM IST,JKPAPER,-3.44,11.73,14.95,,,,0,0,0,20,"Positive 3M return, Positive 6M return",Basic Materials,Paper & Paper Products,12.0,331,3.63
06.10.2026 at 10:05 AM IST,RVTH,-3.19,-1.25,12.84,,,,0,0,0,10,Positive 6M return,Industrials,Farm & Heavy Construction Machinery,15.0,417,3.6
06.10.2026 at 10:05 AM IST,PRICOLLTD,-9.87,9.0,19.3,,,,0,0,0,20,"Positive 3M return, Positive 6M return",Consumer Cyclical,Auto Parts,12.0,387,3.1
06.10.2026 at 10:05 AM IST,HITECH,-2.6,-12.9,-13.9,,,,0,0,0,0,,Basic Materials,Steel,17.0,331,5.14
06.10.2026 at 10:05 AM IST,KALYANKJIL,-6.67,20.07,29.45,,,,0,0,0,30,"Strong 3M absolute return, Positive 6M return",Consumer Cyclical,Luxury Goods,9.0,387,2.33
06.10.2026 at 10:05 AM IST,HBSL,7.64,11.43,18.81,,,,0,0,0,38,"Positive 1M return, Positive 3M return, Positive 6M return, Positive across 1M/3M/6M",Financial Services,Capital Markets,7.0,223,3.14
06.10.2026 at 10:05 AM IST,HMAAGRO,13.34,8.75,-1.34,,,,0,0,0,25,"Strong 1M absolute return, Positive 3M return",Consumer Defensive,Packaged Foods,11.0,144,7.64
06.10.2026 at 10:05 AM IST,VASCONEQ,7.22,2.51,-6.2,,,,0,0,0,18,"Positive 1M return, Positive 3M return",Industrials,Engineering & Construction,13.0,417,3.12
06.10.2026 at 10:05 AM IST,RSYSTEMS,2.15,8.67,-1.94,,,,0,0,0,18,"Positive 1M return, Positive 3M return",Technology,Information Technology Services,13.0,159,8.18
06.10.2026 at 10:05 AM IST,ELECON,2.48,-10.75,4.68,,,,0,0,0,18,"Positive 1M return, Positive 6M return",Industrials,Specialty Industrial Machinery,13.0,417,3.12
06.10.2026 at 10:05 AM IST,EXCELSOFT,17.68,2.47,-5.41,,,,0,0,0,25,"Strong 1M absolute return, Positive 3M return",Unknown,Unknown,9.0,76,11.84
06.10.2026 at 10:05 AM IST,SURAJEST,19.01,3.61,-4.53,,,,0,0,0,25,"Strong 1M absolute return, Positive 3M return",Real Estate,Real Estate - Development,8.0,74,10.81
06.10.2026 at 10:05 AM IST,DISAQ,-4.1,-1.26,,,,,0,0,0,0,,Unknown,Unknown,14.0,76,18.42
06.10.2026 at 10:05 AM IST,HYBRIDFIN,4.94,-12.02,-12.81,,,,0,0,0,8,Positive 1M return,Financial Services,Capital Markets,14.0,223,6.28
06.10.2026 at 10:05 AM IST,DOLLAR,4.21,2.57,11.8,,,,0,0,0,38,"Positive 1M return, Positive 3M return, Positive 6M return, Positive across 1M/3M/6M",Consumer Cyclical,Apparel Manufacturing,7.0,387,1.81
06.10.2026 at 10:05 AM IST,TRACXN,6.48,7.26,0.38,,,,0,0,0,38,"Positive 1M return, Positive 3M return, Positive 6M return, Positive across 1M/3M/6M",Technology,Software - Application,7.0,159,4.4
06.10.2026 at 10:05 AM IST,VAML,-8.09,-7.95,,,,,0,0,0,0,,Basic Materials,Aluminum,17.0,331,5.14
06.10.2026 at 10:05 AM IST,INA,-9.53,-32.56,-35.88,,,,0,0,0,0,,Technology,Solar,16.0,159,10.06
06.10.2026 at 10:05 AM IST,LGHL,19.03,-3.55,-13.65,,,,0,0,0,15,Strong 1M absolute return,Consumer Cyclical,Luxury Goods,14.0,387,3.62
06.10.2026 at 10:05 AM IST,SRTL,1.28,-9.95,-20.94,,,,0,0,0,8,Positive 1M return,Consumer Cyclical,Textile Manufacturing,16.0,387,4.13
06.10.2026 at 10:05 AM IST,CONTROLPR,4.05,-4.57,-2.97,,,,0,0,0,8,Positive 1M return,Industrials,Business Equipment & Supplies,16.0,417,3.84
06.10.2026 at 10:05 AM IST,DAMCAPITAL,3.73,3.98,7.1,,,,0,0,0,38,"Positive 1M return, Positive 3M return, Positive 6M return, Positive across 1M/3M/6M",Financial Services,Capital Markets,7.0,223,3.14
06.10.2026 at 10:05 AM IST,AHLADA,2.74,-1.08,-12.71,,,,0,0,0,8,Positive 1M return,Industrials,Building Products & Equipment,16.0,417,3.84
06.10.2026 at 10:05 AM IST,AASTHA,-21.95,-51.19,,,,,0,0,0,0,,Consumer Cyclical,Textile Manufacturing,17.0,387,4.39
06.10.2026 at 10:05 AM IST,AGL,-21.97,-22.79,,,,,0,0,0,0,,Industrials,Integrated Freight & Logistics,17.0,417,4.08
06.10.2026 at 10:05 AM IST,KPIGREEN,12.84,-18.55,-21.01,,,,0,0,0,15,Strong 1M absolute return,Utilities,Utilities - Renewable,6.0,38,15.79
06.10.2026 at 10:05 AM IST,CEINSYS,-6.69,-30.07,-40.35,,,,0,0,0,0,,Industrials,Engineering & Construction,17.0,417,4.08
06.10.2026 at 10:05 AM IST,SADBHIN,3.16,-5.09,9.21,,,,0,0,0,18,"Positive 1M return, Positive 6M return",Industrials,Engineering & Construction,13.0,417,3.12
06.10.2026 at 10:05 AM IST,CCHHL,2.45,3.35,10.78,,,,0,0,0,38,"Positive 1M return, Positive 3M return, Positive 6M return, Positive across 1M/3M/6M",Consumer Cyclical,Lodging,7.0,387,1.81
06.10.2026 at 10:05 AM IST,THOMASCOTT,9.52,-13.65,8.33,,,,0,0,0,18,"Positive 1M return, Positive 6M return",Consumer Cyclical,Textile Manufacturing,13.0,387,3.36
06.10.2026 at 10:05 AM IST,XELPMOC,11.69,5.92,-12.12,,,,0,0,0,25,"Strong 1M absolute return, Positive 3M return",Technology,Information Technology Services,11.0,159,6.92
06.10.2026 at 10:05 AM IST,INNOVISION,-0.73,-10.91,-19.86,,,,0,0,0,0,,Industrials,Staffing & Employment Services,17.0,417,4.08
06.10.2026 at 10:05 AM IST,BHARATCOAL,-4.6,-14.88,-1.81,,,,0,0,0,0,,Basic Materials,Coking Coal,17.0,331,5.14
06.10.2026 at 10:05 AM IST,FRACTAL,-12.07,-11.37,-11.68,,,,0,0,0,0,,Technology,Software - Infrastructure,16.0,159,10.06
06.10.2026 at 10:05 AM IST,CHEMPLASTS,16.52,0.18,-18.02,,,,0,0,0,25,"Strong 1M absolute return, Positive 3M return",Basic Materials,Chemicals,11.0,331,3.32
06.10.2026 at 10:05 AM IST,OMPOWER,-9.32,-10.16,,,,,0,0,0,0,,Industrials,Engineering & Construction,17.0,417,4.08
06.10.2026 at 10:05 AM IST,ELCIDIN,-5.2,-10.51,,,,,0,0,0,0,,Unknown,Unknown,14.0,76,18.42
06.10.2026 at 10:05 AM IST,VEDPOWER,-6.36,-23.26,,,,,0,0,0,0,,Utilities,Utilities - Independent Power Producers,9.0,38,23.68
06.10.2026 at 10:05 AM IST,RADAAN,4.84,4.84,0.0,,,,0,0,0,18,"Positive 1M return, Positive 3M return",Communication Services,Entertainment,10.0,63,15.87
06.10.2026 at 10:05 AM IST,VOGL,-14.62,-19.23,,,,,0,0,0,0,,Basic Materials,Other Industrial Metals & Mining,17.0,331,5.14
06.10.2026 at 10:05 AM IST,MAFATIND,-7.31,-18.06,,,,,0,0,0,0,,Consumer Cyclical,Textile Manufacturing,17.0,387,4.39
06.10.2026 at 10:05 AM IST,TECHNOE,2.04,-4.4,-6.94,,,,0,0,0,8,Positive 1M return,Industrials,Engineering & Construction,16.0,417,3.84
06.10.2026 at 10:05 AM IST,MAHABANK,-4.97,-4.36,16.64,,,,0,0,0,10,Positive 6M return,Financial Services,Banks - Regional,13.0,223,5.83
06.10.2026 at 10:05 AM IST,GLOBE,7.94,-3.77,-18.73,,,,0,0,0,8,Positive 1M return,Consumer Cyclical,Textile Manufacturing,16.0,387,4.13
06.10.2026 at 10:05 AM IST,RADICO,-1.3,8.9,58.01,,,,0,0,0,30,"Positive 3M return, Strong 6M absolute return",Consumer Defensive,Beverages - Wineries & Distilleries,9.0,144,6.25
06.10.2026 at 10:05 AM IST,SAHLIBHFI,-13.06,-3.12,,,,,0,0,0,0,,Financial Services,Credit Services,15.0,223,6.73
06.10.2026 at 10:05 AM IST,SUTLEJTEX,-3.49,-0.24,27.2,,,,0,0,0,10,Positive 6M return,Unknown,Unknown,12.0,76,15.79
06.10.2026 at 10:05 AM IST,DYCL,-10.23,24.98,49.27,,,,0,0,0,40,"Strong 3M absolute return, Strong 6M absolute return",Industrials,Electrical Equipment & Parts,6.0,417,1.44
06.10.2026 at 10:05 AM IST,ADANIPOWER,-2.45,-6.94,12.1,,,,0,0,0,10,Positive 6M return,Utilities,Utilities - Independent Power Producers,7.0,38,18.42
06.10.2026 at 10:05 AM IST,ZENSARTECH,-0.9,-10.02,-16.8,,,,0,0,0,0,,Technology,Information Technology Services,16.0,159,10.06
06.10.2026 at 10:05 AM IST,ABB,-4.78,5.42,8.37,,,,0,0,0,20,"Positive 3M return, Positive 6M return",Industrials,Specialty Industrial Machinery,12.0,417,2.88
06.10.2026 at 10:05 AM IST,20MICRONS,-7.57,7.58,28.13,,,,0,0,0,20,"Positive 3M return, Positive 6M return",Basic Materials,Other Industrial Metals & Mining,12.0,331,3.63
06.10.2026 at 10:05 AM IST,ADVANCE,-0.83,7.27,15.06,,,,0,0,0,20,"Positive 3M return, Positive 6M return",Basic Materials,Agricultural Inputs,12.0,331,3.63
06.10.2026 at 10:05 AM IST,ACUTAAS,0.4,-6.06,33.47,,,,0,0,0,28,"Positive 1M return, Strong 6M absolute return",Basic Materials,Specialty Chemicals,10.0,331,3.02
06.10.2026 at 10:05 AM IST,ACCELYA,-1.23,1.99,-1.71,,,,0,0,0,10,Positive 3M return,Technology,Information Technology Services,14.0,159,8.81
06.10.2026 at 10:05 AM IST,THEJO,-1.67,12.26,32.95,,,,0,0,0,30,"Positive 3M return, Strong 6M absolute return",Industrials,Specialty Industrial Machinery,9.0,417,2.16
06.10.2026 at 10:05 AM IST,TFL,-6.45,-0.59,-1.09,,,,0,0,0,0,,Financial Services,Mortgage Finance,15.0,223,6.73
06.10.2026 at 10:05 AM IST,SARLAPOLY,-3.97,-2.66,16.72,,,,0,0,0,10,Positive 6M return,Consumer Cyclical,Textile Manufacturing,15.0,387,3.88
06.10.2026 at 10:05 AM IST,VMART,-4.41,0.5,27.01,,,,0,0,0,20,"Positive 3M return, Positive 6M return",Consumer Cyclical,Department Stores,12.0,387,3.1
06.10.2026 at 10:05 AM IST,INDOTECH,-8.99,7.96,152.18,,,,0,0,0,30,"Positive 3M return, Strong 6M absolute return",Industrials,Electrical Equipment & Parts,9.0,417,2.16
06.10.2026 at 10:05 AM IST,JKIPL,-7.27,-2.05,79.09,,,,0,0,0,20,Strong 6M absolute return,Industrials,Industrial Distribution,12.0,417,2.88
06.10.2026 at 10:05 AM IST,SOLARINDS,-8.1,9.73,41.58,,,,0,0,0,30,"Positive 3M return, Strong 6M absolute return",Basic Materials,Specialty Chemicals,9.0,331,2.72
06.10.2026 at 10:05 AM IST,FIVESTAR,-0.75,-4.45,21.81,,,,0,0,0,10,Positive 6M return,Financial Services,Credit Services,13.0,223,5.83
06.10.2026 at 10:05 AM IST,CENTENKA,-9.18,11.03,36.81,,,,0,0,0,30,"Positive 3M return, Strong 6M absolute return",Consumer Cyclical,Textile Manufacturing,9.0,387,2.33
06.10.2026 at 10:05 AM IST,SPARC,-2.09,-27.66,33.62,,,,0,0,0,20,Strong 6M absolute return,Healthcare,Drug Manufacturers - Specialty & Generic,10.0,147,6.8
06.10.2026 at 10:05 AM IST,GAEL,-4.53,0.74,5.04,,,,0,0,0,20,"Positive 3M return, Positive 6M return",Consumer Defensive,Packaged Foods,12.0,144,8.33
06.10.2026 at 10:05 AM IST,SONACOMS,-0.71,19.41,40.63,,,,0,0,0,30,"Positive 3M return, Strong 6M absolute return",Consumer Cyclical,Auto Parts,9.0,387,2.33
06.10.2026 at 10:05 AM IST,TBOTEK,-2.91,10.62,40.29,,,,0,0,0,30,"Positive 3M return, Strong 6M absolute return",Consumer Cyclical,Travel Services,9.0,387,2.33
06.10.2026 at 10:05 AM IST,CROWN,-1.29,0.94,-12.46,,,,0,0,0,10,Positive 3M return,Industrials,Rental & Leasing Services,15.0,417,3.6
06.10.2026 at 10:05 AM IST,SIS,-2.56,-2.36,42.92,,,,0,0,0,20,Strong 6M absolute return,Industrials,Security & Protection Services,12.0,417,2.88
06.10.2026 at 10:05 AM IST,SINGERIND,-1.44,12.16,11.7,,,,0,0,0,20,"Positive 3M return, Positive 6M return",Unknown,Unknown,10.0,76,13.16
06.10.2026 at 10:05 AM IST,SKIPPER,-7.64,2.5,44.75,,,,0,0,0,30,"Positive 3M return, Strong 6M absolute return",Industrials,Engineering & Construction,9.0,417,2.16
06.10.2026 at 10:05 AM IST,SIGNPOST,7.84,-11.03,13.83,,,,0,0,0,18,"Positive 1M return, Positive 6M return",Communication Services,Advertising Agencies,10.0,63,15.87
06.10.2026 at 10:05 AM IST,RATEGAIN,-0.42,-7.56,53.37,,,,0,0,0,20,Strong 6M absolute return,Technology,Software - Application,12.0,159,7.55
06.10.2026 at 10:05 AM IST,NELCO,-5.34,3.46,46.75,,,,0,0,0,30,"Positive 3M return, Strong 6M absolute return",Technology,Communication Equipment,9.0,159,5.66
06.10.2026 at 10:05 AM IST,VOEPL,-8.57,12.51,,,,,0,0,0,10,Positive 3M return,Technology,Consumer Electronics,14.0,159,8.81
06.10.2026 at 10:05 AM IST,JAGSNPHARM,-4.6,2.65,21.34,,,,0,0,0,20,"Positive 3M return, Positive 6M return",Healthcare,Drug Manufacturers - Specialty & Generic,10.0,147,6.8
06.10.2026 at 10:05 AM IST,AUBANK,-4.82,-4.58,4.49,,,,0,0,0,10,Positive 6M return,Financial Services,Banks - Regional,13.0,223,5.83
06.10.2026 at 10:05 AM IST,VAISHALI,-3.95,7.93,34.96,,,,0,0,0,30,"Positive 3M return, Strong 6M absolute return",Healthcare,Drug Manufacturers - Specialty & Generic,8.0,147,5.44
06.10.2026 at 10:05 AM IST,AXISBANK,-0.59,-6.5,-8.5,,,,0,0,0,0,,Financial Services,Banks - Regional,15.0,223,6.73
06.10.2026 at 10:05 AM IST,BAIDFIN,3.1,-0.73,3.72,,,,0,0,0,18,"Positive 1M return, Positive 6M return",Financial Services,Credit Services,12.0,223,5.38
06.10.2026 at 10:05 AM IST,ANDHRSUGAR,-4.55,14.05,27.3,,,,0,0,0,20,"Positive 3M return, Positive 6M return",Basic Materials,Chemicals,12.0,331,3.63
06.10.2026 at 10:05 AM IST,AJANTPHARM,1.55,8.29,29.07,,,,0,0,0,38,"Positive 1M return, Positive 3M return, Positive 6M return, Positive across 1M/3M/6M",Healthcare,Drug Manufacturers - Specialty & Generic,7.0,147,4.76
06.10.2026 at 10:05 AM IST,FIBERWEB,3.32,-16.45,-26.88,,,,0,0,0,8,Positive 1M return,Consumer Cyclical,Textile Manufacturing,16.0,387,4.13
06.10.2026 at 10:05 AM IST,AUTOIND,-3.07,-8.94,30.53,,,,0,0,0,20,Strong 6M absolute return,Consumer Cyclical,Auto Parts,12.0,387,3.1
06.10.2026 at 10:05 AM IST,PARIN,-1.88,-1.21,11.52,,,,0,0,0,10,Positive 6M return,Consumer Cyclical,"Furnishings, Fixtures & Appliances",15.0,387,3.88
06.10.2026 at 10:05 AM IST,IIFL,-8.32,15.3,34.7,,,,0,0,0,30,"Positive 3M return, Strong 6M absolute return",Financial Services,Credit Services,9.0,223,4.04
06.10.2026 at 10:05 AM IST,PATINTLOG,-0.19,-15.5,24.5,,,,0,0,0,10,Positive 6M return,Industrials,Integrated Freight & Logistics,15.0,417,3.6
06.10.2026 at 10:05 AM IST,PAUSHAKLTD,-10.93,21.86,38.82,,,,0,0,0,40,"Strong 3M absolute return, Strong 6M absolute return",Basic Materials,Specialty Chemicals,6.0,331,1.81
06.10.2026 at 10:05 AM IST,RITCO,-4.12,7.09,54.69,,,,0,0,0,30,"Positive 3M return, Strong 6M absolute return",Industrials,Integrated Freight & Logistics,9.0,417,2.16
06.10.2026 at 10:05 AM IST,ITC,0.91,-5.63,-8.54,,,,0,0,0,8,Positive 1M return,Consumer Defensive,Tobacco,16.0,144,11.11
06.10.2026 at 10:05 AM IST,PNBHOUSING,-5.64,-0.06,31.09,,,,0,0,0,20,Strong 6M absolute return,Financial Services,Mortgage Finance,11.0,223,4.93
06.10.2026 at 10:05 AM IST,MPSLTD,-0.64,35.55,52.16,,,,0,0,0,40,"Strong 3M absolute return, Strong 6M absolute return",Communication Services,Publishing,5.0,63,7.94
06.10.2026 at 10:05 AM IST,ANANTRAJ,-4.98,9.28,24.86,,,,0,0,0,20,"Positive 3M return, Positive 6M return",Real Estate,Real Estate - Development,9.0,74,12.16
06.10.2026 at 10:05 AM IST,NAHARINDUS,-7.23,8.03,20.28,,,,0,0,0,20,"Positive 3M return, Positive 6M return",Consumer Cyclical,Textile Manufacturing,12.0,387,3.1
06.10.2026 at 10:05 AM IST,MUNJALAU,-6.91,4.53,32.63,,,,0,0,0,30,"Positive 3M return, Strong 6M absolute return",Consumer Cyclical,Auto Parts,9.0,387,2.33
06.10.2026 at 10:05 AM IST,CAPITALSFB,-1.3,-5.77,15.78,,,,0,0,0,10,Positive 6M return,Financial Services,Banks - Regional,13.0,223,5.83
06.10.2026 at 10:05 AM IST,EPL,-4.69,0.71,2.56,,,,0,0,0,20,"Positive 3M return, Positive 6M return",Consumer Cyclical,Packaging & Containers,12.0,387,3.1
06.10.2026 at 10:05 AM IST,CORDELIA,-1.28,24.86,,,,,0,0,0,20,Strong 3M absolute return,Industrials,Marine Shipping,12.0,417,2.88
06.10.2026 at 10:05 AM IST,GABRIEL,-0.4,9.71,48.87,,,,0,0,0,30,"Positive 3M return, Strong 6M absolute return",Consumer Cyclical,Auto Parts,9.0,387,2.33
06.10.2026 at 10:05 AM IST,DEEDEV,-1.93,-4.35,106.71,,,,0,0,0,20,Strong 6M absolute return,Industrials,Metal Fabrication,12.0,417,2.88
06.10.2026 at 10:05 AM IST,RPSGVENT,0.23,-6.5,-18.6,,,,0,0,0,8,Positive 1M return,Technology,Information Technology Services,15.0,159,9.43
06.10.2026 at 10:05 AM IST,ALKYLAMINE,-7.23,-6.53,33.03,,,,0,0,0,20,Strong 6M absolute return,Basic Materials,Specialty Chemicals,12.0,331,3.63
06.10.2026 at 10:05 AM IST,KALPATARU,-1.33,-4.38,-8.96,,,,0,0,0,0,,Real Estate,Real Estate - Development,14.0,74,18.92
06.10.2026 at 10:05 AM IST,BALUFORGE,-5.34,10.24,12.77,,,,0,0,0,20,"Positive 3M return, Positive 6M return",Industrials,Metal Fabrication,12.0,417,2.88
06.10.2026 at 10:05 AM IST,UNICHEMLAB,-3.19,-6.99,60.27,,,,0,0,0,20,Strong 6M absolute return,Healthcare,Drug Manufacturers - Specialty & Generic,10.0,147,6.8
06.10.2026 at 10:05 AM IST,NDLVENTURE,-1.24,-5.51,0.14,,,,0,0,0,10,Positive 6M return,Communication Services,Entertainment,11.0,63,17.46
06.10.2026 at 10:05 AM IST,BLUESTONE,-5.52,40.62,73.73,,,,0,0,0,40,"Strong 3M absolute return, Strong 6M absolute return",Consumer Cyclical,Luxury Goods,6.0,387,1.55
06.10.2026 at 10:05 AM IST,MODTHREAD,-11.51,1.28,1.33,,,,0,0,0,20,"Positive 3M return, Positive 6M return",Consumer Cyclical,Textile Manufacturing,12.0,387,3.1
06.10.2026 at 10:05 AM IST,JAINREC,4.44,-15.84,-31.29,,,,0,0,0,8,Positive 1M return,Basic Materials,Other Industrial Metals & Mining,16.0,331,4.83
06.10.2026 at 10:05 AM IST,HSCL,-0.8,0.73,41.58,,,,0,0,0,30,"Positive 3M return, Strong 6M absolute return",Basic Materials,Specialty Chemicals,9.0,331,2.72
06.10.2026 at 10:05 AM IST,TVSSCS,1.71,-8.65,16.52,,,,0,0,0,18,"Positive 1M return, Positive 6M return",Industrials,Integrated Freight & Logistics,13.0,417,3.12
06.10.2026 at 10:05 AM IST,GUFICBIO,-4.13,10.75,40.76,,,,0,0,0,30,"Positive 3M return, Strong 6M absolute return",Healthcare,Drug Manufacturers - Specialty & Generic,8.0,147,5.44
06.10.2026 at 10:05 AM IST,GVT&D,-1.46,-4.76,8.76,,,,0,0,0,10,Positive 6M return,Industrials,Specialty Industrial Machinery,15.0,417,3.6
06.10.2026 at 10:05 AM IST,BONLON,2.02,-3.83,4.97,,,,0,0,0,18,"Positive 1M return, Positive 6M return",Basic Materials,Other Industrial Metals & Mining,13.0,331,3.93
06.10.2026 at 10:05 AM IST,JAIPURKURT,1.74,-6.65,-7.3,,,,0,0,0,8,Positive 1M return,Consumer Cyclical,Apparel Manufacturing,16.0,387,4.13
06.10.2026 at 10:05 AM IST,WABAG,-0.44,-9.76,47.89,,,,0,0,0,20,Strong 6M absolute return,Industrials,Engineering & Construction,12.0,417,2.88
06.10.2026 at 10:05 AM IST,IKS,-0.18,-4.11,18.91,,,,0,0,0,10,Positive 6M return,Healthcare,Health Information Services,13.0,147,8.84
06.10.2026 at 10:05 AM IST,KAJARIACER,-3.49,0.44,14.88,,,,0,0,0,20,"Positive 3M return, Positive 6M return",Industrials,Building Products & Equipment,12.0,417,2.88
06.10.2026 at 10:05 AM IST,TPLPLASTEH,-2.78,-12.81,7.12,,,,0,0,0,10,Positive 6M return,Consumer Cyclical,Packaging & Containers,15.0,387,3.88
06.10.2026 at 10:05 AM IST,LLOYDSME,0.82,6.5,23.67,,,,0,0,0,38,"Positive 1M return, Positive 3M return, Positive 6M return, Positive across 1M/3M/6M",Basic Materials,Steel,7.0,331,2.11
06.10.2026 at 10:05 AM IST,LODHA,-7.23,2.03,44.09,,,,0,0,0,30,"Positive 3M return, Strong 6M absolute return",Real Estate,Real Estate - Development,7.0,74,9.46
06.10.2026 at 10:05 AM IST,HIKAL,-3.17,-5.75,23.39,,,,0,0,0,10,Positive 6M return,Healthcare,Drug Manufacturers - Specialty & Generic,13.0,147,8.84
06.10.2026 at 10:05 AM IST,NGIL,-0.61,-6.2,29.76,,,,0,0,0,10,Positive 6M return,Consumer Defensive,Packaged Foods,15.0,144,10.42
06.10.2026 at 10:05 AM IST,SHREERAMA,-2.33,1.41,-15.31,,,,0,0,0,10,Positive 3M return,Consumer Cyclical,Packaging & Containers,15.0,387,3.88
06.10.2026 at 10:05 AM IST,EMCURE,-0.6,6.11,19.62,,,,0,0,0,20,"Positive 3M return, Positive 6M return",Healthcare,Drug Manufacturers - Specialty & Generic,10.0,147,6.8
06.10.2026 at 10:05 AM IST,PRITIKAUTO,-0.98,-5.18,24.19,,,,0,0,0,10,Positive 6M return,Industrials,Specialty Industrial Machinery,15.0,417,3.6
06.10.2026 at 10:05 AM IST,BCPL,-1.61,-4.72,0.23,,,,0,0,0,10,Positive 6M return,Industrials,Infrastructure Operations,15.0,417,3.6
06.10.2026 at 10:05 AM IST,ABSLAMC,-1.55,-8.66,3.68,,,,0,0,0,10,Positive 6M return,Financial Services,Asset Management,13.0,223,5.83
06.10.2026 at 10:05 AM IST,JSWHL,-2.42,-3.9,-9.51,,,,0,0,0,0,,Financial Services,Asset Management,15.0,223,6.73
06.10.2026 at 10:05 AM IST,AARTIIND,-1.64,3.97,14.8,,,,0,0,0,20,"Positive 3M return, Positive 6M return",Basic Materials,Specialty Chemicals,12.0,331,3.63
06.10.2026 at 10:05 AM IST,ABCAPITAL,-5.34,-7.97,11.35,,,,0,0,0,10,Positive 6M return,Financial Services,Financial Conglomerates,13.0,223,5.83
06.10.2026 at 10:05 AM IST,ADANIENSOL,-3.53,-17.9,15.54,,,,0,0,0,10,Positive 6M return,Utilities,Utilities - Independent Power Producers,7.0,38,18.42
06.10.2026 at 10:05 AM IST,ADANIENT,-2.79,-9.07,34.9,,,,0,0,0,20,Strong 6M absolute return,Energy,Thermal Coal,6.0,32,18.75
06.10.2026 at 10:05 AM IST,WORTHPERI,-7.84,4.89,12.56,,,,0,0,0,20,"Positive 3M return, Positive 6M return",Consumer Cyclical,Packaging & Containers,12.0,387,3.1
06.10.2026 at 10:05 AM IST,DEVYANI,-6.76,15.2,24.11,,,,0,0,0,20,"Positive 3M return, Positive 6M return",Consumer Cyclical,Restaurants,12.0,387,3.1
06.10.2026 at 10:05 AM IST,JUSTDIAL,-5.72,20.86,15.3,,,,0,0,0,30,"Strong 3M absolute return, Positive 6M return",Communication Services,Internet Content & Information,8.0,63,12.7
06.10.2026 at 10:05 AM IST,KARURVYSYA,-4.95,6.91,16.5,,,,0,0,0,20,"Positive 3M return, Positive 6M return",Financial Services,Banks - Regional,11.0,223,4.93
06.10.2026 at 10:05 AM IST,RSWM,-7.37,7.8,44.98,,,,0,0,0,30,"Positive 3M return, Strong 6M absolute return",Consumer Cyclical,Textile Manufacturing,9.0,387,2.33
06.10.2026 at 10:05 AM IST,RUBICON,-9.62,15.4,100.35,,,,0,0,0,30,"Positive 3M return, Strong 6M absolute return",Healthcare,Drug Manufacturers - General,8.0,147,5.44
06.10.2026 at 10:05 AM IST,AARTIDRUGS,-3.02,8.14,17.04,,,,0,0,0,20,"Positive 3M return, Positive 6M return",Healthcare,Drug Manufacturers - Specialty & Generic,10.0,147,6.8
06.10.2026 at 10:05 AM IST,XPROINDIA,-13.54,-19.97,11.19,,,,0,0,0,10,Positive 6M return,Basic Materials,Specialty Chemicals,15.0,331,4.53
06.10.2026 at 10:05 AM IST,HIRECT,-9.81,5.5,56.3,,,,0,0,0,30,"Positive 3M return, Strong 6M absolute return",Industrials,Electrical Equipment & Parts,9.0,417,2.16
06.10.2026 at 10:05 AM IST,HISARMETAL,-8.06,-4.09,4.4,,,,0,0,0,10,Positive 6M return,Basic Materials,Steel,15.0,331,4.53
06.10.2026 at 10:05 AM IST,HNDFDS,-8.49,6.49,13.86,,,,0,0,0,20,"Positive 3M return, Positive 6M return",Industrials,Conglomerates,12.0,417,2.88
06.10.2026 at 10:05 AM IST,SHAILY,-6.28,9.97,54.01,,,,0,0,0,30,"Positive 3M return, Strong 6M absolute return",Basic Materials,Specialty Chemicals,9.0,331,2.72
06.10.2026 at 10:05 AM IST,TVSSRICHAK,-16.17,6.87,21.46,,,,0,0,0,20,"Positive 3M return, Positive 6M return",Consumer Cyclical,Auto Parts,12.0,387,3.1
06.10.2026 at 10:05 AM IST,UEL,-25.71,40.28,26.39,,,,0,0,0,30,"Strong 3M absolute return, Positive 6M return",Technology,Solar,9.0,159,5.66
06.10.2026 at 10:05 AM IST,ULTRAMAR,-4.38,3.77,,,,,0,0,0,10,Positive 3M return,Basic Materials,Specialty Chemicals,15.0,331,4.53
06.10.2026 at 10:05 AM IST,NILKAMAL,-12.18,40.43,43.39,,,,0,0,0,40,"Strong 3M absolute return, Strong 6M absolute return",Consumer Cyclical,"Furnishings, Fixtures & Appliances",6.0,387,1.55
06.10.2026 at 10:05 AM IST,PDSL,-2.26,-3.47,20.43,,,,0,0,0,10,Positive 6M return,Industrials,Specialty Business Services,15.0,417,3.6
06.10.2026 at 10:05 AM IST,SENORES,-7.6,-6.38,63.89,,,,0,0,0,20,Strong 6M absolute return,Healthcare,Drug Manufacturers - General,10.0,147,6.8
06.10.2026 at 10:05 AM IST,SFL,-3.83,-15.88,20.57,,,,0,0,0,10,Positive 6M return,Consumer Cyclical,"Furnishings, Fixtures & Appliances",15.0,387,3.88
06.10.2026 at 10:05 AM IST,HINDOILEXP,-10.03,6.33,17.52,,,,0,0,0,20,"Positive 3M return, Positive 6M return",Energy,Oil & Gas E&P,6.0,32,18.75
06.10.2026 at 10:05 AM IST,NOCIL,-1.13,-0.88,4.27,,,,0,0,0,10,Positive 6M return,Basic Materials,Specialty Chemicals,15.0,331,4.53
06.10.2026 at 10:05 AM IST,NEULANDLAB,-5.05,14.11,46.4,,,,0,0,0,30,"Positive 3M return, Strong 6M absolute return",Healthcare,Drug Manufacturers - Specialty & Generic,8.0,147,5.44
06.10.2026 at 10:05 AM IST,NIACL,-21.02,-11.87,-4.8,,,,0,0,0,0,,Financial Services,Insurance - Diversified,15.0,223,6.73
06.10.2026 at 10:05 AM IST,NIITLTD,-9.47,-13.45,32.93,,,,0,0,0,20,Strong 6M absolute return,Consumer Defensive,Education & Training Services,12.0,144,8.33
06.10.2026 at 10:05 AM IST,UMIYA-MRO,-4.08,2.71,17.0,,,,0,0,0,20,"Positive 3M return, Positive 6M return",Technology,Communication Equipment,12.0,159,7.55
06.10.2026 at 10:05 AM IST,BFINVEST,-7.09,0.32,16.87,,,,0,0,0,20,"Positive 3M return, Positive 6M return",Financial Services,Asset Management,11.0,223,4.93
06.10.2026 at 10:05 AM IST,BHARATSE,-9.2,-14.17,18.57,,,,0,0,0,10,Positive 6M return,Consumer Cyclical,Auto Parts,15.0,387,3.88
06.10.2026 at 10:05 AM IST,TTKHLTCARE,-7.34,12.76,16.19,,,,0,0,0,20,"Positive 3M return, Positive 6M return",Healthcare,Drug Manufacturers - General,10.0,147,6.8
06.10.2026 at 10:05 AM IST,SHRIPISTON,-2.21,3.72,20.43,,,,0,0,0,20,"Positive 3M return, Positive 6M return",Consumer Cyclical,Auto Parts,12.0,387,3.1
06.10.2026 at 10:05 AM IST,GUJTHEM,-17.37,-1.17,32.35,,,,0,0,0,20,Strong 6M absolute return,Healthcare,Drug Manufacturers - Specialty & Generic,10.0,147,6.8
06.10.2026 at 10:05 AM IST,SHEMAROO,-10.92,-8.79,25.45,,,,0,0,0,10,Positive 6M return,Communication Services,Entertainment,11.0,63,17.46
06.10.2026 at 10:05 AM IST,HESTERBIO,-3.94,-3.7,49.19,,,,0,0,0,20,Strong 6M absolute return,Healthcare,Drug Manufacturers - Specialty & Generic,10.0,147,6.8
06.10.2026 at 10:05 AM IST,HAWKINCOOK,-3.29,-9.1,,,,,0,0,0,0,,Consumer Cyclical,"Furnishings, Fixtures & Appliances",17.0,387,4.39
06.10.2026 at 10:05 AM IST,REFEX,-1.61,-21.02,20.38,,,,0,0,0,10,Positive 6M return,Energy,Thermal Coal,8.0,32,25.0
06.10.2026 at 10:05 AM IST,BELRISE,-1.67,3.18,15.17,,,,0,0,0,20,"Positive 3M return, Positive 6M return",Consumer Cyclical,Auto Parts,12.0,387,3.1
06.10.2026 at 10:05 AM IST,LMW,-11.89,6.5,29.41,,,,0,0,0,20,"Positive 3M return, Positive 6M return",Industrials,Specialty Industrial Machinery,12.0,417,2.88
06.10.2026 at 10:05 AM IST,SHIVATEX,-9.23,15.88,20.32,,,,0,0,0,20,"Positive 3M return, Positive 6M return",Consumer Cyclical,Textile Manufacturing,12.0,387,3.1
06.10.2026 at 10:05 AM IST,PFOCUS,-8.73,11.34,-15.33,,,,0,0,0,10,Positive 3M return,Communication Services,Entertainment,11.0,63,17.46
06.10.2026 at 10:05 AM IST,BETA,-10.76,-2.58,32.16,,,,0,0,0,20,Strong 6M absolute return,Healthcare,Drug Manufacturers - Specialty & Generic,10.0,147,6.8
06.10.2026 at 10:05 AM IST,LAL,-4.94,-2.64,13.69,,,,0,0,0,10,Positive 6M return,Consumer Cyclical,Apparel Manufacturing,15.0,387,3.88
06.10.2026 at 10:05 AM IST,LANDMARK,-3.73,10.59,13.43,,,,0,0,0,20,"Positive 3M return, Positive 6M return",Consumer Cyclical,Auto & Truck Dealerships,12.0,387,3.1
06.10.2026 at 10:05 AM IST,IDEA,-14.85,-7.47,41.95,,,,0,0,0,20,Strong 6M absolute return,Communication Services,Telecom Services,9.0,63,14.29
06.10.2026 at 10:05 AM IST,IDEAFORGE,-8.77,-17.56,64.92,,,,0,0,0,20,Strong 6M absolute return,Technology,Computer Hardware,12.0,159,7.55
06.10.2026 at 10:05 AM IST,IDFCFIRSTB,-8.59,-1.89,22.27,,,,0,0,0,10,Positive 6M return,Financial Services,Banks - Regional,13.0,223,5.83
06.10.2026 at 10:05 AM IST,VARROC,-4.38,23.05,54.63,,,,0,0,0,40,"Strong 3M absolute return, Strong 6M absolute return",Consumer Cyclical,Auto Parts,6.0,387,1.55
06.10.2026 at 10:05 AM IST,BAJAJCON,-5.44,-27.47,15.6,,,,0,0,0,10,Positive 6M return,Consumer Defensive,Household & Personal Products,15.0,144,10.42
06.10.2026 at 10:05 AM IST,AVL,-1.32,-7.63,24.68,,,,0,0,0,10,Positive 6M return,Consumer Cyclical,Specialty Retail,15.0,387,3.88
06.10.2026 at 10:05 AM IST,NAHARSPING,-12.21,-2.62,14.98,,,,0,0,0,10,Positive 6M return,Consumer Cyclical,Textile Manufacturing,15.0,387,3.88
06.10.2026 at 10:05 AM IST,NAM-INDIA,-8.63,-9.26,17.91,,,,0,0,0,10,Positive 6M return,Financial Services,Asset Management,13.0,223,5.83
06.10.2026 at 10:05 AM IST,NAUKRI,-6.88,1.23,22.78,,,,0,0,0,20,"Positive 3M return, Positive 6M return",Communication Services,Internet Content & Information,9.0,63,14.29
06.10.2026 at 10:05 AM IST,GRANULES,-2.65,-3.73,30.22,,,,0,0,0,20,Strong 6M absolute return,Healthcare,Drug Manufacturers - Specialty & Generic,10.0,147,6.8
06.10.2026 at 10:05 AM IST,HAPPYFORGE,-11.23,25.44,53.0,,,,0,0,0,40,"Strong 3M absolute return, Strong 6M absolute return",Industrials,Metal Fabrication,6.0,417,1.44
06.10.2026 at 10:05 AM IST,TORNTPHARM,-1.51,-1.7,17.06,,,,0,0,0,10,Positive 6M return,Healthcare,Drug Manufacturers - Specialty & Generic,13.0,147,8.84
06.10.2026 at 10:05 AM IST,HUHTAMAKI,-7.97,9.28,33.49,,,,0,0,0,30,"Positive 3M return, Strong 6M absolute return",Consumer Cyclical,Packaging & Containers,9.0,387,2.33
06.10.2026 at 10:05 AM IST,IKIO,-11.52,-7.75,37.05,,,,0,0,0,20,Strong 6M absolute return,Technology,Electronic Components,12.0,159,7.55
06.10.2026 at 10:05 AM IST,IMAGICAA,-10.06,9.69,7.46,,,,0,0,0,20,"Positive 3M return, Positive 6M return",Communication Services,Entertainment,9.0,63,14.29
06.10.2026 at 10:05 AM IST,SEAMECLTD,-10.64,11.63,3.94,,,,0,0,0,20,"Positive 3M return, Positive 6M return",Industrials,Marine Shipping,12.0,417,2.88
06.10.2026 at 10:05 AM IST,ASKAUTOLTD,-1.72,31.13,39.18,,,,0,0,0,40,"Strong 3M absolute return, Strong 6M absolute return",Consumer Cyclical,Auto Parts,6.0,387,1.55
06.10.2026 at 10:05 AM IST,BLBLIMITED,-3.96,0.63,-5.21,,,,0,0,0,10,Positive 3M return,Financial Services,Capital Markets,13.0,223,5.83
06.10.2026 at 10:05 AM IST,BLUEJET,-5.12,-3.92,46.16,,,,0,0,0,20,Strong 6M absolute return,Healthcare,Biotechnology,10.0,147,6.8
06.10.2026 at 10:05 AM IST,PIRAMALFIN,-10.42,-6.18,16.61,,,,0,0,0,10,Positive 6M return,Financial Services,Credit Services,13.0,223,5.83
06.10.2026 at 10:05 AM IST,SKFINDUS,-9.9,-5.91,20.74,,,,0,0,0,10,Positive 6M return,Industrials,Tools & Accessories,15.0,417,3.6
06.10.2026 at 10:05 AM IST,GUJALKALI,-13.48,5.67,-2.77,,,,0,0,0,10,Positive 3M return,Basic Materials,Chemicals,15.0,331,4.53
06.10.2026 at 10:05 AM IST,SHYAMMETL,-5.6,5.2,23.52,,,,0,0,0,20,"Positive 3M return, Positive 6M return",Basic Materials,Steel,12.0,331,3.63
06.10.2026 at 10:05 AM IST,SIEMENS,-5.09,7.78,12.71,,,,0,0,0,20,"Positive 3M return, Positive 6M return",Industrials,Specialty Industrial Machinery,12.0,417,2.88
06.10.2026 at 10:05 AM IST,SIL,-18.33,0.7,14.1,,,,0,0,0,20,"Positive 3M return, Positive 6M return",Consumer Cyclical,Textile Manufacturing,12.0,387,3.1
06.10.2026 at 10:05 AM IST,RAMCOSYS,-9.24,-35.23,30.18,,,,0,0,0,20,Strong 6M absolute return,Technology,Software - Application,12.0,159,7.55
06.10.2026 at 10:05 AM IST,RANEHOLDIN,-6.47,-8.31,54.79,,,,0,0,0,20,Strong 6M absolute return,Consumer Cyclical,Auto Parts,12.0,387,3.1
06.10.2026 at 10:05 AM IST,TITAN,-8.51,-0.48,3.11,,,,0,0,0,10,Positive 6M return,Consumer Cyclical,Luxury Goods,15.0,387,3.88
06.10.2026 at 10:05 AM IST,BOSCHLTD,-5.76,7.89,23.9,,,,0,0,0,20,"Positive 3M return, Positive 6M return",Consumer Cyclical,Auto Parts,12.0,387,3.1
06.10.2026 at 10:05 AM IST,BTML,-15.39,19.8,14.1,,,,0,0,0,20,"Positive 3M return, Positive 6M return",Communication Services,Entertainment,9.0,63,14.29
06.10.2026 at 10:05 AM IST,ATHERENERG,-10.93,14.66,54.82,,,,0,0,0,30,"Positive 3M return, Strong 6M absolute return",Consumer Cyclical,Auto Manufacturers,9.0,387,2.33
06.10.2026 at 10:05 AM IST,VADILALIND,-6.26,15.11,58.45,,,,0,0,0,30,"Positive 3M return, Strong 6M absolute return",Consumer Defensive,Packaged Foods,9.0,144,6.25
06.10.2026 at 10:05 AM IST,KOHINOOR,-8.09,18.47,17.02,,,,0,0,0,20,"Positive 3M return, Positive 6M return",Consumer Defensive,Packaged Foods,12.0,144,8.33
06.10.2026 at 10:05 AM IST,KOTHARIPET,-1.44,-7.47,9.06,,,,0,0,0,10,Positive 6M return,Basic Materials,Specialty Chemicals,15.0,331,4.53
06.10.2026 at 10:05 AM IST,INDIGOPNTS,-8.8,-0.76,29.32,,,,0,0,0,10,Positive 6M return,Basic Materials,Specialty Chemicals,15.0,331,4.53
06.10.2026 at 10:05 AM IST,GLAXO,-8.14,12.72,18.09,,,,0,0,0,20,"Positive 3M return, Positive 6M return",Healthcare,Drug Manufacturers - General,10.0,147,6.8
06.10.2026 at 10:05 AM IST,SMARTWORKS,-6.2,12.19,27.82,,,,0,0,0,20,"Positive 3M return, Positive 6M return",Real Estate,Real Estate Services,9.0,74,12.16
06.10.2026 at 10:05 AM IST,GOLDIAM,-8.21,-0.58,26.75,,,,0,0,0,10,Positive 6M return,Consumer Cyclical,Luxury Goods,15.0,387,3.88
06.10.2026 at 10:05 AM IST,GPTHEALTH,-3.42,-4.13,14.44,,,,0,0,0,10,Positive 6M return,Healthcare,Medical Care Facilities,13.0,147,8.84
06.10.2026 at 10:05 AM IST,CAPLIPOINT,-7.39,2.95,57.09,,,,0,0,0,30,"Positive 3M return, Strong 6M absolute return",Healthcare,Drug Manufacturers - Specialty & Generic,8.0,147,5.44
06.10.2026 at 10:05 AM IST,TINNARUBR,-8.75,1.39,54.34,,,,0,0,0,30,"Positive 3M return, Strong 6M absolute return",Basic Materials,Specialty Chemicals,9.0,331,2.72
06.10.2026 at 10:05 AM IST,TIPSMUSIC,-0.7,-3.48,19.9,,,,0,0,0,10,Positive 6M return,Communication Services,Entertainment,11.0,63,17.46
06.10.2026 at 10:05 AM IST,CHEMBOND,5.04,-2.32,25.83,,,,0,0,0,18,"Positive 1M return, Positive 6M return",Basic Materials,Specialty Chemicals,13.0,331,3.93
06.10.2026 at 10:05 AM IST,GOCLCORP,-9.12,-1.53,42.11,,,,0,0,0,20,Strong 6M absolute return,Basic Materials,Specialty Chemicals,12.0,331,3.63
06.10.2026 at 10:05 AM IST,TITAGARH,-8.14,-3.2,16.11,,,,0,0,0,10,Positive 6M return,Industrials,Railroads,15.0,417,3.6
06.10.2026 at 10:05 AM IST,POLYMED,-4.42,1.01,13.33,,,,0,0,0,20,"Positive 3M return, Positive 6M return",Healthcare,Medical Instruments & Supplies,10.0,147,6.8
06.10.2026 at 10:05 AM IST,POLYPLEX,-13.52,1.06,18.48,,,,0,0,0,20,"Positive 3M return, Positive 6M return",Basic Materials,Specialty Chemicals,12.0,331,3.63
06.10.2026 at 10:05 AM IST,MOTHERSON,-3.7,10.38,32.7,,,,0,0,0,30,"Positive 3M return, Strong 6M absolute return",Consumer Cyclical,Auto Parts,9.0,387,2.33
06.10.2026 at 10:05 AM IST,GIPCL,-11.26,15.72,33.74,,,,0,0,0,30,"Positive 3M return, Strong 6M absolute return",Utilities,Utilities - Regulated Electric,3.0,38,7.89
06.10.2026 at 10:05 AM IST,AUSOMENT,-12.33,21.35,40.28,,,,0,0,0,40,"Strong 3M absolute return, Strong 6M absolute return",Financial Services,Capital Markets,6.0,223,2.69
06.10.2026 at 10:05 AM IST,INGERRAND,-12.08,-5.94,6.13,,,,0,0,0,10,Positive 6M return,Industrials,Specialty Industrial Machinery,15.0,417,3.6
06.10.2026 at 10:05 AM IST,SANGHVIMOV,-2.44,-2.5,45.25,,,,0,0,0,20,Strong 6M absolute return,Industrials,Rental & Leasing Services,12.0,417,2.88
06.10.2026 at 10:05 AM IST,SANSTAR,-6.09,-6.35,29.0,,,,0,0,0,10,Positive 6M return,Basic Materials,Chemicals,15.0,331,4.53
06.10.2026 at 10:05 AM IST,SAPPHIRE,-7.19,15.49,30.91,,,,0,0,0,30,"Positive 3M return, Strong 6M absolute return",Consumer Cyclical,Restaurants,9.0,387,2.33
06.10.2026 at 10:05 AM IST,PARAS,-8.65,1.33,91.61,,,,0,0,0,30,"Positive 3M return, Strong 6M absolute return",Industrials,Aerospace & Defense,9.0,417,2.16
06.10.2026 at 10:05 AM IST,PARKHOSPS,-5.36,-1.1,32.25,,,,0,0,0,20,Strong 6M absolute return,Healthcare,Medical Care Facilities,10.0,147,6.8
06.10.2026 at 10:05 AM IST,RAJRATAN,-7.97,-0.94,17.6,,,,0,0,0,10,Positive 6M return,Basic Materials,Steel,15.0,331,4.53
06.10.2026 at 10:05 AM IST,THANGAMAYL,-10.45,-29.65,17.18,,,,0,0,0,10,Positive 6M return,Consumer Cyclical,Luxury Goods,15.0,387,3.88
06.10.2026 at 10:05 AM IST,THEMISMED,-4.71,2.56,39.16,,,,0,0,0,30,"Positive 3M return, Strong 6M absolute return",Healthcare,Drug Manufacturers - Specialty & Generic,8.0,147,5.44
06.10.2026 at 10:05 AM IST,THYROCARE,-5.78,4.05,39.96,,,,0,0,0,30,"Positive 3M return, Strong 6M absolute return",Healthcare,Diagnostics & Research,8.0,147,5.44
06.10.2026 at 10:05 AM IST,ARTEMISMED,-4.7,20.56,38.41,,,,0,0,0,40,"Strong 3M absolute return, Strong 6M absolute return",Unknown,Unknown,5.0,76,6.58
06.10.2026 at 10:05 AM IST,ARVIND,-3.77,2.07,40.13,,,,0,0,0,30,"Positive 3M return, Strong 6M absolute return",Consumer Cyclical,Textile Manufacturing,9.0,387,2.33
06.10.2026 at 10:05 AM IST,ASIANENE,-16.56,38.43,52.66,,,,0,0,0,40,"Strong 3M absolute return, Strong 6M absolute return",Energy,Oil & Gas Equipment & Services,3.0,32,9.38
06.10.2026 at 10:05 AM IST,ASIANHOTNR,-13.66,2.88,13.11,,,,0,0,0,20,"Positive 3M return, Positive 6M return",Consumer Cyclical,Lodging,12.0,387,3.1
06.10.2026 at 10:05 AM IST,VIJAYA,-4.76,7.25,45.84,,,,0,0,0,30,"Positive 3M return, Strong 6M absolute return",Healthcare,Diagnostics & Research,8.0,147,5.44
06.10.2026 at 10:05 AM IST,VIMTALABS,-8.53,8.09,33.26,,,,0,0,0,30,"Positive 3M return, Strong 6M absolute return",Healthcare,Diagnostics & Research,8.0,147,5.44
06.10.2026 at 10:05 AM IST,SASKEN,-10.17,-13.9,40.08,,,,0,0,0,20,Strong 6M absolute return,Technology,Information Technology Services,12.0,159,7.55
06.10.2026 at 10:05 AM IST,KPRMILL,-7.99,-5.57,25.69,,,,0,0,0,10,Positive 6M return,Consumer Cyclical,Textile Manufacturing,15.0,387,3.88
06.10.2026 at 10:05 AM IST,APCOTEXIND,-7.01,18.92,57.44,,,,0,0,0,30,"Positive 3M return, Strong 6M absolute return",Basic Materials,Specialty Chemicals,9.0,331,2.72
06.10.2026 at 10:05 AM IST,CARYSIL,-9.92,-6.45,23.81,,,,0,0,0,10,Positive 6M return,Consumer Cyclical,"Furnishings, Fixtures & Appliances",15.0,387,3.88
06.10.2026 at 10:05 AM IST,CEMPRO,-11.43,-22.88,90.64,,,,0,0,0,20,Strong 6M absolute return,Industrials,Engineering & Construction,12.0,417,2.88
06.10.2026 at 10:05 AM IST,CHEVIOT,0.45,3.92,12.5,,,,0,0,0,38,"Positive 1M return, Positive 3M return, Positive 6M return, Positive across 1M/3M/6M",Consumer Cyclical,Textile Manufacturing,7.0,387,1.81
06.10.2026 at 10:05 AM IST,SPORTKING,-8.5,11.18,46.0,,,,0,0,0,30,"Positive 3M return, Strong 6M absolute return",Consumer Cyclical,Textile Manufacturing,9.0,387,2.33
06.10.2026 at 10:05 AM IST,GEOJITFSL,-6.43,-0.72,26.09,,,,0,0,0,10,Positive 6M return,Financial Services,Capital Markets,13.0,223,5.83
06.10.2026 at 10:05 AM IST,GANECOS,-2.61,-10.23,-4.26,,,,0,0,0,0,,Consumer Cyclical,Textile Manufacturing,17.0,387,4.39
06.10.2026 at 10:05 AM IST,GARFIBRES,-4.79,8.66,26.68,,,,0,0,0,20,"Positive 3M return, Positive 6M return",Consumer Cyclical,Textile Manufacturing,12.0,387,3.1
06.10.2026 at 10:05 AM IST,SPAL,-11.75,-18.35,23.02,,,,0,0,0,10,Positive 6M return,Consumer Cyclical,Apparel Manufacturing,15.0,387,3.88
06.10.2026 at 10:05 AM IST,CGCL,-13.27,2.48,36.55,,,,0,0,0,30,"Positive 3M return, Strong 6M absolute return",Financial Services,Credit Services,9.0,223,4.04
06.10.2026 at 10:05 AM IST,COMSYN,-13.5,36.02,69.7,,,,0,0,0,40,"Strong 3M absolute return, Strong 6M absolute return",Consumer Cyclical,Packaging & Containers,6.0,387,1.55
06.10.2026 at 10:05 AM IST,CONCORDBIO,-7.58,4.79,30.65,,,,0,0,0,30,"Positive 3M return, Strong 6M absolute return",Healthcare,Biotechnology,8.0,147,5.44
06.10.2026 at 10:05 AM IST,TEJASNET,-18.92,-15.27,8.1,,,,0,0,0,10,Positive 6M return,Technology,Communication Equipment,14.0,159,8.81
06.10.2026 at 10:05 AM IST,MOTOGENFIN,-13.27,-7.98,10.77,,,,0,0,0,10,Positive 6M return,Real Estate,Real Estate Services,12.0,74,16.22
06.10.2026 at 10:05 AM IST,AMBIKCO,-4.09,-7.15,14.25,,,,0,0,0,10,Positive 6M return,Consumer Cyclical,Textile Manufacturing,15.0,387,3.88
06.10.2026 at 10:05 AM IST,ARMANFIN,-15.7,2.79,7.65,,,,0,0,0,20,"Positive 3M return, Positive 6M return",Financial Services,Credit Services,11.0,223,4.93
06.10.2026 at 10:05 AM IST,RISHABH,-14.15,5.14,58.07,,,,0,0,0,30,"Positive 3M return, Strong 6M absolute return",Technology,Scientific & Technical Instruments,9.0,159,5.66
06.10.2026 at 10:05 AM IST,IRMENERGY,-6.69,-0.06,30.29,,,,0,0,0,20,Strong 6M absolute return,Utilities,Utilities - Regulated Gas,4.0,38,10.53
06.10.2026 at 10:05 AM IST,NORTHARC,-3.64,-1.75,24.1,,,,0,0,0,10,Positive 6M return,Financial Services,Credit Services,13.0,223,5.83
06.10.2026 at 10:05 AM IST,PPLPHARMA,-13.01,11.27,34.59,,,,0,0,0,30,"Positive 3M return, Strong 6M absolute return",Healthcare,Drug Manufacturers - Specialty & Generic,8.0,147,5.44
06.10.2026 at 10:05 AM IST,CORONA,-3.05,2.86,31.67,,,,0,0,0,30,"Positive 3M return, Strong 6M absolute return",Healthcare,Drug Manufacturers - General,8.0,147,5.44
06.10.2026 at 10:05 AM IST,COSMOFIRST,-10.69,1.75,28.25,,,,0,0,0,20,"Positive 3M return, Positive 6M return",Consumer Cyclical,Packaging & Containers,12.0,387,3.1
06.10.2026 at 10:05 AM IST,CRAFTSMAN,-10.42,11.34,39.05,,,,0,0,0,30,"Positive 3M return, Strong 6M absolute return",Consumer Cyclical,Auto Parts,9.0,387,2.33
06.10.2026 at 10:05 AM IST,STEL,-5.49,6.28,20.79,,,,0,0,0,20,"Positive 3M return, Positive 6M return",Financial Services,Asset Management,11.0,223,4.93
06.10.2026 at 10:05 AM IST,FEDERALBNK,-5.43,-1.0,13.31,,,,0,0,0,10,Positive 6M return,Financial Services,Banks - Regional,13.0,223,5.83
06.10.2026 at 10:05 AM IST,MANGLMCEM,-9.84,7.11,14.21,,,,0,0,0,20,"Positive 3M return, Positive 6M return",Basic Materials,Building Materials,12.0,331,3.63
06.10.2026 at 10:05 AM IST,CNL,-13.58,37.66,77.4,,,,0,0,0,40,"Strong 3M absolute return, Strong 6M absolute return",Technology,Electronics & Computer Distribution,6.0,159,3.77
06.10.2026 at 10:05 AM IST,STARHEALTH,-5.03,-9.94,15.36,,,,0,0,0,10,Positive 6M return,Financial Services,Insurance - Life,13.0,223,5.83
06.10.2026 at 10:05 AM IST,PPL,-6.26,-7.9,22.12,,,,0,0,0,10,Positive 6M return,Unknown,Unknown,12.0,76,15.79
06.10.2026 at 10:05 AM IST,KIRLOSBROS,-5.88,-5.11,14.96,,,,0,0,0,10,Positive 6M return,Industrials,Specialty Industrial Machinery,15.0,417,3.6
06.10.2026 at 10:05 AM IST,KIRLOSIND,-5.93,-12.08,18.47,,,,0,0,0,10,Positive 6M return,Industrials,Metal Fabrication,15.0,417,3.6
06.10.2026 at 10:05 AM IST,RMC,-11.57,-32.86,-50.95,,,,0,0,0,0,,Industrials,Electrical Equipment & Parts,17.0,417,4.08
06.10.2026 at 10:05 AM IST,ANTHEM,-10.69,13.34,17.49,,,,0,0,0,20,"Positive 3M return, Positive 6M return",Healthcare,Biotechnology,10.0,147,6.8
06.10.2026 at 10:05 AM IST,DATAPATTNS,-7.69,-1.13,25.89,,,,0,0,0,10,Positive 6M return,Industrials,Aerospace & Defense,15.0,417,3.6
06.10.2026 at 10:05 AM IST,ELGIEQUIP,-7.46,2.95,15.07,,,,0,0,0,20,"Positive 3M return, Positive 6M return",Industrials,Specialty Industrial Machinery,12.0,417,2.88
06.10.2026 at 10:05 AM IST,EXICOM,-13.03,-2.37,57.49,,,,0,0,0,20,Strong 6M absolute return,Industrials,Electrical Equipment & Parts,12.0,417,2.88
06.10.2026 at 10:05 AM IST,EXIDEIND,-2.81,-4.24,25.72,,,,0,0,0,10,Positive 6M return,Consumer Cyclical,Auto Parts,15.0,387,3.88
06.10.2026 at 10:05 AM IST,MMFL,-11.48,14.87,31.64,,,,0,0,0,30,"Positive 3M return, Strong 6M absolute return",Industrials,Metal Fabrication,9.0,417,2.16
06.10.2026 at 10:05 AM IST,MOL,-14.84,19.15,15.97,,,,0,0,0,20,"Positive 3M return, Positive 6M return",Basic Materials,Agricultural Inputs,12.0,331,3.63
06.10.2026 at 10:05 AM IST,MONARCH,-6.97,2.01,21.92,,,,0,0,0,20,"Positive 3M return, Positive 6M return",Financial Services,Capital Markets,11.0,223,4.93
06.10.2026 at 10:05 AM IST,METROGLOBL,-5.55,-11.59,,,,,0,0,0,0,,Industrials,Conglomerates,17.0,417,4.08
06.10.2026 at 10:05 AM IST,METROPOLIS,-7.09,-4.76,17.22,,,,0,0,0,10,Positive 6M return,Healthcare,Diagnostics & Research,13.0,147,8.84
06.10.2026 at 10:05 AM IST,DCBBANK,-11.56,8.46,7.88,,,,0,0,0,20,"Positive 3M return, Positive 6M return",Financial Services,Banks - Regional,11.0,223,4.93
06.10.2026 at 10:05 AM IST,JAYAGROGN,-6.56,8.4,17.84,,,,0,0,0,20,"Positive 3M return, Positive 6M return",Basic Materials,Specialty Chemicals,12.0,331,3.63
06.10.2026 at 10:05 AM IST,JETFREIGHT,-4.67,-2.6,13.81,,,,0,0,0,10,Positive 6M return,Industrials,Integrated Freight & Logistics,15.0,417,3.6
06.10.2026 at 10:05 AM IST,JINDALPOLY,-1.68,1.46,-18.44,,,,0,0,0,10,Positive 3M return,Consumer Cyclical,Packaging & Containers,15.0,387,3.88
06.10.2026 at 10:05 AM IST,JINDALSAW,-9.2,6.76,38.28,,,,0,0,0,30,"Positive 3M return, Strong 6M absolute return",Basic Materials,Steel,9.0,331,2.72
06.10.2026 at 10:05 AM IST,JINDALSTEL,-5.58,2.24,-11.79,,,,0,0,0,10,Positive 3M return,Basic Materials,Steel,15.0,331,4.53
06.10.2026 at 10:05 AM IST,JINDRILL,-11.02,-1.68,10.97,,,,0,0,0,10,Positive 6M return,Energy,Oil & Gas Equipment & Services,8.0,32,25.0
06.10.2026 at 10:05 AM IST,IZMO,-3.74,-5.17,19.63,,,,0,0,0,10,Positive 6M return,Technology,Software - Application,14.0,159,8.81
06.10.2026 at 10:05 AM IST,WENDT,-0.23,6.35,22.78,,,,0,0,0,20,"Positive 3M return, Positive 6M return",Industrials,Tools & Accessories,12.0,417,2.88
06.10.2026 at 10:05 AM IST,WEWORK,-2.41,-8.86,38.02,,,,0,0,0,20,Strong 6M absolute return,Real Estate,Real Estate Services,9.0,74,12.16
06.10.2026 at 10:05 AM IST,MAYURUNIQ,-2.31,-15.21,27.3,,,,0,0,0,10,Positive 6M return,Consumer Cyclical,Textile Manufacturing,15.0,387,3.88
06.10.2026 at 10:05 AM IST,QUESS,-5.45,16.57,81.69,,,,0,0,0,30,"Positive 3M return, Strong 6M absolute return",Industrials,Staffing & Employment Services,9.0,417,2.16
06.10.2026 at 10:05 AM IST,STYL,-5.54,7.14,48.99,,,,0,0,0,30,"Positive 3M return, Strong 6M absolute return",Technology,Software - Infrastructure,9.0,159,5.66
06.10.2026 at 10:05 AM IST,STYLEBAAZA,-6.79,20.21,23.06,,,,0,0,0,30,"Strong 3M absolute return, Positive 6M return",Consumer Cyclical,Apparel Retail,9.0,387,2.33
06.10.2026 at 10:05 AM IST,TASTYBITE,-5.94,10.51,35.07,,,,0,0,0,30,"Positive 3M return, Strong 6M absolute return",Consumer Defensive,Packaged Foods,9.0,144,6.25
06.10.2026 at 10:05 AM IST,TATATECH,-12.14,-2.36,27.13,,,,0,0,0,10,Positive 6M return,Technology,Information Technology Services,14.0,159,8.81
06.10.2026 at 10:05 AM IST,TAINWALCHM,-1.75,5.44,15.58,,,,0,0,0,20,"Positive 3M return, Positive 6M return",Basic Materials,Specialty Chemicals,12.0,331,3.63
06.10.2026 at 10:05 AM IST,TALBROAUTO,4.11,4.37,64.26,,,,0,0,0,48,"Positive 1M return, Positive 3M return, Strong 6M absolute return, Positive across 1M/3M/6M",Consumer Cyclical,Auto Parts,4.0,387,1.03
06.10.2026 at 10:05 AM IST,DEEPAKFERT,-3.6,-13.09,24.92,,,,0,0,0,10,Positive 6M return,Basic Materials,Chemicals,15.0,331,4.53
06.10.2026 at 10:05 AM IST,J&KBANK,-5.89,-14.93,16.13,,,,0,0,0,10,Positive 6M return,Financial Services,Banks - Regional,13.0,223,5.83
06.10.2026 at 10:05 AM IST,KERNEX,-7.83,-17.85,51.06,,,,0,0,0,20,Strong 6M absolute return,Technology,Software - Application,12.0,159,7.55
06.10.2026 at 10:05 AM IST,KHAITANLTD,-10.1,14.06,44.11,,,,0,0,0,30,"Positive 3M return, Strong 6M absolute return",Industrials,Industrial Distribution,9.0,417,2.16
06.10.2026 at 10:05 AM IST,ADOR,-9.76,20.72,80.9,,,,0,0,0,40,"Strong 3M absolute return, Strong 6M absolute return",Industrials,Specialty Industrial Machinery,6.0,417,1.44
06.10.2026 at 10:05 AM IST,PARACABLES,-12.46,-11.65,58.12,,,,0,0,0,20,Strong 6M absolute return,Technology,Communication Equipment,12.0,159,7.55
06.10.2026 at 10:05 AM IST,ORCHPHARMA,0.93,-3.73,78.34,,,,0,0,0,28,"Positive 1M return, Strong 6M absolute return",Healthcare,Drug Manufacturers - Specialty & Generic,9.0,147,6.12
06.10.2026 at 10:05 AM IST,SUNDRMFAST,-11.81,17.64,40.58,,,,0,0,0,30,"Positive 3M return, Strong 6M absolute return",Consumer Cyclical,Auto Parts,9.0,387,2.33
06.10.2026 at 10:05 AM IST,EMMVEE,-10.18,-10.72,24.86,,,,0,0,0,10,Positive 6M return,Technology,Solar,14.0,159,8.81
06.10.2026 at 10:05 AM IST,MINDACORP,-6.32,-3.54,23.77,,,,0,0,0,10,Positive 6M return,Consumer Cyclical,Auto Parts,15.0,387,3.88
06.10.2026 at 10:05 AM IST,PRIVISCL,1.56,-5.59,16.93,,,,0,0,0,18,"Positive 1M return, Positive 6M return",Basic Materials,Specialty Chemicals,13.0,331,3.93
06.10.2026 at 10:05 AM IST,PRUDENT,-6.61,7.31,33.38,,,,0,0,0,30,"Positive 3M return, Strong 6M absolute return",Financial Services,Asset Management,9.0,223,4.04
06.10.2026 at 10:05 AM IST,DIVGIITTS,-9.49,18.17,66.15,,,,0,0,0,30,"Positive 3M return, Strong 6M absolute return",Consumer Cyclical,Auto Parts,9.0,387,2.33
06.10.2026 at 10:05 AM IST,DIXON,-9.97,-0.88,20.65,,,,0,0,0,10,Positive 6M return,Technology,Consumer Electronics,14.0,159,8.81
06.10.2026 at 10:05 AM IST,MEDANTA,-7.43,-2.29,25.42,,,,0,0,0,10,Positive 6M return,Healthcare,Medical Care Facilities,13.0,147,8.84
06.10.2026 at 10:05 AM IST,MARSONS,-11.61,-2.53,-23.27,,,,0,0,0,0,,Industrials,Electrical Equipment & Parts,17.0,417,4.08
06.10.2026 at 10:05 AM IST,SUNDRMBRAK,-7.3,-14.52,9.17,,,,0,0,0,10,Positive 6M return,Consumer Cyclical,Auto Parts,15.0,387,3.88
06.10.2026 at 10:05 AM IST,SUVEN,-17.21,-14.42,60.85,,,,0,0,0,20,Strong 6M absolute return,Healthcare,Drug Manufacturers - Specialty & Generic,10.0,147,6.8
06.10.2026 at 10:05 AM IST,OFSS,-11.25,-10.27,50.11,,,,0,0,0,20,Strong 6M absolute return,Technology,Software - Infrastructure,12.0,159,7.55
06.10.2026 at 10:05 AM IST,OLAELEC,-3.83,-10.44,-5.44,,,,0,0,0,0,,Consumer Cyclical,Auto Manufacturers,17.0,387,4.39
06.10.2026 at 10:05 AM IST,JSFB,-7.43,9.5,29.62,,,,0,0,0,20,"Positive 3M return, Positive 6M return",Financial Services,Banks - Regional,11.0,223,4.93
06.10.2026 at 10:05 AM IST,JUBLCPL,-12.11,-5.41,14.91,,,,0,0,0,10,Positive 6M return,Basic Materials,Specialty Chemicals,15.0,331,4.53
06.10.2026 at 10:05 AM IST,WINDLAS,-11.43,23.23,27.69,,,,0,0,0,30,"Strong 3M absolute return, Positive 6M return",Healthcare,Drug Manufacturers - Specialty & Generic,8.0,147,5.44
06.10.2026 at 10:05 AM IST,WINDMACHIN,-5.82,-6.6,15.76,,,,0,0,0,10,Positive 6M return,Industrials,Specialty Industrial Machinery,15.0,417,3.6
06.10.2026 at 10:05 AM IST,AEPL,-11.76,-11.97,-9.16,,,,0,0,0,0,,Industrials,Electrical Equipment & Parts,17.0,417,4.08
06.10.2026 at 10:05 AM IST,ZENTEC,-10.64,-11.44,5.04,,,,0,0,0,10,Positive 6M return,Industrials,Aerospace & Defense,15.0,417,3.6
06.10.2026 at 10:05 AM IST,63MOONS,-9.49,18.96,43.99,,,,0,0,0,30,"Positive 3M return, Strong 6M absolute return",Technology,Software - Application,9.0,159,5.66
06.10.2026 at 10:05 AM IST,ZYDUSWELL,-7.55,-12.03,0.62,,,,0,0,0,10,Positive 6M return,Consumer Defensive,Packaged Foods,15.0,144,10.42
06.10.2026 at 10:05 AM IST,3PLAND,-7.04,-6.78,-14.09,,,,0,0,0,0,,Real Estate,Real Estate Services,14.0,74,18.92
06.10.2026 at 10:05 AM IST,ZENITHEXPO,-0.5,1.32,7.43,,,,0,0,0,20,"Positive 3M return, Positive 6M return",Consumer Cyclical,Textile Manufacturing,12.0,387,3.1
06.10.2026 at 10:05 AM IST,PACEDIGITK,4.8,-22.29,6.5,,,,0,0,0,18,"Positive 1M return, Positive 6M return",Technology,Communication Equipment,13.0,159,8.18
06.10.2026 at 10:05 AM IST,RPOWER,-4.24,-17.24,-20.38,,,,0,0,0,0,,Utilities,Utilities - Independent Power Producers,9.0,38,23.68
06.10.2026 at 10:05 AM IST,OMNI,26.11,26.75,86.83,,,,0,0,0,65,"Strong 1M absolute return, Strong 3M absolute return, Strong 6M absolute return, Positive across 1M/3M/6M",Industrials,Specialty Industrial Machinery,1.0,417,0.24
06.10.2026 at 10:05 AM IST,TCI,1.34,-5.44,-12.59,,,,0,0,0,8,Positive 1M return,Industrials,Integrated Freight & Logistics,16.0,417,3.84
06.10.2026 at 10:05 AM IST,BVCL,-3.54,1.26,1.04,,,,0,0,0,20,"Positive 3M return, Positive 6M return",Basic Materials,Building Materials,12.0,331,3.63
06.10.2026 at 10:05 AM IST,BANG,-2.3,19.35,1.52,,,,0,0,0,20,"Positive 3M return, Positive 6M return",Consumer Cyclical,Apparel Manufacturing,12.0,387,3.1
06.10.2026 at 10:05 AM IST,VEDL,-2.87,-3.06,-64.89,,,,0,0,0,0,,Basic Materials,Other Industrial Metals & Mining,17.0,331,5.14
06.10.2026 at 10:05 AM IST,BEDMUTHA,-4.21,-0.49,-0.73,,,,0,0,0,0,,Basic Materials,Steel,17.0,331,5.14
06.10.2026 at 10:05 AM IST,PEARLPOLY,12.07,-4.79,10.05,,,,0,0,0,25,"Strong 1M absolute return, Positive 6M return",Consumer Cyclical,Packaging & Containers,11.0,387,2.84
06.10.2026 at 10:05 AM IST,NEPHROPLUS,-8.8,-0.6,16.6,,,,0,0,0,10,Positive 6M return,Healthcare,Medical Care Facilities,13.0,147,8.84
06.10.2026 at 10:05 AM IST,NELCAST,5.89,-8.71,-0.96,,,,0,0,0,8,Positive 1M return,Industrials,Metal Fabrication,16.0,417,3.84
06.10.2026 at 10:05 AM IST,TIIL,-10.88,12.91,21.05,,,,0,0,0,20,"Positive 3M return, Positive 6M return",Industrials,Tools & Accessories,12.0,417,2.88
06.10.2026 at 10:05 AM IST,NAGREEKCAP,11.83,9.7,13.39,,,,0,0,0,45,"Strong 1M absolute return, Positive 3M return, Positive 6M return, Positive across 1M/3M/6M",Financial Services,Asset Management,5.0,223,2.24
06.10.2026 at 10:05 AM IST,MBLINFRA,0.41,-5.07,0.49,,,,0,0,0,18,"Positive 1M return, Positive 6M return",Industrials,Engineering & Construction,13.0,417,3.12
06.10.2026 at 10:05 AM IST,ELPROINTL,0.09,0.39,,,,,0,0,0,18,"Positive 1M return, Positive 3M return",Real Estate,Real Estate Services,10.0,74,13.51
06.10.2026 at 10:05 AM IST,SURYAROSNI,2.26,-11.89,1.64,,,,0,0,0,18,"Positive 1M return, Positive 6M return",Basic Materials,Steel,13.0,331,3.93
06.10.2026 at 10:05 AM IST,MMWL,21.82,29.75,,,,,0,0,0,35,"Strong 1M absolute return, Strong 3M absolute return",Communication Services,Entertainment,7.0,63,11.11
06.10.2026 at 10:05 AM IST,CORALFINAC,-1.76,-8.1,3.57,,,,0,0,0,10,Positive 6M return,Real Estate,Real Estate Services,12.0,74,16.22
06.10.2026 at 10:05 AM IST,ITCHOTELS,1.81,-14.7,4.04,,,,0,0,0,18,"Positive 1M return, Positive 6M return",Consumer Cyclical,Resorts & Casinos,13.0,387,3.36
06.10.2026 at 10:05 AM IST,AKASH,0.68,-5.92,-2.34,,,,0,0,0,8,Positive 1M return,Industrials,Engineering & Construction,16.0,417,3.84
06.10.2026 at 10:05 AM IST,RSSOFTWARE,2.64,-11.01,9.8,,,,0,0,0,18,"Positive 1M return, Positive 6M return",Technology,Information Technology Services,13.0,159,8.18
06.10.2026 at 10:05 AM IST,RUSTOMJEE,-2.23,-11.39,-9.35,,,,0,0,0,0,,Unknown,Unknown,14.0,76,18.42
06.10.2026 at 10:05 AM IST,IDBI,5.75,3.47,16.19,,,,0,0,0,38,"Positive 1M return, Positive 3M return, Positive 6M return, Positive across 1M/3M/6M",Financial Services,Banks - Regional,7.0,223,3.14
06.10.2026 at 10:05 AM IST,HILINFRA,0.31,-1.22,-11.18,,,,0,0,0,8,Positive 1M return,Industrials,Infrastructure Operations,16.0,417,3.84
06.10.2026 at 10:05 AM IST,SHYAMCENT,1.21,-13.75,12.56,,,,0,0,0,18,"Positive 1M return, Positive 6M return",Unknown,Unknown,11.0,76,14.47
06.10.2026 at 10:05 AM IST,EKC,0.45,-6.23,-2.63,,,,0,0,0,8,Positive 1M return,Industrials,Specialty Industrial Machinery,16.0,417,3.84
06.10.2026 at 10:05 AM IST,EIHOTEL,1.22,-8.81,-2.49,,,,0,0,0,8,Positive 1M return,Consumer Cyclical,Lodging,16.0,387,4.13
06.10.2026 at 10:05 AM IST,GMBREW,3.94,-0.38,-3.3,,,,0,0,0,8,Positive 1M return,Consumer Defensive,Beverages - Wineries & Distilleries,16.0,144,11.11
06.10.2026 at 10:05 AM IST,GOKULAGRO,-9.55,1.21,4.61,,,,0,0,0,20,"Positive 3M return, Positive 6M return",Consumer Defensive,Packaged Foods,12.0,144,8.33
06.10.2026 at 10:05 AM IST,ESSARSHPNG,2.85,-23.33,-30.71,,,,0,0,0,8,Positive 1M return,Industrials,Marine Shipping,16.0,417,3.84
06.10.2026 at 10:05 AM IST,RACE,8.71,-2.89,-16.42,,,,0,0,0,8,Positive 1M return,Industrials,Waste Management,16.0,417,3.84
06.10.2026 at 10:05 AM IST,HAVISHA,-4.96,5.51,-18.79,,,,0,0,0,10,Positive 3M return,Consumer Cyclical,Lodging,15.0,387,3.88
06.10.2026 at 10:05 AM IST,SJS,-12.37,-8.22,11.92,,,,0,0,0,10,Positive 6M return,Consumer Cyclical,Auto Parts,15.0,387,3.88
06.10.2026 at 10:05 AM IST,GUJAPOLLO,-4.61,-2.05,-22.83,,,,0,0,0,0,,Industrials,Specialty Industrial Machinery,17.0,417,4.08
06.10.2026 at 10:05 AM IST,PINELABS,1.23,18.15,-4.13,,,,0,0,0,18,"Positive 1M return, Positive 3M return",Technology,Software - Infrastructure,13.0,159,8.18
06.10.2026 at 10:05 AM IST,ABFRL,-10.13,-21.78,-24.23,,,,0,0,0,0,,Consumer Cyclical,Apparel Manufacturing,17.0,387,4.39
06.10.2026 at 10:05 AM IST,LAXMIINDIA,-12.16,-0.95,26.97,,,,0,0,0,10,Positive 6M return,Financial Services,Credit Services,13.0,223,5.83
06.10.2026 at 10:05 AM IST,HALDER,-8.74,12.86,6.78,,,,0,0,0,20,"Positive 3M return, Positive 6M return",Consumer Defensive,Farm Products,12.0,144,8.33
06.10.2026 at 10:05 AM IST,TCC,9.82,-25.2,-31.96,,,,0,0,0,8,Positive 1M return,Unknown,Unknown,13.0,76,17.11
06.10.2026 at 10:05 AM IST,ALLCARGO,-18.33,28.61,21.82,,,,0,0,0,30,"Strong 3M absolute return, Positive 6M return",Industrials,Integrated Freight & Logistics,9.0,417,2.16
06.10.2026 at 10:05 AM IST,SATIN,-6.37,-20.38,27.33,,,,0,0,0,10,Positive 6M return,Financial Services,Credit Services,13.0,223,5.83
06.10.2026 at 10:05 AM IST,GAYAPROJ,-2.67,3.87,35.77,,,,0,0,0,30,"Positive 3M return, Strong 6M absolute return",Industrials,Engineering & Construction,9.0,417,2.16
06.10.2026 at 10:05 AM IST,PVP,-30.91,72.19,40.83,,,,0,0,0,40,"Strong 3M absolute return, Strong 6M absolute return",Industrials,Conglomerates,6.0,417,1.44
06.10.2026 at 10:05 AM IST,SAIPARENT,-2.84,-13.93,19.69,,,,0,0,0,10,Positive 6M return,Healthcare,Drug Manufacturers - General,13.0,147,8.84
06.10.2026 at 10:05 AM IST,WAKEFIT,-7.89,14.53,-7.76,,,,0,0,0,10,Positive 3M return,Consumer Cyclical,"Furnishings, Fixtures & Appliances",15.0,387,3.88
06.10.2026 at 10:05 AM IST,OSWALSEEDS,4.86,17.27,9.73,,,,0,0,0,38,"Positive 1M return, Positive 3M return, Positive 6M return, Positive across 1M/3M/6M",Unknown,Unknown,6.0,76,7.89
06.10.2026 at 10:05 AM IST,MERCURYEV,1.69,6.99,,,,,0,0,0,18,"Positive 1M return, Positive 3M return",Consumer Cyclical,Auto Manufacturers,13.0,387,3.36
06.10.2026 at 10:05 AM IST,CSM,-0.17,-6.24,,,,,0,0,0,0,,Technology,Information Technology Services,16.0,159,10.06
06.10.2026 at 10:05 AM IST,LGBBROSLTD,-3.1,8.81,-5.44,,,,0,0,0,10,Positive 3M return,Consumer Cyclical,Auto Parts,15.0,387,3.88
06.10.2026 at 10:05 AM IST,ICICIAMC,2.71,-3.11,-5.78,,,,0,0,0,8,Positive 1M return,Financial Services,Asset Management,14.0,223,6.28
06.10.2026 at 10:05 AM IST,RUDRA,-10.55,4.95,2.65,,,,0,0,0,20,"Positive 3M return, Positive 6M return",Basic Materials,Steel,12.0,331,3.63
06.10.2026 at 10:05 AM IST,HUBTOWN,-8.29,-14.1,-12.99,,,,0,0,0,0,,Real Estate,Real Estate - Development,14.0,74,18.92
06.10.2026 at 10:05 AM IST,SBILIFE,-2.85,-3.61,-9.43,,,,0,0,0,0,,Financial Services,Insurance - Life,15.0,223,6.73
06.10.2026 at 10:05 AM IST,ALKEM,0.57,-6.73,-2.64,,,,0,0,0,8,Positive 1M return,Healthcare,Drug Manufacturers - Specialty & Generic,14.0,147,9.52
06.10.2026 at 10:05 AM IST,PALASHSECU,-2.63,-6.86,-5.54,,,,0,0,0,0,,Consumer Defensive,Packaged Foods,17.0,144,11.81
06.10.2026 at 10:05 AM IST,BRIGHOTEL,-4.16,-9.72,-11.04,,,,0,0,0,0,,Consumer Cyclical,Lodging,17.0,387,4.39
06.10.2026 at 10:05 AM IST,ADVANIHOTR,-3.34,-7.79,-7.0,,,,0,0,0,0,,Consumer Cyclical,Lodging,17.0,387,4.39
06.10.2026 at 10:05 AM IST,CENTRALBK,-1.87,-6.81,-12.16,,,,0,0,0,0,,Financial Services,Banks - Regional,15.0,223,6.73
06.10.2026 at 10:05 AM IST,RELCHEMQ,-2.56,-13.06,-2.61,,,,0,0,0,0,,Consumer Cyclical,Textile Manufacturing,17.0,387,4.39
06.10.2026 at 10:05 AM IST,REGENCERAM,-10.45,-19.95,-30.58,,,,0,0,0,0,,Industrials,Building Products & Equipment,17.0,417,4.08
06.10.2026 at 10:05 AM IST,VSTTILLERS,4.25,-7.56,-16.55,,,,0,0,0,8,Positive 1M return,Industrials,Farm & Heavy Construction Machinery,16.0,417,3.84
06.10.2026 at 10:05 AM IST,KITEX,-6.7,-20.55,-27.39,,,,0,0,0,0,,Consumer Cyclical,Apparel Manufacturing,17.0,387,4.39
06.10.2026 at 10:05 AM IST,RENUKA,-5.57,0.62,-17.54,,,,0,0,0,10,Positive 3M return,Consumer Defensive,Confectioners,15.0,144,10.42
06.10.2026 at 10:05 AM IST,AWL,-3.28,-4.55,1.43,,,,0,0,0,10,Positive 6M return,Consumer Defensive,Packaged Foods,15.0,144,10.42
06.10.2026 at 10:05 AM IST,UTIAMC,-1.22,-7.85,-3.55,,,,0,0,0,0,,Financial Services,Asset Management,15.0,223,6.73
06.10.2026 at 10:05 AM IST,KRIDHANINF,-3.98,-28.78,-14.22,,,,0,0,0,0,,Basic Materials,Steel,17.0,331,5.14
06.10.2026 at 10:05 AM IST,THEINVEST,-3.77,-6.66,-10.2,,,,0,0,0,0,,Financial Services,Capital Markets,15.0,223,6.73
06.10.2026 at 10:05 AM IST,EMAMILTD,2.94,-7.41,-10.06,,,,0,0,0,8,Positive 1M return,Consumer Defensive,Household & Personal Products,16.0,144,11.11
06.10.2026 at 10:05 AM IST,SUPREMEIND,-4.19,2.54,-9.74,,,,0,0,0,10,Positive 3M return,Industrials,Building Products & Equipment,15.0,417,3.6
06.10.2026 at 10:05 AM IST,GENCON,-7.84,-7.03,-9.94,,,,0,0,0,0,,Industrials,Engineering & Construction,17.0,417,4.08
06.10.2026 at 10:05 AM IST,SHREYANIND,-3.61,-5.53,-15.11,,,,0,0,0,0,,Basic Materials,Paper & Paper Products,17.0,331,5.14
06.10.2026 at 10:05 AM IST,SPCENET,3.4,-12.3,-6.95,,,,0,0,0,8,Positive 1M return,Financial Services,Capital Markets,14.0,223,6.28
06.10.2026 at 10:05 AM IST,TREEHOUSE,-4.34,-9.44,-22.93,,,,0,0,0,0,,Consumer Defensive,Education & Training Services,17.0,144,11.81
06.10.2026 at 10:05 AM IST,BANKBARODA,-1.08,-6.73,-12.37,,,,0,0,0,0,,Financial Services,Banks - Regional,15.0,223,6.73
06.10.2026 at 10:05 AM IST,SURANAT&P,-2.62,-14.44,-13.0,,,,0,0,0,0,,Utilities,Utilities - Independent Power Producers,9.0,38,23.68
06.10.2026 at 10:05 AM IST,INNOVANA,-1.44,-2.39,-20.57,,,,0,0,0,0,,Technology,Software - Application,16.0,159,10.06
06.10.2026 at 10:05 AM IST,RAYMONDLSL,-5.76,-11.73,-17.26,,,,0,0,0,0,,Consumer Cyclical,Apparel Manufacturing,17.0,387,4.39
06.10.2026 at 10:05 AM IST,JKCEMENT,-1.71,-5.94,-9.46,,,,0,0,0,0,,Basic Materials,Building Materials,17.0,331,5.14
06.10.2026 at 10:05 AM IST,AADHARHFC,-5.43,-12.93,-3.11,,,,0,0,0,0,,Financial Services,Mortgage Finance,15.0,223,6.73
06.10.2026 at 10:05 AM IST,NTPCGREEN,2.16,-3.99,-13.32,,,,0,0,0,8,Positive 1M return,Utilities,Utilities - Renewable,8.0,38,21.05
06.10.2026 at 10:05 AM IST,AFSL,-3.29,0.45,0.44,,,,0,0,0,20,"Positive 3M return, Positive 6M return",Financial Services,Capital Markets,11.0,223,4.93
06.10.2026 at 10:05 AM IST,DECCANCE,-2.75,-1.9,-14.05,,,,0,0,0,0,,Basic Materials,Building Materials,17.0,331,5.14
06.10.2026 at 10:05 AM IST,CIFL,1.19,-9.61,-16.83,,,,0,0,0,8,Positive 1M return,Financial Services,Credit Services,14.0,223,6.28
06.10.2026 at 10:05 AM IST,PFC,-9.15,-18.84,-23.91,,,,0,0,0,0,,Financial Services,Credit Services,15.0,223,6.73
06.10.2026 at 10:05 AM IST,TTML,-6.17,-17.05,-17.81,,,,0,0,0,0,,Communication Services,Telecom Services,13.0,63,20.63
06.10.2026 at 10:05 AM IST,TOLINS,-4.81,-13.9,-16.55,,,,0,0,0,0,,Consumer Cyclical,Auto Parts,17.0,387,4.39
06.10.2026 at 10:05 AM IST,CIEINDIA,-1.41,-18.59,-21.06,,,,0,0,0,0,,Consumer Cyclical,Auto Parts,17.0,387,4.39
06.10.2026 at 10:05 AM IST,CANFINHOME,-8.95,-17.62,-11.82,,,,0,0,0,0,,Financial Services,Mortgage Finance,15.0,223,6.73
06.10.2026 at 10:05 AM IST,TORNTPOWER,-3.16,-13.34,-16.24,,,,0,0,0,0,,Utilities,Utilities - Independent Power Producers,9.0,38,23.68
06.10.2026 at 10:05 AM IST,TOUCHWOOD,-6.78,-12.73,-19.33,,,,0,0,0,0,,Communication Services,Advertising Agencies,13.0,63,20.63
06.10.2026 at 10:05 AM IST,CELEBRITY,-1.48,-13.32,-8.92,,,,0,0,0,0,,Consumer Cyclical,Apparel Manufacturing,17.0,387,4.39
06.10.2026 at 10:05 AM IST,CEATLTD,-0.91,-13.53,-5.85,,,,0,0,0,0,,Consumer Cyclical,Auto Parts,17.0,387,4.39
06.10.2026 at 10:05 AM IST,NESCO,-0.73,-4.55,-6.12,,,,0,0,0,0,,Industrials,Conglomerates,17.0,417,4.08
06.10.2026 at 10:05 AM IST,CHOLAHLDNG,-7.48,-15.06,-10.66,,,,0,0,0,0,,Financial Services,Credit Services,15.0,223,6.73
06.10.2026 at 10:05 AM IST,PIIND,-10.52,-13.95,-23.16,,,,0,0,0,0,,Basic Materials,Agricultural Inputs,17.0,331,5.14
06.10.2026 at 10:05 AM IST,PIGL,-3.48,-14.26,-15.51,,,,0,0,0,0,,Industrials,Engineering & Construction,17.0,417,4.08
06.10.2026 at 10:05 AM IST,NCC,-13.21,-10.13,-13.75,,,,0,0,0,0,,Industrials,Engineering & Construction,17.0,417,4.08
06.10.2026 at 10:05 AM IST,PILANIINVS,-7.91,-8.57,-8.53,,,,0,0,0,0,,Financial Services,Asset Management,15.0,223,6.73
06.10.2026 at 10:05 AM IST,BLS,-7.24,-8.73,-22.8,,,,0,0,0,0,,Industrials,Specialty Business Services,17.0,417,4.08
06.10.2026 at 10:05 AM IST,CCCL,-6.62,-16.3,-14.74,,,,0,0,0,0,,Industrials,Engineering & Construction,17.0,417,4.08
06.10.2026 at 10:05 AM IST,BSOFT,-4.48,3.04,-24.87,,,,0,0,0,10,Positive 3M return,Technology,Information Technology Services,14.0,159,8.81
06.10.2026 at 10:05 AM IST,MUTHOOTFIN,-7.28,-14.08,-23.89,,,,0,0,0,0,,Financial Services,Credit Services,15.0,223,6.73
06.10.2026 at 10:05 AM IST,BRITANNIA,-4.83,-8.47,-12.34,,,,0,0,0,0,,Consumer Defensive,Packaged Foods,17.0,144,11.81
06.10.2026 at 10:05 AM IST,PIONEEREMB,-7.48,-12.72,-16.05,,,,0,0,0,0,,Consumer Cyclical,Textile Manufacturing,17.0,387,4.39
06.10.2026 at 10:05 AM IST,TMPV,-5.81,-14.59,-15.76,,,,0,0,0,0,,Consumer Cyclical,Auto Manufacturers,17.0,387,4.39
06.10.2026 at 10:05 AM IST,BLAL,-1.17,-12.5,-6.69,,,,0,0,0,0,,Financial Services,Shell Companies,15.0,223,6.73
06.10.2026 at 10:05 AM IST,BIRLACORPN,-8.02,-11.71,-11.22,,,,0,0,0,0,,Basic Materials,Building Materials,17.0,331,5.14
06.10.2026 at 10:05 AM IST,CESC,-7.05,-14.12,-12.47,,,,0,0,0,0,,Utilities,Utilities - Regulated Electric,9.0,38,23.68
06.10.2026 at 10:05 AM IST,CENTURYPLY,-9.2,-11.77,-7.65,,,,0,0,0,0,,Basic Materials,Lumber & Wood Production,17.0,331,5.14
06.10.2026 at 10:05 AM IST,CANBK,-4.92,-7.94,-11.75,,,,0,0,0,0,,Financial Services,Banks - Regional,15.0,223,6.73
06.10.2026 at 10:05 AM IST,BRNL,-6.07,-14.1,-19.44,,,,0,0,0,0,,Industrials,Infrastructure Operations,17.0,417,4.08
06.10.2026 at 10:05 AM IST,COLPAL,-2.19,-13.27,-6.0,,,,0,0,0,0,,Consumer Defensive,Household & Personal Products,17.0,144,11.81
06.10.2026 at 10:05 AM IST,MFSL,-12.68,-13.28,-15.88,,,,0,0,0,0,,Financial Services,Insurance - Life,15.0,223,6.73
06.10.2026 at 10:05 AM IST,MOIL,-5.37,-11.25,-20.51,,,,0,0,0,0,,Unknown,Unknown,14.0,76,18.42
06.10.2026 at 10:05 AM IST,COROMANDEL,-7.04,-10.2,-15.95,,,,0,0,0,0,,Basic Materials,Agricultural Inputs,17.0,331,5.14
06.10.2026 at 10:05 AM IST,DALBHARAT,-3.81,-2.08,-12.23,,,,0,0,0,0,,Basic Materials,Building Materials,17.0,331,5.14
06.10.2026 at 10:05 AM IST,DABUR,1.09,-13.41,-9.59,,,,0,0,0,8,Positive 1M return,Consumer Defensive,Household & Personal Products,16.0,144,11.11
06.10.2026 at 10:05 AM IST,CSLFINANCE,-13.52,1.71,-11.82,,,,0,0,0,10,Positive 3M return,Financial Services,Credit Services,13.0,223,5.83
06.10.2026 at 10:05 AM IST,COCHINSHIP,-15.99,-9.46,-10.53,,,,0,0,0,0,,Industrials,Aerospace & Defense,17.0,417,4.08
06.10.2026 at 10:05 AM IST,COASTCORP,-14.35,-25.77,-27.05,,,,0,0,0,0,,Consumer Defensive,Packaged Foods,17.0,144,11.81
06.10.2026 at 10:05 AM IST,TREJHARA,-12.55,1.61,-11.26,,,,0,0,0,10,Positive 3M return,Technology,Software - Application,14.0,159,8.81
06.10.2026 at 10:05 AM IST,CRIZAC,5.24,-13.54,-20.06,,,,0,0,0,8,Positive 1M return,Consumer Defensive,Education & Training Services,16.0,144,11.11
06.10.2026 at 10:05 AM IST,CRAMC,-11.46,-7.72,-11.76,,,,0,0,0,0,,Financial Services,Asset Management,15.0,223,6.73
06.10.2026 at 10:05 AM IST,IRB,-11.38,-15.71,-19.82,,,,0,0,0,0,,Industrials,Infrastructure Operations,17.0,417,4.08
06.10.2026 at 10:05 AM IST,IPL,-6.6,-16.17,-11.13,,,,0,0,0,0,,Basic Materials,Agricultural Inputs,17.0,331,5.14
06.10.2026 at 10:05 AM IST,JARO,-7.71,-19.65,-5.45,,,,0,0,0,0,,Consumer Defensive,Education & Training Services,17.0,144,11.81
06.10.2026 at 10:05 AM IST,JAICORPLTD,-8.73,-19.34,-15.94,,,,0,0,0,0,,Basic Materials,Specialty Chemicals,17.0,331,5.14
06.10.2026 at 10:05 AM IST,ROML,1.88,-5.62,1.54,,,,0,0,0,18,"Positive 1M return, Positive 6M return",Consumer Defensive,Packaged Foods,13.0,144,9.03
06.10.2026 at 10:05 AM IST,DHANUKA,-8.59,-12.95,-11.18,,,,0,0,0,0,,Basic Materials,Agricultural Inputs,17.0,331,5.14
06.10.2026 at 10:05 AM IST,PSB,-9.43,-11.3,-11.52,,,,0,0,0,0,,Financial Services,Banks - Regional,15.0,223,6.73
06.10.2026 at 10:05 AM IST,CMSINFO,-5.76,-15.04,-27.14,,,,0,0,0,0,,Industrials,Specialty Business Services,17.0,417,4.08
06.10.2026 at 10:05 AM IST,CHAMBLFERT,-3.82,-9.43,-10.25,,,,0,0,0,0,,Basic Materials,Agricultural Inputs,17.0,331,5.14
06.10.2026 at 10:05 AM IST,CAMLINFINE,-9.51,-27.69,-10.33,,,,0,0,0,0,,Basic Materials,Specialty Chemicals,17.0,331,5.14
06.10.2026 at 10:05 AM IST,POWERGRID,-3.12,-8.64,-13.88,,,,0,0,0,0,,Utilities,Utilities - Regulated Electric,9.0,38,23.68
06.10.2026 at 10:05 AM IST,TIRUMALCHM,-6.29,-11.65,-22.8,,,,0,0,0,0,,Basic Materials,Specialty Chemicals,17.0,331,5.14
06.10.2026 at 10:05 AM IST,CAPACITE,-16.42,-23.0,-19.78,,,,0,0,0,0,,Industrials,Engineering & Construction,17.0,417,4.08
06.10.2026 at 10:05 AM IST,CANTABIL,-4.83,-13.63,-0.69,,,,0,0,0,0,,Consumer Cyclical,Apparel Manufacturing,17.0,387,4.39
06.10.2026 at 10:05 AM IST,SAMPANN,-0.57,-14.29,-11.5,,,,0,0,0,0,,Basic Materials,Specialty Chemicals,17.0,331,5.14
06.10.2026 at 10:05 AM IST,SAMMAANCAP,-12.49,-19.57,-13.06,,,,0,0,0,0,,Financial Services,Mortgage Finance,15.0,223,6.73
06.10.2026 at 10:05 AM IST,SALZERELEC,-4.19,-11.45,-7.2,,,,0,0,0,0,,Industrials,Electrical Equipment & Parts,17.0,417,4.08
06.10.2026 at 10:05 AM IST,CONCOR,-12.5,-1.23,-7.55,,,,0,0,0,0,,Unknown,Unknown,14.0,76,18.42
06.10.2026 at 10:05 AM IST,IRIS,-17.64,-13.93,-11.49,,,,0,0,0,0,,Technology,Software - Application,16.0,159,10.06
06.10.2026 at 10:05 AM IST,IRFC,-5.21,-13.54,-21.42,,,,0,0,0,0,,Financial Services,Credit Services,15.0,223,6.73
06.10.2026 at 10:05 AM IST,RKDL,-4.59,-6.07,-16.56,,,,0,0,0,0,,Consumer Defensive,Beverages - Wineries & Distilleries,17.0,144,11.81
06.10.2026 at 10:05 AM IST,RIIL,-11.02,-17.29,-5.2,,,,0,0,0,0,,Industrials,Engineering & Construction,17.0,417,4.08
06.10.2026 at 10:05 AM IST,RHL,-1.67,-8.08,-4.53,,,,0,0,0,0,,Consumer Cyclical,Lodging,17.0,387,4.39
06.10.2026 at 10:05 AM IST,PRECAM,-9.71,-22.05,-20.67,,,,0,0,0,0,,Consumer Cyclical,Auto Parts,17.0,387,4.39
06.10.2026 at 10:05 AM IST,PRAKASHSTL,-7.85,-14.98,-20.54,,,,0,0,0,0,,Unknown,Unknown,14.0,76,18.42
06.10.2026 at 10:05 AM IST,MRF,-4.91,-6.89,-7.64,,,,0,0,0,0,,Consumer Cyclical,Auto Parts,17.0,387,4.39
06.10.2026 at 10:05 AM IST,TCS,-6.88,2.07,-13.43,,,,0,0,0,10,Positive 3M return,Technology,Information Technology Services,14.0,159,8.81
06.10.2026 at 10:05 AM IST,ITI,-9.77,-16.0,-15.66,,,,0,0,0,0,,Technology,Communication Equipment,16.0,159,10.06
06.10.2026 at 10:05 AM IST,PAKKA,-9.5,-4.6,-27.28,,,,0,0,0,0,,Basic Materials,Paper & Paper Products,17.0,331,5.14
06.10.2026 at 10:05 AM IST,ZEEMEDIA,-12.41,-12.09,-4.76,,,,0,0,0,0,,Communication Services,Broadcasting,13.0,63,20.63
06.10.2026 at 10:05 AM IST,WIPRO,-5.47,-6.55,-19.21,,,,0,0,0,0,,Technology,Information Technology Services,16.0,159,10.06
06.10.2026 at 10:05 AM IST,OSWALGREEN,-5.35,-10.48,-29.07,,,,0,0,0,0,,Financial Services,Asset Management,15.0,223,6.73
06.10.2026 at 10:05 AM IST,OSWALAGRO,-8.95,-19.39,-35.63,,,,0,0,0,0,,Unknown,Unknown,14.0,76,18.42
06.10.2026 at 10:05 AM IST,ZODIAC,-9.31,-18.53,-9.78,,,,0,0,0,0,,Unknown,Unknown,14.0,76,18.42
06.10.2026 at 10:05 AM IST,VESUVIUS,-5.76,-13.54,-13.15,,,,0,0,0,0,,Industrials,Specialty Industrial Machinery,17.0,417,4.08
06.10.2026 at 10:05 AM IST,VENTIVE,-6.17,-12.25,-8.68,,,,0,0,0,0,,Consumer Cyclical,Lodging,17.0,387,4.39
06.10.2026 at 10:05 AM IST,VASWANI,-4.94,-19.07,-18.43,,,,0,0,0,0,,Basic Materials,Steel,17.0,331,5.14
06.10.2026 at 10:05 AM IST,BIOCON,-5.7,-11.6,7.36,,,,0,0,0,10,Positive 6M return,Healthcare,Biotechnology,13.0,147,8.84
06.10.2026 at 10:05 AM IST,PARKHOTELS,-7.83,-16.76,-9.45,,,,0,0,0,0,,Consumer Cyclical,Lodging,17.0,387,4.39
06.10.2026 at 10:05 AM IST,VIPIND,-9.79,-5.66,-11.09,,,,0,0,0,0,,Consumer Cyclical,Footwear & Accessories,17.0,387,4.39
06.10.2026 at 10:05 AM IST,VINATIORGA,-11.83,-10.86,-1.71,,,,0,0,0,0,,Basic Materials,Specialty Chemicals,17.0,331,5.14
06.10.2026 at 10:05 AM IST,VIKASECO,-5.56,-15.7,-31.54,,,,0,0,0,0,,Basic Materials,Specialty Chemicals,17.0,331,5.14
06.10.2026 at 10:05 AM IST,ASHOKA,-7.62,-15.26,-12.02,,,,0,0,0,0,,Industrials,Engineering & Construction,17.0,417,4.08
06.10.2026 at 10:05 AM IST,ARVINDFASN,-13.27,-15.24,-13.89,,,,0,0,0,0,,Consumer Cyclical,Apparel Retail,17.0,387,4.39
06.10.2026 at 10:05 AM IST,VMM,-3.48,-15.58,-12.45,,,,0,0,0,0,,Consumer Cyclical,Department Stores,17.0,387,4.39
06.10.2026 at 10:05 AM IST,VIVIDHA,4.0,-1.89,-16.13,,,,0,0,0,8,Positive 1M return,Consumer Cyclical,Textile Manufacturing,16.0,387,4.13
06.10.2026 at 10:05 AM IST,ARENTERP,-0.48,-0.31,-1.38,,,,0,0,0,0,,Basic Materials,Other Industrial Metals & Mining,17.0,331,5.14
06.10.2026 at 10:05 AM IST,PATANJALI,3.27,-14.08,-22.44,,,,0,0,0,8,Positive 1M return,Consumer Defensive,Packaged Foods,16.0,144,11.11
06.10.2026 at 10:05 AM IST,JKTYRE,-7.13,-13.21,-18.17,,,,0,0,0,0,,Consumer Cyclical,Auto Parts,17.0,387,4.39
06.10.2026 at 10:05 AM IST,JKLAKSHMI,-4.23,-13.92,-22.28,,,,0,0,0,0,,Basic Materials,Building Materials,17.0,331,5.14
06.10.2026 at 10:05 AM IST,JKIL,-6.67,-6.02,-2.91,,,,0,0,0,0,,Industrials,Engineering & Construction,17.0,417,4.08
06.10.2026 at 10:05 AM IST,JYOTHYLAB,-6.31,-9.09,-15.25,,,,0,0,0,0,,Consumer Defensive,Household & Personal Products,17.0,144,11.81
06.10.2026 at 10:05 AM IST,JWL,-7.08,-12.29,-13.99,,,,0,0,0,0,,Industrials,Railroads,17.0,417,4.08
06.10.2026 at 10:05 AM IST,JTEKTINDIA,-5.33,-20.34,-12.68,,,,0,0,0,0,,Consumer Cyclical,Auto Parts,17.0,387,4.39
06.10.2026 at 10:05 AM IST,WILLAMAGOR,-12.53,-22.38,-14.65,,,,0,0,0,0,,Financial Services,Credit Services,15.0,223,6.73
06.10.2026 at 10:05 AM IST,AJOONI,-15.09,-14.4,-26.57,,,,0,0,0,0,,Consumer Defensive,Packaged Foods,17.0,144,11.81
06.10.2026 at 10:05 AM IST,ODIGMA,-9.89,-11.74,-19.69,,,,0,0,0,0,,Communication Services,Advertising Agencies,13.0,63,20.63
06.10.2026 at 10:05 AM IST,AHLUCONT,-4.95,-30.6,-25.38,,,,0,0,0,0,,Industrials,Engineering & Construction,17.0,417,4.08
06.10.2026 at 10:05 AM IST,ORIENTTECH,-5.66,-9.06,-16.34,,,,0,0,0,0,,Technology,Information Technology Services,16.0,159,10.06
06.10.2026 at 10:05 AM IST,ORIENTELEC,-10.67,-8.65,0.18,,,,0,0,0,10,Positive 6M return,Consumer Cyclical,"Furnishings, Fixtures & Appliances",15.0,387,3.88
06.10.2026 at 10:05 AM IST,AGROPHOS,-12.33,-24.0,-30.59,,,,0,0,0,0,,Basic Materials,Agricultural Inputs,17.0,331,5.14
06.10.2026 at 10:05 AM IST,ABBOTINDIA,1.06,0.22,4.07,,,,0,0,0,38,"Positive 1M return, Positive 3M return, Positive 6M return, Positive across 1M/3M/6M",Healthcare,Drug Manufacturers - Specialty & Generic,7.0,147,4.76
06.10.2026 at 10:05 AM IST,WAAREERTL,-4.42,-16.04,-7.87,,,,0,0,0,0,,Industrials,Engineering & Construction,17.0,417,4.08
06.10.2026 at 10:05 AM IST,WAAREEENER,-7.66,-18.77,-28.81,,,,0,0,0,0,,Technology,Solar,16.0,159,10.06
06.10.2026 at 10:05 AM IST,VSTL,-5.34,-4.37,-2.52,,,,0,0,0,0,,Basic Materials,Steel,17.0,331,5.14
06.10.2026 at 10:05 AM IST,VSTIND,-2.84,-20.26,-4.66,,,,0,0,0,0,,Consumer Defensive,Tobacco,17.0,144,11.81
06.10.2026 at 10:05 AM IST,ANNAPURNA,-7.72,0.88,-31.53,,,,0,0,0,10,Positive 3M return,Consumer Defensive,Packaged Foods,15.0,144,10.42
06.10.2026 at 10:05 AM IST,ORKLAINDIA,-9.05,-9.86,-13.39,,,,0,0,0,0,,Consumer Defensive,Packaged Foods,17.0,144,11.81
06.10.2026 at 10:05 AM IST,UFO,-10.89,-16.17,-15.53,,,,0,0,0,0,,Communication Services,Entertainment,13.0,63,20.63
06.10.2026 at 10:05 AM IST,UCOBANK,-5.81,-10.61,-7.63,,,,0,0,0,0,,Financial Services,Banks - Regional,15.0,223,6.73
06.10.2026 at 10:05 AM IST,UBL,-6.91,-9.49,-18.25,,,,0,0,0,0,,Consumer Defensive,Beverages - Brewers,17.0,144,11.81
06.10.2026 at 10:05 AM IST,BEL,-6.16,-7.01,-12.63,,,,0,0,0,0,,Industrials,Aerospace & Defense,17.0,417,4.08
06.10.2026 at 10:05 AM IST,BDL,-11.88,-17.31,-16.57,,,,0,0,0,0,,Industrials,Aerospace & Defense,17.0,417,4.08
06.10.2026 at 10:05 AM IST,UNIENTER,-4.71,-13.03,-6.27,,,,0,0,0,0,,Basic Materials,Chemicals,17.0,331,5.14
06.10.2026 at 10:05 AM IST,UNIECOM,-6.65,-6.09,-11.46,,,,0,0,0,0,,Technology,Software - Application,16.0,159,10.06
06.10.2026 at 10:05 AM IST,BANARISUG,-9.96,-0.81,-4.42,,,,0,0,0,0,,Consumer Defensive,Confectioners,17.0,144,11.81
06.10.2026 at 10:05 AM IST,NHPC,-5.35,-9.75,-7.24,,,,0,0,0,0,,Utilities,Utilities - Renewable,9.0,38,23.68
06.10.2026 at 10:05 AM IST,AMBUJACEM,-8.22,-16.24,-16.7,,,,0,0,0,0,,Basic Materials,Building Materials,17.0,331,5.14
06.10.2026 at 10:05 AM IST,NFL,-7.46,-11.72,-12.35,,,,0,0,0,0,,Basic Materials,Agricultural Inputs,17.0,331,5.14
06.10.2026 at 10:05 AM IST,MITTAL,-10.26,-25.53,-27.08,,,,0,0,0,0,,Consumer Cyclical,Textile Manufacturing,17.0,387,4.39
06.10.2026 at 10:05 AM IST,BIGBLOC,-9.18,-21.37,-24.52,,,,0,0,0,0,,Industrials,Building Products & Equipment,17.0,417,4.08
06.10.2026 at 10:05 AM IST,BHARTIARTL,-3.42,-6.09,-3.61,,,,0,0,0,0,,Communication Services,Telecom Services,13.0,63,20.63
06.10.2026 at 10:05 AM IST,BMWVENTLTD,-9.1,-13.35,-12.44,,,,0,0,0,0,,Basic Materials,Steel,17.0,331,5.14
06.10.2026 at 10:05 AM IST,NBCC,-10.58,-22.55,-12.65,,,,0,0,0,0,,Industrials,Engineering & Construction,17.0,417,4.08
06.10.2026 at 10:05 AM IST,NAVNETEDUL,-6.22,-17.36,-6.38,,,,0,0,0,0,,Communication Services,Publishing,13.0,63,20.63
06.10.2026 at 10:05 AM IST,NATCOPHARM,-0.59,-16.45,-23.67,,,,0,0,0,0,,Healthcare,Drug Manufacturers - Specialty & Generic,15.0,147,10.2
06.10.2026 at 10:05 AM IST,NETWORK18,-4.73,-16.55,-22.7,,,,0,0,0,0,,Communication Services,Entertainment,13.0,63,20.63
06.10.2026 at 10:05 AM IST,NH,-6.9,-12.36,0.34,,,,0,0,0,10,Positive 6M return,Healthcare,Medical Care Facilities,13.0,147,8.84
06.10.2026 at 10:05 AM IST,SAGCEM,-4.42,-15.4,-19.5,,,,0,0,0,0,,Basic Materials,Building Materials,17.0,331,5.14
06.10.2026 at 10:05 AM IST,RVNL,-3.61,-13.77,-26.18,,,,0,0,0,0,,Industrials,Engineering & Construction,17.0,417,4.08
06.10.2026 at 10:05 AM IST,NMDC,-11.04,-11.26,-12.18,,,,0,0,0,0,,Basic Materials,Steel,17.0,331,5.14
06.10.2026 at 10:05 AM IST,AWHCL,-3.86,-20.88,-30.1,,,,0,0,0,0,,Industrials,Waste Management,17.0,417,4.08
06.10.2026 at 10:05 AM IST,AVROIND,-20.64,-30.73,-39.18,,,,0,0,0,0,,Consumer Cyclical,"Furnishings, Fixtures & Appliances",17.0,387,4.39
06.10.2026 at 10:05 AM IST,BALKRISIND,-9.22,-3.97,-6.37,,,,0,0,0,0,,Consumer Cyclical,Auto Parts,17.0,387,4.39
06.10.2026 at 10:05 AM IST,BAJAJINDEF,-8.0,-13.71,-21.65,,,,0,0,0,0,,Industrials,Farm & Heavy Construction Machinery,17.0,417,4.08
06.10.2026 at 10:05 AM IST,BAJAJFINSV,-9.57,-8.53,-1.91,,,,0,0,0,0,,Financial Services,Financial Conglomerates,15.0,223,6.73
06.10.2026 at 10:05 AM IST,BAJAJELEC,-8.97,-5.23,-15.46,,,,0,0,0,0,,Consumer Cyclical,"Furnishings, Fixtures & Appliances",17.0,387,4.39
06.10.2026 at 10:05 AM IST,UGROCAP,-3.03,-14.19,-11.09,,,,0,0,0,0,,Financial Services,Credit Services,15.0,223,6.73
06.10.2026 at 10:05 AM IST,UPL,-11.42,-13.27,-19.87,,,,0,0,0,0,,Basic Materials,Agricultural Inputs,17.0,331,5.14
06.10.2026 at 10:05 AM IST,ASTRAL,-8.59,2.3,-12.6,,,,0,0,0,10,Positive 3M return,Industrials,Building Products & Equipment,15.0,417,3.6
06.10.2026 at 10:05 AM IST,AUTOAXLES,-4.07,-7.66,-2.84,,,,0,0,0,0,,Consumer Cyclical,Auto Parts,17.0,387,4.39
06.10.2026 at 10:05 AM IST,AURUS,-11.78,-6.77,-19.28,,,,0,0,0,0,,Consumer Cyclical,Luxury Goods,17.0,387,4.39
06.10.2026 at 10:05 AM IST,ATUL,-5.67,-4.01,-5.11,,,,0,0,0,0,,Basic Materials,Specialty Chemicals,17.0,331,5.14
06.10.2026 at 10:05 AM IST,VGUARD,-11.2,-1.13,-7.79,,,,0,0,0,0,,Industrials,Electrical Equipment & Parts,17.0,417,4.08
06.10.2026 at 10:05 AM IST,NILASPACES,-13.15,-11.41,-18.2,,,,0,0,0,0,,Real Estate,Real Estate - Development,14.0,74,18.92
06.10.2026 at 10:05 AM IST,NIITMTS,-10.06,-15.68,-33.27,,,,0,0,0,0,,Consumer Defensive,Education & Training Services,17.0,144,11.81
06.10.2026 at 10:05 AM IST,ULTRACEMCO,-4.76,-2.34,-3.16,,,,0,0,0,0,,Basic Materials,Building Materials,17.0,331,5.14
06.10.2026 at 10:05 AM IST,URJA,-6.54,-8.63,-12.89,,,,0,0,0,0,,Technology,Solar,16.0,159,10.06
06.10.2026 at 10:05 AM IST,REDTAPE,-0.81,-14.17,-3.4,,,,0,0,0,0,,Consumer Cyclical,Footwear & Accessories,17.0,387,4.39
06.10.2026 at 10:05 AM IST,RECLTD,-6.48,-14.19,-12.97,,,,0,0,0,0,,Financial Services,Credit Services,15.0,223,6.73
06.10.2026 at 10:05 AM IST,RCF,-3.77,-16.71,-13.28,,,,0,0,0,0,,Basic Materials,Agricultural Inputs,17.0,331,5.14
06.10.2026 at 10:05 AM IST,LINC,-5.71,-16.87,-11.02,,,,0,0,0,0,,Industrials,Business Equipment & Supplies,17.0,417,4.08
06.10.2026 at 10:05 AM IST,LIBERTSHOE,-5.51,-21.78,-17.29,,,,0,0,0,0,,Consumer Cyclical,Footwear & Accessories,17.0,387,4.39
06.10.2026 at 10:05 AM IST,HAVELLS,-8.33,-12.07,-17.56,,,,0,0,0,0,,Industrials,Electrical Equipment & Parts,17.0,417,4.08
06.10.2026 at 10:05 AM IST,HIMATSEIDE,-8.77,-20.6,-25.08,,,,0,0,0,0,,Consumer Cyclical,Textile Manufacturing,17.0,387,4.39
06.10.2026 at 10:05 AM IST,HGM,-23.36,-21.42,-24.04,,,,0,0,0,0,,Technology,Information Technology Services,16.0,159,10.06
06.10.2026 at 10:05 AM IST,HEXATRADEX,-2.53,-2.49,-4.25,,,,0,0,0,0,,Financial Services,Credit Services,15.0,223,6.73
06.10.2026 at 10:05 AM IST,CSBBANK,-6.65,-12.56,-22.46,,,,0,0,0,0,,Financial Services,Banks - Regional,15.0,223,6.73
06.10.2026 at 10:05 AM IST,HEALTHX,-3.58,-10.77,5.17,,,,0,0,0,10,Positive 6M return,Unknown,Unknown,12.0,76,15.79
06.10.2026 at 10:05 AM IST,HEADSUP,-14.84,-11.27,-12.78,,,,0,0,0,0,,Consumer Cyclical,Apparel Retail,17.0,387,4.39
06.10.2026 at 10:05 AM IST,HDFCBANK,0.71,-14.18,-9.44,,,,0,0,0,8,Positive 1M return,Financial Services,Banks - Regional,14.0,223,6.28
06.10.2026 at 10:05 AM IST,HPIL,-5.75,-8.23,-9.44,,,,0,0,0,0,,Basic Materials,Specialty Chemicals,17.0,331,5.14
06.10.2026 at 10:05 AM IST,HONDAPOWER,-5.44,-12.23,-6.15,,,,0,0,0,0,,Industrials,Specialty Industrial Machinery,17.0,417,4.08
06.10.2026 at 10:05 AM IST,ICRA,-11.0,-15.03,-16.97,,,,0,0,0,0,,Financial Services,Financial Data & Stock Exchanges,15.0,223,6.73
06.10.2026 at 10:05 AM IST,ICICIPRULI,-6.99,-4.18,-14.83,,,,0,0,0,0,,Financial Services,Insurance - Life,15.0,223,6.73
06.10.2026 at 10:05 AM IST,LAOPALA,-8.6,-11.16,-7.75,,,,0,0,0,0,,Consumer Cyclical,"Furnishings, Fixtures & Appliances",17.0,387,4.39
06.10.2026 at 10:05 AM IST,KSOLVES,-9.07,-11.71,-18.04,,,,0,0,0,0,,Technology,Software - Application,16.0,159,10.06
06.10.2026 at 10:05 AM IST,SHREECEM,-7.69,-14.79,-7.97,,,,0,0,0,0,,Unknown,Unknown,14.0,76,18.42
06.10.2026 at 10:05 AM IST,RAMKY,-17.26,-25.45,-39.78,,,,0,0,0,0,,Industrials,Engineering & Construction,17.0,417,4.08
06.10.2026 at 10:05 AM IST,RAMCOCEM,-4.9,-10.52,-15.59,,,,0,0,0,0,,Basic Materials,Building Materials,17.0,331,5.14
06.10.2026 at 10:05 AM IST,MAANALU,-11.93,-13.32,-23.73,,,,0,0,0,0,,Basic Materials,Aluminum,17.0,331,5.14
06.10.2026 at 10:05 AM IST,GMDCLTD,-11.54,-14.68,-18.13,,,,0,0,0,0,,Energy,Thermal Coal,9.0,32,28.12
06.10.2026 at 10:05 AM IST,HDFCAMC,-3.85,-14.78,-5.55,,,,0,0,0,0,,Financial Services,Asset Management,15.0,223,6.73
06.10.2026 at 10:05 AM IST,LINDEINDIA,-3.62,-11.67,-14.72,,,,0,0,0,0,,Basic Materials,Specialty Chemicals,17.0,331,5.14
06.10.2026 at 10:05 AM IST,GSLSU,6.51,-29.29,-43.9,,,,0,0,0,8,Positive 1M return,Basic Materials,Building Materials,16.0,331,4.83
06.10.2026 at 10:05 AM IST,HATHWAY,-9.89,-12.14,-11.4,,,,0,0,0,0,,Communication Services,Entertainment,13.0,63,20.63
06.10.2026 at 10:05 AM IST,HARDWYN,4.5,-47.07,-35.55,,,,0,0,0,8,Positive 1M return,Industrials,Building Products & Equipment,16.0,417,3.84
06.10.2026 at 10:05 AM IST,IOB,-7.15,-6.93,-8.54,,,,0,0,0,0,,Financial Services,Banks - Regional,15.0,223,6.73
06.10.2026 at 10:05 AM IST,GUJENERGY,-8.02,-15.48,-24.16,,,,0,0,0,0,,Utilities,Utilities - Regulated Gas,9.0,38,23.68
06.10.2026 at 10:05 AM IST,SIRCA,-6.19,4.03,-4.56,,,,0,0,0,10,Positive 3M return,Basic Materials,Specialty Chemicals,15.0,331,4.53
06.10.2026 at 10:05 AM IST,GRMOVER,-9.03,-17.51,-52.59,,,,0,0,0,0,,Consumer Defensive,Packaged Foods,17.0,144,11.81
06.10.2026 at 10:05 AM IST,GRINFRA,-8.87,-9.78,-5.08,,,,0,0,0,0,,Industrials,Engineering & Construction,17.0,417,4.08
06.10.2026 at 10:05 AM IST,REPRO,-6.75,-18.26,-18.1,,,,0,0,0,0,,Industrials,Specialty Business Services,17.0,417,4.08
06.10.2026 at 10:05 AM IST,KPEL,-13.14,-33.29,-27.27,,,,0,0,0,0,,Industrials,Engineering & Construction,17.0,417,4.08
06.10.2026 at 10:05 AM IST,INDRAMEDCO,-4.38,-9.75,-21.99,,,,0,0,0,0,,Healthcare,Medical Care Facilities,15.0,147,10.2
06.10.2026 at 10:05 AM IST,INDOUS,-3.77,-12.84,-30.39,,,,0,0,0,0,,Unknown,Unknown,14.0,76,18.42
06.10.2026 at 10:05 AM IST,IOC,-2.87,-5.26,-6.68,,,,0,0,0,0,,Energy,Oil & Gas Refining & Marketing,9.0,32,28.12
06.10.2026 at 10:05 AM IST,SIGNATURE,-7.9,-6.48,-5.67,,,,0,0,0,0,,Real Estate,Real Estate - Development,14.0,74,18.92
06.10.2026 at 10:05 AM IST,KEYFINSERV,-4.31,-13.06,-11.29,,,,0,0,0,0,,Financial Services,Capital Markets,15.0,223,6.73
06.10.2026 at 10:05 AM IST,KEC,-8.38,-25.52,-33.32,,,,0,0,0,0,,Industrials,Engineering & Construction,17.0,417,4.08
06.10.2026 at 10:05 AM IST,IXIGO,-4.42,-20.48,-6.33,,,,0,0,0,0,,Consumer Cyclical,Travel Services,17.0,387,4.39
06.10.2026 at 10:05 AM IST,JISLJALEQS,-13.34,-15.8,-15.67,,,,0,0,0,0,,Industrials,Conglomerates,17.0,417,4.08
06.10.2026 at 10:05 AM IST,JISLDVREQS,-11.67,-14.59,-17.19,,,,0,0,0,0,,Industrials,Conglomerates,17.0,417,4.08
06.10.2026 at 10:05 AM IST,JIOFIN,-7.02,-10.19,-8.58,,,,0,0,0,0,,Financial Services,Asset Management,15.0,223,6.73
06.10.2026 at 10:05 AM IST,JINDALPHOT,0.12,-9.56,-9.78,,,,0,0,0,8,Positive 1M return,Financial Services,Asset Management,14.0,223,6.28
06.10.2026 at 10:05 AM IST,IREDA,-1.49,-12.55,-10.39,,,,0,0,0,0,,Financial Services,Credit Services,15.0,223,6.73
06.10.2026 at 10:05 AM IST,IRCTC,-2.82,-8.77,-14.64,,,,0,0,0,0,,Consumer Cyclical,Travel Services,17.0,387,4.39
06.10.2026 at 10:05 AM IST,RELIANCE,-7.13,-8.04,-8.13,,,,0,0,0,0,,Energy,Oil & Gas Refining & Marketing,9.0,32,28.12
06.10.2026 at 10:05 AM IST,APCL,-5.71,-10.4,-18.22,,,,0,0,0,0,,Basic Materials,Building Materials,17.0,331,5.14
06.10.2026 at 10:05 AM IST,VOLTAS,-9.27,-15.32,-17.06,,,,0,0,0,0,,Consumer Cyclical,"Furnishings, Fixtures & Appliances",17.0,387,4.39
06.10.2026 at 10:05 AM IST,3MINDIA,-6.76,-11.96,6.09,,,,0,0,0,10,Positive 6M return,Industrials,Conglomerates,15.0,417,3.6
06.10.2026 at 10:05 AM IST,KARMAENG,-3.18,-8.08,-5.78,,,,0,0,0,0,,Utilities,Utilities - Renewable,9.0,38,23.68
06.10.2026 at 10:05 AM IST,NTPC,-3.07,-6.57,-13.96,,,,0,0,0,0,,Utilities,Utilities - Regulated Electric,9.0,38,23.68
06.10.2026 at 10:05 AM IST,ONGC,-5.26,-8.34,-21.91,,,,0,0,0,0,,Energy,Oil & Gas Integrated,9.0,32,28.12
06.10.2026 at 10:05 AM IST,AFCONS,-13.46,-18.84,-20.3,,,,0,0,0,0,,Unknown,Unknown,14.0,76,18.42
06.10.2026 at 10:05 AM IST,JPOLYINVST,-9.23,-14.3,-16.82,,,,0,0,0,0,,Financial Services,Asset Management,15.0,223,6.73
06.10.2026 at 10:05 AM IST,RTNINDIA,-6.54,-18.7,-19.18,,,,0,0,0,0,,Consumer Cyclical,Internet Retail,17.0,387,4.39
06.10.2026 at 10:05 AM IST,IRCON,-8.17,-15.11,-17.93,,,,0,0,0,0,,Industrials,Engineering & Construction,17.0,417,4.08
06.10.2026 at 10:05 AM IST,HINDUNILVR,-6.1,-13.55,-11.71,,,,0,0,0,0,,Consumer Defensive,Household & Personal Products,17.0,144,11.81
06.10.2026 at 10:05 AM IST,SGL,-13.74,-13.06,-30.7,,,,0,0,0,0,,Consumer Cyclical,Textile Manufacturing,17.0,387,4.39
06.10.2026 at 10:05 AM IST,SEPC,-5.76,-21.76,-32.85,,,,0,0,0,0,,Industrials,Engineering & Construction,17.0,417,4.08
06.10.2026 at 10:05 AM IST,SHARDACROP,-5.3,-16.78,-30.1,,,,0,0,0,0,,Basic Materials,Agricultural Inputs,17.0,331,5.14
06.10.2026 at 10:05 AM IST,SHALBY,-11.01,-19.23,-9.92,,,,0,0,0,0,,Healthcare,Medical Care Facilities,15.0,147,10.2
06.10.2026 at 10:05 AM IST,SHAKTIPUMP,-5.29,-22.51,-10.2,,,,0,0,0,0,,Industrials,Specialty Industrial Machinery,17.0,417,4.08
06.10.2026 at 10:05 AM IST,HINDWAREAP,-6.87,-28.71,-18.14,,,,0,0,0,0,,Consumer Cyclical,"Furnishings, Fixtures & Appliances",17.0,387,4.39
06.10.2026 at 10:05 AM IST,ACI,-3.78,-11.57,-23.19,,,,0,0,0,0,,Basic Materials,Chemicals,17.0,331,5.14
06.10.2026 at 10:05 AM IST,ACC,-7.42,-10.97,-14.11,,,,0,0,0,0,,Basic Materials,Building Materials,17.0,331,5.14
06.10.2026 at 10:05 AM IST,ABCOTS,-5.22,-7.89,-50.97,,,,0,0,0,0,,Consumer Cyclical,Textile Manufacturing,17.0,387,4.39
06.10.2026 at 10:05 AM IST,PANSARI,-11.35,-25.36,-5.49,,,,0,0,0,0,,Real Estate,Real Estate - Development,14.0,74,18.92
06.10.2026 at 10:05 AM IST,SAURASHCEM,-8.41,-6.9,-16.91,,,,0,0,0,0,,Basic Materials,Building Materials,17.0,331,5.14
06.10.2026 at 10:05 AM IST,KOTHARIPRO,-3.61,-3.66,-2.48,,,,0,0,0,0,,Industrials,Conglomerates,17.0,417,4.08
06.10.2026 at 10:05 AM IST,KOKUYOCMLN,-6.46,-11.36,-6.35,,,,0,0,0,0,,Industrials,Business Equipment & Supplies,17.0,417,4.08
06.10.2026 at 10:05 AM IST,KNRCON,-2.96,-9.97,-1.79,,,,0,0,0,0,,Industrials,Engineering & Construction,17.0,417,4.08
06.10.2026 at 10:05 AM IST,KSCL,-2.65,-18.48,-23.5,,,,0,0,0,0,,Basic Materials,Agricultural Inputs,17.0,331,5.14
06.10.2026 at 10:05 AM IST,SCILAL,-4.18,-11.85,-9.6,,,,0,0,0,0,,Real Estate,Real Estate Services,14.0,74,18.92
06.10.2026 at 10:05 AM IST,SCHAEFFLER,-3.35,-6.77,0.24,,,,0,0,0,10,Positive 6M return,Consumer Cyclical,Auto Parts,15.0,387,3.88
06.10.2026 at 10:05 AM IST,HUDCO,-8.22,-19.81,-11.71,,,,0,0,0,0,,Financial Services,Credit Services,15.0,223,6.73
06.10.2026 at 10:05 AM IST,HPL,-11.53,-24.85,-17.24,,,,0,0,0,0,,Unknown,Unknown,14.0,76,18.42
06.10.2026 at 10:05 AM IST,ADSL,1.48,-10.6,-4.68,,,,0,0,0,8,Positive 1M return,Technology,Information Technology Services,15.0,159,9.43
06.10.2026 at 10:05 AM IST,DOMS,-6.1,-10.01,-11.48,,,,0,0,0,0,,Industrials,Business Equipment & Supplies,17.0,417,4.08
06.10.2026 at 10:05 AM IST,DODLA,-5.18,-11.53,0.57,,,,0,0,0,10,Positive 6M return,Consumer Defensive,Food Distribution,15.0,144,10.42
06.10.2026 at 10:05 AM IST,DNAMEDIA,-10.27,-18.06,-23.87,,,,0,0,0,0,,Communication Services,Publishing,13.0,63,20.63
06.10.2026 at 10:05 AM IST,SYNGENE,-6.8,-14.07,-10.09,,,,0,0,0,0,,Healthcare,Diagnostics & Research,15.0,147,10.2
06.10.2026 at 10:05 AM IST,SYMPHONY,-2.91,-18.09,-23.28,,,,0,0,0,0,,Consumer Cyclical,"Furnishings, Fixtures & Appliances",17.0,387,4.39
06.10.2026 at 10:05 AM IST,SWARAJENG,-0.83,-5.76,-3.71,,,,0,0,0,0,,Industrials,Farm & Heavy Construction Machinery,17.0,417,4.08
06.10.2026 at 10:05 AM IST,DIGISPICE,-9.36,-24.07,-8.56,,,,0,0,0,0,,Financial Services,Financial Conglomerates,15.0,223,6.73
06.10.2026 at 10:05 AM IST,STARCEMENT,-7.2,-12.8,-16.76,,,,0,0,0,0,,Basic Materials,Building Materials,17.0,331,5.14
06.10.2026 at 10:05 AM IST,ENERGYDEV,-7.42,-18.47,0.84,,,,0,0,0,10,Positive 6M return,Utilities,Utilities - Regulated Electric,7.0,38,18.42
06.10.2026 at 10:05 AM IST,GREENPANEL,0.12,-15.81,-20.86,,,,0,0,0,8,Positive 1M return,Basic Materials,Lumber & Wood Production,16.0,331,4.83
06.10.2026 at 10:05 AM IST,SULA,-10.45,-10.01,-14.75,,,,0,0,0,0,,Consumer Defensive,Beverages - Wineries & Distilleries,17.0,144,11.81
06.10.2026 at 10:05 AM IST,SUBROS,-4.37,-14.51,-5.98,,,,0,0,0,0,,Unknown,Unknown,14.0,76,18.42
06.10.2026 at 10:05 AM IST,STUDDS,-5.34,-11.68,-9.92,,,,0,0,0,0,,Consumer Cyclical,Auto Parts,17.0,387,4.39
06.10.2026 at 10:05 AM IST,ESSENTIA,-2.86,-17.74,-20.93,,,,0,0,0,0,,Consumer Defensive,Food Distribution,17.0,144,11.81
06.10.2026 at 10:05 AM IST,PYRAMID,2.86,-1.88,5.49,,,,0,0,0,18,"Positive 1M return, Positive 6M return",Unknown,Unknown,11.0,76,14.47
06.10.2026 at 10:05 AM IST,MAZDOCK,-14.53,-12.74,-15.36,,,,0,0,0,0,,Industrials,Aerospace & Defense,17.0,417,4.08
06.10.2026 at 10:05 AM IST,EIDPARRY,-9.3,-1.85,-15.73,,,,0,0,0,0,,Basic Materials,Agricultural Inputs,17.0,331,5.14
06.10.2026 at 10:05 AM IST,EFCIL,-12.1,-9.99,-14.38,,,,0,0,0,0,,Real Estate,Real Estate Services,14.0,74,18.92
06.10.2026 at 10:05 AM IST,ECOSMOBLTY,-6.95,-17.42,-17.35,,,,0,0,0,0,,Industrials,Rental & Leasing Services,17.0,417,4.08
06.10.2026 at 10:05 AM IST,FABTECH,-5.39,-9.01,-7.07,,,,0,0,0,0,,Healthcare,Health Information Services,15.0,147,10.2
06.10.2026 at 10:05 AM IST,MINDTECK,-8.65,-27.93,-16.93,,,,0,0,0,0,,Technology,Information Technology Services,16.0,159,10.06
06.10.2026 at 10:05 AM IST,MHRIL,-5.82,-15.81,-20.96,,,,0,0,0,0,,Consumer Cyclical,Resorts & Casinos,17.0,387,4.39
06.10.2026 at 10:05 AM IST,DBL,-0.56,-4.8,-6.45,,,,0,0,0,0,,Industrials,Engineering & Construction,17.0,417,4.08
06.10.2026 at 10:05 AM IST,DELTAMAGNT,-2.59,-6.42,1.16,,,,0,0,0,10,Positive 6M return,Consumer Cyclical,Textile Manufacturing,15.0,387,3.88
06.10.2026 at 10:05 AM IST,DELHIVERY,-11.22,-22.38,-13.21,,,,0,0,0,0,,Industrials,Integrated Freight & Logistics,17.0,417,4.08
06.10.2026 at 10:05 AM IST,DCXINDIA,-4.85,-17.16,-7.59,,,,0,0,0,0,,Industrials,Aerospace & Defense,17.0,417,4.08
06.10.2026 at 10:05 AM IST,TARACHAND,-3.75,-15.37,-23.46,,,,0,0,0,0,,Industrials,Farm & Heavy Construction Machinery,17.0,417,4.08
06.10.2026 at 10:05 AM IST,RTNPOWER,-6.46,-24.25,-25.33,,,,0,0,0,0,,Utilities,Utilities - Independent Power Producers,9.0,38,23.68
06.10.2026 at 10:05 AM IST,CROMPTON,-8.75,-18.16,-9.89,,,,0,0,0,0,,Unknown,Unknown,14.0,76,18.42
06.10.2026 at 10:05 AM IST,SURAJLTD,-3.36,-16.67,-25.41,,,,0,0,0,0,,Basic Materials,Steel,17.0,331,5.14
06.10.2026 at 10:05 AM IST,TATACONSUM,-6.11,-14.37,-11.94,,,,0,0,0,0,,Consumer Defensive,Packaged Foods,17.0,144,11.81
06.10.2026 at 10:05 AM IST,TATACHEM,1.96,-14.07,-12.33,,,,0,0,0,8,Positive 1M return,Basic Materials,Chemicals,16.0,331,4.83
06.10.2026 at 10:05 AM IST,SUNDARAM,-10.57,-14.73,-15.38,,,,0,0,0,0,,Basic Materials,Paper & Paper Products,17.0,331,5.14
06.10.2026 at 10:05 AM IST,SUMMITSEC,-7.95,-13.52,-19.78,,,,0,0,0,0,,Financial Services,Capital Markets,15.0,223,6.73
06.10.2026 at 10:05 AM IST,MASFIN,-7.5,-16.55,-12.22,,,,0,0,0,0,,Financial Services,Credit Services,15.0,223,6.73
06.10.2026 at 10:05 AM IST,MEDPLUS,-4.69,-21.02,-25.17,,,,0,0,0,0,,Healthcare,Pharmaceutical Retailers,15.0,147,10.2
06.10.2026 at 10:05 AM IST,MEDIASSIST,-9.48,-16.19,-15.9,,,,0,0,0,0,,Healthcare,Healthcare Plans,15.0,147,10.2
06.10.2026 at 10:05 AM IST,DMART,-4.32,-12.78,-19.98,,,,0,0,0,0,,Consumer Defensive,Discount Stores,17.0,144,11.81
06.10.2026 at 10:05 AM IST,EASEMYTRIP,-3.33,-15.33,-27.14,,,,0,0,0,0,,Consumer Cyclical,Travel Services,17.0,387,4.39
06.10.2026 at 10:05 AM IST,TATAPOWER,-3.58,-7.57,-13.41,,,,0,0,0,0,,Utilities,Utilities - Independent Power Producers,9.0,38,23.68
06.10.2026 at 10:05 AM IST,GODFRYPHLP,-7.86,-7.93,-5.77,,,,0,0,0,0,,Consumer Defensive,Tobacco,17.0,144,11.81
06.10.2026 at 10:05 AM IST,GODAVARIB,-6.44,-13.22,-28.11,,,,0,0,0,0,,Basic Materials,Chemicals,17.0,331,5.14
06.10.2026 at 10:05 AM IST,LTTS,-5.62,-2.43,-3.62,,,,0,0,0,0,,Technology,Information Technology Services,16.0,159,10.06
06.10.2026 at 10:05 AM IST,MALLCOM,-8.37,-9.64,-12.81,,,,0,0,0,0,,Industrials,Security & Protection Services,17.0,417,4.08
06.10.2026 at 10:05 AM IST,MAHEPC,-5.69,-18.87,-23.48,,,,0,0,0,0,,Industrials,Farm & Heavy Construction Machinery,17.0,417,4.08
06.10.2026 at 10:05 AM IST,RAMANEWS,-8.19,3.41,-1.82,,,,0,0,0,10,Positive 3M return,Consumer Defensive,Beverages - Non-Alcoholic,15.0,144,10.42
06.10.2026 at 10:05 AM IST,SOMICONVEY,-9.03,-18.82,-15.99,,,,0,0,0,0,,Industrials,Specialty Industrial Machinery,17.0,417,4.08
06.10.2026 at 10:05 AM IST,SOBHA,-5.2,-17.1,-7.5,,,,0,0,0,0,,Real Estate,Real Estate - Development,14.0,74,18.92
06.10.2026 at 10:05 AM IST,GLOBALVECT,-8.87,-19.95,-23.98,,,,0,0,0,0,,Industrials,Airports & Air Services,17.0,417,4.08
06.10.2026 at 10:05 AM IST,DONEAR,-7.27,-5.66,-11.04,,,,0,0,0,0,,Consumer Cyclical,Textile Manufacturing,17.0,387,4.39
06.10.2026 at 10:05 AM IST,INTERARCH,-2.45,-6.23,-12.72,,,,0,0,0,0,,Industrials,Engineering & Construction,17.0,417,4.08
06.10.2026 at 10:05 AM IST,INTENTECH,3.04,-14.65,-16.4,,,,0,0,0,8,Positive 1M return,Unknown,Unknown,13.0,76,17.11
06.10.2026 at 10:05 AM IST,INOXWIND,-8.8,-16.41,-21.13,,,,0,0,0,0,,Industrials,Specialty Industrial Machinery,17.0,417,4.08
06.10.2026 at 10:05 AM IST,SANOFI,-3.18,-11.35,-11.85,,,,0,0,0,0,,Healthcare,Drug Manufacturers - General,15.0,147,10.2
06.10.2026 at 10:05 AM IST,SANDUMA,-9.34,-10.06,-8.7,,,,0,0,0,0,,Basic Materials,Steel,17.0,331,5.14
06.10.2026 at 10:05 AM IST,INFY,-6.46,-5.24,-19.02,,,,0,0,0,0,,Technology,Information Technology Services,16.0,159,10.06
06.10.2026 at 10:05 AM IST,IGL,-7.06,-7.09,-11.78,,,,0,0,0,0,,Utilities,Utilities - Regulated Gas,9.0,38,23.68
06.10.2026 at 10:05 AM IST,INDIASHLTR,-4.16,-17.08,-13.87,,,,0,0,0,0,,Financial Services,Mortgage Finance,15.0,223,6.73
06.10.2026 at 10:05 AM IST,INDIAMART,-6.66,-15.29,-21.05,,,,0,0,0,0,,Consumer Cyclical,Internet Retail,17.0,387,4.39
06.10.2026 at 10:05 AM IST,GALLANTT,-6.19,-17.35,-19.09,,,,0,0,0,0,,Basic Materials,Steel,17.0,331,5.14
06.10.2026 at 10:05 AM IST,SUNTECK,-5.77,-9.59,-10.21,,,,0,0,0,0,,Real Estate,Real Estate - Development,14.0,74,18.92
06.10.2026 at 10:05 AM IST,FINPIPE,-2.85,-9.49,-6.9,,,,0,0,0,0,,Industrials,Building Products & Equipment,17.0,417,4.08
06.10.2026 at 10:05 AM IST,SRF,-2.89,-8.54,3.27,,,,0,0,0,10,Positive 6M return,Industrials,Conglomerates,15.0,417,3.6
06.10.2026 at 10:05 AM IST,SRD,-3.1,-3.76,-11.49,,,,0,0,0,0,,Basic Materials,Specialty Chemicals,17.0,331,5.14
06.10.2026 at 10:05 AM IST,SPMLINFRA,-9.87,-12.53,-12.26,,,,0,0,0,0,,Industrials,Engineering & Construction,17.0,417,4.08
06.10.2026 at 10:05 AM IST,SPENCERS,-7.72,-25.03,-17.24,,,,0,0,0,0,,Consumer Cyclical,Department Stores,17.0,387,4.39
06.10.2026 at 10:05 AM IST,GATEWAY,-5.61,-9.09,-6.86,,,,0,0,0,0,,Industrials,Integrated Freight & Logistics,17.0,417,4.08
06.10.2026 at 10:05 AM IST,GANGESSECU,-5.95,-4.91,-1.81,,,,0,0,0,0,,Consumer Defensive,Packaged Foods,17.0,144,11.81
06.10.2026 at 10:05 AM IST,GANESHCP,-14.34,-20.5,-25.69,,,,0,0,0,0,,Consumer Defensive,Packaged Foods,17.0,144,11.81
06.10.2026 at 10:05 AM IST,GICHSGFIN,-4.73,-11.45,-5.71,,,,0,0,0,0,,Financial Services,Mortgage Finance,15.0,223,6.73
06.10.2026 at 10:05 AM IST,FDC,-3.37,-22.67,-4.91,,,,0,0,0,0,,Healthcare,Drug Manufacturers - Specialty & Generic,15.0,147,10.2
06.10.2026 at 10:05 AM IST,FOCUS,-12.74,-33.25,-14.36,,,,0,0,0,0,,Unknown,Unknown,14.0,76,18.42
06.10.2026 at 10:05 AM IST,FLAIR,-6.9,-11.96,-25.45,,,,0,0,0,0,,Industrials,Business Equipment & Supplies,17.0,417,4.08
06.10.2026 at 10:05 AM IST,FIRSTCRY,-3.08,-15.5,-28.1,,,,0,0,0,0,,Consumer Cyclical,Internet Retail,17.0,387,4.39
06.10.2026 at 10:05 AM IST,STCINDIA,-6.72,-12.62,-3.99,,,,0,0,0,0,,Industrials,Conglomerates,17.0,417,4.08
06.10.2026 at 10:05 AM IST,GLOBUSSPR,-11.54,-8.94,-15.87,,,,0,0,0,0,,Consumer Defensive,Beverages - Wineries & Distilleries,17.0,144,11.81
06.10.2026 at 10:05 AM IST,GOPAL,-3.77,-6.09,-7.14,,,,0,0,0,0,,Consumer Defensive,Packaged Foods,17.0,144,11.81
06.10.2026 at 10:05 AM IST,GODREJCP,-1.46,-21.25,-18.73,,,,0,0,0,0,,Consumer Defensive,Household & Personal Products,17.0,144,11.81
06.10.2026 at 10:05 AM IST,GILLETTE,-4.68,-8.85,-7.66,,,,0,0,0,0,,Consumer Defensive,Household & Personal Products,17.0,144,11.81
06.10.2026 at 10:05 AM IST,GICRE,-8.23,-9.1,-14.82,,,,0,0,0,0,,Financial Services,Insurance - Reinsurance,15.0,223,6.73
06.10.2026 at 10:05 AM IST,RAILTEL,-3.64,-16.19,-9.37,,,,0,0,0,0,,Communication Services,Telecom Services,13.0,63,20.63
06.10.2026 at 10:05 AM IST,TERASOFT,-14.09,-39.07,-28.7,,,,0,0,0,0,,Unknown,Unknown,14.0,76,18.42
06.10.2026 at 10:05 AM IST,RHETAN,-41.25,-38.34,-34.85,,,,0,0,0,0,,Basic Materials,Steel,17.0,331,5.14
06.10.2026 at 10:05 AM IST,ANTGRAPHIC,-2.74,-8.97,-15.48,,,,0,0,0,0,,Consumer Cyclical,Packaging & Containers,17.0,387,4.39
06.10.2026 at 10:05 AM IST,AMAGI,0.23,-1.52,66.33,,,,0,0,0,28,"Positive 1M return, Strong 6M absolute return",Technology,Software - Application,10.0,159,6.29
06.10.2026 at 10:05 AM IST,VIKRAN,-4.9,-20.21,-11.8,,,,0,0,0,0,,Industrials,Engineering & Construction,17.0,417,4.08
06.10.2026 at 10:05 AM IST,NILAINFRA,0.9,-7.04,-19.98,,,,0,0,0,8,Positive 1M return,Real Estate,Real Estate - Development,13.0,74,17.57
06.10.2026 at 10:05 AM IST,TIMETECHNO,-1.56,-0.39,-0.42,,,,0,0,0,0,,Consumer Cyclical,Packaging & Containers,17.0,387,4.39
06.10.2026 at 10:05 AM IST,CLEANMAX,-3.04,4.15,54.03,,,,0,0,0,30,"Positive 3M return, Strong 6M absolute return",Utilities,Utilities - Renewable,3.0,38,7.89
06.10.2026 at 10:05 AM IST,CCAVENUE,-0.33,-15.41,3.73,,,,0,0,0,10,Positive 6M return,Technology,Software - Infrastructure,14.0,159,8.81
06.10.2026 at 10:05 AM IST,MFML,0.76,-6.23,-18.47,,,,0,0,0,8,Positive 1M return,Consumer Cyclical,Textile Manufacturing,16.0,387,4.13
06.10.2026 at 10:05 AM IST,PRAKASH,-2.88,-3.41,-8.11,,,,0,0,0,0,,Basic Materials,Steel,17.0,331,5.14
06.10.2026 at 10:05 AM IST,PRITI,-2.55,-16.62,-11.68,,,,0,0,0,0,,Consumer Cyclical,"Furnishings, Fixtures & Appliances",17.0,387,4.39
06.10.2026 at 10:05 AM IST,TRU,3.7,-23.77,-28.69,,,,0,0,0,8,Positive 1M return,Financial Services,Credit Services,14.0,223,6.28
06.10.2026 at 10:05 AM IST,MPHASIS,-5.17,2.45,-1.13,,,,0,0,0,10,Positive 3M return,Technology,Information Technology Services,14.0,159,8.81
06.10.2026 at 10:05 AM IST,BAJAJHFL,-0.49,-3.86,-1.45,,,,0,0,0,0,,Financial Services,Mortgage Finance,15.0,223,6.73
06.10.2026 at 10:05 AM IST,BERGEPAINT,-4.64,-6.39,7.19,,,,0,0,0,10,Positive 6M return,Basic Materials,Specialty Chemicals,15.0,331,4.53
06.10.2026 at 10:05 AM IST,AVONMORE,-2.53,26.14,1.93,,,,0,0,0,30,"Strong 3M absolute return, Positive 6M return",Financial Services,Capital Markets,9.0,223,4.04
06.10.2026 at 10:05 AM IST,WEIZMANIND,-2.68,-6.36,-9.72,,,,0,0,0,0,,Consumer Cyclical,Textile Manufacturing,17.0,387,4.39
06.10.2026 at 10:05 AM IST,TIMKEN,0.03,-2.31,-9.41,,,,0,0,0,8,Positive 1M return,Industrials,Tools & Accessories,16.0,417,3.84
06.10.2026 at 10:05 AM IST,TECILCHEM,-8.22,-9.13,-24.17,,,,0,0,0,0,,Financial Services,Shell Companies,15.0,223,6.73
06.10.2026 at 10:05 AM IST,PROSTARM,-0.89,1.45,-7.64,,,,0,0,0,10,Positive 3M return,Industrials,Electrical Equipment & Parts,15.0,417,3.6
06.10.2026 at 10:05 AM IST,GTPL,-2.72,-4.24,-12.82,,,,0,0,0,0,,Communication Services,Entertainment,13.0,63,20.63
06.10.2026 at 10:05 AM IST,ROHLTD,0.03,-9.44,-2.1,,,,0,0,0,8,Positive 1M return,Consumer Cyclical,Lodging,16.0,387,4.13
06.10.2026 at 10:05 AM IST,KFINTECH,-5.42,-1.58,-1.52,,,,0,0,0,0,,Technology,Software - Application,16.0,159,10.06
06.10.2026 at 10:05 AM IST,RUBFILA,-1.32,-12.51,2.39,,,,0,0,0,10,Positive 6M return,Unknown,Unknown,12.0,76,15.79
06.10.2026 at 10:05 AM IST,HERANBA,-2.64,-6.04,-9.25,,,,0,0,0,0,,Basic Materials,Agricultural Inputs,17.0,331,5.14
06.10.2026 at 10:05 AM IST,RUCHIRA,0.28,0.56,-2.66,,,,0,0,0,18,"Positive 1M return, Positive 3M return",Basic Materials,Paper & Paper Products,13.0,331,3.93
06.10.2026 at 10:05 AM IST,ORICONENT,-1.25,-6.76,-21.69,,,,0,0,0,0,,Consumer Cyclical,Packaging & Containers,17.0,387,4.39
06.10.2026 at 10:05 AM IST,ISHANCH,7.0,-16.42,-13.65,,,,0,0,0,8,Positive 1M return,Basic Materials,Chemicals,16.0,331,4.83
06.10.2026 at 10:05 AM IST,SARDAEN,-2.08,1.7,-9.16,,,,0,0,0,10,Positive 3M return,Basic Materials,Steel,15.0,331,4.53
06.10.2026 at 10:05 AM IST,JMFINANCIL,-3.5,-0.51,-5.07,,,,0,0,0,0,,Financial Services,Capital Markets,15.0,223,6.73
06.10.2026 at 10:05 AM IST,SARVESHWAR,-12.16,-1.12,-8.53,,,,0,0,0,0,,Consumer Defensive,Packaged Foods,17.0,144,11.81
06.10.2026 at 10:05 AM IST,INFOMEDIA,0.39,-4.94,-3.7,,,,0,0,0,8,Positive 1M return,Financial Services,Shell Companies,14.0,223,6.28
06.10.2026 at 10:05 AM IST,INCREDIBLE,-0.75,-3.31,-3.04,,,,0,0,0,0,,Basic Materials,Steel,17.0,331,5.14
06.10.2026 at 10:05 AM IST,SICAGEN,-9.09,1.9,,,,,0,0,0,10,Positive 3M return,Basic Materials,Steel,15.0,331,4.53
06.10.2026 at 10:05 AM IST,SILGO,0.09,-6.54,-8.33,,,,0,0,0,8,Positive 1M return,Consumer Cyclical,Luxury Goods,16.0,387,4.13
06.10.2026 at 10:05 AM IST,GSFC,-3.48,-3.54,-7.3,,,,0,0,0,0,,Basic Materials,Agricultural Inputs,17.0,331,5.14
06.10.2026 at 10:05 AM IST,LAXMICOT,4.09,-11.62,-0.23,,,,0,0,0,8,Positive 1M return,Unknown,Unknown,13.0,76,17.11
06.10.2026 at 10:05 AM IST,EIHAHOTELS,-0.99,-4.72,-6.25,,,,0,0,0,0,,Consumer Cyclical,Lodging,17.0,387,4.39
06.10.2026 at 10:05 AM IST,EMMBI,-4.96,-1.75,7.03,,,,0,0,0,10,Positive 6M return,Unknown,Unknown,12.0,76,15.79
06.10.2026 at 10:05 AM IST,CREATIVEYE,-1.13,-4.67,-6.13,,,,0,0,0,0,,Communication Services,Entertainment,13.0,63,20.63
06.10.2026 at 10:05 AM IST,RHIM,1.79,-3.17,-2.11,,,,0,0,0,8,Positive 1M return,Industrials,Metal Fabrication,16.0,417,3.84
06.10.2026 at 10:05 AM IST,GKWLIMITED,-3.12,-9.41,2.31,,,,0,0,0,10,Positive 6M return,Industrials,Specialty Business Services,15.0,417,3.6
06.10.2026 at 10:05 AM IST,ESCORTS,-6.32,-4.04,-8.92,,,,0,0,0,0,,Industrials,Farm & Heavy Construction Machinery,17.0,417,4.08
06.10.2026 at 10:05 AM IST,STANLEY,-2.14,-13.17,0.76,,,,0,0,0,10,Positive 6M return,Consumer Cyclical,"Furnishings, Fixtures & Appliances",15.0,387,3.88
06.10.2026 at 10:05 AM IST,AARON,-3.29,7.32,-15.77,,,,0,0,0,10,Positive 3M return,Industrials,Specialty Industrial Machinery,15.0,417,3.6
06.10.2026 at 10:05 AM IST,VISL,-8.92,-10.78,,,,,0,0,0,0,,Basic Materials,Steel,17.0,331,5.14
06.10.2026 at 10:05 AM IST,AROGRANITE,-11.05,-12.21,-1.02,,,,0,0,0,0,,Industrials,Building Products & Equipment,17.0,417,4.08
06.10.2026 at 10:05 AM IST,NCLIND,-3.01,-5.44,-7.61,,,,0,0,0,0,,Basic Materials,Building Materials,17.0,331,5.14
06.10.2026 at 10:05 AM IST,WCIL,6.96,-6.9,-8.7,,,,0,0,0,8,Positive 1M return,Industrials,Integrated Freight & Logistics,16.0,417,3.84
06.10.2026 at 10:05 AM IST,VAKRANGEE,-10.34,-14.33,-18.75,,,,0,0,0,0,,Technology,Information Technology Services,16.0,159,10.06
06.10.2026 at 10:05 AM IST,ATULAUTO,-7.54,-9.3,-0.29,,,,0,0,0,0,,Consumer Cyclical,Auto Manufacturers,17.0,387,4.39
06.10.2026 at 10:05 AM IST,ASIANTILES,-6.25,-3.16,-25.25,,,,0,0,0,0,,Industrials,Building Products & Equipment,17.0,417,4.08
06.10.2026 at 10:05 AM IST,ATAM,1.87,-19.13,-11.87,,,,0,0,0,8,Positive 1M return,Industrials,Specialty Industrial Machinery,16.0,417,3.84
06.10.2026 at 10:05 AM IST,ATLANTAA,-10.39,-10.14,-9.18,,,,0,0,0,0,,Industrials,Infrastructure Operations,17.0,417,4.08
06.10.2026 at 10:05 AM IST,VEEDOL,-8.17,-4.02,0.65,,,,0,0,0,10,Positive 6M return,Basic Materials,Specialty Chemicals,15.0,331,4.53
06.10.2026 at 10:05 AM IST,NDRAUTO,-2.62,-17.22,-3.79,,,,0,0,0,0,,Consumer Cyclical,Auto Parts,17.0,387,4.39
06.10.2026 at 10:05 AM IST,NECLIFE,-14.52,-6.55,-2.53,,,,0,0,0,0,,Healthcare,Drug Manufacturers - Specialty & Generic,15.0,147,10.2
06.10.2026 at 10:05 AM IST,PICCADIL,-2.89,-7.09,7.38,,,,0,0,0,10,Positive 6M return,Consumer Defensive,Beverages - Wineries & Distilleries,15.0,144,10.42
06.10.2026 at 10:05 AM IST,PIDILITIND,-7.0,-6.65,12.49,,,,0,0,0,10,Positive 6M return,Basic Materials,Specialty Chemicals,15.0,331,4.53
06.10.2026 at 10:05 AM IST,PLATIND,-11.47,-10.28,-1.97,,,,0,0,0,0,,Basic Materials,Specialty Chemicals,17.0,331,5.14
06.10.2026 at 10:05 AM IST,ASHAPURMIN,-8.81,-19.91,-2.77,,,,0,0,0,0,,Unknown,Unknown,14.0,76,18.42
06.10.2026 at 10:05 AM IST,ASHOKLEY,-9.59,-2.98,-9.68,,,,0,0,0,0,,Industrials,Farm & Heavy Construction Machinery,17.0,417,4.08
06.10.2026 at 10:05 AM IST,VIKASLIFE,-6.2,-14.79,-24.37,,,,0,0,0,0,,Consumer Defensive,Farm Products,17.0,144,11.81
06.10.2026 at 10:05 AM IST,ARCHIES,-3.18,-9.49,-7.54,,,,0,0,0,0,,Consumer Cyclical,Specialty Retail,17.0,387,4.39
06.10.2026 at 10:05 AM IST,AYE,-11.34,0.84,57.77,,,,0,0,0,30,"Positive 3M return, Strong 6M absolute return",Financial Services,Credit Services,9.0,223,4.04
06.10.2026 at 10:05 AM IST,BANKINDIA,-5.62,-8.25,-5.3,,,,0,0,0,0,,Financial Services,Banks - Regional,15.0,223,6.73
06.10.2026 at 10:05 AM IST,BASF,-10.59,0.63,-1.83,,,,0,0,0,10,Positive 3M return,Basic Materials,Specialty Chemicals,15.0,331,4.53
06.10.2026 at 10:05 AM IST,UNIINFO,-5.68,-13.24,-4.58,,,,0,0,0,0,,Communication Services,Telecom Services,13.0,63,20.63
06.10.2026 at 10:05 AM IST,UNITDSPR,-7.37,-3.24,9.92,,,,0,0,0,10,Positive 6M return,Consumer Defensive,Beverages - Wineries & Distilleries,15.0,144,10.42
06.10.2026 at 10:05 AM IST,BCG,1.78,-3.59,-4.99,,,,0,0,0,8,Positive 1M return,Unknown,Unknown,13.0,76,17.11
06.10.2026 at 10:05 AM IST,BELLACASA,0.81,-7.9,-11.91,,,,0,0,0,8,Positive 1M return,Consumer Cyclical,Textile Manufacturing,16.0,387,4.13
06.10.2026 at 10:05 AM IST,BCONCEPTS,-13.24,-26.66,-35.98,,,,0,0,0,0,,Consumer Cyclical,Footwear & Accessories,17.0,387,4.39
06.10.2026 at 10:05 AM IST,BAGFILMS,-7.98,-6.32,-19.57,,,,0,0,0,0,,Communication Services,Broadcasting,13.0,63,20.63
06.10.2026 at 10:05 AM IST,MURUDCERA,-3.71,-11.45,-9.47,,,,0,0,0,0,,Industrials,Building Products & Equipment,17.0,417,4.08
06.10.2026 at 10:05 AM IST,MUNJALSHOW,-2.94,-3.82,6.99,,,,0,0,0,10,Positive 6M return,Consumer Cyclical,Auto Parts,15.0,387,3.88
06.10.2026 at 10:05 AM IST,BALAJEE,-5.16,-13.53,-11.46,,,,0,0,0,0,,Consumer Cyclical,Packaging & Containers,17.0,387,4.39
06.10.2026 at 10:05 AM IST,BAJAJHCARE,-0.33,-4.4,-1.13,,,,0,0,0,0,,Healthcare,Drug Manufacturers - Specialty & Generic,15.0,147,10.2
06.10.2026 at 10:05 AM IST,POCL,-5.99,-23.17,-3.15,,,,0,0,0,0,,Basic Materials,Specialty Chemicals,17.0,331,5.14
06.10.2026 at 10:05 AM IST,PNGJL,-3.88,2.07,-5.39,,,,0,0,0,10,Positive 3M return,Consumer Cyclical,Luxury Goods,15.0,387,3.88
06.10.2026 at 10:05 AM IST,NAHARPOLY,-8.81,-8.71,-6.39,,,,0,0,0,0,,Consumer Cyclical,Packaging & Containers,17.0,387,4.39
06.10.2026 at 10:05 AM IST,AWFIS,-7.73,-19.31,-22.58,,,,0,0,0,0,,Industrials,Rental & Leasing Services,17.0,417,4.08
06.10.2026 at 10:05 AM IST,TRIVENI,-13.16,-46.7,-36.9,,,,0,0,0,0,,Consumer Defensive,Confectioners,17.0,144,11.81
06.10.2026 at 10:05 AM IST,TVSELECT,-5.85,-19.45,-0.43,,,,0,0,0,0,,Technology,Computer Hardware,16.0,159,10.06
06.10.2026 at 10:05 AM IST,MUFTI,-6.69,-14.48,-9.52,,,,0,0,0,0,,Consumer Cyclical,Apparel Retail,17.0,387,4.39
06.10.2026 at 10:05 AM IST,MTNL,-7.81,-20.16,-24.05,,,,0,0,0,0,,Communication Services,Telecom Services,13.0,63,20.63
06.10.2026 at 10:05 AM IST,PRAENG,-17.36,3.46,-12.79,,,,0,0,0,10,Positive 3M return,Real Estate,Real Estate - Development,12.0,74,16.22
06.10.2026 at 10:05 AM IST,MOHITIND,-3.16,1.28,2.23,,,,0,0,0,20,"Positive 3M return, Positive 6M return",Consumer Cyclical,Textile Manufacturing,12.0,387,3.1
06.10.2026 at 10:05 AM IST,MMTC,-9.75,-12.4,-3.32,,,,0,0,0,0,,Industrials,Conglomerates,17.0,417,4.08
06.10.2026 at 10:05 AM IST,APOLLOTYRE,-2.6,-8.93,-6.78,,,,0,0,0,0,,Consumer Cyclical,Auto Parts,17.0,387,4.39
06.10.2026 at 10:05 AM IST,PGHL,-6.19,-14.55,10.48,,,,0,0,0,10,Positive 6M return,Healthcare,Drug Manufacturers - Specialty & Generic,13.0,147,8.84
06.10.2026 at 10:05 AM IST,PGEL,-9.61,-14.18,2.8,,,,0,0,0,10,Positive 6M return,Technology,Electronic Components,14.0,159,8.81
06.10.2026 at 10:05 AM IST,PENINLAND,-7.15,-20.67,-19.21,,,,0,0,0,0,,Real Estate,Real Estate - Development,14.0,74,18.92
06.10.2026 at 10:05 AM IST,NEXTMEDIA,-8.23,-10.53,-15.8,,,,0,0,0,0,,Communication Services,Broadcasting,13.0,63,20.63
06.10.2026 at 10:05 AM IST,NLCINDIA,-4.69,-17.6,-4.53,,,,0,0,0,0,,Utilities,Utilities - Regulated Electric,9.0,38,23.68
06.10.2026 at 10:05 AM IST,NIVABUPA,-4.69,-10.1,4.08,,,,0,0,0,10,Positive 6M return,Financial Services,Insurance - Life,13.0,223,5.83
06.10.2026 at 10:05 AM IST,ARIHANTSUP,-7.61,-18.29,-0.03,,,,0,0,0,0,,Real Estate,Real Estate - Development,14.0,74,18.92
06.10.2026 at 10:05 AM IST,VLSFINANCE,-5.18,-7.92,6.21,,,,0,0,0,10,Positive 6M return,Financial Services,Capital Markets,13.0,223,5.83
06.10.2026 at 10:05 AM IST,ARIHANT,-2.57,10.91,,,,,0,0,0,10,Positive 3M return,Real Estate,Real Estate - Development,12.0,74,16.22
06.10.2026 at 10:05 AM IST,ALANKIT,-5.41,-4.23,-14.92,,,,0,0,0,0,,Technology,Information Technology Services,16.0,159,10.06
06.10.2026 at 10:05 AM IST,ANURAS,-5.34,-7.93,-9.23,,,,0,0,0,0,,Basic Materials,Specialty Chemicals,17.0,331,5.14
06.10.2026 at 10:05 AM IST,AQYLON,-28.54,-59.67,-62.72,,,,0,0,0,0,,Communication Services,Broadcasting,13.0,63,20.63
06.10.2026 at 10:05 AM IST,AERONEU,-11.75,-21.47,-12.51,,,,0,0,0,0,,Consumer Cyclical,Packaging & Containers,17.0,387,4.39
06.10.2026 at 10:05 AM IST,WEL,4.1,-26.43,-9.64,,,,0,0,0,8,Positive 1M return,Consumer Cyclical,"Furnishings, Fixtures & Appliances",16.0,387,4.13
06.10.2026 at 10:05 AM IST,AAKASH,-3.77,-4.43,2.18,,,,0,0,0,10,Positive 6M return,Energy,Oil & Gas Equipment & Services,8.0,32,25.0
06.10.2026 at 10:05 AM IST,360ONE,-4.04,-5.65,6.13,,,,0,0,0,10,Positive 6M return,Unknown,Unknown,12.0,76,15.79
06.10.2026 at 10:05 AM IST,AJMERA,-1.14,-6.94,-3.97,,,,0,0,0,0,,Real Estate,Real Estate - Development,14.0,74,18.92
06.10.2026 at 10:05 AM IST,AKG,-0.21,-13.22,-13.62,,,,0,0,0,0,,Industrials,Industrial Distribution,17.0,417,4.08
06.10.2026 at 10:05 AM IST,PATELENG,-3.45,-18.11,-2.22,,,,0,0,0,0,,Industrials,Engineering & Construction,17.0,417,4.08
06.10.2026 at 10:05 AM IST,PAVNAIND,-11.44,-9.5,-14.52,,,,0,0,0,0,,Consumer Cyclical,Auto Parts,17.0,387,4.39
06.10.2026 at 10:05 AM IST,OIL,-7.95,4.66,-4.32,,,,0,0,0,10,Positive 3M return,Energy,Oil & Gas Integrated,8.0,32,25.0
06.10.2026 at 10:05 AM IST,ALOKINDS,-6.64,-41.05,-45.2,,,,0,0,0,0,,Consumer Cyclical,Textile Manufacturing,17.0,387,4.39
06.10.2026 at 10:05 AM IST,AGIIL,-7.86,-21.53,-27.73,,,,0,0,0,0,,Real Estate,Real Estate - Development,14.0,74,18.92
06.10.2026 at 10:05 AM IST,A2ZINFRA,-10.91,3.54,-18.51,,,,0,0,0,10,Positive 3M return,Industrials,Engineering & Construction,15.0,417,3.6
06.10.2026 at 10:05 AM IST,TENNIND,-6.18,-16.34,-11.76,,,,0,0,0,0,,Consumer Cyclical,Auto Parts,17.0,387,4.39
06.10.2026 at 10:05 AM IST,CINEVISTA,-2.89,-12.17,-5.75,,,,0,0,0,0,,Communication Services,Entertainment,13.0,63,20.63
06.10.2026 at 10:05 AM IST,PUNJABCHEM,-4.87,-1.56,5.33,,,,0,0,0,10,Positive 6M return,Basic Materials,Chemicals,15.0,331,4.53
06.10.2026 at 10:05 AM IST,MAXIND,-0.58,-2.94,4.6,,,,0,0,0,10,Positive 6M return,Healthcare,Medical Care Facilities,13.0,147,8.84
06.10.2026 at 10:05 AM IST,CMPDI,-12.19,-21.45,23.31,,,,0,0,0,10,Positive 6M return,Basic Materials,Other Industrial Metals & Mining,15.0,331,4.53
06.10.2026 at 10:05 AM IST,CENTEXT,-9.96,-4.77,-12.34,,,,0,0,0,0,,Basic Materials,Aluminum,17.0,331,5.14
06.10.2026 at 10:05 AM IST,CHEMFAB,-7.26,-12.46,-8.27,,,,0,0,0,0,,Basic Materials,Specialty Chemicals,17.0,331,5.14
06.10.2026 at 10:05 AM IST,CEWATER,-0.99,-15.68,-18.24,,,,0,0,0,0,,Utilities,Utilities - Regulated Water,9.0,38,23.68
06.10.2026 at 10:05 AM IST,BYKE,-7.21,-10.68,-18.95,,,,0,0,0,0,,Consumer Cyclical,Lodging,17.0,387,4.39
06.10.2026 at 10:05 AM IST,THOMASCOOK,-9.21,-0.16,-0.28,,,,0,0,0,0,,Consumer Cyclical,Travel Services,17.0,387,4.39
06.10.2026 at 10:05 AM IST,CARERATING,-7.65,-0.3,3.73,,,,0,0,0,10,Positive 6M return,Financial Services,Financial Data & Stock Exchanges,13.0,223,5.83
06.10.2026 at 10:05 AM IST,CDSL,-10.06,-11.27,-1.55,,,,0,0,0,0,,Financial Services,Capital Markets,15.0,223,6.73
06.10.2026 at 10:05 AM IST,BPCL,-1.78,-3.65,1.88,,,,0,0,0,10,Positive 6M return,Energy,Oil & Gas Refining & Marketing,8.0,32,25.0
06.10.2026 at 10:05 AM IST,MGL,-5.3,-3.53,4.64,,,,0,0,0,10,Positive 6M return,Utilities,Utilities - Regulated Gas,7.0,38,18.42
06.10.2026 at 10:05 AM IST,TIGERLOGS,-9.82,-22.8,-10.54,,,,0,0,0,0,,Industrials,Integrated Freight & Logistics,17.0,417,4.08
06.10.2026 at 10:05 AM IST,CAMS,-8.55,-7.91,-1.22,,,,0,0,0,0,,Technology,Information Technology Services,16.0,159,10.06
06.10.2026 at 10:05 AM IST,BIRLANU,-2.96,3.9,-0.04,,,,0,0,0,10,Positive 3M return,Industrials,Building Products & Equipment,15.0,417,3.6
06.10.2026 at 10:05 AM IST,TRAVELFOOD,-6.76,-6.83,-5.42,,,,0,0,0,0,,Consumer Cyclical,Restaurants,17.0,387,4.39
06.10.2026 at 10:05 AM IST,BHARATWIRE,-8.44,-20.24,-2.05,,,,0,0,0,0,,Basic Materials,Steel,17.0,331,5.14
06.10.2026 at 10:05 AM IST,MKPL,-1.48,-16.49,-22.03,,,,0,0,0,0,,Consumer Defensive,Packaged Foods,17.0,144,11.81
06.10.2026 at 10:05 AM IST,MIDWESTLTD,-8.7,-25.1,-26.81,,,,0,0,0,0,,Basic Materials,Building Materials,17.0,331,5.14
06.10.2026 at 10:05 AM IST,BIOFILCHEM,-5.75,-9.1,-9.1,,,,0,0,0,0,,Healthcare,Drug Manufacturers - Specialty & Generic,15.0,147,10.2
06.10.2026 at 10:05 AM IST,MBEL,-6.93,-18.16,-17.13,,,,0,0,0,0,,Industrials,Engineering & Construction,17.0,417,4.08
06.10.2026 at 10:05 AM IST,BEARDSELL,-8.07,-15.51,-6.59,,,,0,0,0,0,,Industrials,Building Products & Equipment,17.0,417,4.08
06.10.2026 at 10:05 AM IST,PRAJIND,-7.36,-11.47,-6.59,,,,0,0,0,0,,Industrials,Engineering & Construction,17.0,417,4.08
06.10.2026 at 10:05 AM IST,MARICO,-3.2,-5.64,6.07,,,,0,0,0,10,Positive 6M return,Consumer Defensive,Household & Personal Products,15.0,144,10.42
06.10.2026 at 10:05 AM IST,RADIANTCMS,-10.48,-2.6,-7.87,,,,0,0,0,0,,Industrials,Specialty Business Services,17.0,417,4.08
06.10.2026 at 10:05 AM IST,TCIEXP,-10.65,-1.0,-5.92,,,,0,0,0,0,,Industrials,Integrated Freight & Logistics,17.0,417,4.08
06.10.2026 at 10:05 AM IST,MAHSCOOTER,-8.31,-3.96,3.17,,,,0,0,0,10,Positive 6M return,Financial Services,Asset Management,13.0,223,5.83
06.10.2026 at 10:05 AM IST,RAJSREESUG,-16.46,-4.08,5.9,,,,0,0,0,10,Positive 6M return,Consumer Defensive,Confectioners,15.0,144,10.42
06.10.2026 at 10:05 AM IST,COCKERILL,-5.68,-17.76,,,,,0,0,0,0,,Industrials,Metal Fabrication,17.0,417,4.08
06.10.2026 at 10:05 AM IST,CREDITACC,-11.9,-17.27,2.89,,,,0,0,0,10,Positive 6M return,Financial Services,Credit Services,13.0,223,5.83
06.10.2026 at 10:05 AM IST,SUKHJITS,-3.04,-12.65,-7.91,,,,0,0,0,0,,Basic Materials,Specialty Chemicals,17.0,331,5.14
06.10.2026 at 10:05 AM IST,DYNPRO,-6.09,-5.79,-0.07,,,,0,0,0,0,,Unknown,Unknown,14.0,76,18.42
06.10.2026 at 10:05 AM IST,SUVIDHAA,-12.81,-16.93,-27.49,,,,0,0,0,0,,Technology,Information Technology Services,16.0,159,10.06
06.10.2026 at 10:05 AM IST,DLINKINDIA,-8.33,-19.09,4.65,,,,0,0,0,10,Positive 6M return,Technology,Communication Equipment,14.0,159,8.81
06.10.2026 at 10:05 AM IST,DHRUV,-13.86,-21.09,-43.92,,,,0,0,0,0,,Industrials,Engineering & Construction,17.0,417,4.08
06.10.2026 at 10:05 AM IST,MADHAV,-3.53,-7.15,3.35,,,,0,0,0,10,Positive 6M return,Industrials,Building Products & Equipment,15.0,417,3.6
06.10.2026 at 10:05 AM IST,EXCELINDUS,-5.5,2.88,0.2,,,,0,0,0,20,"Positive 3M return, Positive 6M return",Basic Materials,Specialty Chemicals,12.0,331,3.63
06.10.2026 at 10:05 AM IST,ESABINDIA,-8.61,-1.64,4.51,,,,0,0,0,10,Positive 6M return,Industrials,Tools & Accessories,15.0,417,3.6
06.10.2026 at 10:05 AM IST,LFIC,-1.59,-5.08,3.37,,,,0,0,0,10,Positive 6M return,Financial Services,Asset Management,13.0,223,5.83
06.10.2026 at 10:05 AM IST,EUROBOND,-3.86,-14.23,-5.67,,,,0,0,0,0,,Industrials,Building Products & Equipment,17.0,417,4.08
06.10.2026 at 10:05 AM IST,FACT,-7.02,-11.92,-13.45,,,,0,0,0,0,,Basic Materials,Agricultural Inputs,17.0,331,5.14
06.10.2026 at 10:05 AM IST,FORCEMOT,-3.11,-5.08,-23.51,,,,0,0,0,0,,Consumer Cyclical,Auto Manufacturers,17.0,387,4.39
06.10.2026 at 10:05 AM IST,FOODSIN,-12.38,-14.35,-16.11,,,,0,0,0,0,,Consumer Defensive,Packaged Foods,17.0,144,11.81
06.10.2026 at 10:05 AM IST,KWIL,-6.94,17.29,59.37,,,,0,0,0,30,"Positive 3M return, Strong 6M absolute return",Consumer Defensive,Packaged Foods,9.0,144,6.25
06.10.2026 at 10:05 AM IST,LICI,-4.98,-11.91,-0.59,,,,0,0,0,0,,Financial Services,Insurance - Life,15.0,223,6.73
06.10.2026 at 10:05 AM IST,STYRENIX,-0.4,-6.73,5.27,,,,0,0,0,10,Positive 6M return,Unknown,Unknown,12.0,76,15.79
06.10.2026 at 10:05 AM IST,DENTA,-3.76,-18.9,2.62,,,,0,0,0,10,Positive 6M return,Industrials,Engineering & Construction,15.0,417,3.6
06.10.2026 at 10:05 AM IST,TARC,-0.81,-3.4,7.33,,,,0,0,0,10,Positive 6M return,Real Estate,Real Estate - Development,12.0,74,16.22
06.10.2026 at 10:05 AM IST,DEN,-7.37,-7.43,-1.93,,,,0,0,0,0,,Communication Services,Entertainment,13.0,63,20.63
06.10.2026 at 10:05 AM IST,TAJGVK,-4.91,-11.78,-6.18,,,,0,0,0,0,,Consumer Cyclical,Lodging,17.0,387,4.39
06.10.2026 at 10:05 AM IST,LT,-4.98,-4.97,-4.25,,,,0,0,0,0,,Industrials,Engineering & Construction,17.0,417,4.08
06.10.2026 at 10:05 AM IST,RAMAPHO,-2.97,-2.71,-7.36,,,,0,0,0,0,,Basic Materials,Agricultural Inputs,17.0,331,5.14
06.10.2026 at 10:05 AM IST,SWSOLAR,-8.2,-28.56,-5.34,,,,0,0,0,0,,Technology,Solar,16.0,159,10.06
06.10.2026 at 10:05 AM IST,LTM,-12.06,5.56,-11.23,,,,0,0,0,10,Positive 3M return,Technology,Information Technology Services,14.0,159,8.81
06.10.2026 at 10:05 AM IST,MADHUCON,-21.0,-35.81,-15.74,,,,0,0,0,0,,Industrials,Engineering & Construction,17.0,417,4.08
06.10.2026 at 10:05 AM IST,MAGNUM,-4.21,-6.19,-18.2,,,,0,0,0,0,,Basic Materials,Paper & Paper Products,17.0,331,5.14
06.10.2026 at 10:05 AM IST,MARATHON,-12.49,-3.43,-13.59,,,,0,0,0,0,,Real Estate,Real Estate - Development,14.0,74,18.92
06.10.2026 at 10:05 AM IST,MAPMYINDIA,-9.17,-18.54,-6.05,,,,0,0,0,0,,Technology,Software - Infrastructure,16.0,159,10.06
06.10.2026 at 10:05 AM IST,TATASTEEL,-2.91,-6.48,-11.58,,,,0,0,0,0,,Basic Materials,Steel,17.0,331,5.14
06.10.2026 at 10:05 AM IST,TATAINVEST,-0.19,-4.62,-0.17,,,,0,0,0,0,,Financial Services,Asset Management,15.0,223,6.73
06.10.2026 at 10:05 AM IST,RAJPALAYAM,-6.59,-9.23,,,,,0,0,0,0,,Consumer Cyclical,Textile Manufacturing,17.0,387,4.39
06.10.2026 at 10:05 AM IST,RAJMET,-2.54,-16.58,-24.75,,,,0,0,0,0,,Basic Materials,Copper,17.0,331,5.14
06.10.2026 at 10:05 AM IST,SKFINDIA,-6.18,-8.39,-8.07,,,,0,0,0,0,,Industrials,Tools & Accessories,17.0,417,4.08
06.10.2026 at 10:05 AM IST,GOYALALUM,-6.5,-13.74,-9.92,,,,0,0,0,0,,Basic Materials,Aluminum,17.0,331,5.14
06.10.2026 at 10:05 AM IST,KRITI,-3.71,-13.5,-25.96,,,,0,0,0,0,,Industrials,Building Products & Equipment,17.0,417,4.08
06.10.2026 at 10:05 AM IST,KOVAI,-1.75,-0.61,,,,,0,0,0,0,,Healthcare,Medical Care Facilities,15.0,147,10.2
06.10.2026 at 10:05 AM IST,KPITTECH,-11.46,-10.67,-29.31,,,,0,0,0,0,,Technology,Software - Application,16.0,159,10.06
06.10.2026 at 10:05 AM IST,REPL,-10.76,-12.57,-35.07,,,,0,0,0,0,,Industrials,Consulting Services,17.0,417,4.08
06.10.2026 at 10:05 AM IST,GMRAIRPORT,-4.54,-16.2,-1.59,,,,0,0,0,0,,Industrials,Airports & Air Services,17.0,417,4.08
06.10.2026 at 10:05 AM IST,GLOSTERLTD,-6.9,-13.37,-2.3,,,,0,0,0,0,,Consumer Cyclical,Textile Manufacturing,17.0,387,4.39
06.10.2026 at 10:05 AM IST,SOMATEX,-16.71,-27.48,-20.93,,,,0,0,0,0,,Consumer Cyclical,Textile Manufacturing,17.0,387,4.39
06.10.2026 at 10:05 AM IST,SOLEX,-7.2,-32.56,-43.36,,,,0,0,0,0,,Technology,Solar,16.0,159,10.06
06.10.2026 at 10:05 AM IST,GLOBALE,-9.57,-10.43,-5.42,,,,0,0,0,0,,Consumer Cyclical,Textile Manufacturing,17.0,387,4.39
06.10.2026 at 10:05 AM IST,SOLARWORLD,-14.47,-39.71,-30.6,,,,0,0,0,0,,Technology,Solar,16.0,159,10.06
06.10.2026 at 10:05 AM IST,GAUDIUMIVF,-9.22,-6.89,18.53,,,,0,0,0,10,Positive 6M return,Healthcare,Medical Care Facilities,13.0,147,8.84
06.10.2026 at 10:05 AM IST,FISCHER,-7.11,-14.58,-17.69,,,,0,0,0,0,,Healthcare,Medical Devices,15.0,147,10.2
06.10.2026 at 10:05 AM IST,SPIC,-9.2,-5.59,-3.47,,,,0,0,0,0,,Basic Materials,Agricultural Inputs,17.0,331,5.14
06.10.2026 at 10:05 AM IST,GEMAROMA,-5.35,-20.86,0.01,,,,0,0,0,10,Positive 6M return,Basic Materials,Chemicals,15.0,331,4.53
06.10.2026 at 10:05 AM IST,HCL-INSYS,0.0,-13.9,-17.69,,,,0,0,0,0,,Technology,Electronics & Computer Distribution,16.0,159,10.06
06.10.2026 at 10:05 AM IST,HCLTECH,-6.24,3.9,-13.76,,,,0,0,0,10,Positive 3M return,Technology,Information Technology Services,14.0,159,8.81
06.10.2026 at 10:05 AM IST,KIOCL,-14.15,-12.32,-6.71,,,,0,0,0,0,,Basic Materials,Steel,17.0,331,5.14
06.10.2026 at 10:05 AM IST,HEROMOTOCO,-4.31,5.18,-2.61,,,,0,0,0,10,Positive 3M return,Consumer Cyclical,Auto Manufacturers,15.0,387,3.88
06.10.2026 at 10:05 AM IST,HINDPETRO,-0.45,-8.11,3.96,,,,0,0,0,10,Positive 6M return,Energy,Oil & Gas Refining & Marketing,8.0,32,25.0
06.10.2026 at 10:05 AM IST,HLVLTD,-4.17,-17.2,-19.46,,,,0,0,0,0,,Consumer Cyclical,Lodging,17.0,387,4.39
06.10.2026 at 10:05 AM IST,JSWENERGY,-5.29,-9.9,-1.82,,,,0,0,0,0,,Utilities,Utilities - Independent Power Producers,9.0,38,23.68
06.10.2026 at 10:05 AM IST,JUBLFOOD,-5.57,6.5,6.84,,,,0,0,0,20,"Positive 3M return, Positive 6M return",Consumer Cyclical,Restaurants,12.0,387,3.1
06.10.2026 at 10:05 AM IST,KAYNES,-5.99,1.73,-12.5,,,,0,0,0,10,Positive 3M return,Technology,Electronic Components,14.0,159,8.81
06.10.2026 at 10:05 AM IST,HARRMALAYA,-9.3,-12.2,-7.15,,,,0,0,0,0,,Consumer Defensive,Farm Products,17.0,144,11.81
06.10.2026 at 10:05 AM IST,RPPINFRA,-6.07,-20.04,-31.02,,,,0,0,0,0,,Industrials,Engineering & Construction,17.0,417,4.08
06.10.2026 at 10:05 AM IST,ROSSARI,-5.84,-18.34,-3.6,,,,0,0,0,0,,Unknown,Unknown,14.0,76,18.42
06.10.2026 at 10:05 AM IST,KKCL,-9.47,-4.9,0.02,,,,0,0,0,10,Positive 6M return,Consumer Cyclical,Apparel Manufacturing,15.0,387,3.88
06.10.2026 at 10:05 AM IST,GSPCROP,-25.93,15.3,20.07,,,,0,0,0,20,"Positive 3M return, Positive 6M return",Basic Materials,Agricultural Inputs,12.0,331,3.63
06.10.2026 at 10:05 AM IST,GROBTEA,-8.16,0.38,4.35,,,,0,0,0,20,"Positive 3M return, Positive 6M return",Consumer Defensive,Farm Products,12.0,144,8.33
06.10.2026 at 10:05 AM IST,SINCLAIR,-7.86,2.5,1.27,,,,0,0,0,20,"Positive 3M return, Positive 6M return",Consumer Cyclical,Lodging,12.0,387,3.1
06.10.2026 at 10:05 AM IST,ICICIBANK,-4.71,-4.03,-0.47,,,,0,0,0,0,,Financial Services,Banks - Regional,15.0,223,6.73
06.10.2026 at 10:05 AM IST,SECURKLOUD,-8.1,-13.75,-24.13,,,,0,0,0,0,,Technology,Software - Application,16.0,159,10.06
06.10.2026 at 10:05 AM IST,SENCO,-11.57,-11.38,-0.72,,,,0,0,0,0,,Consumer Cyclical,Luxury Goods,17.0,387,4.39
06.10.2026 at 10:05 AM IST,SESHAPAPER,0.2,3.01,-7.95,,,,0,0,0,18,"Positive 1M return, Positive 3M return",Basic Materials,Paper & Paper Products,13.0,331,3.93
06.10.2026 at 10:05 AM IST,KALAMANDIR,-12.23,-22.82,-18.09,,,,0,0,0,0,,Consumer Cyclical,Apparel Retail,17.0,387,4.39
06.10.2026 at 10:05 AM IST,KAMOPAINTS,-9.05,-18.58,-13.26,,,,0,0,0,0,,Basic Materials,Steel,17.0,331,5.14
06.10.2026 at 10:05 AM IST,KANSAINER,-8.17,-12.59,-4.09,,,,0,0,0,0,,Basic Materials,Specialty Chemicals,17.0,331,5.14
06.10.2026 at 10:05 AM IST,SCODATUBES,-8.16,-14.03,-11.78,,,,0,0,0,0,,Basic Materials,Steel,17.0,331,5.14
06.10.2026 at 10:05 AM IST,JPPOWER,-8.37,-11.22,-12.05,,,,0,0,0,0,,Utilities,Utilities - Independent Power Producers,9.0,38,23.68
06.10.2026 at 10:05 AM IST,SAGARDEEP,-3.05,-6.19,-0.91,,,,0,0,0,0,,Basic Materials,Copper,17.0,331,5.14
06.10.2026 at 10:05 AM IST,JAYSREETEA,-10.76,1.04,0.92,,,,0,0,0,20,"Positive 3M return, Positive 6M return",Consumer Defensive,Farm Products,12.0,144,8.33
06.10.2026 at 10:05 AM IST,IGIL,-2.44,-5.85,-5.64,,,,0,0,0,0,,Basic Materials,Other Precious Metals & Mining,17.0,331,5.14
06.10.2026 at 10:05 AM IST,INDIANB,-5.13,-6.31,-13.79,,,,0,0,0,0,,Financial Services,Banks - Regional,15.0,223,6.73
06.10.2026 at 10:05 AM IST,INDOFARM,-2.55,-14.73,-8.07,,,,0,0,0,0,,Industrials,Farm & Heavy Construction Machinery,17.0,417,4.08
06.10.2026 at 10:05 AM IST,SAYAJIHOTL,0.07,-0.49,,,,,0,0,0,8,Positive 1M return,Consumer Cyclical,Lodging,16.0,387,4.13
06.10.2026 at 10:05 AM IST,IMPAL,-5.34,-11.32,6.59,,,,0,0,0,10,Positive 6M return,Consumer Cyclical,Auto Parts,15.0,387,3.88
06.10.2026 at 10:05 AM IST,INSECTICID,-5.22,-11.2,-6.45,,,,0,0,0,0,,Basic Materials,Agricultural Inputs,17.0,331,5.14
06.10.2026 at 10:05 AM IST,INVENTURE,-8.6,-5.56,-22.02,,,,0,0,0,0,,Financial Services,Capital Markets,15.0,223,6.73
06.10.2026 at 10:05 AM IST,IVALUE,-1.83,-20.75,-6.68,,,,0,0,0,0,,Technology,Information Technology Services,16.0,159,10.06
06.10.2026 at 10:05 AM IST,SAMHI,-4.22,-13.88,-4.71,,,,0,0,0,0,,Consumer Cyclical,Lodging,17.0,387,4.39
06.10.2026 at 10:05 AM IST,ZAGGLE,-4.8,-14.67,-31.76,,,,0,0,0,0,,Technology,Software - Infrastructure,16.0,159,10.06
06.10.2026 at 10:05 AM IST,YATRA,-11.3,-7.36,-1.72,,,,0,0,0,0,,Consumer Cyclical,Travel Services,17.0,387,4.39
06.10.2026 at 10:05 AM IST,XTGLOBAL,-8.75,3.26,-5.5,,,,0,0,0,10,Positive 3M return,Technology,Software - Application,14.0,159,8.81
06.10.2026 at 10:05 AM IST,JAIBALAJI,-9.97,-5.28,1.11,,,,0,0,0,10,Positive 6M return,Basic Materials,Steel,15.0,331,4.53
06.10.2026 at 10:05 AM IST,WONDERLA,-5.07,6.94,-6.9,,,,0,0,0,10,Positive 3M return,Consumer Cyclical,Leisure,15.0,387,3.88
06.10.2026 at 10:05 AM IST,ADVENZYMES,-7.29,-15.64,-7.03,,,,0,0,0,0,,Basic Materials,Specialty Chemicals,17.0,331,5.14
06.10.2026 at 10:05 AM IST,ADVAIT,-11.97,-9.29,4.68,,,,0,0,0,10,Positive 6M return,Industrials,Specialty Industrial Machinery,15.0,417,3.6
06.10.2026 at 10:05 AM IST,ADVENTHTL,-8.23,-12.12,-18.85,,,,0,0,0,0,,Consumer Cyclical,Lodging,17.0,387,4.39
06.10.2026 at 10:05 AM IST,ORIENTALTL,-3.39,-14.61,-33.29,,,,0,0,0,0,,Industrials,Building Products & Equipment,17.0,417,4.08
06.10.2026 at 10:05 AM IST,ORCHASP,-10.79,-31.49,-38.61,,,,0,0,0,0,,Technology,Software - Application,16.0,159,10.06
06.10.2026 at 10:05 AM IST,OSWALPUMPS,-2.53,-34.72,-27.5,,,,0,0,0,0,,Industrials,Electrical Equipment & Parts,17.0,417,4.08
06.10.2026 at 10:05 AM IST,ZENITHSTL,-12.37,-4.26,-0.39,,,,0,0,0,0,,Basic Materials,Steel,17.0,331,5.14
06.10.2026 at 10:05 AM IST,APOLSINHOT,-5.11,-6.42,11.94,,,,0,0,0,10,Positive 6M return,Industrials,Specialty Business Services,15.0,417,3.6
06.10.2026 at 10:05 AM IST,NIRAJ,-1.46,-3.71,2.24,,,,0,0,0,10,Positive 6M return,Industrials,Engineering & Construction,15.0,417,3.6
06.10.2026 at 10:05 AM IST,NKIND,2.63,-2.28,-7.59,,,,0,0,0,8,Positive 1M return,Consumer Defensive,Household & Personal Products,16.0,144,11.11
06.10.2026 at 10:05 AM IST,LEMERITE,-4.44,-10.27,-77.73,,,,0,0,0,0,,Consumer Cyclical,Textile Manufacturing,17.0,387,4.39
06.10.2026 at 10:05 AM IST,SIYSIL,0.71,-8.24,7.54,,,,0,0,0,18,"Positive 1M return, Positive 6M return",Consumer Cyclical,Textile Manufacturing,13.0,387,3.36
06.10.2026 at 10:05 AM IST,BSE,-3.86,-14.39,-0.97,,,,0,0,0,0,,Financial Services,Financial Data & Stock Exchanges,15.0,223,6.73
06.10.2026 at 10:05 AM IST,BLUECOAST,-4.84,-23.87,4.16,,,,0,0,0,10,Positive 6M return,Consumer Cyclical,Lodging,15.0,387,3.88
06.10.2026 at 10:05 AM IST,BOHRAIND,10.77,-8.74,-21.2,,,,0,0,0,15,Strong 1M absolute return,Basic Materials,Agricultural Inputs,14.0,331,4.23
06.10.2026 at 10:05 AM IST,SHILCTECH,-2.91,-8.54,-11.23,,,,0,0,0,0,,Industrials,Electrical Equipment & Parts,17.0,417,4.08
06.10.2026 at 10:05 AM IST,LATTEYS,-0.29,1.65,7.06,,,,0,0,0,20,"Positive 3M return, Positive 6M return",Industrials,Specialty Industrial Machinery,12.0,417,2.88
06.10.2026 at 10:05 AM IST,GLFL,-6.9,-9.24,31.71,,,,0,0,0,20,Strong 6M absolute return,Financial Services,Shell Companies,11.0,223,4.93
06.10.2026 at 10:05 AM IST,BALKRISHNA,-4.75,-8.47,-0.6,,,,0,0,0,0,,Consumer Cyclical,Packaging & Containers,17.0,387,4.39
06.10.2026 at 10:05 AM IST,VISACHROME,-10.51,-12.25,7.15,,,,0,0,0,10,Positive 6M return,Basic Materials,Steel,15.0,331,4.53
06.10.2026 at 10:05 AM IST,VINYLINDIA,-5.4,-16.8,6.33,,,,0,0,0,10,Positive 6M return,Basic Materials,Specialty Chemicals,15.0,331,4.53
06.10.2026 at 10:05 AM IST,AMJLAND,-4.38,1.46,-8.79,,,,0,0,0,10,Positive 3M return,Real Estate,Real Estate - Development,12.0,74,16.22
06.10.2026 at 10:05 AM IST,JUBLINGREA,-5.12,-4.87,1.38,,,,0,0,0,10,Positive 6M return,Basic Materials,Specialty Chemicals,15.0,331,4.53
06.10.2026 at 10:05 AM IST,INDTERRAIN,-3.06,-7.26,-8.53,,,,0,0,0,0,,Consumer Cyclical,Apparel Retail,17.0,387,4.39
06.10.2026 at 10:05 AM IST,PASHUPATI,-8.97,-15.41,-25.23,,,,0,0,0,0,,Consumer Cyclical,Textile Manufacturing,17.0,387,4.39
06.10.2026 at 10:05 AM IST,BANCOINDIA,-3.59,-11.16,2.6,,,,0,0,0,10,Positive 6M return,Consumer Cyclical,Auto Parts,15.0,387,3.88
06.10.2026 at 10:05 AM IST,SHK,-6.22,9.68,3.45,,,,0,0,0,20,"Positive 3M return, Positive 6M return",Basic Materials,Specialty Chemicals,12.0,331,3.63
06.10.2026 at 10:05 AM IST,TURTLEMINT,-51.69,-46.06,,,,,0,0,0,0,,Financial Services,Insurance Brokers,15.0,223,6.73
06.10.2026 at 10:05 AM IST,KCP,-6.59,-5.84,2.85,,,,0,0,0,10,Positive 6M return,Basic Materials,Building Materials,15.0,331,4.53
06.10.2026 at 10:05 AM IST,GSS,-6.89,-17.18,-21.6,,,,0,0,0,0,,Technology,Information Technology Services,16.0,159,10.06
06.10.2026 at 10:05 AM IST,GOODYEAR,-7.2,-7.59,,,,,0,0,0,0,,Unknown,Unknown,14.0,76,18.42
06.10.2026 at 10:05 AM IST,PRAXIS,-3.44,-41.91,-36.04,,,,0,0,0,0,,Consumer Cyclical,Specialty Retail,17.0,387,4.39
06.10.2026 at 10:05 AM IST,VLEGOV,-7.44,-7.62,-22.83,,,,0,0,0,0,,Technology,Information Technology Services,16.0,159,10.06
06.10.2026 at 10:05 AM IST,ATLASCYCLE,-3.5,-2.8,7.0,,,,0,0,0,10,Positive 6M return,Consumer Cyclical,Leisure,15.0,387,3.88
06.10.2026 at 10:05 AM IST,AVANTEL,-3.69,-16.38,0.11,,,,0,0,0,10,Positive 6M return,Technology,Communication Equipment,14.0,159,8.81
06.10.2026 at 10:05 AM IST,IFBAGRO,-1.28,-7.2,-0.03,,,,0,0,0,0,,Consumer Defensive,Beverages - Wineries & Distilleries,17.0,144,11.81
06.10.2026 at 10:05 AM IST,KHANDSE,-4.56,-5.79,20.14,,,,0,0,0,10,Positive 6M return,Financial Services,Capital Markets,13.0,223,5.83
06.10.2026 at 10:05 AM IST,SBGLP,-3.57,-6.2,-12.02,,,,0,0,0,0,,Real Estate,Real Estate - Development,14.0,74,18.92
06.10.2026 at 10:05 AM IST,CPEDU,-5.14,-10.61,-1.25,,,,0,0,0,0,,Consumer Defensive,Education & Training Services,17.0,144,11.81
06.10.2026 at 10:05 AM IST,QUICKHEAL,-8.49,-16.32,-14.01,,,,0,0,0,0,,Technology,Software - Application,16.0,159,10.06
06.10.2026 at 10:05 AM IST,CARRARO,-1.75,1.22,8.72,,,,0,0,0,20,"Positive 3M return, Positive 6M return",Unknown,Unknown,10.0,76,13.16
06.10.2026 at 10:05 AM IST,KSB,-1.06,-13.22,-5.98,,,,0,0,0,0,,Industrials,Specialty Industrial Machinery,17.0,417,4.08
06.10.2026 at 10:05 AM IST,KEEPLEARN,-3.66,0.55,-6.12,,,,0,0,0,10,Positive 3M return,Consumer Defensive,Education & Training Services,15.0,144,10.42
06.10.2026 at 10:05 AM IST,SHIVAMAUTO,-5.56,-14.41,-1.87,,,,0,0,0,0,,Consumer Cyclical,Auto Parts,17.0,387,4.39
06.10.2026 at 10:05 AM IST,MASTEK,-2.28,-2.97,3.77,,,,0,0,0,10,Positive 6M return,Technology,Information Technology Services,14.0,159,8.81
06.10.2026 at 10:05 AM IST,GANGAFORGE,-8.59,-30.05,-45.02,,,,0,0,0,0,,Industrials,Metal Fabrication,17.0,417,4.08
06.10.2026 at 10:05 AM IST,FSL,-2.23,8.98,18.01,,,,0,0,0,20,"Positive 3M return, Positive 6M return",Technology,Information Technology Services,12.0,159,7.55
06.10.2026 at 10:05 AM IST,RITES,-2.11,-7.46,2.2,,,,0,0,0,10,Positive 6M return,Industrials,Engineering & Construction,15.0,417,3.6
06.10.2026 at 10:05 AM IST,MASKINVEST,-1.77,-7.48,11.17,,,,0,0,0,10,Positive 6M return,Financial Services,Capital Markets,13.0,223,5.83
06.10.2026 at 10:05 AM IST,DCW,-0.8,-2.83,6.39,,,,0,0,0,10,Positive 6M return,Basic Materials,Chemicals,15.0,331,4.53
06.10.2026 at 10:05 AM IST,ACEINTEG,-0.75,-20.39,-2.67,,,,0,0,0,0,,Industrials,Staffing & Employment Services,17.0,417,4.08
06.10.2026 at 10:05 AM IST,DREAMFOLKS,-5.25,-11.39,-19.68,,,,0,0,0,0,,Industrials,Airports & Air Services,17.0,417,4.08
06.10.2026 at 10:05 AM IST,LOVABLE,-2.09,-7.38,1.04,,,,0,0,0,10,Positive 6M return,Consumer Cyclical,Apparel Manufacturing,15.0,387,3.88
06.10.2026 at 10:05 AM IST,SURYODAY,-3.3,-15.6,7.29,,,,0,0,0,10,Positive 6M return,Financial Services,Banks - Regional,13.0,223,5.83
06.10.2026 at 10:05 AM IST,KUANTUM,-1.69,4.62,-5.51,,,,0,0,0,10,Positive 3M return,Basic Materials,Paper & Paper Products,15.0,331,4.53
06.10.2026 at 10:05 AM IST,TARIL,-5.11,-18.21,-3.19,,,,0,0,0,0,,Industrials,Electrical Equipment & Parts,17.0,417,4.08
06.10.2026 at 10:05 AM IST,DCMSRIND,-10.8,-4.78,8.28,,,,0,0,0,10,Positive 6M return,Consumer Defensive,Confectioners,15.0,144,10.42
06.10.2026 at 10:05 AM IST,VIYASH,-11.97,-16.99,12.35,,,,0,0,0,10,Positive 6M return,Healthcare,Drug Manufacturers - Specialty & Generic,13.0,147,8.84
06.10.2026 at 10:05 AM IST,INDUSINDBK,-10.32,-11.92,9.43,,,,0,0,0,10,Positive 6M return,Unknown,Unknown,12.0,76,15.79
06.10.2026 at 10:05 AM IST,INSPIRISYS,-11.21,-21.3,5.18,,,,0,0,0,10,Positive 6M return,Technology,Information Technology Services,14.0,159,8.81
06.10.2026 at 10:05 AM IST,INDOWIND,-4.64,-8.29,4.1,,,,0,0,0,10,Positive 6M return,Utilities,Utilities - Renewable,7.0,38,18.42
06.10.2026 at 10:05 AM IST,SANDESH,-5.2,2.06,6.85,,,,0,0,0,20,"Positive 3M return, Positive 6M return",Communication Services,Publishing,9.0,63,14.29
06.10.2026 at 10:05 AM IST,SALONA,-2.86,-0.04,-7.34,,,,0,0,0,0,,Consumer Cyclical,Textile Manufacturing,17.0,387,4.39
06.10.2026 at 10:05 AM IST,PILITA,-6.29,-17.13,5.23,,,,0,0,0,10,Positive 6M return,Consumer Cyclical,"Furnishings, Fixtures & Appliances",15.0,387,3.88
06.10.2026 at 10:05 AM IST,APTUS,-12.34,-20.63,0.56,,,,0,0,0,10,Positive 6M return,Financial Services,Mortgage Finance,13.0,223,5.83
06.10.2026 at 10:05 AM IST,SAATVIKGL,-5.3,-4.31,-4.41,,,,0,0,0,0,,Technology,Solar,16.0,159,10.06
06.10.2026 at 10:05 AM IST,INDIANHUME,-13.82,-1.7,1.15,,,,0,0,0,10,Positive 6M return,Industrials,Engineering & Construction,15.0,417,3.6
06.10.2026 at 10:05 AM IST,INDIANCARD,-13.84,-17.6,5.17,,,,0,0,0,10,Positive 6M return,Consumer Cyclical,Textile Manufacturing,15.0,387,3.88
06.10.2026 at 10:05 AM IST,AIRAN,4.73,-1.34,-0.83,,,,0,0,0,8,Positive 1M return,Technology,Information Technology Services,15.0,159,9.43
06.10.2026 at 10:05 AM IST,AMBER,-10.58,-9.98,-2.98,,,,0,0,0,0,,Consumer Cyclical,"Furnishings, Fixtures & Appliances",17.0,387,4.39
06.10.2026 at 10:05 AM IST,ZUARI,-6.0,-9.28,-1.49,,,,0,0,0,0,,Basic Materials,Agricultural Inputs,17.0,331,5.14
06.10.2026 at 10:05 AM IST,AAVAS,-7.48,-19.55,-1.14,,,,0,0,0,0,,Financial Services,Mortgage Finance,15.0,223,6.73
06.10.2026 at 10:05 AM IST,AFFLE,-10.2,-2.38,1.77,,,,0,0,0,10,Positive 6M return,Communication Services,Advertising Agencies,11.0,63,17.46
06.10.2026 at 10:05 AM IST,BAJFINANCE,-8.16,-5.14,8.35,,,,0,0,0,10,Positive 6M return,Financial Services,Credit Services,13.0,223,5.83
06.10.2026 at 10:05 AM IST,BAJEL,-10.47,-11.45,2.57,,,,0,0,0,10,Positive 6M return,Utilities,Utilities - Regulated Electric,7.0,38,18.42
06.10.2026 at 10:05 AM IST,JBMA,-11.3,-16.09,-8.27,,,,0,0,0,0,,Consumer Cyclical,Auto Parts,17.0,387,4.39
06.10.2026 at 10:05 AM IST,RUCHINFRA,-15.12,-15.99,-24.35,,,,0,0,0,0,,Industrials,Specialty Business Services,17.0,417,4.08
06.10.2026 at 10:05 AM IST,JYOTISTRUC,-11.98,-22.02,-23.64,,,,0,0,0,0,,Industrials,Specialty Industrial Machinery,17.0,417,4.08
06.10.2026 at 10:05 AM IST,KICL,-9.24,-11.75,4.83,,,,0,0,0,10,Positive 6M return,Financial Services,Asset Management,13.0,223,5.83
06.10.2026 at 10:05 AM IST,HINDALCO,-6.33,-2.31,-2.88,,,,0,0,0,0,,Basic Materials,Aluminum,17.0,331,5.14
06.10.2026 at 10:05 AM IST,SERVOTECH,-8.84,-27.14,-11.42,,,,0,0,0,0,,Industrials,Electrical Equipment & Parts,17.0,417,4.08
06.10.2026 at 10:05 AM IST,UNOMINDA,-10.71,-1.41,5.98,,,,0,0,0,10,Positive 6M return,Consumer Cyclical,Auto Parts,15.0,387,3.88
06.10.2026 at 10:05 AM IST,SEMAC,-13.78,-26.45,-9.76,,,,0,0,0,0,,Industrials,Engineering & Construction,17.0,417,4.08
06.10.2026 at 10:05 AM IST,HYUNDAI,-9.55,2.12,16.08,,,,0,0,0,20,"Positive 3M return, Positive 6M return",Consumer Cyclical,Auto Manufacturers,12.0,387,3.1
06.10.2026 at 10:05 AM IST,HTMEDIA,-15.14,-12.87,0.94,,,,0,0,0,10,Positive 6M return,Communication Services,Publishing,11.0,63,17.46
06.10.2026 at 10:05 AM IST,AVANTIFEED,-14.35,-21.58,-48.82,,,,0,0,0,0,,Consumer Defensive,Packaged Foods,17.0,144,11.81
06.10.2026 at 10:05 AM IST,NBIFIN,-6.13,-2.06,2.83,,,,0,0,0,10,Positive 6M return,Financial Services,Capital Markets,13.0,223,5.83
06.10.2026 at 10:05 AM IST,AXITA,-4.52,3.21,-16.33,,,,0,0,0,10,Positive 3M return,Consumer Cyclical,Textile Manufacturing,15.0,387,3.88
06.10.2026 at 10:05 AM IST,VAIBHAVGBL,-7.16,-20.92,-3.35,,,,0,0,0,0,,Consumer Cyclical,Luxury Goods,17.0,387,4.39
06.10.2026 at 10:05 AM IST,ATGL,-3.89,-15.77,7.06,,,,0,0,0,10,Positive 6M return,Utilities,Utilities - Regulated Gas,7.0,38,18.42
06.10.2026 at 10:05 AM IST,INFOBEAN,-8.56,-3.6,-5.33,,,,0,0,0,0,,Technology,Software - Application,16.0,159,10.06
06.10.2026 at 10:05 AM IST,SBIN,-5.11,-7.67,-8.44,,,,0,0,0,0,,Financial Services,Banks - Regional,15.0,223,6.73
06.10.2026 at 10:05 AM IST,NATHBIOGEN,-7.99,-16.43,-1.96,,,,0,0,0,0,,Basic Materials,Agricultural Inputs,17.0,331,5.14
06.10.2026 at 10:05 AM IST,NDTV,-9.37,-13.76,-11.33,,,,0,0,0,0,,Communication Services,Broadcasting,13.0,63,20.63
06.10.2026 at 10:05 AM IST,ASAL,-9.25,-13.11,-2.62,,,,0,0,0,0,,Consumer Cyclical,Auto Parts,17.0,387,4.39
06.10.2026 at 10:05 AM IST,ARVSMART,-8.65,-1.74,0.19,,,,0,0,0,10,Positive 6M return,Real Estate,Real Estate - Development,12.0,74,16.22
06.10.2026 at 10:05 AM IST,VERTOZ,-10.15,-11.77,-8.84,,,,0,0,0,0,,Unknown,Unknown,14.0,76,18.42
06.10.2026 at 10:05 AM IST,NEWGEN,-10.74,-10.3,4.22,,,,0,0,0,10,Positive 6M return,Technology,Software - Infrastructure,14.0,159,8.81
06.10.2026 at 10:05 AM IST,JITFINFRA,-11.41,-7.84,-15.73,,,,0,0,0,0,,Industrials,Engineering & Construction,17.0,417,4.08
06.10.2026 at 10:05 AM IST,IITL,-11.17,-2.78,-6.72,,,,0,0,0,0,,Financial Services,Credit Services,15.0,223,6.73
06.10.2026 at 10:05 AM IST,SADBHAV,-15.95,-17.07,-26.34,,,,0,0,0,0,,Industrials,Engineering & Construction,17.0,417,4.08
06.10.2026 at 10:05 AM IST,ASIANPAINT,-4.75,-11.73,1.36,,,,0,0,0,10,Positive 6M return,Unknown,Unknown,12.0,76,15.79
06.10.2026 at 10:05 AM IST,YESBANK,-7.02,-12.53,10.91,,,,0,0,0,10,Positive 6M return,Financial Services,Banks - Regional,13.0,223,5.83
06.10.2026 at 10:05 AM IST,SAGILITY,-6.02,1.22,2.57,,,,0,0,0,20,"Positive 3M return, Positive 6M return",Healthcare,Health Information Services,10.0,147,6.8
06.10.2026 at 10:05 AM IST,NOIDATOLL,-15.69,-24.69,5.57,,,,0,0,0,10,Positive 6M return,Industrials,Infrastructure Operations,15.0,417,3.6
06.10.2026 at 10:05 AM IST,ALPA,-6.1,-13.05,-14.25,,,,0,0,0,0,,Healthcare,Drug Manufacturers - Specialty & Generic,15.0,147,10.2
06.10.2026 at 10:05 AM IST,NIPPOBATRY,-1.52,-8.63,3.22,,,,0,0,0,10,Positive 6M return,Industrials,Electrical Equipment & Parts,15.0,417,3.6
06.10.2026 at 10:05 AM IST,AIAENG,-8.59,-17.9,5.95,,,,0,0,0,10,Positive 6M return,Industrials,Specialty Industrial Machinery,15.0,417,3.6
06.10.2026 at 10:05 AM IST,ROSSELLIND,-11.55,-9.79,4.43,,,,0,0,0,10,Positive 6M return,Industrials,Conglomerates,15.0,417,3.6
06.10.2026 at 10:05 AM IST,SHREDIGCEM,-11.01,-10.77,-6.01,,,,0,0,0,0,,Basic Materials,Building Materials,17.0,331,5.14
06.10.2026 at 10:05 AM IST,HARIOMPIPE,-7.7,-13.81,20.82,,,,0,0,0,10,Positive 6M return,Basic Materials,Steel,15.0,331,4.53
06.10.2026 at 10:05 AM IST,SHRADHA,-8.48,-9.87,-17.13,,,,0,0,0,0,,Real Estate,Real Estate - Development,14.0,74,18.92
06.10.2026 at 10:05 AM IST,UNITECH,-3.92,-15.7,-19.51,,,,0,0,0,0,,Real Estate,Real Estate - Diversified,14.0,74,18.92
06.10.2026 at 10:05 AM IST,BANDHANBNK,-1.73,-19.01,2.01,,,,0,0,0,10,Positive 6M return,Financial Services,Banks - Regional,13.0,223,5.83
06.10.2026 at 10:05 AM IST,HECPROJECT,-4.82,-12.96,5.33,,,,0,0,0,10,Positive 6M return,Unknown,Unknown,12.0,76,15.79
06.10.2026 at 10:05 AM IST,BANSWRAS,-10.29,-13.05,-2.48,,,,0,0,0,0,,Consumer Cyclical,Textile Manufacturing,17.0,387,4.39
06.10.2026 at 10:05 AM IST,UNIONBANK,-7.54,2.97,-5.57,,,,0,0,0,10,Positive 3M return,Financial Services,Banks - Regional,13.0,223,5.83
06.10.2026 at 10:05 AM IST,HONAUT,-4.38,-11.34,24.25,,,,0,0,0,10,Positive 6M return,Industrials,Electrical Equipment & Parts,15.0,417,3.6
06.10.2026 at 10:05 AM IST,KEI,-1.76,-10.39,3.5,,,,0,0,0,10,Positive 6M return,Industrials,Electrical Equipment & Parts,15.0,417,3.6
06.10.2026 at 10:05 AM IST,MODIRUBBER,-10.04,-9.26,4.07,,,,0,0,0,10,Positive 6M return,Real Estate,Real Estate Services,12.0,74,16.22
06.10.2026 at 10:05 AM IST,MSPL,-8.33,-18.14,-8.22,,,,0,0,0,0,,Basic Materials,Steel,17.0,331,5.14
06.10.2026 at 10:05 AM IST,TTKPRESTIG,-8.29,-14.77,10.81,,,,0,0,0,10,Positive 6M return,Consumer Cyclical,"Furnishings, Fixtures & Appliances",15.0,387,3.88
06.10.2026 at 10:05 AM IST,TRITURBINE,-9.58,-14.56,15.15,,,,0,0,0,10,Positive 6M return,Industrials,Specialty Industrial Machinery,15.0,417,3.6
06.10.2026 at 10:05 AM IST,RUSHIL,-1.44,0.25,5.83,,,,0,0,0,20,"Positive 3M return, Positive 6M return",Consumer Cyclical,"Furnishings, Fixtures & Appliances",12.0,387,3.1
06.10.2026 at 10:05 AM IST,BCLIND,-13.01,-4.59,-0.42,,,,0,0,0,0,,Consumer Defensive,Beverages - Wineries & Distilleries,17.0,144,11.81
06.10.2026 at 10:05 AM IST,BALMLAWRIE,-8.16,-6.43,-2.27,,,,0,0,0,0,,Industrials,Conglomerates,17.0,417,4.08
06.10.2026 at 10:05 AM IST,UMESLTD,-6.35,-20.66,-32.79,,,,0,0,0,0,,Consumer Defensive,Education & Training Services,17.0,144,11.81
06.10.2026 at 10:05 AM IST,NAGREEKEXP,0.66,-14.24,-0.05,,,,0,0,0,8,Positive 1M return,Consumer Cyclical,Textile Manufacturing,16.0,387,4.13
06.10.2026 at 10:05 AM IST,MUTHOOTCAP,-11.38,-0.83,13.6,,,,0,0,0,10,Positive 6M return,Financial Services,Credit Services,13.0,223,5.83
06.10.2026 at 10:05 AM IST,HOMEFIRST,-11.41,-10.36,1.17,,,,0,0,0,10,Positive 6M return,Financial Services,Mortgage Finance,13.0,223,5.83
06.10.2026 at 10:05 AM IST,SHAH,-12.61,-36.46,-38.38,,,,0,0,0,0,,Basic Materials,Steel,17.0,331,5.14
06.10.2026 at 10:05 AM IST,SHANTI,-14.42,-19.52,-22.97,,,,0,0,0,0,,Consumer Defensive,Farm Products,17.0,144,11.81
06.10.2026 at 10:05 AM IST,HEXT,-5.11,-10.52,5.98,,,,0,0,0,10,Positive 6M return,Technology,Information Technology Services,14.0,159,8.81
06.10.2026 at 10:05 AM IST,PNBGILTS,-10.82,-13.69,7.39,,,,0,0,0,10,Positive 6M return,Financial Services,Capital Markets,13.0,223,5.83
06.10.2026 at 10:05 AM IST,POLYCAB,-2.7,-11.54,8.45,,,,0,0,0,10,Positive 6M return,Industrials,Electrical Equipment & Parts,15.0,417,3.6
06.10.2026 at 10:05 AM IST,HINDZINC,-5.35,4.97,2.03,,,,0,0,0,20,"Positive 3M return, Positive 6M return",Basic Materials,Other Industrial Metals & Mining,12.0,331,3.63
06.10.2026 at 10:05 AM IST,NAHARCAP,-8.9,-4.67,6.16,,,,0,0,0,10,Positive 6M return,Financial Services,Capital Markets,13.0,223,5.83
06.10.2026 at 10:05 AM IST,CCL,-7.44,-13.56,-4.19,,,,0,0,0,0,,Consumer Defensive,Packaged Foods,17.0,144,11.81
06.10.2026 at 10:05 AM IST,MANORG,-10.86,-17.83,1.11,,,,0,0,0,10,Positive 6M return,Basic Materials,Specialty Chemicals,15.0,331,4.53
06.10.2026 at 10:05 AM IST,MANGALAM,-1.43,9.88,-7.44,,,,0,0,0,10,Positive 3M return,Healthcare,Drug Manufacturers - Specialty & Generic,13.0,147,8.84
06.10.2026 at 10:05 AM IST,PRINCEPIPE,-11.63,-4.33,3.76,,,,0,0,0,10,Positive 6M return,Industrials,Building Products & Equipment,15.0,417,3.6
06.10.2026 at 10:05 AM IST,MCL,-6.35,-2.14,-16.09,,,,0,0,0,0,,Basic Materials,Copper,17.0,331,5.14
06.10.2026 at 10:05 AM IST,PRUDMOULI,-17.12,-5.41,-15.06,,,,0,0,0,0,,Consumer Defensive,Confectioners,17.0,144,11.81
06.10.2026 at 10:05 AM IST,GOKEX,-13.55,-15.63,4.47,,,,0,0,0,10,Positive 6M return,Consumer Cyclical,Apparel Manufacturing,15.0,387,3.88
06.10.2026 at 10:05 AM IST,GOKUL,-8.06,-6.68,-1.58,,,,0,0,0,0,,Consumer Defensive,Packaged Foods,17.0,144,11.81
06.10.2026 at 10:05 AM IST,SIGMA,-4.64,15.99,6.02,,,,0,0,0,20,"Positive 3M return, Positive 6M return",Technology,Information Technology Services,12.0,159,7.55
06.10.2026 at 10:05 AM IST,SHRIRAMPPS,-11.76,-21.95,-11.31,,,,0,0,0,0,,Real Estate,Real Estate - Development,14.0,74,18.92
06.10.2026 at 10:05 AM IST,BSL,-3.4,-8.71,7.41,,,,0,0,0,10,Positive 6M return,Consumer Cyclical,Textile Manufacturing,15.0,387,3.88
06.10.2026 at 10:05 AM IST,GRAVITA,-11.32,-19.56,-4.11,,,,0,0,0,0,,Industrials,Metal Fabrication,17.0,417,4.08
06.10.2026 at 10:05 AM IST,BOMDYEING,-9.91,-19.15,-4.28,,,,0,0,0,0,,Consumer Cyclical,Textile Manufacturing,17.0,387,4.39
06.10.2026 at 10:05 AM IST,BORORENEW,-9.89,-24.35,-0.09,,,,0,0,0,0,,Technology,Solar,16.0,159,10.06
06.10.2026 at 10:05 AM IST,BOROSCI,-12.47,-28.26,-0.14,,,,0,0,0,0,,Consumer Cyclical,Packaging & Containers,17.0,387,4.39
06.10.2026 at 10:05 AM IST,BPL,-8.38,-15.19,-4.88,,,,0,0,0,0,,Technology,Consumer Electronics,16.0,159,10.06
06.10.2026 at 10:05 AM IST,SINDHUTRAD,-6.93,-15.44,0.77,,,,0,0,0,10,Positive 6M return,Industrials,Conglomerates,15.0,417,3.6
06.10.2026 at 10:05 AM IST,GENUSPAPER,-16.32,-10.87,-8.04,,,,0,0,0,0,,Basic Materials,Paper & Paper Products,17.0,331,5.14
06.10.2026 at 10:05 AM IST,SONATSOFTW,-7.68,-9.71,6.39,,,,0,0,0,10,Positive 6M return,Technology,Information Technology Services,14.0,159,8.81
06.10.2026 at 10:05 AM IST,SNOWMAN,-7.71,-5.37,-7.28,,,,0,0,0,0,,Industrials,Integrated Freight & Logistics,17.0,417,4.08
06.10.2026 at 10:05 AM IST,GOCOLORS,-6.61,-7.99,7.81,,,,0,0,0,10,Positive 6M return,Consumer Cyclical,Apparel Retail,15.0,387,3.88
06.10.2026 at 10:05 AM IST,MAHAPEXLTD,-5.18,14.07,4.62,,,,0,0,0,20,"Positive 3M return, Positive 6M return",Financial Services,Credit Services,11.0,223,4.93
06.10.2026 at 10:05 AM IST,TATACOMM,-4.72,-11.29,14.78,,,,0,0,0,10,Positive 6M return,Communication Services,Telecom Services,11.0,63,17.46
06.10.2026 at 10:05 AM IST,CUMMINSIND,-3.71,-12.96,-1.97,,,,0,0,0,0,,Industrials,Specialty Industrial Machinery,17.0,417,4.08
06.10.2026 at 10:05 AM IST,DIAMONDYD,-8.32,-13.21,9.32,,,,0,0,0,10,Positive 6M return,Consumer Defensive,Packaged Foods,15.0,144,10.42
06.10.2026 at 10:05 AM IST,DCAL,-11.81,-19.6,-5.07,,,,0,0,0,0,,Healthcare,Biotechnology,15.0,147,10.2
06.10.2026 at 10:05 AM IST,GLOBECIVIL,-15.17,-2.95,0.8,,,,0,0,0,10,Positive 6M return,Industrials,Engineering & Construction,15.0,417,3.6
06.10.2026 at 10:05 AM IST,MEIL,-8.18,-14.92,5.75,,,,0,0,0,10,Positive 6M return,Industrials,Electrical Equipment & Parts,15.0,417,3.6
06.10.2026 at 10:05 AM IST,MEGASTAR,-10.74,-28.61,-5.6,,,,0,0,0,0,,Consumer Defensive,Packaged Foods,17.0,144,11.81
06.10.2026 at 10:05 AM IST,CIPLA,-4.03,-7.73,10.7,,,,0,0,0,10,Positive 6M return,Healthcare,Drug Manufacturers - Specialty & Generic,13.0,147,8.84
06.10.2026 at 10:05 AM IST,CREST,-0.22,-1.42,4.8,,,,0,0,0,10,Positive 6M return,Financial Services,Financial Conglomerates,13.0,223,5.83
06.10.2026 at 10:05 AM IST,CHOICEIN,-3.48,-4.51,8.47,,,,0,0,0,10,Positive 6M return,Financial Services,Capital Markets,13.0,223,5.83
06.10.2026 at 10:05 AM IST,DEEPAKNTR,-6.78,-6.14,5.56,,,,0,0,0,10,Positive 6M return,Basic Materials,Chemicals,15.0,331,4.53
06.10.2026 at 10:05 AM IST,FUSION,-16.09,-22.6,9.53,,,,0,0,0,10,Positive 6M return,Financial Services,Credit Services,13.0,223,5.83
06.10.2026 at 10:05 AM IST,SRM,-12.4,-14.62,-5.95,,,,0,0,0,0,,Industrials,Engineering & Construction,17.0,417,4.08
06.10.2026 at 10:05 AM IST,FMNL,-15.38,-22.18,0.25,,,,0,0,0,10,Positive 6M return,Real Estate,Real Estate Services,12.0,74,16.22
06.10.2026 at 10:05 AM IST,SPANDANA,-8.75,-24.42,3.2,,,,0,0,0,10,Positive 6M return,Financial Services,Credit Services,13.0,223,5.83
06.10.2026 at 10:05 AM IST,MAHLIFE,-3.34,-2.44,3.58,,,,0,0,0,10,Positive 6M return,Real Estate,Real Estate - Development,12.0,74,16.22
06.10.2026 at 10:05 AM IST,MAITHANALL,-15.6,-7.3,-0.47,,,,0,0,0,0,,Basic Materials,Steel,17.0,331,5.14
06.10.2026 at 10:05 AM IST,RELIGARE,-12.85,-15.8,0.62,,,,0,0,0,10,Positive 6M return,Financial Services,Insurance - Life,13.0,223,5.83
06.10.2026 at 10:05 AM IST,LAGNAM,-3.23,-10.0,14.3,,,,0,0,0,10,Positive 6M return,Consumer Cyclical,Textile Manufacturing,15.0,387,3.88
06.10.2026 at 10:05 AM IST,RELTD,-9.84,-21.62,5.67,,,,0,0,0,10,Positive 6M return,Technology,Solar,14.0,159,8.81
06.10.2026 at 10:05 AM IST,DIAMINESQ,-2.35,-9.11,-2.3,,,,0,0,0,0,,Basic Materials,Chemicals,17.0,331,5.14
06.10.2026 at 10:05 AM IST,SUYOG,-5.98,-23.06,-20.12,,,,0,0,0,0,,Communication Services,Telecom Services,13.0,63,20.63
06.10.2026 at 10:05 AM IST,M&MFIN,-13.72,-3.1,11.26,,,,0,0,0,10,Positive 6M return,Financial Services,Credit Services,13.0,223,5.83
06.10.2026 at 10:05 AM IST,MADRASFERT,-10.15,-14.69,-2.81,,,,0,0,0,0,,Basic Materials,Agricultural Inputs,17.0,331,5.14
06.10.2026 at 10:05 AM IST,LICHSGFIN,-10.48,-3.27,-3.58,,,,0,0,0,0,,Financial Services,Mortgage Finance,15.0,223,6.73
06.10.2026 at 10:05 AM IST,DBREALTY,-10.1,-15.96,-6.34,,,,0,0,0,0,,Real Estate,Real Estate - Development,14.0,74,18.92
06.10.2026 at 10:05 AM IST,LPDC,-6.54,-2.02,-20.48,,,,0,0,0,0,,Real Estate,Real Estate Services,14.0,74,18.92
06.10.2026 at 10:05 AM IST,LOYALTEX,-8.96,3.56,0.12,,,,0,0,0,20,"Positive 3M return, Positive 6M return",Consumer Cyclical,Textile Manufacturing,12.0,387,3.1
06.10.2026 at 10:05 AM IST,DSSL,-1.91,-25.74,-2.02,,,,0,0,0,0,,Technology,Information Technology Services,16.0,159,10.06
06.10.2026 at 10:05 AM IST,SUNPHARMA,-5.4,-7.83,8.26,,,,0,0,0,10,Positive 6M return,Healthcare,Drug Manufacturers - Specialty & Generic,13.0,147,8.84
06.10.2026 at 10:05 AM IST,EVEREADY,0.11,-9.12,11.21,,,,0,0,0,18,"Positive 1M return, Positive 6M return",Industrials,Electrical Equipment & Parts,13.0,417,3.12
06.10.2026 at 10:05 AM IST,ENDURANCE,-8.9,-4.65,6.98,,,,0,0,0,10,Positive 6M return,Consumer Cyclical,Auto Parts,15.0,387,3.88
06.10.2026 at 10:05 AM IST,EPIGRAL,-16.52,0.95,2.48,,,,0,0,0,20,"Positive 3M return, Positive 6M return",Basic Materials,Chemicals,12.0,331,3.63
06.10.2026 at 10:05 AM IST,LAXMIDENTL,-3.64,-10.6,0.88,,,,0,0,0,10,Positive 6M return,Healthcare,Medical Instruments & Supplies,13.0,147,8.84
06.10.2026 at 10:05 AM IST,ZEEL,-12.01,-22.09,-4.94,,,,0,0,0,0,,Communication Services,Broadcasting,13.0,63,20.63
06.10.2026 at 10:05 AM IST,PANACEABIO,-6.49,-32.41,10.75,,,,0,0,0,10,Positive 6M return,Healthcare,Biotechnology,13.0,147,8.84
06.10.2026 at 10:05 AM IST,ORIENTPPR,-4.57,-1.15,-10.98,,,,0,0,0,0,,Basic Materials,Paper & Paper Products,17.0,331,5.14
06.10.2026 at 10:05 AM IST,ACCURACY,-0.47,-21.2,-14.11,,,,0,0,0,0,,Unknown,Unknown,14.0,76,18.42
06.10.2026 at 10:05 AM IST,OLECTRA,-9.69,-23.01,-9.65,,,,0,0,0,0,,Industrials,Farm & Heavy Construction Machinery,17.0,417,4.08
06.10.2026 at 10:05 AM IST,NOVAAGRI,-5.15,-9.0,-24.36,,,,0,0,0,0,,Basic Materials,Agricultural Inputs,17.0,331,5.14
06.10.2026 at 10:05 AM IST,NSIL,-7.71,-2.99,-5.08,,,,0,0,0,0,,Financial Services,Asset Management,15.0,223,6.73
06.10.2026 at 10:05 AM IST,NSLNISP,-9.44,-5.89,-1.78,,,,0,0,0,0,,Basic Materials,Steel,17.0,331,5.14
06.10.2026 at 10:05 AM IST,ZODIACLOTH,-7.97,-13.39,-1.2,,,,0,0,0,0,,Consumer Cyclical,Apparel Manufacturing,17.0,387,4.39
06.10.2026 at 10:05 AM IST,INDOSTAR,-20.95,-19.17,-5.08,,,,0,0,0,0,,Financial Services,Credit Services,15.0,223,6.73
06.10.2026 at 10:05 AM IST,INDOTHAI,8.73,-82.01,-86.61,,,,0,0,0,8,Positive 1M return,Financial Services,Capital Markets,14.0,223,6.28
06.10.2026 at 10:05 AM IST,ANIKINDS,-4.27,-4.22,-0.81,,,,0,0,0,0,,Consumer Defensive,Food Distribution,17.0,144,11.81
06.10.2026 at 10:05 AM IST,PGHH,-11.71,-23.35,-29.48,,,,0,0,0,0,,Consumer Defensive,Household & Personal Products,17.0,144,11.81
06.10.2026 at 10:05 AM IST,NDGL,-12.97,-8.49,-5.19,,,,0,0,0,0,,Financial Services,Capital Markets,15.0,223,6.73
06.10.2026 at 10:05 AM IST,ARKADE,-3.18,-3.66,6.6,,,,0,0,0,10,Positive 6M return,Real Estate,Real Estate - Development,12.0,74,16.22
06.10.2026 at 10:05 AM IST,ARTNIRMAN,-5.27,-3.6,-2.1,,,,0,0,0,0,,Real Estate,Real Estate - Development,14.0,74,18.92
06.10.2026 at 10:05 AM IST,VMSTMT,1.83,-1.47,3.66,,,,0,0,0,18,"Positive 1M return, Positive 6M return",Basic Materials,Steel,13.0,331,3.93
06.10.2026 at 10:05 AM IST,ANUP,-13.15,-26.89,-14.72,,,,0,0,0,0,,Industrials,Specialty Industrial Machinery,17.0,417,4.08
06.10.2026 at 10:05 AM IST,APEX,-12.62,-14.03,-20.58,,,,0,0,0,0,,Consumer Defensive,Farm Products,17.0,144,11.81
06.10.2026 at 10:05 AM IST,APOLLOHOSP,-10.76,-10.69,5.04,,,,0,0,0,10,Positive 6M return,Healthcare,Medical Care Facilities,13.0,147,8.84
06.10.2026 at 10:05 AM IST,APTECHT,-0.96,-10.11,10.85,,,,0,0,0,10,Positive 6M return,Consumer Defensive,Education & Training Services,15.0,144,10.42
06.10.2026 at 10:05 AM IST,AMNPLST,-3.36,-12.76,7.99,,,,0,0,0,10,Positive 6M return,Basic Materials,Chemicals,15.0,331,4.53
06.10.2026 at 10:05 AM IST,SANOFICONR,-11.54,-19.18,-15.68,,,,0,0,0,0,,Healthcare,Drug Manufacturers - General,15.0,147,10.2
06.10.2026 at 10:05 AM IST,INDIACEM,-17.61,-19.6,-20.97,,,,0,0,0,0,,Basic Materials,Building Materials,17.0,331,5.14
06.10.2026 at 10:05 AM IST,INDIAGLYCO,21.74,-69.46,-64.84,,,,0,0,0,15,Strong 1M absolute return,Basic Materials,Chemicals,14.0,331,4.23
06.10.2026 at 10:05 AM IST,ERIS,-10.49,-16.45,-11.9,,,,0,0,0,0,,Healthcare,Drug Manufacturers - Specialty & Generic,15.0,147,10.2
06.10.2026 at 10:05 AM IST,SUDARCOLOR,-4.64,2.22,17.37,,,,0,0,0,20,"Positive 3M return, Positive 6M return",Unknown,Unknown,10.0,76,13.16
06.10.2026 at 10:05 AM IST,SUMEETINDS,0.35,-63.97,-61.9,,,,0,0,0,8,Positive 1M return,Consumer Cyclical,Textile Manufacturing,16.0,387,4.13
06.10.2026 at 10:05 AM IST,SUMICHEM,-13.91,-18.24,-0.52,,,,0,0,0,0,,Basic Materials,Agricultural Inputs,17.0,331,5.14
06.10.2026 at 10:05 AM IST,ELECTHERM,-26.56,-38.19,19.63,,,,0,0,0,10,Positive 6M return,Basic Materials,Steel,15.0,331,4.53
06.10.2026 at 10:05 AM IST,ELIN,-17.93,-20.91,-32.98,,,,0,0,0,0,,Industrials,Electrical Equipment & Parts,17.0,417,4.08
06.10.2026 at 10:05 AM IST,EMAMIREAL,-1.02,-18.74,7.42,,,,0,0,0,10,Positive 6M return,Real Estate,Real Estate - Development,12.0,74,16.22
06.10.2026 at 10:05 AM IST,EMBDL,-1.22,-13.33,14.34,,,,0,0,0,10,Positive 6M return,Real Estate,Real Estate - Diversified,12.0,74,16.22
06.10.2026 at 10:05 AM IST,EMSLIMITED,-11.63,-27.02,4.59,,,,0,0,0,10,Positive 6M return,Industrials,Engineering & Construction,15.0,417,3.6
06.10.2026 at 10:05 AM IST,FINKURVE,0.38,6.35,7.42,,,,0,0,0,38,"Positive 1M return, Positive 3M return, Positive 6M return, Positive across 1M/3M/6M",Financial Services,Credit Services,7.0,223,3.14
06.10.2026 at 10:05 AM IST,ORTINGLOBE,-5.59,-17.03,-8.1,,,,0,0,0,0,,Healthcare,Drug Manufacturers - Specialty & Generic,15.0,147,10.2
06.10.2026 at 10:05 AM IST,PALREDTEC,-21.97,-28.68,37.54,,,,0,0,0,20,Strong 6M absolute return,Technology,Consumer Electronics,12.0,159,7.55
06.10.2026 at 10:05 AM IST,ORIENTCEM,-10.29,-13.24,-16.56,,,,0,0,0,0,,Basic Materials,Building Materials,17.0,331,5.14
06.10.2026 at 10:05 AM IST,ORISSAMINE,-16.84,-5.13,-2.89,,,,0,0,0,0,,Basic Materials,Steel,17.0,331,5.14
06.10.2026 at 10:05 AM IST,AGRITECH,-12.49,-22.48,-18.05,,,,0,0,0,0,,Consumer Defensive,Farm Products,17.0,144,11.81
06.10.2026 at 10:05 AM IST,ABLBL,-11.02,-20.87,-26.59,,,,0,0,0,0,,Consumer Cyclical,Apparel Retail,17.0,387,4.39
06.10.2026 at 10:05 AM IST,EICHERMOT,-8.17,-4.56,-0.94,,,,0,0,0,0,,Consumer Cyclical,Auto Manufacturers,17.0,387,4.39
06.10.2026 at 10:05 AM IST,EIEL,-6.22,-24.74,-7.62,,,,0,0,0,0,,Industrials,Engineering & Construction,17.0,417,4.08
06.10.2026 at 10:05 AM IST,SUNCLAY,-10.07,-10.85,-9.51,,,,0,0,0,0,,Unknown,Unknown,14.0,76,18.42
06.10.2026 at 10:05 AM IST,SUNDARMFIN,-9.89,-7.18,-11.13,,,,0,0,0,0,,Financial Services,Credit Services,15.0,223,6.73
06.10.2026 at 10:05 AM IST,SUPREME,-15.3,-35.82,-43.58,,,,0,0,0,0,,Real Estate,Real Estate - Development,14.0,74,18.92
06.10.2026 at 10:05 AM IST,SUPREMEINF,-30.53,-28.34,-16.65,,,,0,0,0,0,,Industrials,Engineering & Construction,17.0,417,4.08
06.10.2026 at 10:05 AM IST,DREDGECORP,-16.28,-11.32,3.57,,,,0,0,0,10,Positive 6M return,Industrials,Engineering & Construction,15.0,417,3.6
06.10.2026 at 10:05 AM IST,DUCON,-26.04,-53.29,-60.77,,,,0,0,0,0,,Industrials,Specialty Industrial Machinery,17.0,417,4.08
06.10.2026 at 10:05 AM IST,DISHTV,-18.29,-28.08,-29.77,,,,0,0,0,0,,Communication Services,Entertainment,13.0,63,20.63
06.10.2026 at 10:05 AM IST,DJML,2.7,-39.79,-11.04,,,,0,0,0,8,Positive 1M return,Industrials,Specialty Business Services,16.0,417,3.84
06.10.2026 at 10:05 AM IST,DOLATALGO,-10.72,-14.03,-12.52,,,,0,0,0,0,,Financial Services,Capital Markets,15.0,223,6.73
06.10.2026 at 10:05 AM IST,SURANASOL,-7.81,-6.63,2.78,,,,0,0,0,10,Positive 6M return,Technology,Solar,14.0,159,8.81
06.10.2026 at 10:05 AM IST,SURYALAXMI,-5.03,-4.98,4.47,,,,0,0,0,10,Positive 6M return,Consumer Cyclical,Textile Manufacturing,15.0,387,3.88
06.10.2026 at 10:05 AM IST,ENIL,-5.38,-10.43,-12.98,,,,0,0,0,0,,Communication Services,Broadcasting,13.0,63,20.63
06.10.2026 at 10:05 AM IST,EPACK,-9.39,-24.52,-28.73,,,,0,0,0,0,,Unknown,Unknown,14.0,76,18.42
06.10.2026 at 10:05 AM IST,EQUITASBNK,-5.8,-10.54,15.75,,,,0,0,0,10,Positive 6M return,Financial Services,Banks - Regional,13.0,223,5.83
06.10.2026 at 10:05 AM IST,STERTOOLS,0.43,-8.22,-6.33,,,,0,0,0,8,Positive 1M return,Industrials,Tools & Accessories,16.0,417,3.84
06.10.2026 at 10:05 AM IST,EUREKAFORB,-14.92,-23.15,-30.45,,,,0,0,0,0,,Consumer Cyclical,"Furnishings, Fixtures & Appliances",17.0,387,4.39
06.10.2026 at 10:05 AM IST,EUROPRATIK,-30.05,-38.65,-19.99,,,,0,0,0,0,,Basic Materials,Building Materials,17.0,331,5.14
06.10.2026 at 10:05 AM IST,LEXUS,-19.94,-23.18,-55.06,,,,0,0,0,0,,Industrials,Building Products & Equipment,17.0,417,4.08
06.10.2026 at 10:05 AM IST,LINCOLN,-8.99,-5.95,5.05,,,,0,0,0,10,Positive 6M return,Healthcare,Drug Manufacturers - Specialty & Generic,13.0,147,8.84
06.10.2026 at 10:05 AM IST,RELAXO,-15.93,-24.68,3.46,,,,0,0,0,10,Positive 6M return,Consumer Cyclical,Footwear & Accessories,15.0,387,3.88
06.10.2026 at 10:05 AM IST,LATENTVIEW,-8.17,-21.31,-18.01,,,,0,0,0,0,,Industrials,Consulting Services,17.0,417,4.08
06.10.2026 at 10:05 AM IST,GANESHHOU,-6.39,-15.06,22.65,,,,0,0,0,10,Positive 6M return,Real Estate,Real Estate - Development,12.0,74,16.22
06.10.2026 at 10:05 AM IST,SUZLON,-13.78,-27.24,-14.46,,,,0,0,0,0,,Industrials,Specialty Industrial Machinery,17.0,417,4.08
06.10.2026 at 10:05 AM IST,SVPGLOB,-17.55,-23.91,23.33,,,,0,0,0,10,Positive 6M return,Consumer Cyclical,Textile Manufacturing,15.0,387,3.88
06.10.2026 at 10:05 AM IST,DHANBANK,-16.04,-20.46,5.52,,,,0,0,0,10,Positive 6M return,Financial Services,Banks - Regional,13.0,223,5.83
06.10.2026 at 10:05 AM IST,MANAKSIA,-1.89,0.64,11.69,,,,0,0,0,20,"Positive 3M return, Positive 6M return",Unknown,Unknown,10.0,76,13.16
06.10.2026 at 10:05 AM IST,LUPIN,-4.6,-17.55,-11.66,,,,0,0,0,0,,Healthcare,Drug Manufacturers - Specialty & Generic,15.0,147,10.2
06.10.2026 at 10:05 AM IST,M&M,-9.85,-8.97,-10.61,,,,0,0,0,0,,Consumer Cyclical,Auto Manufacturers,17.0,387,4.39
06.10.2026 at 10:05 AM IST,RAMCOIND,-7.24,-12.62,15.95,,,,0,0,0,10,Positive 6M return,Industrials,Building Products & Equipment,15.0,417,3.6
06.10.2026 at 10:05 AM IST,LTF,-14.82,-18.26,-3.19,,,,0,0,0,0,,Financial Services,Credit Services,15.0,223,6.73
06.10.2026 at 10:05 AM IST,FIEMIND,-14.21,-16.52,-15.65,,,,0,0,0,0,,Consumer Cyclical,Auto Parts,17.0,387,4.39
06.10.2026 at 10:05 AM IST,FILATFASH,5.56,0.0,-5.0,,,,0,0,0,8,Positive 1M return,Consumer Cyclical,Apparel Manufacturing,16.0,387,4.13
06.10.2026 at 10:05 AM IST,RESPONIND,3.16,-21.26,14.82,,,,0,0,0,18,"Positive 1M return, Positive 6M return",Basic Materials,Specialty Chemicals,13.0,331,3.93
06.10.2026 at 10:05 AM IST,DIGITIDE,-23.85,-27.3,-16.65,,,,0,0,0,0,,Industrials,Specialty Business Services,17.0,417,4.08
06.10.2026 at 10:05 AM IST,SWANCORP,-5.93,-16.01,-18.17,,,,0,0,0,0,,Industrials,Conglomerates,17.0,417,4.08
06.10.2026 at 10:05 AM IST,SWIGGY,-13.35,-12.57,-9.58,,,,0,0,0,0,,Consumer Cyclical,Internet Retail,17.0,387,4.39
06.10.2026 at 10:05 AM IST,TAKE,-12.81,-51.51,-72.44,,,,0,0,0,0,,Healthcare,Health Information Services,15.0,147,10.2
06.10.2026 at 10:05 AM IST,TANLA,-4.47,-10.94,7.31,,,,0,0,0,10,Positive 6M return,Technology,Software - Application,14.0,159,8.81
06.10.2026 at 10:05 AM IST,TARAPUR,-11.74,-36.04,-52.04,,,,0,0,0,0,,Industrials,Specialty Industrial Machinery,17.0,417,4.08
06.10.2026 at 10:05 AM IST,DDEVPLSTIK,-8.77,-9.07,12.91,,,,0,0,0,10,Positive 6M return,Basic Materials,Specialty Chemicals,15.0,331,4.53
06.10.2026 at 10:05 AM IST,DENORA,-8.96,-16.32,2.46,,,,0,0,0,10,Positive 6M return,Industrials,Electrical Equipment & Parts,15.0,417,3.6
06.10.2026 at 10:05 AM IST,DEVIT,-14.75,-25.12,-34.11,,,,0,0,0,0,,Technology,Information Technology Services,16.0,159,10.06
06.10.2026 at 10:05 AM IST,DAVANGERE,16.84,-35.67,-38.44,,,,0,0,0,15,Strong 1M absolute return,Consumer Defensive,Confectioners,14.0,144,9.72
06.10.2026 at 10:05 AM IST,DBCORP,-11.63,-13.18,-16.08,,,,0,0,0,0,,Communication Services,Publishing,13.0,63,20.63
06.10.2026 at 10:05 AM IST,DBEIL,0.47,-20.25,-2.02,,,,0,0,0,8,Positive 1M return,Unknown,Unknown,13.0,76,17.11
06.10.2026 at 10:05 AM IST,FINOPB,-7.49,-1.79,-3.47,,,,0,0,0,0,,Financial Services,Banks - Regional,15.0,223,6.73
06.10.2026 at 10:05 AM IST,GHCL,-7.11,-7.75,-15.57,,,,0,0,0,0,,Basic Materials,Chemicals,17.0,331,5.14
06.10.2026 at 10:05 AM IST,DCM,-5.81,-26.37,13.48,,,,0,0,0,10,Positive 6M return,Industrials,Metal Fabrication,15.0,417,3.6
06.10.2026 at 10:05 AM IST,DCMFINSERV,-4.32,-4.32,-8.27,,,,0,0,0,0,,Financial Services,Credit Services,15.0,223,6.73
06.10.2026 at 10:05 AM IST,TATACAP,-13.59,-11.65,-0.95,,,,0,0,0,0,,Financial Services,Credit Services,15.0,223,6.73
06.10.2026 at 10:05 AM IST,TATAELXSI,-11.13,-15.9,-28.39,,,,0,0,0,0,,Technology,Software - Application,16.0,159,10.06
06.10.2026 at 10:05 AM IST,RADIOCITY,-3.85,-0.17,-3.54,,,,0,0,0,0,,Communication Services,Broadcasting,13.0,63,20.63
06.10.2026 at 10:05 AM IST,RAINBOW,-13.27,-11.92,-1.46,,,,0,0,0,0,,Healthcare,Medical Care Facilities,15.0,147,10.2
06.10.2026 at 10:05 AM IST,RALLIS,-3.85,-13.83,-22.47,,,,0,0,0,0,,Basic Materials,Agricultural Inputs,17.0,331,5.14
06.10.2026 at 10:05 AM IST,MAMATA,-1.36,4.03,8.77,,,,0,0,0,20,"Positive 3M return, Positive 6M return",Industrials,Specialty Industrial Machinery,12.0,417,2.88
06.10.2026 at 10:05 AM IST,GARUDA,-3.24,-3.55,3.95,,,,0,0,0,10,Positive 6M return,Industrials,Engineering & Construction,15.0,417,3.6
06.10.2026 at 10:05 AM IST,SOUTHWEST,-11.22,-14.23,-13.66,,,,0,0,0,0,,Energy,Oil & Gas Equipment & Services,9.0,32,28.12
06.10.2026 at 10:05 AM IST,SPLIL,-4.42,-6.27,13.11,,,,0,0,0,10,Positive 6M return,Consumer Cyclical,Apparel Manufacturing,15.0,387,3.88
06.10.2026 at 10:05 AM IST,SRGHFL,-48.21,-59.99,-54.84,,,,0,0,0,0,,Financial Services,Mortgage Finance,15.0,223,6.73
06.10.2026 at 10:05 AM IST,FORTIS,-15.45,-20.61,-9.61,,,,0,0,0,0,,Healthcare,Medical Care Facilities,15.0,147,10.2
06.10.2026 at 10:05 AM IST,FAZE3Q,-13.05,-27.98,-6.31,,,,0,0,0,0,,Consumer Cyclical,Textile Manufacturing,17.0,387,4.39
06.10.2026 at 10:05 AM IST,FCSSOFT,-2.11,-7.33,-18.24,,,,0,0,0,0,,Technology,Information Technology Services,16.0,159,10.06
06.10.2026 at 10:05 AM IST,CANHLIFE,-9.88,0.13,-2.72,,,,0,0,0,10,Positive 3M return,Financial Services,Insurance - Life,13.0,223,5.83
06.10.2026 at 10:05 AM IST,MANAKALUCO,-11.17,-2.12,26.76,,,,0,0,0,10,Positive 6M return,Basic Materials,Aluminum,15.0,331,4.53
06.10.2026 at 10:05 AM IST,COFFEEDAY,-8.76,-5.81,18.12,,,,0,0,0,10,Positive 6M return,Consumer Cyclical,Restaurants,15.0,387,3.88
06.10.2026 at 10:05 AM IST,TCIFINANCE,-1.59,-6.19,2.13,,,,0,0,0,10,Positive 6M return,Financial Services,Credit Services,13.0,223,5.83
06.10.2026 at 10:05 AM IST,TEAMLEASE,-9.72,-18.2,-5.05,,,,0,0,0,0,,Industrials,Staffing & Employment Services,17.0,417,4.08
06.10.2026 at 10:05 AM IST,CHOLAFIN,-13.02,-9.56,4.38,,,,0,0,0,10,Positive 6M return,Financial Services,Credit Services,13.0,223,5.83
06.10.2026 at 10:05 AM IST,MEDICO,-44.94,-45.28,-45.02,,,,0,0,0,0,,Healthcare,Drug Manufacturers - Specialty & Generic,15.0,147,10.2
06.10.2026 at 10:05 AM IST,MARUTI,-8.87,-16.25,-14.02,,,,0,0,0,0,,Consumer Cyclical,Auto Manufacturers,17.0,387,4.39
06.10.2026 at 10:05 AM IST,MASTERTR,-7.34,2.62,12.71,,,,0,0,0,20,"Positive 3M return, Positive 6M return",Financial Services,Capital Markets,11.0,223,4.93
06.10.2026 at 10:05 AM IST,RICOAUTO,-6.85,-5.1,6.57,,,,0,0,0,10,Positive 6M return,Consumer Cyclical,Auto Parts,15.0,387,3.88
06.10.2026 at 10:05 AM IST,RKSWAMY,-4.6,-15.8,7.49,,,,0,0,0,10,Positive 6M return,Communication Services,Advertising Agencies,11.0,63,17.46
06.10.2026 at 10:05 AM IST,KIMS,-7.93,-12.71,6.27,,,,0,0,0,10,Positive 6M return,Healthcare,Medical Care Facilities,13.0,147,8.84
06.10.2026 at 10:05 AM IST,GLOTTIS,1.84,-12.51,-2.86,,,,0,0,0,8,Positive 1M return,Industrials,Integrated Freight & Logistics,16.0,417,3.84
06.10.2026 at 10:05 AM IST,GKENERGY,-12.4,-20.57,-1.76,,,,0,0,0,0,,Utilities,Utilities - Renewable,9.0,38,23.68
06.10.2026 at 10:05 AM IST,GAYAHWS,-10.88,-7.03,-22.17,,,,0,0,0,0,,Unknown,Unknown,14.0,76,18.42
06.10.2026 at 10:05 AM IST,GENUSPOWER,-11.78,-7.16,8.21,,,,0,0,0,10,Positive 6M return,Industrials,Electrical Equipment & Parts,15.0,417,3.6
06.10.2026 at 10:05 AM IST,GODREJIND,-11.64,-15.48,17.81,,,,0,0,0,10,Positive 6M return,Industrials,Conglomerates,15.0,417,3.6
06.10.2026 at 10:05 AM IST,GODREJPROP,-19.08,-18.58,-4.95,,,,0,0,0,0,,Real Estate,Real Estate - Development,14.0,74,18.92
06.10.2026 at 10:05 AM IST,GPIL,-13.27,-15.87,-25.98,,,,0,0,0,0,,Basic Materials,Steel,17.0,331,5.14
06.10.2026 at 10:05 AM IST,KRITIKA,-9.65,-15.6,-10.48,,,,0,0,0,0,,Basic Materials,Steel,17.0,331,5.14
06.10.2026 at 10:05 AM IST,KRITINUT,-17.76,-7.25,6.1,,,,0,0,0,10,Positive 6M return,Consumer Defensive,Packaged Foods,15.0,144,10.42
06.10.2026 at 10:05 AM IST,KOTYARK,-12.94,-20.81,-14.85,,,,0,0,0,0,,Basic Materials,Specialty Chemicals,17.0,331,5.14
06.10.2026 at 10:05 AM IST,REPCOHOME,-7.48,-18.29,-12.04,,,,0,0,0,0,,Financial Services,Mortgage Finance,15.0,223,6.73
06.10.2026 at 10:05 AM IST,PSPPROJECT,-12.52,-26.31,13.19,,,,0,0,0,10,Positive 6M return,Industrials,Engineering & Construction,15.0,417,3.6
06.10.2026 at 10:05 AM IST,PURVA,-9.34,-2.64,10.69,,,,0,0,0,10,Positive 6M return,Real Estate,Real Estate - Development,12.0,74,16.22
06.10.2026 at 10:05 AM IST,PVSL,-12.11,-2.5,-4.54,,,,0,0,0,0,,Consumer Cyclical,Auto & Truck Dealerships,17.0,387,4.39
06.10.2026 at 10:05 AM IST,CLEDUCATE,-7.61,-2.15,8.03,,,,0,0,0,10,Positive 6M return,Consumer Defensive,Education & Training Services,15.0,144,10.42
06.10.2026 at 10:05 AM IST,CENTRUM,-12.28,-17.93,-30.33,,,,0,0,0,0,,Financial Services,Financial Conglomerates,15.0,223,6.73
06.10.2026 at 10:05 AM IST,CERA,-11.05,-18.82,-0.65,,,,0,0,0,0,,Unknown,Unknown,14.0,76,18.42
06.10.2026 at 10:05 AM IST,THERMAX,-11.55,-33.24,-16.72,,,,0,0,0,0,,Industrials,Conglomerates,17.0,417,4.08
06.10.2026 at 10:05 AM IST,BUTTERFLY,-11.85,-23.23,-11.15,,,,0,0,0,0,,Consumer Cyclical,"Furnishings, Fixtures & Appliances",17.0,387,4.39
06.10.2026 at 10:05 AM IST,CAMPUS,-8.87,-10.9,-13.79,,,,0,0,0,0,,Consumer Cyclical,Footwear & Accessories,17.0,387,4.39
06.10.2026 at 10:05 AM IST,BFUTILITIE,-4.5,-13.12,5.61,,,,0,0,0,10,Positive 6M return,Industrials,Infrastructure Operations,15.0,417,3.6
06.10.2026 at 10:05 AM IST,BHAGCHEM,-13.09,-18.72,6.71,,,,0,0,0,10,Positive 6M return,Basic Materials,Agricultural Inputs,15.0,331,4.53
06.10.2026 at 10:05 AM IST,BHANDARI,-7.69,-6.13,-17.09,,,,0,0,0,0,,Consumer Cyclical,Apparel Manufacturing,17.0,387,4.39
06.10.2026 at 10:05 AM IST,TIINDIA,-10.66,-20.27,-13.14,,,,0,0,0,0,,Industrials,Conglomerates,17.0,417,4.08
06.10.2026 at 10:05 AM IST,TMCV,-6.48,0.95,0.35,,,,0,0,0,20,"Positive 3M return, Positive 6M return",Consumer Cyclical,Auto Manufacturers,12.0,387,3.1
06.10.2026 at 10:05 AM IST,BROOKS,-17.51,-21.71,-23.85,,,,0,0,0,0,,Healthcare,Drug Manufacturers - Specialty & Generic,15.0,147,10.2
06.10.2026 at 10:05 AM IST,BSHSL,-6.63,-8.46,-16.38,,,,0,0,0,0,,Basic Materials,Agricultural Inputs,17.0,331,5.14
06.10.2026 at 10:05 AM IST,METROBRAND,-11.92,-21.85,-16.39,,,,0,0,0,0,,Consumer Cyclical,Apparel Retail,17.0,387,4.39
06.10.2026 at 10:05 AM IST,MIRZAINT,-10.37,-26.63,-12.35,,,,0,0,0,0,,Consumer Cyclical,Footwear & Accessories,17.0,387,4.39
06.10.2026 at 10:05 AM IST,PRESTIGE,-7.47,-16.52,10.91,,,,0,0,0,10,Positive 6M return,Real Estate,Real Estate - Diversified,12.0,74,16.22
06.10.2026 at 10:05 AM IST,PRSMJOHNSN,-8.21,-8.12,-18.84,,,,0,0,0,0,,Basic Materials,Building Materials,17.0,331,5.14
06.10.2026 at 10:05 AM IST,MCLEODRUSS,-7.02,-16.92,10.47,,,,0,0,0,10,Positive 6M return,Consumer Defensive,Packaged Foods,15.0,144,10.42
06.10.2026 at 10:05 AM IST,MAXHEALTH,-8.56,-18.06,-4.42,,,,0,0,0,0,,Healthcare,Medical Care Facilities,15.0,147,10.2
06.10.2026 at 10:05 AM IST,SINTERCOM,-0.88,-3.62,4.87,,,,0,0,0,10,Positive 6M return,Consumer Cyclical,Auto Parts,15.0,387,3.88
06.10.2026 at 10:05 AM IST,SJVN,-13.28,-18.98,-20.78,,,,0,0,0,0,,Utilities,Utilities - Renewable,9.0,38,23.68
06.10.2026 at 10:05 AM IST,SKMEGGPROD,-19.94,-30.52,18.62,,,,0,0,0,10,Positive 6M return,Consumer Defensive,Packaged Foods,15.0,144,10.42
06.10.2026 at 10:05 AM IST,GRSE,-15.51,-19.84,-15.38,,,,0,0,0,0,,Industrials,Aerospace & Defense,17.0,417,4.08
06.10.2026 at 10:05 AM IST,GTL,-4.86,-8.91,-3.79,,,,0,0,0,0,,Communication Services,Telecom Services,13.0,63,20.63
06.10.2026 at 10:05 AM IST,GTLINFRA,-9.32,-19.55,-10.08,,,,0,0,0,0,,Technology,Communication Equipment,16.0,159,10.06
06.10.2026 at 10:05 AM IST,SHYAMTEL,-5.25,-39.52,17.61,,,,0,0,0,10,Positive 6M return,Technology,Communication Equipment,14.0,159,8.81
06.10.2026 at 10:05 AM IST,SILVERTUC,-17.85,-26.53,8.09,,,,0,0,0,10,Positive 6M return,Technology,Information Technology Services,14.0,159,8.81
06.10.2026 at 10:05 AM IST,GREENLAM,-10.18,-17.95,-3.17,,,,0,0,0,0,,Unknown,Unknown,14.0,76,18.42
06.10.2026 at 10:05 AM IST,GREENPOWER,-5.82,-13.81,-10.91,,,,0,0,0,0,,Utilities,Utilities - Independent Power Producers,9.0,38,23.68
06.10.2026 at 10:05 AM IST,HDBFS,-9.72,-15.21,-0.16,,,,0,0,0,0,,Financial Services,Credit Services,15.0,223,6.73
06.10.2026 at 10:05 AM IST,BLUEDART,-10.36,-7.97,-10.49,,,,0,0,0,0,,Industrials,Integrated Freight & Logistics,17.0,417,4.08
06.10.2026 at 10:05 AM IST,BORANA,-12.27,-9.79,-20.92,,,,0,0,0,0,,Consumer Cyclical,Textile Manufacturing,17.0,387,4.39
06.10.2026 at 10:05 AM IST,BHARTIHEXA,-8.17,-8.66,-9.3,,,,0,0,0,0,,Communication Services,Telecom Services,13.0,63,20.63
06.10.2026 at 10:05 AM IST,BIKAJI,-15.54,-23.23,-22.71,,,,0,0,0,0,,Consumer Defensive,Packaged Foods,17.0,144,11.81
06.10.2026 at 10:05 AM IST,BIRLAMONEY,-10.39,-18.43,-9.42,,,,0,0,0,0,,Financial Services,Capital Markets,15.0,223,6.73
06.10.2026 at 10:05 AM IST,TOKYOPLAST,-8.59,-15.7,1.53,,,,0,0,0,10,Positive 6M return,Consumer Cyclical,Packaging & Containers,15.0,387,3.88
06.10.2026 at 10:05 AM IST,TRF,-15.56,-16.99,-23.9,,,,0,0,0,0,,Industrials,Specialty Industrial Machinery,17.0,417,4.08
06.10.2026 at 10:05 AM IST,BESTAGRO,-8.54,15.66,0.94,,,,0,0,0,20,"Positive 3M return, Positive 6M return",Basic Materials,Agricultural Inputs,12.0,331,3.63
06.10.2026 at 10:05 AM IST,KIRLPNU,-10.34,-22.71,17.03,,,,0,0,0,10,Positive 6M return,Industrials,Specialty Industrial Machinery,15.0,417,3.6
06.10.2026 at 10:05 AM IST,ROTO,-5.11,-10.3,9.69,,,,0,0,0,10,Positive 6M return,Industrials,Specialty Industrial Machinery,15.0,417,3.6
06.10.2026 at 10:05 AM IST,ROUTE,-13.47,-17.74,-9.27,,,,0,0,0,0,,Communication Services,Telecom Services,13.0,63,20.63
06.10.2026 at 10:05 AM IST,BHARATRAS,-14.92,-23.88,-30.54,,,,0,0,0,0,,Basic Materials,Agricultural Inputs,17.0,331,5.14
06.10.2026 at 10:05 AM IST,TRIDENT,-7.49,-11.1,-8.49,,,,0,0,0,0,,Consumer Cyclical,Textile Manufacturing,17.0,387,4.39
06.10.2026 at 10:05 AM IST,TRIGYN,-11.82,3.4,6.04,,,,0,0,0,20,"Positive 3M return, Positive 6M return",Technology,Information Technology Services,12.0,159,7.55
06.10.2026 at 10:05 AM IST,TVSHLTD,-10.47,-17.01,-14.27,,,,0,0,0,0,,Consumer Cyclical,Auto Parts,17.0,387,4.39
06.10.2026 at 10:05 AM IST,BAYERCROP,-11.17,-13.68,-25.26,,,,0,0,0,0,,Basic Materials,Agricultural Inputs,17.0,331,5.14
06.10.2026 at 10:05 AM IST,MSUMI,-9.61,-16.37,-12.87,,,,0,0,0,0,,Consumer Cyclical,Auto Parts,17.0,387,4.39
06.10.2026 at 10:05 AM IST,PRECOT,-14.05,-21.84,9.66,,,,0,0,0,10,Positive 6M return,Consumer Cyclical,Textile Manufacturing,15.0,387,3.88
06.10.2026 at 10:05 AM IST,PREMIERENE,-9.91,-20.26,-8.47,,,,0,0,0,0,,Technology,Solar,16.0,159,10.06
06.10.2026 at 10:05 AM IST,MODINATUR,-1.29,-22.6,0.21,,,,0,0,0,10,Positive 6M return,Consumer Defensive,Packaged Foods,15.0,144,10.42
06.10.2026 at 10:05 AM IST,MCLOUD,-6.28,-15.96,-5.7,,,,0,0,0,0,,Technology,Information Technology Services,16.0,159,10.06
06.10.2026 at 10:05 AM IST,KELLTONTEC,-12.55,-19.35,-17.54,,,,0,0,0,0,,Technology,Software - Application,16.0,159,10.06
06.10.2026 at 10:05 AM IST,KESORAMIND,-2.39,2.7,-2.65,,,,0,0,0,10,Positive 3M return,Basic Materials,Building Materials,15.0,331,4.53
06.10.2026 at 10:05 AM IST,KHAICHEM,-11.78,-6.47,-12.77,,,,0,0,0,0,,Basic Materials,Agricultural Inputs,17.0,331,5.14
06.10.2026 at 10:05 AM IST,HGINFRA,-17.6,-28.91,-27.62,,,,0,0,0,0,,Unknown,Unknown,14.0,76,18.42
06.10.2026 at 10:05 AM IST,HGS,-7.96,-9.47,-4.58,,,,0,0,0,0,,Industrials,Specialty Business Services,17.0,417,4.08
06.10.2026 at 10:05 AM IST,HILTON,-8.8,-26.48,-22.35,,,,0,0,0,0,,Industrials,Metal Fabrication,17.0,417,4.08
06.10.2026 at 10:05 AM IST,HCC,-10.92,-10.22,23.91,,,,0,0,0,10,Positive 6M return,Unknown,Unknown,12.0,76,15.79
06.10.2026 at 10:05 AM IST,BBL,-10.18,-21.14,-13.32,,,,0,0,0,0,,Unknown,Unknown,14.0,76,18.42
06.10.2026 at 10:05 AM IST,BBTC,-14.24,-15.81,-12.58,,,,0,0,0,0,,Consumer Defensive,Packaged Foods,17.0,144,11.81
06.10.2026 at 10:05 AM IST,TVTODAY,-8.55,-18.01,-8.71,,,,0,0,0,0,,Unknown,Unknown,14.0,76,18.42
06.10.2026 at 10:05 AM IST,BANKA,-8.99,-26.83,14.72,,,,0,0,0,10,Positive 6M return,Industrials,Pollution & Treatment Controls,15.0,417,3.6
06.10.2026 at 10:05 AM IST,BASML,-6.6,-7.99,5.2,,,,0,0,0,10,Positive 6M return,Unknown,Unknown,12.0,76,15.79
06.10.2026 at 10:05 AM IST,BATAINDIA,-8.68,-3.78,-8.2,,,,0,0,0,0,,Consumer Cyclical,Footwear & Accessories,17.0,387,4.39
06.10.2026 at 10:05 AM IST,UNITEDTEA,-6.27,-11.51,-19.81,,,,0,0,0,0,,Consumer Defensive,Farm Products,17.0,144,11.81
06.10.2026 at 10:05 AM IST,BHARATFORG,-5.31,-11.83,6.8,,,,0,0,0,10,Positive 6M return,Industrials,Metal Fabrication,15.0,417,3.6
06.10.2026 at 10:05 AM IST,SHIVAMILLS,0.36,-2.98,26.56,,,,0,0,0,18,"Positive 1M return, Positive 6M return",Consumer Cyclical,Textile Manufacturing,13.0,387,3.36
06.10.2026 at 10:05 AM IST,SHRIRAMFIN,-5.8,-7.16,-2.91,,,,0,0,0,0,,Financial Services,Credit Services,15.0,223,6.73
06.10.2026 at 10:05 AM IST,GULPOLY,-10.06,-13.22,-3.08,,,,0,0,0,0,,Basic Materials,Chemicals,17.0,331,5.14
06.10.2026 at 10:05 AM IST,HAPPSTMNDS,-11.73,-20.26,-17.58,,,,0,0,0,0,,Technology,Information Technology Services,16.0,159,10.06
06.10.2026 at 10:05 AM IST,KAKATCEM,-2.06,-6.15,9.47,,,,0,0,0,10,Positive 6M return,Basic Materials,Building Materials,15.0,331,4.53
06.10.2026 at 10:05 AM IST,KANANIIND,-13.25,-13.82,-13.82,,,,0,0,0,0,,Consumer Cyclical,Luxury Goods,17.0,387,4.39
06.10.2026 at 10:05 AM IST,RUPA,-7.71,-17.91,1.45,,,,0,0,0,10,Positive 6M return,Consumer Cyclical,Apparel Manufacturing,15.0,387,3.88
06.10.2026 at 10:05 AM IST,BALAJITELE,-2.67,-1.47,-7.7,,,,0,0,0,0,,Communication Services,Entertainment,13.0,63,20.63
06.10.2026 at 10:05 AM IST,BALAXI,-11.36,-4.11,-0.31,,,,0,0,0,0,,Healthcare,Drug Manufacturers - Specialty & Generic,15.0,147,10.2
06.10.2026 at 10:05 AM IST,MUTHOOTMF,-15.18,-15.64,4.28,,,,0,0,0,10,Positive 6M return,Financial Services,Credit Services,13.0,223,5.83
06.10.2026 at 10:05 AM IST,NACLIND,-16.77,-42.87,-17.49,,,,0,0,0,0,,Basic Materials,Agricultural Inputs,17.0,331,5.14
06.10.2026 at 10:05 AM IST,PNCINFRA,-24.57,-42.01,-23.21,,,,0,0,0,0,,Industrials,Engineering & Construction,17.0,417,4.08
06.10.2026 at 10:05 AM IST,POKARNA,-14.07,-29.23,-20.95,,,,0,0,0,0,,Industrials,Building Products & Equipment,17.0,417,4.08
06.10.2026 at 10:05 AM IST,POLICYBZR,-45.62,-37.17,-31.67,,,,0,0,0,0,,Financial Services,Insurance Brokers,15.0,223,6.73
06.10.2026 at 10:05 AM IST,MOKSH,-8.52,-22.23,-14.59,,,,0,0,0,0,,Consumer Cyclical,Luxury Goods,17.0,387,4.39
06.10.2026 at 10:05 AM IST,HINDCOPPER,-9.12,-2.88,-8.11,,,,0,0,0,0,,Unknown,Unknown,14.0,76,18.42
06.10.2026 at 10:05 AM IST,SHANKARA,-18.34,-5.81,-0.68,,,,0,0,0,0,,Consumer Cyclical,Home Improvement Retail,17.0,387,4.39
06.10.2026 at 10:05 AM IST,HEGAM,-3.67,-54.04,-55.73,,,,0,0,0,0,,Unknown,Unknown,14.0,76,18.42
06.10.2026 at 10:05 AM IST,HEIDELBERG,-15.1,-13.93,-10.43,,,,0,0,0,0,,Unknown,Unknown,14.0,76,18.42
06.10.2026 at 10:05 AM IST,HEMIPROP,-10.86,-16.9,-8.3,,,,0,0,0,0,,Real Estate,Real Estate - Diversified,14.0,74,18.92
06.10.2026 at 10:05 AM IST,NAVKARCORP,-11.19,-16.04,-10.32,,,,0,0,0,0,,Industrials,Integrated Freight & Logistics,17.0,417,4.08
06.10.2026 at 10:05 AM IST,NAVKARURB,-5.05,-11.97,1.82,,,,0,0,0,10,Positive 6M return,Basic Materials,Building Materials,15.0,331,4.53
06.10.2026 at 10:05 AM IST,MOSCHIP,-7.11,-15.96,14.75,,,,0,0,0,10,Positive 6M return,Technology,Semiconductor Equipment & Materials,14.0,159,8.81
06.10.2026 at 10:05 AM IST,BAJAJ-AUTO,-15.83,-1.3,6.89,,,,0,0,0,10,Positive 6M return,Consumer Cyclical,Auto Manufacturers,15.0,387,3.88
06.10.2026 at 10:05 AM IST,USK,-9.41,-19.77,-6.88,,,,0,0,0,0,,Industrials,Engineering & Construction,17.0,417,4.08
06.10.2026 at 10:05 AM IST,UTKARSHBNK,-8.04,-4.43,2.61,,,,0,0,0,10,Positive 6M return,Financial Services,Banks - Regional,13.0,223,5.83
06.10.2026 at 10:05 AM IST,V2RETAIL,-23.42,-23.44,-13.16,,,,0,0,0,0,,Consumer Cyclical,Apparel Retail,17.0,387,4.39
06.10.2026 at 10:05 AM IST,VARDMNPOLY,-5.09,-15.69,-29.06,,,,0,0,0,0,,Consumer Cyclical,Textile Manufacturing,17.0,387,4.39
06.10.2026 at 10:05 AM IST,AURIONPRO,-11.59,-25.41,-25.69,,,,0,0,0,0,,Technology,Software - Application,16.0,159,10.06
06.10.2026 at 10:05 AM IST,AVG,-0.64,-16.7,14.6,,,,0,0,0,10,Positive 6M return,Unknown,Unknown,12.0,76,15.79
06.10.2026 at 10:05 AM IST,ASMS,-16.69,-17.39,-29.96,,,,0,0,0,0,,Technology,Information Technology Services,16.0,159,10.06
06.10.2026 at 10:05 AM IST,ASTERDM,-12.62,-11.94,2.76,,,,0,0,0,10,Positive 6M return,Healthcare,Medical Care Facilities,13.0,147,8.84
06.10.2026 at 10:05 AM IST,ASTRAZEN,-14.13,-26.94,-32.03,,,,0,0,0,0,,Healthcare,Drug Manufacturers - Specialty & Generic,15.0,147,10.2
06.10.2026 at 10:05 AM IST,HPAL,-3.68,-1.49,-2.94,,,,0,0,0,0,,Basic Materials,Specialty Chemicals,17.0,331,5.14
06.10.2026 at 10:05 AM IST,ICEMAKE,-14.58,-17.66,-16.51,,,,0,0,0,0,,Industrials,Specialty Industrial Machinery,17.0,417,4.08
06.10.2026 at 10:05 AM IST,SEJALLTD,-0.4,-7.68,16.58,,,,0,0,0,10,Positive 6M return,Industrials,Building Products & Equipment,15.0,417,3.6
06.10.2026 at 10:05 AM IST,IMFA,-8.75,-12.05,-13.53,,,,0,0,0,0,,Basic Materials,Other Industrial Metals & Mining,17.0,331,5.14
06.10.2026 at 10:05 AM IST,INDBANK,-11.41,-25.02,-21.32,,,,0,0,0,0,,Financial Services,Capital Markets,15.0,223,6.73
06.10.2026 at 10:05 AM IST,SBFC,-17.33,-8.87,-5.96,,,,0,0,0,0,,Financial Services,Credit Services,15.0,223,6.73
06.10.2026 at 10:05 AM IST,SBICARD,-15.28,-7.47,-15.66,,,,0,0,0,0,,Financial Services,Credit Services,15.0,223,6.73
06.10.2026 at 10:05 AM IST,IEX,-9.82,-12.15,-17.33,,,,0,0,0,0,,Financial Services,Capital Markets,15.0,223,6.73
06.10.2026 at 10:05 AM IST,IFBIND,-9.11,-5.64,14.09,,,,0,0,0,10,Positive 6M return,Consumer Cyclical,"Furnishings, Fixtures & Appliances",15.0,387,3.88
06.10.2026 at 10:05 AM IST,IFCI,-29.64,-15.88,14.96,,,,0,0,0,10,Positive 6M return,Financial Services,Credit Services,13.0,223,5.83
06.10.2026 at 10:05 AM IST,IFGLEXPOR,-6.51,-18.88,8.8,,,,0,0,0,10,Positive 6M return,Basic Materials,Building Materials,15.0,331,4.53
06.10.2026 at 10:05 AM IST,IGARASHI,-5.15,-16.82,22.04,,,,0,0,0,10,Positive 6M return,Consumer Cyclical,Auto Parts,15.0,387,3.88
06.10.2026 at 10:05 AM IST,IGCL,-25.88,-22.5,-14.82,,,,0,0,0,0,,Basic Materials,Agricultural Inputs,17.0,331,5.14
06.10.2026 at 10:05 AM IST,ATL,-3.16,6.01,-4.11,,,,0,0,0,10,Positive 3M return,Industrials,Integrated Freight & Logistics,15.0,417,3.6
06.10.2026 at 10:05 AM IST,ASALCBR,-15.17,-26.74,-31.95,,,,0,0,0,0,,Consumer Defensive,Beverages - Wineries & Distilleries,17.0,144,11.81
06.10.2026 at 10:05 AM IST,NDL,-7.07,12.88,3.14,,,,0,0,0,20,"Positive 3M return, Positive 6M return",Consumer Cyclical,Textile Manufacturing,12.0,387,3.1
06.10.2026 at 10:05 AM IST,NESTLEIND,-8.07,-10.17,6.04,,,,0,0,0,10,Positive 6M return,Consumer Defensive,Packaged Foods,15.0,144,10.42
06.10.2026 at 10:05 AM IST,NARMADA,-14.59,-29.02,-31.07,,,,0,0,0,0,,Basic Materials,Agricultural Inputs,17.0,331,5.14
06.10.2026 at 10:05 AM IST,NATIONALUM,-7.2,-2.71,-17.01,,,,0,0,0,0,,Basic Materials,Aluminum,17.0,331,5.14
06.10.2026 at 10:05 AM IST,JLHL,-11.82,-12.5,2.04,,,,0,0,0,10,Positive 6M return,Healthcare,Medical Care Facilities,13.0,147,8.84
06.10.2026 at 10:05 AM IST,JSLL,-10.56,-23.76,-31.62,,,,0,0,0,0,,Healthcare,Medical Care Facilities,15.0,147,10.2
06.10.2026 at 10:05 AM IST,JSWCEMENT,-8.15,-19.18,-11.15,,,,0,0,0,0,,Basic Materials,Building Materials,17.0,331,5.14
06.10.2026 at 10:05 AM IST,RVHL,-2.79,-14.93,-1.76,,,,0,0,0,0,,Real Estate,Real Estate - Development,14.0,74,18.92
06.10.2026 at 10:05 AM IST,S&SPOWER,-10.46,-19.61,-9.51,,,,0,0,0,0,,Industrials,Electrical Equipment & Parts,17.0,417,4.08
06.10.2026 at 10:05 AM IST,SAFARI,-14.53,-18.89,-15.74,,,,0,0,0,0,,Consumer Cyclical,Footwear & Accessories,17.0,387,4.39
06.10.2026 at 10:05 AM IST,MUKTAARTS,-4.88,0.09,15.72,,,,0,0,0,20,"Positive 3M return, Positive 6M return",Communication Services,Entertainment,9.0,63,14.29
06.10.2026 at 10:05 AM IST,ASHIMASYN,-17.38,-2.83,-0.27,,,,0,0,0,0,,Real Estate,Real Estate - Development,14.0,74,18.92
06.10.2026 at 10:05 AM IST,VIKRAMSOLR,-10.07,-25.14,-30.35,,,,0,0,0,0,,Technology,Solar,16.0,159,10.06
06.10.2026 at 10:05 AM IST,VINNY,-11.76,-15.09,-23.08,,,,0,0,0,0,,Consumer Cyclical,Textile Manufacturing,17.0,387,4.39
06.10.2026 at 10:05 AM IST,VIPCLOTHNG,3.02,-15.63,-13.85,,,,0,0,0,8,Positive 1M return,Consumer Cyclical,Apparel Manufacturing,16.0,387,4.13
06.10.2026 at 10:05 AM IST,VIRINCHI,-11.31,-17.05,-25.75,,,,0,0,0,0,,Technology,Software - Application,16.0,159,10.06
06.10.2026 at 10:05 AM IST,ARE&M,-11.26,-15.96,1.26,,,,0,0,0,10,Positive 6M return,Industrials,Electrical Equipment & Parts,15.0,417,3.6
06.10.2026 at 10:05 AM IST,NORBTEAEXP,-6.44,-8.77,-25.69,,,,0,0,0,0,,Consumer Defensive,Farm Products,17.0,144,11.81
06.10.2026 at 10:05 AM IST,NIBE,-6.64,-19.06,28.61,,,,0,0,0,10,Positive 6M return,Industrials,Aerospace & Defense,15.0,417,3.6
06.10.2026 at 10:05 AM IST,ATALREAL,-51.72,-55.23,-48.33,,,,0,0,0,0,,Industrials,Engineering & Construction,17.0,417,4.08
06.10.2026 at 10:05 AM IST,ZEELEARN,-12.98,-30.6,28.01,,,,0,0,0,10,Positive 6M return,Consumer Defensive,Education & Training Services,15.0,144,10.42
06.10.2026 at 10:05 AM IST,PARASPETRO,-4.21,2.5,-12.02,,,,0,0,0,10,Positive 3M return,Consumer Cyclical,Textile Manufacturing,15.0,387,3.88
06.10.2026 at 10:05 AM IST,NITCO,-13.32,-21.97,1.15,,,,0,0,0,10,Positive 6M return,Industrials,Building Products & Equipment,15.0,417,3.6
06.10.2026 at 10:05 AM IST,WEBELSOLAR,-9.67,-32.14,-14.9,,,,0,0,0,0,,Technology,Solar,16.0,159,10.06
06.10.2026 at 10:05 AM IST,AFFORDABLE,3.37,-7.1,5.03,,,,0,0,0,18,"Positive 1M return, Positive 6M return",Industrials,Specialty Industrial Machinery,13.0,417,3.12
06.10.2026 at 10:05 AM IST,AFIL,-16.0,-20.29,-11.34,,,,0,0,0,0,,Financial Services,Credit Services,15.0,223,6.73
06.10.2026 at 10:05 AM IST,AGARIND,-13.0,-22.53,-2.71,,,,0,0,0,0,,Basic Materials,Specialty Chemicals,17.0,331,5.14
06.10.2026 at 10:05 AM IST,ZFCVINDIA,-13.04,-6.2,-6.48,,,,0,0,0,0,,Consumer Cyclical,Auto Parts,17.0,387,4.39
06.10.2026 at 10:05 AM IST,PFIZER,-16.58,-13.78,-19.19,,,,0,0,0,0,,Healthcare,Drug Manufacturers - General,15.0,147,10.2
06.10.2026 at 10:05 AM IST,SAKSOFT,-8.46,-15.14,6.03,,,,0,0,0,10,Positive 6M return,Technology,Information Technology Services,14.0,159,8.81
06.10.2026 at 10:05 AM IST,SAKUMA,-2.53,-11.49,-26.32,,,,0,0,0,0,,Consumer Defensive,Farm Products,17.0,144,11.81
06.10.2026 at 10:05 AM IST,SALASAR,-18.09,-31.88,-41.04,,,,0,0,0,0,,Basic Materials,Steel,17.0,331,5.14
06.10.2026 at 10:05 AM IST,SAMBHAAV,-12.0,-14.98,-8.81,,,,0,0,0,0,,Communication Services,Publishing,13.0,63,20.63
06.10.2026 at 10:05 AM IST,SANDHAR,-10.34,-16.49,15.93,,,,0,0,0,10,Positive 6M return,Consumer Cyclical,Auto Parts,15.0,387,3.88
06.10.2026 at 10:05 AM IST,INOXGREEN,-13.48,-21.27,-5.72,,,,0,0,0,0,,Utilities,Utilities - Renewable,9.0,38,23.68
06.10.2026 at 10:05 AM IST,INTELLECT,-13.6,-20.47,-7.45,,,,0,0,0,0,,Technology,Software - Application,16.0,159,10.06
06.10.2026 at 10:05 AM IST,ABREL,-19.85,-18.45,-14.47,,,,0,0,0,0,,Real Estate,Real Estate Services,14.0,74,18.92
06.10.2026 at 10:05 AM IST,ACL,-9.36,-20.97,-20.3,,,,0,0,0,0,,Basic Materials,Building Materials,17.0,331,5.14
06.10.2026 at 10:05 AM IST,WSI,-13.02,-19.37,-32.07,,,,0,0,0,0,,Industrials,Engineering & Construction,17.0,417,4.08
06.10.2026 at 10:05 AM IST,XCHANGING,-6.29,-4.5,-0.33,,,,0,0,0,0,,Technology,Information Technology Services,16.0,159,10.06
06.10.2026 at 10:05 AM IST,NUCLEUS,-13.82,-14.6,-25.07,,,,0,0,0,0,,Technology,Software - Application,16.0,159,10.06
06.10.2026 at 10:05 AM IST,VPRPL,-20.29,5.39,-23.91,,,,0,0,0,10,Positive 3M return,Industrials,Engineering & Construction,15.0,417,3.6
06.10.2026 at 10:05 AM IST,VRAJ,0.24,8.43,1.9,,,,0,0,0,38,"Positive 1M return, Positive 3M return, Positive 6M return, Positive across 1M/3M/6M",Basic Materials,Steel,7.0,331,2.11
06.10.2026 at 10:05 AM IST,VTL,-9.76,-12.75,-1.0,,,,0,0,0,0,,Unknown,Unknown,14.0,76,18.42
06.10.2026 at 10:05 AM IST,WAAREEINDO,-20.76,-46.69,-53.34,,,,0,0,0,0,,Technology,Solar,16.0,159,10.06
06.10.2026 at 10:05 AM IST,WALCHANNAG,-3.67,-13.08,16.49,,,,0,0,0,10,Positive 6M return,Industrials,Engineering & Construction,15.0,417,3.6
06.10.2026 at 10:05 AM IST,WANBURY,-22.67,-35.69,-21.85,,,,0,0,0,0,,Healthcare,Drug Manufacturers - Specialty & Generic,15.0,147,10.2
06.10.2026 at 10:05 AM IST,ALLDIGI,-5.93,-3.85,-2.81,,,,0,0,0,0,,Industrials,Specialty Business Services,17.0,417,4.08
06.10.2026 at 10:05 AM IST,ALLTIME,-7.9,-19.9,-12.92,,,,0,0,0,0,,Consumer Defensive,Household & Personal Products,17.0,144,11.81
06.10.2026 at 10:05 AM IST,OMINFRAL,-11.2,-16.28,-15.87,,,,0,0,0,0,,Industrials,Engineering & Construction,17.0,417,4.08
06.10.2026 at 10:05 AM IST,ONESOURCE,-2.41,-6.9,9.09,,,,0,0,0,10,Positive 6M return,Healthcare,Biotechnology,13.0,147,8.84
06.10.2026 at 10:05 AM IST,ONIDA,-9.38,-25.28,0.83,,,,0,0,0,10,Positive 6M return,Consumer Cyclical,"Furnishings, Fixtures & Appliances",15.0,387,3.88
