scan_time,symbol,sector,industry,current_price,day_change_pct,52w_low,52w_high,distance_pct,distance_from_high_pct,rsi,sma50,sma200,avg_volume_20,latest_volume,volume_ratio,trend,trend_score,momentum_score,reversal_score,volume_score,risk_penalty,conviction_score,score,reasons
29.08.2026 at 02:41 AM IST,ORKLAINDIA,Unknown,Unknown,606.0,4.52,533.25,760.0,13.64,20.26,67.59,580.31,603.3,129942.95,407447.0,3.14,Bullish,30,20,15,15,0,80,80,"Above 50 DMA, Above 200 DMA, Healthy RSI momentum, Close to 52W low with recovery potential, Strong volume expansion"
29.08.2026 at 02:41 AM IST,LICHSGFIN,Financial Services,Unknown,535.5,2.12,449.87,586.43,19.04,8.68,64.82,522.22,523.47,2661893.8,7375648.0,2.77,Bullish,30,20,15,15,0,80,80,"Above 50 DMA, Above 200 DMA, Healthy RSI momentum, Close to 52W low with recovery potential, Strong volume expansion"
29.08.2026 at 02:41 AM IST,SINCLAIR,Unknown,Unknown,79.92,6.76,68.82,114.75,16.13,30.35,67.12,75.68,78.21,31451.7,143654.0,4.57,Bullish,30,20,15,15,0,80,80,"Above 50 DMA, Above 200 DMA, Healthy RSI momentum, Close to 52W low with recovery potential, Strong volume expansion"
29.08.2026 at 02:41 AM IST,JSWDULUX,Consumer Durables,Unknown,3110.4,0.14,2626.09,3687.56,18.44,15.65,53.87,3072.13,3038.88,17336.4,22595.0,1.3,Bullish,30,20,15,10,0,75,75,"Above 50 DMA, Above 200 DMA, Healthy RSI momentum, Close to 52W low with recovery potential, Volume expansion"
29.08.2026 at 02:41 AM IST,BALKRISIND,Automobile and Auto Components,Unknown,2352.1,1.01,1963.17,2765.38,19.81,14.94,51.79,2260.42,2286.1,376817.4,490664.0,1.3,Bullish,30,20,15,10,0,75,75,"Above 50 DMA, Above 200 DMA, Healthy RSI momentum, Close to 52W low with recovery potential, Volume expansion"
29.08.2026 at 02:41 AM IST,ULTRACEMCO,Construction Materials,Unknown,11717.0,0.0,10118.47,12847.76,15.8,8.8,52.18,11566.02,11566.83,224174.25,319993.0,1.43,Bullish,30,20,15,10,0,75,75,"Above 50 DMA, Above 200 DMA, Healthy RSI momentum, Close to 52W low with recovery potential, Volume expansion"
29.08.2026 at 02:41 AM IST,TRAVELFOOD,Consumer Services,Unknown,1333.9,3.58,1035.3,1470.9,28.84,9.31,51.32,1326.32,1243.34,142529.8,538246.0,3.78,Bullish,30,20,8,15,0,73,73,"Above 50 DMA, Above 200 DMA, Healthy RSI momentum, Within 30% of 52W low, Strong volume expansion"
29.08.2026 at 02:41 AM IST,CRISIL,Financial Services,Unknown,4703.2,4.21,3669.91,5038.99,28.16,6.66,67.47,4303.46,4282.45,47582.45,170325.0,3.58,Bullish,30,20,8,15,0,73,73,"Above 50 DMA, Above 200 DMA, Healthy RSI momentum, Within 30% of 52W low, Strong volume expansion"
29.08.2026 at 02:41 AM IST,BANARBEADS,Unknown,Unknown,119.51,6.94,96.05,164.7,24.42,27.44,63.07,111.54,115.85,5327.4,56286.0,10.57,Bullish,30,20,8,15,0,73,73,"Above 50 DMA, Above 200 DMA, Healthy RSI momentum, Within 30% of 52W low, Strong volume expansion"
29.08.2026 at 02:41 AM IST,STARPAPER,Unknown,Unknown,148.97,1.43,119.05,178.24,25.13,16.42,54.29,144.72,146.56,8688.4,18090.0,2.08,Bullish,30,20,8,15,0,73,73,"Above 50 DMA, Above 200 DMA, Healthy RSI momentum, Within 30% of 52W low, Strong volume expansion"
29.08.2026 at 02:41 AM IST,SBFC,Financial Services,Unknown,98.61,-2.5,79.6,123.0,23.88,19.83,63.17,92.72,95.67,2440963.0,6843021.0,2.8,Bullish,30,20,8,15,0,73,73,"Above 50 DMA, Above 200 DMA, Healthy RSI momentum, Within 30% of 52W low, Strong volume expansion"
29.08.2026 at 02:41 AM IST,ASIANHOTNR,Unknown,Unknown,312.05,1.74,247.5,402.55,26.08,22.48,55.79,305.55,305.89,50586.7,101028.0,2.0,Bullish,30,20,8,10,0,68,68,"Above 50 DMA, Above 200 DMA, Healthy RSI momentum, Within 30% of 52W low, Volume expansion"
29.08.2026 at 02:41 AM IST,JINDALSTEL,Metals & Mining,Unknown,1170.0,-0.46,941.61,1303.87,24.25,10.27,66.81,1079.89,1123.86,837023.95,1533812.0,1.83,Bullish,30,20,8,10,0,68,68,"Above 50 DMA, Above 200 DMA, Healthy RSI momentum, Within 30% of 52W low, Volume expansion"
29.08.2026 at 02:41 AM IST,MAHSEAMLES,Unknown,Unknown,642.05,0.86,500.7,690.0,28.23,6.95,68.96,602.19,584.57,210976.2,302076.0,1.43,Bullish,30,20,8,10,0,68,68,"Above 50 DMA, Above 200 DMA, Healthy RSI momentum, Within 30% of 52W low, Volume expansion"
29.08.2026 at 02:41 AM IST,UNITDSPR,Fast Moving Consumer Goods,Unknown,1522.0,-1.07,1201.55,1563.4,26.67,2.65,54.53,1449.62,1364.8,507722.15,717436.0,1.41,Bullish,30,20,8,10,0,68,68,"Above 50 DMA, Above 200 DMA, Healthy RSI momentum, Within 30% of 52W low, Volume expansion"
29.08.2026 at 02:41 AM IST,IMPAL,Unknown,Unknown,1108.1,2.37,909.5,1214.2,21.84,8.74,53.86,1097.59,1033.15,1772.25,2325.0,1.31,Bullish,30,20,8,10,0,68,68,"Above 50 DMA, Above 200 DMA, Healthy RSI momentum, Within 30% of 52W low, Volume expansion"
29.08.2026 at 02:41 AM IST,GKENERGY,Unknown,Unknown,139.65,4.36,86.85,238.63,60.8,41.48,63.06,135.98,132.56,817482.25,5842310.0,7.15,Bullish,30,20,0,15,0,65,65,"Above 50 DMA, Above 200 DMA, Healthy RSI momentum, Strong volume expansion"
29.08.2026 at 02:41 AM IST,WENDT,Unknown,Unknown,8376.0,2.79,5833.99,10295.93,43.57,18.65,62.32,7955.17,7398.64,7249.9,14765.0,2.04,Bullish,30,20,0,15,0,65,65,"Above 50 DMA, Above 200 DMA, Healthy RSI momentum, Strong volume expansion"
29.08.2026 at 02:41 AM IST,BAJEL,Unknown,Unknown,194.53,2.64,134.64,225.92,44.48,13.89,58.98,187.0,175.09,375491.0,780237.0,2.08,Bullish,30,20,0,15,0,65,65,"Above 50 DMA, Above 200 DMA, Healthy RSI momentum, Strong volume expansion"
29.08.2026 at 02:41 AM IST,APOLSINHOT,Unknown,Unknown,1235.3,3.75,950.0,1476.9,30.03,16.36,54.39,1231.24,1215.24,1095.25,2414.0,2.2,Bullish,30,20,0,15,0,65,65,"Above 50 DMA, Above 200 DMA, Healthy RSI momentum, Strong volume expansion"
29.08.2026 at 02:41 AM IST,SUPREMEIND,Capital Goods,Unknown,3585.0,1.27,3140.0,4596.8,14.17,22.01,56.36,3438.57,3551.54,171233.9,152254.0,0.89,Bullish,30,20,15,0,0,65,65,"Above 50 DMA, Above 200 DMA, Healthy RSI momentum, Close to 52W low with recovery potential"
29.08.2026 at 02:41 AM IST,APLLTD,Unknown,Unknown,824.0,-0.1,626.48,983.37,31.53,16.21,53.58,809.2,779.55,125766.45,285845.0,2.27,Bullish,30,20,0,15,0,65,65,"Above 50 DMA, Above 200 DMA, Healthy RSI momentum, Strong volume expansion"
29.08.2026 at 02:41 AM IST,SHIVATEX,Unknown,Unknown,170.97,-0.01,125.6,217.13,36.12,21.26,67.95,155.54,162.34,2772.8,6103.0,2.2,Bullish,30,20,0,15,0,65,65,"Above 50 DMA, Above 200 DMA, Healthy RSI momentum, Strong volume expansion"
29.08.2026 at 02:41 AM IST,FMNL,Unknown,Unknown,10.62,4.84,6.74,14.22,57.57,25.32,69.04,9.75,9.31,37611.7,139763.0,3.72,Bullish,30,20,0,15,0,65,65,"Above 50 DMA, Above 200 DMA, Healthy RSI momentum, Strong volume expansion"
29.08.2026 at 02:41 AM IST,SHREDIGCEM,Unknown,Unknown,77.91,3.49,53.9,100.8,44.55,22.71,68.99,73.73,76.06,79961.65,228970.0,2.86,Bullish,30,20,0,15,0,65,65,"Above 50 DMA, Above 200 DMA, Healthy RSI momentum, Strong volume expansion"
29.08.2026 at 02:41 AM IST,GVPTECH,Unknown,Unknown,7.53,2.03,5.22,11.19,44.25,32.71,63.95,7.0,7.41,85487.2,501010.0,5.86,Bullish,30,20,0,15,0,65,65,"Above 50 DMA, Above 200 DMA, Healthy RSI momentum, Strong volume expansion"
29.08.2026 at 02:41 AM IST,VIDHIING,Unknown,Unknown,350.1,2.67,258.6,406.59,35.38,13.89,65.94,307.74,313.76,50785.95,135580.0,2.67,Bullish,30,20,0,15,0,65,65,"Above 50 DMA, Above 200 DMA, Healthy RSI momentum, Strong volume expansion"
29.08.2026 at 02:41 AM IST,VGUARD,Unknown,Unknown,331.5,0.56,287.43,390.34,15.33,15.07,58.5,311.95,320.26,1400602.85,284767.0,0.2,Bullish,30,20,15,0,0,65,65,"Above 50 DMA, Above 200 DMA, Healthy RSI momentum, Close to 52W low with recovery potential"
29.08.2026 at 02:41 AM IST,ASTRAL,Capital Goods,Unknown,1529.2,0.2,1309.54,1765.92,16.77,13.41,58.01,1446.51,1504.88,971084.55,346093.0,0.36,Bullish,30,20,15,0,0,65,65,"Above 50 DMA, Above 200 DMA, Healthy RSI momentum, Close to 52W low with recovery potential"
29.08.2026 at 02:41 AM IST,SINDHUTRAD,Unknown,Unknown,24.99,-1.23,17.64,32.74,41.67,23.67,54.42,24.91,23.58,1262694.9,3096938.0,2.45,Bullish,30,20,0,15,0,65,65,"Above 50 DMA, Above 200 DMA, Healthy RSI momentum, Strong volume expansion"
29.08.2026 at 02:41 AM IST,NGIL,Unknown,Unknown,41.96,8.12,22.01,43.89,90.64,4.4,57.87,39.7,32.99,43764.15,124146.0,2.84,Bullish,30,20,0,15,0,65,65,"Above 50 DMA, Above 200 DMA, Healthy RSI momentum, Strong volume expansion"
29.08.2026 at 02:41 AM IST,CASTROLIND,Oil Gas & Consumable Fuels,Unknown,185.27,-0.79,164.6,198.23,12.56,6.54,52.32,181.67,177.72,3298558.1,2163286.0,0.66,Bullish,30,20,15,0,0,65,65,"Above 50 DMA, Above 200 DMA, Healthy RSI momentum, Close to 52W low with recovery potential"
29.08.2026 at 02:41 AM IST,NSLNISP,Metals & Mining,Unknown,44.99,8.57,33.01,53.75,36.29,16.3,60.72,43.11,42.18,9106209.2,86668492.0,9.52,Bullish,30,20,0,15,0,65,65,"Above 50 DMA, Above 200 DMA, Healthy RSI momentum, Strong volume expansion"
29.08.2026 at 02:41 AM IST,ALMONDZ,Unknown,Unknown,16.15,9.57,10.68,22.1,51.22,26.92,66.94,13.67,15.01,188287.8,774942.0,4.12,Bullish,30,20,0,15,0,65,65,"Above 50 DMA, Above 200 DMA, Healthy RSI momentum, Strong volume expansion"
29.08.2026 at 02:41 AM IST,BHEL,Capital Goods,Unknown,433.95,4.44,204.46,446.5,112.24,2.81,61.97,409.22,330.0,7884701.3,19967976.0,2.53,Bullish,30,20,0,15,0,65,65,"Above 50 DMA, Above 200 DMA, Healthy RSI momentum, Strong volume expansion"
29.08.2026 at 02:41 AM IST,BIL,Unknown,Unknown,867.15,3.18,602.0,980.0,44.04,11.52,65.84,779.24,764.62,12617.15,35867.0,2.84,Bullish,30,20,0,15,0,65,65,"Above 50 DMA, Above 200 DMA, Healthy RSI momentum, Strong volume expansion"
29.08.2026 at 02:41 AM IST,BLKASHYAP,Unknown,Unknown,56.47,2.39,40.32,73.0,40.05,22.64,59.1,54.85,52.22,518934.95,1090699.0,2.1,Bullish,30,20,0,15,0,65,65,"Above 50 DMA, Above 200 DMA, Healthy RSI momentum, Strong volume expansion"
29.08.2026 at 02:41 AM IST,SPLIL,Unknown,Unknown,34.08,-0.18,20.2,45.2,68.71,24.6,63.36,31.4,31.59,11061.1,39293.0,3.55,Bullish,30,20,0,15,0,65,65,"Above 50 DMA, Above 200 DMA, Healthy RSI momentum, Strong volume expansion"
29.08.2026 at 02:41 AM IST,BVCL,Unknown,Unknown,43.57,1.73,31.2,69.99,39.65,37.75,63.1,41.76,42.38,58033.85,320476.0,5.52,Bullish,30,20,0,15,0,65,65,"Above 50 DMA, Above 200 DMA, Healthy RSI momentum, Strong volume expansion"
29.08.2026 at 02:41 AM IST,MOSCHIP,Unknown,Unknown,219.36,6.72,146.8,288.45,49.43,23.95,57.95,217.06,202.73,1925174.55,17473565.0,9.08,Bullish,30,20,0,15,0,65,65,"Above 50 DMA, Above 200 DMA, Healthy RSI momentum, Strong volume expansion"
29.08.2026 at 02:41 AM IST,CANHLIFE,Financial Services,Unknown,156.89,1.96,105.72,166.25,48.4,5.63,63.82,146.7,141.31,763581.9,3945084.0,5.17,Bullish,30,20,0,15,0,65,65,"Above 50 DMA, Above 200 DMA, Healthy RSI momentum, Strong volume expansion"
29.08.2026 at 02:41 AM IST,MEDANTA,Healthcare,Unknown,1508.9,3.43,955.66,1544.0,57.89,2.27,67.61,1375.38,1206.32,302235.2,1109587.0,3.67,Bullish,30,20,0,15,0,65,65,"Above 50 DMA, Above 200 DMA, Healthy RSI momentum, Strong volume expansion"
29.08.2026 at 02:41 AM IST,JAIBALAJI,Unknown,Unknown,70.16,2.3,53.65,108.0,30.77,35.04,60.06,65.83,68.39,780616.4,1576419.0,2.02,Bullish,30,20,0,15,0,65,65,"Above 50 DMA, Above 200 DMA, Healthy RSI momentum, Strong volume expansion"
29.08.2026 at 02:41 AM IST,INDIQUBE,Unknown,Unknown,191.06,-0.47,131.15,243.8,45.68,21.63,61.6,176.69,178.58,86586.0,205256.0,2.37,Bullish,30,20,0,15,0,65,65,"Above 50 DMA, Above 200 DMA, Healthy RSI momentum, Strong volume expansion"
29.08.2026 at 02:41 AM IST,JTLIND,Unknown,Unknown,82.57,1.93,40.25,87.2,105.14,5.31,64.43,77.22,68.14,2799645.9,6724877.0,2.4,Bullish,30,20,0,15,0,65,65,"Above 50 DMA, Above 200 DMA, Healthy RSI momentum, Strong volume expansion"
29.08.2026 at 02:41 AM IST,SALONA,Unknown,Unknown,268.09,2.32,200.0,320.0,34.04,16.22,56.86,256.06,264.48,1527.55,7827.0,5.12,Bullish,30,20,0,15,0,65,65,"Above 50 DMA, Above 200 DMA, Healthy RSI momentum, Strong volume expansion"
29.08.2026 at 02:41 AM IST,SHREEPUSHK,Unknown,Unknown,452.25,0.02,272.45,481.5,65.99,6.07,65.91,405.67,368.82,85594.0,309322.0,3.61,Bullish,30,20,0,15,0,65,65,"Above 50 DMA, Above 200 DMA, Healthy RSI momentum, Strong volume expansion"
29.08.2026 at 02:41 AM IST,SHYAMMETL,Capital Goods,Unknown,1042.4,0.18,742.73,1085.22,40.35,3.95,62.99,995.27,885.68,502910.85,2075025.0,4.13,Bullish,30,20,0,15,0,65,65,"Above 50 DMA, Above 200 DMA, Healthy RSI momentum, Strong volume expansion"
29.08.2026 at 02:41 AM IST,ASHIMASYN,Unknown,Unknown,18.87,4.14,11.5,26.0,64.09,27.42,63.61,16.65,16.57,105627.05,263967.0,2.5,Bullish,30,20,0,15,0,65,65,"Above 50 DMA, Above 200 DMA, Healthy RSI momentum, Strong volume expansion"
29.08.2026 at 02:41 AM IST,AUSOMENT,Unknown,Unknown,147.25,0.79,93.0,178.0,58.33,17.28,64.81,131.33,120.07,6223.3,13834.0,2.22,Bullish,30,20,0,15,0,65,65,"Above 50 DMA, Above 200 DMA, Healthy RSI momentum, Strong volume expansion"
29.08.2026 at 02:41 AM IST,DHARMAJ,Unknown,Unknown,270.8,0.46,210.65,376.85,28.55,28.14,52.69,265.14,253.8,94941.0,104452.0,1.1,Bullish,30,20,8,5,0,63,63,"Above 50 DMA, Above 200 DMA, Healthy RSI momentum, Within 30% of 52W low, Normal volume support"
29.08.2026 at 02:41 AM IST,HAPPSTMNDS,Unknown,Unknown,420.25,-6.16,327.04,574.71,28.5,26.88,54.94,381.81,400.2,2347761.55,4662895.0,1.99,Bullish,30,20,8,10,5,63,63,"Above 50 DMA, Above 200 DMA, Healthy RSI momentum, Within 30% of 52W low, Volume expansion, Sharp daily fall"
29.08.2026 at 02:41 AM IST,COCHINSHIP,Capital Goods,Unknown,1543.0,-0.26,1187.0,1970.73,29.99,21.7,64.53,1456.51,1518.04,1150524.2,1334290.0,1.16,Bullish,30,20,8,5,0,63,63,"Above 50 DMA, Above 200 DMA, Healthy RSI momentum, Within 30% of 52W low, Normal volume support"
29.08.2026 at 02:41 AM IST,ICICIBANK,Financial Services,Unknown,1443.0,0.91,1177.67,1467.63,22.53,1.68,59.49,1408.44,1343.76,9208679.3,11539716.0,1.25,Bullish,30,20,8,5,0,63,63,"Above 50 DMA, Above 200 DMA, Healthy RSI momentum, Within 30% of 52W low, Normal volume support"
29.08.2026 at 02:41 AM IST,JKPAPER,Unknown,Unknown,390.4,-1.55,301.69,440.18,29.41,11.31,55.3,370.83,356.03,327410.5,408338.0,1.25,Bullish,30,20,8,5,0,63,63,"Above 50 DMA, Above 200 DMA, Healthy RSI momentum, Within 30% of 52W low, Normal volume support"
29.08.2026 at 02:41 AM IST,PETRONET,Oil Gas & Consumable Fuels,Unknown,290.95,0.67,232.67,322.68,25.05,9.83,59.26,280.99,277.32,1936313.75,1988032.0,1.03,Bullish,30,20,8,5,0,63,63,"Above 50 DMA, Above 200 DMA, Healthy RSI momentum, Within 30% of 52W low, Normal volume support"
29.08.2026 at 02:41 AM IST,CDSL,Financial Services,Unknown,1410.8,-1.62,1106.21,1658.57,27.53,14.94,61.88,1351.73,1339.8,1376444.5,1543936.0,1.12,Bullish,30,20,8,5,0,63,63,"Above 50 DMA, Above 200 DMA, Healthy RSI momentum, Within 30% of 52W low, Normal volume support"
29.08.2026 at 02:41 AM IST,KFINTECH,Financial Services,Unknown,957.0,-2.0,774.46,1198.77,23.57,20.17,54.71,910.72,945.74,958163.1,1169583.0,1.22,Bullish,30,20,8,5,0,63,63,"Above 50 DMA, Above 200 DMA, Healthy RSI momentum, Within 30% of 52W low, Normal volume support"
29.08.2026 at 02:41 AM IST,WONDERLA,Unknown,Unknown,542.25,5.08,453.13,656.29,19.67,17.38,73.48,483.49,505.23,240985.95,318827.0,1.32,Bullish,30,5,15,10,0,60,60,"Above 50 DMA, Above 200 DMA, Strong but overbought RSI, Close to 52W low with recovery potential, Volume expansion"
29.08.2026 at 02:41 AM IST,WOCKPHARMA,Healthcare,Unknown,1962.0,4.25,1086.7,2422.3,80.55,19.0,56.57,1914.74,1564.46,669734.15,1210241.0,1.81,Bullish,30,20,0,10,0,60,60,"Above 50 DMA, Above 200 DMA, Healthy RSI momentum, Volume expansion"
29.08.2026 at 02:41 AM IST,AAREYDRUGS,Unknown,Unknown,84.78,4.99,50.31,100.0,68.52,15.22,56.48,82.65,77.26,146406.1,192944.0,1.32,Bullish,30,20,0,10,0,60,60,"Above 50 DMA, Above 200 DMA, Healthy RSI momentum, Volume expansion"
29.08.2026 at 02:41 AM IST,GUJTHEM,Unknown,Unknown,412.2,-2.03,225.05,479.0,83.16,13.95,66.35,374.38,361.75,266170.05,466950.0,1.75,Bullish,30,20,0,10,0,60,60,"Above 50 DMA, Above 200 DMA, Healthy RSI momentum, Volume expansion"
29.08.2026 at 02:41 AM IST,HINDOILEXP,Unknown,Unknown,163.43,3.36,117.5,188.65,39.09,13.37,56.89,158.95,153.04,527767.85,821491.0,1.56,Bullish,30,20,0,10,0,60,60,"Above 50 DMA, Above 200 DMA, Healthy RSI momentum, Volume expansion"
29.08.2026 at 02:41 AM IST,HINDCOPPER,Metals & Mining,Unknown,536.3,-3.55,225.18,758.83,138.17,29.33,50.64,511.24,508.08,17781063.15,24102873.0,1.36,Bullish,30,20,0,10,0,60,60,"Above 50 DMA, Above 200 DMA, Healthy RSI momentum, Volume expansion"
29.08.2026 at 02:41 AM IST,ADOR,Unknown,Unknown,1541.9,0.7,833.68,1701.9,84.95,9.4,53.71,1414.31,1122.46,48072.9,73103.0,1.52,Bullish,30,20,0,10,0,60,60,"Above 50 DMA, Above 200 DMA, Healthy RSI momentum, Volume expansion"
29.08.2026 at 02:41 AM IST,SGIL,Unknown,Unknown,597.85,1.94,420.0,632.14,42.35,5.42,56.8,585.81,542.38,15549.45,20282.0,1.3,Bullish,30,20,0,10,0,60,60,"Above 50 DMA, Above 200 DMA, Healthy RSI momentum, Volume expansion"
29.08.2026 at 02:41 AM IST,SGMART,Unknown,Unknown,810.25,-3.81,313.1,860.6,158.78,5.85,66.26,686.41,511.27,346310.9,542016.0,1.57,Bullish,30,20,0,10,0,60,60,"Above 50 DMA, Above 200 DMA, Healthy RSI momentum, Volume expansion"
29.08.2026 at 02:41 AM IST,GODREJPROP,Realty,Unknown,2069.4,1.69,1427.1,2340.69,45.01,11.59,54.24,2019.0,1863.01,596047.9,1142681.0,1.92,Bullish,30,20,0,10,0,60,60,"Above 50 DMA, Above 200 DMA, Healthy RSI momentum, Volume expansion"
29.08.2026 at 02:41 AM IST,ETERNAL,Consumer Services,Unknown,328.5,0.46,212.6,368.45,54.52,10.84,66.39,296.41,272.99,25360813.5,34877860.0,1.38,Bullish,30,20,0,10,0,60,60,"Above 50 DMA, Above 200 DMA, Healthy RSI momentum, Volume expansion"
29.08.2026 at 02:41 AM IST,ADANIENT,Metals & Mining,Unknown,3169.0,1.83,1752.22,3245.0,80.86,2.34,66.61,3068.56,2499.66,1114740.6,1793570.0,1.61,Bullish,30,20,0,10,0,60,60,"Above 50 DMA, Above 200 DMA, Healthy RSI momentum, Volume expansion"
29.08.2026 at 02:41 AM IST,JSWSTEEL,Metals & Mining,Unknown,1337.5,-0.26,1016.46,1351.0,31.58,1.0,64.53,1263.35,1215.91,1763624.0,2647838.0,1.5,Bullish,30,20,0,10,0,60,60,"Above 50 DMA, Above 200 DMA, Healthy RSI momentum, Volume expansion"
29.08.2026 at 02:41 AM IST,AHCL,Unknown,Unknown,15.6,3.24,9.08,17.27,71.84,9.7,60.58,15.18,13.92,2623740.45,4430962.0,1.69,Bullish,30,20,0,10,0,60,60,"Above 50 DMA, Above 200 DMA, Healthy RSI momentum, Volume expansion"
29.08.2026 at 02:41 AM IST,IDBI,Financial Services,Unknown,92.24,-2.65,61.01,118.38,51.19,22.08,68.5,84.7,88.94,10665751.55,17091152.0,1.6,Bullish,30,20,0,10,0,60,60,"Above 50 DMA, Above 200 DMA, Healthy RSI momentum, Volume expansion"
29.08.2026 at 02:41 AM IST,IVC,Unknown,Unknown,8.39,3.97,6.02,9.8,39.37,14.39,56.16,8.26,7.87,238246.9,335741.0,1.41,Bullish,30,20,0,10,0,60,60,"Above 50 DMA, Above 200 DMA, Healthy RSI momentum, Volume expansion"
29.08.2026 at 02:41 AM IST,IFCI,Financial Services,Unknown,84.27,-1.37,46.23,95.8,82.28,12.04,66.37,76.6,63.01,27975622.4,44599176.0,1.59,Bullish,30,20,0,10,0,60,60,"Above 50 DMA, Above 200 DMA, Healthy RSI momentum, Volume expansion"
29.08.2026 at 02:41 AM IST,IGPL,Unknown,Unknown,521.95,-0.36,311.6,541.0,67.51,3.52,66.41,458.12,405.96,132302.15,250151.0,1.89,Bullish,30,20,0,10,0,60,60,"Above 50 DMA, Above 200 DMA, Healthy RSI momentum, Volume expansion"
29.08.2026 at 02:41 AM IST,JAYAGROGN,Unknown,Unknown,222.07,-0.53,144.96,252.8,53.19,12.15,51.48,216.17,200.25,13005.2,17966.0,1.38,Bullish,30,20,0,10,0,60,60,"Above 50 DMA, Above 200 DMA, Healthy RSI momentum, Volume expansion"
29.08.2026 at 02:41 AM IST,IRISDOREME,Unknown,Unknown,57.93,0.14,26.35,60.2,119.85,3.77,69.48,49.14,37.83,1610098.2,2582866.0,1.6,Bullish,30,20,0,10,0,60,60,"Above 50 DMA, Above 200 DMA, Healthy RSI momentum, Volume expansion"
29.08.2026 at 02:41 AM IST,GCSL,Unknown,Unknown,540.55,0.47,212.86,548.0,153.95,1.36,58.89,493.91,389.97,680028.6,1131181.0,1.66,Bullish,30,20,0,10,0,60,60,"Above 50 DMA, Above 200 DMA, Healthy RSI momentum, Volume expansion"
29.08.2026 at 02:41 AM IST,VRAJ,Unknown,Unknown,127.19,3.69,93.0,159.99,36.76,20.5,58.69,123.34,125.04,19632.5,28735.0,1.46,Bullish,30,20,0,10,0,60,60,"Above 50 DMA, Above 200 DMA, Healthy RSI momentum, Volume expansion"
29.08.2026 at 02:41 AM IST,JINDWORLD,Unknown,Unknown,36.83,5.71,17.85,42.4,106.33,13.14,55.45,34.18,28.98,11125349.6,14872279.0,1.34,Bullish,30,20,0,10,0,60,60,"Above 50 DMA, Above 200 DMA, Healthy RSI momentum, Volume expansion"
29.08.2026 at 02:41 AM IST,DEVYANI,Consumer Services,Unknown,146.11,-2.18,91.55,191.0,59.6,23.5,65.69,123.03,122.94,7156697.55,10309728.0,1.44,Bullish,30,20,0,10,0,60,60,"Above 50 DMA, Above 200 DMA, Healthy RSI momentum, Volume expansion"
29.08.2026 at 02:41 AM IST,THELEELA,Consumer Services,Unknown,553.8,0.18,384.5,576.0,44.03,3.85,67.74,499.74,442.44,823624.4,1130203.0,1.37,Bullish,30,20,0,10,0,60,60,"Above 50 DMA, Above 200 DMA, Healthy RSI momentum, Volume expansion"
29.08.2026 at 02:41 AM IST,SHANTIGOLD,Unknown,Unknown,246.05,-7.52,155.0,280.75,58.74,12.36,53.11,226.39,210.42,2572217.9,8500484.0,3.3,Bullish,30,20,0,15,5,60,60,"Above 50 DMA, Above 200 DMA, Healthy RSI momentum, Strong volume expansion, Sharp daily fall"
29.08.2026 at 02:41 AM IST,ATALREAL,Unknown,Unknown,35.13,1.53,17.75,36.7,97.92,4.28,62.87,31.76,27.31,11614635.65,16250514.0,1.4,Bullish,30,20,0,10,0,60,60,"Above 50 DMA, Above 200 DMA, Healthy RSI momentum, Volume expansion"
29.08.2026 at 02:41 AM IST,WABAG,Unknown,Unknown,2133.9,-0.99,1030.49,2248.02,107.08,5.08,61.91,2032.54,1509.54,616180.5,1166272.0,1.89,Bullish,30,20,0,10,0,60,60,"Above 50 DMA, Above 200 DMA, Healthy RSI momentum, Volume expansion"
29.08.2026 at 02:41 AM IST,ORIENTCER,Unknown,Unknown,45.29,0.0,34.0,56.64,33.21,20.04,60.29,41.72,41.39,94120.15,150649.0,1.6,Bullish,30,20,0,10,0,60,60,"Above 50 DMA, Above 200 DMA, Healthy RSI momentum, Volume expansion"
29.08.2026 at 02:41 AM IST,NIITLTD,Unknown,Unknown,102.94,-0.03,48.47,115.14,112.38,10.6,64.35,97.08,82.51,428837.75,611287.0,1.43,Bullish,30,20,0,10,0,60,60,"Above 50 DMA, Above 200 DMA, Healthy RSI momentum, Volume expansion"
29.08.2026 at 02:41 AM IST,CARTRADE,Consumer Services,Unknown,3080.2,-1.97,1600.0,3290.5,92.51,6.39,65.07,2798.16,2382.81,377215.4,669508.0,1.77,Bullish,30,20,0,10,0,60,60,"Above 50 DMA, Above 200 DMA, Healthy RSI momentum, Volume expansion"
29.08.2026 at 02:41 AM IST,RRKABEL,Capital Goods,Unknown,2830.1,0.69,1158.75,2983.8,144.24,5.15,61.12,2544.47,1808.59,409660.5,773963.0,1.89,Bullish,30,20,0,10,0,60,60,"Above 50 DMA, Above 200 DMA, Healthy RSI momentum, Volume expansion"
29.08.2026 at 02:41 AM IST,SKIPPER,Unknown,Unknown,558.1,1.98,327.05,593.0,70.65,5.89,55.62,541.93,457.26,872151.75,1662168.0,1.91,Bullish,30,20,0,10,0,60,60,"Above 50 DMA, Above 200 DMA, Healthy RSI momentum, Volume expansion"
29.08.2026 at 02:41 AM IST,PCJEWELLER,Unknown,Unknown,11.01,-1.96,7.47,15.38,47.39,28.41,66.41,9.66,9.63,248067066.65,332871058.0,1.34,Bullish,30,20,0,10,0,60,60,"Above 50 DMA, Above 200 DMA, Healthy RSI momentum, Volume expansion"
29.08.2026 at 02:41 AM IST,SOLARINDS,Chemicals,Unknown,20580.0,2.4,11639.12,20649.0,76.82,0.33,68.33,18728.7,15440.25,145908.2,192655.0,1.32,Bullish,30,20,0,10,0,60,60,"Above 50 DMA, Above 200 DMA, Healthy RSI momentum, Volume expansion"
29.08.2026 at 02:41 AM IST,RGL,Unknown,Unknown,133.81,-12.3,85.0,159.0,57.42,15.84,56.95,120.52,114.91,3445562.15,10152479.0,2.95,Bullish,30,20,0,15,5,60,60,"Above 50 DMA, Above 200 DMA, Healthy RSI momentum, Strong volume expansion, Sharp daily fall"
29.08.2026 at 02:41 AM IST,ZYDUSLIFE,Healthcare,Unknown,1189.2,3.41,834.75,1205.0,42.46,1.31,62.67,1127.57,985.32,1710260.15,3168135.0,1.85,Bullish,30,20,0,10,0,60,60,"Above 50 DMA, Above 200 DMA, Healthy RSI momentum, Volume expansion"
29.08.2026 at 02:41 AM IST,AEROENTER,Unknown,Unknown,142.66,-0.68,62.2,149.55,129.36,4.61,66.54,129.12,96.87,707161.3,1011094.0,1.43,Bullish,30,20,0,10,0,60,60,"Above 50 DMA, Above 200 DMA, Healthy RSI momentum, Volume expansion"
29.08.2026 at 02:41 AM IST,AMBER,Consumer Durables,Unknown,7701.0,3.15,5400.5,8974.0,42.6,14.19,62.59,7497.81,7231.84,352815.15,610657.0,1.73,Bullish,30,20,0,10,0,60,60,"Above 50 DMA, Above 200 DMA, Healthy RSI momentum, Volume expansion"
29.08.2026 at 02:41 AM IST,KSL,Unknown,Unknown,881.3,-4.13,567.48,971.39,55.3,9.27,52.48,870.63,774.75,63219.9,121094.0,1.92,Bullish,30,20,0,10,0,60,60,"Above 50 DMA, Above 200 DMA, Healthy RSI momentum, Volume expansion"
29.08.2026 at 02:41 AM IST,LENSKART,Consumer Services,Unknown,640.6,-1.01,356.1,673.9,79.89,4.94,68.58,565.3,499.02,8159377.2,11600580.0,1.42,Bullish,30,20,0,10,0,60,60,"Above 50 DMA, Above 200 DMA, Healthy RSI momentum, Volume expansion"
29.08.2026 at 02:41 AM IST,ADANIENSOL,Power,Unknown,1617.0,2.96,744.9,1789.0,117.08,9.61,52.54,1612.15,1243.53,2319218.6,4514708.0,1.95,Bullish,30,20,0,10,0,60,60,"Above 50 DMA, Above 200 DMA, Healthy RSI momentum, Volume expansion"
29.08.2026 at 02:41 AM IST,DISAQ,Unknown,Unknown,12208.0,5.33,10676.97,12657.68,14.34,3.55,57.35,11916.6,,546.05,819.0,1.5,Bullish,15,20,15,10,0,60,60,"Above 50 DMA, Healthy RSI momentum, Close to 52W low with recovery potential, Volume expansion"
29.08.2026 at 02:41 AM IST,INDOCO,Unknown,Unknown,242.53,1.5,162.19,332.2,49.53,26.99,62.27,233.72,222.27,93210.6,174592.0,1.87,Bullish,30,20,0,10,0,60,60,"Above 50 DMA, Above 200 DMA, Healthy RSI momentum, Volume expansion"
29.08.2026 at 02:41 AM IST,JMA,Unknown,Unknown,93.04,2.5,67.89,94.7,37.05,1.76,67.18,86.76,82.5,14587.35,22629.0,1.55,Bullish,30,20,0,10,0,60,60,"Above 50 DMA, Above 200 DMA, Healthy RSI momentum, Volume expansion"
29.08.2026 at 02:41 AM IST,MARALOVER,Unknown,Unknown,56.27,1.02,34.11,65.79,64.97,14.47,55.03,55.1,48.58,20669.8,32937.0,1.59,Bullish,30,20,0,10,0,60,60,"Above 50 DMA, Above 200 DMA, Healthy RSI momentum, Volume expansion"
29.08.2026 at 02:41 AM IST,MBAPL,Unknown,Unknown,162.78,-2.57,74.56,174.94,118.31,6.95,55.98,143.75,106.2,754262.4,1110873.0,1.47,Bullish,30,20,0,10,0,60,60,"Above 50 DMA, Above 200 DMA, Healthy RSI momentum, Volume expansion"
29.08.2026 at 02:41 AM IST,KROSS,Unknown,Unknown,215.11,-1.2,150.52,237.6,42.91,9.47,59.76,196.9,190.65,406349.05,677619.0,1.67,Bullish,30,20,0,10,0,60,60,"Above 50 DMA, Above 200 DMA, Healthy RSI momentum, Volume expansion"
29.08.2026 at 02:41 AM IST,ZFCVINDIA,Automobile and Auto Components,Unknown,2570.5,-0.69,2046.79,3038.73,25.59,15.41,51.52,2499.89,2428.69,118309.7,65894.0,0.56,Bullish,30,20,8,0,0,58,58,"Above 50 DMA, Above 200 DMA, Healthy RSI momentum, Within 30% of 52W low"
29.08.2026 at 02:41 AM IST,GODREJAGRO,Unknown,Unknown,614.75,-1.76,496.45,745.51,23.83,17.54,64.0,562.66,567.37,397521.3,180449.0,0.45,Bullish,30,20,8,0,0,58,58,"Above 50 DMA, Above 200 DMA, Healthy RSI momentum, Within 30% of 52W low"
29.08.2026 at 02:41 AM IST,ZEEMEDIA,Unknown,Unknown,8.61,-3.48,6.65,13.26,29.47,35.07,52.14,8.24,8.42,7109291.65,2989191.0,0.42,Bullish,30,20,8,0,0,58,58,"Above 50 DMA, Above 200 DMA, Healthy RSI momentum, Within 30% of 52W low"
29.08.2026 at 02:41 AM IST,ZENITHEXPO,Unknown,Unknown,214.78,0.0,174.0,351.65,23.44,38.92,53.51,205.5,208.91,1395.25,0.0,0.0,Bullish,30,20,8,0,0,58,58,"Above 50 DMA, Above 200 DMA, Healthy RSI momentum, Within 30% of 52W low"
29.08.2026 at 02:41 AM IST,GROBTEA,Unknown,Unknown,995.9,-2.09,803.25,1233.51,23.98,19.26,63.43,919.62,937.12,358.8,320.0,0.89,Bullish,30,20,8,0,0,58,58,"Above 50 DMA, Above 200 DMA, Healthy RSI momentum, Within 30% of 52W low"
29.08.2026 at 02:41 AM IST,CINELINE,Unknown,Unknown,89.37,-0.4,73.35,97.4,21.84,8.24,58.5,83.28,84.41,24581.45,9587.0,0.39,Bullish,30,20,8,0,0,58,58,"Above 50 DMA, Above 200 DMA, Healthy RSI momentum, Within 30% of 52W low"
29.08.2026 at 02:41 AM IST,CLEAN,Chemicals,Unknown,830.05,0.07,652.0,1214.89,27.31,31.68,60.36,780.95,801.45,582935.4,202595.0,0.35,Bullish,30,20,8,0,0,58,58,"Above 50 DMA, Above 200 DMA, Healthy RSI momentum, Within 30% of 52W low"
29.08.2026 at 02:41 AM IST,MAZDOCK,Capital Goods,Unknown,2588.0,-1.41,2053.69,3039.74,26.02,14.86,60.92,2460.85,2468.22,1030765.7,511497.0,0.5,Bullish,30,20,8,0,0,58,58,"Above 50 DMA, Above 200 DMA, Healthy RSI momentum, Within 30% of 52W low"
29.08.2026 at 02:41 AM IST,LT,Construction,Unknown,4027.0,-0.27,3256.29,4397.05,23.67,8.42,50.13,4004.44,3959.4,1439427.4,1161440.0,0.81,Bullish,30,20,8,0,0,58,58,"Above 50 DMA, Above 200 DMA, Healthy RSI momentum, Within 30% of 52W low"
29.08.2026 at 02:41 AM IST,TCIEXP,Unknown,Unknown,558.35,1.55,447.55,770.61,24.76,27.54,52.97,548.69,541.1,127169.5,53331.0,0.42,Bullish,30,20,8,0,0,58,58,"Above 50 DMA, Above 200 DMA, Healthy RSI momentum, Within 30% of 52W low"
29.08.2026 at 02:41 AM IST,TATACAP,Financial Services,Unknown,376.0,1.44,295.51,390.2,27.24,3.64,63.32,359.78,336.59,1685983.1,1550014.0,0.92,Bullish,30,20,8,0,0,58,58,"Above 50 DMA, Above 200 DMA, Healthy RSI momentum, Within 30% of 52W low"
29.08.2026 at 02:41 AM IST,TARMAT,Unknown,Unknown,59.93,-4.17,46.26,73.9,29.55,18.9,60.2,51.61,52.75,107339.4,92840.0,0.86,Bullish,30,20,8,0,0,58,58,"Above 50 DMA, Above 200 DMA, Healthy RSI momentum, Within 30% of 52W low"
29.08.2026 at 02:41 AM IST,LOYALTEX,Unknown,Unknown,218.9,1.81,170.04,333.99,28.73,34.46,56.69,209.77,213.97,1459.15,394.0,0.27,Bullish,30,20,8,0,0,58,58,"Above 50 DMA, Above 200 DMA, Healthy RSI momentum, Within 30% of 52W low"
29.08.2026 at 02:41 AM IST,AMBICAAGAR,Unknown,Unknown,24.97,-0.04,20.0,29.68,24.85,15.87,52.37,24.79,24.55,5220.75,920.0,0.18,Bullish,30,20,8,0,0,58,58,"Above 50 DMA, Above 200 DMA, Healthy RSI momentum, Within 30% of 52W low"
29.08.2026 at 02:41 AM IST,KOTAKBANK,Financial Services,Unknown,424.2,1.8,344.9,452.42,22.99,6.24,74.83,392.14,399.8,11149311.3,32914085.0,2.95,Bullish,30,5,8,15,0,58,58,"Above 50 DMA, Above 200 DMA, Strong but overbought RSI, Within 30% of 52W low, Strong volume expansion"
29.08.2026 at 02:41 AM IST,KRYSTAL,Unknown,Unknown,648.35,-0.63,500.0,729.5,29.67,11.12,59.47,610.06,581.38,70723.15,14332.0,0.2,Bullish,30,20,8,0,0,58,58,"Above 50 DMA, Above 200 DMA, Healthy RSI momentum, Within 30% of 52W low"
29.08.2026 at 02:41 AM IST,EDELWEISS,Unknown,Unknown,124.61,-2.24,98.0,133.9,27.15,6.94,54.53,121.29,114.19,4676696.05,3254716.0,0.7,Bullish,30,20,8,0,0,58,58,"Above 50 DMA, Above 200 DMA, Healthy RSI momentum, Within 30% of 52W low"
29.08.2026 at 02:41 AM IST,JUBLFOOD,Consumer Services,Unknown,504.0,0.9,407.64,665.86,23.64,24.31,61.33,452.44,489.68,3798522.75,974638.0,0.26,Bullish,30,20,8,0,0,58,58,"Above 50 DMA, Above 200 DMA, Healthy RSI momentum, Within 30% of 52W low"
29.08.2026 at 02:41 AM IST,VEEDOL,Unknown,Unknown,1491.5,-1.23,1219.4,1960.92,22.31,23.94,54.14,1447.49,1450.92,18770.65,5623.0,0.3,Bullish,30,20,8,0,0,58,58,"Above 50 DMA, Above 200 DMA, Healthy RSI momentum, Within 30% of 52W low"
29.08.2026 at 02:41 AM IST,TREL,Unknown,Unknown,26.49,0.38,21.47,34.37,23.38,22.93,54.54,25.69,25.82,146114.6,77679.0,0.53,Bullish,30,20,8,0,0,58,58,"Above 50 DMA, Above 200 DMA, Healthy RSI momentum, Within 30% of 52W low"
29.08.2026 at 02:41 AM IST,HEROMOTOCO,Automobile and Auto Components,Unknown,5550.0,-0.8,4603.78,6175.52,20.55,10.13,51.7,5217.41,5310.67,661280.4,533073.0,0.81,Bullish,30,20,8,0,0,58,58,"Above 50 DMA, Above 200 DMA, Healthy RSI momentum, Within 30% of 52W low"
29.08.2026 at 02:41 AM IST,UNOMINDA,Automobile and Auto Components,Unknown,1280.0,1.59,992.46,1378.85,28.97,7.17,65.55,1183.24,1170.5,839936.8,778534.0,0.93,Bullish,30,20,8,0,0,58,58,"Above 50 DMA, Above 200 DMA, Healthy RSI momentum, Within 30% of 52W low"
29.08.2026 at 02:41 AM IST,MAHSCOOTER,Unknown,Unknown,13564.0,-0.72,10848.18,18282.17,25.03,25.81,56.45,13071.8,13141.92,4886.9,2539.0,0.52,Bullish,30,20,8,0,0,58,58,"Above 50 DMA, Above 200 DMA, Healthy RSI momentum, Within 30% of 52W low"
29.08.2026 at 02:41 AM IST,OIL,Oil Gas & Consumable Fuels,Unknown,469.85,0.15,374.37,531.0,25.5,11.52,55.14,444.72,451.48,2926879.45,1445687.0,0.49,Bullish,30,20,8,0,0,58,58,"Above 50 DMA, Above 200 DMA, Healthy RSI momentum, Within 30% of 52W low"
29.08.2026 at 02:41 AM IST,OBCL,Unknown,Unknown,56.16,-2.64,46.51,62.0,20.75,9.42,61.35,54.29,55.11,26217.65,3976.0,0.15,Bullish,30,20,8,0,0,58,58,"Above 50 DMA, Above 200 DMA, Healthy RSI momentum, Within 30% of 52W low"
29.08.2026 at 02:41 AM IST,STEELCITY,Unknown,Unknown,86.2,-1.9,70.34,102.18,22.55,15.64,61.42,79.32,82.71,45856.65,8483.0,0.18,Bullish,30,20,8,0,0,58,58,"Above 50 DMA, Above 200 DMA, Healthy RSI momentum, Within 30% of 52W low"
29.08.2026 at 02:41 AM IST,NMDC,Metals & Mining,Unknown,85.72,-2.82,66.18,97.49,29.53,12.07,51.9,84.93,82.58,19620303.65,16189617.0,0.83,Bullish,30,20,8,0,0,58,58,"Above 50 DMA, Above 200 DMA, Healthy RSI momentum, Within 30% of 52W low"
29.08.2026 at 02:41 AM IST,PAR,Unknown,Unknown,99.56,0.02,78.05,122.43,27.56,18.68,50.48,96.57,93.64,11257.7,10240.0,0.91,Bullish,30,20,8,0,0,58,58,"Above 50 DMA, Above 200 DMA, Healthy RSI momentum, Within 30% of 52W low"
29.08.2026 at 02:41 AM IST,RAMANEWS,Unknown,Unknown,32.77,3.02,27.05,42.0,21.15,21.98,58.87,30.27,31.03,58863.0,32254.0,0.55,Bullish,30,20,8,0,0,58,58,"Above 50 DMA, Above 200 DMA, Healthy RSI momentum, Within 30% of 52W low"
29.08.2026 at 02:41 AM IST,ANUHPHR,Unknown,Unknown,83.58,5.77,65.75,91.26,27.12,8.42,70.3,77.96,76.88,64594.1,339632.0,5.26,Bullish,30,5,8,15,0,58,58,"Above 50 DMA, Above 200 DMA, Strong but overbought RSI, Within 30% of 52W low, Strong volume expansion"
29.08.2026 at 02:41 AM IST,PNB,Financial Services,Unknown,115.4,-1.11,95.72,131.33,20.56,12.13,54.14,110.88,112.6,12828665.6,10955188.0,0.85,Bullish,30,20,8,0,0,58,58,"Above 50 DMA, Above 200 DMA, Healthy RSI momentum, Within 30% of 52W low"
29.08.2026 at 02:41 AM IST,SILGO,Unknown,Unknown,74.03,1.62,61.0,86.2,21.36,14.12,63.17,72.94,73.62,208064.2,136582.0,0.66,Bullish,30,20,8,0,0,58,58,"Above 50 DMA, Above 200 DMA, Healthy RSI momentum, Within 30% of 52W low"
29.08.2026 at 02:41 AM IST,BANARISUG,Unknown,Unknown,3766.4,-2.12,3105.2,4338.0,21.29,13.18,55.71,3539.35,3593.44,6345.65,1062.0,0.17,Bullish,30,20,8,0,0,58,58,"Above 50 DMA, Above 200 DMA, Healthy RSI momentum, Within 30% of 52W low"
29.08.2026 at 02:41 AM IST,BAJAJFINSV,Financial Services,Unknown,2011.0,0.05,1595.64,2193.13,26.03,8.3,55.96,1922.93,1904.7,1260885.75,526392.0,0.42,Bullish,30,20,8,0,0,58,58,"Above 50 DMA, Above 200 DMA, Healthy RSI momentum, Within 30% of 52W low"
29.08.2026 at 02:41 AM IST,SILINV,Unknown,Unknown,478.1,-1.17,377.73,762.43,26.57,37.29,66.65,429.74,453.97,3178.65,1406.0,0.44,Bullish,30,20,8,0,0,58,58,"Above 50 DMA, Above 200 DMA, Healthy RSI momentum, Within 30% of 52W low"
29.08.2026 at 02:41 AM IST,ASAHIINDIA,Automobile and Auto Components,Unknown,951.25,0.01,775.1,1074.0,22.73,11.43,59.86,899.39,912.81,253992.25,91523.0,0.36,Bullish,30,20,8,0,0,58,58,"Above 50 DMA, Above 200 DMA, Healthy RSI momentum, Within 30% of 52W low"
29.08.2026 at 02:41 AM IST,GOKUL,Unknown,Unknown,43.09,-2.38,31.0,46.8,39.0,7.93,61.4,40.73,39.67,196327.65,254616.0,1.3,Bullish,30,20,0,5,0,55,55,"Above 50 DMA, Above 200 DMA, Healthy RSI momentum, Normal volume support"
29.08.2026 at 02:41 AM IST,FINKURVE,Unknown,Unknown,78.18,-0.26,48.02,134.9,62.81,42.05,66.41,66.3,77.17,253718.05,264146.0,1.04,Bullish,30,20,0,5,0,55,55,"Above 50 DMA, Above 200 DMA, Healthy RSI momentum, Normal volume support"
29.08.2026 at 02:41 AM IST,SHRIRAMFIN,Financial Services,Unknown,1101.0,-1.48,559.9,1153.7,96.64,4.57,51.0,1065.81,981.74,4136167.9,4358707.0,1.05,Bullish,30,20,0,5,0,55,55,"Above 50 DMA, Above 200 DMA, Healthy RSI momentum, Normal volume support"
29.08.2026 at 02:41 AM IST,GRWRHITECH,Unknown,Unknown,7060.5,-0.77,2671.62,7990.0,164.28,11.63,49.83,6993.92,4845.58,91530.4,286267.0,3.13,Bullish,30,10,0,15,0,55,55,"Above 50 DMA, Above 200 DMA, RSI recovering zone, Strong volume expansion"
29.08.2026 at 02:41 AM IST,IDEA,Telecommunication,Unknown,14.97,-0.6,6.46,15.37,131.73,2.6,68.06,13.8,11.8,409731236.7,430678395.0,1.05,Bullish,30,20,0,5,0,55,55,"Above 50 DMA, Above 200 DMA, Healthy RSI momentum, Normal volume support"
29.08.2026 at 02:41 AM IST,DHUNINV,Unknown,Unknown,1046.5,-6.22,665.04,1568.25,57.36,33.27,60.2,923.71,976.07,6506.0,11119.0,1.71,Bullish,30,20,0,10,5,55,55,"Above 50 DMA, Above 200 DMA, Healthy RSI momentum, Volume expansion, Sharp daily fall"
29.08.2026 at 02:41 AM IST,UDS,Unknown,Unknown,221.82,-0.11,124.49,263.37,78.19,15.78,67.86,199.63,175.24,381198.1,412890.0,1.08,Bullish,30,20,0,5,0,55,55,"Above 50 DMA, Above 200 DMA, Healthy RSI momentum, Normal volume support"
29.08.2026 at 02:41 AM IST,JSWINFRA,Services,Unknown,337.95,-2.03,232.72,355.8,45.22,5.02,53.67,330.78,283.67,2769424.65,2833326.0,1.02,Bullish,30,20,0,5,0,55,55,"Above 50 DMA, Above 200 DMA, Healthy RSI momentum, Normal volume support"
29.08.2026 at 02:41 AM IST,JKIPL,Unknown,Unknown,109.12,2.57,45.4,126.95,140.35,14.04,65.47,100.56,88.74,34453.55,34996.0,1.02,Bullish,30,20,0,5,0,55,55,"Above 50 DMA, Above 200 DMA, Healthy RSI momentum, Normal volume support"
29.08.2026 at 02:41 AM IST,KARURVYSYA,Financial Services,Unknown,346.3,-2.27,200.26,358.65,72.92,3.44,61.07,319.89,289.9,1732485.15,1792437.0,1.03,Bullish,30,20,0,5,0,55,55,"Above 50 DMA, Above 200 DMA, Healthy RSI momentum, Normal volume support"
29.08.2026 at 02:41 AM IST,KALYANKJIL,Consumer Durables,Unknown,629.3,3.06,327.05,648.95,92.42,3.03,67.0,526.72,448.22,14032624.6,14631430.0,1.04,Bullish,30,20,0,5,0,55,55,"Above 50 DMA, Above 200 DMA, Healthy RSI momentum, Normal volume support"
29.08.2026 at 02:41 AM IST,CYBERMEDIA,Unknown,Unknown,18.41,1.32,11.3,22.81,62.92,19.29,67.23,16.33,16.12,19596.05,22560.0,1.15,Bullish,30,20,0,5,0,55,55,"Above 50 DMA, Above 200 DMA, Healthy RSI momentum, Normal volume support"
29.08.2026 at 02:41 AM IST,TMCV,Capital Goods,Unknown,473.1,-2.2,302.88,503.32,56.2,6.0,61.7,436.32,415.46,9201912.5,10010513.0,1.09,Bullish,30,20,0,5,0,55,55,"Above 50 DMA, Above 200 DMA, Healthy RSI momentum, Normal volume support"
29.08.2026 at 02:41 AM IST,CPPLUS,Capital Goods,Unknown,3629.7,2.82,1200.26,4094.0,202.41,11.34,55.2,3562.48,2335.2,262131.0,297754.0,1.14,Bullish,30,20,0,5,0,55,55,"Above 50 DMA, Above 200 DMA, Healthy RSI momentum, Normal volume support"
29.08.2026 at 02:41 AM IST,M&M,Automobile and Auto Components,Unknown,3330.0,-2.01,2865.9,3799.99,16.19,12.37,46.82,3253.86,3317.87,2003273.9,1853016.0,0.92,Bullish,30,10,15,0,0,55,55,"Above 50 DMA, Above 200 DMA, RSI recovering zone, Close to 52W low with recovery potential"
29.08.2026 at 02:41 AM IST,CRAFTSMAN,Automobile and Auto Components,Unknown,10898.0,3.41,6316.29,10960.0,72.54,0.57,64.68,9793.99,8191.27,39223.35,46789.0,1.19,Bullish,30,20,0,5,0,55,55,"Above 50 DMA, Above 200 DMA, Healthy RSI momentum, Normal volume support"
29.08.2026 at 02:41 AM IST,TBZ,Unknown,Unknown,306.1,0.1,110.5,312.7,177.01,2.11,66.65,244.62,178.14,1716230.7,1842044.0,1.07,Bullish,30,20,0,5,0,55,55,"Above 50 DMA, Above 200 DMA, Healthy RSI momentum, Normal volume support"
29.08.2026 at 02:41 AM IST,ATUL,Chemicals,Unknown,6585.0,0.9,5533.22,7144.77,19.01,7.83,49.26,6514.07,6374.52,44398.55,38284.0,0.86,Bullish,30,10,15,0,0,55,55,"Above 50 DMA, Above 200 DMA, RSI recovering zone, Close to 52W low with recovery potential"
29.08.2026 at 02:41 AM IST,MAHABANK,Financial Services,Unknown,84.69,-1.06,50.17,94.5,68.8,10.38,62.07,82.77,71.35,13237481.25,16185909.0,1.22,Bullish,30,20,0,5,0,55,55,"Above 50 DMA, Above 200 DMA, Healthy RSI momentum, Normal volume support"
29.08.2026 at 02:41 AM IST,METROPOLIS,Unknown,Unknown,576.9,1.16,411.44,609.05,40.22,5.28,56.7,562.09,504.33,241021.55,297439.0,1.23,Bullish,30,20,0,5,0,55,55,"Above 50 DMA, Above 200 DMA, Healthy RSI momentum, Normal volume support"
29.08.2026 at 02:41 AM IST,MOLDTKPAC,Unknown,Unknown,702.2,-1.25,463.35,865.47,51.55,18.86,54.48,690.95,616.45,86380.75,104568.0,1.21,Bullish,30,20,0,5,0,55,55,"Above 50 DMA, Above 200 DMA, Healthy RSI momentum, Normal volume support"
29.08.2026 at 02:41 AM IST,SUPERHOUSE,Unknown,Unknown,169.9,-3.54,128.55,201.95,32.17,15.87,56.8,160.96,153.93,7103.35,9160.0,1.29,Bullish,30,20,0,5,0,55,55,"Above 50 DMA, Above 200 DMA, Healthy RSI momentum, Normal volume support"
29.08.2026 at 02:41 AM IST,STLNETWORK,Unknown,Unknown,25.99,1.92,15.75,35.4,65.02,26.58,54.74,25.62,23.8,939911.85,1160371.0,1.23,Bullish,30,20,0,5,0,55,55,"Above 50 DMA, Above 200 DMA, Healthy RSI momentum, Normal volume support"
29.08.2026 at 02:41 AM IST,STEL,Unknown,Unknown,622.6,0.47,380.0,657.3,63.84,5.28,69.35,571.76,504.91,3957.6,4721.0,1.19,Bullish,30,20,0,5,0,55,55,"Above 50 DMA, Above 200 DMA, Healthy RSI momentum, Normal volume support"
29.08.2026 at 02:41 AM IST,ORIENTBELL,Unknown,Unknown,377.2,-0.26,237.99,388.0,58.49,2.78,69.74,328.99,301.62,33615.85,37203.0,1.11,Bullish,30,20,0,5,0,55,55,"Above 50 DMA, Above 200 DMA, Healthy RSI momentum, Normal volume support"
29.08.2026 at 02:41 AM IST,ONWARDTEC,Unknown,Unknown,285.6,0.78,202.55,347.22,41.0,17.75,50.55,283.0,269.13,33582.05,39930.0,1.19,Bullish,30,20,0,5,0,55,55,"Above 50 DMA, Above 200 DMA, Healthy RSI momentum, Normal volume support"
29.08.2026 at 02:41 AM IST,OMPOWER,Unknown,Unknown,172.27,-0.33,158.01,206.0,9.02,16.37,55.11,171.91,,112521.05,84420.0,0.75,Bullish,15,20,20,0,0,55,55,"Above 50 DMA, Healthy RSI momentum, Near 52W low with non-crashing RSI"
29.08.2026 at 02:41 AM IST,PIRAMALFIN,Financial Services,Unknown,2228.7,0.33,1252.89,2252.2,77.88,1.04,68.08,2123.59,1853.26,259864.55,322634.0,1.24,Bullish,30,20,0,5,0,55,55,"Above 50 DMA, Above 200 DMA, Healthy RSI momentum, Normal volume support"
29.08.2026 at 02:41 AM IST,PFIZER,Healthcare,Unknown,4740.4,-1.29,4290.49,5489.44,10.49,13.65,45.45,4675.27,4729.16,57285.85,20922.0,0.37,Bullish,30,10,15,0,0,55,55,"Above 50 DMA, Above 200 DMA, RSI recovering zone, Close to 52W low with recovery potential"
29.08.2026 at 02:41 AM IST,PRUDENT,Unknown,Unknown,3473.5,3.84,2118.41,3509.9,63.97,1.04,67.53,3124.66,2695.14,47310.4,60513.0,1.28,Bullish,30,20,0,5,0,55,55,"Above 50 DMA, Above 200 DMA, Healthy RSI momentum, Normal volume support"
29.08.2026 at 02:41 AM IST,PRINCEPIPE,Unknown,Unknown,295.65,-0.92,205.0,353.4,44.22,16.34,66.86,275.08,261.96,311925.0,330658.0,1.06,Bullish,30,20,0,5,0,55,55,"Above 50 DMA, Above 200 DMA, Healthy RSI momentum, Normal volume support"
29.08.2026 at 02:41 AM IST,APARINDS,Capital Goods,Unknown,17900.0,4.91,6801.0,18465.0,163.2,3.06,66.85,15350.74,11593.92,184189.35,214866.0,1.17,Bullish,30,20,0,5,0,55,55,"Above 50 DMA, Above 200 DMA, Healthy RSI momentum, Normal volume support"
29.08.2026 at 02:41 AM IST,POONAWALLA,Financial Services,Unknown,482.35,2.05,361.2,570.4,33.54,15.44,52.03,468.87,442.61,1370640.6,1434979.0,1.05,Bullish,30,20,0,5,0,55,55,"Above 50 DMA, Above 200 DMA, Healthy RSI momentum, Normal volume support"
29.08.2026 at 02:41 AM IST,ASPINWALL,Unknown,Unknown,261.26,0.81,195.38,292.51,33.72,10.68,64.64,244.75,229.01,2854.65,3080.0,1.08,Bullish,30,20,0,5,0,55,55,"Above 50 DMA, Above 200 DMA, Healthy RSI momentum, Normal volume support"
29.08.2026 at 02:41 AM IST,ARCHIDPLY,Unknown,Unknown,103.04,-8.77,60.0,124.78,71.73,17.42,61.52,86.29,84.49,82086.7,113517.0,1.38,Bullish,30,20,0,10,5,55,55,"Above 50 DMA, Above 200 DMA, Healthy RSI momentum, Volume expansion, Sharp daily fall"
29.08.2026 at 02:41 AM IST,BAJAJHLDNG,Financial Services,Unknown,11399.0,-1.22,8482.6,13642.17,34.38,16.44,55.75,10937.4,10616.77,44352.4,55310.0,1.25,Bullish,30,20,0,5,0,55,55,"Above 50 DMA, Above 200 DMA, Healthy RSI momentum, Normal volume support"
29.08.2026 at 02:41 AM IST,PVRINOX,Media Entertainment & Publication,Unknown,1236.3,-1.51,907.4,1284.5,36.25,3.75,69.82,1082.61,1031.43,426815.15,431393.0,1.01,Bullish,30,20,0,5,0,55,55,"Above 50 DMA, Above 200 DMA, Healthy RSI momentum, Normal volume support"
29.08.2026 at 02:41 AM IST,BEPL,Unknown,Unknown,121.43,-5.39,72.87,137.35,66.64,11.59,51.56,112.94,94.17,1714119.6,2815113.0,1.64,Bullish,30,20,0,10,5,55,55,"Above 50 DMA, Above 200 DMA, Healthy RSI momentum, Volume expansion, Sharp daily fall"
29.08.2026 at 02:41 AM IST,BALAMINES,Unknown,Unknown,2425.8,-0.47,963.33,2461.0,151.81,1.43,66.96,2176.03,1506.08,217837.7,234798.0,1.08,Bullish,30,20,0,5,0,55,55,"Above 50 DMA, Above 200 DMA, Healthy RSI momentum, Normal volume support"
29.08.2026 at 02:41 AM IST,ARIS,Unknown,Unknown,143.89,-2.75,82.18,178.3,75.09,19.3,67.85,123.85,121.66,1632107.9,1780386.0,1.09,Bullish,30,20,0,5,0,55,55,"Above 50 DMA, Above 200 DMA, Healthy RSI momentum, Normal volume support"
29.08.2026 at 02:41 AM IST,VINDHYATEL,Unknown,Unknown,2530.5,5.58,960.83,2600.0,163.37,2.67,64.02,2150.78,1594.44,116057.65,150595.0,1.3,Bullish,30,20,0,5,0,55,55,"Above 50 DMA, Above 200 DMA, Healthy RSI momentum, Normal volume support"
29.08.2026 at 02:41 AM IST,WSTCSTPAPR,Unknown,Unknown,606.85,-0.16,373.12,655.0,62.64,7.35,56.38,558.5,469.5,338432.55,439692.0,1.3,Bullish,30,20,0,5,0,55,55,"Above 50 DMA, Above 200 DMA, Healthy RSI momentum, Normal volume support"
29.08.2026 at 02:41 AM IST,GENCON,Unknown,Unknown,45.83,-2.01,36.35,59.96,26.08,23.57,70.44,41.01,43.18,330437.8,511577.0,1.55,Bullish,30,5,8,10,0,53,53,"Above 50 DMA, Above 200 DMA, Strong but overbought RSI, Within 30% of 52W low, Volume expansion"
29.08.2026 at 02:41 AM IST,AEROFLEX,Unknown,Unknown,522.1,-2.66,157.85,542.0,230.76,3.67,65.67,451.35,305.31,1424781.65,1111371.0,0.78,Bullish,30,20,0,0,0,50,50,"Above 50 DMA, Above 200 DMA, Healthy RSI momentum"
29.08.2026 at 02:41 AM IST,VENKEYS,Unknown,Unknown,1575.6,-1.34,1165.0,1800.0,35.24,12.47,59.52,1496.32,1454.56,97683.9,51334.0,0.53,Bullish,30,20,0,0,0,50,50,"Above 50 DMA, Above 200 DMA, Healthy RSI momentum"
29.08.2026 at 02:41 AM IST,JUBLCPL,Unknown,Unknown,2122.9,-0.88,1460.0,3013.4,45.4,29.55,53.0,2016.75,1985.49,34246.8,4614.0,0.13,Bullish,30,20,0,0,0,50,50,"Above 50 DMA, Above 200 DMA, Healthy RSI momentum"
29.08.2026 at 02:41 AM IST,JINDRILL,Unknown,Unknown,630.55,-0.3,440.1,693.5,43.27,9.08,55.02,596.22,553.16,1305262.75,531304.0,0.41,Bullish,30,20,0,0,0,50,50,"Above 50 DMA, Above 200 DMA, Healthy RSI momentum"
29.08.2026 at 02:41 AM IST,JINDALSAW,Capital Goods,Unknown,310.25,2.58,151.6,316.95,104.65,2.11,72.62,266.52,211.99,2835261.55,8584804.0,3.03,Bullish,30,5,0,15,0,50,50,"Above 50 DMA, Above 200 DMA, Strong but overbought RSI, Strong volume expansion"
29.08.2026 at 02:41 AM IST,DCMFINSERV,Unknown,Unknown,5.43,1.69,3.7,8.55,46.76,36.49,52.98,5.32,5.23,19579.35,3239.0,0.17,Bullish,30,20,0,0,0,50,50,"Above 50 DMA, Above 200 DMA, Healthy RSI momentum"
29.08.2026 at 02:41 AM IST,DCBBANK,Unknown,Unknown,217.51,1.72,118.52,220.5,83.53,1.36,71.11,189.88,182.15,2877648.2,9712688.0,3.38,Bullish,30,5,0,15,0,50,50,"Above 50 DMA, Above 200 DMA, Strong but overbought RSI, Strong volume expansion"
29.08.2026 at 02:41 AM IST,DBOL,Unknown,Unknown,123.34,-3.44,68.04,139.0,81.26,11.27,56.47,112.65,99.86,411390.0,307475.0,0.75,Bullish,30,20,0,0,0,50,50,"Above 50 DMA, Above 200 DMA, Healthy RSI momentum"
29.08.2026 at 02:41 AM IST,DATAPATTNS,Capital Goods,Unknown,4666.7,-2.36,2126.36,5000.0,119.47,6.67,53.77,4490.99,3551.0,945517.65,443386.0,0.47,Bullish,30,20,0,0,0,50,50,"Above 50 DMA, Above 200 DMA, Healthy RSI momentum"
29.08.2026 at 02:41 AM IST,KINGFA,Unknown,Unknown,5960.5,-1.65,3649.9,6200.0,63.31,3.86,61.62,5329.75,4687.72,24772.3,6668.0,0.27,Bullish,30,20,0,0,0,50,50,"Above 50 DMA, Above 200 DMA, Healthy RSI momentum"
29.08.2026 at 02:41 AM IST,KHAITANLTD,Unknown,Unknown,144.78,-1.48,85.0,165.0,70.33,12.25,51.7,137.54,116.12,12397.75,729.0,0.06,Bullish,30,20,0,0,0,50,50,"Above 50 DMA, Above 200 DMA, Healthy RSI momentum"
29.08.2026 at 02:41 AM IST,KELLTONTEC,Unknown,Unknown,14.86,9.99,13.0,28.13,14.31,47.17,63.31,14.57,16.4,4273720.2,58182615.0,13.61,Bullish,15,20,15,15,15,50,50,"Above 50 DMA, Healthy RSI momentum, Close to 52W low with recovery potential, Strong volume expansion, Below 200 DMA risk"
29.08.2026 at 02:41 AM IST,ALEMBICLTD,Unknown,Unknown,102.77,4.12,68.62,105.66,49.78,2.73,75.38,88.59,89.65,633140.65,2895906.0,4.57,Bullish,30,5,0,15,0,50,50,"Above 50 DMA, Above 200 DMA, Strong but overbought RSI, Strong volume expansion"
29.08.2026 at 02:41 AM IST,KDDL,Unknown,Unknown,3947.2,0.15,1990.0,4155.5,98.35,5.01,64.49,3442.58,2677.79,89806.3,59602.0,0.66,Bullish,30,20,0,0,0,50,50,"Above 50 DMA, Above 200 DMA, Healthy RSI momentum"
29.08.2026 at 02:41 AM IST,KCP,Unknown,Unknown,169.51,-1.46,124.21,210.85,36.47,19.61,58.04,164.23,166.42,317145.75,78496.0,0.25,Bullish,30,20,0,0,0,50,50,"Above 50 DMA, Above 200 DMA, Healthy RSI momentum"
29.08.2026 at 02:41 AM IST,KAYNES,Consumer Durables,Unknown,4018.8,-0.33,2995.0,7705.0,34.18,47.84,66.77,3503.6,3858.89,1417791.2,919380.0,0.65,Bullish,30,20,0,0,0,50,50,"Above 50 DMA, Above 200 DMA, Healthy RSI momentum"
29.08.2026 at 02:41 AM IST,KANPRPLA,Unknown,Unknown,268.49,1.98,150.37,283.14,78.55,5.17,63.66,215.1,196.29,98804.8,28339.0,0.29,Bullish,30,20,0,0,0,50,50,"Above 50 DMA, Above 200 DMA, Healthy RSI momentum"
29.08.2026 at 02:41 AM IST,DALMIASUG,Unknown,Unknown,474.55,-1.36,256.45,520.0,85.05,8.74,63.74,385.26,335.16,1377358.05,177301.0,0.13,Bullish,30,20,0,0,0,50,50,"Above 50 DMA, Above 200 DMA, Healthy RSI momentum"
29.08.2026 at 02:41 AM IST,CUPID,Unknown,Unknown,276.65,-2.58,32.87,299.0,741.7,7.47,60.26,231.2,129.87,31606169.15,19879463.0,0.63,Bullish,30,20,0,0,0,50,50,"Above 50 DMA, Above 200 DMA, Healthy RSI momentum"
29.08.2026 at 02:41 AM IST,CUB,Financial Services,Unknown,229.23,1.07,143.78,243.1,59.43,5.71,60.9,214.96,203.04,2869937.35,2031290.0,0.71,Bullish,30,20,0,0,0,50,50,"Above 50 DMA, Above 200 DMA, Healthy RSI momentum"
29.08.2026 at 02:41 AM IST,TMB,Unknown,Unknown,893.85,-0.42,405.09,917.0,120.65,2.52,63.25,818.68,663.04,169715.95,118544.0,0.7,Bullish,30,20,0,0,0,50,50,"Above 50 DMA, Above 200 DMA, Healthy RSI momentum"
29.08.2026 at 02:41 AM IST,TIJARIA,Unknown,Unknown,5.92,0.0,3.55,7.97,66.76,25.72,58.88,4.85,4.92,220099.65,53557.0,0.24,Bullish,30,20,0,0,0,50,50,"Above 50 DMA, Above 200 DMA, Healthy RSI momentum"
29.08.2026 at 02:41 AM IST,TIIL,Unknown,Unknown,3328.1,-1.73,1853.27,3565.3,79.58,6.65,69.17,2719.53,2412.58,87823.4,24929.0,0.28,Bullish,30,20,0,0,0,50,50,"Above 50 DMA, Above 200 DMA, Healthy RSI momentum"
29.08.2026 at 02:41 AM IST,TI,Unknown,Unknown,557.8,-0.55,381.55,594.55,46.19,6.18,64.49,482.53,455.26,1429092.8,691828.0,0.48,Bullish,30,20,0,0,0,50,50,"Above 50 DMA, Above 200 DMA, Healthy RSI momentum"
29.08.2026 at 02:41 AM IST,KEI,Capital Goods,Unknown,5536.0,-0.07,3724.29,5899.0,48.65,6.15,53.27,5318.07,4759.58,535143.55,213782.0,0.4,Bullish,30,20,0,0,0,50,50,"Above 50 DMA, Above 200 DMA, Healthy RSI momentum"
29.08.2026 at 02:41 AM IST,INDORAMA,Unknown,Unknown,63.87,4.33,29.0,75.0,120.24,14.84,64.97,52.73,44.4,543219.65,532500.0,0.98,Bullish,30,20,0,0,0,50,50,"Above 50 DMA, Above 200 DMA, Healthy RSI momentum"
29.08.2026 at 02:41 AM IST,INDOBORAX,Unknown,Unknown,503.0,-0.53,204.52,524.6,145.95,4.12,65.86,408.44,286.22,701640.7,142026.0,0.2,Bullish,30,20,0,0,0,50,50,"Above 50 DMA, Above 200 DMA, Healthy RSI momentum"
29.08.2026 at 02:41 AM IST,INDIGOPNTS,Unknown,Unknown,1170.2,-1.34,708.05,1345.9,65.27,13.05,61.37,1084.58,1035.19,196281.65,70872.0,0.36,Bullish,30,20,0,0,0,50,50,"Above 50 DMA, Above 200 DMA, Healthy RSI momentum"
29.08.2026 at 02:41 AM IST,ECLERX,Services,Unknown,1940.9,-0.16,1319.27,2496.12,47.12,22.24,61.57,1718.68,1816.77,205975.6,181165.0,0.88,Bullish,30,20,0,0,0,50,50,"Above 50 DMA, Above 200 DMA, Healthy RSI momentum"
29.08.2026 at 02:41 AM IST,DIGJAMLMTD,Unknown,Unknown,52.0,0.52,36.03,59.75,44.32,12.97,65.83,46.83,46.2,12026.05,2268.0,0.19,Bullish,30,20,0,0,0,50,50,"Above 50 DMA, Above 200 DMA, Healthy RSI momentum"
29.08.2026 at 02:41 AM IST,DIFFNKG,Unknown,Unknown,402.55,3.54,215.99,452.2,86.37,10.98,52.77,396.68,322.15,249931.6,79652.0,0.32,Bullish,30,20,0,0,0,50,50,"Above 50 DMA, Above 200 DMA, Healthy RSI momentum"
29.08.2026 at 02:41 AM IST,DICIND,Unknown,Unknown,601.3,-0.11,447.96,630.95,34.23,4.7,69.23,530.68,517.3,21114.95,8279.0,0.39,Bullish,30,20,0,0,0,50,50,"Above 50 DMA, Above 200 DMA, Healthy RSI momentum"
29.08.2026 at 02:41 AM IST,DIAMONDYD,Unknown,Unknown,1175.0,0.66,858.9,1245.0,36.8,5.62,51.29,1163.53,1084.63,75788.5,35814.0,0.47,Bullish,30,20,0,0,0,50,50,"Above 50 DMA, Above 200 DMA, Healthy RSI momentum"
29.08.2026 at 02:41 AM IST,JGCHEM,Unknown,Unknown,585.5,-2.08,298.4,663.1,96.21,11.7,55.21,505.43,406.53,1004368.0,92153.0,0.09,Bullish,30,20,0,0,0,50,50,"Above 50 DMA, Above 200 DMA, Healthy RSI momentum"
29.08.2026 at 02:41 AM IST,JETFREIGHT,Unknown,Unknown,22.85,-0.04,11.9,25.95,92.02,11.95,53.43,22.4,19.43,177418.95,159035.0,0.9,Bullish,30,20,0,0,0,50,50,"Above 50 DMA, Above 200 DMA, Healthy RSI momentum"
29.08.2026 at 02:41 AM IST,JAYSREETEA,Unknown,Unknown,100.1,-1.91,70.55,112.7,41.89,11.18,62.82,87.68,86.43,167952.5,84909.0,0.51,Bullish,30,20,0,0,0,50,50,"Above 50 DMA, Above 200 DMA, Healthy RSI momentum"
29.08.2026 at 02:41 AM IST,JAYNECOIND,Unknown,Unknown,101.09,-1.12,57.12,117.0,76.98,13.6,63.88,90.12,85.86,4744079.6,2438834.0,0.51,Bullish,30,20,0,0,0,50,50,"Above 50 DMA, Above 200 DMA, Healthy RSI momentum"
29.08.2026 at 02:41 AM IST,ALIVUS,Unknown,Unknown,1358.2,-0.19,819.0,1418.0,65.84,4.22,61.9,1216.46,1026.51,175275.95,60525.0,0.35,Bullish,30,20,0,0,0,50,50,"Above 50 DMA, Above 200 DMA, Healthy RSI momentum"
29.08.2026 at 02:41 AM IST,DIXON,Consumer Durables,Unknown,14711.0,-0.16,9600.0,18471.0,53.24,20.36,60.1,13636.04,12186.36,406025.1,279395.0,0.69,Bullish,30,20,0,0,0,50,50,"Above 50 DMA, Above 200 DMA, Healthy RSI momentum"
29.08.2026 at 02:41 AM IST,DIVGIITTS,Unknown,Unknown,1195.5,1.67,573.7,1318.8,108.38,9.35,61.28,1019.18,761.88,291512.4,68404.0,0.23,Bullish,30,20,0,0,0,50,50,"Above 50 DMA, Above 200 DMA, Healthy RSI momentum"
29.08.2026 at 02:41 AM IST,DEEPINDS,Unknown,Unknown,667.35,0.41,328.75,717.27,103.0,6.96,59.27,547.99,461.33,738840.6,194771.0,0.26,Bullish,30,20,0,0,0,50,50,"Above 50 DMA, Above 200 DMA, Healthy RSI momentum"
29.08.2026 at 02:41 AM IST,DEEPAKNTR,Chemicals,Unknown,1752.8,-1.35,1274.18,1895.74,37.56,7.54,54.23,1678.67,1625.65,586052.8,228604.0,0.39,Bullish,30,20,0,0,0,50,50,"Above 50 DMA, Above 200 DMA, Healthy RSI momentum"
29.08.2026 at 02:41 AM IST,KALYANIFRG,Unknown,Unknown,682.45,1.1,520.57,844.73,31.1,19.21,61.53,624.5,616.61,6540.25,1821.0,0.28,Bullish,30,20,0,0,0,50,50,"Above 50 DMA, Above 200 DMA, Healthy RSI momentum"
29.08.2026 at 02:41 AM IST,AIIL,Financial Services,Unknown,553.9,-1.37,400.0,683.0,38.48,18.9,50.03,543.39,520.36,495335.6,136961.0,0.28,Bullish,30,20,0,0,0,50,50,"Above 50 DMA, Above 200 DMA, Healthy RSI momentum"
29.08.2026 at 02:41 AM IST,AGI,Unknown,Unknown,737.7,-0.91,465.0,939.0,58.65,21.44,58.64,706.4,651.74,139598.75,74008.0,0.53,Bullish,30,20,0,0,0,50,50,"Above 50 DMA, Above 200 DMA, Healthy RSI momentum"
29.08.2026 at 02:41 AM IST,TVSMOTOR,Automobile and Auto Components,Unknown,4409.8,-1.21,3226.72,4484.5,36.67,1.67,63.4,3960.35,3682.28,923746.45,579869.0,0.63,Bullish,30,20,0,0,0,50,50,"Above 50 DMA, Above 200 DMA, Healthy RSI momentum"
29.08.2026 at 02:41 AM IST,TTKHLTCARE,Unknown,Unknown,1080.2,-0.95,727.56,1210.0,48.47,10.73,52.39,1012.02,958.25,32872.95,11390.0,0.35,Bullish,30,20,0,0,0,50,50,"Above 50 DMA, Above 200 DMA, Healthy RSI momentum"
29.08.2026 at 02:41 AM IST,TRIGYN,Unknown,Unknown,60.09,-0.94,37.55,102.4,60.03,41.32,64.82,54.4,58.17,45659.8,34212.0,0.75,Bullish,30,20,0,0,0,50,50,"Above 50 DMA, Above 200 DMA, Healthy RSI momentum"
29.08.2026 at 02:41 AM IST,ALKYLAMINE,Unknown,Unknown,2045.0,-2.13,1205.2,2115.06,69.68,3.31,61.48,1871.92,1643.56,184317.15,59466.0,0.32,Bullish,30,20,0,0,0,50,50,"Above 50 DMA, Above 200 DMA, Healthy RSI momentum"
29.08.2026 at 02:41 AM IST,THEMISMED,Unknown,Unknown,126.15,-0.09,64.95,148.0,94.23,14.76,66.21,112.22,98.93,263353.35,135765.0,0.52,Bullish,30,20,0,0,0,50,50,"Above 50 DMA, Above 200 DMA, Healthy RSI momentum"
29.08.2026 at 02:41 AM IST,DLF,Realty,Unknown,676.15,0.54,483.33,784.95,39.89,13.86,56.42,651.44,627.41,3154135.6,1765924.0,0.56,Bullish,30,20,0,0,0,50,50,"Above 50 DMA, Above 200 DMA, Healthy RSI momentum"
29.08.2026 at 02:41 AM IST,KRSNAA,Unknown,Unknown,557.7,-1.39,515.0,894.4,8.29,37.65,51.23,549.97,628.19,93271.0,129490.0,1.39,Bullish,15,20,20,10,15,50,50,"Above 50 DMA, Healthy RSI momentum, Near 52W low with non-crashing RSI, Volume expansion, Below 200 DMA risk"
29.08.2026 at 02:41 AM IST,M&MFIN,Financial Services,Unknown,383.35,-0.52,247.48,415.0,54.9,7.63,53.56,355.44,336.35,2552857.0,1390537.0,0.54,Bullish,30,20,0,0,0,50,50,"Above 50 DMA, Above 200 DMA, Healthy RSI momentum"
29.08.2026 at 02:41 AM IST,CONFIPET,Unknown,Unknown,79.01,-0.85,28.06,86.4,181.58,8.55,55.65,75.36,52.1,3935382.3,2291261.0,0.58,Bullish,30,20,0,0,0,50,50,"Above 50 DMA, Above 200 DMA, Healthy RSI momentum"
29.08.2026 at 02:41 AM IST,CONCORDBIO,Healthcare,Unknown,1481.9,-3.91,981.13,1719.7,51.04,13.83,55.12,1366.12,1257.44,222099.25,184371.0,0.83,Bullish,30,20,0,0,0,50,50,"Above 50 DMA, Above 200 DMA, Healthy RSI momentum"
29.08.2026 at 02:41 AM IST,COHANCE,Healthcare,Unknown,454.0,-1.81,266.7,1038.9,70.23,56.3,53.06,442.93,429.89,1441002.75,308834.0,0.21,Bullish,30,20,0,0,0,50,50,"Above 50 DMA, Above 200 DMA, Healthy RSI momentum"
29.08.2026 at 02:41 AM IST,CNL,Unknown,Unknown,1207.95,-0.61,525.0,1275.0,130.09,5.26,62.9,975.88,743.4,79440.8,23472.0,0.3,Bullish,30,20,0,0,0,50,50,"Above 50 DMA, Above 200 DMA, Healthy RSI momentum"
29.08.2026 at 02:41 AM IST,LUMAXTECH,Unknown,Unknown,1930.6,0.15,1021.28,2110.0,89.04,8.5,60.65,1653.36,1597.14,487805.9,97288.0,0.2,Bullish,30,20,0,0,0,50,50,"Above 50 DMA, Above 200 DMA, Healthy RSI momentum"
29.08.2026 at 02:41 AM IST,LUMAXIND,Unknown,Unknown,6094.5,-1.07,3938.18,6868.72,54.75,11.27,65.15,5442.05,5364.23,27169.65,20103.0,0.74,Bullish,30,20,0,0,0,50,50,"Above 50 DMA, Above 200 DMA, Healthy RSI momentum"
29.08.2026 at 02:41 AM IST,LTFOODS,Fast Moving Consumer Goods,Unknown,437.85,-2.98,331.46,490.7,32.1,10.77,59.46,398.7,396.02,2756701.35,568938.0,0.21,Bullish,30,20,0,0,0,50,50,"Above 50 DMA, Above 200 DMA, Healthy RSI momentum"
29.08.2026 at 02:41 AM IST,LTF,Financial Services,Unknown,321.9,-0.09,213.07,338.6,51.08,4.93,57.09,312.16,291.18,4731472.25,3273758.0,0.69,Bullish,30,20,0,0,0,50,50,"Above 50 DMA, Above 200 DMA, Healthy RSI momentum"
29.08.2026 at 02:41 AM IST,LODHA,Realty,Unknown,1246.3,-1.48,648.52,1340.24,92.18,7.01,56.28,1153.19,1015.49,1335817.35,801407.0,0.6,Bullish,30,20,0,0,0,50,50,"Above 50 DMA, Above 200 DMA, Healthy RSI momentum"
29.08.2026 at 02:41 AM IST,CHOLAFIN,Financial Services,Unknown,1875.4,0.39,1298.89,1952.5,44.38,3.95,53.96,1821.07,1673.17,1188470.5,942441.0,0.79,Bullish,30,20,0,0,0,50,50,"Above 50 DMA, Above 200 DMA, Healthy RSI momentum"
29.08.2026 at 02:41 AM IST,THEJO,Unknown,Unknown,2093.6,2.43,1440.19,2281.2,45.37,8.22,55.43,1966.22,1751.4,13796.25,4315.0,0.31,Bullish,30,20,0,0,0,50,50,"Above 50 DMA, Above 200 DMA, Healthy RSI momentum"
29.08.2026 at 02:41 AM IST,MARKSANS,Unknown,Unknown,326.15,-1.48,154.57,344.55,111.0,5.34,66.05,277.62,211.31,5851767.4,1415329.0,0.24,Bullish,30,20,0,0,0,50,50,"Above 50 DMA, Above 200 DMA, Healthy RSI momentum"
29.08.2026 at 02:41 AM IST,TCPLPACK,Unknown,Unknown,3846.4,-0.79,2183.08,4410.9,76.19,12.8,56.49,3336.15,2882.15,41005.0,5515.0,0.13,Bullish,30,20,0,0,0,50,50,"Above 50 DMA, Above 200 DMA, Healthy RSI momentum"
29.08.2026 at 02:41 AM IST,TBOTEK,Consumer Services,Unknown,1696.6,-0.58,1004.2,1764.8,68.95,3.86,61.47,1546.86,1426.03,297333.0,103405.0,0.35,Bullish,30,20,0,0,0,50,50,"Above 50 DMA, Above 200 DMA, Healthy RSI momentum"
29.08.2026 at 02:41 AM IST,TATVA,Unknown,Unknown,1599.2,-0.45,975.43,1838.1,63.95,13.0,46.18,1516.3,1332.65,64997.6,120039.0,1.85,Bullish,30,10,0,10,0,50,50,"Above 50 DMA, Above 200 DMA, RSI recovering zone, Volume expansion"
29.08.2026 at 02:41 AM IST,AUROPHARMA,Healthcare,Unknown,1637.0,0.86,1016.1,1682.4,61.11,2.7,56.84,1581.84,1361.76,993605.7,717677.0,0.72,Bullish,30,20,0,0,0,50,50,"Above 50 DMA, Above 200 DMA, Healthy RSI momentum"
29.08.2026 at 02:41 AM IST,AUBANK,Financial Services,Unknown,1091.0,-2.02,681.49,1144.1,60.09,4.64,54.64,1054.32,992.57,1737512.55,898558.0,0.52,Bullish,30,20,0,0,0,50,50,"Above 50 DMA, Above 200 DMA, Healthy RSI momentum"
29.08.2026 at 02:41 AM IST,ATL,Unknown,Unknown,26.25,-1.72,18.2,40.51,44.23,35.2,60.72,24.05,25.21,286750.15,123304.0,0.43,Bullish,30,20,0,0,0,50,50,"Above 50 DMA, Above 200 DMA, Healthy RSI momentum"
29.08.2026 at 02:41 AM IST,ATHERENERG,Automobile and Auto Components,Unknown,1495.3,0.05,421.6,1580.0,254.67,5.36,63.62,1281.34,901.72,4372321.6,2754306.0,0.63,Bullish,30,20,0,0,0,50,50,"Above 50 DMA, Above 200 DMA, Healthy RSI momentum"
29.08.2026 at 02:41 AM IST,SHIVAUM,Unknown,Unknown,445.0,0.12,275.0,474.05,61.82,6.13,58.38,419.69,339.89,23422.3,1264.0,0.05,Bullish,30,20,0,0,0,50,50,"Above 50 DMA, Above 200 DMA, Healthy RSI momentum"
29.08.2026 at 02:41 AM IST,SHIVAMILLS,Unknown,Unknown,62.6,3.51,43.01,77.01,45.55,18.71,54.03,61.26,59.71,2761.8,115.0,0.04,Bullish,30,20,0,0,0,50,50,"Above 50 DMA, Above 200 DMA, Healthy RSI momentum"
29.08.2026 at 02:41 AM IST,SHAILY,Unknown,Unknown,3289.0,1.57,1770.9,3615.2,85.72,9.02,56.57,3028.26,2517.46,194147.15,114517.0,0.59,Bullish,30,20,0,0,0,50,50,"Above 50 DMA, Above 200 DMA, Healthy RSI momentum"
29.08.2026 at 02:41 AM IST,SHAHALLOYS,Unknown,Unknown,85.96,13.02,53.1,88.37,61.88,2.73,71.67,71.62,68.72,59431.9,213584.0,3.59,Bullish,30,5,0,15,0,50,50,"Above 50 DMA, Above 200 DMA, Strong but overbought RSI, Strong volume expansion"
29.08.2026 at 02:41 AM IST,CHENNPETRO,Oil Gas & Consumable Fuels,Unknown,1352.4,-1.64,608.25,1489.7,122.34,9.22,55.22,1204.57,995.93,2633629.95,579400.0,0.22,Bullish,30,20,0,0,0,50,50,"Above 50 DMA, Above 200 DMA, Healthy RSI momentum"
29.08.2026 at 02:41 AM IST,YUKEN,Unknown,Unknown,927.2,-1.08,583.16,1033.33,59.0,10.27,68.75,782.33,768.18,20569.1,8665.0,0.42,Bullish,30,20,0,0,0,50,50,"Above 50 DMA, Above 200 DMA, Healthy RSI momentum"
29.08.2026 at 02:41 AM IST,ANANDRATHI,Financial Services,Unknown,2182.9,0.16,1351.2,2230.0,61.55,2.11,63.33,2073.71,1719.43,206947.5,124936.0,0.6,Bullish,30,20,0,0,0,50,50,"Above 50 DMA, Above 200 DMA, Healthy RSI momentum"
29.08.2026 at 02:41 AM IST,AMDIND,Unknown,Unknown,53.33,1.41,33.77,68.07,57.92,21.65,58.68,48.07,46.41,43226.65,17333.0,0.4,Bullish,30,20,0,0,0,50,50,"Above 50 DMA, Above 200 DMA, Healthy RSI momentum"
29.08.2026 at 02:41 AM IST,ULTRAMAR,Unknown,Unknown,423.3,-2.18,358.58,455.75,18.05,7.12,61.83,386.94,,157458.35,45873.0,0.29,Bullish,15,20,15,0,0,50,50,"Above 50 DMA, Healthy RSI momentum, Close to 52W low with recovery potential"
29.08.2026 at 02:41 AM IST,AJAXENGG,Unknown,Unknown,579.1,-0.41,394.8,728.5,46.68,20.51,53.44,567.31,549.18,84681.45,50817.0,0.6,Bullish,30,20,0,0,0,50,50,"Above 50 DMA, Above 200 DMA, Healthy RSI momentum"
29.08.2026 at 02:41 AM IST,AJANTPHARM,Healthcare,Unknown,3543.6,-0.23,2283.14,3796.0,55.21,6.65,52.37,3418.49,2965.61,89971.25,49671.0,0.55,Bullish,30,20,0,0,0,50,50,"Above 50 DMA, Above 200 DMA, Healthy RSI momentum"
29.08.2026 at 02:41 AM IST,KRITINUT,Unknown,Unknown,86.23,-2.12,51.36,104.53,67.89,17.51,54.18,81.64,78.29,28807.95,4106.0,0.14,Bullish,30,20,0,0,0,50,50,"Above 50 DMA, Above 200 DMA, Healthy RSI momentum"
29.08.2026 at 02:41 AM IST,KRISHIVAL,Unknown,Unknown,406.5,2.65,282.3,508.0,44.0,19.98,54.97,397.44,375.71,46465.4,18323.0,0.39,Bullish,30,20,0,0,0,50,50,"Above 50 DMA, Above 200 DMA, Healthy RSI momentum"
29.08.2026 at 02:41 AM IST,KRISHANA,Unknown,Unknown,191.92,-6.45,86.14,206.39,122.81,7.01,60.14,162.77,123.97,1062733.95,1276320.0,1.2,Bullish,30,20,0,5,5,50,50,"Above 50 DMA, Above 200 DMA, Healthy RSI momentum, Normal volume support, Sharp daily fall"
29.08.2026 at 02:41 AM IST,KRBL,Unknown,Unknown,433.55,-3.1,274.65,474.85,57.86,8.7,67.22,376.63,363.46,1100356.7,821268.0,0.75,Bullish,30,20,0,0,0,50,50,"Above 50 DMA, Above 200 DMA, Healthy RSI momentum"
29.08.2026 at 02:41 AM IST,KPRMILL,Textiles,Unknown,1126.5,-0.84,794.35,1331.08,41.81,15.37,54.65,1115.61,980.98,265158.9,136961.0,0.52,Bullish,30,20,0,0,0,50,50,"Above 50 DMA, Above 200 DMA, Healthy RSI momentum"
29.08.2026 at 02:41 AM IST,KPIL,Construction,Unknown,1391.0,-0.02,999.1,1468.0,39.23,5.25,58.31,1346.59,1220.32,348541.7,121480.0,0.35,Bullish,30,20,0,0,0,50,50,"Above 50 DMA, Above 200 DMA, Healthy RSI momentum"
29.08.2026 at 02:41 AM IST,KTKBANK,Unknown,Unknown,327.15,-3.12,164.47,341.0,98.91,4.06,62.54,289.33,239.09,3436734.05,1461115.0,0.43,Bullish,30,20,0,0,0,50,50,"Above 50 DMA, Above 200 DMA, Healthy RSI momentum"
29.08.2026 at 02:41 AM IST,KNAGRI,Unknown,Unknown,214.23,-0.49,148.3,244.0,44.46,12.2,52.24,209.88,195.5,26007.95,12730.0,0.49,Bullish,30,20,0,0,0,50,50,"Above 50 DMA, Above 200 DMA, Healthy RSI momentum"
29.08.2026 at 02:41 AM IST,KMSUGAR,Unknown,Unknown,30.61,-4.22,23.3,36.5,31.37,16.14,52.27,28.44,27.18,563640.35,338995.0,0.6,Bullish,30,20,0,0,0,50,50,"Above 50 DMA, Above 200 DMA, Healthy RSI momentum"
29.08.2026 at 02:41 AM IST,KMEW,Unknown,Unknown,2969.0,6.88,851.65,2999.9,248.62,1.03,72.74,2473.11,1917.75,112684.15,303914.0,2.7,Bullish,30,5,0,15,0,50,50,"Above 50 DMA, Above 200 DMA, Strong but overbought RSI, Strong volume expansion"
29.08.2026 at 02:41 AM IST,COSMOFIRST,Unknown,Unknown,942.05,1.92,558.1,1008.41,68.8,6.58,58.64,867.3,735.0,141158.15,76944.0,0.55,Bullish,30,20,0,0,0,50,50,"Above 50 DMA, Above 200 DMA, Healthy RSI momentum"
29.08.2026 at 02:41 AM IST,LMW,Unknown,Unknown,19132.0,-0.37,11893.88,20151.0,60.86,5.06,64.28,16905.65,15306.95,7188.25,1824.0,0.25,Bullish,30,20,0,0,0,50,50,"Above 50 DMA, Above 200 DMA, Healthy RSI momentum"
29.08.2026 at 02:41 AM IST,LINCOLN,Unknown,Unknown,614.0,0.24,440.0,770.0,39.55,20.26,53.14,605.79,578.38,86086.25,14024.0,0.16,Bullish,30,20,0,0,0,50,50,"Above 50 DMA, Above 200 DMA, Healthy RSI momentum"
29.08.2026 at 02:41 AM IST,LGEINDIA,Consumer Durables,Unknown,1700.4,1.49,1304.1,1755.0,30.39,3.11,63.42,1580.55,1543.53,1047627.2,921188.0,0.88,Bullish,30,20,0,0,0,50,50,"Above 50 DMA, Above 200 DMA, Healthy RSI momentum"
29.08.2026 at 02:41 AM IST,LAURUSLABS,Healthcare,Unknown,1929.4,2.25,821.6,1930.0,134.83,0.03,74.01,1664.11,1244.68,1976079.2,4249869.0,2.15,Bullish,30,5,0,15,0,50,50,"Above 50 DMA, Above 200 DMA, Strong but overbought RSI, Strong volume expansion"
29.08.2026 at 02:41 AM IST,LATTEYS,Unknown,Unknown,22.2,-1.77,15.79,37.0,40.6,40.0,55.88,20.95,21.95,90620.35,39358.0,0.43,Bullish,30,20,0,0,0,50,50,"Above 50 DMA, Above 200 DMA, Healthy RSI momentum"
29.08.2026 at 02:41 AM IST,LANCORHOL,Unknown,Unknown,30.86,0.0,18.12,33.9,70.31,8.97,61.18,26.49,25.35,294609.3,286030.0,0.97,Bullish,30,20,0,0,0,50,50,"Above 50 DMA, Above 200 DMA, Healthy RSI momentum"
29.08.2026 at 02:41 AM IST,LALPATHLAB,Healthcare,Unknown,1936.4,-0.05,1266.16,1988.9,52.93,2.64,63.54,1786.57,1540.0,261441.35,87929.0,0.34,Bullish,30,20,0,0,0,50,50,"Above 50 DMA, Above 200 DMA, Healthy RSI momentum"
29.08.2026 at 02:41 AM IST,LAL,Unknown,Unknown,8.98,0.56,5.56,12.77,61.51,29.68,58.28,8.69,8.13,161862.6,17788.0,0.11,Bullish,30,20,0,0,0,50,50,"Above 50 DMA, Above 200 DMA, Healthy RSI momentum"
29.08.2026 at 02:41 AM IST,KOLTEPATIL,Unknown,Unknown,447.95,-1.92,292.25,554.6,53.28,19.23,53.04,406.51,377.31,871369.6,60697.0,0.07,Bullish,30,20,0,0,0,50,50,"Above 50 DMA, Above 200 DMA, Healthy RSI momentum"
29.08.2026 at 02:41 AM IST,ARVEE,Unknown,Unknown,170.59,-2.41,129.11,290.78,32.13,41.33,53.61,163.11,168.26,9292.4,3030.0,0.33,Bullish,30,20,0,0,0,50,50,"Above 50 DMA, Above 200 DMA, Healthy RSI momentum"
29.08.2026 at 02:41 AM IST,WINDLAS,Unknown,Unknown,987.15,0.89,692.17,1035.9,42.62,4.71,64.22,880.52,813.69,219377.45,29843.0,0.14,Bullish,30,20,0,0,0,50,50,"Above 50 DMA, Above 200 DMA, Healthy RSI momentum"
29.08.2026 at 02:41 AM IST,WHIRLPOOL,Consumer Durables,Unknown,836.15,9.0,746.54,1428.46,12.0,41.46,65.69,787.16,866.78,549631.7,5452955.0,9.92,Bullish,15,20,15,15,15,50,50,"Above 50 DMA, Healthy RSI momentum, Close to 52W low with recovery potential, Strong volume expansion, Below 200 DMA risk"
29.08.2026 at 02:41 AM IST,WHEELS,Unknown,Unknown,1516.3,1.96,697.46,1808.0,117.4,16.13,56.69,1490.44,1145.27,82555.25,31125.0,0.38,Bullish,30,20,0,0,0,50,50,"Above 50 DMA, Above 200 DMA, Healthy RSI momentum"
29.08.2026 at 02:41 AM IST,A2ZINFRA,Unknown,Unknown,16.41,2.56,12.0,22.64,36.75,27.52,61.54,14.39,15.28,666701.15,423268.0,0.63,Bullish,30,20,0,0,0,50,50,"Above 50 DMA, Above 200 DMA, Healthy RSI momentum"
29.08.2026 at 02:41 AM IST,VSSL,Unknown,Unknown,354.55,-2.64,204.38,372.28,73.47,4.76,63.22,305.75,273.96,265725.8,127105.0,0.48,Bullish,30,20,0,0,0,50,50,"Above 50 DMA, Above 200 DMA, Healthy RSI momentum"
29.08.2026 at 02:41 AM IST,VRLLOG,Unknown,Unknown,293.9,2.67,225.0,310.2,30.62,5.25,63.44,259.27,258.63,650696.6,175551.0,0.27,Bullish,30,20,0,0,0,50,50,"Above 50 DMA, Above 200 DMA, Healthy RSI momentum"
29.08.2026 at 02:41 AM IST,ADVANCE,Unknown,Unknown,120.32,-1.84,84.1,154.0,43.07,21.87,53.1,115.59,115.84,540300.6,66356.0,0.12,Bullish,30,20,0,0,0,50,50,"Above 50 DMA, Above 200 DMA, Healthy RSI momentum"
29.08.2026 at 02:41 AM IST,ADROITINFO,Unknown,Unknown,10.4,2.06,7.55,12.2,37.75,14.75,60.05,9.48,9.67,35136.5,24530.0,0.7,Bullish,30,20,0,0,0,50,50,"Above 50 DMA, Above 200 DMA, Healthy RSI momentum"
29.08.2026 at 02:41 AM IST,ESABINDIA,Unknown,Unknown,6095.5,-1.1,4646.75,7287.88,31.18,16.36,57.45,5807.19,5792.19,9506.5,3776.0,0.4,Bullish,30,20,0,0,0,50,50,"Above 50 DMA, Above 200 DMA, Healthy RSI momentum"
29.08.2026 at 02:41 AM IST,EPL,Unknown,Unknown,252.8,-0.57,176.4,274.03,43.31,7.75,56.98,237.89,218.37,2351047.1,890657.0,0.38,Bullish,30,20,0,0,0,50,50,"Above 50 DMA, Above 200 DMA, Healthy RSI momentum"
29.08.2026 at 02:41 AM IST,INDOTECH,Unknown,Unknown,3712.2,-0.9,1100.0,4030.0,237.47,7.89,55.81,3400.49,2193.52,26910.25,17022.0,0.63,Bullish,30,20,0,0,0,50,50,"Above 50 DMA, Above 200 DMA, Healthy RSI momentum"
29.08.2026 at 02:41 AM IST,ENTERO,Unknown,Unknown,1753.5,6.4,944.0,1786.4,85.75,1.84,84.83,1280.18,1168.05,429210.2,1277994.0,2.98,Bullish,30,5,0,15,0,50,50,"Above 50 DMA, Above 200 DMA, Strong but overbought RSI, Strong volume expansion"
29.08.2026 at 02:41 AM IST,HAL,Capital Goods,Unknown,4899.0,0.69,3472.06,5149.9,41.1,4.87,56.57,4635.7,4355.71,1129283.2,351457.0,0.31,Bullish,30,20,0,0,0,50,50,"Above 50 DMA, Above 200 DMA, Healthy RSI momentum"
29.08.2026 at 02:41 AM IST,GULFOILLUB,Unknown,Unknown,1154.3,-0.73,865.0,1276.7,33.45,9.59,56.22,1090.28,1054.91,117069.2,48111.0,0.41,Bullish,30,20,0,0,0,50,50,"Above 50 DMA, Above 200 DMA, Healthy RSI momentum"
29.08.2026 at 02:41 AM IST,GUJALKALI,Unknown,Unknown,710.75,-1.26,409.15,815.0,73.71,12.79,59.91,649.87,586.77,136475.85,63803.0,0.47,Bullish,30,20,0,0,0,50,50,"Above 50 DMA, Above 200 DMA, Healthy RSI momentum"
29.08.2026 at 02:41 AM IST,GUFICBIO,Unknown,Unknown,412.1,0.92,267.93,447.89,53.81,7.99,52.15,395.68,335.76,109639.35,39966.0,0.36,Bullish,30,20,0,0,0,50,50,"Above 50 DMA, Above 200 DMA, Healthy RSI momentum"
29.08.2026 at 02:41 AM IST,GRPLTD,Unknown,Unknown,1982.9,0.68,1497.24,2356.25,32.44,15.85,50.61,1947.47,1838.97,1942.0,1024.0,0.53,Bullish,30,20,0,0,0,50,50,"Above 50 DMA, Above 200 DMA, Healthy RSI momentum"
29.08.2026 at 02:41 AM IST,FCL,Unknown,Unknown,48.49,-4.13,19.1,51.38,153.87,5.62,63.93,41.13,29.82,13869005.1,9129878.0,0.66,Bullish,30,20,0,0,0,50,50,"Above 50 DMA, Above 200 DMA, Healthy RSI momentum"
29.08.2026 at 02:41 AM IST,EXPLEOSOL,Unknown,Unknown,873.7,-0.71,562.35,1032.52,55.37,15.38,60.72,771.71,776.78,365530.95,11211.0,0.03,Bullish,30,20,0,0,0,50,50,"Above 50 DMA, Above 200 DMA, Healthy RSI momentum"
29.08.2026 at 02:41 AM IST,EMUDHRA,Unknown,Unknown,559.25,2.84,363.56,737.94,53.83,24.21,67.9,481.68,502.11,212426.95,183021.0,0.86,Bullish,30,20,0,0,0,50,50,"Above 50 DMA, Above 200 DMA, Healthy RSI momentum"
29.08.2026 at 02:41 AM IST,EMIL,Unknown,Unknown,178.99,-3.01,84.9,196.74,110.82,9.02,61.14,146.62,116.34,14886774.7,661662.0,0.04,Bullish,30,20,0,0,0,50,50,"Above 50 DMA, Above 200 DMA, Healthy RSI momentum"
29.08.2026 at 02:41 AM IST,ELLEN,Unknown,Unknown,325.8,1.42,175.0,559.8,86.17,41.8,61.59,289.22,285.51,889912.0,850408.0,0.96,Bullish,30,20,0,0,0,50,50,"Above 50 DMA, Above 200 DMA, Healthy RSI momentum"
29.08.2026 at 02:41 AM IST,HINDALCO,Metals & Mining,Unknown,1024.0,-2.75,693.38,1169.9,47.68,12.47,50.05,991.0,955.93,4839656.25,3635432.0,0.75,Bullish,30,20,0,0,0,50,50,"Above 50 DMA, Above 200 DMA, Healthy RSI momentum"
29.08.2026 at 02:41 AM IST,EPIGRAL,Unknown,Unknown,1206.4,-3.43,803.52,1830.98,50.14,34.11,61.27,1102.93,1143.27,80609.2,64607.0,0.8,Bullish,30,20,0,0,0,50,50,"Above 50 DMA, Above 200 DMA, Healthy RSI momentum"
29.08.2026 at 02:41 AM IST,ACE,Capital Goods,Unknown,1136.0,-1.98,745.1,1196.0,52.46,5.02,55.57,1053.71,937.53,412826.4,388332.0,0.94,Bullish,30,20,0,0,0,50,50,"Above 50 DMA, Above 200 DMA, Healthy RSI momentum"
29.08.2026 at 02:41 AM IST,ABCAPITAL,Financial Services,Unknown,410.0,0.0,272.7,430.7,50.35,4.81,53.77,401.83,358.91,4018389.5,1578229.0,0.39,Bullish,30,20,0,0,0,50,50,"Above 50 DMA, Above 200 DMA, Healthy RSI momentum"
29.08.2026 at 02:41 AM IST,ABB,Capital Goods,Unknown,7490.0,-1.56,4564.87,7832.29,64.08,4.37,51.41,7269.64,6247.14,256231.65,189460.0,0.74,Bullish,30,20,0,0,0,50,50,"Above 50 DMA, Above 200 DMA, Healthy RSI momentum"
29.08.2026 at 02:41 AM IST,ZENTEC,Capital Goods,Unknown,1825.6,-2.55,1222.36,2042.63,49.35,10.63,50.26,1801.47,1547.28,538032.05,281461.0,0.52,Bullish,30,20,0,0,0,50,50,"Above 50 DMA, Above 200 DMA, Healthy RSI momentum"
29.08.2026 at 02:41 AM IST,AARTIPHARM,Unknown,Unknown,813.5,-2.77,585.0,944.1,39.06,13.83,55.58,735.8,715.33,1369061.55,397741.0,0.29,Bullish,30,20,0,0,0,50,50,"Above 50 DMA, Above 200 DMA, Healthy RSI momentum"
29.08.2026 at 02:41 AM IST,AARTIIND,Chemicals,Unknown,538.9,-0.75,338.05,551.75,59.41,2.33,63.3,495.47,440.16,1954134.4,531274.0,0.27,Bullish,30,20,0,0,0,50,50,"Above 50 DMA, Above 200 DMA, Healthy RSI momentum"
29.08.2026 at 02:41 AM IST,AFFLE,Information Technology,Unknown,1650.3,-2.16,1251.3,2185.9,31.89,24.5,50.55,1565.57,1551.97,203240.9,169829.0,0.84,Bullish,30,20,0,0,0,50,50,"Above 50 DMA, Above 200 DMA, Healthy RSI momentum"
29.08.2026 at 02:41 AM IST,AETHER,Unknown,Unknown,1677.3,1.35,726.45,1696.1,130.89,1.11,66.47,1484.11,1137.01,380062.7,200314.0,0.53,Bullish,30,20,0,0,0,50,50,"Above 50 DMA, Above 200 DMA, Healthy RSI momentum"
29.08.2026 at 02:41 AM IST,FINEORG,Unknown,Unknown,5258.2,2.32,3847.3,5394.8,36.67,2.53,58.97,5060.39,4606.87,46380.9,23417.0,0.5,Bullish,30,20,0,0,0,50,50,"Above 50 DMA, Above 200 DMA, Healthy RSI momentum"
29.08.2026 at 02:41 AM IST,FINCABLES,Capital Goods,Unknown,1291.15,0.37,700.8,1374.0,84.24,6.03,65.15,1114.7,930.46,2065496.15,685892.0,0.33,Bullish,30,20,0,0,0,50,50,"Above 50 DMA, Above 200 DMA, Healthy RSI momentum"
29.08.2026 at 02:41 AM IST,FILATEX,Unknown,Unknown,78.31,4.15,36.26,87.27,115.97,10.27,51.06,70.01,52.6,4558440.6,4553890.0,1.0,Bullish,30,20,0,0,0,50,50,"Above 50 DMA, Above 200 DMA, Healthy RSI momentum"
29.08.2026 at 02:41 AM IST,FEDFINA,Unknown,Unknown,157.94,-1.38,119.07,178.48,32.64,11.51,57.0,153.37,147.85,940351.2,530135.0,0.56,Bullish,30,20,0,0,0,50,50,"Above 50 DMA, Above 200 DMA, Healthy RSI momentum"
29.08.2026 at 02:41 AM IST,ARVIND,Unknown,Unknown,540.95,-0.18,274.8,600.0,96.85,9.84,50.95,539.23,415.21,865657.4,651136.0,0.75,Bullish,30,20,0,0,0,50,50,"Above 50 DMA, Above 200 DMA, Healthy RSI momentum"
29.08.2026 at 02:41 AM IST,GNFC,Unknown,Unknown,577.0,-1.24,365.0,619.0,58.08,6.79,57.89,538.94,490.94,678810.55,477474.0,0.7,Bullish,30,20,0,0,0,50,50,"Above 50 DMA, Above 200 DMA, Healthy RSI momentum"
29.08.2026 at 02:41 AM IST,GMMPFAUDLR,Unknown,Unknown,1025.15,0.76,734.12,1304.86,39.64,21.44,67.64,868.39,935.76,489369.45,93043.0,0.19,Bullish,30,20,0,0,0,50,50,"Above 50 DMA, Above 200 DMA, Healthy RSI momentum"
29.08.2026 at 02:41 AM IST,ZIMLAB,Unknown,Unknown,125.21,-0.94,59.31,133.9,111.11,6.49,62.84,118.35,89.1,65143.8,40646.0,0.62,Bullish,30,20,0,0,0,50,50,"Above 50 DMA, Above 200 DMA, Healthy RSI momentum"
29.08.2026 at 02:41 AM IST,GLOBAL,Unknown,Unknown,110.98,-0.07,54.66,121.3,103.03,8.51,64.01,103.75,96.65,98407.25,59561.0,0.61,Bullish,30,20,0,0,0,50,50,"Above 50 DMA, Above 200 DMA, Healthy RSI momentum"
29.08.2026 at 02:41 AM IST,GLENMARK,Healthcare,Unknown,2460.0,0.89,1792.6,2484.0,37.23,0.97,69.72,2257.08,2144.43,507654.1,447011.0,0.88,Bullish,30,20,0,0,0,50,50,"Above 50 DMA, Above 200 DMA, Healthy RSI momentum"
29.08.2026 at 02:41 AM IST,FLUOROCHEM,Chemicals,Unknown,4672.1,-1.27,2916.6,4958.9,60.19,5.78,59.17,4308.74,3667.34,235913.4,61251.0,0.26,Bullish,30,20,0,0,0,50,50,"Above 50 DMA, Above 200 DMA, Healthy RSI momentum"
29.08.2026 at 02:41 AM IST,FIVESTAR,Financial Services,Unknown,533.75,3.63,336.93,663.59,58.42,19.57,51.02,534.56,493.49,472058.55,1353731.0,2.87,Bearish,15,20,0,15,0,50,50,"Above 200 DMA, Healthy RSI momentum, Strong volume expansion"
29.08.2026 at 02:41 AM IST,SIEMENS,Capital Goods,Unknown,4095.0,1.29,2812.18,4149.4,45.62,1.31,65.62,3743.49,3417.52,482643.6,455385.0,0.94,Bullish,30,20,0,0,0,50,50,"Above 50 DMA, Above 200 DMA, Healthy RSI momentum"
29.08.2026 at 02:41 AM IST,SHRIPISTON,Unknown,Unknown,4498.4,-2.42,2477.94,4785.8,81.54,6.01,53.52,4295.88,3418.58,76021.8,73996.0,0.97,Bullish,30,20,0,0,0,50,50,"Above 50 DMA, Above 200 DMA, Healthy RSI momentum"
29.08.2026 at 02:41 AM IST,SHREEJISPG,Unknown,Unknown,640.35,0.21,221.44,681.55,189.17,6.05,54.3,589.97,430.28,1058291.55,692051.0,0.65,Bullish,30,20,0,0,0,50,50,"Above 50 DMA, Above 200 DMA, Healthy RSI momentum"
29.08.2026 at 02:41 AM IST,AURUM,Unknown,Unknown,228.45,-2.13,151.9,264.64,50.4,13.68,51.8,225.5,189.32,221993.1,112758.0,0.51,Bullish,30,20,0,0,0,50,50,"Above 50 DMA, Above 200 DMA, Healthy RSI momentum"
29.08.2026 at 02:41 AM IST,ARVSMART,Unknown,Unknown,650.4,-2.69,485.12,705.41,34.07,7.8,52.85,618.59,586.53,488178.2,123741.0,0.25,Bullish,30,20,0,0,0,50,50,"Above 50 DMA, Above 200 DMA, Healthy RSI momentum"
29.08.2026 at 02:41 AM IST,GOKULAGRO,Unknown,Unknown,244.48,-0.37,151.0,259.8,61.91,5.9,62.53,222.37,201.94,820823.35,592803.0,0.72,Bullish,30,20,0,0,0,50,50,"Above 50 DMA, Above 200 DMA, Healthy RSI momentum"
29.08.2026 at 02:41 AM IST,HNDFDS,Unknown,Unknown,635.55,-0.15,442.0,677.75,43.79,6.23,64.74,578.99,526.63,118644.0,27024.0,0.23,Bullish,30,20,0,0,0,50,50,"Above 50 DMA, Above 200 DMA, Healthy RSI momentum"
29.08.2026 at 02:41 AM IST,HINDZINC,Metals & Mining,Unknown,610.1,-2.62,410.5,719.85,48.62,15.25,61.56,552.41,570.86,7185243.45,4838968.0,0.67,Bullish,30,20,0,0,0,50,50,"Above 50 DMA, Above 200 DMA, Healthy RSI momentum"
29.08.2026 at 02:41 AM IST,ENGINERSIN,Construction,Unknown,246.96,-1.36,162.35,267.0,52.11,7.51,55.91,238.44,216.66,2670747.2,1497903.0,0.56,Bullish,30,20,0,0,0,50,50,"Above 50 DMA, Above 200 DMA, Healthy RSI momentum"
29.08.2026 at 02:41 AM IST,ENDURANCE,Automobile and Auto Components,Unknown,2944.8,-1.38,2134.01,3072.0,37.99,4.14,55.06,2788.97,2581.0,158999.65,62223.0,0.39,Bullish,30,20,0,0,0,50,50,"Above 50 DMA, Above 200 DMA, Healthy RSI momentum"
29.08.2026 at 02:41 AM IST,EBGNG,Unknown,Unknown,580.25,0.53,239.0,689.5,142.78,15.84,52.06,576.52,412.73,650379.1,228142.0,0.35,Bullish,30,20,0,0,0,50,50,"Above 50 DMA, Above 200 DMA, Healthy RSI momentum"
29.08.2026 at 02:41 AM IST,DYNAMATECH,Unknown,Unknown,11492.0,-0.11,6391.15,12865.83,79.81,10.68,59.01,10746.3,10064.88,21393.9,10773.0,0.5,Bullish,30,20,0,0,0,50,50,"Above 50 DMA, Above 200 DMA, Healthy RSI momentum"
29.08.2026 at 02:41 AM IST,DYCL,Unknown,Unknown,448.25,-2.32,236.47,475.0,89.56,5.63,56.97,402.11,339.62,550479.95,236905.0,0.43,Bullish,30,20,0,0,0,50,50,"Above 50 DMA, Above 200 DMA, Healthy RSI momentum"
29.08.2026 at 02:41 AM IST,DWARKESH,Unknown,Unknown,51.18,-4.78,32.05,59.9,59.71,14.56,62.16,43.89,41.21,6336511.1,3534020.0,0.56,Bullish,30,20,0,0,0,50,50,"Above 50 DMA, Above 200 DMA, Healthy RSI momentum"
29.08.2026 at 02:41 AM IST,DREDGECORP,Unknown,Unknown,1115.8,-1.35,538.0,1286.0,107.4,13.23,52.3,1085.61,1001.26,212192.25,70849.0,0.33,Bullish,30,20,0,0,0,50,50,"Above 50 DMA, Above 200 DMA, Healthy RSI momentum"
29.08.2026 at 02:41 AM IST,DPABHUSHAN,Unknown,Unknown,1521.2,1.0,866.1,1670.0,75.64,8.91,61.37,1271.79,1224.1,36822.1,26341.0,0.72,Bullish,30,20,0,0,0,50,50,"Above 50 DMA, Above 200 DMA, Healthy RSI momentum"
29.08.2026 at 02:41 AM IST,INDIANHUME,Unknown,Unknown,390.85,-0.5,276.34,426.66,41.44,8.39,55.97,370.06,355.48,56479.45,11045.0,0.2,Bullish,30,20,0,0,0,50,50,"Above 50 DMA, Above 200 DMA, Healthy RSI momentum"
29.08.2026 at 02:41 AM IST,INDIANB,Financial Services,Unknown,884.4,-0.52,629.2,980.02,40.56,9.76,58.25,846.63,848.99,1302731.5,596643.0,0.46,Bullish,30,20,0,0,0,50,50,"Above 50 DMA, Above 200 DMA, Healthy RSI momentum"
29.08.2026 at 02:41 AM IST,HFCL,Telecommunication,Unknown,245.84,4.22,59.82,247.44,310.97,0.65,67.69,214.24,123.7,21444380.25,19390535.0,0.9,Bullish,30,20,0,0,0,50,50,"Above 50 DMA, Above 200 DMA, Healthy RSI momentum"
29.08.2026 at 02:41 AM IST,INDGN,Healthcare,Unknown,567.35,-0.41,412.19,594.19,37.64,4.52,62.18,528.91,505.25,806795.25,464592.0,0.58,Bullish,30,20,0,0,0,50,50,"Above 50 DMA, Above 200 DMA, Healthy RSI momentum"
29.08.2026 at 02:41 AM IST,IMAGICAA,Unknown,Unknown,60.21,19.99,36.84,60.21,63.44,0.0,77.43,47.98,46.76,2574760.55,34242813.0,13.3,Bullish,30,5,0,15,0,50,50,"Above 50 DMA, Above 200 DMA, Strong but overbought RSI, Strong volume expansion"
29.08.2026 at 02:41 AM IST,ELECTCAST,Unknown,Unknown,78.99,1.73,59.41,102.67,32.96,23.06,70.89,74.23,74.78,1724644.1,4091262.0,2.37,Bullish,30,5,0,15,0,50,50,"Above 50 DMA, Above 200 DMA, Strong but overbought RSI, Strong volume expansion"
29.08.2026 at 02:41 AM IST,EICHERMOT,Automobile and Auto Components,Unknown,8100.0,0.81,6007.09,8165.0,34.84,0.8,64.7,7669.31,7286.93,398062.5,369462.0,0.93,Bullish,30,20,0,0,0,50,50,"Above 50 DMA, Above 200 DMA, Healthy RSI momentum"
29.08.2026 at 02:41 AM IST,IITL,Unknown,Unknown,159.91,2.79,108.0,216.0,48.06,25.97,64.76,137.59,148.24,145624.95,106801.0,0.73,Bullish,30,20,0,0,0,50,50,"Above 50 DMA, Above 200 DMA, Healthy RSI momentum"
29.08.2026 at 02:41 AM IST,JAGSNPHARM,Unknown,Unknown,236.99,-2.15,155.0,264.5,52.9,10.4,54.89,230.6,202.32,121552.65,66137.0,0.54,Bullish,30,20,0,0,0,50,50,"Above 50 DMA, Above 200 DMA, Healthy RSI momentum"
29.08.2026 at 02:41 AM IST,IRMENERGY,Unknown,Unknown,283.1,-1.53,165.4,393.0,71.16,27.96,52.22,272.85,263.74,190383.1,38894.0,0.2,Bullish,30,20,0,0,0,50,50,"Above 50 DMA, Above 200 DMA, Healthy RSI momentum"
29.08.2026 at 02:41 AM IST,IPCALAB,Healthcare,Unknown,1959.8,0.38,1247.27,1992.0,57.13,1.62,68.97,1773.26,1561.65,706306.8,122184.0,0.17,Bullish,30,20,0,0,0,50,50,"Above 50 DMA, Above 200 DMA, Healthy RSI momentum"
29.08.2026 at 02:41 AM IST,IOLCP,Unknown,Unknown,193.07,3.8,67.07,195.64,187.86,1.31,74.53,155.9,105.63,4491808.1,10366009.0,2.31,Bullish,30,5,0,15,0,50,50,"Above 50 DMA, Above 200 DMA, Strong but overbought RSI, Strong volume expansion"
29.08.2026 at 02:41 AM IST,INOXINDIA,Unknown,Unknown,2177.9,13.04,1066.92,2224.0,104.13,2.07,71.23,1942.84,1443.77,362468.0,4484559.0,12.37,Bullish,30,5,0,15,0,50,50,"Above 50 DMA, Above 200 DMA, Strong but overbought RSI, Strong volume expansion"
29.08.2026 at 02:41 AM IST,INNOVACAP,Unknown,Unknown,1021.55,-0.94,622.0,1120.0,64.24,8.79,52.45,986.83,803.58,87929.1,47647.0,0.54,Bullish,30,20,0,0,0,50,50,"Above 50 DMA, Above 200 DMA, Healthy RSI momentum"
29.08.2026 at 02:41 AM IST,INGERRAND,Unknown,Unknown,4609.4,0.71,3049.54,4768.7,51.15,3.34,56.35,4465.03,3953.78,34825.9,14940.0,0.43,Bullish,30,20,0,0,0,50,50,"Above 50 DMA, Above 200 DMA, Healthy RSI momentum"
29.08.2026 at 02:41 AM IST,INDIAGLYCO,Unknown,Unknown,1203.3,1.08,785.72,1219.0,53.15,1.29,63.46,1094.5,1001.95,312804.05,304427.0,0.97,Bullish,30,20,0,0,0,50,50,"Above 50 DMA, Above 200 DMA, Healthy RSI momentum"
29.08.2026 at 02:41 AM IST,HERITGFOOD,Unknown,Unknown,378.15,-1.34,290.36,535.95,30.24,29.44,65.34,342.83,368.01,333499.75,122264.0,0.37,Bullish,30,20,0,0,0,50,50,"Above 50 DMA, Above 200 DMA, Healthy RSI momentum"
29.08.2026 at 02:41 AM IST,HEG,Capital Goods,Unknown,710.2,-0.47,457.22,749.0,55.33,5.18,62.24,617.88,570.96,1581718.0,592845.0,0.37,Bullish,30,20,0,0,0,50,50,"Above 50 DMA, Above 200 DMA, Healthy RSI momentum"
29.08.2026 at 02:41 AM IST,HCG,Unknown,Unknown,699.95,-0.88,513.3,804.65,36.36,13.01,50.13,671.09,636.49,180143.35,105209.0,0.58,Bullish,30,20,0,0,0,50,50,"Above 50 DMA, Above 200 DMA, Healthy RSI momentum"
29.08.2026 at 02:41 AM IST,HCC,Unknown,Unknown,25.1,5.11,13.65,30.0,83.88,16.33,72.06,22.91,20.67,36741791.95,202003226.0,5.5,Bullish,30,5,0,15,0,50,50,"Above 50 DMA, Above 200 DMA, Strong but overbought RSI, Strong volume expansion"
29.08.2026 at 02:41 AM IST,HATSUN,Unknown,Unknown,1152.5,6.07,846.17,1166.41,36.2,1.19,77.9,932.29,940.45,79043.5,284131.0,3.59,Bullish,30,5,0,15,0,50,50,"Above 50 DMA, Above 200 DMA, Strong but overbought RSI, Strong volume expansion"
29.08.2026 at 02:41 AM IST,HARSHA,Unknown,Unknown,438.55,2.29,312.18,467.32,40.48,6.16,58.77,420.0,390.15,193609.65,111988.0,0.58,Bullish,30,20,0,0,0,50,50,"Above 50 DMA, Above 200 DMA, Healthy RSI momentum"
29.08.2026 at 02:41 AM IST,ETHOSLTD,Unknown,Unknown,2891.0,0.4,1919.4,3245.9,50.62,10.93,61.32,2651.6,2589.42,178013.7,20609.0,0.12,Bullish,30,20,0,0,0,50,50,"Above 50 DMA, Above 200 DMA, Healthy RSI momentum"
29.08.2026 at 02:41 AM IST,IIFL,Financial Services,Unknown,635.65,-2.81,409.1,705.0,55.38,9.84,54.76,579.01,532.12,2470658.7,2283168.0,0.92,Bullish,30,20,0,0,0,50,50,"Above 50 DMA, Above 200 DMA, Healthy RSI momentum"
29.08.2026 at 02:41 AM IST,IGCL,Unknown,Unknown,72.24,-0.3,49.46,118.99,46.06,39.29,50.37,70.6,70.45,115179.05,69100.0,0.6,Bullish,30,20,0,0,0,50,50,"Above 50 DMA, Above 200 DMA, Healthy RSI momentum"
29.08.2026 at 02:41 AM IST,VARROC,Unknown,Unknown,813.15,0.12,461.06,874.85,76.37,7.05,67.64,704.41,602.89,1189647.5,406477.0,0.34,Bullish,30,20,0,0,0,50,50,"Above 50 DMA, Above 200 DMA, Healthy RSI momentum"
29.08.2026 at 02:41 AM IST,VAISHALI,Unknown,Unknown,8.33,1.96,4.75,12.75,75.37,34.67,58.97,7.76,7.75,150443.2,125534.0,0.83,Bullish,30,20,0,0,0,50,50,"Above 50 DMA, Above 200 DMA, Healthy RSI momentum"
29.08.2026 at 02:41 AM IST,VADILALIND,Unknown,Unknown,7444.5,0.29,3986.82,8427.6,86.73,11.67,60.22,6873.75,5355.46,38813.15,6764.0,0.17,Bullish,30,20,0,0,0,50,50,"Above 50 DMA, Above 200 DMA, Healthy RSI momentum"
29.08.2026 at 02:41 AM IST,HOMEFIRST,Financial Services,Unknown,1200.2,1.39,889.54,1311.57,34.92,8.49,55.32,1193.47,1125.11,122919.75,118552.0,0.96,Bullish,30,20,0,0,0,50,50,"Above 50 DMA, Above 200 DMA, Healthy RSI momentum"
29.08.2026 at 02:41 AM IST,UTKARSHBNK,Unknown,Unknown,14.92,-0.13,10.12,22.59,47.43,33.95,62.95,14.52,14.14,5127796.25,4463747.0,0.87,Bullish,30,20,0,0,0,50,50,"Above 50 DMA, Above 200 DMA, Healthy RSI momentum"
29.08.2026 at 02:41 AM IST,UNIVCABLES,Unknown,Unknown,1607.3,1.81,573.9,1774.9,180.07,9.44,58.67,1361.47,983.34,259366.55,91786.0,0.35,Bullish,30,20,0,0,0,50,50,"Above 50 DMA, Above 200 DMA, Healthy RSI momentum"
29.08.2026 at 02:41 AM IST,UNIPARTS,Unknown,Unknown,808.3,0.26,366.28,844.9,120.68,4.33,59.3,721.41,551.73,225268.65,120396.0,0.53,Bullish,30,20,0,0,0,50,50,"Above 50 DMA, Above 200 DMA, Healthy RSI momentum"
29.08.2026 at 02:41 AM IST,UNIONBANK,Financial Services,Unknown,184.5,-1.61,121.07,199.6,52.4,7.56,57.23,174.18,167.29,11403157.05,6999263.0,0.61,Bullish,30,20,0,0,0,50,50,"Above 50 DMA, Above 200 DMA, Healthy RSI momentum"
29.08.2026 at 02:41 AM IST,UNIMECH,Unknown,Unknown,1485.4,-0.99,695.0,1555.0,113.73,4.48,63.45,1288.68,1022.35,284925.15,123211.0,0.43,Bullish,30,20,0,0,0,50,50,"Above 50 DMA, Above 200 DMA, Healthy RSI momentum"
29.08.2026 at 02:41 AM IST,UNICHEMLAB,Unknown,Unknown,539.75,1.78,278.2,687.2,94.02,21.46,54.43,521.61,422.64,314113.85,102231.0,0.33,Bullish,30,20,0,0,0,50,50,"Above 50 DMA, Above 200 DMA, Healthy RSI momentum"
29.08.2026 at 02:41 AM IST,ADANIPOWER,Power,Unknown,215.0,3.76,116.7,254.2,84.23,15.42,59.04,215.36,181.56,17123501.05,70024737.0,4.09,Bearish,15,20,0,15,0,50,50,"Above 200 DMA, Healthy RSI momentum, Strong volume expansion"
29.08.2026 at 02:41 AM IST,ACMESOLAR,Power,Unknown,386.3,-2.44,195.73,411.5,97.37,6.12,53.69,374.67,286.82,2020539.55,1572541.0,0.78,Bullish,30,20,0,0,0,50,50,"Above 50 DMA, Above 200 DMA, Healthy RSI momentum"
29.08.2026 at 02:41 AM IST,ICIL,Unknown,Unknown,423.4,-0.52,216.04,462.0,95.98,8.35,53.53,413.15,314.6,1933862.65,280466.0,0.15,Bullish,30,20,0,0,0,50,50,"Above 50 DMA, Above 200 DMA, Healthy RSI momentum"
29.08.2026 at 02:41 AM IST,HYUNDAI,Automobile and Auto Components,Unknown,2253.0,0.13,1642.32,2862.66,37.18,21.3,67.62,2053.95,2063.97,948628.0,928582.0,0.98,Bullish,30,20,0,0,0,50,50,"Above 50 DMA, Above 200 DMA, Healthy RSI momentum"
29.08.2026 at 02:41 AM IST,HTMEDIA,Unknown,Unknown,27.05,0.63,17.52,31.3,54.39,13.58,54.92,25.36,23.23,388725.55,47718.0,0.12,Bullish,30,20,0,0,0,50,50,"Above 50 DMA, Above 200 DMA, Healthy RSI momentum"
29.08.2026 at 02:41 AM IST,HONASA,Fast Moving Consumer Goods,Unknown,481.85,1.97,246.86,506.65,95.19,4.89,57.11,458.44,348.72,2108541.6,1169028.0,0.55,Bullish,30,20,0,0,0,50,50,"Above 50 DMA, Above 200 DMA, Healthy RSI momentum"
29.08.2026 at 02:41 AM IST,UTTAMSUGAR,Unknown,Unknown,298.34,-4.63,181.1,359.3,64.74,16.97,58.74,250.72,237.51,575082.2,352684.0,0.61,Bullish,30,20,0,0,0,50,50,"Above 50 DMA, Above 200 DMA, Healthy RSI momentum"
29.08.2026 at 02:41 AM IST,SAMBHV,Unknown,Unknown,124.14,-3.36,81.42,141.32,52.47,12.16,52.56,118.5,106.31,1988824.95,831851.0,0.42,Bullish,30,20,0,0,0,50,50,"Above 50 DMA, Above 200 DMA, Healthy RSI momentum"
29.08.2026 at 02:41 AM IST,SALSTEEL,Unknown,Unknown,71.59,-0.07,16.85,81.8,324.87,12.48,57.92,61.11,50.27,731223.5,617914.0,0.85,Bullish,30,20,0,0,0,50,50,"Above 50 DMA, Above 200 DMA, Healthy RSI momentum"
29.08.2026 at 02:41 AM IST,BAJFINANCE,Financial Services,Unknown,1083.0,-0.18,783.09,1176.4,38.3,7.94,51.33,1052.68,970.78,7633190.05,5220239.0,0.68,Bullish,30,20,0,0,0,50,50,"Above 50 DMA, Above 200 DMA, Healthy RSI momentum"
29.08.2026 at 02:41 AM IST,RAMRAT,Unknown,Unknown,569.6,8.76,266.41,580.5,113.81,1.88,80.45,438.46,364.72,481375.15,3785377.0,7.86,Bullish,30,5,0,15,0,50,50,"Above 50 DMA, Above 200 DMA, Strong but overbought RSI, Strong volume expansion"
29.08.2026 at 02:41 AM IST,BCLIND,Unknown,Unknown,37.02,-1.78,25.53,44.9,45.01,17.55,52.68,35.88,32.91,1079843.3,471336.0,0.44,Bullish,30,20,0,0,0,50,50,"Above 50 DMA, Above 200 DMA, Healthy RSI momentum"
29.08.2026 at 02:41 AM IST,BBTCL,Unknown,Unknown,237.01,1.69,156.0,262.0,51.93,9.54,54.99,222.88,200.29,25745.95,3220.0,0.13,Bullish,30,20,0,0,0,50,50,"Above 50 DMA, Above 200 DMA, Healthy RSI momentum"
29.08.2026 at 02:41 AM IST,BANKINDIA,Financial Services,Unknown,144.6,-0.92,106.38,172.72,35.93,16.28,54.43,142.64,144.6,6122434.6,4438065.0,0.72,Bullish,30,20,0,0,0,50,50,"Above 50 DMA, Above 200 DMA, Healthy RSI momentum"
29.08.2026 at 02:41 AM IST,RAJSREESUG,Unknown,Unknown,35.25,-3.66,24.65,49.7,43.0,29.07,53.86,32.38,32.48,146415.3,91732.0,0.63,Bullish,30,20,0,0,0,50,50,"Above 50 DMA, Above 200 DMA, Healthy RSI momentum"
29.08.2026 at 02:41 AM IST,RADICO,Fast Moving Consumer Goods,Unknown,4606.0,-0.17,2494.47,4747.0,84.65,2.97,62.07,4245.48,3381.71,318565.5,212632.0,0.67,Bullish,30,20,0,0,0,50,50,"Above 50 DMA, Above 200 DMA, Healthy RSI momentum"
29.08.2026 at 02:41 AM IST,RADHIKAJWE,Unknown,Unknown,70.33,-0.3,50.01,99.65,40.63,29.42,58.4,64.21,66.74,1492709.4,888439.0,0.6,Bullish,30,20,0,0,0,50,50,"Above 50 DMA, Above 200 DMA, Healthy RSI momentum"
29.08.2026 at 02:41 AM IST,RACLGEAR,Unknown,Unknown,1528.8,1.29,884.33,1690.23,72.88,9.55,66.07,1366.89,1242.16,61208.5,29003.0,0.47,Bullish,30,20,0,0,0,50,50,"Above 50 DMA, Above 200 DMA, Healthy RSI momentum"
29.08.2026 at 02:41 AM IST,SGFIN,Unknown,Unknown,687.45,-0.69,323.0,727.45,112.83,5.5,54.65,658.15,502.73,264097.35,177629.0,0.67,Bullish,30,20,0,0,0,50,50,"Above 50 DMA, Above 200 DMA, Healthy RSI momentum"
29.08.2026 at 02:41 AM IST,QUADFUTURE,Unknown,Unknown,432.55,5.0,248.55,502.4,74.03,13.9,62.32,397.43,329.76,2152632.3,1763494.0,0.82,Bullish,30,20,0,0,0,50,50,"Above 50 DMA, Above 200 DMA, Healthy RSI momentum"
29.08.2026 at 02:41 AM IST,QPOWER,Unknown,Unknown,1363.1,5.0,580.89,1440.72,134.66,5.39,65.68,1205.0,982.49,236646.7,224360.0,0.95,Bullish,30,20,0,0,0,50,50,"Above 50 DMA, Above 200 DMA, Healthy RSI momentum"
29.08.2026 at 02:41 AM IST,BHAGCHEM,Unknown,Unknown,282.6,-1.4,170.5,316.9,65.74,10.82,50.58,281.73,241.68,177848.5,36932.0,0.21,Bullish,30,20,0,0,0,50,50,"Above 50 DMA, Above 200 DMA, Healthy RSI momentum"
29.08.2026 at 02:41 AM IST,BEML,Capital Goods,Unknown,1920.6,-0.88,1353.21,2269.47,41.93,15.37,58.01,1819.67,1762.8,480475.9,133220.0,0.28,Bullish,30,20,0,0,0,50,50,"Above 50 DMA, Above 200 DMA, Healthy RSI momentum"
29.08.2026 at 02:41 AM IST,ROSSTECH,Unknown,Unknown,1103.4,0.31,551.9,1172.0,99.93,5.85,59.56,1016.89,838.66,313850.9,250599.0,0.8,Bullish,30,20,0,0,0,50,50,"Above 50 DMA, Above 200 DMA, Healthy RSI momentum"
29.08.2026 at 02:41 AM IST,ROLEXRINGS,Unknown,Unknown,180.43,-2.18,99.79,189.4,80.81,4.74,63.84,154.36,135.67,7627914.45,1114798.0,0.15,Bullish,30,20,0,0,0,50,50,"Above 50 DMA, Above 200 DMA, Healthy RSI momentum"
29.08.2026 at 02:41 AM IST,RKFORGE,Automobile and Auto Components,Unknown,716.65,-2.1,459.41,772.8,55.99,7.27,57.09,637.15,565.65,1363624.65,576114.0,0.42,Bullish,30,20,0,0,0,50,50,"Above 50 DMA, Above 200 DMA, Healthy RSI momentum"
29.08.2026 at 02:41 AM IST,RITCO,Unknown,Unknown,310.1,-0.35,167.1,327.5,85.58,5.31,56.84,286.13,253.42,156554.6,47535.0,0.3,Bullish,30,20,0,0,0,50,50,"Above 50 DMA, Above 200 DMA, Healthy RSI momentum"
29.08.2026 at 02:41 AM IST,RISHABH,Unknown,Unknown,690.5,0.41,314.0,729.85,119.9,5.39,58.12,639.71,484.27,390904.7,139748.0,0.36,Bullish,30,20,0,0,0,50,50,"Above 50 DMA, Above 200 DMA, Healthy RSI momentum"
29.08.2026 at 02:41 AM IST,REGAAL,Unknown,Unknown,93.04,-1.62,57.27,119.34,62.46,22.04,58.29,83.85,77.21,410796.9,227821.0,0.55,Bullish,30,20,0,0,0,50,50,"Above 50 DMA, Above 200 DMA, Healthy RSI momentum"
29.08.2026 at 02:41 AM IST,REDINGTON,Services,Unknown,358.4,1.19,187.2,370.8,91.45,3.34,65.2,303.82,259.19,9409834.55,3395377.0,0.36,Bullish,30,20,0,0,0,50,50,"Above 50 DMA, Above 200 DMA, Healthy RSI momentum"
29.08.2026 at 02:41 AM IST,RBZJEWEL,Unknown,Unknown,146.46,-1.92,100.0,179.0,46.46,18.18,53.48,143.31,137.39,149140.3,90071.0,0.6,Bullish,30,20,0,0,0,50,50,"Above 50 DMA, Above 200 DMA, Healthy RSI momentum"
29.08.2026 at 02:41 AM IST,QUESS,Unknown,Unknown,356.95,-3.71,162.54,376.5,119.61,5.19,66.72,301.98,225.39,1706485.75,607375.0,0.36,Bullish,30,20,0,0,0,50,50,"Above 50 DMA, Above 200 DMA, Healthy RSI momentum"
29.08.2026 at 02:41 AM IST,SONACOMS,Automobile and Auto Components,Unknown,819.0,3.02,399.84,844.0,104.83,2.96,64.3,725.08,575.85,2172367.1,1914972.0,0.88,Bullish,30,20,0,0,0,50,50,"Above 50 DMA, Above 200 DMA, Healthy RSI momentum"
29.08.2026 at 02:41 AM IST,SOMANYCERA,Unknown,Unknown,556.6,-0.33,327.9,565.0,69.75,1.49,66.51,514.74,447.43,312602.4,219363.0,0.7,Bullish,30,20,0,0,0,50,50,"Above 50 DMA, Above 200 DMA, Healthy RSI momentum"
29.08.2026 at 02:41 AM IST,SOLARA,Unknown,Unknown,611.85,-0.88,422.0,712.0,44.99,14.07,64.28,553.97,529.21,564882.25,235721.0,0.42,Bullish,30,20,0,0,0,50,50,"Above 50 DMA, Above 200 DMA, Healthy RSI momentum"
29.08.2026 at 02:41 AM IST,SMLMAH,Unknown,Unknown,5194.0,0.07,2703.05,5987.9,92.15,13.26,56.04,4581.1,4046.19,225293.4,38450.0,0.17,Bullish,30,20,0,0,0,50,50,"Above 50 DMA, Above 200 DMA, Healthy RSI momentum"
29.08.2026 at 02:41 AM IST,SMARTWORKS,Unknown,Unknown,540.6,-0.23,361.5,619.0,49.54,12.67,68.62,485.94,459.26,131739.75,53458.0,0.41,Bullish,30,20,0,0,0,50,50,"Above 50 DMA, Above 200 DMA, Healthy RSI momentum"
29.08.2026 at 02:41 AM IST,ANDHRSUGAR,Unknown,Unknown,95.45,-3.61,66.5,107.23,43.53,10.99,52.39,88.44,81.32,1629259.5,434209.0,0.27,Bullish,30,20,0,0,0,50,50,"Above 50 DMA, Above 200 DMA, Healthy RSI momentum"
29.08.2026 at 02:41 AM IST,SYRMA,Capital Goods,Unknown,1493.5,1.32,633.85,1541.42,135.62,3.11,60.46,1409.23,1008.77,1218184.05,957727.0,0.79,Bullish,30,20,0,0,0,50,50,"Above 50 DMA, Above 200 DMA, Healthy RSI momentum"
29.08.2026 at 02:41 AM IST,PRICOLLTD,Unknown,Unknown,776.7,-0.51,444.74,823.0,74.64,5.63,62.1,677.86,612.65,641748.35,441982.0,0.69,Bullish,30,20,0,0,0,50,50,"Above 50 DMA, Above 200 DMA, Healthy RSI momentum"
29.08.2026 at 02:41 AM IST,PRESTIGE,Realty,Unknown,1623.0,0.49,1088.63,1802.93,49.09,9.98,52.74,1619.35,1501.81,500586.95,264298.0,0.53,Bullish,30,20,0,0,0,50,50,"Above 50 DMA, Above 200 DMA, Healthy RSI momentum"
29.08.2026 at 02:41 AM IST,PRECWIRE,Unknown,Unknown,422.8,-2.19,169.46,474.9,149.5,10.97,51.66,402.13,333.03,898119.7,350769.0,0.39,Bullish,30,20,0,0,0,50,50,"Above 50 DMA, Above 200 DMA, Healthy RSI momentum"
29.08.2026 at 02:41 AM IST,PRAJIND,Unknown,Unknown,354.4,1.18,269.91,428.09,31.3,17.21,61.47,336.37,331.98,1351471.3,783561.0,0.58,Bullish,30,20,0,0,0,50,50,"Above 50 DMA, Above 200 DMA, Healthy RSI momentum"
29.08.2026 at 02:41 AM IST,PPLPHARMA,Healthcare,Unknown,214.95,1.73,132.3,220.36,62.47,2.46,63.51,188.88,171.05,5127620.7,4647834.0,0.91,Bullish,30,20,0,0,0,50,50,"Above 50 DMA, Above 200 DMA, Healthy RSI momentum"
29.08.2026 at 02:41 AM IST,SANDHAR,Unknown,Unknown,651.75,-1.41,417.27,763.2,56.19,14.6,52.0,650.07,570.07,310008.1,130633.0,0.42,Bullish,30,20,0,0,0,50,50,"Above 50 DMA, Above 200 DMA, Healthy RSI momentum"
29.08.2026 at 02:41 AM IST,PONNIERODE,Unknown,Unknown,382.0,-2.31,248.28,455.0,53.86,16.04,60.21,333.13,292.91,104909.15,52604.0,0.5,Bullish,30,20,0,0,0,50,50,"Above 50 DMA, Above 200 DMA, Healthy RSI momentum"
29.08.2026 at 02:41 AM IST,POLYPLEX,Unknown,Unknown,1149.2,-2.23,740.0,1264.0,55.3,9.08,51.09,1091.17,917.12,126005.55,43298.0,0.34,Bullish,30,20,0,0,0,50,50,"Above 50 DMA, Above 200 DMA, Healthy RSI momentum"
29.08.2026 at 02:41 AM IST,PNBHOUSING,Financial Services,Unknown,1178.0,-0.59,723.95,1211.5,62.72,2.77,64.17,1094.4,957.92,1153068.1,388513.0,0.34,Bullish,30,20,0,0,0,50,50,"Above 50 DMA, Above 200 DMA, Healthy RSI momentum"
29.08.2026 at 02:41 AM IST,SIMPLEXINF,Unknown,Unknown,258.67,2.89,137.0,330.0,88.81,21.62,56.58,252.95,237.11,118774.75,100700.0,0.85,Bullish,30,20,0,0,0,50,50,"Above 50 DMA, Above 200 DMA, Healthy RSI momentum"
29.08.2026 at 02:41 AM IST,SIL,Unknown,Unknown,19.32,-1.68,11.55,22.3,67.33,13.36,56.16,17.0,15.55,220424.0,37009.0,0.17,Bullish,30,20,0,0,0,50,50,"Above 50 DMA, Above 200 DMA, Healthy RSI momentum"
29.08.2026 at 02:41 AM IST,ARIHANTCAP,Unknown,Unknown,78.62,-1.61,56.97,120.0,38.0,34.48,58.14,74.54,77.94,186095.45,150781.0,0.81,Bullish,30,20,0,0,0,50,50,"Above 50 DMA, Above 200 DMA, Healthy RSI momentum"
29.08.2026 at 02:41 AM IST,APOLLOHOSP,Healthcare,Unknown,8800.0,0.38,6679.85,9039.48,31.74,2.65,50.43,8787.14,7847.67,411497.05,270047.0,0.66,Bullish,30,20,0,0,0,50,50,"Above 50 DMA, Above 200 DMA, Healthy RSI momentum"
29.08.2026 at 02:41 AM IST,SBCL,Unknown,Unknown,1044.2,-0.85,367.86,1102.84,183.85,5.32,68.02,828.68,586.75,1199944.1,342146.0,0.29,Bullish,30,20,0,0,0,50,50,"Above 50 DMA, Above 200 DMA, Healthy RSI momentum"
29.08.2026 at 02:41 AM IST,SBC,Unknown,Unknown,41.45,3.29,18.63,45.0,122.49,7.89,59.74,41.42,33.83,9726152.75,8469794.0,0.87,Bullish,30,20,0,0,0,50,50,"Above 50 DMA, Above 200 DMA, Healthy RSI momentum"
29.08.2026 at 02:41 AM IST,SARLAPOLY,Unknown,Unknown,100.41,-0.09,67.08,111.0,49.69,9.54,50.8,99.79,89.53,58530.8,20491.0,0.35,Bullish,30,20,0,0,0,50,50,"Above 50 DMA, Above 200 DMA, Healthy RSI momentum"
29.08.2026 at 02:41 AM IST,SAPPHIRE,Consumer Services,Unknown,239.74,-3.98,139.91,347.9,71.35,31.09,65.33,200.99,202.33,3566854.75,2247967.0,0.63,Bullish,30,20,0,0,0,50,50,"Above 50 DMA, Above 200 DMA, Healthy RSI momentum"
29.08.2026 at 02:41 AM IST,SANSERA,Unknown,Unknown,3842.8,0.16,1242.26,4040.4,209.34,4.89,60.2,3431.13,2466.15,263419.5,81562.0,0.31,Bullish,30,20,0,0,0,50,50,"Above 50 DMA, Above 200 DMA, Healthy RSI momentum"
29.08.2026 at 02:41 AM IST,POWERINDIA,Capital Goods,Unknown,33880.0,2.28,16107.15,38775.74,110.34,12.63,51.32,33364.84,27352.49,126616.45,87939.0,0.69,Bullish,30,20,0,0,0,50,50,"Above 50 DMA, Above 200 DMA, Healthy RSI momentum"
29.08.2026 at 02:41 AM IST,EXCELINDUS,Unknown,Unknown,1041.6,0.18,800.05,1261.0,30.19,17.4,53.52,969.37,944.48,68139.2,8170.0,0.12,Bullish,30,20,0,0,0,50,50,"Above 50 DMA, Above 200 DMA, Healthy RSI momentum"
29.08.2026 at 02:41 AM IST,GRAVITA,Metals & Mining,Unknown,1824.5,-0.86,1266.9,1913.6,44.01,4.66,58.04,1752.21,1673.9,204610.4,115208.0,0.56,Bullish,30,20,0,0,0,50,50,"Above 50 DMA, Above 200 DMA, Healthy RSI momentum"
29.08.2026 at 02:41 AM IST,GRASIM,Construction Materials,Unknown,3258.0,-1.27,2494.73,3411.1,30.6,4.49,52.57,3182.26,2914.09,1120850.05,733124.0,0.65,Bullish,30,20,0,0,0,50,50,"Above 50 DMA, Above 200 DMA, Healthy RSI momentum"
29.08.2026 at 02:41 AM IST,GPPL,Unknown,Unknown,169.1,-0.21,141.55,200.09,19.46,15.49,75.63,154.19,164.14,2473153.8,1964090.0,0.79,Bullish,30,5,15,0,0,50,50,"Above 50 DMA, Above 200 DMA, Strong but overbought RSI, Close to 52W low with recovery potential"
29.08.2026 at 02:41 AM IST,VMART,Unknown,Unknown,836.05,-1.91,457.29,886.81,82.83,5.72,59.78,784.87,686.09,122942.1,76410.0,0.62,Bullish,30,20,0,0,0,50,50,"Above 50 DMA, Above 200 DMA, Healthy RSI momentum"
29.08.2026 at 02:41 AM IST,VISHNU,Unknown,Unknown,647.85,1.26,443.49,669.68,46.08,3.26,64.22,614.21,556.5,112703.55,111588.0,0.99,Bullish,30,20,0,0,0,50,50,"Above 50 DMA, Above 200 DMA, Healthy RSI momentum"
29.08.2026 at 02:41 AM IST,VISAKAIND,Unknown,Unknown,91.02,-0.56,48.93,103.35,86.03,11.93,52.2,84.57,69.97,1285646.05,172187.0,0.13,Bullish,30,20,0,0,0,50,50,"Above 50 DMA, Above 200 DMA, Healthy RSI momentum"
29.08.2026 at 02:41 AM IST,VINEETLAB,Unknown,Unknown,39.01,0.57,27.96,49.99,39.52,21.96,56.5,36.48,35.44,85245.15,70176.0,0.82,Bullish,30,20,0,0,0,50,50,"Above 50 DMA, Above 200 DMA, Healthy RSI momentum"
29.08.2026 at 02:41 AM IST,VINCOFE,Unknown,Unknown,174.65,6.44,120.24,179.85,45.25,2.89,71.64,155.62,149.41,2664767.25,9713496.0,3.65,Bullish,30,5,0,15,0,50,50,"Above 50 DMA, Above 200 DMA, Strong but overbought RSI, Strong volume expansion"
29.08.2026 at 02:41 AM IST,VIMTALABS,Unknown,Unknown,615.0,-2.02,374.67,899.33,64.15,31.62,50.01,597.29,530.06,190911.85,126269.0,0.66,Bullish,30,20,0,0,0,50,50,"Above 50 DMA, Above 200 DMA, Healthy RSI momentum"
29.08.2026 at 02:41 AM IST,VIJAYA,Healthcare,Unknown,1472.4,-0.03,848.0,1573.0,73.63,6.4,58.21,1389.42,1141.56,237507.3,53540.0,0.23,Bullish,30,20,0,0,0,50,50,"Above 50 DMA, Above 200 DMA, Healthy RSI momentum"
29.08.2026 at 02:41 AM IST,FOSECOIND,Unknown,Unknown,6110.5,0.54,4278.61,6811.95,42.81,10.3,74.73,5296.2,4988.94,12101.75,50276.0,4.15,Bullish,30,5,0,15,0,50,50,"Above 50 DMA, Above 200 DMA, Strong but overbought RSI, Strong volume expansion"
29.08.2026 at 02:41 AM IST,RBLBANK,Financial Services,Unknown,385.4,0.76,241.74,394.5,59.43,2.31,54.85,374.51,331.19,2418688.6,1606356.0,0.66,Bullish,30,20,0,0,0,50,50,"Above 50 DMA, Above 200 DMA, Healthy RSI momentum"
29.08.2026 at 02:41 AM IST,WESTLIFE,Unknown,Unknown,563.25,-0.52,398.12,774.46,41.48,27.27,53.02,521.38,502.44,165946.6,59250.0,0.36,Bullish,30,20,0,0,0,50,50,"Above 50 DMA, Above 200 DMA, Healthy RSI momentum"
29.08.2026 at 02:41 AM IST,GLAND,Healthcare,Unknown,2873.5,-1.02,1561.8,3039.8,83.99,5.47,64.02,2551.95,2002.63,876173.95,129706.0,0.15,Bullish,30,20,0,0,0,50,50,"Above 50 DMA, Above 200 DMA, Healthy RSI momentum"
29.08.2026 at 02:41 AM IST,GHCLTEXTIL,Unknown,Unknown,125.36,-1.06,64.85,129.44,93.31,3.15,60.16,112.54,88.0,831117.0,363913.0,0.44,Bullish,30,20,0,0,0,50,50,"Above 50 DMA, Above 200 DMA, Healthy RSI momentum"
29.08.2026 at 02:41 AM IST,GFLLIMITED,Unknown,Unknown,54.92,-1.56,37.25,81.0,47.44,32.2,61.9,48.27,49.83,128189.7,55444.0,0.43,Bullish,30,20,0,0,0,50,50,"Above 50 DMA, Above 200 DMA, Healthy RSI momentum"
29.08.2026 at 02:41 AM IST,GEOJITFSL,Unknown,Unknown,82.64,2.2,49.9,85.3,65.62,3.12,60.55,78.62,70.58,394296.0,354474.0,0.9,Bullish,30,20,0,0,0,50,50,"Above 50 DMA, Above 200 DMA, Healthy RSI momentum"
29.08.2026 at 02:41 AM IST,GENUSPOWER,Unknown,Unknown,332.2,-2.61,206.36,363.0,60.98,8.48,58.05,318.11,296.33,2409993.75,1570672.0,0.65,Bullish,30,20,0,0,0,50,50,"Above 50 DMA, Above 200 DMA, Healthy RSI momentum"
29.08.2026 at 02:41 AM IST,GARFIBRES,Unknown,Unknown,792.55,-0.03,579.75,863.4,36.71,8.21,55.72,760.07,682.92,87543.0,19137.0,0.22,Bullish,30,20,0,0,0,50,50,"Above 50 DMA, Above 200 DMA, Healthy RSI momentum"
29.08.2026 at 02:41 AM IST,GANDHITUBE,Unknown,Unknown,903.1,0.18,669.7,1014.61,34.85,10.99,57.69,866.94,813.9,14115.5,4558.0,0.32,Bullish,30,20,0,0,0,50,50,"Above 50 DMA, Above 200 DMA, Healthy RSI momentum"
29.08.2026 at 02:41 AM IST,GANDHAR,Unknown,Unknown,254.85,-0.21,113.94,300.37,123.67,15.16,60.89,220.3,162.18,1942701.0,646662.0,0.33,Bullish,30,20,0,0,0,50,50,"Above 50 DMA, Above 200 DMA, Healthy RSI momentum"
29.08.2026 at 02:41 AM IST,GALAXYSURF,Unknown,Unknown,2305.0,-1.45,1492.96,2648.0,54.39,12.95,60.27,2047.01,1911.0,95681.6,15555.0,0.16,Bullish,30,20,0,0,0,50,50,"Above 50 DMA, Above 200 DMA, Healthy RSI momentum"
29.08.2026 at 02:41 AM IST,WORTHPERI,Unknown,Unknown,153.38,-2.58,109.0,169.8,40.72,9.67,53.01,144.24,138.52,31156.95,6829.0,0.22,Bullish,30,20,0,0,0,50,50,"Above 50 DMA, Above 200 DMA, Healthy RSI momentum"
29.08.2026 at 02:41 AM IST,YASHO,Unknown,Unknown,4341.7,-0.64,1129.82,4994.0,284.28,13.06,58.9,3507.79,2081.84,117477.1,24392.0,0.21,Bullish,30,20,0,0,0,50,50,"Above 50 DMA, Above 200 DMA, Healthy RSI momentum"
29.08.2026 at 02:41 AM IST,20MICRONS,Unknown,Unknown,216.37,-3.25,128.82,236.81,67.96,8.63,63.88,199.41,184.69,246053.0,152626.0,0.62,Bullish,30,20,0,0,0,50,50,"Above 50 DMA, Above 200 DMA, Healthy RSI momentum"
29.08.2026 at 02:41 AM IST,RBA,Unknown,Unknown,100.62,-1.7,57.15,111.15,76.06,9.47,62.93,81.51,68.76,23606431.1,4278593.0,0.18,Bullish,30,20,0,0,0,50,50,"Above 50 DMA, Above 200 DMA, Healthy RSI momentum"
29.08.2026 at 02:41 AM IST,RATNAMANI,Unknown,Unknown,2654.8,0.5,1927.97,3330.26,37.7,20.28,64.58,2487.49,2404.76,162017.0,121827.0,0.75,Bullish,30,20,0,0,0,50,50,"Above 50 DMA, Above 200 DMA, Healthy RSI momentum"
29.08.2026 at 02:41 AM IST,RANASUG,Unknown,Unknown,14.75,-0.34,10.21,16.45,44.47,10.33,62.71,12.75,12.52,960964.7,513788.0,0.53,Bullish,30,20,0,0,0,50,50,"Above 50 DMA, Above 200 DMA, Healthy RSI momentum"
29.08.2026 at 02:41 AM IST,BAJAJHIND,Unknown,Unknown,21.11,-3.08,14.85,26.0,42.15,18.81,58.49,18.33,18.17,58284143.1,45877765.0,0.79,Bullish,30,20,0,0,0,50,50,"Above 50 DMA, Above 200 DMA, Healthy RSI momentum"
29.08.2026 at 02:41 AM IST,BAJAJ-AUTO,Automobile and Auto Components,Unknown,11720.0,-0.03,8373.65,11927.0,39.96,1.74,59.4,10891.44,9825.94,225689.1,221294.0,0.98,Bullish,30,20,0,0,0,50,50,"Above 50 DMA, Above 200 DMA, Healthy RSI momentum"
29.08.2026 at 02:41 AM IST,AZAD,Unknown,Unknown,2802.4,-0.82,1360.0,2986.6,106.06,6.17,64.17,2403.06,1913.02,648724.7,202086.0,0.31,Bullish,30,20,0,0,0,50,50,"Above 50 DMA, Above 200 DMA, Healthy RSI momentum"
29.08.2026 at 02:41 AM IST,AYE,Unknown,Unknown,181.54,2.77,88.22,197.29,105.78,7.98,61.24,170.79,,1303050.0,13672393.0,10.49,Bullish,15,20,0,15,0,50,50,"Above 50 DMA, Healthy RSI momentum, Strong volume expansion"
29.08.2026 at 02:41 AM IST,SAKHTISUG,Unknown,Unknown,19.74,-4.96,13.52,24.75,46.01,20.24,55.82,17.67,17.72,483015.3,345589.0,0.72,Bullish,30,20,0,0,0,50,50,"Above 50 DMA, Above 200 DMA, Healthy RSI momentum"
29.08.2026 at 02:41 AM IST,SAKAR,Unknown,Unknown,892.6,-0.98,321.05,980.0,178.03,8.92,51.07,865.92,613.16,114616.3,79776.0,0.7,Bullish,30,20,0,0,0,50,50,"Above 50 DMA, Above 200 DMA, Healthy RSI momentum"
29.08.2026 at 02:41 AM IST,SAILIFE,Healthcare,Unknown,1488.2,1.86,783.85,1498.1,89.86,0.66,66.32,1320.48,1063.72,541008.45,431944.0,0.8,Bullish,30,20,0,0,0,50,50,"Above 50 DMA, Above 200 DMA, Healthy RSI momentum"
29.08.2026 at 02:41 AM IST,SAHYADRI,Unknown,Unknown,348.15,2.59,197.87,398.43,75.95,12.62,55.35,307.39,267.46,40146.5,7367.0,0.18,Bullish,30,20,0,0,0,50,50,"Above 50 DMA, Above 200 DMA, Healthy RSI momentum"
29.08.2026 at 02:41 AM IST,RVTH,Unknown,Unknown,736.3,0.84,491.1,1300.0,49.93,43.36,53.93,723.63,685.62,1031.65,108.0,0.1,Bullish,30,20,0,0,0,50,50,"Above 50 DMA, Above 200 DMA, Healthy RSI momentum"
29.08.2026 at 02:41 AM IST,21STCENMGM,Unknown,Unknown,42.0,-1.39,28.25,55.15,48.67,23.84,53.84,37.48,37.7,10623.6,4547.0,0.43,Bullish,30,20,0,0,0,50,50,"Above 50 DMA, Above 200 DMA, Healthy RSI momentum"
29.08.2026 at 02:41 AM IST,RUBICON,Unknown,Unknown,1841.0,1.22,570.19,1872.0,222.87,1.66,68.02,1527.72,993.81,469506.35,379324.0,0.81,Bullish,30,20,0,0,0,50,50,"Above 50 DMA, Above 200 DMA, Healthy RSI momentum"
29.08.2026 at 02:41 AM IST,BALRAMCHIN,Fast Moving Consumer Goods,Unknown,649.95,-3.62,393.55,780.95,65.15,16.77,50.88,606.53,509.85,4566159.5,1870911.0,0.41,Bullish,30,20,0,0,0,50,50,"Above 50 DMA, Above 200 DMA, Healthy RSI momentum"
29.08.2026 at 02:41 AM IST,AXISCADES,Unknown,Unknown,1612.9,0.39,1063.3,2211.0,51.69,27.05,53.24,1611.07,1572.56,147671.05,78410.0,0.53,Bullish,30,20,0,0,0,50,50,"Above 50 DMA, Above 200 DMA, Healthy RSI momentum"
29.08.2026 at 02:41 AM IST,AVALON,Unknown,Unknown,2256.6,1.36,777.3,2351.0,190.31,4.02,69.61,1846.93,1265.73,594765.2,281157.0,0.47,Bullish,30,20,0,0,0,50,50,"Above 50 DMA, Above 200 DMA, Healthy RSI momentum"
29.08.2026 at 02:41 AM IST,SECMARK,Unknown,Unknown,126.95,-0.82,95.05,147.27,33.56,13.8,51.57,125.96,119.28,1524.6,14.0,0.01,Bullish,30,20,0,0,0,50,50,"Above 50 DMA, Above 200 DMA, Healthy RSI momentum"
29.08.2026 at 02:41 AM IST,SEAMECLTD,Unknown,Unknown,1624.4,-2.03,770.84,1717.88,110.73,5.44,61.89,1478.23,1337.19,137963.45,76118.0,0.55,Bullish,30,20,0,0,0,50,50,"Above 50 DMA, Above 200 DMA, Healthy RSI momentum"
29.08.2026 at 02:41 AM IST,ARTEMISMED,Unknown,Unknown,319.25,0.73,203.01,333.7,57.26,4.33,59.82,290.12,261.88,444259.35,123988.0,0.28,Bullish,30,20,0,0,0,50,50,"Above 50 DMA, Above 200 DMA, Healthy RSI momentum"
29.08.2026 at 02:41 AM IST,ARMANFIN,Unknown,Unknown,1967.1,-0.54,1301.0,2158.6,51.2,8.87,53.03,1881.53,1654.41,59544.7,25618.0,0.43,Bullish,30,20,0,0,0,50,50,"Above 50 DMA, Above 200 DMA, Healthy RSI momentum"
29.08.2026 at 02:41 AM IST,SJS,Unknown,Unknown,2502.5,0.67,1283.81,2590.0,94.93,3.38,57.85,2321.27,1909.94,198052.3,99001.0,0.5,Bullish,30,20,0,0,0,50,50,"Above 50 DMA, Above 200 DMA, Healthy RSI momentum"
29.08.2026 at 02:41 AM IST,AARTIDRUGS,Unknown,Unknown,417.9,-0.02,318.95,531.7,31.02,21.4,52.74,404.6,387.43,223997.55,81669.0,0.36,Bullish,30,20,0,0,0,50,50,"Above 50 DMA, Above 200 DMA, Healthy RSI momentum"
29.08.2026 at 02:41 AM IST,GNA,Unknown,Unknown,546.8,0.18,289.72,601.65,88.73,9.12,54.06,509.85,406.24,489726.0,305547.0,0.62,Bullish,30,20,0,0,0,50,50,"Above 50 DMA, Above 200 DMA, Healthy RSI momentum"
29.08.2026 at 02:41 AM IST,360ONE,Financial Services,Unknown,1204.0,0.57,900.82,1229.07,33.66,2.04,60.23,1137.18,1106.15,837481.65,317442.0,0.38,Bullish,30,20,0,0,0,50,50,"Above 50 DMA, Above 200 DMA, Healthy RSI momentum"
29.08.2026 at 02:41 AM IST,RUDRA,Unknown,Unknown,20.29,-4.07,14.63,29.7,38.69,31.68,52.15,18.47,,360698.5,721765.0,2.0,Bullish,15,20,0,15,0,50,50,"Above 50 DMA, Healthy RSI momentum, Strong volume expansion"
29.08.2026 at 02:41 AM IST,CENTEXT,Unknown,Unknown,22.59,0.62,15.67,34.75,44.16,34.99,59.98,20.24,21.01,664817.3,128792.0,0.19,Bullish,30,20,0,0,0,50,50,"Above 50 DMA, Above 200 DMA, Healthy RSI momentum"
29.08.2026 at 02:41 AM IST,MOHITIND,Unknown,Unknown,25.07,6.77,18.6,39.89,34.78,37.15,55.22,23.87,24.95,84238.95,36060.0,0.43,Bullish,30,20,0,0,0,50,50,"Above 50 DMA, Above 200 DMA, Healthy RSI momentum"
29.08.2026 at 02:41 AM IST,MODTHREAD,Unknown,Unknown,55.68,-0.66,35.61,65.65,56.36,15.19,57.96,48.77,45.88,34438.25,26488.0,0.77,Bullish,30,20,0,0,0,50,50,"Above 50 DMA, Above 200 DMA, Healthy RSI momentum"
29.08.2026 at 02:41 AM IST,MODIRUBBER,Unknown,Unknown,132.47,-2.74,98.41,167.5,34.61,20.91,57.36,126.72,123.25,7162.45,6513.0,0.91,Bullish,30,20,0,0,0,50,50,"Above 50 DMA, Above 200 DMA, Healthy RSI momentum"
29.08.2026 at 02:41 AM IST,MMFL,Unknown,Unknown,625.8,-0.43,285.51,687.95,119.18,9.03,55.88,550.97,450.8,242824.8,87622.0,0.36,Bullish,30,20,0,0,0,50,50,"Above 50 DMA, Above 200 DMA, Healthy RSI momentum"
29.08.2026 at 02:41 AM IST,MCX,Financial Services,Unknown,3265.0,-2.3,1457.23,3471.49,124.06,5.95,68.26,2849.96,2597.08,2892555.35,2087896.0,0.72,Bullish,30,20,0,0,0,50,50,"Above 50 DMA, Above 200 DMA, Healthy RSI momentum"
29.08.2026 at 02:41 AM IST,MAWANASUG,Unknown,Unknown,141.67,0.39,72.44,164.0,95.57,13.62,66.94,115.44,94.0,620769.65,260812.0,0.42,Bullish,30,20,0,0,0,50,50,"Above 50 DMA, Above 200 DMA, Healthy RSI momentum"
29.08.2026 at 02:41 AM IST,MATRIMONY,Unknown,Unknown,515.45,0.08,359.83,566.36,43.25,8.99,59.37,451.72,460.51,118197.65,17404.0,0.15,Bullish,30,20,0,0,0,50,50,"Above 50 DMA, Above 200 DMA, Healthy RSI momentum"
29.08.2026 at 02:41 AM IST,NAVINFLUOR,Chemicals,Unknown,8567.5,0.17,4488.29,8775.5,90.89,2.37,65.46,7833.26,6706.99,352992.25,161439.0,0.46,Bullish,30,20,0,0,0,50,50,"Above 50 DMA, Above 200 DMA, Healthy RSI momentum"
29.08.2026 at 02:41 AM IST,NAUKRI,Consumer Services,Unknown,1330.0,0.49,905.51,1423.55,46.88,6.57,59.67,1195.08,1147.9,1908664.05,982905.0,0.51,Bullish,30,20,0,0,0,50,50,"Above 50 DMA, Above 200 DMA, Healthy RSI momentum"
29.08.2026 at 02:41 AM IST,NATIONALUM,Metals & Mining,Unknown,389.3,-2.5,175.47,443.37,121.86,12.2,54.51,362.56,357.79,8669881.15,2903197.0,0.33,Bullish,30,20,0,0,0,50,50,"Above 50 DMA, Above 200 DMA, Healthy RSI momentum"
29.08.2026 at 02:41 AM IST,SONAMLTD,Unknown,Unknown,63.24,-1.86,37.19,68.99,70.03,8.33,63.68,55.82,49.75,118598.75,53732.0,0.45,Bullish,30,20,0,0,0,50,50,"Above 50 DMA, Above 200 DMA, Healthy RSI momentum"
29.08.2026 at 02:41 AM IST,NAM-INDIA,Financial Services,Unknown,1204.0,-1.55,763.94,1269.5,57.6,5.16,52.12,1182.55,990.9,1069673.35,1049814.0,0.98,Bullish,30,20,0,0,0,50,50,"Above 50 DMA, Above 200 DMA, Healthy RSI momentum"
29.08.2026 at 02:41 AM IST,NAHARINDUS,Unknown,Unknown,138.1,1.6,83.05,154.0,66.29,10.32,62.29,120.32,109.79,92307.85,27875.0,0.3,Bullish,30,20,0,0,0,50,50,"Above 50 DMA, Above 200 DMA, Healthy RSI momentum"
29.08.2026 at 02:41 AM IST,MWL,Unknown,Unknown,40.01,0.33,18.24,43.94,119.3,8.94,51.15,38.46,31.45,1499378.05,187023.0,0.12,Bullish,30,20,0,0,0,50,50,"Above 50 DMA, Above 200 DMA, Healthy RSI momentum"
29.08.2026 at 02:41 AM IST,MUNJALAU,Unknown,Unknown,111.42,-3.0,66.61,129.46,67.26,13.94,54.67,103.64,86.48,4338855.5,462444.0,0.11,Bullish,30,20,0,0,0,50,50,"Above 50 DMA, Above 200 DMA, Healthy RSI momentum"
29.08.2026 at 02:41 AM IST,MUKKA,Unknown,Unknown,25.29,-1.71,18.27,31.23,38.42,19.02,53.41,24.12,23.54,675740.9,354982.0,0.53,Bullish,30,20,0,0,0,50,50,"Above 50 DMA, Above 200 DMA, Healthy RSI momentum"
29.08.2026 at 02:41 AM IST,MUFIN,Unknown,Unknown,135.95,-0.59,82.99,141.5,63.81,3.92,54.39,132.02,118.19,1251006.25,480958.0,0.38,Bullish,30,20,0,0,0,50,50,"Above 50 DMA, Above 200 DMA, Healthy RSI momentum"
29.08.2026 at 02:41 AM IST,MSTCLTD,Unknown,Unknown,722.25,-2.07,362.15,753.5,99.43,4.15,66.14,650.07,510.82,388114.2,215356.0,0.55,Bullish,30,20,0,0,0,50,50,"Above 50 DMA, Above 200 DMA, Healthy RSI momentum"
29.08.2026 at 02:41 AM IST,MOTISONS,Unknown,Unknown,16.27,-1.09,10.62,20.45,53.2,20.44,61.13,14.63,14.12,66722175.6,23481007.0,0.35,Bullish,30,20,0,0,0,50,50,"Above 50 DMA, Above 200 DMA, Healthy RSI momentum"
29.08.2026 at 02:41 AM IST,MOTHERSON,Automobile and Auto Components,Unknown,166.0,0.61,90.66,173.27,83.1,4.2,60.83,153.08,130.07,21016416.8,12301325.0,0.59,Bullish,30,20,0,0,0,50,50,"Above 50 DMA, Above 200 DMA, Healthy RSI momentum"
29.08.2026 at 02:41 AM IST,MOL,Unknown,Unknown,60.29,-2.51,36.5,87.75,65.18,31.29,56.4,53.52,54.81,2375084.05,813370.0,0.34,Bullish,30,20,0,0,0,50,50,"Above 50 DMA, Above 200 DMA, Healthy RSI momentum"
29.08.2026 at 02:41 AM IST,CALSOFT,Unknown,Unknown,33.81,5.0,10.9,33.81,210.18,0.0,82.41,23.68,17.87,291816.05,1106010.0,3.79,Bullish,30,5,0,15,0,50,50,"Above 50 DMA, Above 200 DMA, Strong but overbought RSI, Strong volume expansion"
29.08.2026 at 02:41 AM IST,BTML,Unknown,Unknown,8.98,1.01,5.06,10.5,77.47,14.48,66.0,6.96,7.23,1712800.8,595859.0,0.35,Bullish,30,20,0,0,0,50,50,"Above 50 DMA, Above 200 DMA, Healthy RSI momentum"
29.08.2026 at 02:41 AM IST,NATCAPSUQ,Unknown,Unknown,214.16,18.79,136.36,296.0,57.05,27.65,79.68,152.58,162.89,54283.65,268991.0,4.96,Bullish,30,5,0,15,0,50,50,"Above 50 DMA, Above 200 DMA, Strong but overbought RSI, Strong volume expansion"
29.08.2026 at 02:41 AM IST,SENORES,Unknown,Unknown,1474.6,-1.34,662.45,1599.0,122.6,7.78,55.0,1398.03,999.16,231581.85,172487.0,0.74,Bullish,30,20,0,0,0,50,50,"Above 50 DMA, Above 200 DMA, Healthy RSI momentum"
29.08.2026 at 02:41 AM IST,ASKAUTOLTD,Unknown,Unknown,606.05,-1.77,373.93,687.7,62.07,11.87,53.7,534.87,468.78,1801272.85,116536.0,0.06,Bullish,30,20,0,0,0,50,50,"Above 50 DMA, Above 200 DMA, Healthy RSI momentum"
29.08.2026 at 02:41 AM IST,ASIANENE,Unknown,Unknown,492.7,2.96,230.0,498.0,114.22,1.06,68.41,386.94,319.98,739198.9,539333.0,0.73,Bullish,30,20,0,0,0,50,50,"Above 50 DMA, Above 200 DMA, Healthy RSI momentum"
29.08.2026 at 02:41 AM IST,ASHOKLEY,Capital Goods,Unknown,177.4,-0.92,122.91,211.81,44.34,16.24,61.26,164.32,168.47,19940282.55,14150948.0,0.71,Bullish,30,20,0,0,0,50,50,"Above 50 DMA, Above 200 DMA, Healthy RSI momentum"
29.08.2026 at 02:41 AM IST,SIGMA,Unknown,Unknown,47.54,-2.12,35.46,65.5,34.07,27.42,57.75,42.29,45.63,561953.0,302696.0,0.54,Bullish,30,20,0,0,0,50,50,"Above 50 DMA, Above 200 DMA, Healthy RSI momentum"
29.08.2026 at 02:41 AM IST,SIGACHI,Unknown,Unknown,32.51,-3.36,16.65,46.62,95.26,30.27,68.64,25.86,25.22,3344432.75,2562407.0,0.77,Bullish,30,20,0,0,0,50,50,"Above 50 DMA, Above 200 DMA, Healthy RSI momentum"
29.08.2026 at 02:41 AM IST,TATATECH,Information Technology,Unknown,799.35,0.74,499.73,891.0,59.96,10.29,50.42,765.17,660.06,2255068.35,593573.0,0.26,Bullish,30,20,0,0,0,50,50,"Above 50 DMA, Above 200 DMA, Healthy RSI momentum"
29.08.2026 at 02:41 AM IST,TASTYBITE,Unknown,Unknown,9816.5,-0.96,6423.08,10544.0,52.83,6.9,55.12,9145.17,7962.46,18321.8,2577.0,0.14,Bullish,30,20,0,0,0,50,50,"Above 50 DMA, Above 200 DMA, Healthy RSI momentum"
29.08.2026 at 02:41 AM IST,TARSONS,Unknown,Unknown,329.4,-3.87,164.45,375.0,100.3,12.16,52.16,305.42,235.24,876808.6,244355.0,0.28,Bullish,30,20,0,0,0,50,50,"Above 50 DMA, Above 200 DMA, Healthy RSI momentum"
29.08.2026 at 02:41 AM IST,TAINWALCHM,Unknown,Unknown,212.68,-1.86,152.71,253.21,39.27,16.01,53.22,204.16,192.17,9276.4,2869.0,0.31,Bullish,30,20,0,0,0,50,50,"Above 50 DMA, Above 200 DMA, Healthy RSI momentum"
29.08.2026 at 02:41 AM IST,APCOTEXIND,Unknown,Unknown,611.65,0.07,307.18,712.0,99.12,14.09,53.89,570.05,439.82,231653.55,84346.0,0.36,Bullish,30,20,0,0,0,50,50,"Above 50 DMA, Above 200 DMA, Healthy RSI momentum"
29.08.2026 at 02:41 AM IST,AKUMS,Unknown,Unknown,761.2,-0.64,407.37,783.0,86.86,2.78,62.36,682.67,530.64,428554.5,359949.0,0.84,Bullish,30,20,0,0,0,50,50,"Above 50 DMA, Above 200 DMA, Healthy RSI momentum"
29.08.2026 at 02:41 AM IST,CGCL,Financial Services,Unknown,244.8,-4.51,151.1,264.53,62.01,7.46,57.39,235.0,195.64,5374898.6,4059351.0,0.76,Bullish,30,20,0,0,0,50,50,"Above 50 DMA, Above 200 DMA, Healthy RSI momentum"
29.08.2026 at 02:41 AM IST,TORNTPHARM,Healthcare,Unknown,4999.0,2.23,3450.04,5250.0,44.9,4.78,55.67,4862.51,4292.58,443880.7,317547.0,0.72,Bullish,30,20,0,0,0,50,50,"Above 50 DMA, Above 200 DMA, Healthy RSI momentum"
29.08.2026 at 02:41 AM IST,TNPETRO,Unknown,Unknown,109.12,-3.66,78.67,129.89,38.71,15.99,56.4,100.12,95.58,686307.7,494399.0,0.72,Bullish,30,20,0,0,0,50,50,"Above 50 DMA, Above 200 DMA, Healthy RSI momentum"
29.08.2026 at 02:41 AM IST,MANORAMA,Unknown,Unknown,1887.2,-0.51,1060.6,2043.0,77.94,7.63,63.99,1658.34,1439.67,980702.8,94994.0,0.1,Bullish,30,20,0,0,0,50,50,"Above 50 DMA, Above 200 DMA, Healthy RSI momentum"
29.08.2026 at 02:41 AM IST,MANOMAY,Unknown,Unknown,227.91,3.45,160.25,259.88,42.22,12.3,71.63,199.15,209.05,131920.5,488882.0,3.71,Bullish,30,5,0,15,0,50,50,"Above 50 DMA, Above 200 DMA, Strong but overbought RSI, Strong volume expansion"
29.08.2026 at 02:41 AM IST,MANINFRA,Unknown,Unknown,115.46,0.83,76.65,162.66,50.63,29.02,63.83,104.98,111.67,2467297.8,2358626.0,0.96,Bullish,30,20,0,0,0,50,50,"Above 50 DMA, Above 200 DMA, Healthy RSI momentum"
29.08.2026 at 02:41 AM IST,MANAPPURAM,Financial Services,Unknown,348.0,-4.76,244.06,380.46,42.59,8.53,46.97,343.61,303.63,7951228.45,10434499.0,1.31,Bullish,30,10,0,10,0,50,50,"Above 50 DMA, Above 200 DMA, RSI recovering zone, Volume expansion"
29.08.2026 at 02:41 AM IST,MANALIPETC,Unknown,Unknown,70.8,-4.66,39.13,78.72,80.94,10.06,53.69,66.27,59.73,1573712.35,874458.0,0.56,Bullish,30,20,0,0,0,50,50,"Above 50 DMA, Above 200 DMA, Healthy RSI momentum"
29.08.2026 at 02:41 AM IST,MANAKSTEEL,Unknown,Unknown,90.28,3.75,45.11,91.37,100.13,1.19,66.7,78.12,66.47,115277.6,86493.0,0.75,Bullish,30,20,0,0,0,50,50,"Above 50 DMA, Above 200 DMA, Healthy RSI momentum"
29.08.2026 at 02:41 AM IST,MANAKALUCO,Unknown,Unknown,39.1,-0.18,21.73,68.12,79.94,42.6,53.75,37.13,33.52,202528.5,46528.0,0.23,Bullish,30,20,0,0,0,50,50,"Above 50 DMA, Above 200 DMA, Healthy RSI momentum"
29.08.2026 at 02:41 AM IST,MAGADSUGAR,Unknown,Unknown,551.0,-4.52,406.87,634.95,35.43,13.22,51.79,508.03,473.74,94590.8,38876.0,0.41,Bullish,30,20,0,0,0,50,50,"Above 50 DMA, Above 200 DMA, Healthy RSI momentum"
29.08.2026 at 02:41 AM IST,MACPOWER,Unknown,Unknown,1868.8,0.98,761.0,2050.0,145.57,8.84,63.02,1495.16,1108.71,65294.55,36143.0,0.55,Bullish,30,20,0,0,0,50,50,"Above 50 DMA, Above 200 DMA, Healthy RSI momentum"
29.08.2026 at 02:41 AM IST,CGPOWER,Capital Goods,Unknown,897.9,3.8,524.34,980.9,71.24,8.46,54.28,899.92,772.23,2613134.7,5431054.0,2.08,Bearish,15,20,0,15,0,50,50,"Above 200 DMA, Healthy RSI momentum, Strong volume expansion"
29.08.2026 at 02:41 AM IST,TOTAL,Unknown,Unknown,69.57,-2.79,45.0,87.89,54.6,20.84,62.62,57.37,61.28,47141.55,10783.0,0.23,Bullish,30,20,0,0,0,50,50,"Above 50 DMA, Above 200 DMA, Healthy RSI momentum"
29.08.2026 at 02:41 AM IST,NILKAMAL,Unknown,Unknown,2081.6,-0.72,1034.47,2118.6,101.22,1.75,68.66,1604.9,1395.14,144067.95,21992.0,0.15,Bullish,30,20,0,0,0,50,50,"Above 50 DMA, Above 200 DMA, Healthy RSI momentum"
29.08.2026 at 02:41 AM IST,BLBLIMITED,Unknown,Unknown,16.04,1.07,12.0,22.47,33.67,28.62,51.87,15.88,15.84,136053.3,79408.0,0.58,Bullish,30,20,0,0,0,50,50,"Above 50 DMA, Above 200 DMA, Healthy RSI momentum"
29.08.2026 at 02:41 AM IST,PCBL,Chemicals,Unknown,323.0,-0.81,223.38,413.23,44.6,21.84,52.22,317.5,295.22,1627670.25,455268.0,0.28,Bullish,30,20,0,0,0,50,50,"Above 50 DMA, Above 200 DMA, Healthy RSI momentum"
29.08.2026 at 02:41 AM IST,PAYTM,Financial Services,Unknown,1679.0,-2.16,930.6,1732.3,80.42,3.08,69.87,1371.15,1223.57,5317260.55,3395055.0,0.64,Bullish,30,20,0,0,0,50,50,"Above 50 DMA, Above 200 DMA, Healthy RSI momentum"
29.08.2026 at 02:41 AM IST,PATELRMART,Unknown,Unknown,234.25,0.48,150.25,284.0,55.91,17.52,58.41,223.04,204.63,112448.35,74789.0,0.67,Bullish,30,20,0,0,0,50,50,"Above 50 DMA, Above 200 DMA, Healthy RSI momentum"
29.08.2026 at 02:41 AM IST,PARAS,Unknown,Unknown,1453.8,-2.54,580.1,1583.91,150.61,8.21,60.07,1302.59,874.98,1691956.2,613310.0,0.36,Bullish,30,20,0,0,0,50,50,"Above 50 DMA, Above 200 DMA, Healthy RSI momentum"
29.08.2026 at 02:41 AM IST,PARADEEP,Chemicals,Unknown,160.55,-2.01,99.7,231.0,61.03,30.5,66.18,144.09,136.31,6762941.75,4038004.0,0.6,Bullish,30,20,0,0,0,50,50,"Above 50 DMA, Above 200 DMA, Healthy RSI momentum"
29.08.2026 at 02:41 AM IST,ORISSAMINE,Unknown,Unknown,4543.5,-0.63,3100.5,6138.9,46.54,25.99,55.98,4133.18,4273.31,55087.3,7028.0,0.13,Bullish,30,20,0,0,0,50,50,"Above 50 DMA, Above 200 DMA, Healthy RSI momentum"
29.08.2026 at 02:41 AM IST,ORIENTHOT,Unknown,Unknown,139.15,-1.25,79.62,148.78,74.78,6.47,57.93,133.59,110.5,3692046.7,831862.0,0.23,Bullish,30,20,0,0,0,50,50,"Above 50 DMA, Above 200 DMA, Healthy RSI momentum"
29.08.2026 at 02:41 AM IST,OPTIEMUS,Unknown,Unknown,576.45,-1.37,288.0,713.0,100.16,19.15,52.28,555.94,468.49,326244.05,121096.0,0.37,Bullish,30,20,0,0,0,50,50,"Above 50 DMA, Above 200 DMA, Healthy RSI momentum"
29.08.2026 at 02:41 AM IST,BOSCH-HCIL,Unknown,Unknown,1667.6,-2.23,1021.3,1801.7,63.28,7.44,58.65,1465.47,1422.3,79414.2,31224.0,0.39,Bullish,30,20,0,0,0,50,50,"Above 50 DMA, Above 200 DMA, Healthy RSI momentum"
29.08.2026 at 02:41 AM IST,PLAZACABLE,Unknown,Unknown,51.3,-1.76,27.0,65.0,90.0,21.08,56.19,46.68,42.55,70276.1,46229.0,0.66,Bullish,30,20,0,0,0,50,50,"Above 50 DMA, Above 200 DMA, Healthy RSI momentum"
29.08.2026 at 02:41 AM IST,NIACL,Financial Services,Unknown,185.2,-1.01,116.01,216.22,59.64,14.35,57.48,180.6,159.99,2868463.1,615307.0,0.21,Bullish,30,20,0,0,0,50,50,"Above 50 DMA, Above 200 DMA, Healthy RSI momentum"
29.08.2026 at 02:41 AM IST,PIDILITIND,Chemicals,Unknown,1656.0,0.36,1250.0,1707.5,32.48,3.02,53.7,1613.67,1479.2,1004927.5,852620.0,0.85,Bullish,30,20,0,0,0,50,50,"Above 50 DMA, Above 200 DMA, Healthy RSI momentum"
29.08.2026 at 02:41 AM IST,PGIL,Unknown,Unknown,2294.8,0.23,1167.64,2539.6,96.53,9.64,53.28,2135.33,1716.05,202289.6,58387.0,0.29,Bullish,30,20,0,0,0,50,50,"Above 50 DMA, Above 200 DMA, Healthy RSI momentum"
29.08.2026 at 02:41 AM IST,PFOCUS,Media Entertainment & Publication,Unknown,295.65,-2.28,139.04,367.0,112.64,19.44,55.77,268.3,255.84,985868.2,403749.0,0.41,Bullish,30,20,0,0,0,50,50,"Above 50 DMA, Above 200 DMA, Healthy RSI momentum"
29.08.2026 at 02:41 AM IST,PERSISTENT,Information Technology,Unknown,5654.0,1.14,4229.81,6552.65,33.67,13.71,61.27,5186.73,5432.48,488203.7,191424.0,0.39,Bullish,30,20,0,0,0,50,50,"Above 50 DMA, Above 200 DMA, Healthy RSI momentum"
29.08.2026 at 02:41 AM IST,PDSL,Unknown,Unknown,366.55,-0.69,244.91,416.56,49.67,12.01,51.94,361.05,330.75,124263.05,95276.0,0.77,Bullish,30,20,0,0,0,50,50,"Above 50 DMA, Above 200 DMA, Healthy RSI momentum"
29.08.2026 at 02:41 AM IST,BLUSPRING,Unknown,Unknown,131.56,2.68,43.98,136.67,199.14,3.74,63.42,114.22,77.88,633959.0,352695.0,0.56,Bullish,30,20,0,0,0,50,50,"Above 50 DMA, Above 200 DMA, Healthy RSI momentum"
29.08.2026 at 02:41 AM IST,BLUESTONE,Unknown,Unknown,800.5,0.32,399.8,926.0,100.23,13.55,52.51,704.36,546.92,4138206.35,586565.0,0.14,Bullish,30,20,0,0,0,50,50,"Above 50 DMA, Above 200 DMA, Healthy RSI momentum"
29.08.2026 at 02:41 AM IST,BLSE,Unknown,Unknown,314.05,-1.77,124.3,328.1,152.65,4.28,59.2,280.99,210.64,542304.45,382378.0,0.71,Bullish,30,20,0,0,0,50,50,"Above 50 DMA, Above 200 DMA, Healthy RSI momentum"
29.08.2026 at 02:41 AM IST,BECTORFOOD,Unknown,Unknown,238.12,-2.1,165.0,297.55,44.32,19.97,54.52,207.98,211.13,2686566.65,2239423.0,0.83,Bullish,30,20,0,0,0,50,50,"Above 50 DMA, Above 200 DMA, Healthy RSI momentum"
29.08.2026 at 02:41 AM IST,PTCIL,Capital Goods,Unknown,20622.0,-1.42,13400.0,21800.0,53.9,5.4,61.68,18367.22,17644.94,40297.5,16310.0,0.4,Bullish,30,20,0,0,0,50,50,"Above 50 DMA, Above 200 DMA, Healthy RSI momentum"
29.08.2026 at 02:41 AM IST,SPORTKING,Unknown,Unknown,227.26,1.35,78.17,241.51,190.73,5.9,63.18,199.2,139.61,1170461.7,271124.0,0.23,Bullish,30,20,0,0,0,50,50,"Above 50 DMA, Above 200 DMA, Healthy RSI momentum"
29.08.2026 at 02:41 AM IST,SOTL,Unknown,Unknown,679.45,-2.23,283.72,808.88,139.48,16.0,53.64,617.93,441.18,659758.8,200141.0,0.3,Bullish,30,20,0,0,0,50,50,"Above 50 DMA, Above 200 DMA, Healthy RSI momentum"
29.08.2026 at 02:41 AM IST,PIXTRANS,Unknown,Unknown,1863.6,2.96,1245.92,2089.0,49.58,10.79,55.15,1794.38,1540.97,97250.5,28376.0,0.29,Bullish,30,20,0,0,0,50,50,"Above 50 DMA, Above 200 DMA, Healthy RSI momentum"
29.08.2026 at 02:41 AM IST,NEULANDLAB,Healthcare,Unknown,23496.0,-0.21,11478.79,23881.0,104.69,1.61,66.85,20119.81,16239.2,114094.25,37696.0,0.33,Bullish,30,20,0,0,0,50,50,"Above 50 DMA, Above 200 DMA, Healthy RSI momentum"
29.08.2026 at 02:41 AM IST,NETWEB,Information Technology,Unknown,5272.2,0.01,2189.34,5813.0,140.81,9.3,58.43,4702.45,3834.19,2226851.95,2077974.0,0.93,Bullish,30,20,0,0,0,50,50,"Above 50 DMA, Above 200 DMA, Healthy RSI momentum"
29.08.2026 at 02:41 AM IST,NEOGEN,Unknown,Unknown,2230.2,2.15,966.23,2483.9,130.81,10.21,56.64,2082.35,1568.37,229775.15,128727.0,0.56,Bullish,30,20,0,0,0,50,50,"Above 50 DMA, Above 200 DMA, Healthy RSI momentum"
29.08.2026 at 02:41 AM IST,NELCO,Unknown,Unknown,960.4,2.61,499.37,1120.0,92.32,14.25,51.99,934.3,751.11,659105.8,521633.0,0.79,Bullish,30,20,0,0,0,50,50,"Above 50 DMA, Above 200 DMA, Healthy RSI momentum"
29.08.2026 at 02:41 AM IST,NDGL,Unknown,Unknown,2826.5,-1.17,2098.16,4081.42,34.71,30.75,54.68,2737.76,2737.01,410.1,50.0,0.12,Bullish,30,20,0,0,0,50,50,"Above 50 DMA, Above 200 DMA, Healthy RSI momentum"
29.08.2026 at 02:41 AM IST,NAZARA,Unknown,Unknown,354.5,-0.52,215.7,365.0,64.35,2.88,62.89,322.76,278.08,3010462.55,809757.0,0.27,Bullish,30,20,0,0,0,50,50,"Above 50 DMA, Above 200 DMA, Healthy RSI momentum"
29.08.2026 at 02:41 AM IST,CARRARO,Unknown,Unknown,544.05,1.11,403.12,667.55,34.96,18.5,57.49,541.62,532.59,159568.95,146358.0,0.92,Bullish,30,20,0,0,0,50,50,"Above 50 DMA, Above 200 DMA, Healthy RSI momentum"
29.08.2026 at 02:41 AM IST,OFSS,Information Technology,Unknown,11855.0,0.47,6060.86,12060.0,95.6,1.7,57.72,11303.46,8736.14,197543.6,186762.0,0.95,Bullish,30,20,0,0,0,50,50,"Above 50 DMA, Above 200 DMA, Healthy RSI momentum"
29.08.2026 at 02:41 AM IST,OBEROIRLTY,Realty,Unknown,1872.9,0.16,1387.98,1983.95,34.94,5.6,54.17,1836.83,1664.88,471903.05,270326.0,0.57,Bullish,30,20,0,0,0,50,50,"Above 50 DMA, Above 200 DMA, Healthy RSI momentum"
29.08.2026 at 02:41 AM IST,SUVEN,Unknown,Unknown,368.1,-1.1,124.11,393.5,196.59,6.45,61.42,321.11,217.36,845999.5,295156.0,0.35,Bullish,30,20,0,0,0,50,50,"Above 50 DMA, Above 200 DMA, Healthy RSI momentum"
29.08.2026 at 02:41 AM IST,STYLEBAAZA,Unknown,Unknown,401.95,-1.7,229.95,447.1,74.8,10.1,64.03,320.49,315.13,1597382.15,1518926.0,0.95,Bullish,30,20,0,0,0,50,50,"Above 50 DMA, Above 200 DMA, Healthy RSI momentum"
29.08.2026 at 02:41 AM IST,STYL,Unknown,Unknown,399.95,0.78,207.8,434.7,92.47,7.99,57.51,363.88,288.72,169019.2,103912.0,0.61,Bullish,30,20,0,0,0,50,50,"Above 50 DMA, Above 200 DMA, Healthy RSI momentum"
29.08.2026 at 02:41 AM IST,NIRAJISPAT,Unknown,Unknown,246.59,14.16,155.0,485.75,59.09,49.24,74.99,204.27,219.52,76.75,556.0,7.24,Bullish,30,5,0,15,0,50,50,"Above 50 DMA, Above 200 DMA, Strong but overbought RSI, Strong volume expansion"
29.08.2026 at 02:41 AM IST,STEELCAS,Unknown,Unknown,339.85,-1.11,175.14,364.0,94.05,6.63,53.53,319.35,259.93,147288.4,67394.0,0.46,Bullish,30,20,0,0,0,50,50,"Above 50 DMA, Above 200 DMA, Healthy RSI momentum"
29.08.2026 at 02:41 AM IST,STARHEALTH,Financial Services,Unknown,586.1,0.4,416.55,624.9,40.7,6.21,53.05,585.86,507.54,360838.9,181960.0,0.5,Bullish,30,20,0,0,0,50,50,"Above 50 DMA, Above 200 DMA, Healthy RSI momentum"
29.08.2026 at 02:41 AM IST,TFL,Unknown,Unknown,12.07,3.07,10.21,18.5,18.22,34.76,59.15,11.49,12.85,12543.9,33191.0,2.65,Bullish,15,20,15,15,15,50,50,"Above 50 DMA, Healthy RSI momentum, Close to 52W low with recovery potential, Strong volume expansion, Below 200 DMA risk"
29.08.2026 at 02:41 AM IST,TEXMOPIPES,Unknown,Unknown,46.95,-0.82,33.0,62.0,42.27,24.27,62.01,44.4,45.84,50654.35,30818.0,0.61,Bullish,30,20,0,0,0,50,50,"Above 50 DMA, Above 200 DMA, Healthy RSI momentum"
29.08.2026 at 02:41 AM IST,TDPOWERSYS,Unknown,Unknown,740.6,1.76,245.96,798.85,201.11,7.29,60.74,626.9,496.5,3600205.4,2552484.0,0.71,Bullish,30,20,0,0,0,50,50,"Above 50 DMA, Above 200 DMA, Healthy RSI momentum"
29.08.2026 at 02:41 AM IST,OAL,Unknown,Unknown,428.95,6.9,227.7,432.55,88.38,0.83,72.34,352.19,307.71,76381.55,565331.0,7.4,Bullish,30,5,0,15,0,50,50,"Above 50 DMA, Above 200 DMA, Strong but overbought RSI, Strong volume expansion"
29.08.2026 at 02:41 AM IST,NYKAA,Consumer Services,Unknown,338.0,-0.59,225.26,348.0,50.05,2.87,59.34,323.59,275.69,6489249.25,1530501.0,0.24,Bullish,30,20,0,0,0,50,50,"Above 50 DMA, Above 200 DMA, Healthy RSI momentum"
29.08.2026 at 02:41 AM IST,NRBBEARING,Unknown,Unknown,466.6,-1.49,211.1,503.9,121.03,7.4,54.62,438.15,326.86,586494.4,246960.0,0.42,Bullish,30,20,0,0,0,50,50,"Above 50 DMA, Above 200 DMA, Healthy RSI momentum"
29.08.2026 at 02:41 AM IST,NRAIL,Unknown,Unknown,511.3,0.39,355.92,571.79,43.65,10.58,56.63,469.25,458.67,20003.05,5884.0,0.29,Bullish,30,20,0,0,0,50,50,"Above 50 DMA, Above 200 DMA, Healthy RSI momentum"
29.08.2026 at 02:41 AM IST,NPST,Unknown,Unknown,1638.8,-1.29,846.6,2234.57,93.57,26.66,57.55,1583.74,1375.64,53868.4,20285.0,0.38,Bullish,30,20,0,0,0,50,50,"Above 50 DMA, Above 200 DMA, Healthy RSI momentum"
29.08.2026 at 02:41 AM IST,NITINSPIN,Unknown,Unknown,620.45,-1.04,302.2,647.85,105.31,4.23,63.63,560.4,431.01,364067.4,77358.0,0.21,Bullish,30,20,0,0,0,50,50,"Above 50 DMA, Above 200 DMA, Healthy RSI momentum"
29.08.2026 at 02:41 AM IST,NIRLON,Unknown,Unknown,631.2,-1.48,543.0,657.0,16.24,3.93,53.07,624.71,,9481.3,5317.0,0.56,Bullish,15,20,15,0,0,50,50,"Above 50 DMA, Healthy RSI momentum, Close to 52W low with recovery potential"
29.08.2026 at 02:41 AM IST,STOVEKRAFT,Unknown,Unknown,809.05,-0.92,447.05,849.8,80.98,4.8,56.6,777.31,611.62,365510.4,78325.0,0.21,Bullish,30,20,0,0,0,50,50,"Above 50 DMA, Above 200 DMA, Healthy RSI momentum"
29.08.2026 at 02:41 AM IST,TECHM,Information Technology,Unknown,1585.0,0.89,1271.07,1807.04,24.7,12.29,49.25,1534.17,1480.79,2602135.35,1979336.0,0.76,Bullish,30,10,8,0,0,48,48,"Above 50 DMA, Above 200 DMA, RSI recovering zone, Within 30% of 52W low"
29.08.2026 at 02:41 AM IST,ALLDIGI,Unknown,Unknown,797.2,-2.21,675.44,935.39,18.03,14.77,43.38,800.29,789.89,9210.6,16931.0,1.84,Bearish,15,8,15,10,0,48,48,"Above 200 DMA, Weak but watchable RSI, Close to 52W low with recovery potential, Volume expansion"
29.08.2026 at 02:41 AM IST,AGARWALEYE,Unknown,Unknown,496.65,-0.38,401.0,568.0,23.85,12.56,47.3,492.77,472.92,2752544.15,857671.0,0.31,Bullish,30,10,8,0,0,48,48,"Above 50 DMA, Above 200 DMA, RSI recovering zone, Within 30% of 52W low"
29.08.2026 at 02:41 AM IST,DELHIVERY,Services,Unknown,466.0,3.79,374.45,524.0,24.45,11.07,51.45,477.66,442.69,3357518.6,4020754.0,1.2,Bearish,15,20,8,5,0,48,48,"Above 200 DMA, Healthy RSI momentum, Within 30% of 52W low, Normal volume support"
29.08.2026 at 02:41 AM IST,ORIENTELEC,Unknown,Unknown,179.46,-3.47,148.4,217.12,20.93,17.35,46.45,178.51,177.82,625277.15,230617.0,0.37,Bullish,30,10,8,0,0,48,48,"Above 50 DMA, Above 200 DMA, RSI recovering zone, Within 30% of 52W low"
29.08.2026 at 02:41 AM IST,CHEVIOT,Unknown,Unknown,1135.8,-1.58,878.76,1341.14,29.25,15.31,46.85,1126.66,1069.68,7508.9,1360.0,0.18,Bullish,30,10,8,0,0,48,48,"Above 50 DMA, Above 200 DMA, RSI recovering zone, Within 30% of 52W low"
29.08.2026 at 02:41 AM IST,MUKANDLTD,Unknown,Unknown,136.26,-0.56,111.92,151.02,21.75,9.77,48.95,135.39,131.02,169593.0,60318.0,0.36,Bullish,30,10,8,0,0,48,48,"Above 50 DMA, Above 200 DMA, RSI recovering zone, Within 30% of 52W low"
29.08.2026 at 02:41 AM IST,PUNJABCHEM,Unknown,Unknown,1112.8,-0.55,874.34,1529.94,27.27,27.27,48.75,1110.26,1112.76,24207.6,2654.0,0.11,Bullish,30,10,8,0,0,48,48,"Above 50 DMA, Above 200 DMA, RSI recovering zone, Within 30% of 52W low"
29.08.2026 at 02:41 AM IST,PINELABS,Financial Services,Unknown,169.67,1.67,134.73,284.0,25.93,40.26,62.57,154.9,,24717630.7,31650500.0,1.28,Bullish,15,20,8,5,0,48,48,"Above 50 DMA, Healthy RSI momentum, Within 30% of 52W low, Normal volume support"
29.08.2026 at 02:41 AM IST,JSWCEMENT,Construction Materials,Unknown,126.55,1.26,106.26,161.55,19.1,21.67,41.2,132.78,124.13,1131008.85,1620103.0,1.43,Bearish,15,8,15,10,0,48,48,"Above 200 DMA, Weak but watchable RSI, Close to 52W low with recovery potential, Volume expansion"
29.08.2026 at 02:41 AM IST,NITIRAJ,Unknown,Unknown,203.42,2.01,168.0,236.98,21.08,14.16,47.98,202.06,197.35,2633.95,1329.0,0.5,Bullish,30,10,8,0,0,48,48,"Above 50 DMA, Above 200 DMA, RSI recovering zone, Within 30% of 52W low"
29.08.2026 at 02:41 AM IST,BASF,Unknown,Unknown,3846.1,-1.73,3101.33,4797.62,24.01,19.83,48.2,3757.37,3696.56,86912.9,12754.0,0.15,Bullish,30,10,8,0,0,48,48,"Above 50 DMA, Above 200 DMA, RSI recovering zone, Within 30% of 52W low"
29.08.2026 at 02:41 AM IST,SANDESH,Unknown,Unknown,1017.6,-1.41,807.23,1298.24,26.06,21.62,46.74,1006.66,1015.6,8006.8,351.0,0.04,Bullish,30,10,8,0,0,48,48,"Above 50 DMA, Above 200 DMA, RSI recovering zone, Within 30% of 52W low"
29.08.2026 at 02:41 AM IST,MUNJALSHOW,Unknown,Unknown,131.27,-0.85,106.86,146.19,22.84,10.21,45.49,131.12,124.65,105324.7,10794.0,0.1,Bullish,30,10,8,0,0,48,48,"Above 50 DMA, Above 200 DMA, RSI recovering zone, Within 30% of 52W low"
29.08.2026 at 02:41 AM IST,MANAKCOAT,Unknown,Unknown,121.09,-2.73,94.16,182.75,28.6,33.74,49.7,119.47,119.23,451782.6,171239.0,0.38,Bullish,30,10,8,0,0,48,48,"Above 50 DMA, Above 200 DMA, RSI recovering zone, Within 30% of 52W low"
29.08.2026 at 02:41 AM IST,MPHASIS,Information Technology,Unknown,2413.6,0.57,1960.44,2957.9,23.12,18.4,49.61,2346.38,2407.43,391769.45,136275.0,0.35,Bullish,30,10,8,0,0,48,48,"Above 50 DMA, Above 200 DMA, RSI recovering zone, Within 30% of 52W low"
29.08.2026 at 02:41 AM IST,SUPRAJIT,Unknown,Unknown,504.05,0.27,389.95,559.25,29.26,9.87,47.2,496.56,454.58,166453.35,29850.0,0.18,Bullish,30,10,8,0,0,48,48,"Above 50 DMA, Above 200 DMA, RSI recovering zone, Within 30% of 52W low"
29.08.2026 at 02:41 AM IST,CYIENT,Information Technology,Unknown,1052.7,0.48,750.3,1267.74,40.3,16.96,80.26,872.21,966.89,1437421.3,2172515.0,1.51,Bullish,30,5,0,10,0,45,45,"Above 50 DMA, Above 200 DMA, Strong but overbought RSI, Volume expansion"
29.08.2026 at 02:41 AM IST,KIRIINDUS,Unknown,Unknown,481.1,-6.8,333.8,779.0,44.13,38.24,62.67,413.69,452.44,1043422.7,1021978.0,0.98,Bullish,30,20,0,0,5,45,45,"Above 50 DMA, Above 200 DMA, Healthy RSI momentum, Sharp daily fall"
29.08.2026 at 02:41 AM IST,GIPCL,Unknown,Unknown,200.48,-0.49,119.9,204.55,67.21,1.99,80.37,165.81,153.66,1230918.9,1894457.0,1.54,Bullish,30,5,0,10,0,45,45,"Above 50 DMA, Above 200 DMA, Strong but overbought RSI, Volume expansion"
29.08.2026 at 02:41 AM IST,APLAPOLLO,Capital Goods,Unknown,2188.0,1.34,1578.0,2301.4,38.66,4.93,79.8,1910.56,1932.64,766971.65,1061660.0,1.38,Bullish,30,5,0,10,0,45,45,"Above 50 DMA, Above 200 DMA, Strong but overbought RSI, Volume expansion"
29.08.2026 at 02:41 AM IST,SCHAEFFLER,Automobile and Auto Components,Unknown,4051.1,1.02,3489.69,4445.0,16.09,8.86,47.74,4115.06,3986.03,68550.15,75168.0,1.1,Bearish,15,10,15,5,0,45,45,"Above 200 DMA, RSI recovering zone, Close to 52W low with recovery potential, Normal volume support"
29.08.2026 at 02:41 AM IST,MONARCH,Unknown,Unknown,374.7,-1.32,234.85,405.91,59.55,7.69,46.56,367.55,315.61,165112.2,193820.0,1.17,Bullish,30,10,0,5,0,45,45,"Above 50 DMA, Above 200 DMA, RSI recovering zone, Normal volume support"
29.08.2026 at 02:41 AM IST,YATHARTH,Unknown,Unknown,973.05,0.8,537.93,982.0,80.89,0.91,76.19,854.19,752.78,446889.65,684457.0,1.53,Bullish,30,5,0,10,0,45,45,"Above 50 DMA, Above 200 DMA, Strong but overbought RSI, Volume expansion"
29.08.2026 at 02:41 AM IST,DCMNVL,Unknown,Unknown,190.98,0.95,95.6,198.58,99.77,3.83,72.42,156.23,139.81,28135.25,46978.0,1.67,Bullish,30,5,0,10,0,45,45,"Above 50 DMA, Above 200 DMA, Strong but overbought RSI, Volume expansion"
29.08.2026 at 02:41 AM IST,TTL,Unknown,Unknown,6.53,-0.91,5.5,11.8,18.73,44.66,56.39,6.46,7.95,359473.85,501845.0,1.4,Bullish,15,20,15,10,15,45,45,"Above 50 DMA, Healthy RSI momentum, Close to 52W low with recovery potential, Volume expansion, Below 200 DMA risk"
29.08.2026 at 02:41 AM IST,UGARSUGAR,Unknown,Unknown,50.7,-7.77,33.67,62.1,50.59,18.36,55.13,43.56,40.87,1035720.75,759395.0,0.73,Bullish,30,20,0,0,5,45,45,"Above 50 DMA, Above 200 DMA, Healthy RSI momentum, Sharp daily fall"
29.08.2026 at 02:41 AM IST,KAMATHOTEL,Unknown,Unknown,236.51,4.15,140.2,329.8,68.69,28.29,83.15,183.6,193.76,104837.45,181700.0,1.73,Bullish,30,5,0,10,0,45,45,"Above 50 DMA, Above 200 DMA, Strong but overbought RSI, Volume expansion"
29.08.2026 at 02:41 AM IST,UJJIVANSFB,Unknown,Unknown,68.57,-0.61,41.95,73.94,63.46,7.26,46.33,66.23,59.03,13537416.3,14648450.0,1.08,Bullish,30,10,0,5,0,45,45,"Above 50 DMA, Above 200 DMA, RSI recovering zone, Normal volume support"
29.08.2026 at 02:41 AM IST,PARASPETRO,Unknown,Unknown,2.24,-2.61,1.53,3.23,46.41,30.65,47.05,2.21,2.14,284868.85,292645.0,1.03,Bullish,30,10,0,5,0,45,45,"Above 50 DMA, Above 200 DMA, RSI recovering zone, Normal volume support"
29.08.2026 at 02:41 AM IST,BELLACASA,Unknown,Unknown,246.74,3.14,214.68,497.35,14.93,50.39,59.03,244.16,291.99,13061.1,19987.0,1.53,Bullish,15,20,15,10,15,45,45,"Above 50 DMA, Healthy RSI momentum, Close to 52W low with recovery potential, Volume expansion, Below 200 DMA risk"
29.08.2026 at 02:41 AM IST,HEIDELBERG,Unknown,Unknown,161.7,-0.1,136.1,216.99,18.81,25.48,60.72,157.12,162.21,77493.45,112221.0,1.45,Bullish,15,20,15,10,15,45,45,"Above 50 DMA, Healthy RSI momentum, Close to 52W low with recovery potential, Volume expansion, Below 200 DMA risk"
29.08.2026 at 02:41 AM IST,WELCORP,Capital Goods,Unknown,2405.8,4.3,707.65,2437.3,239.97,1.29,81.81,1722.63,1153.24,2466353.25,4076090.0,1.65,Bullish,30,5,0,10,0,45,45,"Above 50 DMA, Above 200 DMA, Strong but overbought RSI, Volume expansion"
29.08.2026 at 02:41 AM IST,CEIGALL,Unknown,Unknown,341.05,0.95,222.61,405.7,53.21,15.94,57.74,347.24,304.78,502065.4,695122.0,1.38,Bearish,15,20,0,10,0,45,45,"Above 200 DMA, Healthy RSI momentum, Volume expansion"
29.08.2026 at 02:41 AM IST,GVT&D,Capital Goods,Unknown,4407.8,1.56,2516.97,5636.05,75.12,21.79,54.72,4497.56,3902.37,1015395.45,1777971.0,1.75,Bearish,15,20,0,10,0,45,45,"Above 200 DMA, Healthy RSI momentum, Volume expansion"
29.08.2026 at 02:41 AM IST,SAIL,Metals & Mining,Unknown,193.0,-0.97,116.64,209.7,65.47,7.96,70.38,170.76,163.02,23194471.45,41844533.0,1.8,Bullish,30,5,0,10,0,45,45,"Above 50 DMA, Above 200 DMA, Strong but overbought RSI, Volume expansion"
29.08.2026 at 02:41 AM IST,DHAMPURSUG,Unknown,Unknown,170.92,-6.94,108.49,199.92,57.55,14.51,56.6,150.58,134.42,1667496.5,1243818.0,0.75,Bullish,30,20,0,0,5,45,45,"Above 50 DMA, Above 200 DMA, Healthy RSI momentum, Sharp daily fall"
29.08.2026 at 02:41 AM IST,ISFT,Unknown,Unknown,95.17,-1.56,54.05,119.07,76.08,20.07,72.94,79.88,81.89,82845.7,132402.0,1.6,Bullish,30,5,0,10,0,45,45,"Above 50 DMA, Above 200 DMA, Strong but overbought RSI, Volume expansion"
29.08.2026 at 02:41 AM IST,JSFB,Unknown,Unknown,544.55,-0.47,330.0,606.95,65.02,10.28,48.17,520.34,444.66,1045207.45,1278810.0,1.22,Bullish,30,10,0,5,0,45,45,"Above 50 DMA, Above 200 DMA, RSI recovering zone, Normal volume support"
29.08.2026 at 02:41 AM IST,GILLANDERS,Unknown,Unknown,104.99,0.88,76.0,131.89,38.14,20.4,71.05,91.03,94.88,12243.3,21530.0,1.76,Bullish,30,5,0,10,0,45,45,"Above 50 DMA, Above 200 DMA, Strong but overbought RSI, Volume expansion"
29.08.2026 at 02:41 AM IST,DOLATALGO,Unknown,Unknown,73.76,-1.1,64.96,95.64,13.55,22.87,56.87,71.45,76.32,213782.5,288115.0,1.35,Bullish,15,20,15,10,15,45,45,"Above 50 DMA, Healthy RSI momentum, Close to 52W low with recovery potential, Volume expansion, Below 200 DMA risk"
29.08.2026 at 02:41 AM IST,POLICYBZR,Financial Services,Unknown,1837.9,-0.11,1364.0,1974.0,34.74,6.89,73.19,1645.36,1650.25,1324184.45,1734864.0,1.31,Bullish,30,5,0,10,0,45,45,"Above 50 DMA, Above 200 DMA, Strong but overbought RSI, Volume expansion"
29.08.2026 at 02:41 AM IST,ABSLAMC,Financial Services,Unknown,1046.5,1.26,690.69,1194.96,51.51,12.42,55.36,1064.12,925.81,197259.35,377907.0,1.92,Bearish,15,20,0,10,0,45,45,"Above 200 DMA, Healthy RSI momentum, Volume expansion"
29.08.2026 at 02:41 AM IST,PROZONER,Unknown,Unknown,44.21,1.61,39.31,72.77,12.47,39.25,55.17,43.81,50.47,187705.65,253149.0,1.35,Bullish,15,20,15,10,15,45,45,"Above 50 DMA, Healthy RSI momentum, Close to 52W low with recovery potential, Volume expansion, Below 200 DMA risk"
29.08.2026 at 02:41 AM IST,NCC,Construction,Unknown,150.29,2.1,128.02,218.93,17.39,31.35,63.21,143.46,150.52,2852986.85,4102590.0,1.44,Bullish,15,20,15,10,15,45,45,"Above 50 DMA, Healthy RSI momentum, Close to 52W low with recovery potential, Volume expansion, Below 200 DMA risk"
29.08.2026 at 02:41 AM IST,OMAXE,Unknown,Unknown,113.38,3.67,62.5,115.0,81.41,1.41,73.57,89.59,79.2,3575524.4,4979734.0,1.39,Bullish,30,5,0,10,0,45,45,"Above 50 DMA, Above 200 DMA, Strong but overbought RSI, Volume expansion"
29.08.2026 at 02:41 AM IST,MANINDS,Unknown,Unknown,767.45,9.15,302.05,783.4,154.08,2.04,81.01,582.2,476.79,1272756.65,2263237.0,1.78,Bullish,30,5,0,10,0,45,45,"Above 50 DMA, Above 200 DMA, Strong but overbought RSI, Volume expansion"
29.08.2026 at 02:41 AM IST,ANTHEM,Healthcare,Unknown,924.6,0.17,577.64,942.6,60.06,1.91,72.17,809.39,719.05,757579.25,1211725.0,1.6,Bullish,30,5,0,10,0,45,45,"Above 50 DMA, Above 200 DMA, Strong but overbought RSI, Volume expansion"
29.08.2026 at 02:41 AM IST,CLSEL,Unknown,Unknown,295.2,-5.75,203.75,324.8,44.88,9.11,53.61,286.37,269.42,266260.8,258010.0,0.97,Bullish,30,20,0,0,5,45,45,"Above 50 DMA, Above 200 DMA, Healthy RSI momentum, Sharp daily fall"
29.08.2026 at 02:41 AM IST,DTIL,Unknown,Unknown,173.94,-5.06,100.53,196.03,73.03,11.27,74.91,136.72,140.82,45121.45,279721.0,6.2,Bullish,30,5,0,15,5,45,45,"Above 50 DMA, Above 200 DMA, Strong but overbought RSI, Strong volume expansion, Sharp daily fall"
29.08.2026 at 02:41 AM IST,INDUSINDBK,Financial Services,Unknown,1002.9,-0.11,709.45,1077.85,41.36,6.95,47.15,997.21,909.68,1105303.55,1187891.0,1.07,Bullish,30,10,0,5,0,45,45,"Above 50 DMA, Above 200 DMA, RSI recovering zone, Normal volume support"
29.08.2026 at 02:41 AM IST,PVP,Unknown,Unknown,62.12,9.99,20.1,62.12,209.05,0.0,91.45,32.62,31.41,3784347.2,6580316.0,1.74,Bullish,30,5,0,10,0,45,45,"Above 50 DMA, Above 200 DMA, Strong but overbought RSI, Volume expansion"
29.08.2026 at 02:41 AM IST,CREST,Unknown,Unknown,371.85,-0.13,297.33,416.85,25.06,10.8,53.04,374.26,363.67,5750.15,4173.0,0.73,Bearish,15,20,8,0,0,43,43,"Above 200 DMA, Healthy RSI momentum, Within 30% of 52W low"
29.08.2026 at 02:41 AM IST,MARSONS,Unknown,Unknown,125.54,1.59,100.25,175.4,25.23,28.43,71.39,112.33,,2472391.35,5656610.0,2.29,Bullish,15,5,8,15,0,43,43,"Above 50 DMA, Strong but overbought RSI, Within 30% of 52W low, Strong volume expansion"
29.08.2026 at 02:41 AM IST,MERCURYEV,Unknown,Unknown,38.93,0.52,30.16,41.5,29.08,6.19,61.46,35.73,,193384.1,79392.0,0.41,Bullish,15,20,8,0,0,43,43,"Above 50 DMA, Healthy RSI momentum, Within 30% of 52W low"
29.08.2026 at 02:41 AM IST,MAITHANALL,Unknown,Unknown,994.8,-1.04,821.6,1210.1,21.08,17.79,52.68,997.47,984.76,38627.35,21538.0,0.56,Bearish,15,20,8,0,0,43,43,"Above 200 DMA, Healthy RSI momentum, Within 30% of 52W low"
29.08.2026 at 02:41 AM IST,BANG,Unknown,Unknown,33.42,-1.21,25.84,62.07,29.33,46.16,62.98,30.03,39.11,114616.85,244797.0,2.14,Bullish,15,20,8,15,15,43,43,"Above 50 DMA, Healthy RSI momentum, Within 30% of 52W low, Strong volume expansion, Below 200 DMA risk"
29.08.2026 at 02:41 AM IST,PTL,Unknown,Unknown,38.41,-0.72,35.17,42.7,9.21,10.04,38.67,39.85,38.22,38575.9,24028.0,0.62,Bearish,15,8,20,0,0,43,43,"Above 200 DMA, Weak but watchable RSI, Near 52W low with non-crashing RSI"
29.08.2026 at 02:41 AM IST,NH,Healthcare,Unknown,1903.8,1.12,1585.49,2092.9,20.08,9.04,52.7,1939.36,1856.38,400399.25,314326.0,0.79,Bearish,15,20,8,0,0,43,43,"Above 200 DMA, Healthy RSI momentum, Within 30% of 52W low"
29.08.2026 at 02:41 AM IST,WIPL,Unknown,Unknown,163.54,-2.64,133.1,193.2,22.87,15.35,44.44,169.25,156.77,2598.8,4191.0,1.61,Bearish,15,8,8,10,0,41,41,"Above 200 DMA, Weak but watchable RSI, Within 30% of 52W low, Volume expansion"
29.08.2026 at 02:41 AM IST,MARICO,Fast Moving Consumer Goods,Unknown,833.5,0.06,687.16,889.1,21.3,6.25,40.89,847.89,785.91,1514628.85,2081594.0,1.37,Bearish,15,8,8,10,0,41,41,"Above 200 DMA, Weak but watchable RSI, Within 30% of 52W low, Volume expansion"
29.08.2026 at 02:41 AM IST,CREDITACC,Financial Services,Unknown,1425.9,-0.99,1113.0,1634.0,28.11,12.74,36.12,1512.12,1344.07,259639.6,384049.0,1.48,Bearish,15,8,8,10,0,41,41,"Above 200 DMA, Weak but watchable RSI, Within 30% of 52W low, Volume expansion"
29.08.2026 at 02:41 AM IST,JSWENERGY,Power,Unknown,542.1,-0.26,426.3,615.26,27.16,11.89,41.24,557.22,520.24,1628785.85,2902000.0,1.78,Bearish,15,8,8,10,0,41,41,"Above 200 DMA, Weak but watchable RSI, Within 30% of 52W low, Volume expansion"
29.08.2026 at 02:41 AM IST,KAPSTON,Unknown,Unknown,501.0,-0.84,237.2,600.0,111.21,16.5,49.05,454.64,359.8,92351.05,31930.0,0.35,Bullish,30,10,0,0,0,40,40,"Above 50 DMA, Above 200 DMA, RSI recovering zone"
29.08.2026 at 02:41 AM IST,5PAISA,Unknown,Unknown,371.15,-1.39,245.5,416.95,51.18,10.98,47.96,369.4,334.8,75985.15,18714.0,0.25,Bullish,30,10,0,0,0,40,40,"Above 50 DMA, Above 200 DMA, RSI recovering zone"
29.08.2026 at 02:41 AM IST,WINDMACHIN,Unknown,Unknown,303.95,-1.68,200.65,343.9,51.48,11.62,49.91,302.92,278.31,267398.05,35449.0,0.13,Bullish,30,10,0,0,0,40,40,"Above 50 DMA, Above 200 DMA, RSI recovering zone"
29.08.2026 at 02:41 AM IST,KECL,Unknown,Unknown,129.87,-0.44,75.47,155.0,72.08,16.21,45.03,127.31,108.46,359949.45,64722.0,0.18,Bullish,30,10,0,0,0,40,40,"Above 50 DMA, Above 200 DMA, RSI recovering zone"
29.08.2026 at 02:41 AM IST,KIOCL,Unknown,Unknown,382.8,-1.58,290.65,634.55,31.7,39.67,49.61,381.93,370.14,331080.2,64958.0,0.2,Bullish,30,10,0,0,0,40,40,"Above 50 DMA, Above 200 DMA, RSI recovering zone"
29.08.2026 at 02:41 AM IST,ADANIPORTS,Services,Unknown,1714.0,1.33,1286.58,1891.1,33.22,9.36,50.12,1761.38,1598.15,1828881.45,2044450.0,1.12,Bearish,15,20,0,5,0,40,40,"Above 200 DMA, Healthy RSI momentum, Normal volume support"
29.08.2026 at 02:41 AM IST,DIVISLAB,Healthcare,Unknown,9060.0,0.39,5613.35,9150.0,61.4,0.98,78.87,7610.42,6668.92,497756.6,527307.0,1.06,Bullish,30,5,0,5,0,40,40,"Above 50 DMA, Above 200 DMA, Strong but overbought RSI, Normal volume support"
29.08.2026 at 02:41 AM IST,GLAXO,Healthcare,Unknown,3069.1,1.14,2088.1,3118.0,46.98,1.57,76.24,2581.09,2422.85,181955.9,229414.0,1.26,Bullish,30,5,0,5,0,40,40,"Above 50 DMA, Above 200 DMA, Strong but overbought RSI, Normal volume support"
29.08.2026 at 02:41 AM IST,CSLFINANCE,Unknown,Unknown,226.87,-1.25,209.7,324.7,8.19,30.13,56.04,221.23,250.52,31512.35,16640.0,0.53,Bullish,15,20,20,0,15,40,40,"Above 50 DMA, Healthy RSI momentum, Near 52W low with non-crashing RSI, Below 200 DMA risk"
29.08.2026 at 02:41 AM IST,ALLCARGO,Unknown,Unknown,12.57,-5.63,7.11,36.55,76.79,65.61,66.81,9.0,9.66,47155514.75,23868911.0,0.51,Bullish,30,20,0,0,10,40,40,"Above 50 DMA, Above 200 DMA, Healthy RSI momentum, Sharp daily fall, Very far from 52W high"
29.08.2026 at 02:41 AM IST,ANANTRAJ,Realty,Unknown,605.25,-0.18,402.34,742.43,50.43,18.48,47.41,586.3,541.04,1825642.0,823699.0,0.45,Bullish,30,10,0,0,0,40,40,"Above 50 DMA, Above 200 DMA, RSI recovering zone"
29.08.2026 at 02:41 AM IST,THYROCARE,Unknown,Unknown,581.45,-3.92,338.15,662.0,71.95,12.17,48.47,567.6,467.97,818627.9,396389.0,0.48,Bullish,30,10,0,0,0,40,40,"Above 50 DMA, Above 200 DMA, RSI recovering zone"
29.08.2026 at 02:41 AM IST,CSBBANK,Unknown,Unknown,348.8,0.3,312.95,574.4,11.46,39.28,62.26,340.04,386.02,424986.7,550978.0,1.3,Bullish,15,20,15,5,15,40,40,"Above 50 DMA, Healthy RSI momentum, Close to 52W low with recovery potential, Normal volume support, Below 200 DMA risk"
29.08.2026 at 02:41 AM IST,VENUSPIPES,Unknown,Unknown,1653.8,1.05,890.0,1875.0,85.82,11.8,56.67,1672.74,1324.31,126911.6,139211.0,1.1,Bearish,15,20,0,5,0,40,40,"Above 200 DMA, Healthy RSI momentum, Normal volume support"
29.08.2026 at 02:41 AM IST,VERANDA,Unknown,Unknown,243.55,0.1,130.02,272.5,87.32,10.62,49.19,241.96,206.68,1160900.95,231508.0,0.2,Bullish,30,10,0,0,0,40,40,"Above 50 DMA, Above 200 DMA, RSI recovering zone"
29.08.2026 at 02:41 AM IST,UNITEDPOLY,Unknown,Unknown,37.44,1.6,20.6,51.16,81.75,26.82,71.49,31.9,30.85,111684.2,137274.0,1.23,Bullish,30,5,0,5,0,40,40,"Above 50 DMA, Above 200 DMA, Strong but overbought RSI, Normal volume support"
29.08.2026 at 02:41 AM IST,GHCL,Unknown,Unknown,440.15,0.53,405.66,649.68,8.5,32.25,53.44,435.52,481.67,146599.3,115639.0,0.79,Bullish,15,20,20,0,15,40,40,"Above 50 DMA, Healthy RSI momentum, Near 52W low with non-crashing RSI, Below 200 DMA risk"
29.08.2026 at 02:41 AM IST,JSWHL,Unknown,Unknown,11735.0,-0.82,10530.0,22790.0,11.44,48.51,52.82,11631.56,14921.34,3793.05,4377.0,1.15,Bullish,15,20,15,5,15,40,40,"Above 50 DMA, Healthy RSI momentum, Close to 52W low with recovery potential, Normal volume support, Below 200 DMA risk"
29.08.2026 at 02:41 AM IST,DECCANCE,Unknown,Unknown,575.15,-0.35,525.0,1164.25,9.55,50.6,57.75,566.65,658.45,31944.25,11892.0,0.37,Bullish,15,20,20,0,15,40,40,"Above 50 DMA, Healthy RSI momentum, Near 52W low with non-crashing RSI, Below 200 DMA risk"
29.08.2026 at 02:41 AM IST,UEL,Unknown,Unknown,180.32,5.0,92.32,284.2,95.33,36.55,47.24,161.82,150.71,46542.15,5389.0,0.12,Bullish,30,10,0,0,0,40,40,"Above 50 DMA, Above 200 DMA, RSI recovering zone"
29.08.2026 at 02:41 AM IST,TITAN,Consumer Durables,Unknown,5139.3,0.77,3292.3,5186.7,56.1,0.91,70.05,4744.94,4273.55,881327.9,1101845.0,1.25,Bullish,30,5,0,5,0,40,40,"Above 50 DMA, Above 200 DMA, Strong but overbought RSI, Normal volume support"
29.08.2026 at 02:41 AM IST,DEVX,Unknown,Unknown,34.98,0.78,29.95,64.05,16.79,45.39,53.77,34.65,38.64,124558.5,125803.0,1.01,Bullish,15,20,15,5,15,40,40,"Above 50 DMA, Healthy RSI momentum, Close to 52W low with recovery potential, Normal volume support, Below 200 DMA risk"
29.08.2026 at 02:41 AM IST,MRF,Automobile and Auto Components,Unknown,133600.0,0.06,121787.44,163308.49,9.7,18.19,52.66,132303.96,137564.33,4100.45,2084.0,0.51,Bullish,15,20,20,0,15,40,40,"Above 50 DMA, Healthy RSI momentum, Near 52W low with non-crashing RSI, Below 200 DMA risk"
29.08.2026 at 02:41 AM IST,MPSLTD,Unknown,Unknown,2660.2,-1.62,1336.1,2979.0,99.1,10.7,49.36,2387.88,1947.32,41447.15,16336.0,0.39,Bullish,30,10,0,0,0,40,40,"Above 50 DMA, Above 200 DMA, RSI recovering zone"
29.08.2026 at 02:41 AM IST,IFGLEXPOR,Unknown,Unknown,212.96,-0.95,118.36,334.28,79.92,36.29,49.51,208.74,188.95,61237.55,18285.0,0.3,Bullish,30,10,0,0,0,40,40,"Above 50 DMA, Above 200 DMA, RSI recovering zone"
29.08.2026 at 02:41 AM IST,SANATHAN,Unknown,Unknown,461.45,-0.14,352.6,551.95,30.87,16.4,48.92,460.69,436.88,69066.15,9780.0,0.14,Bullish,30,10,0,0,0,40,40,"Above 50 DMA, Above 200 DMA, RSI recovering zone"
29.08.2026 at 02:41 AM IST,SUMICHEM,Chemicals,Unknown,525.0,-1.03,361.73,615.97,45.14,14.77,47.69,508.55,454.85,427117.75,103888.0,0.24,Bullish,30,10,0,0,0,40,40,"Above 50 DMA, Above 200 DMA, RSI recovering zone"
29.08.2026 at 02:41 AM IST,TARIL,Capital Goods,Unknown,304.15,0.05,224.05,552.0,35.75,44.9,51.22,316.83,297.56,1405386.85,1666044.0,1.19,Bearish,15,20,0,5,0,40,40,"Above 200 DMA, Healthy RSI momentum, Normal volume support"
29.08.2026 at 02:41 AM IST,TALBROAUTO,Unknown,Unknown,408.65,0.38,219.9,451.6,85.83,9.51,47.56,408.4,316.23,229665.25,177405.0,0.77,Bullish,30,10,0,0,0,40,40,"Above 50 DMA, Above 200 DMA, RSI recovering zone"
29.08.2026 at 02:41 AM IST,SOUTHBANK,Unknown,Unknown,45.73,-1.27,27.84,49.41,64.28,7.46,50.76,45.74,41.33,6734947.8,8299347.0,1.23,Bearish,15,20,0,5,0,40,40,"Above 200 DMA, Healthy RSI momentum, Normal volume support"
29.08.2026 at 02:41 AM IST,SSWL,Unknown,Unknown,292.45,0.71,169.0,328.4,73.05,10.95,46.99,277.25,222.69,637404.25,467198.0,0.73,Bullish,30,10,0,0,0,40,40,"Above 50 DMA, Above 200 DMA, RSI recovering zone"
29.08.2026 at 02:41 AM IST,SYNCOMF,Unknown,Unknown,17.34,1.82,10.21,18.7,69.83,7.27,71.76,14.26,13.93,8135496.9,8769056.0,1.08,Bullish,30,5,0,5,0,40,40,"Above 50 DMA, Above 200 DMA, Strong but overbought RSI, Normal volume support"
29.08.2026 at 02:41 AM IST,LANDMARK,Unknown,Unknown,506.15,-1.95,339.5,662.8,49.09,23.63,46.28,495.96,448.13,206956.9,75404.0,0.36,Bullish,30,10,0,0,0,40,40,"Above 50 DMA, Above 200 DMA, RSI recovering zone"
29.08.2026 at 02:41 AM IST,STYLAMIND,Unknown,Unknown,3471.0,-2.78,1594.1,4150.0,117.74,16.36,47.26,3403.53,2599.81,43259.0,27283.0,0.63,Bullish,30,10,0,0,0,40,40,"Above 50 DMA, Above 200 DMA, RSI recovering zone"
29.08.2026 at 02:41 AM IST,LICI,Financial Services,Unknown,413.95,-0.33,352.49,457.74,17.44,9.57,48.49,422.49,410.2,20543934.5,5422128.0,0.26,Bearish,15,10,15,0,0,40,40,"Above 200 DMA, RSI recovering zone, Close to 52W low with recovery potential"
29.08.2026 at 02:41 AM IST,GRAPHITE,Capital Goods,Unknown,683.0,-0.89,500.31,793.69,36.52,13.95,45.67,659.03,644.25,1349833.05,572923.0,0.42,Bullish,30,10,0,0,0,40,40,"Above 50 DMA, Above 200 DMA, RSI recovering zone"
29.08.2026 at 02:41 AM IST,INDOSTAR,Unknown,Unknown,255.05,-1.71,179.03,292.0,42.46,12.65,52.15,255.6,231.27,146263.25,168538.0,1.15,Bearish,15,20,0,5,0,40,40,"Above 200 DMA, Healthy RSI momentum, Normal volume support"
29.08.2026 at 02:41 AM IST,GAEL,Unknown,Unknown,168.2,-2.71,101.02,184.66,66.5,8.91,48.48,163.27,144.8,1805420.6,1084161.0,0.6,Bullish,30,10,0,0,0,40,40,"Above 50 DMA, Above 200 DMA, RSI recovering zone"
29.08.2026 at 02:41 AM IST,FORTIS,Healthcare,Unknown,915.65,0.2,765.99,1103.13,19.54,17.0,45.26,944.66,913.64,1524354.15,302082.0,0.2,Bearish,15,10,15,0,0,40,40,"Above 200 DMA, RSI recovering zone, Close to 52W low with recovery potential"
29.08.2026 at 02:41 AM IST,DMCC,Unknown,Unknown,279.1,-2.38,189.68,330.0,47.14,15.43,48.74,269.54,254.46,151371.0,32174.0,0.21,Bullish,30,10,0,0,0,40,40,"Above 50 DMA, Above 200 DMA, RSI recovering zone"
29.08.2026 at 02:41 AM IST,PLASTIBLEN,Unknown,Unknown,189.24,0.19,119.19,213.03,58.78,11.17,49.53,186.08,163.15,57432.85,16361.0,0.28,Bullish,30,10,0,0,0,40,40,"Above 50 DMA, Above 200 DMA, RSI recovering zone"
29.08.2026 at 02:41 AM IST,PATELENG,Unknown,Unknown,29.08,1.54,22.0,42.77,32.18,32.01,52.6,30.23,28.89,3571787.5,4636446.0,1.3,Bearish,15,20,0,5,0,40,40,"Above 200 DMA, Healthy RSI momentum, Normal volume support"
29.08.2026 at 02:41 AM IST,BLUEJET,Healthcare,Unknown,585.6,-0.76,325.0,758.17,80.18,22.76,49.47,576.99,488.56,1103988.85,250159.0,0.23,Bullish,30,10,0,0,0,40,40,"Above 50 DMA, Above 200 DMA, RSI recovering zone"
29.08.2026 at 02:41 AM IST,PGEL,Consumer Durables,Unknown,596.0,1.51,436.55,644.4,36.53,7.51,48.95,589.71,557.56,2064747.75,1069342.0,0.52,Bullish,30,10,0,0,0,40,40,"Above 50 DMA, Above 200 DMA, RSI recovering zone"
29.08.2026 at 02:41 AM IST,POLYMED,Healthcare,Unknown,1709.1,0.08,1179.58,2136.76,44.89,20.01,47.88,1697.99,1589.03,198270.4,109590.0,0.55,Bullish,30,10,0,0,0,40,40,"Above 50 DMA, Above 200 DMA, RSI recovering zone"
29.08.2026 at 02:41 AM IST,NAHARSPING,Unknown,Unknown,291.25,-0.97,149.2,349.0,95.21,16.55,47.57,282.26,232.12,69429.45,14921.0,0.21,Bullish,30,10,0,0,0,40,40,"Above 50 DMA, Above 200 DMA, RSI recovering zone"
29.08.2026 at 02:41 AM IST,IDFCFIRSTB,Financial Services,Unknown,83.8,-0.71,57.91,88.5,44.71,5.31,48.36,82.29,76.84,11470902.8,10079336.0,0.88,Bullish,30,10,0,0,0,40,40,"Above 50 DMA, Above 200 DMA, RSI recovering zone"
29.08.2026 at 02:41 AM IST,ELGIEQUIP,Capital Goods,Unknown,599.25,-2.96,406.35,644.0,47.47,6.95,49.24,592.9,528.77,797167.35,400200.0,0.5,Bullish,30,10,0,0,0,40,40,"Above 50 DMA, Above 200 DMA, RSI recovering zone"
29.08.2026 at 02:41 AM IST,IFBIND,Unknown,Unknown,1351.6,-1.33,883.2,2019.8,53.03,33.08,46.46,1339.6,1296.87,62318.0,22854.0,0.37,Bullish,30,10,0,0,0,40,40,"Above 50 DMA, Above 200 DMA, RSI recovering zone"
29.08.2026 at 02:41 AM IST,GULPOLY,Unknown,Unknown,191.59,-0.76,120.56,225.86,58.92,15.17,49.92,191.22,166.47,612886.35,165132.0,0.27,Bullish,30,10,0,0,0,40,40,"Above 50 DMA, Above 200 DMA, RSI recovering zone"
29.08.2026 at 02:41 AM IST,MRPL,Oil Gas & Consumable Fuels,Unknown,170.8,-1.62,117.96,212.0,44.79,19.43,49.94,164.65,165.43,11511770.85,3267127.0,0.28,Bullish,30,10,0,0,0,40,40,"Above 50 DMA, Above 200 DMA, RSI recovering zone"
29.08.2026 at 02:41 AM IST,SBIN,Financial Services,Unknown,1042.9,-0.87,784.36,1212.84,32.96,14.01,47.32,1042.6,1026.93,10158054.85,4788716.0,0.47,Bullish,30,10,0,0,0,40,40,"Above 50 DMA, Above 200 DMA, RSI recovering zone"
29.08.2026 at 02:41 AM IST,SCI,Services,Unknown,292.55,1.4,193.0,368.75,51.58,20.66,50.96,293.14,265.36,3119000.65,3800765.0,1.22,Bearish,15,20,0,5,0,40,40,"Above 200 DMA, Healthy RSI momentum, Normal volume support"
29.08.2026 at 02:41 AM IST,SENCO,Unknown,Unknown,362.75,-1.2,275.2,428.76,31.81,15.39,49.48,361.22,331.73,1683994.8,378231.0,0.22,Bullish,30,10,0,0,0,40,40,"Above 50 DMA, Above 200 DMA, RSI recovering zone"
29.08.2026 at 02:41 AM IST,SGL,Unknown,Unknown,10.04,0.1,8.4,20.79,19.52,51.71,51.61,9.98,11.48,7675.4,8802.0,1.15,Bullish,15,20,15,5,15,40,40,"Above 50 DMA, Healthy RSI momentum, Close to 52W low with recovery potential, Normal volume support, Below 200 DMA risk"
29.08.2026 at 02:41 AM IST,ARIES,Unknown,Unknown,490.65,-2.59,285.35,517.9,71.95,5.26,76.39,365.21,347.6,138230.75,151168.0,1.09,Bullish,30,5,0,5,0,40,40,"Above 50 DMA, Above 200 DMA, Strong but overbought RSI, Normal volume support"
29.08.2026 at 02:41 AM IST,SESHAPAPER,Unknown,Unknown,230.11,1.25,209.75,290.56,9.71,20.8,51.13,227.51,240.55,56297.7,26016.0,0.46,Bullish,15,20,20,0,15,40,40,"Above 50 DMA, Healthy RSI momentum, Near 52W low with non-crashing RSI, Below 200 DMA risk"
29.08.2026 at 02:41 AM IST,MIDHANI,Unknown,Unknown,418.3,-1.45,266.65,456.6,56.87,8.39,49.5,417.37,372.24,1870363.05,803522.0,0.43,Bullish,30,10,0,0,0,40,40,"Above 50 DMA, Above 200 DMA, RSI recovering zone"
29.08.2026 at 02:41 AM IST,SUDARSCHEM,Unknown,Unknown,1252.8,1.5,723.17,1595.87,73.24,21.5,72.49,1032.1,939.15,635621.65,643589.0,1.01,Bullish,30,5,0,5,0,40,40,"Above 50 DMA, Above 200 DMA, Strong but overbought RSI, Normal volume support"
29.08.2026 at 02:41 AM IST,SUPREMEINF,Unknown,Unknown,84.99,0.21,58.11,119.79,46.26,29.05,48.4,83.1,81.58,136417.05,133453.0,0.98,Bullish,30,10,0,0,0,40,40,"Above 50 DMA, Above 200 DMA, RSI recovering zone"
29.08.2026 at 02:41 AM IST,MAMATA,Unknown,Unknown,403.5,-1.62,296.62,514.33,36.03,21.55,46.61,402.21,401.84,88263.85,24795.0,0.28,Bullish,30,10,0,0,0,40,40,"Above 50 DMA, Above 200 DMA, RSI recovering zone"
29.08.2026 at 02:41 AM IST,ARE&M,Automobile and Auto Components,Unknown,911.9,-0.96,666.01,1045.66,36.92,12.79,48.23,891.59,863.48,1298098.85,342311.0,0.26,Bullish,30,10,0,0,0,40,40,"Above 50 DMA, Above 200 DMA, RSI recovering zone"
29.08.2026 at 02:41 AM IST,SMCGLOBAL,Unknown,Unknown,78.61,-0.82,53.99,93.46,45.61,15.89,48.23,77.08,72.24,518822.05,283462.0,0.55,Bullish,30,10,0,0,0,40,40,"Above 50 DMA, Above 200 DMA, RSI recovering zone"
29.08.2026 at 02:41 AM IST,SKMEGGPROD,Unknown,Unknown,266.86,-0.58,143.1,372.0,86.48,28.26,51.14,282.48,212.59,447287.75,468960.0,1.05,Bearish,15,20,0,5,0,40,40,"Above 200 DMA, Healthy RSI momentum, Normal volume support"
29.08.2026 at 02:41 AM IST,SHAREINDIA,Unknown,Unknown,169.02,-1.17,115.03,209.36,46.94,19.27,45.21,166.76,151.31,386741.05,116849.0,0.3,Bullish,30,10,0,0,0,40,40,"Above 50 DMA, Above 200 DMA, RSI recovering zone"
29.08.2026 at 02:41 AM IST,NORTHARC,Unknown,Unknown,286.3,-2.45,206.0,334.0,38.98,14.28,47.69,295.24,268.05,804753.5,4612806.0,5.73,Bearish,15,10,0,15,0,40,40,"Above 200 DMA, RSI recovering zone, Strong volume expansion"
29.08.2026 at 02:41 AM IST,EMCURE,Healthcare,Unknown,1878.4,0.86,1260.0,2048.0,49.08,8.28,47.02,1877.94,1623.62,146919.0,104535.0,0.71,Bullish,30,10,0,0,0,40,40,"Above 50 DMA, Above 200 DMA, RSI recovering zone"
29.08.2026 at 02:41 AM IST,NAHARCAP,Unknown,Unknown,255.75,-1.06,191.0,307.0,33.9,16.69,48.92,253.42,248.86,8506.2,1044.0,0.12,Bullish,30,10,0,0,0,40,40,"Above 50 DMA, Above 200 DMA, RSI recovering zone"
29.08.2026 at 02:41 AM IST,MUTHOOTCAP,Unknown,Unknown,241.13,-0.26,175.25,303.0,37.59,20.42,48.12,229.61,230.5,20580.8,5446.0,0.26,Bullish,30,10,0,0,0,40,40,"Above 50 DMA, Above 200 DMA, RSI recovering zone"
29.08.2026 at 02:41 AM IST,PREMIERPOL,Unknown,Unknown,95.21,4.87,38.0,95.9,150.55,0.72,73.27,73.08,56.66,778247.1,830116.0,1.07,Bullish,30,5,0,5,0,40,40,"Above 50 DMA, Above 200 DMA, Strong but overbought RSI, Normal volume support"
29.08.2026 at 02:41 AM IST,AYMSYNTEX,Unknown,Unknown,250.25,-1.84,141.53,281.22,76.82,11.01,48.18,243.63,202.59,48561.6,9859.0,0.2,Bullish,30,10,0,0,0,40,40,"Above 50 DMA, Above 200 DMA, RSI recovering zone"
29.08.2026 at 02:41 AM IST,AEGISLOG,Oil Gas & Consumable Fuels,Unknown,1298.0,-2.53,573.05,1497.8,126.51,13.34,48.77,1283.86,855.19,1130779.1,411156.0,0.36,Bullish,30,10,0,0,0,40,40,"Above 50 DMA, Above 200 DMA, RSI recovering zone"
29.08.2026 at 02:41 AM IST,JLHL,Unknown,Unknown,307.45,2.91,235.42,340.0,30.6,9.57,47.13,304.54,274.24,202296.5,154727.0,0.76,Bullish,30,10,0,0,0,40,40,"Above 50 DMA, Above 200 DMA, RSI recovering zone"
29.08.2026 at 02:41 AM IST,NUCLEUS,Unknown,Unknown,738.1,-0.27,678.6,1066.87,8.77,30.82,55.71,734.39,806.25,41696.7,12856.0,0.31,Bullish,15,20,20,0,15,40,40,"Above 50 DMA, Healthy RSI momentum, Near 52W low with non-crashing RSI, Below 200 DMA risk"
29.08.2026 at 02:41 AM IST,ELGIRUBCO,Unknown,Unknown,58.16,-0.39,32.72,90.5,77.75,35.73,49.23,56.54,48.76,68578.95,15346.0,0.22,Bullish,30,10,0,0,0,40,40,"Above 50 DMA, Above 200 DMA, RSI recovering zone"
29.08.2026 at 02:41 AM IST,RADIOCITY,Unknown,Unknown,6.57,-0.76,4.5,9.25,46.0,28.97,49.04,6.4,6.26,60766.45,31627.0,0.52,Bullish,30,10,0,0,0,40,40,"Above 50 DMA, Above 200 DMA, RSI recovering zone"
29.08.2026 at 02:41 AM IST,RAYMOND,Unknown,Unknown,614.0,-1.14,320.0,658.95,91.88,6.82,47.82,610.92,484.34,562281.4,342690.0,0.61,Bullish,30,10,0,0,0,40,40,"Above 50 DMA, Above 200 DMA, RSI recovering zone"
29.08.2026 at 02:41 AM IST,PANAMAPET,Unknown,Unknown,470.75,-1.99,227.58,595.87,106.85,21.0,49.27,456.69,333.38,1219333.45,291022.0,0.24,Bullish,30,10,0,0,0,40,40,"Above 50 DMA, Above 200 DMA, RSI recovering zone"
29.08.2026 at 02:41 AM IST,TRITURBINE,Capital Goods,Unknown,583.45,1.58,428.35,787.6,36.21,25.92,43.03,624.45,560.33,823516.55,1852490.0,2.25,Bearish,15,8,0,15,0,38,38,"Above 200 DMA, Weak but watchable RSI, Strong volume expansion"
29.08.2026 at 02:41 AM IST,FEDERALBNK,Financial Services,Unknown,344.8,-0.14,187.76,370.43,83.64,6.92,44.29,343.15,293.37,4644351.35,4512557.0,0.97,Bullish,30,8,0,0,0,38,38,"Above 50 DMA, Above 200 DMA, Weak but watchable RSI"
29.08.2026 at 02:41 AM IST,LAXMIINDIA,Unknown,Unknown,122.5,-3.34,71.06,180.9,72.39,32.28,44.91,120.05,113.46,211690.0,108437.0,0.51,Bullish,30,8,0,0,0,38,38,"Above 50 DMA, Above 200 DMA, Weak but watchable RSI"
29.08.2026 at 02:41 AM IST,LIKHITHA,Unknown,Unknown,212.02,0.54,131.45,272.0,61.29,22.05,41.93,234.36,199.99,50270.6,145162.0,2.89,Bearish,15,8,0,15,0,38,38,"Above 200 DMA, Weak but watchable RSI, Strong volume expansion"
29.08.2026 at 02:41 AM IST,INDUSTOWER,Telecommunication,Unknown,379.95,0.6,301.21,464.04,26.14,18.12,51.38,379.45,402.86,5409652.3,9414509.0,1.74,Bullish,15,20,8,10,15,38,38,"Above 50 DMA, Healthy RSI momentum, Within 30% of 52W low, Volume expansion, Below 200 DMA risk"
29.08.2026 at 02:41 AM IST,CONCOR,Services,Unknown,493.05,-4.63,420.17,561.44,17.35,12.18,40.61,495.39,492.99,1464644.35,651195.0,0.44,Bearish,15,8,15,0,0,38,38,"Above 200 DMA, Weak but watchable RSI, Close to 52W low with recovery potential"
29.08.2026 at 02:41 AM IST,SRTL,Unknown,Unknown,38.98,-2.6,38.0,73.36,2.58,46.86,41.99,40.14,,31384.45,51668.0,1.65,Bearish,0,8,20,10,0,38,38,"Weak but watchable RSI, Near 52W low with non-crashing RSI, Volume expansion"
29.08.2026 at 02:41 AM IST,SHK,Unknown,Unknown,151.41,-2.71,111.98,273.92,35.21,44.73,43.16,147.43,149.43,509994.15,315780.0,0.62,Bullish,30,8,0,0,0,38,38,"Above 50 DMA, Above 200 DMA, Weak but watchable RSI"
29.08.2026 at 02:41 AM IST,GPTINFRA,Unknown,Unknown,113.58,-0.18,95.41,150.0,19.05,24.28,42.66,120.79,112.62,107097.45,51050.0,0.48,Bearish,15,8,15,0,0,38,38,"Above 200 DMA, Weak but watchable RSI, Close to 52W low with recovery potential"
29.08.2026 at 02:41 AM IST,ARIHANT,Unknown,Unknown,974.8,0.15,39.65,1225.0,2358.51,20.42,41.2,952.71,,4368.25,11973.0,2.74,Bullish,15,8,0,15,0,38,38,"Above 50 DMA, Weak but watchable RSI, Strong volume expansion"
29.08.2026 at 02:41 AM IST,EXIDEIND,Automobile and Auto Components,Unknown,437.75,-1.41,285.63,496.4,53.26,11.82,40.6,435.69,369.44,3509948.3,1956990.0,0.56,Bullish,30,8,0,0,0,38,38,"Above 50 DMA, Above 200 DMA, Weak but watchable RSI"
29.08.2026 at 02:41 AM IST,SAGILITY,Information Technology,Unknown,44.27,0.61,35.75,57.7,23.84,23.28,60.82,42.01,44.46,21395101.85,38898220.0,1.82,Bullish,15,20,8,10,15,38,38,"Above 50 DMA, Healthy RSI momentum, Within 30% of 52W low, Volume expansion, Below 200 DMA risk"
29.08.2026 at 02:41 AM IST,NIMBSPROJ,Unknown,Unknown,169.7,-0.28,165.81,231.23,2.35,26.61,36.07,191.15,,54037.65,92467.0,1.71,Bearish,0,8,20,10,0,38,38,"Weak but watchable RSI, Near 52W low with non-crashing RSI, Volume expansion"
29.08.2026 at 02:41 AM IST,EQUITASBNK,Unknown,Unknown,74.17,-1.41,50.0,83.9,48.34,11.6,44.16,76.72,67.98,2115792.85,4917957.0,2.32,Bearish,15,8,0,15,0,38,38,"Above 200 DMA, Weak but watchable RSI, Strong volume expansion"
29.08.2026 at 02:41 AM IST,CAPITALSFB,Unknown,Unknown,283.95,0.48,203.09,318.27,39.82,10.78,43.16,290.72,267.83,25599.1,54058.0,2.11,Bearish,15,8,0,15,0,38,38,"Above 200 DMA, Weak but watchable RSI, Strong volume expansion"
29.08.2026 at 02:41 AM IST,HIRECT,Unknown,Unknown,1223.0,-1.91,564.61,1397.54,116.61,12.49,44.84,1216.36,905.2,106481.0,62144.0,0.58,Bullish,30,8,0,0,0,38,38,"Above 50 DMA, Above 200 DMA, Weak but watchable RSI"
29.08.2026 at 02:41 AM IST,HUHTAMAKI,Unknown,Unknown,260.5,-3.66,147.04,330.0,77.17,21.06,44.14,251.92,202.07,205959.05,143477.0,0.7,Bullish,30,8,0,0,0,38,38,"Above 50 DMA, Above 200 DMA, Weak but watchable RSI"
29.08.2026 at 02:41 AM IST,CARERATING,Unknown,Unknown,1633.7,-1.64,1381.08,1822.67,18.29,10.37,41.25,1682.54,1609.46,48901.1,20543.0,0.42,Bearish,15,8,15,0,0,38,38,"Above 200 DMA, Weak but watchable RSI, Close to 52W low with recovery potential"
29.08.2026 at 02:41 AM IST,RAJRATAN,Unknown,Unknown,489.55,-1.25,304.32,563.95,60.87,13.19,44.37,487.01,446.49,132875.05,70021.0,0.53,Bullish,30,8,0,0,0,38,38,"Above 50 DMA, Above 200 DMA, Weak but watchable RSI"
29.08.2026 at 02:41 AM IST,PLATIND,Unknown,Unknown,227.31,4.12,183.5,342.4,23.87,33.61,56.28,225.3,230.9,73716.35,146353.0,1.99,Bullish,15,20,8,10,15,38,38,"Above 50 DMA, Healthy RSI momentum, Within 30% of 52W low, Volume expansion, Below 200 DMA risk"
29.08.2026 at 02:41 AM IST,RADIANTCMS,Unknown,Unknown,40.41,-1.82,32.33,59.77,24.99,32.39,64.03,37.85,42.62,248018.45,367982.0,1.48,Bullish,15,20,8,10,15,38,38,"Above 50 DMA, Healthy RSI momentum, Within 30% of 52W low, Volume expansion, Below 200 DMA risk"
29.08.2026 at 02:41 AM IST,JAGRAN,Unknown,Unknown,61.68,-0.1,51.89,68.81,18.86,10.36,39.94,63.33,60.17,197510.75,106545.0,0.54,Bearish,15,8,15,0,0,38,38,"Above 200 DMA, Weak but watchable RSI, Close to 52W low with recovery potential"
29.08.2026 at 02:41 AM IST,VIKASLIFE,Unknown,Unknown,1.36,3.03,1.05,2.37,29.52,42.62,66.9,1.33,1.55,2686965.8,4227799.0,1.57,Bullish,15,20,8,10,15,38,38,"Above 50 DMA, Healthy RSI momentum, Within 30% of 52W low, Volume expansion, Below 200 DMA risk"
29.08.2026 at 02:41 AM IST,PHOENIXLTD,Realty,Unknown,1901.7,-1.16,1465.6,2169.8,29.76,12.36,42.29,1975.79,1799.46,387332.8,469493.0,1.21,Bearish,15,8,8,5,0,36,36,"Above 200 DMA, Weak but watchable RSI, Within 30% of 52W low, Normal volume support"
29.08.2026 at 02:41 AM IST,TIMETECHNO,Unknown,Unknown,185.67,0.2,154.0,249.15,20.56,25.48,38.64,193.09,185.5,3239857.15,3679157.0,1.14,Bearish,15,8,8,5,0,36,36,"Above 200 DMA, Weak but watchable RSI, Within 30% of 52W low, Normal volume support"
29.08.2026 at 02:41 AM IST,WAKEFIT,Unknown,Unknown,147.72,1.37,111.4,224.0,32.6,34.05,69.67,128.6,,1529694.15,1090896.0,0.71,Bullish,15,20,0,0,0,35,35,"Above 50 DMA, Healthy RSI momentum"
29.08.2026 at 02:41 AM IST,FMGOETZE,Unknown,Unknown,545.55,-0.57,358.0,578.0,52.39,5.61,74.66,474.66,451.66,2062715.85,1512901.0,0.73,Bullish,30,5,0,0,0,35,35,"Above 50 DMA, Above 200 DMA, Strong but overbought RSI"
29.08.2026 at 02:41 AM IST,FRACTAL,Unknown,Unknown,840.25,1.29,733.7,1118.0,14.52,24.84,51.6,850.1,,330065.9,278268.0,0.84,Bearish,0,20,15,0,0,35,35,"Healthy RSI momentum, Close to 52W low with recovery potential"
29.08.2026 at 02:41 AM IST,ACUTAAS,Healthcare,Unknown,3329.2,2.19,1302.0,3740.0,155.7,10.98,52.89,3362.36,2497.95,290665.2,128415.0,0.44,Bearish,15,20,0,0,0,35,35,"Above 200 DMA, Healthy RSI momentum"
29.08.2026 at 02:41 AM IST,ZYDUSWELL,Fast Moving Consumer Goods,Unknown,535.2,1.13,366.82,611.85,45.9,12.53,52.95,547.92,475.19,367803.6,208254.0,0.57,Bearish,15,20,0,0,0,35,35,"Above 200 DMA, Healthy RSI momentum"
29.08.2026 at 02:41 AM IST,VIKASECO,Unknown,Unknown,1.14,5.56,0.99,2.15,15.15,46.98,59.18,1.15,1.38,2303542.0,4929662.0,2.14,Bearish,0,20,15,15,15,35,35,"Healthy RSI momentum, Close to 52W low with recovery potential, Strong volume expansion, Below 200 DMA risk"
29.08.2026 at 02:41 AM IST,AEQUS,Unknown,Unknown,246.66,-1.99,113.3,274.39,117.71,10.11,51.07,240.18,,3218196.35,1923847.0,0.6,Bullish,15,20,0,0,0,35,35,"Above 50 DMA, Healthy RSI momentum"
29.08.2026 at 02:41 AM IST,AEPL,Unknown,Unknown,15.39,1.92,13.25,20.25,16.15,24.0,52.26,15.68,,91229.6,12516.0,0.14,Bearish,0,20,15,0,0,35,35,"Healthy RSI momentum, Close to 52W low with recovery potential"
29.08.2026 at 02:41 AM IST,VSTL,Unknown,Unknown,112.63,0.47,100.8,168.0,11.74,32.96,61.04,111.66,120.07,14934.4,7077.0,0.47,Bullish,15,20,15,0,15,35,35,"Above 50 DMA, Healthy RSI momentum, Close to 52W low with recovery potential, Below 200 DMA risk"
29.08.2026 at 02:41 AM IST,JMFINANCIL,Financial Services,Unknown,130.45,-1.8,110.31,190.77,18.26,31.62,56.47,126.27,130.69,4085486.85,2417959.0,0.59,Bullish,15,20,15,0,15,35,35,"Above 50 DMA, Healthy RSI momentum, Close to 52W low with recovery potential, Below 200 DMA risk"
29.08.2026 at 02:41 AM IST,JKIL,Unknown,Unknown,504.25,0.72,425.0,672.0,18.65,24.96,55.37,496.1,523.03,101791.75,77485.0,0.76,Bullish,15,20,15,0,15,35,35,"Above 50 DMA, Healthy RSI momentum, Close to 52W low with recovery potential, Below 200 DMA risk"
29.08.2026 at 02:41 AM IST,DODLA,Unknown,Unknown,1090.5,-0.32,959.93,1493.5,13.6,26.98,50.2,1089.15,1123.44,35753.6,18952.0,0.53,Bullish,15,20,15,0,15,35,35,"Above 50 DMA, Healthy RSI momentum, Close to 52W low with recovery potential, Below 200 DMA risk"
29.08.2026 at 02:41 AM IST,DOLPHIN,Unknown,Unknown,628.2,2.43,322.0,669.95,95.09,6.23,79.31,433.86,414.66,140941.45,52709.0,0.37,Bullish,30,5,0,0,0,35,35,"Above 50 DMA, Above 200 DMA, Strong but overbought RSI"
29.08.2026 at 02:41 AM IST,POLYCAB,Capital Goods,Unknown,9079.0,0.21,6631.53,10126.0,36.91,10.34,46.72,9285.28,8264.05,257324.6,477929.0,1.86,Bearish,15,10,0,10,0,35,35,"Above 200 DMA, RSI recovering zone, Volume expansion"
29.08.2026 at 02:41 AM IST,PNGSREVA,Unknown,Unknown,542.9,-2.29,324.25,644.0,67.43,15.7,57.28,460.47,,667462.0,127409.0,0.19,Bullish,15,20,0,0,0,35,35,"Above 50 DMA, Healthy RSI momentum"
29.08.2026 at 02:41 AM IST,PITTIENG,Unknown,Unknown,1129.65,0.55,675.0,1168.0,67.36,3.28,74.97,981.9,891.24,172157.4,153159.0,0.89,Bullish,30,5,0,0,0,35,35,"Above 50 DMA, Above 200 DMA, Strong but overbought RSI"
29.08.2026 at 02:41 AM IST,VOLTAMP,Unknown,Unknown,11228.5,2.28,6594.35,12724.75,70.27,11.76,70.35,9898.01,8915.61,77787.8,56167.0,0.72,Bullish,30,5,0,0,0,35,35,"Above 50 DMA, Above 200 DMA, Strong but overbought RSI"
29.08.2026 at 02:41 AM IST,PAVNAIND,Unknown,Unknown,18.51,0.0,14.11,43.8,31.18,57.74,52.65,17.78,20.69,81846.05,348252.0,4.25,Bullish,15,20,0,15,15,35,35,"Above 50 DMA, Healthy RSI momentum, Strong volume expansion, Below 200 DMA risk"
29.08.2026 at 02:41 AM IST,PAUSHAKLTD,Unknown,Unknown,738.2,-1.65,340.93,814.65,116.52,9.38,61.06,612.95,,153043.45,7797.0,0.05,Bullish,15,20,0,0,0,35,35,"Above 50 DMA, Healthy RSI momentum"
29.08.2026 at 02:41 AM IST,PARKHOSPS,Unknown,Unknown,290.15,0.33,138.1,305.0,110.1,4.87,58.22,284.26,,710135.5,576513.0,0.81,Bullish,15,20,0,0,0,35,35,"Above 50 DMA, Healthy RSI momentum"
29.08.2026 at 02:41 AM IST,RATNAVEER,Unknown,Unknown,294.89,5.59,130.5,296.9,125.97,0.68,83.03,201.9,167.35,10490139.15,7098522.0,0.68,Bullish,30,5,0,0,0,35,35,"Above 50 DMA, Above 200 DMA, Strong but overbought RSI"
29.08.2026 at 02:41 AM IST,BEL,Capital Goods,Unknown,411.0,1.01,359.18,472.81,14.43,13.07,54.61,407.59,418.27,10593968.85,9156009.0,0.86,Bullish,15,20,15,0,15,35,35,"Above 50 DMA, Healthy RSI momentum, Close to 52W low with recovery potential, Below 200 DMA risk"
29.08.2026 at 02:41 AM IST,PRABHA,Unknown,Unknown,206.86,-1.1,137.91,255.0,50.0,18.88,74.28,160.04,167.17,699169.8,81746.0,0.12,Bullish,30,5,0,0,0,35,35,"Above 50 DMA, Above 200 DMA, Strong but overbought RSI"
29.08.2026 at 02:41 AM IST,POWERMECH,Unknown,Unknown,2547.4,1.36,1717.7,3233.59,48.3,21.22,52.2,2603.48,2361.72,72185.5,49931.0,0.69,Bearish,15,20,0,0,0,35,35,"Above 200 DMA, Healthy RSI momentum"
29.08.2026 at 02:41 AM IST,BRIGADE,Realty,Unknown,656.75,0.25,449.2,799.25,46.21,17.83,73.14,564.21,573.01,601085.15,234455.0,0.39,Bullish,30,5,0,0,0,35,35,"Above 50 DMA, Above 200 DMA, Strong but overbought RSI"
29.08.2026 at 02:41 AM IST,BPCL,Oil Gas & Consumable Fuels,Unknown,318.0,0.0,266.6,391.65,19.28,18.81,53.83,313.44,327.4,4866928.2,4497571.0,0.92,Bullish,15,20,15,0,15,35,35,"Above 50 DMA, Healthy RSI momentum, Close to 52W low with recovery potential, Below 200 DMA risk"
29.08.2026 at 02:41 AM IST,BOSCHLTD,Automobile and Auto Components,Unknown,48780.0,-0.24,28422.96,49190.0,71.62,0.83,75.33,42843.48,37499.61,48100.3,28795.0,0.6,Bullish,30,5,0,0,0,35,35,"Above 50 DMA, Above 200 DMA, Strong but overbought RSI"
29.08.2026 at 02:41 AM IST,NUVAMA,Financial Services,Unknown,1784.0,0.26,1086.51,2066.0,64.2,13.65,54.86,1796.78,1485.8,332742.0,180923.0,0.54,Bearish,15,20,0,0,0,35,35,"Above 200 DMA, Healthy RSI momentum"
29.08.2026 at 02:41 AM IST,ICDSLTD,Unknown,Unknown,41.63,1.31,36.4,62.32,14.37,33.2,53.57,40.78,43.28,1281.35,524.0,0.41,Bullish,15,20,15,0,15,35,35,"Above 50 DMA, Healthy RSI momentum, Close to 52W low with recovery potential, Below 200 DMA risk"
29.08.2026 at 02:41 AM IST,HALEOSLABS,Unknown,Unknown,1501.8,0.06,1074.75,1774.0,39.73,15.34,51.49,1510.39,1387.61,580.15,411.0,0.71,Bearish,15,20,0,0,0,35,35,"Above 200 DMA, Healthy RSI momentum"
29.08.2026 at 02:41 AM IST,HALDER,Unknown,Unknown,297.88,0.64,210.0,319.0,41.85,6.62,69.22,252.04,,29107.1,28147.0,0.97,Bullish,15,20,0,0,0,35,35,"Above 50 DMA, Healthy RSI momentum"
29.08.2026 at 02:41 AM IST,SAKUMA,Unknown,Unknown,1.71,-4.47,1.1,3.1,55.45,44.84,55.61,1.71,1.91,1070473.35,2753012.0,2.57,Bullish,15,20,0,15,15,35,35,"Above 50 DMA, Healthy RSI momentum, Strong volume expansion, Below 200 DMA risk"
29.08.2026 at 02:41 AM IST,BLACKBUCK,Unknown,Unknown,588.2,-2.83,496.0,748.0,18.59,21.36,52.28,568.65,590.88,541441.7,324075.0,0.6,Bullish,15,20,15,0,15,35,35,"Above 50 DMA, Healthy RSI momentum, Close to 52W low with recovery potential, Below 200 DMA risk"
29.08.2026 at 02:41 AM IST,S&SPOWER,Unknown,Unknown,334.05,-4.75,193.5,468.9,72.64,28.76,53.64,339.38,326.77,7278.95,3117.0,0.43,Bearish,15,20,0,0,0,35,35,"Above 200 DMA, Healthy RSI momentum"
29.08.2026 at 02:41 AM IST,BALUFORGE,Unknown,Unknown,632.9,-0.94,341.05,696.84,85.57,9.18,76.41,475.74,498.47,2810559.2,2329733.0,0.83,Bullish,30,5,0,0,0,35,35,"Above 50 DMA, Above 200 DMA, Strong but overbought RSI"
29.08.2026 at 02:41 AM IST,RPEL,Unknown,Unknown,1745.4,0.5,560.83,1765.9,211.22,1.16,74.82,1332.87,964.2,104793.0,94129.0,0.9,Bullish,30,5,0,0,0,35,35,"Above 50 DMA, Above 200 DMA, Strong but overbought RSI"
29.08.2026 at 02:41 AM IST,ROSSELLIND,Unknown,Unknown,56.99,-7.74,39.72,73.0,43.5,21.93,49.57,57.33,52.33,171975.0,2432924.0,14.15,Bearish,15,10,0,15,5,35,35,"Above 200 DMA, RSI recovering zone, Strong volume expansion, Sharp daily fall"
29.08.2026 at 02:41 AM IST,RML,Unknown,Unknown,1123.3,-1.82,599.85,1305.09,87.26,13.93,51.03,1138.58,879.72,67172.2,22508.0,0.34,Bearish,15,20,0,0,0,35,35,"Above 200 DMA, Healthy RSI momentum"
29.08.2026 at 02:41 AM IST,RENUKA,Unknown,Unknown,23.43,-2.13,21.05,33.5,11.31,30.06,50.99,22.76,24.84,25371314.45,17586067.0,0.69,Bullish,15,20,15,0,15,35,35,"Above 50 DMA, Healthy RSI momentum, Close to 52W low with recovery potential, Below 200 DMA risk"
29.08.2026 at 02:41 AM IST,CANTABIL,Unknown,Unknown,245.77,0.01,207.87,319.67,18.24,23.12,56.1,243.22,250.09,305876.15,78071.0,0.26,Bullish,15,20,15,0,15,35,35,"Above 50 DMA, Healthy RSI momentum, Close to 52W low with recovery potential, Below 200 DMA risk"
29.08.2026 at 02:41 AM IST,NDL,Unknown,Unknown,2.96,-1.66,1.8,3.75,64.44,21.07,73.51,2.43,2.69,2323193.3,1666013.0,0.72,Bullish,30,5,0,0,0,35,35,"Above 50 DMA, Above 200 DMA, Strong but overbought RSI"
29.08.2026 at 02:41 AM IST,CAPLIPOINT,Healthcare,Unknown,2540.7,0.97,1497.33,2699.0,69.68,5.87,50.87,2557.44,2021.2,92065.05,40296.0,0.44,Bearish,15,20,0,0,0,35,35,"Above 200 DMA, Healthy RSI momentum"
29.08.2026 at 02:41 AM IST,MUTHOOTFIN,Financial Services,Unknown,3085.0,-3.8,2582.36,4114.71,19.46,25.03,55.65,3013.18,3394.6,1505331.65,1120055.0,0.74,Bullish,15,20,15,0,15,35,35,"Above 50 DMA, Healthy RSI momentum, Close to 52W low with recovery potential, Below 200 DMA risk"
29.08.2026 at 02:41 AM IST,AVONMORE,Unknown,Unknown,13.68,-2.08,9.05,23.9,51.16,42.76,72.8,10.99,13.5,312765.65,135197.0,0.43,Bullish,30,5,0,0,0,35,35,"Above 50 DMA, Above 200 DMA, Strong but overbought RSI"
29.08.2026 at 02:41 AM IST,AVADHSUGAR,Unknown,Unknown,804.55,-1.12,300.3,884.8,167.91,9.07,75.4,575.02,443.82,677096.6,136563.0,0.2,Bullish,30,5,0,0,0,35,35,"Above 50 DMA, Above 200 DMA, Strong but overbought RSI"
29.08.2026 at 02:41 AM IST,GUJRAFFIA,Unknown,Unknown,41.4,0.98,35.1,88.0,17.95,52.95,53.32,40.44,43.27,4509.4,627.0,0.14,Bullish,15,20,15,0,15,35,35,"Above 50 DMA, Healthy RSI momentum, Close to 52W low with recovery potential, Below 200 DMA risk"
29.08.2026 at 02:41 AM IST,GRSE,Capital Goods,Unknown,2643.0,0.48,1963.7,3339.0,34.59,20.84,53.84,2643.87,2573.43,521670.75,384851.0,0.74,Bearish,15,20,0,0,0,35,35,"Above 200 DMA, Healthy RSI momentum"
29.08.2026 at 02:41 AM IST,SEDEMAC,Unknown,Unknown,3026.5,-1.26,1413.1,3368.9,114.17,10.16,52.9,2857.75,,171075.25,77550.0,0.45,Bullish,15,20,0,0,0,35,35,"Above 50 DMA, Healthy RSI momentum"
29.08.2026 at 02:41 AM IST,SBICARD,Financial Services,Unknown,645.0,-2.29,565.45,961.63,14.07,32.93,50.66,633.23,714.75,1739732.05,1739414.0,1.0,Bullish,15,20,15,0,15,35,35,"Above 50 DMA, Healthy RSI momentum, Close to 52W low with recovery potential, Below 200 DMA risk"
29.08.2026 at 02:41 AM IST,SAYAJIHOTL,Unknown,Unknown,332.0,3.72,138.7,348.0,139.37,4.6,58.81,308.67,,482.2,8.0,0.02,Bullish,15,20,0,0,0,35,35,"Above 50 DMA, Healthy RSI momentum"
29.08.2026 at 02:41 AM IST,SARDAEN,Metals & Mining,Unknown,509.6,-0.93,451.37,637.3,12.9,20.04,50.43,505.8,518.2,1526748.9,161484.0,0.11,Bullish,15,20,15,0,15,35,35,"Above 50 DMA, Healthy RSI momentum, Close to 52W low with recovery potential, Below 200 DMA risk"
29.08.2026 at 02:41 AM IST,SANGAMIND,Unknown,Unknown,579.8,1.55,338.59,672.5,71.24,13.78,46.87,584.3,496.26,26699.55,36440.0,1.36,Bearish,15,10,0,10,0,35,35,"Above 200 DMA, RSI recovering zone, Volume expansion"
29.08.2026 at 02:41 AM IST,HAPPYFORGE,Unknown,Unknown,2250.8,1.73,859.89,2340.0,161.75,3.81,72.25,1753.78,1349.65,149591.85,81051.0,0.54,Bullish,30,5,0,0,0,35,35,"Above 50 DMA, Above 200 DMA, Strong but overbought RSI"
29.08.2026 at 02:41 AM IST,MOTILALOFS,Financial Services,Unknown,1038.1,-0.18,614.9,1088.32,68.82,4.61,74.64,933.73,846.27,1271029.3,903803.0,0.71,Bullish,30,5,0,0,0,35,35,"Above 50 DMA, Above 200 DMA, Strong but overbought RSI"
29.08.2026 at 02:41 AM IST,MOREPENLAB,Unknown,Unknown,96.7,-0.29,33.05,99.75,192.59,3.06,75.5,67.45,47.91,33877509.55,14619445.0,0.43,Bullish,30,5,0,0,0,35,35,"Above 50 DMA, Above 200 DMA, Strong but overbought RSI"
29.08.2026 at 02:41 AM IST,EIDPARRY,Fast Moving Consumer Goods,Unknown,795.3,-0.13,698.2,1176.0,13.91,32.37,52.54,765.49,858.48,884457.6,357257.0,0.4,Bullish,15,20,15,0,15,35,35,"Above 50 DMA, Healthy RSI momentum, Close to 52W low with recovery potential, Below 200 DMA risk"
29.08.2026 at 02:41 AM IST,EFCIL,Unknown,Unknown,198.72,-3.41,171.42,342.0,15.93,41.89,57.19,190.97,223.88,403979.7,273995.0,0.68,Bullish,15,20,15,0,15,35,35,"Above 50 DMA, Healthy RSI momentum, Close to 52W low with recovery potential, Below 200 DMA risk"
29.08.2026 at 02:41 AM IST,ICICIPRULI,Financial Services,Unknown,510.0,-0.98,459.5,704.36,10.99,27.59,52.4,503.09,568.05,1440638.55,515424.0,0.36,Bullish,15,20,15,0,15,35,35,"Above 50 DMA, Healthy RSI momentum, Close to 52W low with recovery potential, Below 200 DMA risk"
29.08.2026 at 02:41 AM IST,CHALET,Consumer Services,Unknown,910.3,-0.24,691.35,1068.92,31.67,14.84,70.16,837.7,823.27,177276.6,122466.0,0.69,Bullish,30,5,0,0,0,35,35,"Above 50 DMA, Above 200 DMA, Strong but overbought RSI"
29.08.2026 at 02:41 AM IST,MODIS,Unknown,Unknown,379.7,-5.05,276.0,429.05,37.57,11.5,45.74,373.18,,93474.05,216567.0,2.32,Bullish,15,10,0,15,5,35,35,"Above 50 DMA, RSI recovering zone, Strong volume expansion, Sharp daily fall"
29.08.2026 at 02:41 AM IST,ELECTHERM,Unknown,Unknown,1032.9,-0.52,551.0,1277.0,87.46,19.12,50.7,1058.94,867.07,24519.35,8555.0,0.35,Bearish,15,20,0,0,0,35,35,"Above 200 DMA, Healthy RSI momentum"
29.08.2026 at 02:41 AM IST,ELANTAS,Unknown,Unknown,11583.5,0.18,8900.0,13200.0,30.15,12.25,60.78,10474.68,,6063.55,1333.0,0.22,Bullish,15,20,0,0,0,35,35,"Above 50 DMA, Healthy RSI momentum"
29.08.2026 at 02:41 AM IST,EIMCOELECO,Unknown,Unknown,2211.2,0.25,1401.82,2373.77,57.74,6.85,70.72,1878.84,1669.24,52676.6,38142.0,0.72,Bullish,30,5,0,0,0,35,35,"Above 50 DMA, Above 200 DMA, Strong but overbought RSI"
29.08.2026 at 02:41 AM IST,MMWL,Unknown,Unknown,14.97,-4.04,9.02,16.57,65.96,9.66,51.95,14.16,,72034.85,52297.0,0.73,Bullish,15,20,0,0,0,35,35,"Above 50 DMA, Healthy RSI momentum"
29.08.2026 at 02:41 AM IST,SAATVIKGL,Unknown,Unknown,428.4,1.07,328.0,567.0,30.61,24.44,50.81,440.82,421.81,156186.75,46407.0,0.3,Bearish,15,20,0,0,0,35,35,"Above 200 DMA, Healthy RSI momentum"
29.08.2026 at 02:41 AM IST,MMP,Unknown,Unknown,403.45,0.69,185.2,429.95,117.85,6.16,76.45,309.75,266.89,138673.15,28165.0,0.2,Bullish,30,5,0,0,0,35,35,"Above 50 DMA, Above 200 DMA, Strong but overbought RSI"
29.08.2026 at 02:41 AM IST,MEESHO,Consumer Services,Unknown,207.64,-0.24,125.56,254.4,65.37,18.38,66.73,190.53,,12951448.45,9320536.0,0.72,Bullish,15,20,0,0,0,35,35,"Above 50 DMA, Healthy RSI momentum"
29.08.2026 at 02:41 AM IST,MARINE,Unknown,Unknown,374.1,-0.39,150.86,395.0,147.98,5.29,70.7,298.0,231.71,1294103.3,318798.0,0.25,Bullish,30,5,0,0,0,35,35,"Above 50 DMA, Above 200 DMA, Strong but overbought RSI"
29.08.2026 at 02:41 AM IST,MAXESTATES,Unknown,Unknown,558.45,0.07,305.45,579.0,82.83,3.55,81.73,438.32,421.7,298016.7,259350.0,0.87,Bullish,30,5,0,0,0,35,35,"Above 50 DMA, Above 200 DMA, Strong but overbought RSI"
29.08.2026 at 02:41 AM IST,MANORG,Unknown,Unknown,500.0,-0.7,356.25,635.0,40.35,21.26,56.85,512.44,481.59,16284.3,9985.0,0.61,Bearish,15,20,0,0,0,35,35,"Above 200 DMA, Healthy RSI momentum"
29.08.2026 at 02:41 AM IST,MANGLMCEM,Unknown,Unknown,1058.2,0.05,678.22,1089.4,56.03,2.86,72.88,945.07,845.47,229403.25,170829.0,0.74,Bullish,30,5,0,0,0,35,35,"Above 50 DMA, Above 200 DMA, Strong but overbought RSI"
29.08.2026 at 02:41 AM IST,GREENPLY,Unknown,Unknown,291.25,-0.29,176.11,333.82,65.38,12.75,50.56,298.65,259.24,131804.7,53257.0,0.4,Bearish,15,20,0,0,0,35,35,"Above 200 DMA, Healthy RSI momentum"
29.08.2026 at 02:41 AM IST,MANYAVAR,Unknown,Unknown,544.55,-0.38,329.2,779.0,65.42,30.1,73.96,449.73,468.58,3059344.4,374606.0,0.12,Bullish,30,5,0,0,0,35,35,"Above 50 DMA, Above 200 DMA, Strong but overbought RSI"
29.08.2026 at 02:41 AM IST,SIRCA,Unknown,Unknown,435.1,-0.22,383.11,536.35,13.57,18.88,53.72,414.9,443.99,526971.35,455904.0,0.87,Bullish,15,20,15,0,15,35,35,"Above 50 DMA, Healthy RSI momentum, Close to 52W low with recovery potential, Below 200 DMA risk"
29.08.2026 at 02:41 AM IST,SINGERIND,Unknown,Unknown,77.25,0.38,56.79,91.3,36.02,15.39,53.18,71.29,,319629.4,91302.0,0.29,Bullish,15,20,0,0,0,35,35,"Above 50 DMA, Healthy RSI momentum"
29.08.2026 at 02:41 AM IST,SHREERAMA,Unknown,Unknown,43.1,-0.78,37.62,71.99,14.57,40.13,53.23,41.99,49.68,150580.7,60326.0,0.4,Bullish,15,20,15,0,15,35,35,"Above 50 DMA, Healthy RSI momentum, Close to 52W low with recovery potential, Below 200 DMA risk"
29.08.2026 at 02:41 AM IST,SHILPAMED,Unknown,Unknown,901.85,4.77,259.5,919.0,247.53,1.87,83.28,675.83,449.99,3472273.45,2274142.0,0.65,Bullish,30,5,0,0,0,35,35,"Above 50 DMA, Above 200 DMA, Strong but overbought RSI"
29.08.2026 at 02:41 AM IST,SHANTIGEAR,Unknown,Unknown,544.8,-2.97,384.0,585.4,41.87,6.94,77.92,434.03,447.71,867571.15,273195.0,0.31,Bullish,30,5,0,0,0,35,35,"Above 50 DMA, Above 200 DMA, Strong but overbought RSI"
29.08.2026 at 02:41 AM IST,SETL,Unknown,Unknown,346.9,4.99,104.56,346.9,231.77,0.0,77.03,277.03,173.32,1060395.5,497377.0,0.47,Bullish,30,5,0,0,0,35,35,"Above 50 DMA, Above 200 DMA, Strong but overbought RSI"
29.08.2026 at 02:41 AM IST,AWL,Fast Moving Consumer Goods,Unknown,199.74,-1.07,170.3,281.43,17.29,29.03,61.91,189.57,204.53,4125712.25,3440924.0,0.83,Bullish,15,20,15,0,15,35,35,"Above 50 DMA, Healthy RSI momentum, Close to 52W low with recovery potential, Below 200 DMA risk"
29.08.2026 at 02:41 AM IST,SIS,Unknown,Unknown,421.7,0.14,257.05,480.95,64.05,12.32,47.43,429.46,359.53,174860.55,313306.0,1.79,Bearish,15,10,0,10,0,35,35,"Above 200 DMA, RSI recovering zone, Volume expansion"
29.08.2026 at 02:41 AM IST,GOPAL,Unknown,Unknown,279.15,-2.02,247.22,396.7,12.92,29.63,53.05,273.11,292.79,237597.1,143662.0,0.6,Bullish,15,20,15,0,15,35,35,"Above 50 DMA, Healthy RSI momentum, Close to 52W low with recovery potential, Below 200 DMA risk"
29.08.2026 at 02:41 AM IST,APOLLOPIPE,Unknown,Unknown,638.55,-2.23,251.75,668.8,153.64,4.52,73.69,516.84,410.64,618664.55,243918.0,0.39,Bullish,30,5,0,0,0,35,35,"Above 50 DMA, Above 200 DMA, Strong but overbought RSI"
29.08.2026 at 02:41 AM IST,SREEL,Unknown,Unknown,263.24,1.25,165.25,270.0,59.3,2.5,70.8,223.81,208.25,23820.95,21756.0,0.91,Bullish,30,5,0,0,0,35,35,"Above 50 DMA, Above 200 DMA, Strong but overbought RSI"
29.08.2026 at 02:41 AM IST,SRD,Unknown,Unknown,39.62,-1.2,36.0,90.94,10.06,56.43,51.04,39.32,49.53,40276.7,19220.0,0.48,Bullish,15,20,15,0,15,35,35,"Above 50 DMA, Healthy RSI momentum, Close to 52W low with recovery potential, Below 200 DMA risk"
29.08.2026 at 02:41 AM IST,SOFTTECH,Unknown,Unknown,419.4,-0.65,215.0,489.9,95.07,14.39,49.05,424.7,355.11,4944.2,6592.0,1.33,Bearish,15,10,0,10,0,35,35,"Above 200 DMA, RSI recovering zone, Volume expansion"
29.08.2026 at 02:41 AM IST,SKYGOLD,Unknown,Unknown,843.05,-0.6,259.0,868.8,225.5,2.96,71.32,660.6,451.81,1360332.05,445982.0,0.33,Bullish,30,5,0,0,0,35,35,"Above 50 DMA, Above 200 DMA, Strong but overbought RSI"
29.08.2026 at 02:41 AM IST,SKFINDUS,Unknown,Unknown,2891.6,0.94,1972.22,3018.35,46.62,4.2,64.06,2749.6,,50338.7,33057.0,0.66,Bullish,15,20,0,0,0,35,35,"Above 50 DMA, Healthy RSI momentum"
29.08.2026 at 02:41 AM IST,DVL,Unknown,Unknown,293.97,-0.16,186.0,373.32,58.05,21.25,70.51,250.73,252.03,52270.9,48383.0,0.93,Bullish,30,5,0,0,0,35,35,"Above 50 DMA, Above 200 DMA, Strong but overbought RSI"
29.08.2026 at 02:41 AM IST,MALUPAPER,Unknown,Unknown,32.25,1.67,27.0,44.11,19.44,26.89,52.05,31.8,33.07,11856.75,8315.0,0.7,Bullish,15,20,15,0,15,35,35,"Above 50 DMA, Healthy RSI momentum, Close to 52W low with recovery potential, Below 200 DMA risk"
29.08.2026 at 02:41 AM IST,COMSYN,Unknown,Unknown,283.75,-1.72,133.23,298.0,112.98,4.78,70.81,214.2,169.23,927004.45,46730.0,0.05,Bullish,30,5,0,0,0,35,35,"Above 50 DMA, Above 200 DMA, Strong but overbought RSI"
29.08.2026 at 02:41 AM IST,COMPUSOFT,Unknown,Unknown,13.47,1.35,12.0,20.54,12.25,34.42,52.2,13.3,14.33,38739.1,28431.0,0.73,Bullish,15,20,15,0,15,35,35,"Above 50 DMA, Healthy RSI momentum, Close to 52W low with recovery potential, Below 200 DMA risk"
29.08.2026 at 02:41 AM IST,COFORGE,Information Technology,Unknown,1901.8,1.16,1003.45,1975.81,89.53,3.75,70.44,1628.41,1511.07,2013801.1,1759661.0,0.87,Bullish,30,5,0,0,0,35,35,"Above 50 DMA, Above 200 DMA, Strong but overbought RSI"
29.08.2026 at 02:41 AM IST,LTTS,Information Technology,Unknown,3537.9,-0.15,2976.44,4673.3,18.86,24.3,51.55,3418.7,3661.04,90107.15,36907.0,0.41,Bullish,15,20,15,0,15,35,35,"Above 50 DMA, Healthy RSI momentum, Close to 52W low with recovery potential, Below 200 DMA risk"
29.08.2026 at 02:41 AM IST,GLOBUSSPR,Unknown,Unknown,912.3,-0.34,800.05,1254.2,14.03,27.26,56.17,899.58,945.49,104463.55,28085.0,0.27,Bullish,15,20,15,0,15,35,35,"Above 50 DMA, Healthy RSI momentum, Close to 52W low with recovery potential, Below 200 DMA risk"
29.08.2026 at 02:41 AM IST,SURAKSHA,Unknown,Unknown,335.4,-0.99,224.1,340.5,49.67,1.5,72.39,274.09,276.9,366459.3,91126.0,0.25,Bullish,30,5,0,0,0,35,35,"Above 50 DMA, Above 200 DMA, Strong but overbought RSI"
29.08.2026 at 02:41 AM IST,AVTNPL,Unknown,Unknown,85.64,-1.51,53.16,92.45,61.08,7.37,70.83,73.44,67.58,442870.05,261183.0,0.59,Bullish,30,5,0,0,0,35,35,"Above 50 DMA, Above 200 DMA, Strong but overbought RSI"
29.08.2026 at 02:41 AM IST,SUNDRMFAST,Unknown,Unknown,1216.2,-1.76,726.53,1250.3,67.4,2.73,70.48,1027.28,916.51,258806.9,85029.0,0.33,Bullish,30,5,0,0,0,35,35,"Above 50 DMA, Above 200 DMA, Strong but overbought RSI"
29.08.2026 at 02:41 AM IST,SUNDARMFIN,Financial Services,Unknown,4636.9,2.14,3979.02,5612.41,16.53,17.38,56.41,4542.37,4767.57,58137.35,51237.0,0.88,Bullish,15,20,15,0,15,35,35,"Above 50 DMA, Healthy RSI momentum, Close to 52W low with recovery potential, Below 200 DMA risk"
29.08.2026 at 02:41 AM IST,INDSWFTLAB,Unknown,Unknown,358.04,-2.57,87.15,373.72,310.83,4.2,72.82,247.81,155.71,2104678.65,694257.0,0.33,Bullish,30,5,0,0,0,35,35,"Above 50 DMA, Above 200 DMA, Strong but overbought RSI"
29.08.2026 at 02:41 AM IST,SUBEXLTD,Unknown,Unknown,17.95,1.87,6.61,19.39,171.56,7.43,71.55,13.41,11.09,7029694.65,5057156.0,0.72,Bullish,30,5,0,0,0,35,35,"Above 50 DMA, Above 200 DMA, Strong but overbought RSI"
29.08.2026 at 02:41 AM IST,KSHINTL,Unknown,Unknown,962.35,1.49,330.4,1059.9,191.27,9.2,54.29,898.42,,439722.6,376921.0,0.86,Bullish,15,20,0,0,0,35,35,"Above 50 DMA, Healthy RSI momentum"
29.08.2026 at 02:41 AM IST,DALBHARAT,Construction Materials,Unknown,1876.2,-1.15,1600.31,2484.34,17.24,24.48,56.24,1802.8,1916.26,212469.45,211084.0,0.99,Bullish,15,20,15,0,15,35,35,"Above 50 DMA, Healthy RSI momentum, Close to 52W low with recovery potential, Below 200 DMA risk"
29.08.2026 at 02:41 AM IST,CYIENTDLM,Capital Goods,Unknown,810.4,1.57,265.2,814.25,205.58,0.47,74.49,616.93,442.83,632625.45,632549.0,1.0,Bullish,30,5,0,0,0,35,35,"Above 50 DMA, Above 200 DMA, Strong but overbought RSI"
29.08.2026 at 02:41 AM IST,LAMBODHARA,Unknown,Unknown,140.71,-0.82,81.8,162.0,72.02,13.14,76.29,115.49,112.25,87908.4,38124.0,0.43,Bullish,30,5,0,0,0,35,35,"Above 50 DMA, Above 200 DMA, Strong but overbought RSI"
29.08.2026 at 02:41 AM IST,KRN,Unknown,Unknown,1535.4,1.55,589.8,1598.2,160.33,3.93,70.46,1287.59,1013.88,211206.35,158253.0,0.75,Bullish,30,5,0,0,0,35,35,"Above 50 DMA, Above 200 DMA, Strong but overbought RSI"
29.08.2026 at 02:41 AM IST,KOVAI,Unknown,Unknown,6014.0,-1.76,2570.22,6324.18,133.99,4.9,52.73,5947.36,,5852.4,1955.0,0.33,Bullish,15,20,0,0,0,35,35,"Above 50 DMA, Healthy RSI momentum"
29.08.2026 at 02:41 AM IST,TRACXN,Unknown,Unknown,30.06,0.27,25.39,55.9,18.39,46.23,54.59,29.92,34.29,129452.5,92527.0,0.71,Bullish,15,20,15,0,15,35,35,"Above 50 DMA, Healthy RSI momentum, Close to 52W low with recovery potential, Below 200 DMA risk"
29.08.2026 at 02:41 AM IST,KOTHARIPRO,Unknown,Unknown,68.84,1.15,58.0,109.0,18.69,36.84,51.75,68.82,70.68,11141.2,2727.0,0.24,Bullish,15,20,15,0,15,35,35,"Above 50 DMA, Healthy RSI momentum, Close to 52W low with recovery potential, Below 200 DMA risk"
29.08.2026 at 02:41 AM IST,ALBERTDAVD,Unknown,Unknown,890.25,2.36,575.69,899.0,54.64,0.97,75.0,738.16,724.35,25471.65,8084.0,0.32,Bullish,30,5,0,0,0,35,35,"Above 50 DMA, Above 200 DMA, Strong but overbought RSI"
29.08.2026 at 02:41 AM IST,TIMEX,Unknown,Unknown,624.05,-0.79,323.0,647.8,93.2,3.67,66.94,550.06,,324049.85,247568.0,0.76,Bullish,15,20,0,0,0,35,35,"Above 50 DMA, Healthy RSI momentum"
29.08.2026 at 02:41 AM IST,TIINDIA,Automobile and Auto Components,Unknown,2870.0,0.35,2161.89,3415.14,32.75,15.96,50.92,2911.73,2771.24,496353.8,139913.0,0.28,Bearish,15,20,0,0,0,35,35,"Above 200 DMA, Healthy RSI momentum"
29.08.2026 at 02:41 AM IST,TFCILTD,Unknown,Unknown,141.84,0.6,50.73,146.0,179.57,2.85,87.11,97.25,76.06,16711976.9,10501249.0,0.63,Bullish,30,5,0,0,0,35,35,"Above 50 DMA, Above 200 DMA, Strong but overbought RSI"
29.08.2026 at 02:41 AM IST,TEAMGTY,Unknown,Unknown,240.02,0.01,210.0,332.55,14.3,27.82,60.56,228.18,254.55,7700.65,658.0,0.09,Bullish,15,20,15,0,15,35,35,"Above 50 DMA, Healthy RSI momentum, Close to 52W low with recovery potential, Below 200 DMA risk"
29.08.2026 at 02:41 AM IST,V2RETAIL,Unknown,Unknown,222.4,1.19,158.56,259.25,40.26,14.21,52.86,223.07,216.55,1125428.7,929035.0,0.83,Bearish,15,20,0,0,0,35,35,"Above 200 DMA, Healthy RSI momentum"
29.08.2026 at 02:41 AM IST,UTLSOLAR,Unknown,Unknown,443.35,-0.19,172.0,494.25,157.76,10.3,59.95,381.92,,487365.85,143124.0,0.29,Bullish,15,20,0,0,0,35,35,"Above 50 DMA, Healthy RSI momentum"
29.08.2026 at 02:41 AM IST,URBANCO,Consumer Services,Unknown,167.36,-0.1,100.7,201.18,66.2,16.81,76.17,138.64,129.97,18970279.9,7134291.0,0.38,Bullish,30,5,0,0,0,35,35,"Above 50 DMA, Above 200 DMA, Strong but overbought RSI"
29.08.2026 at 02:41 AM IST,UFLEX,Unknown,Unknown,631.0,-2.99,327.71,660.5,92.55,4.47,73.57,484.15,456.15,706961.2,269326.0,0.38,Bullish,30,5,0,0,0,35,35,"Above 50 DMA, Above 200 DMA, Strong but overbought RSI"
29.08.2026 at 02:41 AM IST,TVSSRICHAK,Unknown,Unknown,5244.5,-1.27,2795.84,5359.3,87.58,2.14,75.56,4240.01,4068.3,85775.15,27296.0,0.32,Bullish,30,5,0,0,0,35,35,"Above 50 DMA, Above 200 DMA, Strong but overbought RSI"
29.08.2026 at 02:41 AM IST,TVSSCS,Unknown,Unknown,130.79,-1.04,90.32,146.5,44.81,10.72,51.16,133.46,117.04,3164157.8,721741.0,0.23,Bearish,15,20,0,0,0,35,35,"Above 200 DMA, Healthy RSI momentum"
29.08.2026 at 02:41 AM IST,KOHINOOR,Unknown,Unknown,34.35,-0.89,19.2,38.47,78.91,10.71,75.06,25.81,25.7,400568.2,134853.0,0.34,Bullish,30,5,0,0,0,35,35,"Above 50 DMA, Above 200 DMA, Strong but overbought RSI"
29.08.2026 at 02:41 AM IST,DCI,Unknown,Unknown,413.85,2.74,208.98,475.0,98.03,12.87,75.57,311.72,277.42,57564.5,50993.0,0.89,Bullish,30,5,0,0,0,35,35,"Above 50 DMA, Above 200 DMA, Strong but overbought RSI"
29.08.2026 at 02:41 AM IST,DEEDEV,Unknown,Unknown,635.8,-0.19,183.0,760.0,247.43,16.34,46.65,664.74,411.84,178323.05,316732.0,1.78,Bearish,15,10,0,10,0,35,35,"Above 200 DMA, RSI recovering zone, Volume expansion"
29.08.2026 at 02:41 AM IST,KABRAEXTRU,Unknown,Unknown,589.6,-2.0,180.0,625.15,227.56,5.69,72.11,387.49,268.93,539434.85,129623.0,0.24,Bullish,30,5,0,0,0,35,35,"Above 50 DMA, Above 200 DMA, Strong but overbought RSI"
29.08.2026 at 02:41 AM IST,JYOTICNC,Capital Goods,Unknown,1029.8,1.69,580.1,1055.9,77.52,2.47,78.67,824.91,821.56,1587279.75,873758.0,0.55,Bullish,30,5,0,0,0,35,35,"Above 50 DMA, Above 200 DMA, Strong but overbought RSI"
29.08.2026 at 02:41 AM IST,JYOTHYLAB,Unknown,Unknown,209.52,-1.11,188.1,340.94,11.39,38.55,55.12,201.29,233.36,1084367.3,910612.0,0.84,Bullish,15,20,15,0,15,35,35,"Above 50 DMA, Healthy RSI momentum, Close to 52W low with recovery potential, Below 200 DMA risk"
29.08.2026 at 02:41 AM IST,WELENT,Unknown,Unknown,676.6,-2.35,409.98,700.0,65.03,3.34,71.12,600.24,521.89,713156.25,258277.0,0.36,Bullish,30,5,0,0,0,35,35,"Above 50 DMA, Above 200 DMA, Strong but overbought RSI"
29.08.2026 at 02:41 AM IST,ZEEL,Media Entertainment & Publication,Unknown,103.98,-0.42,68.0,121.8,52.91,14.63,51.55,104.44,93.48,38172909.8,24740990.0,0.65,Bearish,15,20,0,0,0,35,35,"Above 200 DMA, Healthy RSI momentum"
29.08.2026 at 02:41 AM IST,WELSPUNLIV,Textiles,Unknown,192.29,0.87,107.04,195.0,79.65,1.39,74.0,167.74,140.44,10386140.3,2534490.0,0.24,Bullish,30,5,0,0,0,35,35,"Above 50 DMA, Above 200 DMA, Strong but overbought RSI"
29.08.2026 at 02:41 AM IST,GAIL,Oil Gas & Consumable Fuels,Unknown,172.44,-1.17,134.36,182.38,28.34,5.45,46.93,173.81,165.18,11463162.45,4745650.0,0.41,Bearish,15,10,8,0,0,33,33,"Above 200 DMA, RSI recovering zone, Within 30% of 52W low"
29.08.2026 at 02:41 AM IST,UMIYA-MRO,Unknown,Unknown,88.68,-0.63,70.0,110.9,26.69,20.04,46.69,89.86,86.58,10496.9,7142.0,0.68,Bearish,15,10,8,0,0,33,33,"Above 200 DMA, RSI recovering zone, Within 30% of 52W low"
29.08.2026 at 02:41 AM IST,METROGLOBL,Unknown,Unknown,135.07,-2.0,110.0,165.0,22.79,18.14,47.49,134.1,,9373.35,875.0,0.09,Bullish,15,10,8,0,0,33,33,"Above 50 DMA, RSI recovering zone, Within 30% of 52W low"
29.08.2026 at 02:41 AM IST,SUNPHARMA,Healthcare,Unknown,1913.3,0.73,1533.99,2046.9,24.73,6.53,47.73,1920.38,1791.52,1863466.35,1107552.0,0.59,Bearish,15,10,8,0,0,33,33,"Above 200 DMA, RSI recovering zone, Within 30% of 52W low"
29.08.2026 at 02:41 AM IST,MMTC,Services,Unknown,63.51,-0.8,50.1,78.35,26.77,18.94,47.26,65.05,63.29,3595901.55,906339.0,0.25,Bearish,15,10,8,0,0,33,33,"Above 200 DMA, RSI recovering zone, Within 30% of 52W low"
29.08.2026 at 02:41 AM IST,MGL,Oil Gas & Consumable Fuels,Unknown,1092.8,-2.02,885.65,1341.92,23.39,18.56,45.99,1111.95,1090.44,305725.5,155301.0,0.51,Bearish,15,10,8,0,0,33,33,"Above 200 DMA, RSI recovering zone, Within 30% of 52W low"
29.08.2026 at 02:41 AM IST,KIMS,Healthcare,Unknown,768.45,1.63,575.8,858.0,33.46,10.44,39.91,802.09,710.43,639395.1,889873.0,1.39,Bearish,15,8,0,10,0,33,33,"Above 200 DMA, Weak but watchable RSI, Volume expansion"
29.08.2026 at 02:41 AM IST,ORCHPHARMA,Unknown,Unknown,928.8,-4.58,480.0,1133.0,93.5,18.02,38.82,1001.32,780.57,92593.25,177784.0,1.92,Bearish,15,8,0,10,0,33,33,"Above 200 DMA, Weak but watchable RSI, Volume expansion"
29.08.2026 at 02:41 AM IST,IGIL,Services,Unknown,343.55,-1.24,282.67,386.09,21.54,11.02,48.75,346.79,334.9,647359.65,263451.0,0.41,Bearish,15,10,8,0,0,33,33,"Above 200 DMA, RSI recovering zone, Within 30% of 52W low"
29.08.2026 at 02:41 AM IST,3MINDIA,Diversified,Unknown,34245.0,2.01,28319.86,37487.1,20.92,8.65,46.02,34598.03,33658.2,4125.5,3288.0,0.8,Bearish,15,10,8,0,0,33,33,"Above 200 DMA, RSI recovering zone, Within 30% of 52W low"
29.08.2026 at 02:41 AM IST,PTC,Unknown,Unknown,157.96,0.43,130.34,203.54,21.19,22.4,46.76,158.29,154.39,3536836.9,711786.0,0.2,Bearish,15,10,8,0,0,33,33,"Above 200 DMA, RSI recovering zone, Within 30% of 52W low"
29.08.2026 at 02:41 AM IST,RITES,Services,Unknown,217.19,-0.38,173.95,272.1,24.85,20.18,46.41,218.48,217.08,711204.05,157885.0,0.22,Bearish,15,10,8,0,0,33,33,"Above 200 DMA, RSI recovering zone, Within 30% of 52W low"
29.08.2026 at 02:41 AM IST,WALCHANNAG,Unknown,Unknown,222.26,0.6,131.15,315.8,69.47,29.62,40.46,243.52,203.19,624172.55,902632.0,1.45,Bearish,15,8,0,10,0,33,33,"Above 200 DMA, Weak but watchable RSI, Volume expansion"
29.08.2026 at 02:41 AM IST,CRAMC,Unknown,Unknown,258.9,-0.65,212.17,348.32,22.02,25.67,50.51,256.4,261.0,296240.55,375586.0,1.27,Bullish,15,20,8,5,15,33,33,"Above 50 DMA, Healthy RSI momentum, Within 30% of 52W low, Normal volume support, Below 200 DMA risk"
29.08.2026 at 02:41 AM IST,MANKIND,Healthcare,Unknown,2417.5,0.99,1909.7,2674.0,26.59,9.59,47.46,2481.01,2278.26,465200.55,322167.0,0.69,Bearish,15,10,8,0,0,33,33,"Above 200 DMA, RSI recovering zone, Within 30% of 52W low"
29.08.2026 at 02:41 AM IST,PREMIERENE,Capital Goods,Unknown,1000.0,-0.5,666.41,1134.0,50.06,11.82,41.94,1044.31,935.6,1033212.05,1498122.0,1.45,Bearish,15,8,0,10,0,33,33,"Above 200 DMA, Weak but watchable RSI, Volume expansion"
29.08.2026 at 02:41 AM IST,BIOCON,Healthcare,Unknown,418.4,0.22,336.65,447.15,24.28,6.43,47.99,422.74,395.89,3245305.0,1713404.0,0.53,Bearish,15,10,8,0,0,33,33,"Above 200 DMA, RSI recovering zone, Within 30% of 52W low"
29.08.2026 at 02:41 AM IST,GRANULES,Healthcare,Unknown,832.3,0.5,465.03,908.11,78.98,8.35,44.6,842.48,682.24,583697.85,1123298.0,1.92,Bearish,15,8,0,10,0,33,33,"Above 200 DMA, Weak but watchable RSI, Volume expansion"
29.08.2026 at 02:41 AM IST,DLINKINDIA,Unknown,Unknown,438.0,-1.31,349.13,521.54,25.45,16.02,46.3,461.78,422.56,216603.5,53887.0,0.25,Bearish,15,10,8,0,0,33,33,"Above 200 DMA, RSI recovering zone, Within 30% of 52W low"
29.08.2026 at 02:41 AM IST,DATAMATICS,Unknown,Unknown,790.8,-0.99,632.0,1048.31,25.13,24.56,34.32,834.85,782.59,105774.8,23531.0,0.22,Bearish,15,8,8,0,0,31,31,"Above 200 DMA, Weak but watchable RSI, Within 30% of 52W low"
29.08.2026 at 02:41 AM IST,GREENLAM,Unknown,Unknown,243.25,-1.64,197.29,278.55,23.3,12.67,41.46,254.24,242.06,248115.0,94551.0,0.38,Bearish,15,8,8,0,0,31,31,"Above 200 DMA, Weak but watchable RSI, Within 30% of 52W low"
29.08.2026 at 02:41 AM IST,PGHL,Unknown,Unknown,5722.5,0.03,4670.26,6920.56,22.53,17.31,30.58,6282.2,5563.04,18107.35,9113.0,0.5,Bearish,15,8,8,0,0,31,31,"Above 200 DMA, Weak but watchable RSI, Within 30% of 52W low"
29.08.2026 at 02:41 AM IST,ASIANPAINT,Consumer Durables,Unknown,2631.0,0.17,2096.81,2960.02,25.48,11.12,38.7,2692.91,2592.78,685428.3,525106.0,0.77,Bearish,15,8,8,0,0,31,31,"Above 200 DMA, Weak but watchable RSI, Within 30% of 52W low"
29.08.2026 at 02:41 AM IST,KKCL,Unknown,Unknown,498.2,-3.22,406.58,590.16,22.54,15.58,42.6,508.06,482.17,72845.8,24953.0,0.34,Bearish,15,8,8,0,0,31,31,"Above 200 DMA, Weak but watchable RSI, Within 30% of 52W low"
29.08.2026 at 02:41 AM IST,PICCADIL,Unknown,Unknown,653.85,-1.72,515.0,809.7,26.96,19.25,39.92,684.97,607.55,476401.6,107744.0,0.23,Bearish,15,8,8,0,0,31,31,"Above 200 DMA, Weak but watchable RSI, Within 30% of 52W low"
29.08.2026 at 02:41 AM IST,CIPLA,Healthcare,Unknown,1420.0,1.23,1154.87,1657.45,22.96,14.33,44.2,1440.63,1386.39,797809.9,533212.0,0.67,Bearish,15,8,8,0,0,31,31,"Above 200 DMA, Weak but watchable RSI, Within 30% of 52W low"
29.08.2026 at 02:41 AM IST,BANSWRAS,Unknown,Unknown,118.46,3.12,93.01,142.9,27.36,17.1,44.66,125.4,117.53,39018.8,32468.0,0.83,Bearish,15,8,8,0,0,31,31,"Above 200 DMA, Weak but watchable RSI, Within 30% of 52W low"
29.08.2026 at 02:41 AM IST,NESTLEIND,Fast Moving Consumer Goods,Unknown,1450.0,-0.1,1133.4,1553.0,27.93,6.63,42.33,1460.18,1341.54,1840674.2,637066.0,0.35,Bearish,15,8,8,0,0,31,31,"Above 200 DMA, Weak but watchable RSI, Within 30% of 52W low"
29.08.2026 at 02:41 AM IST,AERONEU,Unknown,Unknown,81.88,-0.32,63.21,125.37,29.54,34.69,43.08,87.5,80.14,46817.05,26169.0,0.56,Bearish,15,8,8,0,0,31,31,"Above 200 DMA, Weak but watchable RSI, Within 30% of 52W low"
29.08.2026 at 02:41 AM IST,AARVI,Unknown,Unknown,145.07,-3.31,113.34,166.24,28.0,12.73,38.27,149.33,132.5,37519.7,11191.0,0.3,Bearish,15,8,8,0,0,31,31,"Above 200 DMA, Weak but watchable RSI, Within 30% of 52W low"
29.08.2026 at 02:41 AM IST,HARRMALAYA,Unknown,Unknown,194.7,-3.96,153.66,237.9,26.71,18.16,39.84,209.52,190.42,23473.75,23208.0,0.99,Bearish,15,8,8,0,0,31,31,"Above 200 DMA, Weak but watchable RSI, Within 30% of 52W low"
29.08.2026 at 02:41 AM IST,INDHOTEL,Consumer Services,Unknown,718.5,-0.35,562.49,789.04,27.73,8.94,43.52,729.58,686.3,1403155.4,863865.0,0.62,Bearish,15,8,8,0,0,31,31,"Above 200 DMA, Weak but watchable RSI, Within 30% of 52W low"
29.08.2026 at 02:41 AM IST,MAHLIFE,Unknown,Unknown,368.65,-0.7,284.1,423.03,29.76,12.86,39.5,375.14,361.32,135748.4,63804.0,0.47,Bearish,15,8,8,0,0,31,31,"Above 200 DMA, Weak but watchable RSI, Within 30% of 52W low"
29.08.2026 at 02:41 AM IST,BERGEPAINT,Consumer Durables,Unknown,501.0,-0.54,388.17,590.09,29.07,15.1,38.94,517.25,498.05,524436.9,275124.0,0.52,Bearish,15,8,8,0,0,31,31,"Above 200 DMA, Weak but watchable RSI, Within 30% of 52W low"
29.08.2026 at 02:41 AM IST,ICICIAMC,Financial Services,Unknown,3093.6,-4.01,2506.98,3597.03,23.4,14.0,44.66,3191.61,,523204.9,4775198.0,9.13,Bearish,0,8,8,15,0,31,31,"Weak but watchable RSI, Within 30% of 52W low, Strong volume expansion"
29.08.2026 at 02:41 AM IST,CAMS,Financial Services,Unknown,740.9,-0.68,606.32,837.88,22.2,11.57,36.22,776.74,740.9,1279987.85,653884.0,0.51,Bearish,15,8,8,0,0,31,31,"Above 200 DMA, Weak but watchable RSI, Within 30% of 52W low"
29.08.2026 at 02:41 AM IST,CERA,Unknown,Unknown,5662.0,-0.96,4410.18,6663.07,28.38,15.02,34.76,6134.83,5449.79,11368.7,8155.0,0.72,Bearish,15,8,8,0,0,31,31,"Above 200 DMA, Weak but watchable RSI, Within 30% of 52W low"
29.08.2026 at 02:41 AM IST,YESBANK,Financial Services,Unknown,22.26,-0.54,17.2,25.78,29.42,13.65,37.05,23.41,21.87,44378660.6,40844488.0,0.92,Bearish,15,8,8,0,0,31,31,"Above 200 DMA, Weak but watchable RSI, Within 30% of 52W low"
29.08.2026 at 02:41 AM IST,STAR,Unknown,Unknown,983.0,0.01,765.07,1225.26,28.49,19.77,44.07,1040.73,975.25,545355.05,94124.0,0.17,Bearish,15,8,8,0,0,31,31,"Above 200 DMA, Weak but watchable RSI, Within 30% of 52W low"
29.08.2026 at 02:41 AM IST,NIVABUPA,Financial Services,Unknown,82.5,0.4,67.5,91.4,22.22,9.74,39.59,85.45,79.21,1678466.75,196144.0,0.12,Bearish,15,8,8,0,0,31,31,"Above 200 DMA, Weak but watchable RSI, Within 30% of 52W low"
29.08.2026 at 02:41 AM IST,ATULAUTO,Unknown,Unknown,481.15,-1.3,380.05,596.55,26.6,19.34,41.74,494.89,464.88,398947.15,64301.0,0.16,Bearish,15,8,8,0,0,31,31,"Above 200 DMA, Weak but watchable RSI, Within 30% of 52W low"
29.08.2026 at 02:41 AM IST,JUBLINGREA,Chemicals,Unknown,691.1,-2.41,535.5,792.33,29.06,12.78,39.13,706.98,671.16,283743.3,171316.0,0.6,Bearish,15,8,8,0,0,31,31,"Above 200 DMA, Weak but watchable RSI, Within 30% of 52W low"
29.08.2026 at 02:41 AM IST,MEIL,Unknown,Unknown,304.3,2.23,206.26,573.7,47.53,46.96,66.28,290.65,308.68,100707.95,199012.0,1.98,Bullish,15,20,0,10,15,30,30,"Above 50 DMA, Healthy RSI momentum, Volume expansion, Below 200 DMA risk"
29.08.2026 at 02:41 AM IST,GANESHHOU,Unknown,Unknown,798.3,-1.86,500.0,902.95,59.66,11.59,48.49,800.5,737.97,38201.0,39849.0,1.04,Bearish,15,10,0,5,0,30,30,"Above 200 DMA, RSI recovering zone, Normal volume support"
29.08.2026 at 02:41 AM IST,JISLJALEQS,Unknown,Unknown,29.69,-1.26,26.11,59.0,13.71,49.68,52.86,31.09,34.71,3260794.9,4772124.0,1.46,Bearish,0,20,15,10,15,30,30,"Healthy RSI momentum, Close to 52W low with recovery potential, Volume expansion, Below 200 DMA risk"
29.08.2026 at 02:41 AM IST,JAYKAY,Unknown,Unknown,156.72,0.4,115.52,219.7,35.66,28.67,52.39,164.31,,384630.6,758397.0,1.97,Bearish,0,20,0,10,0,30,30,"Healthy RSI momentum, Volume expansion"
29.08.2026 at 02:41 AM IST,TITAGARH,Capital Goods,Unknown,831.15,0.7,568.7,971.0,46.15,14.4,46.93,852.95,796.35,396002.25,449561.0,1.14,Bearish,15,10,0,5,0,30,30,"Above 200 DMA, RSI recovering zone, Normal volume support"
29.08.2026 at 02:41 AM IST,TIPSMUSIC,Unknown,Unknown,660.0,1.5,478.57,741.0,37.91,10.93,49.11,668.31,591.16,214514.8,245442.0,1.14,Bearish,15,10,0,5,0,30,30,"Above 200 DMA, RSI recovering zone, Normal volume support"
29.08.2026 at 02:41 AM IST,BAJAJHFL,Financial Services,Unknown,85.29,1.45,72.65,117.0,17.4,27.1,50.03,86.45,88.97,2794063.4,4358067.0,1.56,Bearish,0,20,15,10,15,30,30,"Healthy RSI momentum, Close to 52W low with recovery potential, Volume expansion, Below 200 DMA risk"
29.08.2026 at 02:41 AM IST,RSL,Unknown,Unknown,172.47,3.53,101.7,174.45,69.59,1.13,80.09,142.15,,891437.65,1772814.0,1.99,Bullish,15,5,0,10,0,30,30,"Above 50 DMA, Strong but overbought RSI, Volume expansion"
29.08.2026 at 02:41 AM IST,KIRLOSENG,Capital Goods,Unknown,2100.2,3.12,852.49,2714.26,146.36,22.62,46.88,2238.5,1617.53,471329.0,521433.0,1.11,Bearish,15,10,0,5,0,30,30,"Above 200 DMA, RSI recovering zone, Normal volume support"
29.08.2026 at 02:41 AM IST,SKFINDIA,Unknown,Unknown,1566.0,-1.33,1370.53,4953.04,14.26,68.38,50.45,1557.9,1657.72,135433.25,18762.0,0.14,Bullish,15,20,15,0,20,30,30,"Above 50 DMA, Healthy RSI momentum, Close to 52W low with recovery potential, Below 200 DMA risk, Very far from 52W high"
29.08.2026 at 02:41 AM IST,AUTOIND,Unknown,Unknown,89.02,0.03,48.35,104.0,84.12,14.4,47.24,89.67,76.69,151581.5,194083.0,1.28,Bearish,15,10,0,5,0,30,30,"Above 200 DMA, RSI recovering zone, Normal volume support"
29.08.2026 at 02:41 AM IST,GSPCROP,Unknown,Unknown,627.75,-2.39,328.0,667.95,91.39,6.02,71.34,513.67,,328024.7,503251.0,1.53,Bullish,15,5,0,10,0,30,30,"Above 50 DMA, Strong but overbought RSI, Volume expansion"
29.08.2026 at 02:41 AM IST,MANGALAM,Unknown,Unknown,32.15,2.36,22.8,82.36,41.01,60.96,70.39,28.06,31.51,48986.45,34979.0,0.71,Bullish,30,5,0,0,5,30,30,"Above 50 DMA, Above 200 DMA, Strong but overbought RSI, Very far from 52W high"
29.08.2026 at 02:41 AM IST,SHANKARA,Unknown,Unknown,146.95,-0.45,98.25,1048.6,49.57,85.99,70.87,136.63,119.58,192771.95,55600.0,0.29,Bullish,30,5,0,0,5,30,30,"Above 50 DMA, Above 200 DMA, Strong but overbought RSI, Very far from 52W high"
29.08.2026 at 02:41 AM IST,VEDL,Metals & Mining,Unknown,281.0,-1.92,249.7,795.0,12.54,64.65,55.11,272.77,489.38,13711495.7,13441814.0,0.98,Bullish,15,20,15,0,20,30,30,"Above 50 DMA, Healthy RSI momentum, Close to 52W low with recovery potential, Below 200 DMA risk, Very far from 52W high"
29.08.2026 at 02:41 AM IST,USHAMART,Capital Goods,Unknown,489.15,-1.41,371.21,523.57,31.77,6.57,45.95,494.83,452.24,411106.15,514767.0,1.25,Bearish,15,10,0,5,0,30,30,"Above 200 DMA, RSI recovering zone, Normal volume support"
29.08.2026 at 02:41 AM IST,RKDL,Unknown,Unknown,18.88,0.0,16.3,32.48,15.83,41.87,51.54,18.93,20.77,12639.95,19865.0,1.57,Bearish,0,20,15,10,15,30,30,"Healthy RSI momentum, Close to 52W low with recovery potential, Volume expansion, Below 200 DMA risk"
29.08.2026 at 02:41 AM IST,ADVENTHTL,Unknown,Unknown,140.52,1.47,120.02,345.05,17.08,59.28,49.2,143.72,,180239.1,214699.0,1.19,Bearish,0,10,15,5,0,30,30,"RSI recovering zone, Close to 52W low with recovery potential, Normal volume support"
29.08.2026 at 02:41 AM IST,CAPILLARY,Unknown,Unknown,508.95,0.46,464.25,798.95,9.63,36.3,47.22,511.07,,1238588.1,368041.0,0.3,Bearish,0,10,20,0,0,30,30,"RSI recovering zone, Near 52W low with non-crashing RSI"
29.08.2026 at 02:41 AM IST,ACCELYA,Unknown,Unknown,1134.9,0.27,1012.4,1437.28,12.1,21.04,48.68,1129.57,1186.8,4706.35,4730.0,1.01,Bullish,15,10,15,5,15,30,30,"Above 50 DMA, RSI recovering zone, Close to 52W low with recovery potential, Normal volume support, Below 200 DMA risk"
29.08.2026 at 02:41 AM IST,ZFSTEERING,Unknown,Unknown,671.25,0.25,620.65,894.98,8.15,25.0,49.49,677.43,,4675.8,1786.0,0.38,Bearish,0,10,20,0,0,30,30,"RSI recovering zone, Near 52W low with non-crashing RSI"
29.08.2026 at 02:41 AM IST,MANCREDIT,Unknown,Unknown,229.52,3.56,152.06,287.27,50.94,20.1,49.65,232.3,188.39,262501.75,293346.0,1.12,Bearish,15,10,0,5,0,30,30,"Above 200 DMA, RSI recovering zone, Normal volume support"
29.08.2026 at 02:41 AM IST,IIFLCAPS,Unknown,Unknown,334.4,-0.59,240.4,407.51,39.1,17.94,45.83,337.5,325.59,210221.15,212029.0,1.01,Bearish,15,10,0,5,0,30,30,"Above 200 DMA, RSI recovering zone, Normal volume support"
29.08.2026 at 02:41 AM IST,AARON,Unknown,Unknown,135.71,-0.27,106.42,229.83,27.52,40.95,52.07,127.22,146.32,18631.5,10460.0,0.56,Bullish,15,20,8,0,15,28,28,"Above 50 DMA, Healthy RSI momentum, Within 30% of 52W low, Below 200 DMA risk"
29.08.2026 at 02:41 AM IST,PARACABLES,Unknown,Unknown,59.37,-1.18,28.3,75.7,109.79,21.57,34.39,66.08,47.83,1730928.1,1875208.0,1.08,Bearish,15,8,0,5,0,28,28,"Above 200 DMA, Weak but watchable RSI, Normal volume support"
29.08.2026 at 02:41 AM IST,IKS,Information Technology,Unknown,1750.6,0.53,1262.0,1933.0,38.72,9.44,43.28,1804.87,1639.61,173623.5,180738.0,1.04,Bearish,15,8,0,5,0,28,28,"Above 200 DMA, Weak but watchable RSI, Normal volume support"
29.08.2026 at 02:41 AM IST,ANURAS,Chemicals,Unknown,1259.8,-0.62,1045.2,1415.0,20.53,10.97,61.67,1246.32,1274.28,301444.65,136325.0,0.45,Bullish,15,20,8,0,15,28,28,"Above 50 DMA, Healthy RSI momentum, Within 30% of 52W low, Below 200 DMA risk"
29.08.2026 at 02:41 AM IST,ANNAPURNA,Unknown,Unknown,146.4,-1.65,120.75,287.0,21.24,48.99,50.43,138.04,172.55,97170.75,46443.0,0.48,Bullish,15,20,8,0,15,28,28,"Above 50 DMA, Healthy RSI momentum, Within 30% of 52W low, Below 200 DMA risk"
29.08.2026 at 02:41 AM IST,ELCIDIN,Unknown,Unknown,109000.0,-0.12,105505.0,136968.89,3.31,20.42,40.54,111891.34,,16.75,5.0,0.3,Bearish,0,8,20,0,0,28,28,"Weak but watchable RSI, Near 52W low with non-crashing RSI"
29.08.2026 at 02:41 AM IST,NSIL,Unknown,Unknown,5741.0,-0.73,4700.0,8730.0,22.15,34.24,59.47,5538.93,5869.01,2234.9,1718.0,0.77,Bullish,15,20,8,0,15,28,28,"Above 50 DMA, Healthy RSI momentum, Within 30% of 52W low, Below 200 DMA risk"
29.08.2026 at 02:41 AM IST,MHRIL,Unknown,Unknown,211.23,-3.19,207.9,368.9,1.6,42.74,33.52,227.45,263.1,111396.2,406340.0,3.65,Bearish,0,8,20,15,15,28,28,"Weak but watchable RSI, Near 52W low with non-crashing RSI, Strong volume expansion, Below 200 DMA risk"
29.08.2026 at 02:41 AM IST,SWIGGY,Consumer Services,Unknown,284.7,-0.65,235.75,474.0,20.76,39.94,56.42,269.15,305.41,16168695.6,9150633.0,0.57,Bullish,15,20,8,0,15,28,28,"Above 50 DMA, Healthy RSI momentum, Within 30% of 52W low, Below 200 DMA risk"
29.08.2026 at 02:41 AM IST,THOMASCOOK,Unknown,Unknown,110.06,-0.14,85.96,180.73,28.04,39.1,57.74,105.14,113.06,3159863.5,953613.0,0.3,Bullish,15,20,8,0,15,28,28,"Above 50 DMA, Healthy RSI momentum, Within 30% of 52W low, Below 200 DMA risk"
29.08.2026 at 02:41 AM IST,BOMDYEING,Unknown,Unknown,116.95,5.15,91.69,194.8,27.55,39.96,50.21,122.47,122.13,1062440.1,12306360.0,11.58,Bearish,0,20,8,15,15,28,28,"Healthy RSI momentum, Within 30% of 52W low, Strong volume expansion, Below 200 DMA risk"
29.08.2026 at 02:41 AM IST,OSWALSEEDS,Unknown,Unknown,12.17,-1.62,9.66,20.28,25.98,39.99,55.97,11.03,12.63,308909.35,50780.0,0.16,Bullish,15,20,8,0,15,28,28,"Above 50 DMA, Healthy RSI momentum, Within 30% of 52W low, Below 200 DMA risk"
29.08.2026 at 02:41 AM IST,MFML,Unknown,Unknown,18.53,-0.96,17.3,36.99,7.11,49.91,43.18,19.74,23.36,3880.95,11692.0,3.01,Bearish,0,8,20,15,15,28,28,"Weak but watchable RSI, Near 52W low with non-crashing RSI, Strong volume expansion, Below 200 DMA risk"
29.08.2026 at 02:41 AM IST,BLAL,Unknown,Unknown,166.46,-0.18,155.5,233.8,7.05,28.8,30.79,177.24,187.82,19576.25,40101.0,2.05,Bearish,0,8,20,15,15,28,28,"Weak but watchable RSI, Near 52W low with non-crashing RSI, Strong volume expansion, Below 200 DMA risk"
29.08.2026 at 02:41 AM IST,KHAICHEM,Unknown,Unknown,55.52,-2.46,42.88,135.67,29.48,59.08,55.08,52.44,61.67,348616.15,177755.0,0.51,Bullish,15,20,8,0,15,28,28,"Above 50 DMA, Healthy RSI momentum, Within 30% of 52W low, Below 200 DMA risk"
29.08.2026 at 02:41 AM IST,CAPACITE,Unknown,Unknown,223.16,-1.86,180.0,334.0,23.98,33.19,54.3,228.65,238.61,531784.5,1225181.0,2.3,Bearish,0,20,8,15,15,28,28,"Healthy RSI momentum, Within 30% of 52W low, Strong volume expansion, Below 200 DMA risk"
29.08.2026 at 02:41 AM IST,HSCL,Chemicals,Unknown,674.35,1.58,417.93,819.5,61.35,17.71,38.15,715.34,557.94,6905288.75,7924818.0,1.15,Bearish,15,8,0,5,0,28,28,"Above 200 DMA, Weak but watchable RSI, Normal volume support"
29.08.2026 at 02:41 AM IST,LORDSCHLO,Unknown,Unknown,139.42,-0.09,108.0,233.0,29.09,40.16,50.88,139.29,145.77,13121.65,6100.0,0.46,Bullish,15,20,8,0,15,28,28,"Above 50 DMA, Healthy RSI momentum, Within 30% of 52W low, Below 200 DMA risk"
29.08.2026 at 02:41 AM IST,CCHHL,Unknown,Unknown,12.86,-0.92,10.03,19.5,28.22,34.05,53.3,12.72,13.65,17051.3,7776.0,0.46,Bullish,15,20,8,0,15,28,28,"Above 50 DMA, Healthy RSI momentum, Within 30% of 52W low, Below 200 DMA risk"
29.08.2026 at 02:41 AM IST,GICRE,Financial Services,Unknown,351.85,0.6,346.7,417.95,1.49,15.82,42.34,359.55,375.41,682878.6,1644017.0,2.41,Bearish,0,8,20,15,15,28,28,"Weak but watchable RSI, Near 52W low with non-crashing RSI, Strong volume expansion, Below 200 DMA risk"
29.08.2026 at 02:41 AM IST,CCL,Fast Moving Consumer Goods,Unknown,1111.5,1.49,813.3,1242.2,36.66,10.52,42.85,1161.28,1067.08,159124.2,177598.0,1.12,Bearish,15,8,0,5,0,28,28,"Above 200 DMA, Weak but watchable RSI, Normal volume support"
29.08.2026 at 02:41 AM IST,BBTC,Fast Moving Consumer Goods,Unknown,1613.6,13.14,1314.6,2114.67,22.74,23.69,72.19,1504.51,1622.25,748909.5,14319956.0,19.12,Bullish,15,5,8,15,15,28,28,"Above 50 DMA, Strong but overbought RSI, Within 30% of 52W low, Strong volume expansion, Below 200 DMA risk"
29.08.2026 at 02:41 AM IST,MAFATIND,Unknown,Unknown,120.73,0.53,119.02,156.29,1.44,22.75,35.2,132.24,,49035.7,21835.0,0.45,Bearish,0,8,20,0,0,28,28,"Weak but watchable RSI, Near 52W low with non-crashing RSI"
29.08.2026 at 02:41 AM IST,BDL,Capital Goods,Unknown,1348.6,-1.06,1086.0,1648.13,24.18,18.17,53.82,1324.25,1353.33,1891938.25,445421.0,0.24,Bullish,15,20,8,0,15,28,28,"Above 50 DMA, Healthy RSI momentum, Within 30% of 52W low, Below 200 DMA risk"
29.08.2026 at 02:41 AM IST,RAMAPHO,Unknown,Unknown,126.56,-1.13,103.29,216.76,22.52,41.61,55.48,125.53,139.35,39700.1,30254.0,0.76,Bullish,15,20,8,0,15,28,28,"Above 50 DMA, Healthy RSI momentum, Within 30% of 52W low, Below 200 DMA risk"
29.08.2026 at 02:41 AM IST,MADRASFERT,Unknown,Unknown,67.97,-2.5,52.56,96.39,29.32,29.48,55.33,67.53,70.18,119176.5,77038.0,0.65,Bullish,15,20,8,0,15,28,28,"Above 50 DMA, Healthy RSI momentum, Within 30% of 52W low, Below 200 DMA risk"
29.08.2026 at 02:41 AM IST,BAJAJCON,Unknown,Unknown,450.6,-2.78,220.1,692.0,104.73,34.88,30.42,552.71,425.48,662845.95,843825.0,1.27,Bearish,15,8,0,5,0,28,28,"Above 200 DMA, Weak but watchable RSI, Normal volume support"
29.08.2026 at 02:41 AM IST,REFEX,Unknown,Unknown,289.4,-2.51,187.4,413.68,54.43,30.04,40.6,318.66,276.91,342725.9,347748.0,1.01,Bearish,15,8,0,5,0,28,28,"Above 200 DMA, Weak but watchable RSI, Normal volume support"
29.08.2026 at 02:41 AM IST,LPDC,Unknown,Unknown,6.7,-4.96,5.23,9.46,28.11,29.18,46.64,6.59,6.76,151908.2,279734.0,1.84,Bullish,15,10,8,10,15,28,28,"Above 50 DMA, RSI recovering zone, Within 30% of 52W low, Volume expansion, Below 200 DMA risk"
29.08.2026 at 02:41 AM IST,HESTERBIO,Unknown,Unknown,2289.8,-2.74,1233.94,2683.6,85.57,14.67,40.33,2348.25,1793.04,5360.5,6174.0,1.15,Bearish,15,8,0,5,0,28,28,"Above 200 DMA, Weak but watchable RSI, Normal volume support"
29.08.2026 at 02:41 AM IST,RMC,Unknown,Unknown,249.45,-2.84,245.4,530.0,1.65,52.93,39.47,291.07,,136952.15,39639.0,0.29,Bearish,0,8,20,0,0,28,28,"Weak but watchable RSI, Near 52W low with non-crashing RSI"
29.08.2026 at 02:41 AM IST,BANKA,Unknown,Unknown,79.62,1.5,41.0,97.88,94.2,18.66,42.8,87.56,73.9,4285.8,4726.0,1.1,Bearish,15,8,0,5,0,28,28,"Above 200 DMA, Weak but watchable RSI, Normal volume support"
29.08.2026 at 02:41 AM IST,LTM,Information Technology,Unknown,4464.0,0.09,3528.0,6344.47,26.53,29.64,50.01,4203.69,4792.96,425934.9,106428.0,0.25,Bullish,15,20,8,0,15,28,28,"Above 50 DMA, Healthy RSI momentum, Within 30% of 52W low, Below 200 DMA risk"
29.08.2026 at 02:41 AM IST,ESSENTIA,Unknown,Unknown,1.03,-4.63,1.01,2.08,1.98,50.48,33.64,1.23,1.41,5400319.9,10836008.0,2.01,Bearish,0,8,20,15,15,28,28,"Weak but watchable RSI, Near 52W low with non-crashing RSI, Strong volume expansion, Below 200 DMA risk"
29.08.2026 at 02:41 AM IST,ENRIN,Capital Goods,Unknown,3256.4,-2.09,2111.59,3968.0,54.22,17.93,39.16,3455.12,3082.75,823295.7,1041630.0,1.27,Bearish,15,8,0,5,0,28,28,"Above 200 DMA, Weak but watchable RSI, Normal volume support"
29.08.2026 at 02:41 AM IST,GTPL,Unknown,Unknown,53.95,-1.01,50.85,118.25,6.1,54.38,36.83,59.13,72.68,98721.5,389861.0,3.95,Bearish,0,8,20,15,15,28,28,"Weak but watchable RSI, Near 52W low with non-crashing RSI, Strong volume expansion, Below 200 DMA risk"
29.08.2026 at 02:41 AM IST,CUMMINSIND,Capital Goods,Unknown,5190.0,-0.19,3729.27,6049.82,39.17,14.21,39.28,5464.75,4904.71,508780.7,553728.0,1.09,Bearish,15,8,0,5,0,28,28,"Above 200 DMA, Weak but watchable RSI, Normal volume support"
29.08.2026 at 02:41 AM IST,GVPIL,Unknown,Unknown,661.75,2.82,268.34,1073.74,146.61,38.37,36.19,804.33,559.04,276614.6,341036.0,1.23,Bearish,15,8,0,5,0,28,28,"Above 200 DMA, Weak but watchable RSI, Normal volume support"
29.08.2026 at 02:41 AM IST,BIKAJI,Fast Moving Consumer Goods,Unknown,611.9,-0.03,591.39,817.1,3.47,25.11,42.19,634.12,662.13,141427.0,663473.0,4.69,Bearish,0,8,20,15,15,28,28,"Weak but watchable RSI, Near 52W low with non-crashing RSI, Strong volume expansion, Below 200 DMA risk"
29.08.2026 at 02:41 AM IST,BHARATFORG,Automobile and Auto Components,Unknown,2050.0,2.24,1095.92,2295.0,87.06,10.68,43.48,2128.19,1786.85,1296781.95,1465432.0,1.13,Bearish,15,8,0,5,0,28,28,"Above 200 DMA, Weak but watchable RSI, Normal volume support"
29.08.2026 at 02:41 AM IST,MARATHON,Unknown,Unknown,428.75,2.22,344.05,685.4,24.62,37.45,63.43,393.23,459.8,415497.5,318928.0,0.77,Bullish,15,20,8,0,15,28,28,"Above 50 DMA, Healthy RSI momentum, Within 30% of 52W low, Below 200 DMA risk"
29.08.2026 at 02:41 AM IST,SPLPETRO,Chemicals,Unknown,692.0,-2.3,457.27,965.13,51.33,28.3,43.29,718.22,673.17,79231.9,82584.0,1.04,Bearish,15,8,0,5,0,28,28,"Above 200 DMA, Weak but watchable RSI, Normal volume support"
29.08.2026 at 02:41 AM IST,SPARC,Unknown,Unknown,194.98,0.32,108.0,289.0,80.54,32.53,36.64,222.84,166.52,782560.65,811811.0,1.04,Bearish,15,8,0,5,0,28,28,"Above 200 DMA, Weak but watchable RSI, Normal volume support"
29.08.2026 at 02:41 AM IST,PKTEA,Unknown,Unknown,751.85,-4.22,605.0,998.0,24.27,24.66,55.95,729.91,764.11,1291.3,80.0,0.06,Bullish,15,20,8,0,15,28,28,"Above 50 DMA, Healthy RSI momentum, Within 30% of 52W low, Below 200 DMA risk"
29.08.2026 at 02:41 AM IST,GRAUWEIL,Unknown,Unknown,67.75,1.99,62.09,115.6,9.12,41.39,43.54,73.88,,403824.2,249817.0,0.62,Bearish,0,8,20,0,0,28,28,"Weak but watchable RSI, Near 52W low with non-crashing RSI"
29.08.2026 at 02:41 AM IST,EXCELSOFT,Unknown,Unknown,71.53,1.46,66.4,142.59,7.73,49.84,38.14,76.79,,604612.35,420383.0,0.7,Bearish,0,8,20,0,0,28,28,"Weak but watchable RSI, Near 52W low with non-crashing RSI"
29.08.2026 at 02:41 AM IST,SPIC,Unknown,Unknown,69.46,-1.17,55.1,125.79,26.06,44.78,58.49,67.83,71.7,442498.1,314076.0,0.71,Bullish,15,20,8,0,15,28,28,"Above 50 DMA, Healthy RSI momentum, Within 30% of 52W low, Below 200 DMA risk"
29.08.2026 at 02:41 AM IST,FACT,Chemicals,Unknown,842.55,-2.74,652.1,1058.6,29.21,20.41,54.36,841.7,846.52,1917503.0,419829.0,0.22,Bullish,15,20,8,0,15,28,28,"Above 50 DMA, Healthy RSI momentum, Within 30% of 52W low, Below 200 DMA risk"
29.08.2026 at 02:41 AM IST,APOLLOTYRE,Automobile and Auto Components,Unknown,443.25,0.05,363.22,533.71,22.03,16.95,56.12,434.43,449.81,1069259.35,538426.0,0.5,Bullish,15,20,8,0,15,28,28,"Above 50 DMA, Healthy RSI momentum, Within 30% of 52W low, Below 200 DMA risk"
29.08.2026 at 02:41 AM IST,WEWORK,Unknown,Unknown,675.35,-0.43,420.0,794.5,60.8,15.0,39.32,702.98,595.6,268008.95,316546.0,1.18,Bearish,15,8,0,5,0,28,28,"Above 200 DMA, Weak but watchable RSI, Normal volume support"
29.08.2026 at 02:41 AM IST,ZUARIIND,Unknown,Unknown,270.85,-1.83,210.0,416.0,28.98,34.89,53.03,263.68,272.04,90175.65,49782.0,0.55,Bullish,15,20,8,0,15,28,28,"Above 50 DMA, Healthy RSI momentum, Within 30% of 52W low, Below 200 DMA risk"
29.08.2026 at 02:41 AM IST,TINNARUBR,Unknown,Unknown,998.4,-1.77,527.45,1322.0,89.29,24.48,40.83,1028.88,816.35,59486.15,62609.0,1.05,Bearish,15,8,0,5,0,28,28,"Above 200 DMA, Weak but watchable RSI, Normal volume support"
29.08.2026 at 02:41 AM IST,KITEX,Unknown,Unknown,129.86,2.41,123.15,232.7,5.45,44.19,37.62,146.39,168.19,646156.35,2143828.0,3.32,Bearish,0,8,20,15,15,28,28,"Weak but watchable RSI, Near 52W low with non-crashing RSI, Strong volume expansion, Below 200 DMA risk"
29.08.2026 at 02:41 AM IST,TGBHOTELS,Unknown,Unknown,9.15,-1.29,7.5,13.4,22.0,31.72,47.55,9.1,9.39,29438.5,44990.0,1.53,Bullish,15,10,8,10,15,28,28,"Above 50 DMA, RSI recovering zone, Within 30% of 52W low, Volume expansion, Below 200 DMA risk"
29.08.2026 at 02:41 AM IST,AHLADA,Unknown,Unknown,38.47,1.37,31.22,72.0,23.22,46.57,50.71,38.44,44.36,26115.2,16187.0,0.62,Bullish,15,20,8,0,15,28,28,"Above 50 DMA, Healthy RSI momentum, Within 30% of 52W low, Below 200 DMA risk"
29.08.2026 at 02:41 AM IST,GALAPREC,Unknown,Unknown,1039.8,-0.08,671.2,1260.0,54.92,17.48,46.22,1109.39,864.45,55245.8,18606.0,0.34,Bearish,15,10,0,0,0,25,25,"Above 200 DMA, RSI recovering zone"
29.08.2026 at 02:41 AM IST,BUILDPRO,Unknown,Unknown,1242.1,-1.65,632.91,1380.0,96.25,9.99,49.16,1193.21,,99372.75,33871.0,0.34,Bullish,15,10,0,0,0,25,25,"Above 50 DMA, RSI recovering zone"
29.08.2026 at 02:41 AM IST,CAMPUS,Unknown,Unknown,224.99,-0.08,213.74,294.65,5.27,23.64,52.2,225.51,244.48,772244.3,211614.0,0.27,Bearish,0,20,20,0,15,25,25,"Healthy RSI momentum, Near 52W low with non-crashing RSI, Below 200 DMA risk"
29.08.2026 at 02:41 AM IST,NILASPACES,Unknown,Unknown,12.43,-3.87,11.35,20.47,9.52,39.28,48.99,12.46,13.8,1194885.85,2111213.0,1.77,Bearish,0,10,20,10,15,25,25,"RSI recovering zone, Near 52W low with non-crashing RSI, Volume expansion, Below 200 DMA risk"
29.08.2026 at 02:41 AM IST,MFSL,Financial Services,Unknown,1568.0,-2.0,1433.6,1892.5,9.38,17.15,52.21,1568.22,1643.18,789441.9,732972.0,0.93,Bearish,0,20,20,0,15,25,25,"Healthy RSI momentum, Near 52W low with non-crashing RSI, Below 200 DMA risk"
29.08.2026 at 02:41 AM IST,OMNI,Unknown,Unknown,575.7,-0.42,176.25,764.85,226.64,24.73,49.32,562.12,,2551126.35,237985.0,0.09,Bullish,15,10,0,0,0,25,25,"Above 50 DMA, RSI recovering zone"
29.08.2026 at 02:41 AM IST,BOROLTD,Unknown,Unknown,244.07,-4.42,213.73,397.95,14.2,38.67,48.88,240.52,254.47,1141972.25,1072261.0,0.94,Bullish,15,10,15,0,15,25,25,"Above 50 DMA, RSI recovering zone, Close to 52W low with recovery potential, Below 200 DMA risk"
29.08.2026 at 02:41 AM IST,BONLON,Unknown,Unknown,40.3,1.77,34.51,57.0,16.78,29.3,45.13,41.57,,14711.75,3325.0,0.23,Bearish,0,10,15,0,0,25,25,"RSI recovering zone, Close to 52W low with recovery potential"
29.08.2026 at 02:41 AM IST,SVPGLOB,Unknown,Unknown,3.75,0.27,2.18,6.89,72.02,45.57,45.6,3.86,3.68,31011.4,4717.0,0.15,Bearish,15,10,0,0,0,25,25,"Above 200 DMA, RSI recovering zone"
29.08.2026 at 02:41 AM IST,GOCLCORP,Unknown,Unknown,397.35,-0.01,223.35,459.9,77.9,13.6,45.12,406.89,326.45,153453.7,26007.0,0.17,Bearish,15,10,0,0,0,25,25,"Above 200 DMA, RSI recovering zone"
29.08.2026 at 02:41 AM IST,NOCIL,Unknown,Unknown,165.13,0.02,124.15,202.61,33.01,18.5,49.32,169.14,159.51,1138204.25,847691.0,0.74,Bearish,15,10,0,0,0,25,25,"Above 200 DMA, RSI recovering zone"
29.08.2026 at 02:41 AM IST,JBMA,Automobile and Auto Components,Unknown,645.25,-1.25,477.0,790.0,35.27,18.32,48.02,668.82,618.17,887301.95,135727.0,0.15,Bearish,15,10,0,0,0,25,25,"Above 200 DMA, RSI recovering zone"
29.08.2026 at 02:41 AM IST,TEXINFRA,Unknown,Unknown,110.55,0.38,82.5,118.0,34.0,6.31,49.71,111.74,101.53,131243.0,29042.0,0.22,Bearish,15,10,0,0,0,25,25,"Above 200 DMA, RSI recovering zone"
29.08.2026 at 02:41 AM IST,JASH,Unknown,Unknown,484.65,-1.05,326.61,572.85,48.39,15.4,46.79,506.56,436.84,103649.15,73386.0,0.71,Bearish,15,10,0,0,0,25,25,"Above 200 DMA, RSI recovering zone"
29.08.2026 at 02:41 AM IST,JNKINDIA,Unknown,Unknown,444.75,-1.88,200.92,558.0,121.36,20.3,48.3,466.32,330.21,344708.2,98066.0,0.28,Bearish,15,10,0,0,0,25,25,"Above 200 DMA, RSI recovering zone"
29.08.2026 at 02:41 AM IST,TTKPRESTIG,Unknown,Unknown,606.9,-0.53,418.48,762.96,45.02,20.45,49.24,617.35,567.89,82562.6,42507.0,0.51,Bearish,15,10,0,0,0,25,25,"Above 200 DMA, RSI recovering zone"
29.08.2026 at 02:41 AM IST,THANGAMAYL,Unknown,Unknown,5502.0,0.12,1934.09,7430.0,184.47,25.95,47.88,5878.52,4275.23,229951.7,64030.0,0.28,Bearish,15,10,0,0,0,25,25,"Above 200 DMA, RSI recovering zone"
29.08.2026 at 02:41 AM IST,ALGOQUANT,Unknown,Unknown,64.88,-0.15,47.8,71.01,35.73,8.63,47.21,63.35,,1292825.9,1270299.0,0.98,Bullish,15,10,0,0,0,25,25,"Above 50 DMA, RSI recovering zone"
29.08.2026 at 02:41 AM IST,ANGELONE,Financial Services,Unknown,295.9,-0.99,206.12,359.34,43.56,17.65,46.1,315.41,283.09,4760642.5,3766886.0,0.79,Bearish,15,10,0,0,0,25,25,"Above 200 DMA, RSI recovering zone"
29.08.2026 at 02:41 AM IST,NITCO,Unknown,Unknown,97.56,0.92,64.0,126.0,52.44,22.57,48.69,104.12,91.83,1721040.55,819938.0,0.48,Bearish,15,10,0,0,0,25,25,"Above 200 DMA, RSI recovering zone"
29.08.2026 at 02:41 AM IST,TPLPLASTEH,Unknown,Unknown,77.44,-0.21,50.01,90.33,54.85,14.27,47.72,77.92,68.92,139822.75,119271.0,0.85,Bearish,15,10,0,0,0,25,25,"Above 200 DMA, RSI recovering zone"
29.08.2026 at 02:41 AM IST,TREJHARA,Unknown,Unknown,149.89,0.91,128.4,284.85,16.74,47.38,46.08,146.4,180.46,52176.45,11319.0,0.22,Bullish,15,10,15,0,15,25,25,"Above 50 DMA, RSI recovering zone, Close to 52W low with recovery potential, Below 200 DMA risk"
29.08.2026 at 02:41 AM IST,APEX,Unknown,Unknown,383.45,0.25,207.06,514.5,85.19,25.47,45.81,393.98,373.3,697140.6,129470.0,0.19,Bearish,15,10,0,0,0,25,25,"Above 200 DMA, RSI recovering zone"
29.08.2026 at 02:41 AM IST,OLECTRA,Automobile and Auto Components,Unknown,1326.3,-0.01,866.6,1714.2,53.05,22.63,46.96,1387.94,1217.97,401472.45,216139.0,0.54,Bearish,15,10,0,0,0,25,25,"Above 200 DMA, RSI recovering zone"
29.08.2026 at 02:41 AM IST,JINDALPOLY,Unknown,Unknown,637.55,-0.6,365.0,1026.45,74.67,37.89,47.72,645.66,620.51,25561.9,7939.0,0.31,Bearish,15,10,0,0,0,25,25,"Above 200 DMA, RSI recovering zone"
29.08.2026 at 02:41 AM IST,JITFINFRA,Unknown,Unknown,321.5,-0.02,222.35,478.0,44.59,32.74,46.71,331.1,309.64,30110.9,15909.0,0.53,Bearish,15,10,0,0,0,25,25,"Above 200 DMA, RSI recovering zone"
29.08.2026 at 02:41 AM IST,APOLLO,Unknown,Unknown,386.35,-0.43,179.5,466.5,115.24,17.18,46.17,398.6,304.85,4638759.85,4108063.0,0.89,Bearish,15,10,0,0,0,25,25,"Above 200 DMA, RSI recovering zone"
29.08.2026 at 02:41 AM IST,MEDICAMEQ,Unknown,Unknown,230.74,-4.12,212.4,447.65,8.63,48.46,45.27,239.82,297.39,20773.05,28626.0,1.38,Bearish,0,10,20,10,15,25,25,"RSI recovering zone, Near 52W low with non-crashing RSI, Volume expansion, Below 200 DMA risk"
29.08.2026 at 02:41 AM IST,MAYURUNIQ,Unknown,Unknown,749.4,0.26,467.56,899.99,60.28,16.73,45.93,790.06,617.62,125161.65,75037.0,0.6,Bearish,15,10,0,0,0,25,25,"Above 200 DMA, RSI recovering zone"
29.08.2026 at 02:41 AM IST,EMSLIMITED,Unknown,Unknown,381.1,1.42,256.05,592.32,48.84,35.66,45.62,405.57,368.12,472440.0,180937.0,0.38,Bearish,15,10,0,0,0,25,25,"Above 200 DMA, RSI recovering zone"
29.08.2026 at 02:41 AM IST,PAKKA,Unknown,Unknown,77.64,-3.58,69.1,178.84,12.36,56.59,48.26,76.54,90.66,308264.8,111632.0,0.36,Bullish,15,10,15,0,15,25,25,"Above 50 DMA, RSI recovering zone, Close to 52W low with recovery potential, Below 200 DMA risk"
29.08.2026 at 02:41 AM IST,KAJARIACER,Consumer Durables,Unknown,1200.4,-0.75,869.6,1285.37,38.04,6.61,46.03,1212.32,1078.38,276295.5,151659.0,0.55,Bearish,15,10,0,0,0,25,25,"Above 200 DMA, RSI recovering zone"
29.08.2026 at 02:41 AM IST,ELIN,Unknown,Unknown,100.64,0.37,93.65,234.0,7.46,56.99,50.09,101.31,129.83,251207.4,216138.0,0.86,Bearish,0,20,20,0,15,25,25,"Healthy RSI momentum, Near 52W low with non-crashing RSI, Below 200 DMA risk"
29.08.2026 at 02:41 AM IST,EMBDL,Unknown,Unknown,62.16,-0.03,39.46,105.7,57.53,41.19,47.79,62.77,61.95,2435173.5,1313394.0,0.54,Bearish,15,10,0,0,0,25,25,"Above 200 DMA, RSI recovering zone"
29.08.2026 at 02:41 AM IST,JUNIPER,Unknown,Unknown,216.05,1.89,188.5,312.5,14.62,30.86,70.61,198.29,216.69,395307.05,470586.0,1.19,Bullish,15,5,15,5,15,25,25,"Above 50 DMA, Strong but overbought RSI, Close to 52W low with recovery potential, Normal volume support, Below 200 DMA risk"
29.08.2026 at 02:41 AM IST,DDEVPLSTIK,Unknown,Unknown,278.7,0.89,185.15,359.35,50.53,22.44,49.63,280.1,268.47,224614.3,56523.0,0.25,Bearish,15,10,0,0,0,25,25,"Above 200 DMA, RSI recovering zone"
29.08.2026 at 02:41 AM IST,ASTRAMICRO,Unknown,Unknown,1687.5,-0.66,851.0,1960.0,98.3,13.9,46.28,1748.62,1216.12,625987.15,128292.0,0.2,Bearish,15,10,0,0,0,25,25,"Above 200 DMA, RSI recovering zone"
29.08.2026 at 02:41 AM IST,GRINFRA,Unknown,Unknown,890.4,-1.63,785.0,1341.57,13.43,33.63,51.13,898.53,937.62,51723.5,62312.0,1.2,Bearish,0,20,15,5,15,25,25,"Healthy RSI momentum, Close to 52W low with recovery potential, Normal volume support, Below 200 DMA risk"
29.08.2026 at 02:41 AM IST,GROWW,Financial Services,Unknown,196.84,0.31,112.0,227.2,75.75,13.36,49.65,198.97,179.86,34644620.65,22896654.0,0.66,Bearish,15,10,0,0,0,25,25,"Above 200 DMA, RSI recovering zone"
29.08.2026 at 02:41 AM IST,HINDCON,Unknown,Unknown,22.6,-5.83,15.66,37.75,44.32,40.13,51.06,21.88,23.23,30815.6,59613.0,1.93,Bullish,15,20,0,10,20,25,25,"Above 50 DMA, Healthy RSI momentum, Volume expansion, Below 200 DMA risk, Sharp daily fall"
29.08.2026 at 02:41 AM IST,INDIGO,Services,Unknown,5189.0,-1.17,3895.2,5970.0,33.22,13.08,47.73,5251.4,4900.27,507797.0,352677.0,0.69,Bearish,15,10,0,0,0,25,25,"Above 200 DMA, RSI recovering zone"
29.08.2026 at 02:41 AM IST,CHEMBOND,Unknown,Unknown,173.59,0.85,104.03,207.75,66.87,16.44,48.99,178.16,160.08,6128.25,3656.0,0.6,Bearish,15,10,0,0,0,25,25,"Above 200 DMA, RSI recovering zone"
29.08.2026 at 02:41 AM IST,KIRLFER,Unknown,Unknown,447.6,-0.16,405.4,509.73,10.41,12.19,49.25,459.81,,157262.5,30799.0,0.2,Bearish,0,10,15,0,0,25,25,"RSI recovering zone, Close to 52W low with recovery potential"
29.08.2026 at 02:41 AM IST,SPAL,Unknown,Unknown,952.95,0.34,600.0,1221.9,58.83,22.01,45.16,1030.3,814.44,86825.6,37022.0,0.43,Bearish,15,10,0,0,0,25,25,"Above 200 DMA, RSI recovering zone"
29.08.2026 at 02:41 AM IST,KIRLOSBROS,Unknown,Unknown,1899.3,-0.07,1329.94,2180.91,42.81,12.91,49.05,1915.86,1693.33,77479.1,41120.0,0.53,Bearish,15,10,0,0,0,25,25,"Above 200 DMA, RSI recovering zone"
29.08.2026 at 02:41 AM IST,KIRLOSIND,Unknown,Unknown,3704.2,-1.85,2454.51,4559.03,50.91,18.75,45.49,3870.53,3322.16,9943.15,5375.0,0.54,Bearish,15,10,0,0,0,25,25,"Above 200 DMA, RSI recovering zone"
29.08.2026 at 02:41 AM IST,STUDDS,Unknown,Unknown,447.25,-0.24,409.55,596.0,9.2,24.96,53.35,450.0,487.43,60244.4,36654.0,0.61,Bearish,0,20,20,0,15,25,25,"Healthy RSI momentum, Near 52W low with non-crashing RSI, Below 200 DMA risk"
29.08.2026 at 02:41 AM IST,ARFIN,Unknown,Unknown,85.4,1.41,31.94,106.2,167.38,19.59,49.0,87.75,80.44,1423826.6,942597.0,0.66,Bearish,15,10,0,0,0,25,25,"Above 200 DMA, RSI recovering zone"
29.08.2026 at 02:41 AM IST,SMSPHARMA,Unknown,Unknown,362.45,1.33,220.72,447.8,64.21,19.06,45.41,381.27,362.44,179813.0,153865.0,0.86,Bearish,15,10,0,0,0,25,25,"Above 200 DMA, RSI recovering zone"
29.08.2026 at 02:41 AM IST,EXICOM,Unknown,Unknown,156.14,0.6,75.6,182.9,106.53,14.63,48.59,161.84,124.93,1328361.55,431889.0,0.33,Bearish,15,10,0,0,0,25,25,"Above 200 DMA, RSI recovering zone"
29.08.2026 at 02:41 AM IST,BHANDARI,Unknown,Unknown,3.04,1.0,2.0,5.25,52.0,42.1,59.22,2.94,3.38,124830.85,146566.0,1.17,Bullish,15,20,0,5,15,25,25,"Above 50 DMA, Healthy RSI momentum, Normal volume support, Below 200 DMA risk"
29.08.2026 at 02:41 AM IST,BHARATCOAL,Unknown,Unknown,34.17,-0.76,29.74,45.09,14.9,24.22,45.46,36.28,,5276893.65,2637511.0,0.5,Bearish,0,10,15,0,0,25,25,"RSI recovering zone, Close to 52W low with recovery potential"
29.08.2026 at 02:41 AM IST,BHARATSE,Unknown,Unknown,221.07,-1.63,129.22,261.49,71.08,15.46,45.5,222.61,186.3,452076.05,71277.0,0.16,Bearish,15,10,0,0,0,25,25,"Above 200 DMA, RSI recovering zone"
29.08.2026 at 02:41 AM IST,SILLYMONKS,Unknown,Unknown,15.5,-6.51,14.61,28.45,6.09,45.52,45.16,16.11,18.36,21636.6,45633.0,2.11,Bearish,0,10,20,15,20,25,25,"RSI recovering zone, Near 52W low with non-crashing RSI, Strong volume expansion, Below 200 DMA risk, Sharp daily fall"
29.08.2026 at 02:41 AM IST,SHADOWFAX,Unknown,Unknown,238.6,-3.06,98.55,268.65,142.11,11.19,46.7,232.22,,10556051.25,4055797.0,0.38,Bullish,15,10,0,0,0,25,25,"Above 50 DMA, RSI recovering zone"
29.08.2026 at 02:41 AM IST,ATLANTAELE,Unknown,Unknown,1674.9,-2.91,707.6,2152.6,136.7,22.19,48.37,1697.84,1314.49,157529.15,96691.0,0.61,Bearish,15,10,0,0,0,25,25,"Above 200 DMA, RSI recovering zone"
29.08.2026 at 02:41 AM IST,MARKOLINES,Unknown,Unknown,172.74,0.53,131.65,191.75,31.21,9.91,47.68,174.58,160.6,156513.75,112561.0,0.72,Bearish,15,10,0,0,0,25,25,"Above 200 DMA, RSI recovering zone"
29.08.2026 at 02:41 AM IST,SICAGEN,Unknown,Unknown,54.97,0.02,24.35,74.06,125.75,25.78,48.68,54.12,,195081.45,29181.0,0.15,Bullish,15,10,0,0,0,25,25,"Above 50 DMA, RSI recovering zone"
29.08.2026 at 02:41 AM IST,SANDUMA,Unknown,Unknown,206.95,-1.3,140.64,272.33,47.15,24.01,54.55,203.84,210.82,649145.95,726534.0,1.12,Bullish,15,20,0,5,15,25,25,"Above 50 DMA, Healthy RSI momentum, Normal volume support, Below 200 DMA risk"
29.08.2026 at 02:41 AM IST,EPACKPEB,Unknown,Unknown,233.95,0.78,132.17,344.0,77.01,31.99,46.32,248.26,228.14,1748851.6,288397.0,0.16,Bearish,15,10,0,0,0,25,25,"Above 200 DMA, RSI recovering zone"
29.08.2026 at 02:41 AM IST,ENIL,Unknown,Unknown,104.41,-2.41,98.57,172.44,5.92,39.45,50.94,105.72,111.81,50492.95,12683.0,0.25,Bearish,0,20,20,0,15,25,25,"Healthy RSI momentum, Near 52W low with non-crashing RSI, Below 200 DMA risk"
29.08.2026 at 02:41 AM IST,MANBA,Unknown,Unknown,129.93,-1.43,97.82,153.71,32.83,15.47,45.31,134.28,126.21,80843.0,65983.0,0.82,Bearish,15,10,0,0,0,25,25,"Above 200 DMA, RSI recovering zone"
29.08.2026 at 02:41 AM IST,PREMEXPLN,Unknown,Unknown,666.25,-0.74,378.4,829.8,76.07,19.71,49.43,690.9,569.98,251298.4,83749.0,0.33,Bearish,15,10,0,0,0,25,25,"Above 200 DMA, RSI recovering zone"
29.08.2026 at 02:41 AM IST,SAHLIBHFI,Unknown,Unknown,75.0,0.66,66.6,86.89,12.61,13.68,48.46,77.34,,16290.3,7785.0,0.48,Bearish,0,10,15,0,0,25,25,"RSI recovering zone, Close to 52W low with recovery potential"
29.08.2026 at 02:41 AM IST,SAFARI,Unknown,Unknown,1522.2,1.74,1361.43,2504.02,11.81,39.21,50.07,1567.28,1775.97,45985.5,48118.0,1.05,Bearish,0,20,15,5,15,25,25,"Healthy RSI momentum, Close to 52W low with recovery potential, Normal volume support, Below 200 DMA risk"
29.08.2026 at 02:41 AM IST,SAGARDEEP,Unknown,Unknown,23.79,0.63,20.81,31.48,14.32,24.43,45.18,24.46,24.89,11498.15,33589.0,2.92,Bearish,0,10,15,15,15,25,25,"RSI recovering zone, Close to 52W low with recovery potential, Strong volume expansion, Below 200 DMA risk"
29.08.2026 at 02:41 AM IST,BHAGYANGR,Unknown,Unknown,382.9,-0.48,86.0,432.3,345.23,11.43,49.67,388.0,243.73,130126.7,52016.0,0.4,Bearish,15,10,0,0,0,25,25,"Above 200 DMA, RSI recovering zone"
29.08.2026 at 02:41 AM IST,SANSTAR,Unknown,Unknown,109.25,-0.82,74.3,137.49,47.04,20.54,47.28,113.48,98.28,291678.9,129899.0,0.45,Bearish,15,10,0,0,0,25,25,"Above 200 DMA, RSI recovering zone"
29.08.2026 at 02:41 AM IST,SDBL,Unknown,Unknown,71.82,-1.1,61.8,142.6,16.21,49.64,46.7,71.06,86.15,698274.35,337962.0,0.48,Bullish,15,10,15,0,15,25,25,"Above 50 DMA, RSI recovering zone, Close to 52W low with recovery potential, Below 200 DMA risk"
29.08.2026 at 02:41 AM IST,SELMC,Unknown,Unknown,27.45,-1.61,26.0,43.36,5.58,36.69,45.13,28.29,29.98,6567.25,12252.0,1.87,Bearish,0,10,20,10,15,25,25,"RSI recovering zone, Near 52W low with non-crashing RSI, Volume expansion, Below 200 DMA risk"
29.08.2026 at 02:41 AM IST,BALMLAWRIE,Unknown,Unknown,175.26,-0.83,148.36,224.14,18.13,21.81,49.11,177.29,176.36,153042.3,759686.0,4.96,Bearish,0,10,15,15,15,25,25,"RSI recovering zone, Close to 52W low with recovery potential, Strong volume expansion, Below 200 DMA risk"
29.08.2026 at 02:41 AM IST,RAMCOIND,Unknown,Unknown,341.6,-2.3,229.85,396.66,48.62,13.88,48.27,341.7,305.57,1373466.35,114445.0,0.08,Bearish,15,10,0,0,0,25,25,"Above 200 DMA, RSI recovering zone"
29.08.2026 at 02:41 AM IST,BALPHARMA,Unknown,Unknown,85.02,1.74,60.0,98.85,41.7,13.99,46.78,85.3,78.12,16443.3,6257.0,0.38,Bearish,15,10,0,0,0,25,25,"Above 200 DMA, RSI recovering zone"
29.08.2026 at 02:41 AM IST,LLOYDSENGG,Unknown,Unknown,87.56,-1.07,37.3,99.48,134.76,11.98,46.06,88.91,63.49,12213790.8,3585591.0,0.29,Bearish,15,10,0,0,0,25,25,"Above 200 DMA, RSI recovering zone"
29.08.2026 at 02:41 AM IST,BANSALWIRE,Unknown,Unknown,316.95,-1.11,222.5,374.0,42.45,15.25,46.22,324.03,300.32,134158.8,37906.0,0.28,Bearish,15,10,0,0,0,25,25,"Above 200 DMA, RSI recovering zone"
29.08.2026 at 02:41 AM IST,CORONA,Unknown,Unknown,2083.2,-0.95,1329.32,2270.1,56.71,8.23,48.82,2051.03,,40513.85,5743.0,0.14,Bullish,15,10,0,0,0,25,25,"Above 50 DMA, RSI recovering zone"
29.08.2026 at 02:41 AM IST,HAWKINCOOK,Unknown,Unknown,8239.0,0.51,6998.24,9450.43,17.73,12.82,46.74,8426.5,,1343.9,976.0,0.73,Bearish,0,10,15,0,0,25,25,"RSI recovering zone, Close to 52W low with recovery potential"
29.08.2026 at 02:41 AM IST,HDFCAMC,Financial Services,Unknown,2575.0,-3.48,2158.39,2903.74,19.3,11.32,48.73,2620.05,2580.54,836093.25,2101778.0,2.51,Bearish,0,10,15,15,15,25,25,"RSI recovering zone, Close to 52W low with recovery potential, Strong volume expansion, Below 200 DMA risk"
29.08.2026 at 02:41 AM IST,CARBORUNIV,Capital Goods,Unknown,1103.2,-0.23,733.45,1303.79,50.41,15.39,48.52,1113.65,941.96,257315.4,139357.0,0.54,Bearish,15,10,0,0,0,25,25,"Above 200 DMA, RSI recovering zone"
29.08.2026 at 02:41 AM IST,XTGLOBAL,Unknown,Unknown,29.88,2.01,25.2,46.19,18.57,35.31,48.9,29.84,31.63,102167.05,69117.0,0.68,Bullish,15,10,15,0,15,25,25,"Above 50 DMA, RSI recovering zone, Close to 52W low with recovery potential, Below 200 DMA risk"
29.08.2026 at 02:41 AM IST,RATEGAIN,Unknown,Unknown,918.25,-1.69,437.0,1050.0,110.13,12.55,47.4,923.98,702.46,682791.55,344863.0,0.51,Bearish,15,10,0,0,0,25,25,"Above 200 DMA, RSI recovering zone"
29.08.2026 at 02:41 AM IST,BATAINDIA,Consumer Durables,Unknown,681.6,-0.58,577.4,1223.99,18.05,44.31,45.88,678.54,750.28,737908.25,115819.0,0.16,Bullish,15,10,15,0,15,25,25,"Above 50 DMA, RSI recovering zone, Close to 52W low with recovery potential, Below 200 DMA risk"
29.08.2026 at 02:41 AM IST,GESHIP,Services,Unknown,1317.2,-1.13,894.22,1766.73,47.3,25.44,45.55,1376.15,1309.83,1271173.15,650976.0,0.51,Bearish,15,10,0,0,0,25,25,"Above 200 DMA, RSI recovering zone"
29.08.2026 at 02:41 AM IST,DHANBANK,Unknown,Unknown,32.72,-1.48,19.45,36.85,68.23,11.21,47.6,33.33,28.42,830556.35,461956.0,0.56,Bearish,15,10,0,0,0,25,25,"Above 200 DMA, RSI recovering zone"
29.08.2026 at 02:41 AM IST,NDLVENTURE,Unknown,Unknown,122.62,-0.45,80.0,140.0,53.28,12.41,45.52,127.7,112.77,36267.35,9645.0,0.27,Bearish,15,10,0,0,0,25,25,"Above 200 DMA, RSI recovering zone"
29.08.2026 at 02:41 AM IST,NEPHROPLUS,Unknown,Unknown,685.45,-1.18,446.0,769.75,53.69,10.95,49.8,677.1,,155555.95,114061.0,0.73,Bullish,15,10,0,0,0,25,25,"Above 50 DMA, RSI recovering zone"
29.08.2026 at 02:41 AM IST,VIYASH,Unknown,Unknown,259.5,-1.48,167.95,298.0,54.51,12.92,46.22,268.87,228.74,9194749.0,8009140.0,0.87,Bearish,15,10,0,0,0,25,25,"Above 200 DMA, RSI recovering zone"
29.08.2026 at 02:41 AM IST,AFIL,Unknown,Unknown,9.42,-0.84,3.92,11.1,140.31,15.14,47.37,9.71,8.15,808643.3,259544.0,0.32,Bearish,15,10,0,0,0,25,25,"Above 200 DMA, RSI recovering zone"
29.08.2026 at 02:41 AM IST,ABDL,Fast Moving Consumer Goods,Unknown,607.5,-1.01,378.82,711.7,60.37,14.64,47.47,628.38,558.63,370769.4,161808.0,0.44,Bearish,15,10,0,0,0,25,25,"Above 200 DMA, RSI recovering zone"
29.08.2026 at 02:41 AM IST,ADFFOODS,Unknown,Unknown,273.8,-2.46,152.76,346.19,79.23,20.91,48.35,290.33,237.43,156571.55,73656.0,0.47,Bearish,15,10,0,0,0,25,25,"Above 200 DMA, RSI recovering zone"
29.08.2026 at 02:41 AM IST,FUSION,Unknown,Unknown,196.05,-4.48,136.5,243.0,43.63,19.32,43.77,208.44,182.16,883982.55,402570.0,0.46,Bearish,15,8,0,0,0,23,23,"Above 200 DMA, Weak but watchable RSI"
29.08.2026 at 02:41 AM IST,VTL,Textiles,Unknown,589.6,-1.38,379.53,682.21,55.35,13.58,43.2,615.72,538.01,216201.2,155966.0,0.72,Bearish,15,8,0,0,0,23,23,"Above 200 DMA, Weak but watchable RSI"
29.08.2026 at 02:41 AM IST,ADANIGREEN,Power,Unknown,1328.5,1.94,765.0,1631.5,73.66,18.57,43.35,1436.22,1172.94,1509003.35,811100.0,0.54,Bearish,15,8,0,0,0,23,23,"Above 200 DMA, Weak but watchable RSI"
29.08.2026 at 02:41 AM IST,VIRINCHI,Unknown,Unknown,15.1,-1.18,13.81,32.69,9.34,53.81,44.58,15.73,18.74,56023.05,90020.0,1.61,Bearish,0,8,20,10,15,23,23,"Weak but watchable RSI, Near 52W low with non-crashing RSI, Volume expansion, Below 200 DMA risk"
29.08.2026 at 02:41 AM IST,AEGISVOPAK,Oil Gas & Consumable Fuels,Unknown,263.5,-0.25,157.89,311.49,66.89,15.41,42.66,272.01,231.28,912862.55,852910.0,0.93,Bearish,15,8,0,0,0,23,23,"Above 200 DMA, Weak but watchable RSI"
29.08.2026 at 02:41 AM IST,NGLFINE,Unknown,Unknown,2901.1,0.83,1270.24,3599.83,128.39,19.41,39.06,3155.45,2297.14,16264.2,4203.0,0.26,Bearish,15,8,0,0,0,23,23,"Above 200 DMA, Weak but watchable RSI"
29.08.2026 at 02:41 AM IST,CARYSIL,Unknown,Unknown,1116.3,-2.05,732.1,1280.9,52.48,12.85,39.79,1172.68,985.84,115898.8,100034.0,0.86,Bearish,15,8,0,0,0,23,23,"Above 200 DMA, Weak but watchable RSI"
29.08.2026 at 02:41 AM IST,XPROINDIA,Unknown,Unknown,1137.1,-3.33,786.97,1572.64,44.49,27.69,42.49,1296.99,1085.4,123772.65,35135.0,0.28,Bearish,15,8,0,0,0,23,23,"Above 200 DMA, Weak but watchable RSI"
29.08.2026 at 02:41 AM IST,RELTD,Unknown,Unknown,156.4,-0.19,114.59,196.45,36.48,20.39,37.88,168.58,150.43,192000.25,84687.0,0.44,Bearish,15,8,0,0,0,23,23,"Above 200 DMA, Weak but watchable RSI"
29.08.2026 at 02:41 AM IST,RAYMONDREL,Unknown,Unknown,565.4,-1.7,347.9,734.9,62.52,23.06,35.55,643.53,523.57,328495.8,130850.0,0.4,Bearish,15,8,0,0,0,23,23,"Above 200 DMA, Weak but watchable RSI"
29.08.2026 at 02:41 AM IST,RANEHOLDIN,Unknown,Unknown,1593.9,0.78,955.96,1846.13,66.73,13.66,40.47,1680.08,1362.41,26471.0,8041.0,0.3,Bearish,15,8,0,0,0,23,23,"Above 200 DMA, Weak but watchable RSI"
29.08.2026 at 02:41 AM IST,BCPL,Unknown,Unknown,69.42,-0.56,59.27,90.89,17.12,23.62,44.48,71.2,,10874.05,4873.0,0.45,Bearish,0,8,15,0,0,23,23,"Weak but watchable RSI, Close to 52W low with recovery potential"
29.08.2026 at 02:41 AM IST,BBOX,Unknown,Unknown,738.0,-2.09,434.46,1101.51,69.87,33.0,40.13,839.3,673.18,459300.8,174909.0,0.38,Bearish,15,8,0,0,0,23,23,"Above 200 DMA, Weak but watchable RSI"
29.08.2026 at 02:41 AM IST,RAMCOSYS,Unknown,Unknown,556.2,0.56,342.1,967.5,62.58,42.51,38.16,687.0,539.69,202834.5,100913.0,0.5,Bearish,15,8,0,0,0,23,23,"Above 200 DMA, Weak but watchable RSI"
29.08.2026 at 02:41 AM IST,CPCAP,Unknown,Unknown,112.73,-2.63,73.51,160.9,53.35,29.94,43.87,113.94,103.59,41982.35,15693.0,0.37,Bearish,15,8,0,0,0,23,23,"Above 200 DMA, Weak but watchable RSI"
29.08.2026 at 02:41 AM IST,LLOYDSME,Metals & Mining,Unknown,1798.5,-2.56,1042.28,2125.0,72.55,15.36,35.73,1883.18,1523.07,534463.2,428234.0,0.8,Bearish,15,8,0,0,0,23,23,"Above 200 DMA, Weak but watchable RSI"
29.08.2026 at 02:41 AM IST,INFY,Information Technology,Unknown,1110.8,-0.82,982.4,1691.4,13.07,34.33,44.89,1099.22,1296.96,8254081.35,6933998.0,0.84,Bullish,15,8,15,0,15,23,23,"Above 50 DMA, Weak but watchable RSI, Close to 52W low with recovery potential, Below 200 DMA risk"
29.08.2026 at 02:41 AM IST,HCLTECH,Information Technology,Unknown,1282.0,-1.27,1019.59,1729.01,25.74,25.85,45.37,1237.19,1361.75,1886758.65,1936771.0,1.03,Bullish,15,10,8,5,15,23,23,"Above 50 DMA, RSI recovering zone, Within 30% of 52W low, Normal volume support, Below 200 DMA risk"
29.08.2026 at 02:41 AM IST,HAVELLS,Consumer Durables,Unknown,1241.0,-1.41,1123.6,1608.14,10.45,22.83,42.55,1228.65,1296.22,799185.4,623467.0,0.78,Bullish,15,8,15,0,15,23,23,"Above 50 DMA, Weak but watchable RSI, Close to 52W low with recovery potential, Below 200 DMA risk"
29.08.2026 at 02:41 AM IST,RICOAUTO,Unknown,Unknown,130.02,-0.57,78.92,157.99,64.75,17.7,44.33,136.24,123.49,2627665.4,868806.0,0.33,Bearish,15,8,0,0,0,23,23,"Above 200 DMA, Weak but watchable RSI"
29.08.2026 at 02:41 AM IST,LXCHEM,Unknown,Unknown,167.47,-2.75,107.42,240.59,55.91,30.39,41.56,170.63,154.97,894332.05,500942.0,0.56,Bearish,15,8,0,0,0,23,23,"Above 200 DMA, Weak but watchable RSI"
29.08.2026 at 02:41 AM IST,LUXIND,Unknown,Unknown,1201.0,-0.51,824.05,1823.35,45.74,34.13,41.92,1242.03,1173.12,23856.5,12647.0,0.53,Bearish,15,8,0,0,0,23,23,"Above 200 DMA, Weak but watchable RSI"
29.08.2026 at 02:41 AM IST,LEXUS,Unknown,Unknown,13.07,-4.95,12.74,39.25,2.59,66.7,38.63,14.55,22.73,19778.25,45143.0,2.28,Bearish,0,8,20,15,20,23,23,"Weak but watchable RSI, Near 52W low with non-crashing RSI, Strong volume expansion, Below 200 DMA risk, Very far from 52W high"
29.08.2026 at 02:41 AM IST,LCCINFOTEC,Unknown,Unknown,3.53,-5.87,3.3,5.89,6.97,40.07,37.84,4.29,4.64,103166.5,260156.0,2.52,Bearish,0,8,20,15,20,23,23,"Weak but watchable RSI, Near 52W low with non-crashing RSI, Strong volume expansion, Below 200 DMA risk, Sharp daily fall"
29.08.2026 at 02:41 AM IST,RPTECH,Unknown,Unknown,782.5,0.46,275.92,965.48,183.6,18.95,43.16,801.58,505.25,750161.4,401788.0,0.54,Bearish,15,8,0,0,0,23,23,"Above 200 DMA, Weak but watchable RSI"
29.08.2026 at 02:41 AM IST,RPSGVENT,Unknown,Unknown,861.35,-0.82,551.9,1179.0,56.07,26.94,38.54,891.38,822.9,28707.7,9070.0,0.32,Bearish,15,8,0,0,0,23,23,"Above 200 DMA, Weak but watchable RSI"
29.08.2026 at 02:41 AM IST,RPGLIFE,Unknown,Unknown,2567.6,-0.97,1716.04,3082.0,49.62,16.69,39.62,2644.4,2248.41,12975.45,5515.0,0.43,Bearish,15,8,0,0,0,23,23,"Above 200 DMA, Weak but watchable RSI"
29.08.2026 at 02:41 AM IST,ROTO,Unknown,Unknown,65.02,-0.75,47.5,85.53,36.88,23.98,44.23,68.21,62.11,461414.75,139044.0,0.3,Bearish,15,8,0,0,0,23,23,"Above 200 DMA, Weak but watchable RSI"
29.08.2026 at 02:41 AM IST,MAHLOG,Unknown,Unknown,391.6,-1.95,273.28,447.11,43.3,12.41,40.9,394.88,364.43,184134.5,100872.0,0.55,Bearish,15,8,0,0,0,23,23,"Above 200 DMA, Weak but watchable RSI"
29.08.2026 at 02:41 AM IST,RAMCOCEM,Construction Materials,Unknown,892.55,-5.11,836.02,1211.19,6.76,26.31,43.57,918.84,982.82,330093.7,706106.0,2.14,Bearish,0,8,20,15,20,23,23,"Weak but watchable RSI, Near 52W low with non-crashing RSI, Strong volume expansion, Below 200 DMA risk, Sharp daily fall"
29.08.2026 at 02:41 AM IST,RAINBOW,Healthcare,Unknown,1441.0,-0.39,1081.46,1610.0,33.25,10.5,42.04,1472.92,1319.84,107979.15,69440.0,0.64,Bearish,15,8,0,0,0,23,23,"Above 200 DMA, Weak but watchable RSI"
29.08.2026 at 02:41 AM IST,RAIN,Unknown,Unknown,194.38,-0.72,99.43,250.82,95.49,22.5,39.36,206.75,155.81,6095356.7,2796963.0,0.46,Bearish,15,8,0,0,0,23,23,"Above 200 DMA, Weak but watchable RSI"
29.08.2026 at 02:41 AM IST,BFINVEST,Unknown,Unknown,442.95,-1.06,308.16,584.7,43.74,24.24,40.67,459.04,414.08,44298.15,20007.0,0.45,Bearish,15,8,0,0,0,23,23,"Above 200 DMA, Weak but watchable RSI"
29.08.2026 at 02:41 AM IST,BETA,Unknown,Unknown,2194.2,-2.95,990.1,2807.9,121.61,21.86,42.53,2282.92,1641.0,40458.9,26249.0,0.65,Bearish,15,8,0,0,0,23,23,"Above 200 DMA, Weak but watchable RSI"
29.08.2026 at 02:41 AM IST,BELRISE,Automobile and Auto Components,Unknown,229.22,-0.19,135.16,268.2,69.59,14.53,41.44,237.12,201.35,5240388.15,1126822.0,0.22,Bearish,15,8,0,0,0,23,23,"Above 200 DMA, Weak but watchable RSI"
29.08.2026 at 02:41 AM IST,SCHNEIDER,Capital Goods,Unknown,1207.0,2.78,571.85,1548.0,111.07,22.03,41.51,1347.83,1025.73,522661.5,302871.0,0.58,Bearish,15,8,0,0,0,23,23,"Above 200 DMA, Weak but watchable RSI"
29.08.2026 at 02:41 AM IST,SATIN,Unknown,Unknown,226.01,-0.46,133.01,274.14,69.92,17.56,42.88,242.59,186.54,454066.35,246686.0,0.54,Bearish,15,8,0,0,0,23,23,"Above 200 DMA, Weak but watchable RSI"
29.08.2026 at 02:41 AM IST,SASKEN,Unknown,Unknown,1861.4,-0.09,983.97,2760.49,89.17,32.57,44.68,1989.26,1560.21,21768.05,9015.0,0.41,Bearish,15,8,0,0,0,23,23,"Above 200 DMA, Weak but watchable RSI"
29.08.2026 at 02:41 AM IST,SAREGAMA,Media Entertainment & Publication,Unknown,487.5,-2.02,307.05,574.5,58.77,15.14,41.21,502.15,398.65,875654.9,469479.0,0.54,Bearish,15,8,0,0,0,23,23,"Above 200 DMA, Weak but watchable RSI"
29.08.2026 at 02:41 AM IST,SANGHVIMOV,Unknown,Unknown,444.65,-3.02,222.9,525.87,99.49,15.45,42.52,452.1,347.34,656346.25,387376.0,0.59,Bearish,15,8,0,0,0,23,23,"Above 200 DMA, Weak but watchable RSI"
29.08.2026 at 02:41 AM IST,INDNIPPON,Unknown,Unknown,1062.2,-0.37,675.0,1278.2,57.36,16.9,38.24,1103.33,875.69,31769.2,9885.0,0.31,Bearish,15,8,0,0,0,23,23,"Above 200 DMA, Weak but watchable RSI"
29.08.2026 at 02:41 AM IST,LLOYDSENT,Unknown,Unknown,72.94,-1.91,40.66,84.7,79.38,13.88,38.24,77.63,64.72,3883782.15,1240418.0,0.32,Bearish,15,8,0,0,0,23,23,"Above 200 DMA, Weak but watchable RSI"
29.08.2026 at 02:41 AM IST,PSPPROJECT,Unknown,Unknown,901.2,-0.38,569.2,1143.0,58.33,21.15,38.23,990.94,848.85,63498.75,23261.0,0.37,Bearish,15,8,0,0,0,23,23,"Above 200 DMA, Weak but watchable RSI"
29.08.2026 at 02:41 AM IST,PRIVISCL,Unknown,Unknown,3456.6,-0.05,2187.76,3774.71,58.0,8.43,39.94,3590.12,3179.29,62588.3,27749.0,0.44,Bearish,15,8,0,0,0,23,23,"Above 200 DMA, Weak but watchable RSI"
29.08.2026 at 02:41 AM IST,PRECOT,Unknown,Unknown,703.75,1.19,298.55,899.0,135.72,21.72,42.36,768.7,572.81,10843.45,1662.0,0.15,Bearish,15,8,0,0,0,23,23,"Above 200 DMA, Weak but watchable RSI"
29.08.2026 at 02:41 AM IST,CHOICEIN,Financial Services,Unknown,775.05,-0.87,568.7,860.5,36.28,9.93,36.2,794.22,746.03,488835.85,189310.0,0.39,Bearish,15,8,0,0,0,23,23,"Above 200 DMA, Weak but watchable RSI"
29.08.2026 at 02:41 AM IST,ATGL,Oil Gas & Consumable Fuels,Unknown,645.35,0.26,462.64,859.55,39.49,24.92,40.6,684.65,614.41,997567.85,734229.0,0.74,Bearish,15,8,0,0,0,23,23,"Above 200 DMA, Weak but watchable RSI"
29.08.2026 at 02:41 AM IST,SHOPERSTOP,Unknown,Unknown,374.85,-2.89,275.95,572.0,35.84,34.47,34.7,387.05,365.4,50239.7,29552.0,0.59,Bearish,15,8,0,0,0,23,23,"Above 200 DMA, Weak but watchable RSI"
29.08.2026 at 02:41 AM IST,AXITA,Unknown,Unknown,7.98,-0.87,6.57,12.2,21.46,34.59,75.47,7.47,8.51,1074040.9,2141370.0,1.99,Bullish,15,5,8,10,15,23,23,"Above 50 DMA, Strong but overbought RSI, Within 30% of 52W low, Volume expansion, Below 200 DMA risk"
29.08.2026 at 02:41 AM IST,AXISBANK,Financial Services,Unknown,1256.0,0.08,1041.7,1417.21,20.57,11.37,51.9,1282.72,1287.43,4998531.3,7005789.0,1.4,Bearish,0,20,8,10,15,23,23,"Healthy RSI momentum, Within 30% of 52W low, Volume expansion, Below 200 DMA risk"
29.08.2026 at 02:41 AM IST,AVL,Unknown,Unknown,592.3,1.14,435.62,703.5,35.97,15.81,42.03,626.49,536.49,188072.65,179649.0,0.96,Bearish,15,8,0,0,0,23,23,"Above 200 DMA, Weak but watchable RSI"
29.08.2026 at 02:41 AM IST,AVANTEL,Unknown,Unknown,158.05,0.71,116.9,214.73,35.2,26.39,40.8,168.37,156.13,667423.65,534686.0,0.8,Bearish,15,8,0,0,0,23,23,"Above 200 DMA, Weak but watchable RSI"
29.08.2026 at 02:41 AM IST,GRINDWELL,Unknown,Unknown,2024.1,-1.54,1316.5,2455.0,53.75,17.55,44.02,2090.51,1736.03,28012.45,10397.0,0.37,Bearish,15,8,0,0,0,23,23,"Above 200 DMA, Weak but watchable RSI"
29.08.2026 at 02:41 AM IST,EVEREADY,Unknown,Unknown,342.7,-0.85,257.82,471.86,32.92,27.37,42.74,353.98,328.61,107438.8,63148.0,0.59,Bearish,15,8,0,0,0,23,23,"Above 200 DMA, Weak but watchable RSI"
29.08.2026 at 02:41 AM IST,KRISHNADEF,Unknown,Unknown,1031.0,0.5,664.35,1398.64,55.19,26.29,34.34,1212.98,1030.57,118565.75,68280.0,0.58,Bearish,15,8,0,0,0,23,23,"Above 200 DMA, Weak but watchable RSI"
29.08.2026 at 02:41 AM IST,KOTHARIPET,Unknown,Unknown,131.52,-2.14,94.08,172.76,39.8,23.87,42.25,133.79,126.16,120069.05,54045.0,0.45,Bearish,15,8,0,0,0,23,23,"Above 200 DMA, Weak but watchable RSI"
29.08.2026 at 02:41 AM IST,ASAL,Unknown,Unknown,488.45,-0.17,374.5,654.65,30.43,25.39,40.8,511.85,484.48,20143.25,14769.0,0.73,Bearish,15,8,0,0,0,23,23,"Above 200 DMA, Weak but watchable RSI"
29.08.2026 at 02:41 AM IST,ARKADE,Unknown,Unknown,127.25,-0.6,92.62,188.25,37.39,32.4,41.98,131.9,126.89,442428.95,166111.0,0.38,Bearish,15,8,0,0,0,23,23,"Above 200 DMA, Weak but watchable RSI"
29.08.2026 at 02:41 AM IST,SIGNPOST,Unknown,Unknown,261.3,0.04,191.41,336.8,36.51,22.42,37.66,284.21,251.05,87399.25,23105.0,0.26,Bearish,15,8,0,0,0,23,23,"Above 200 DMA, Weak but watchable RSI"
29.08.2026 at 02:41 AM IST,ASTERDM,Healthcare,Unknown,754.8,-0.96,516.84,891.3,46.04,15.31,33.73,802.26,695.81,5681138.4,1730822.0,0.3,Bearish,15,8,0,0,0,23,23,"Above 200 DMA, Weak but watchable RSI"
29.08.2026 at 02:41 AM IST,ASHIANA,Unknown,Unknown,365.55,-0.85,268.64,435.9,36.08,16.14,42.82,379.01,333.56,49019.1,15013.0,0.31,Bearish,15,8,0,0,0,23,23,"Above 200 DMA, Weak but watchable RSI"
29.08.2026 at 02:41 AM IST,SHRINGARMS,Unknown,Unknown,219.37,-0.64,166.0,266.5,32.15,17.68,40.56,224.3,217.13,522215.5,349065.0,0.67,Bearish,15,8,0,0,0,23,23,"Above 200 DMA, Weak but watchable RSI"
29.08.2026 at 02:41 AM IST,BIOFILCHEM,Unknown,Unknown,32.8,0.24,25.6,46.34,28.12,29.22,53.62,33.24,33.63,70404.8,127673.0,1.81,Bearish,0,20,8,10,15,23,23,"Healthy RSI momentum, Within 30% of 52W low, Volume expansion, Below 200 DMA risk"
29.08.2026 at 02:41 AM IST,BHARTIARTL,Telecommunication,Unknown,1878.3,-1.25,1718.87,2147.47,9.28,12.53,40.36,1910.66,1920.9,6526191.4,8757645.0,1.34,Bearish,0,8,20,10,15,23,23,"Weak but watchable RSI, Near 52W low with non-crashing RSI, Volume expansion, Below 200 DMA risk"
29.08.2026 at 02:41 AM IST,PENIND,Unknown,Unknown,160.9,2.81,129.1,279.9,24.63,42.52,50.22,164.26,171.46,443096.95,725935.0,1.64,Bearish,0,20,8,10,15,23,23,"Healthy RSI momentum, Within 30% of 52W low, Volume expansion, Below 200 DMA risk"
29.08.2026 at 02:41 AM IST,PDMJEPAPER,Unknown,Unknown,87.52,-2.42,64.57,139.07,35.54,37.07,44.9,88.06,86.5,152167.4,121080.0,0.8,Bearish,15,8,0,0,0,23,23,"Above 200 DMA, Weak but watchable RSI"
29.08.2026 at 02:41 AM IST,BOHRAIND,Unknown,Unknown,12.85,-7.29,12.02,29.0,6.91,55.69,39.43,14.24,17.27,17612.5,90454.0,5.14,Bearish,0,8,20,15,20,23,23,"Weak but watchable RSI, Near 52W low with non-crashing RSI, Strong volume expansion, Below 200 DMA risk, Sharp daily fall"
29.08.2026 at 02:41 AM IST,MEGASTAR,Unknown,Unknown,309.2,-0.19,203.0,392.0,52.32,21.12,41.64,338.09,278.78,3705.95,1384.0,0.37,Bearish,15,8,0,0,0,23,23,"Above 200 DMA, Weak but watchable RSI"
29.08.2026 at 02:41 AM IST,KIRLPNU,Unknown,Unknown,731.5,0.4,491.29,1093.54,48.9,33.11,40.65,822.62,665.93,209057.1,83823.0,0.4,Bearish,15,8,0,0,0,23,23,"Above 200 DMA, Weak but watchable RSI"
29.08.2026 at 02:41 AM IST,DBCORP,Unknown,Unknown,205.17,0.72,180.2,279.0,13.85,26.46,43.84,203.78,218.68,87242.65,40384.0,0.46,Bullish,15,8,15,0,15,23,23,"Above 50 DMA, Weak but watchable RSI, Close to 52W low with recovery potential, Below 200 DMA risk"
29.08.2026 at 02:41 AM IST,STEELXIND,Unknown,Unknown,10.66,-1.75,7.0,13.95,52.29,23.58,39.8,11.68,9.76,1865046.45,811276.0,0.43,Bearish,15,8,0,0,0,23,23,"Above 200 DMA, Weak but watchable RSI"
29.08.2026 at 02:41 AM IST,GREAVESCOT,Unknown,Unknown,191.17,-2.27,119.01,269.69,60.63,29.11,37.44,218.78,181.83,1969461.35,624598.0,0.32,Bearish,15,8,0,0,0,23,23,"Above 200 DMA, Weak but watchable RSI"
29.08.2026 at 02:41 AM IST,GPTHEALTH,Unknown,Unknown,151.39,-0.43,113.97,175.0,32.84,13.49,43.09,154.77,139.53,187272.8,64034.0,0.34,Bearish,15,8,0,0,0,23,23,"Above 200 DMA, Weak but watchable RSI"
29.08.2026 at 02:41 AM IST,GOODYEAR,Unknown,Unknown,765.05,1.28,689.62,1234.96,10.94,38.05,44.58,775.04,,18966.25,4955.0,0.26,Bearish,0,8,15,0,0,23,23,"Weak but watchable RSI, Close to 52W low with recovery potential"
29.08.2026 at 02:41 AM IST,GOODLUCK,Unknown,Unknown,432.8,-1.88,305.0,557.37,41.9,22.35,37.8,488.7,413.56,1075889.55,694850.0,0.65,Bearish,15,8,0,0,0,23,23,"Above 200 DMA, Weak but watchable RSI"
29.08.2026 at 02:41 AM IST,GOLDIAM,Unknown,Unknown,352.75,-1.2,198.75,398.2,77.48,11.41,44.97,355.45,295.11,1278582.05,314940.0,0.25,Bearish,15,8,0,0,0,23,23,"Above 200 DMA, Weak but watchable RSI"
29.08.2026 at 02:41 AM IST,GOKEX,Unknown,Unknown,774.9,-1.55,531.0,954.9,45.93,18.85,41.35,820.73,743.08,282381.75,125337.0,0.44,Bearish,15,8,0,0,0,23,23,"Above 200 DMA, Weak but watchable RSI"
29.08.2026 at 02:41 AM IST,GODREJIND,Diversified,Unknown,1150.5,1.1,744.2,1443.0,54.6,20.27,32.61,1256.79,1064.24,128287.4,82356.0,0.64,Bearish,15,8,0,0,0,23,23,"Above 200 DMA, Weak but watchable RSI"
29.08.2026 at 02:41 AM IST,PANSARI,Unknown,Unknown,315.0,-2.78,233.3,388.9,35.02,19.0,43.49,328.33,301.51,1385.25,17.0,0.01,Bearish,15,8,0,0,0,23,23,"Above 200 DMA, Weak but watchable RSI"
29.08.2026 at 02:41 AM IST,PAISALO,Unknown,Unknown,67.83,-0.31,29.92,77.39,126.68,12.35,44.22,68.79,47.14,8929248.7,4630410.0,0.52,Bearish,15,8,0,0,0,23,23,"Above 200 DMA, Weak but watchable RSI"
29.08.2026 at 02:41 AM IST,EMAMILTD,Fast Moving Consumer Goods,Unknown,387.7,-3.43,376.4,606.01,3.0,36.02,38.16,407.2,449.82,837339.7,1314539.0,1.57,Bearish,0,8,20,10,15,23,23,"Weak but watchable RSI, Near 52W low with non-crashing RSI, Volume expansion, Below 200 DMA risk"
29.08.2026 at 02:41 AM IST,ORTINGLOBE,Unknown,Unknown,15.1,-1.63,10.66,21.3,41.65,29.11,44.61,15.84,14.98,17659.4,4209.0,0.24,Bearish,15,8,0,0,0,23,23,"Above 200 DMA, Weak but watchable RSI"
29.08.2026 at 02:41 AM IST,ONIDA,Unknown,Unknown,36.24,-1.52,21.5,49.23,68.56,26.39,43.05,39.24,33.09,391988.25,366341.0,0.93,Bearish,15,8,0,0,0,23,23,"Above 200 DMA, Weak but watchable RSI"
29.08.2026 at 02:41 AM IST,EIEL,Unknown,Unknown,201.04,0.17,134.71,276.1,49.24,27.19,43.41,217.26,195.31,880394.2,554248.0,0.63,Bearish,15,8,0,0,0,23,23,"Above 200 DMA, Weak but watchable RSI"
29.08.2026 at 02:41 AM IST,JUSTDIAL,Unknown,Unknown,640.5,-1.1,480.5,878.6,33.3,27.1,38.51,654.67,626.27,189208.05,82613.0,0.44,Bearish,15,8,0,0,0,23,23,"Above 200 DMA, Weak but watchable RSI"
29.08.2026 at 02:41 AM IST,SWANCORP,Chemicals,Unknown,303.65,1.22,295.5,505.75,2.76,39.96,44.44,312.03,366.22,870813.75,1142323.0,1.31,Bearish,0,8,20,10,15,23,23,"Weak but watchable RSI, Near 52W low with non-crashing RSI, Volume expansion, Below 200 DMA risk"
29.08.2026 at 02:41 AM IST,SUYOG,Unknown,Unknown,764.85,1.2,528.0,921.15,44.86,16.97,37.47,836.15,717.97,27655.75,15071.0,0.54,Bearish,15,8,0,0,0,23,23,"Above 200 DMA, Weak but watchable RSI"
29.08.2026 at 02:41 AM IST,SURYODAY,Unknown,Unknown,155.68,-1.74,114.48,218.0,35.99,28.59,43.37,170.25,148.8,613875.35,297102.0,0.48,Bearish,15,8,0,0,0,23,23,"Above 200 DMA, Weak but watchable RSI"
29.08.2026 at 02:41 AM IST,SUPRIYA,Unknown,Unknown,776.35,-0.69,545.5,1085.0,42.32,28.45,37.06,869.34,756.86,355767.7,100955.0,0.28,Bearish,15,8,0,0,0,23,23,"Above 200 DMA, Weak but watchable RSI"
29.08.2026 at 02:41 AM IST,SUNFLAG,Unknown,Unknown,344.4,-1.73,192.15,428.0,79.23,19.53,40.4,353.73,296.78,240174.75,120437.0,0.5,Bearish,15,8,0,0,0,23,23,"Above 200 DMA, Weak but watchable RSI"
29.08.2026 at 02:41 AM IST,KICL,Unknown,Unknown,5238.0,-0.43,4003.65,6542.89,30.83,19.94,43.9,5400.48,4985.0,1402.05,1165.0,0.83,Bearish,15,8,0,0,0,23,23,"Above 200 DMA, Weak but watchable RSI"
29.08.2026 at 02:41 AM IST,KERNEX,Unknown,Unknown,1801.2,-3.18,850.0,2580.0,111.91,30.19,38.46,2145.32,1480.33,542197.75,196546.0,0.36,Bearish,15,8,0,0,0,23,23,"Above 200 DMA, Weak but watchable RSI"
29.08.2026 at 02:41 AM IST,MINDACORP,Automobile and Auto Components,Unknown,690.65,-2.38,467.97,769.0,47.58,10.19,43.15,698.27,598.06,802048.55,379106.0,0.47,Bearish,15,8,0,0,0,23,23,"Above 200 DMA, Weak but watchable RSI"
29.08.2026 at 02:41 AM IST,ONEPOINT,Unknown,Unknown,55.54,0.05,40.58,65.85,36.87,15.66,42.71,56.67,53.89,1309013.2,750084.0,0.57,Bearish,15,8,0,0,0,23,23,"Above 200 DMA, Weak but watchable RSI"
29.08.2026 at 02:41 AM IST,BSE,Financial Services,Unknown,3328.0,0.07,2016.19,4435.12,65.06,24.96,39.5,3622.62,3260.93,4506277.15,2498105.0,0.55,Bearish,15,8,0,0,0,23,23,"Above 200 DMA, Weak but watchable RSI"
29.08.2026 at 02:41 AM IST,OMAXAUTO,Unknown,Unknown,191.23,2.35,82.52,260.1,131.73,26.48,43.89,211.42,148.64,87252.05,38392.0,0.44,Bearish,15,8,0,0,0,23,23,"Above 200 DMA, Weak but watchable RSI"
29.08.2026 at 02:41 AM IST,CENTENKA,Unknown,Unknown,547.3,-1.84,364.44,659.42,50.18,17.0,39.81,551.62,465.31,62825.3,33256.0,0.53,Bearish,15,8,0,0,0,23,23,"Above 200 DMA, Weak but watchable RSI"
29.08.2026 at 02:41 AM IST,J&KBANK,Financial Services,Unknown,152.17,0.09,97.35,201.75,56.31,24.57,44.41,163.03,129.16,2832296.35,1374401.0,0.49,Bearish,15,8,0,0,0,23,23,"Above 200 DMA, Weak but watchable RSI"
29.08.2026 at 02:41 AM IST,IVALUE,Unknown,Unknown,274.75,1.2,207.35,340.0,32.51,19.19,44.74,282.59,261.46,283443.95,210554.0,0.74,Bearish,15,8,0,0,0,23,23,"Above 200 DMA, Weak but watchable RSI"
29.08.2026 at 02:41 AM IST,ITDC,Unknown,Unknown,659.35,-3.61,368.0,822.0,79.17,19.79,39.22,684.88,581.13,287225.2,75324.0,0.26,Bearish,15,8,0,0,0,23,23,"Above 200 DMA, Weak but watchable RSI"
29.08.2026 at 02:41 AM IST,GLOTTIS,Unknown,Unknown,64.66,-1.69,37.0,93.0,74.76,30.47,41.43,66.65,59.4,39615.55,28434.0,0.72,Bearish,15,8,0,0,0,23,23,"Above 200 DMA, Weak but watchable RSI"
29.08.2026 at 02:41 AM IST,TCS,Information Technology,Unknown,2248.4,-0.95,1966.02,3287.16,14.36,31.6,42.8,2237.52,2570.39,2757621.55,1709113.0,0.62,Bullish,15,8,15,0,15,23,23,"Above 50 DMA, Weak but watchable RSI, Close to 52W low with recovery potential, Below 200 DMA risk"
29.08.2026 at 02:41 AM IST,TANLA,Unknown,Unknown,531.5,1.04,361.83,750.08,46.89,29.14,34.74,566.7,516.43,676871.0,619699.0,0.92,Bearish,15,8,0,0,0,23,23,"Above 200 DMA, Weak but watchable RSI"
29.08.2026 at 02:41 AM IST,ANTELOPUS,Unknown,Unknown,781.2,-1.37,357.0,933.65,118.82,16.33,43.52,819.96,634.23,143782.35,46134.0,0.32,Bearish,15,8,0,0,0,23,23,"Above 200 DMA, Weak but watchable RSI"
29.08.2026 at 02:41 AM IST,DENORA,Unknown,Unknown,832.35,2.56,560.25,960.35,48.57,13.33,44.96,873.5,745.67,7640.45,3143.0,0.41,Bearish,15,8,0,0,0,23,23,"Above 200 DMA, Weak but watchable RSI"
29.08.2026 at 02:41 AM IST,DEN,Unknown,Unknown,28.12,1.59,22.52,37.35,24.87,24.71,54.09,28.52,28.71,316440.25,462919.0,1.46,Bearish,0,20,8,10,15,23,23,"Healthy RSI momentum, Within 30% of 52W low, Volume expansion, Below 200 DMA risk"
29.08.2026 at 02:41 AM IST,DEEPAKFERT,Chemicals,Unknown,1455.3,-1.62,860.53,1669.61,69.12,12.84,42.0,1541.59,1285.37,391292.75,111196.0,0.28,Bearish,15,8,0,0,0,23,23,"Above 200 DMA, Weak but watchable RSI"
29.08.2026 at 02:41 AM IST,CEMPRO,Construction,Unknown,1251.2,-2.79,502.02,1649.2,149.24,24.13,41.0,1374.68,909.64,412270.4,209870.0,0.51,Bearish,15,8,0,0,0,23,23,"Above 200 DMA, Weak but watchable RSI"
29.08.2026 at 02:41 AM IST,INA,Unknown,Unknown,90.55,-2.85,79.75,161.81,13.54,44.04,26.03,109.99,,685554.3,979655.0,1.43,Bearish,0,5,8,10,0,23,23,"Oversold RSI, Within 30% of 52W low, Volume expansion"
29.08.2026 at 02:41 AM IST,IMFA,Unknown,Unknown,1367.9,-0.91,829.61,1670.79,64.88,18.13,43.0,1387.84,1357.93,229485.55,74662.0,0.33,Bearish,15,8,0,0,0,23,23,"Above 200 DMA, Weak but watchable RSI"
29.08.2026 at 02:41 AM IST,IKIO,Unknown,Unknown,186.14,-3.09,103.53,248.88,79.79,25.21,39.17,194.15,166.72,177342.7,119881.0,0.68,Bearish,15,8,0,0,0,23,23,"Above 200 DMA, Weak but watchable RSI"
29.08.2026 at 02:41 AM IST,OLAELEC,Automobile and Auto Components,Unknown,37.63,-0.97,22.25,71.25,69.12,47.19,44.48,39.95,36.14,46323233.4,17733163.0,0.38,Bearish,15,8,0,0,0,23,23,"Above 200 DMA, Weak but watchable RSI"
29.08.2026 at 02:41 AM IST,NTPC,Power,Unknown,330.9,-1.11,313.19,414.4,5.66,20.15,34.3,347.19,357.34,8425346.8,12911842.0,1.53,Bearish,0,8,20,10,15,23,23,"Weak but watchable RSI, Near 52W low with non-crashing RSI, Volume expansion, Below 200 DMA risk"
29.08.2026 at 02:41 AM IST,IGARASHI,Unknown,Unknown,420.8,-1.34,270.26,556.37,55.7,24.37,37.21,458.06,404.83,490350.95,49708.0,0.1,Bearish,15,8,0,0,0,23,23,"Above 200 DMA, Weak but watchable RSI"
29.08.2026 at 02:41 AM IST,IDEAFORGE,Unknown,Unknown,805.0,-0.12,366.0,992.25,119.95,18.87,44.0,849.74,615.36,470808.45,156158.0,0.33,Bearish,15,8,0,0,0,23,23,"Above 200 DMA, Weak but watchable RSI"
29.08.2026 at 02:41 AM IST,ALKEM,Healthcare,Unknown,5320.0,0.31,5065.93,5875.53,5.02,9.46,38.06,5533.55,5509.99,124462.65,166838.0,1.34,Bearish,0,8,20,10,15,23,23,"Weak but watchable RSI, Near 52W low with non-crashing RSI, Volume expansion, Below 200 DMA risk"
29.08.2026 at 02:41 AM IST,ALICON,Unknown,Unknown,683.65,-1.16,578.2,1018.83,18.24,32.9,43.57,677.93,726.5,66360.0,23794.0,0.36,Bullish,15,8,15,0,15,23,23,"Above 50 DMA, Weak but watchable RSI, Close to 52W low with recovery potential, Below 200 DMA risk"
29.08.2026 at 02:41 AM IST,THERMAX,Capital Goods,Unknown,3962.7,-0.15,2731.54,5256.33,45.07,24.61,37.01,4435.6,3706.09,375021.05,52092.0,0.14,Bearish,15,8,0,0,0,23,23,"Above 200 DMA, Weak but watchable RSI"
29.08.2026 at 02:41 AM IST,AMNPLST,Unknown,Unknown,186.81,-1.3,127.0,250.0,47.09,25.28,42.73,194.52,181.61,8106.9,2281.0,0.28,Bearish,15,8,0,0,0,23,23,"Above 200 DMA, Weak but watchable RSI"
29.08.2026 at 02:41 AM IST,AMBIKCO,Unknown,Unknown,1636.7,-0.15,1101.0,1931.0,48.66,15.24,44.77,1705.01,1456.39,29179.25,5586.0,0.19,Bearish,15,8,0,0,0,23,23,"Above 200 DMA, Weak but watchable RSI"
29.08.2026 at 02:41 AM IST,TEJASNET,Telecommunication,Unknown,511.15,1.21,294.0,644.75,73.86,20.72,44.48,545.69,468.34,1105606.35,948871.0,0.86,Bearish,15,8,0,0,0,23,23,"Above 200 DMA, Weak but watchable RSI"
29.08.2026 at 02:41 AM IST,JAYBARMARU,Unknown,Unknown,122.58,-1.03,73.75,205.89,66.21,40.46,33.1,156.85,111.93,457305.7,269351.0,0.59,Bearish,15,8,0,0,0,23,23,"Above 200 DMA, Weak but watchable RSI"
29.08.2026 at 02:41 AM IST,VBL,Fast Moving Consumer Goods,Unknown,418.75,-0.59,379.74,555.18,10.27,24.57,35.47,463.59,470.62,5515804.3,11988613.0,2.17,Bearish,0,8,15,15,15,23,23,"Weak but watchable RSI, Close to 52W low with recovery potential, Strong volume expansion, Below 200 DMA risk"
29.08.2026 at 02:41 AM IST,AIRAN,Unknown,Unknown,14.81,-0.6,12.63,27.49,17.26,46.13,37.14,15.45,16.65,53993.45,187645.0,3.48,Bearish,0,8,15,15,15,23,23,"Weak but watchable RSI, Close to 52W low with recovery potential, Strong volume expansion, Below 200 DMA risk"
29.08.2026 at 02:41 AM IST,AIAENG,Capital Goods,Unknown,4232.3,-0.08,2985.49,5180.0,41.76,18.3,31.49,4650.38,4097.59,56384.6,21571.0,0.38,Bearish,15,8,0,0,0,23,23,"Above 200 DMA, Weak but watchable RSI"
29.08.2026 at 02:41 AM IST,CENTUM,Unknown,Unknown,3401.9,2.02,2041.23,3968.8,66.66,14.28,43.25,3602.68,2903.44,59243.2,42422.0,0.72,Bearish,15,8,0,0,0,23,23,"Above 200 DMA, Weak but watchable RSI"
29.08.2026 at 02:41 AM IST,NINSYS,Unknown,Unknown,713.95,0.08,281.05,935.0,154.03,23.64,33.99,800.16,530.36,5585.65,1081.0,0.19,Bearish,15,8,0,0,0,23,23,"Above 200 DMA, Weak but watchable RSI"
29.08.2026 at 02:41 AM IST,IBULLSLTD,Unknown,Unknown,26.11,-3.4,8.9,32.5,193.37,19.66,42.57,28.21,18.87,11374546.95,9006870.0,0.79,Bearish,15,8,0,0,0,23,23,"Above 200 DMA, Weak but watchable RSI"
29.08.2026 at 02:41 AM IST,HONAUT,Capital Goods,Unknown,36800.0,0.97,26146.08,41495.0,40.75,11.31,44.54,38061.1,33771.62,3159.1,1961.0,0.62,Bearish,15,8,0,0,0,23,23,"Above 200 DMA, Weak but watchable RSI"
29.08.2026 at 02:41 AM IST,NACLIND,Unknown,Unknown,174.8,-1.58,112.62,285.8,55.21,38.84,43.94,196.75,167.89,582360.3,200406.0,0.34,Bearish,15,8,0,0,0,23,23,"Above 200 DMA, Weak but watchable RSI"
29.08.2026 at 02:41 AM IST,MUTHOOTMF,Unknown,Unknown,204.94,-4.17,141.2,262.77,45.14,22.01,36.96,224.36,189.59,720698.15,590236.0,0.82,Bearish,15,8,0,0,0,23,23,"Above 200 DMA, Weak but watchable RSI"
29.08.2026 at 02:41 AM IST,NIBE,Unknown,Unknown,1388.6,-0.26,809.6,1848.0,71.52,24.86,41.91,1523.76,1222.81,81268.55,31196.0,0.38,Bearish,15,8,0,0,0,23,23,"Above 200 DMA, Weak but watchable RSI"
29.08.2026 at 02:41 AM IST,GABRIEL,Automobile and Auto Components,Unknown,1357.2,1.09,794.06,1596.7,70.92,15.0,43.41,1362.4,1086.24,330432.6,233005.0,0.71,Bearish,15,8,0,0,0,23,23,"Above 200 DMA, Weak but watchable RSI"
29.08.2026 at 02:41 AM IST,GANECOS,Unknown,Unknown,1029.2,-1.53,653.55,1392.76,57.48,26.1,39.26,1078.1,932.36,117191.85,53603.0,0.46,Bearish,15,8,0,0,0,23,23,"Above 200 DMA, Weak but watchable RSI"
29.08.2026 at 02:41 AM IST,63MOONS,Unknown,Unknown,745.45,-4.13,467.0,1006.4,59.63,25.93,42.28,750.05,687.4,1149487.05,195262.0,0.17,Bearish,15,8,0,0,0,23,23,"Above 200 DMA, Weak but watchable RSI"
29.08.2026 at 02:41 AM IST,LGBBROSLTD,Unknown,Unknown,1684.4,-0.27,1229.39,2019.89,37.01,16.61,74.81,1558.01,1692.16,29161.6,63343.0,2.17,Bullish,15,5,0,15,15,20,20,"Above 50 DMA, Strong but overbought RSI, Strong volume expansion, Below 200 DMA risk"
29.08.2026 at 02:41 AM IST,ZUARI,Unknown,Unknown,230.83,-1.48,175.1,386.45,31.83,40.27,54.61,230.1,245.05,125072.05,57189.0,0.46,Bullish,15,20,0,0,15,20,20,"Above 50 DMA, Healthy RSI momentum, Below 200 DMA risk"
29.08.2026 at 02:41 AM IST,AFCONS,Construction,Unknown,285.05,0.0,259.1,476.09,10.02,40.13,54.08,289.83,325.59,1200465.25,250467.0,0.21,Bearish,0,20,15,0,15,20,20,"Healthy RSI momentum, Close to 52W low with recovery potential, Below 200 DMA risk"
29.08.2026 at 02:41 AM IST,MAHAPEXLTD,Unknown,Unknown,55.95,-2.32,42.0,117.89,33.21,52.54,57.88,48.33,68.85,44494.4,5127.0,0.12,Bullish,15,20,0,0,15,20,20,"Above 50 DMA, Healthy RSI momentum, Below 200 DMA risk"
29.08.2026 at 02:41 AM IST,VISHWARAJ,Unknown,Unknown,5.92,-3.74,4.14,10.2,43.0,41.96,55.91,5.47,5.93,1114987.3,783099.0,0.7,Bullish,15,20,0,0,15,20,20,"Above 50 DMA, Healthy RSI momentum, Below 200 DMA risk"
29.08.2026 at 02:41 AM IST,ODIGMA,Unknown,Unknown,22.73,0.89,20.0,56.09,13.65,59.48,50.04,23.37,26.87,12036.85,11102.0,0.92,Bearish,0,20,15,0,15,20,20,"Healthy RSI momentum, Close to 52W low with recovery potential, Below 200 DMA risk"
29.08.2026 at 02:41 AM IST,NETWORK18,Unknown,Unknown,29.14,-4.3,27.38,58.1,6.43,49.85,45.46,30.5,35.24,5319903.75,5882491.0,1.11,Bearish,0,10,20,5,15,20,20,"RSI recovering zone, Near 52W low with non-crashing RSI, Normal volume support, Below 200 DMA risk"
29.08.2026 at 02:41 AM IST,NECLIFE,Unknown,Unknown,13.08,4.98,9.3,22.4,40.65,41.61,73.83,11.02,13.34,307199.45,1022442.0,3.33,Bullish,15,5,0,15,15,20,20,"Above 50 DMA, Strong but overbought RSI, Strong volume expansion, Below 200 DMA risk"
29.08.2026 at 02:41 AM IST,AROGRANITE,Unknown,Unknown,25.59,0.39,18.67,45.63,37.06,43.92,55.1,25.36,27.15,11098.4,8920.0,0.8,Bullish,15,20,0,0,15,20,20,"Above 50 DMA, Healthy RSI momentum, Below 200 DMA risk"
29.08.2026 at 02:41 AM IST,ARIHANTSUP,Unknown,Unknown,261.5,0.79,188.8,465.0,38.51,43.76,54.73,259.49,276.77,22154.45,7478.0,0.34,Bullish,15,20,0,0,15,20,20,"Above 50 DMA, Healthy RSI momentum, Below 200 DMA risk"
29.08.2026 at 02:41 AM IST,SFL,Unknown,Unknown,636.3,-1.81,456.18,832.45,39.48,23.56,29.65,730.38,611.78,310268.25,80080.0,0.26,Bearish,15,5,0,0,0,20,20,"Above 200 DMA, Oversold RSI"
29.08.2026 at 02:41 AM IST,GENUSPAPER,Unknown,Unknown,12.37,0.0,8.67,19.07,42.68,35.13,57.48,11.92,12.56,120545.2,53013.0,0.44,Bullish,15,20,0,0,15,20,20,"Above 50 DMA, Healthy RSI momentum, Below 200 DMA risk"
29.08.2026 at 02:41 AM IST,GANGESSECU,Unknown,Unknown,117.71,-3.06,103.31,178.15,13.94,33.93,45.76,118.6,126.5,3475.2,6133.0,1.76,Bearish,0,10,15,10,15,20,20,"RSI recovering zone, Close to 52W low with recovery potential, Volume expansion, Below 200 DMA risk"
29.08.2026 at 02:41 AM IST,INVENTURE,Unknown,Unknown,0.97,0.0,0.72,1.72,34.72,43.6,65.51,0.91,1.04,1377704.2,993529.0,0.72,Bullish,15,20,0,0,15,20,20,"Above 50 DMA, Healthy RSI momentum, Below 200 DMA risk"
29.08.2026 at 02:41 AM IST,TREEHOUSE,Unknown,Unknown,6.28,-0.16,5.52,11.0,13.77,42.91,50.2,6.41,7.53,20451.7,19335.0,0.95,Bearish,0,20,15,0,15,20,20,"Healthy RSI momentum, Close to 52W low with recovery potential, Below 200 DMA risk"
29.08.2026 at 02:41 AM IST,KEEPLEARN,Unknown,Unknown,1.98,0.0,1.51,3.21,31.13,38.32,54.16,1.9,2.1,63834.65,15874.0,0.25,Bullish,15,20,0,0,15,20,20,"Above 50 DMA, Healthy RSI momentum, Below 200 DMA risk"
29.08.2026 at 02:41 AM IST,AKSHAR,Unknown,Unknown,0.42,0.0,0.36,0.76,16.67,44.74,54.5,0.42,0.47,1132423.65,1041592.0,0.92,Bearish,0,20,15,0,15,20,20,"Healthy RSI momentum, Close to 52W low with recovery potential, Below 200 DMA risk"
29.08.2026 at 02:41 AM IST,GKSL,Unknown,Unknown,154.29,1.28,98.36,162.22,56.86,4.89,75.25,134.4,,750269.9,455701.0,0.61,Bullish,15,5,0,0,0,20,20,"Above 50 DMA, Strong but overbought RSI"
29.08.2026 at 02:41 AM IST,BALAJITELE,Unknown,Unknown,93.54,-1.98,69.52,141.32,34.55,33.81,57.6,89.14,96.57,381750.6,130118.0,0.34,Bullish,15,20,0,0,15,20,20,"Above 50 DMA, Healthy RSI momentum, Below 200 DMA risk"
29.08.2026 at 02:41 AM IST,RSSOFTWARE,Unknown,Unknown,32.93,4.94,21.93,82.0,50.16,59.84,57.08,33.03,37.95,28721.7,66301.0,2.31,Bearish,0,20,0,15,15,20,20,"Healthy RSI momentum, Strong volume expansion, Below 200 DMA risk"
29.08.2026 at 02:41 AM IST,BSHSL,Unknown,Unknown,89.08,-0.89,59.16,149.5,50.57,40.41,51.83,88.65,94.65,7317.75,5768.0,0.79,Bullish,15,20,0,0,15,20,20,"Above 50 DMA, Healthy RSI momentum, Below 200 DMA risk"
29.08.2026 at 02:41 AM IST,AMJLAND,Unknown,Unknown,39.22,1.4,30.14,60.69,30.11,35.37,55.33,38.19,42.07,16493.4,9682.0,0.59,Bullish,15,20,0,0,15,20,20,"Above 50 DMA, Healthy RSI momentum, Below 200 DMA risk"
29.08.2026 at 02:41 AM IST,SUKHJITS,Unknown,Unknown,162.32,0.49,136.42,229.62,18.98,29.31,51.32,165.75,169.44,15185.55,11394.0,0.75,Bearish,0,20,15,0,15,20,20,"Healthy RSI momentum, Close to 52W low with recovery potential, Below 200 DMA risk"
29.08.2026 at 02:41 AM IST,SUDEEPPHRM,Unknown,Unknown,1134.1,0.44,523.12,1180.0,116.79,3.89,71.26,925.81,,389588.4,139528.0,0.36,Bullish,15,5,0,0,0,20,20,"Above 50 DMA, Strong but overbought RSI"
29.08.2026 at 02:41 AM IST,PRSMJOHNSN,Unknown,Unknown,111.16,-1.01,97.1,176.0,14.48,36.84,54.24,111.48,124.17,5376244.25,370685.0,0.07,Bearish,0,20,15,0,15,20,20,"Healthy RSI momentum, Close to 52W low with recovery potential, Below 200 DMA risk"
29.08.2026 at 02:41 AM IST,INDOWIND,Unknown,Unknown,9.21,-1.39,7.0,18.94,31.57,51.37,53.48,9.17,11.13,151766.25,83274.0,0.55,Bullish,15,20,0,0,15,20,20,"Above 50 DMA, Healthy RSI momentum, Below 200 DMA risk"
29.08.2026 at 02:41 AM IST,AVROIND,Unknown,Unknown,9.29,1.31,8.0,15.99,16.12,41.9,53.66,9.36,11.5,577684.5,236902.0,0.41,Bearish,0,20,15,0,15,20,20,"Healthy RSI momentum, Close to 52W low with recovery potential, Below 200 DMA risk"
29.08.2026 at 02:41 AM IST,KENNAMET,Unknown,Unknown,4515.1,4.38,2373.15,4555.0,90.26,0.88,82.6,3161.44,,67691.8,64402.0,0.95,Bullish,15,5,0,0,0,20,20,"Above 50 DMA, Strong but overbought RSI"
29.08.2026 at 02:41 AM IST,CONTROLPR,Unknown,Unknown,596.7,-0.77,512.2,885.18,16.5,32.59,52.64,610.73,641.83,20789.1,11828.0,0.57,Bearish,0,20,15,0,15,20,20,"Healthy RSI momentum, Close to 52W low with recovery potential, Below 200 DMA risk"
29.08.2026 at 02:41 AM IST,CORALFINAC,Unknown,Unknown,33.6,-1.11,24.86,50.6,35.15,33.6,52.21,32.84,34.41,191376.6,57241.0,0.3,Bullish,15,20,0,0,15,20,20,"Above 50 DMA, Healthy RSI momentum, Below 200 DMA risk"
29.08.2026 at 02:41 AM IST,HEXT,Information Technology,Unknown,556.6,0.3,392.78,792.77,41.71,29.79,50.09,549.28,569.24,394610.55,133088.0,0.34,Bullish,15,20,0,0,15,20,20,"Above 50 DMA, Healthy RSI momentum, Below 200 DMA risk"
29.08.2026 at 02:41 AM IST,SUNTECK,Unknown,Unknown,307.5,-1.47,270.75,472.5,13.57,34.92,52.95,310.68,351.07,171296.5,67138.0,0.39,Bearish,0,20,15,0,15,20,20,"Healthy RSI momentum, Close to 52W low with recovery potential, Below 200 DMA risk"
29.08.2026 at 02:41 AM IST,ANIKINDS,Unknown,Unknown,46.5,-1.5,32.5,97.55,43.08,52.33,62.01,43.84,47.22,11091.7,5680.0,0.51,Bullish,15,20,0,0,15,20,20,"Above 50 DMA, Healthy RSI momentum, Below 200 DMA risk"
29.08.2026 at 02:41 AM IST,CLEANMAX,Unknown,Unknown,1274.6,7.81,727.1,1536.0,75.3,17.02,49.65,1315.94,,195241.4,285516.0,1.46,Bearish,0,10,0,10,0,20,20,"RSI recovering zone, Volume expansion"
29.08.2026 at 02:41 AM IST,EMMVEE,Capital Goods,Unknown,327.3,-1.7,171.51,371.55,90.83,11.91,51.49,330.58,,1819174.45,1276084.0,0.7,Bearish,0,20,0,0,0,20,20,Healthy RSI momentum
29.08.2026 at 02:41 AM IST,SYNGENE,Healthcare,Unknown,413.8,0.64,375.25,677.03,10.27,38.88,54.36,415.28,483.94,950977.65,479502.0,0.5,Bearish,0,20,15,0,15,20,20,"Healthy RSI momentum, Close to 52W low with recovery potential, Below 200 DMA risk"
29.08.2026 at 02:41 AM IST,PARAGMILK,Unknown,Unknown,241.17,-1.47,177.84,376.95,35.61,36.02,61.51,225.2,242.77,1046501.35,743453.0,0.71,Bullish,15,20,0,0,15,20,20,"Above 50 DMA, Healthy RSI momentum, Below 200 DMA risk"
29.08.2026 at 02:41 AM IST,JHS,Unknown,Unknown,8.95,-0.56,6.26,13.9,42.97,35.61,62.6,7.86,9.11,130728.95,54116.0,0.41,Bullish,15,20,0,0,15,20,20,"Above 50 DMA, Healthy RSI momentum, Below 200 DMA risk"
29.08.2026 at 02:41 AM IST,WEL,Unknown,Unknown,124.74,-20.0,75.01,183.4,66.3,31.98,47.2,115.22,126.22,9082884.65,129566541.0,14.26,Bullish,15,10,0,15,20,20,20,"Above 50 DMA, RSI recovering zone, Strong volume expansion, Below 200 DMA risk, Sharp daily fall"
29.08.2026 at 02:41 AM IST,BAJAJINDEF,Unknown,Unknown,228.85,-0.35,205.46,438.79,11.38,47.84,52.36,234.98,274.96,30058.75,21154.0,0.7,Bearish,0,20,15,0,15,20,20,"Healthy RSI momentum, Close to 52W low with recovery potential, Below 200 DMA risk"
29.08.2026 at 02:41 AM IST,BAIDFIN,Unknown,Unknown,9.76,-0.31,8.8,12.98,10.91,24.81,45.55,9.98,10.61,59209.0,117995.0,1.99,Bearish,0,10,15,10,15,20,20,"RSI recovering zone, Close to 52W low with recovery potential, Volume expansion, Below 200 DMA risk"
29.08.2026 at 02:41 AM IST,GLOBECIVIL,Unknown,Unknown,45.73,-0.26,33.5,80.97,36.51,43.52,62.54,42.06,48.87,104712.8,80115.0,0.77,Bullish,15,20,0,0,15,20,20,"Above 50 DMA, Healthy RSI momentum, Below 200 DMA risk"
29.08.2026 at 02:41 AM IST,LIBAS,Unknown,Unknown,10.47,-1.69,9.02,14.3,16.08,26.78,57.32,10.5,10.96,37066.05,6494.0,0.18,Bearish,0,20,15,0,15,20,20,"Healthy RSI momentum, Close to 52W low with recovery potential, Below 200 DMA risk"
29.08.2026 at 02:41 AM IST,MASTERTR,Unknown,Unknown,83.34,-1.91,55.6,164.5,49.89,49.34,53.74,81.85,90.35,379104.75,221561.0,0.58,Bullish,15,20,0,0,15,20,20,"Above 50 DMA, Healthy RSI momentum, Below 200 DMA risk"
29.08.2026 at 02:41 AM IST,KWIL,Unknown,Unknown,46.35,-0.28,22.24,50.68,108.41,8.54,72.98,35.42,,42184900.25,16310637.0,0.39,Bullish,15,5,0,0,0,20,20,"Above 50 DMA, Strong but overbought RSI"
29.08.2026 at 02:41 AM IST,MCL,Unknown,Unknown,57.77,-3.05,42.0,93.2,37.55,38.02,51.85,56.02,60.69,70249.35,68404.0,0.97,Bullish,15,20,0,0,15,20,20,"Above 50 DMA, Healthy RSI momentum, Below 200 DMA risk"
29.08.2026 at 02:41 AM IST,DIGITIDE,Unknown,Unknown,102.44,0.6,69.9,209.5,46.55,51.1,55.91,98.74,105.29,369866.15,317725.0,0.86,Bullish,15,20,0,0,15,20,20,"Above 50 DMA, Healthy RSI momentum, Below 200 DMA risk"
29.08.2026 at 02:41 AM IST,UCOBANK,Financial Services,Unknown,25.49,-2.67,21.86,33.64,16.63,24.22,39.7,26.41,27.05,2988710.95,4071522.0,1.36,Bearish,0,8,15,10,15,18,18,"Weak but watchable RSI, Close to 52W low with recovery potential, Volume expansion, Below 200 DMA risk"
29.08.2026 at 02:41 AM IST,NUVOCO,Construction Materials,Unknown,324.15,-0.15,276.25,477.5,17.34,32.12,42.83,331.88,330.41,254992.8,394709.0,1.55,Bearish,0,8,15,10,15,18,18,"Weak but watchable RSI, Close to 52W low with recovery potential, Volume expansion, Below 200 DMA risk"
29.08.2026 at 02:41 AM IST,RAYMONDLSL,Unknown,Unknown,692.2,-2.47,677.0,1348.3,2.25,48.66,35.72,743.08,862.26,196354.25,220397.0,1.12,Bearish,0,8,20,5,15,18,18,"Weak but watchable RSI, Near 52W low with non-crashing RSI, Normal volume support, Below 200 DMA risk"
29.08.2026 at 02:41 AM IST,GEEKAYWIRE,Unknown,Unknown,23.02,-0.35,18.51,40.26,24.37,42.83,49.55,23.89,26.38,108914.6,222972.0,2.05,Bearish,0,10,8,15,15,18,18,"RSI recovering zone, Within 30% of 52W low, Strong volume expansion, Below 200 DMA risk"
29.08.2026 at 02:41 AM IST,CENTRALBK,Financial Services,Unknown,30.65,-0.58,29.32,40.26,4.54,23.87,39.96,31.73,34.46,5652067.45,5856063.0,1.04,Bearish,0,8,20,5,15,18,18,"Weak but watchable RSI, Near 52W low with non-crashing RSI, Normal volume support, Below 200 DMA risk"
29.08.2026 at 02:41 AM IST,JARO,Unknown,Unknown,463.15,0.44,381.17,884.59,21.51,47.64,50.15,482.01,493.92,119065.4,124691.0,1.05,Bearish,0,20,8,5,15,18,18,"Healthy RSI momentum, Within 30% of 52W low, Normal volume support, Below 200 DMA risk"
29.08.2026 at 02:41 AM IST,EIHOTEL,Consumer Services,Unknown,300.05,-1.14,269.93,432.84,11.16,30.68,39.15,320.01,328.61,204227.65,367367.0,1.8,Bearish,0,8,15,10,15,18,18,"Weak but watchable RSI, Close to 52W low with recovery potential, Volume expansion, Below 200 DMA risk"
29.08.2026 at 02:41 AM IST,HITECH,Unknown,Unknown,77.93,-4.87,70.14,127.5,11.11,38.88,38.54,85.39,87.28,650875.0,1117888.0,1.72,Bearish,0,8,15,10,15,18,18,"Weak but watchable RSI, Close to 52W low with recovery potential, Volume expansion, Below 200 DMA risk"
29.08.2026 at 02:41 AM IST,CANBK,Financial Services,Unknown,128.14,-1.01,100.24,157.69,27.83,18.74,47.89,128.02,135.79,14878254.95,10921428.0,0.73,Bullish,15,10,8,0,15,18,18,"Above 50 DMA, RSI recovering zone, Within 30% of 52W low, Below 200 DMA risk"
29.08.2026 at 02:41 AM IST,NESCO,Unknown,Unknown,1017.1,-0.18,989.63,1628.41,2.78,37.54,35.05,1068.35,1145.18,23498.65,24736.0,1.05,Bearish,0,8,20,5,15,18,18,"Weak but watchable RSI, Near 52W low with non-crashing RSI, Normal volume support, Below 200 DMA risk"
29.08.2026 at 02:41 AM IST,REPCOHOME,Unknown,Unknown,365.7,0.94,333.6,453.71,9.62,19.4,44.99,391.12,393.08,125243.15,160112.0,1.28,Bearish,0,8,20,5,15,18,18,"Weak but watchable RSI, Near 52W low with non-crashing RSI, Normal volume support, Below 200 DMA risk"
29.08.2026 at 02:41 AM IST,UTIAMC,Financial Services,Unknown,890.7,-0.72,861.62,1362.82,3.38,34.64,43.03,914.5,970.04,110815.35,122786.0,1.11,Bearish,0,8,20,5,15,18,18,"Weak but watchable RSI, Near 52W low with non-crashing RSI, Normal volume support, Below 200 DMA risk"
29.08.2026 at 02:41 AM IST,RELIANCE,Oil Gas & Consumable Fuels,Unknown,1282.2,-1.22,1249.8,1604.38,2.59,20.08,40.96,1304.8,1391.15,10067028.45,11271497.0,1.12,Bearish,0,8,20,5,15,18,18,"Weak but watchable RSI, Near 52W low with non-crashing RSI, Normal volume support, Below 200 DMA risk"
29.08.2026 at 02:41 AM IST,ACI,Unknown,Unknown,483.95,-1.21,480.73,722.59,0.67,33.03,36.49,528.82,549.85,332267.4,346464.0,1.04,Bearish,0,8,20,5,15,18,18,"Weak but watchable RSI, Near 52W low with non-crashing RSI, Normal volume support, Below 200 DMA risk"
29.08.2026 at 02:41 AM IST,SAIPARENT,Unknown,Unknown,520.7,-1.92,400.0,706.0,30.18,26.25,39.49,565.57,,174179.35,234900.0,1.35,Bearish,0,8,0,10,0,18,18,"Weak but watchable RSI, Volume expansion"
29.08.2026 at 02:41 AM IST,GILLETTE,Fast Moving Consumer Goods,Unknown,7409.0,0.07,7148.34,10437.38,3.65,29.01,35.88,7642.55,7884.51,16468.4,18048.0,1.1,Bearish,0,8,20,5,15,18,18,"Weak but watchable RSI, Near 52W low with non-crashing RSI, Normal volume support, Below 200 DMA risk"
29.08.2026 at 02:41 AM IST,IXIGO,Unknown,Unknown,162.83,-3.23,151.27,339.15,7.64,51.99,32.48,191.29,199.25,1082007.0,1184499.0,1.09,Bearish,0,8,20,5,15,18,18,"Weak but watchable RSI, Near 52W low with non-crashing RSI, Normal volume support, Below 200 DMA risk"
29.08.2026 at 02:41 AM IST,BIRLANU,Unknown,Unknown,1450.8,-2.01,1177.16,2064.21,23.25,29.72,46.19,1408.23,1481.75,44961.7,7788.0,0.17,Bullish,15,10,8,0,15,18,18,"Above 50 DMA, RSI recovering zone, Within 30% of 52W low, Below 200 DMA risk"
29.08.2026 at 02:41 AM IST,SATIA,Unknown,Unknown,58.01,-1.16,50.8,85.79,14.19,32.38,43.48,58.51,62.7,82102.9,160572.0,1.96,Bearish,0,8,15,10,15,18,18,"Weak but watchable RSI, Close to 52W low with recovery potential, Volume expansion, Below 200 DMA risk"
29.08.2026 at 02:41 AM IST,RVNL,Construction,Unknown,216.0,-2.43,215.11,398.2,0.41,45.76,35.88,229.02,280.78,4356716.0,4589569.0,1.05,Bearish,0,8,20,5,15,18,18,"Weak but watchable RSI, Near 52W low with non-crashing RSI, Normal volume support, Below 200 DMA risk"
29.08.2026 at 02:41 AM IST,SBILIFE,Financial Services,Unknown,1773.2,0.28,1700.4,2129.04,4.28,16.71,39.27,1818.92,1912.95,856695.2,941103.0,1.1,Bearish,0,8,20,5,15,18,18,"Weak but watchable RSI, Near 52W low with non-crashing RSI, Normal volume support, Below 200 DMA risk"
29.08.2026 at 02:41 AM IST,MKPL,Unknown,Unknown,4.11,0.0,3.56,8.85,15.45,53.56,36.46,4.4,5.17,83680.6,109758.0,1.31,Bearish,0,8,15,10,15,18,18,"Weak but watchable RSI, Close to 52W low with recovery potential, Volume expansion, Below 200 DMA risk"
29.08.2026 at 02:41 AM IST,HEMIPROP,Unknown,Unknown,130.56,0.72,111.2,190.69,17.41,31.53,40.91,136.01,135.94,392931.55,578973.0,1.47,Bearish,0,8,15,10,15,18,18,"Weak but watchable RSI, Close to 52W low with recovery potential, Volume expansion, Below 200 DMA risk"
29.08.2026 at 02:41 AM IST,GSLSU,Unknown,Unknown,27.26,-4.98,23.06,139.67,18.21,80.48,37.79,33.63,69.21,117486.05,249344.0,2.12,Bearish,0,8,15,15,20,18,18,"Weak but watchable RSI, Close to 52W low with recovery potential, Strong volume expansion, Below 200 DMA risk, Very far from 52W high"
29.08.2026 at 02:41 AM IST,PSB,Unknown,Unknown,23.32,-0.77,20.18,31.95,15.57,27.01,43.34,23.96,25.22,1042771.9,1461842.0,1.4,Bearish,0,8,15,10,15,18,18,"Weak but watchable RSI, Close to 52W low with recovery potential, Volume expansion, Below 200 DMA risk"
29.08.2026 at 02:41 AM IST,GLOBALVECT,Unknown,Unknown,146.47,-0.57,129.0,248.0,13.54,40.94,35.58,157.79,174.16,8256.65,12574.0,1.52,Bearish,0,8,15,10,15,18,18,"Weak but watchable RSI, Close to 52W low with recovery potential, Volume expansion, Below 200 DMA risk"
29.08.2026 at 02:41 AM IST,RPPINFRA,Unknown,Unknown,57.53,0.61,55.04,169.28,4.52,66.01,40.53,61.73,78.17,374559.4,535308.0,1.43,Bearish,0,8,20,10,20,18,18,"Weak but watchable RSI, Near 52W low with non-crashing RSI, Volume expansion, Below 200 DMA risk, Very far from 52W high"
29.08.2026 at 02:41 AM IST,AWFIS,Unknown,Unknown,257.65,-3.99,229.05,639.4,12.49,59.7,36.36,285.1,358.97,264246.3,365185.0,1.38,Bearish,0,8,15,10,15,18,18,"Weak but watchable RSI, Close to 52W low with recovery potential, Volume expansion, Below 200 DMA risk"
29.08.2026 at 02:41 AM IST,HDBFS,Financial Services,Unknown,685.15,-0.34,553.72,796.67,23.74,14.0,45.95,710.68,699.23,719589.5,2515560.0,3.5,Bearish,0,10,8,15,15,18,18,"RSI recovering zone, Within 30% of 52W low, Strong volume expansion, Below 200 DMA risk"
29.08.2026 at 02:41 AM IST,FABTECH,Unknown,Unknown,146.97,-0.01,132.16,261.73,11.21,43.85,43.76,152.03,169.09,83461.05,114477.0,1.37,Bearish,0,8,15,10,15,18,18,"Weak but watchable RSI, Close to 52W low with recovery potential, Volume expansion, Below 200 DMA risk"
29.08.2026 at 02:41 AM IST,IRCON,Construction,Unknown,123.04,-0.81,114.5,188.01,7.46,34.56,39.25,129.36,144.08,1411446.9,1788487.0,1.27,Bearish,0,8,20,5,15,18,18,"Weak but watchable RSI, Near 52W low with non-crashing RSI, Normal volume support, Below 200 DMA risk"
29.08.2026 at 02:41 AM IST,BCONCEPTS,Unknown,Unknown,160.01,-0.29,152.84,449.0,4.69,64.36,36.6,181.45,246.16,15380.65,20738.0,1.35,Bearish,0,8,20,10,20,18,18,"Weak but watchable RSI, Near 52W low with non-crashing RSI, Volume expansion, Below 200 DMA risk, Very far from 52W high"
29.08.2026 at 02:41 AM IST,RAJMET,Unknown,Unknown,3.13,-1.57,2.72,5.28,15.07,40.72,37.87,3.45,3.85,615736.6,1031559.0,1.68,Bearish,0,8,15,10,15,18,18,"Weak but watchable RSI, Close to 52W low with recovery potential, Volume expansion, Below 200 DMA risk"
29.08.2026 at 02:41 AM IST,CMSINFO,Unknown,Unknown,239.95,-2.52,239.0,429.13,0.4,44.08,34.1,270.54,304.6,813411.35,985514.0,1.21,Bearish,0,8,20,5,15,18,18,"Weak but watchable RSI, Near 52W low with non-crashing RSI, Normal volume support, Below 200 DMA risk"
29.08.2026 at 02:41 AM IST,SHAKTIPUMP,Unknown,Unknown,497.4,1.44,455.47,912.2,9.21,45.47,38.89,538.52,578.49,319674.85,361174.0,1.13,Bearish,0,8,20,5,15,18,18,"Weak but watchable RSI, Near 52W low with non-crashing RSI, Normal volume support, Below 200 DMA risk"
29.08.2026 at 02:41 AM IST,MOKSH,Unknown,Unknown,10.08,-3.17,8.11,16.65,24.29,39.46,39.58,11.1,12.5,84415.0,210111.0,2.49,Bearish,0,8,8,15,15,16,16,"Weak but watchable RSI, Within 30% of 52W low, Strong volume expansion, Below 200 DMA risk"
29.08.2026 at 02:41 AM IST,INOXGREEN,Unknown,Unknown,172.18,-1.32,132.58,279.0,29.87,38.29,38.49,188.56,183.86,877852.95,1810872.0,2.06,Bearish,0,8,8,15,15,16,16,"Weak but watchable RSI, Within 30% of 52W low, Strong volume expansion, Below 200 DMA risk"
29.08.2026 at 02:41 AM IST,TENNIND,Automobile and Auto Components,Unknown,541.4,0.33,438.05,657.0,23.59,17.6,44.08,564.77,,4322890.45,533231.0,0.12,Bearish,0,8,8,0,0,16,16,"Weak but watchable RSI, Within 30% of 52W low"
29.08.2026 at 02:41 AM IST,PVSL,Unknown,Unknown,106.08,-0.42,82.41,163.0,28.72,34.92,44.97,103.2,107.15,66243.8,28688.0,0.43,Bullish,15,8,8,0,15,16,16,"Above 50 DMA, Weak but watchable RSI, Within 30% of 52W low, Below 200 DMA risk"
29.08.2026 at 02:41 AM IST,SEPC,Unknown,Unknown,5.71,-1.21,4.65,13.73,22.8,58.41,40.41,6.23,7.66,20278072.0,50238318.0,2.48,Bearish,0,8,8,15,15,16,16,"Weak but watchable RSI, Within 30% of 52W low, Strong volume expansion, Below 200 DMA risk"
29.08.2026 at 02:41 AM IST,VPRPL,Unknown,Unknown,32.99,0.03,23.94,146.69,37.8,77.51,53.13,29.77,44.46,849745.2,291162.0,0.34,Bullish,15,20,0,0,20,15,15,"Above 50 DMA, Healthy RSI momentum, Below 200 DMA risk, Very far from 52W high"
29.08.2026 at 02:41 AM IST,MALLCOM,Unknown,Unknown,973.4,-0.65,929.0,1520.0,4.78,35.96,45.33,1015.72,1087.98,2534.85,1617.0,0.64,Bearish,0,10,20,0,15,15,15,"RSI recovering zone, Near 52W low with non-crashing RSI, Below 200 DMA risk"
29.08.2026 at 02:41 AM IST,AFSL,Unknown,Unknown,202.04,0.52,194.41,229.0,3.92,11.77,48.38,202.06,202.29,22248.05,3110.0,0.14,Bearish,0,10,20,0,15,15,15,"RSI recovering zone, Near 52W low with non-crashing RSI, Below 200 DMA risk"
29.08.2026 at 02:41 AM IST,MONTECARLO,Unknown,Unknown,528.4,-2.91,464.0,860.95,13.88,38.63,47.86,537.61,586.61,90929.2,96060.0,1.06,Bearish,0,10,15,5,15,15,15,"RSI recovering zone, Close to 52W low with recovery potential, Normal volume support, Below 200 DMA risk"
29.08.2026 at 02:41 AM IST,GENESYS,Unknown,Unknown,234.5,-4.79,168.5,647.9,39.17,63.81,53.7,268.53,310.07,1969937.0,4531990.0,2.3,Bearish,0,20,0,15,20,15,15,"Healthy RSI momentum, Strong volume expansion, Below 200 DMA risk, Very far from 52W high"
29.08.2026 at 02:41 AM IST,IRB,Construction,Unknown,19.32,-0.72,18.76,23.84,2.99,18.94,45.71,20.05,20.76,7347215.5,7026959.0,0.96,Bearish,0,10,20,0,15,15,15,"RSI recovering zone, Near 52W low with non-crashing RSI, Below 200 DMA risk"
29.08.2026 at 02:41 AM IST,UPL,Chemicals,Unknown,578.1,-1.9,557.75,804.41,3.65,28.13,48.25,587.18,659.36,2140661.6,1266550.0,0.59,Bearish,0,10,20,0,15,15,15,"RSI recovering zone, Near 52W low with non-crashing RSI, Below 200 DMA risk"
29.08.2026 at 02:41 AM IST,UNIENTER,Unknown,Unknown,96.04,1.01,84.69,156.59,13.4,38.67,45.46,100.01,111.44,4932.4,6228.0,1.26,Bearish,0,10,15,5,15,15,15,"RSI recovering zone, Close to 52W low with recovery potential, Normal volume support, Below 200 DMA risk"
29.08.2026 at 02:41 AM IST,IOC,Oil Gas & Consumable Fuels,Unknown,137.57,-1.37,129.07,184.96,6.59,25.62,45.65,139.66,149.28,8504751.1,6190652.0,0.73,Bearish,0,10,20,0,15,15,15,"RSI recovering zone, Near 52W low with non-crashing RSI, Below 200 DMA risk"
29.08.2026 at 02:41 AM IST,HUBTOWN,Unknown,Unknown,184.71,-2.01,168.15,362.8,9.85,49.09,45.29,196.54,219.1,661049.55,350523.0,0.53,Bearish,0,10,20,0,15,15,15,"RSI recovering zone, Near 52W low with non-crashing RSI, Below 200 DMA risk"
29.08.2026 at 02:41 AM IST,IREDA,Financial Services,Unknown,117.4,-1.18,108.08,162.49,8.63,27.75,45.99,121.76,127.76,5435617.2,4163114.0,0.77,Bearish,0,10,20,0,15,15,15,"RSI recovering zone, Near 52W low with non-crashing RSI, Below 200 DMA risk"
29.08.2026 at 02:41 AM IST,GICL,Unknown,Unknown,23.34,-0.72,15.61,169.95,49.52,86.27,67.4,19.48,36.26,286339.25,111449.0,0.39,Bullish,15,20,0,0,20,15,15,"Above 50 DMA, Healthy RSI momentum, Below 200 DMA risk, Very far from 52W high"
29.08.2026 at 02:41 AM IST,EUREKAFORB,Unknown,Unknown,433.15,1.81,403.2,668.3,7.43,35.19,47.13,450.86,506.01,192666.85,99062.0,0.51,Bearish,0,10,20,0,15,15,15,"RSI recovering zone, Near 52W low with non-crashing RSI, Below 200 DMA risk"
29.08.2026 at 02:41 AM IST,EXXARO,Unknown,Unknown,6.19,0.49,5.99,10.33,3.34,40.08,48.24,6.4,7.09,295242.9,94104.0,0.32,Bearish,0,10,20,0,15,15,15,"RSI recovering zone, Near 52W low with non-crashing RSI, Below 200 DMA risk"
29.08.2026 at 02:41 AM IST,VMM,Consumer Services,Unknown,108.0,-1.48,98.77,155.32,9.34,30.47,47.7,112.12,120.39,16933844.7,7577445.0,0.45,Bearish,0,10,20,0,15,15,15,"RSI recovering zone, Near 52W low with non-crashing RSI, Below 200 DMA risk"
29.08.2026 at 02:41 AM IST,VIPIND,Unknown,Unknown,304.3,-2.12,278.25,454.3,9.36,33.02,49.13,304.71,334.77,359339.25,232543.0,0.65,Bearish,0,10,20,0,15,15,15,"RSI recovering zone, Near 52W low with non-crashing RSI, Below 200 DMA risk"
29.08.2026 at 02:41 AM IST,XELPMOC,Unknown,Unknown,81.09,-0.88,74.0,155.5,9.58,47.85,49.42,82.34,107.89,12163.45,9504.0,0.78,Bearish,0,10,20,0,15,15,15,"RSI recovering zone, Near 52W low with non-crashing RSI, Below 200 DMA risk"
29.08.2026 at 02:41 AM IST,VINATIORGA,Unknown,Unknown,1318.4,-0.23,1203.0,1849.9,9.59,28.73,46.6,1327.49,1420.14,56250.45,18669.0,0.33,Bearish,0,10,20,0,15,15,15,"RSI recovering zone, Near 52W low with non-crashing RSI, Below 200 DMA risk"
29.08.2026 at 02:41 AM IST,HDFCLIFE,Financial Services,Unknown,548.0,-0.9,530.5,800.15,3.3,31.51,49.39,558.46,645.84,3541795.15,2474974.0,0.7,Bearish,0,10,20,0,15,15,15,"RSI recovering zone, Near 52W low with non-crashing RSI, Below 200 DMA risk"
29.08.2026 at 02:41 AM IST,DCMSRIND,Unknown,Unknown,46.77,-2.24,31.56,179.95,48.21,74.01,53.66,42.0,59.93,351491.2,191558.0,0.54,Bullish,15,20,0,0,20,15,15,"Above 50 DMA, Healthy RSI momentum, Below 200 DMA risk, Very far from 52W high"
29.08.2026 at 02:41 AM IST,KISSHT,Unknown,Unknown,303.1,-1.13,190.0,351.5,59.53,13.77,46.94,309.08,,1339409.85,1710152.0,1.28,Bearish,0,10,0,5,0,15,15,"RSI recovering zone, Normal volume support"
29.08.2026 at 02:41 AM IST,INDRAMEDCO,Unknown,Unknown,369.3,0.0,342.0,640.85,7.98,42.37,46.47,375.93,408.99,605828.35,89754.0,0.15,Bearish,0,10,20,0,15,15,15,"RSI recovering zone, Near 52W low with non-crashing RSI, Below 200 DMA risk"
29.08.2026 at 02:41 AM IST,MEDPLUS,Unknown,Unknown,688.35,-0.54,648.0,1022.2,6.23,32.66,45.43,748.27,817.63,223691.65,55452.0,0.25,Bearish,0,10,20,0,15,15,15,"RSI recovering zone, Near 52W low with non-crashing RSI, Below 200 DMA risk"
29.08.2026 at 02:41 AM IST,HERANBA,Unknown,Unknown,169.69,-2.51,155.38,362.89,9.21,53.24,45.59,178.18,205.32,67167.9,31886.0,0.47,Bearish,0,10,20,0,15,15,15,"RSI recovering zone, Near 52W low with non-crashing RSI, Below 200 DMA risk"
29.08.2026 at 02:41 AM IST,HEXATRADEX,Unknown,Unknown,159.1,0.38,147.26,194.89,8.04,18.36,49.83,159.23,162.14,2238.05,23.0,0.01,Bearish,0,10,20,0,15,15,15,"RSI recovering zone, Near 52W low with non-crashing RSI, Below 200 DMA risk"
29.08.2026 at 02:41 AM IST,ANDHRAPAP,Unknown,Unknown,60.11,-0.58,57.53,86.19,4.48,30.26,47.19,61.22,64.0,203385.4,129859.0,0.64,Bearish,0,10,20,0,15,15,15,"RSI recovering zone, Near 52W low with non-crashing RSI, Below 200 DMA risk"
29.08.2026 at 02:41 AM IST,DCMSHRIRAM,Diversified,Unknown,1028.4,-2.07,941.52,1400.48,9.23,26.57,47.19,1030.01,1112.72,114900.4,67889.0,0.59,Bearish,0,10,20,0,15,15,15,"RSI recovering zone, Near 52W low with non-crashing RSI, Below 200 DMA risk"
29.08.2026 at 02:41 AM IST,GPIL,Capital Goods,Unknown,240.33,-2.24,220.3,318.68,9.09,24.59,45.58,248.57,261.77,1913046.85,1241037.0,0.65,Bearish,0,10,20,0,15,15,15,"RSI recovering zone, Near 52W low with non-crashing RSI, Below 200 DMA risk"
29.08.2026 at 02:41 AM IST,AMRUTANJAN,Unknown,Unknown,517.05,-2.03,482.8,785.89,7.09,34.21,49.32,526.53,580.47,175499.6,93176.0,0.53,Bearish,0,10,20,0,15,15,15,"RSI recovering zone, Near 52W low with non-crashing RSI, Below 200 DMA risk"
29.08.2026 at 02:41 AM IST,PALASHSECU,Unknown,Unknown,89.78,-3.0,79.01,134.8,13.63,33.4,49.8,90.43,97.12,2884.5,3706.0,1.28,Bearish,0,10,15,5,15,15,15,"RSI recovering zone, Close to 52W low with recovery potential, Normal volume support, Below 200 DMA risk"
29.08.2026 at 02:41 AM IST,PILANIINVS,Unknown,Unknown,4363.8,-1.38,4083.86,5967.81,6.85,26.88,48.88,4373.15,4648.72,2395.95,1684.0,0.7,Bearish,0,10,20,0,15,15,15,"RSI recovering zone, Near 52W low with non-crashing RSI, Below 200 DMA risk"
29.08.2026 at 02:41 AM IST,BHARTIHEXA,Telecommunication,Unknown,1551.1,-1.82,1414.44,1934.32,9.66,19.81,46.2,1552.6,1591.06,182333.75,38948.0,0.21,Bearish,0,10,20,0,15,15,15,"RSI recovering zone, Near 52W low with non-crashing RSI, Below 200 DMA risk"
29.08.2026 at 02:41 AM IST,BLUEDART,Services,Unknown,5005.5,-0.03,4628.5,7036.0,8.15,28.86,45.56,5008.82,5267.48,46709.45,16935.0,0.36,Bearish,0,10,20,0,15,15,15,"RSI recovering zone, Near 52W low with non-crashing RSI, Below 200 DMA risk"
29.08.2026 at 02:41 AM IST,SADBHAV,Unknown,Unknown,8.47,4.96,6.05,15.48,40.0,45.28,50.39,8.55,9.13,190180.15,287558.0,1.51,Bearish,0,20,0,10,15,15,15,"Healthy RSI momentum, Volume expansion, Below 200 DMA risk"
29.08.2026 at 02:41 AM IST,RUSTOMJEE,Unknown,Unknown,381.8,0.71,358.8,662.75,6.41,42.39,47.5,398.25,440.0,482170.15,23977.0,0.05,Bearish,0,10,20,0,15,15,15,"RSI recovering zone, Near 52W low with non-crashing RSI, Below 200 DMA risk"
29.08.2026 at 02:41 AM IST,DOMS,Fast Moving Consumer Goods,Unknown,2214.9,0.66,2020.55,2762.06,9.62,19.81,45.87,2259.07,2346.44,45342.5,13731.0,0.3,Bearish,0,10,20,0,15,15,15,"RSI recovering zone, Near 52W low with non-crashing RSI, Below 200 DMA risk"
29.08.2026 at 02:41 AM IST,ABCOTS,Unknown,Unknown,204.5,-0.42,196.81,504.0,3.91,59.42,47.48,209.86,323.31,16038.95,7494.0,0.47,Bearish,0,10,20,0,15,15,15,"RSI recovering zone, Near 52W low with non-crashing RSI, Below 200 DMA risk"
29.08.2026 at 02:41 AM IST,WAAREEENER,Capital Goods,Unknown,2624.0,-0.42,2403.0,3862.83,9.2,32.07,35.4,2785.5,2958.18,491652.4,332552.0,0.68,Bearish,0,8,20,0,15,13,13,"Weak but watchable RSI, Near 52W low with non-crashing RSI, Below 200 DMA risk"
29.08.2026 at 02:41 AM IST,AADHARHFC,Financial Services,Unknown,465.8,-0.97,430.15,563.0,8.29,17.26,35.21,505.87,484.96,377441.65,161831.0,0.43,Bearish,0,8,20,0,15,13,13,"Weak but watchable RSI, Near 52W low with non-crashing RSI, Below 200 DMA risk"
29.08.2026 at 02:41 AM IST,GANESHCP,Unknown,Unknown,163.49,-1.55,149.66,302.58,9.24,45.97,43.4,175.62,197.41,222931.1,74014.0,0.33,Bearish,0,8,20,0,15,13,13,"Weak but watchable RSI, Near 52W low with non-crashing RSI, Below 200 DMA risk"
29.08.2026 at 02:41 AM IST,SALASAR,Unknown,Unknown,5.88,-1.18,5.59,10.99,5.19,46.5,43.0,6.06,7.5,3681334.75,1996275.0,0.54,Bearish,0,8,20,0,15,13,13,"Weak but watchable RSI, Near 52W low with non-crashing RSI, Below 200 DMA risk"
29.08.2026 at 02:41 AM IST,VSTTILLERS,Unknown,Unknown,4375.0,-0.98,4275.0,6374.0,2.34,31.36,41.72,4494.6,5152.96,12212.05,3441.0,0.28,Bearish,0,8,20,0,15,13,13,"Weak but watchable RSI, Near 52W low with non-crashing RSI, Below 200 DMA risk"
29.08.2026 at 02:41 AM IST,DMART,Consumer Services,Unknown,3847.4,0.54,3600.0,4949.5,6.87,22.27,38.06,4044.16,4028.01,469181.1,416843.0,0.89,Bearish,0,8,20,0,15,13,13,"Weak but watchable RSI, Near 52W low with non-crashing RSI, Below 200 DMA risk"
29.08.2026 at 02:41 AM IST,ACC,Construction Materials,Unknown,1310.6,-1.58,1244.5,1975.57,5.31,33.66,43.45,1349.39,1506.16,154020.25,67738.0,0.44,Bearish,0,8,20,0,15,13,13,"Weak but watchable RSI, Near 52W low with non-crashing RSI, Below 200 DMA risk"
29.08.2026 at 02:41 AM IST,ABFRL,Consumer Services,Unknown,53.64,-1.61,53.47,94.95,0.32,43.51,33.82,58.48,65.45,7277343.4,3324887.0,0.46,Bearish,0,8,20,0,15,13,13,"Weak but watchable RSI, Near 52W low with non-crashing RSI, Below 200 DMA risk"
29.08.2026 at 02:41 AM IST,WIPRO,Information Technology,Unknown,176.4,-0.54,167.09,263.22,5.57,32.98,40.0,177.82,206.93,8252780.05,4695019.0,0.57,Bearish,0,8,20,0,15,13,13,"Weak but watchable RSI, Near 52W low with non-crashing RSI, Below 200 DMA risk"
29.08.2026 at 02:41 AM IST,WCIL,Unknown,Unknown,87.12,1.06,77.02,147.29,13.11,40.85,43.37,92.74,104.12,55752.7,71591.0,1.28,Bearish,0,8,15,5,15,13,13,"Weak but watchable RSI, Close to 52W low with recovery potential, Normal volume support, Below 200 DMA risk"
29.08.2026 at 02:41 AM IST,CRIZAC,Unknown,Unknown,175.78,-1.71,170.29,375.59,3.22,53.2,39.26,190.3,223.17,353391.25,93758.0,0.27,Bearish,0,8,20,0,15,13,13,"Weak but watchable RSI, Near 52W low with non-crashing RSI, Below 200 DMA risk"
29.08.2026 at 02:41 AM IST,MSUMI,Automobile and Auto Components,Unknown,37.92,0.66,35.19,52.82,7.76,28.21,37.66,39.88,41.36,11528365.5,9513977.0,0.83,Bearish,0,8,20,0,15,13,13,"Weak but watchable RSI, Near 52W low with non-crashing RSI, Below 200 DMA risk"
29.08.2026 at 02:41 AM IST,RUCHIRA,Unknown,Unknown,102.7,-0.7,95.17,167.91,7.91,38.84,41.56,106.81,113.63,34362.85,17057.0,0.5,Bearish,0,8,20,0,15,13,13,"Weak but watchable RSI, Near 52W low with non-crashing RSI, Below 200 DMA risk"
29.08.2026 at 02:41 AM IST,RTNPOWER,Unknown,Unknown,7.83,-1.51,7.52,12.84,4.12,39.02,30.55,8.68,9.05,14277457.5,13450323.0,0.94,Bearish,0,8,20,0,15,13,13,"Weak but watchable RSI, Near 52W low with non-crashing RSI, Below 200 DMA risk"
29.08.2026 at 02:41 AM IST,SANOFI,Unknown,Unknown,3181.0,-0.32,3054.0,5038.61,4.16,36.87,37.5,3349.94,3645.29,20761.6,15305.0,0.74,Bearish,0,8,20,0,15,13,13,"Weak but watchable RSI, Near 52W low with non-crashing RSI, Below 200 DMA risk"
29.08.2026 at 02:41 AM IST,SAMPANN,Unknown,Unknown,25.61,-1.88,23.75,43.44,7.83,41.05,36.61,27.29,29.73,17952.55,12017.0,0.67,Bearish,0,8,20,0,15,13,13,"Weak but watchable RSI, Near 52W low with non-crashing RSI, Below 200 DMA risk"
29.08.2026 at 02:41 AM IST,ESCORTS,Capital Goods,Unknown,2974.1,-3.03,2669.79,4112.49,11.4,27.68,40.09,2995.38,3228.1,113523.55,134744.0,1.19,Bearish,0,8,15,5,15,13,13,"Weak but watchable RSI, Close to 52W low with recovery potential, Normal volume support, Below 200 DMA risk"
29.08.2026 at 02:41 AM IST,ERIS,Healthcare,Unknown,1312.2,0.11,1193.59,1803.02,9.94,27.22,34.5,1404.3,1419.46,83835.65,51939.0,0.62,Bearish,0,8,20,0,15,13,13,"Weak but watchable RSI, Near 52W low with non-crashing RSI, Below 200 DMA risk"
29.08.2026 at 02:41 AM IST,LINC,Unknown,Unknown,95.04,-2.22,85.01,137.99,11.8,31.13,36.76,104.31,106.35,23160.55,23995.0,1.04,Bearish,0,8,15,5,15,13,13,"Weak but watchable RSI, Close to 52W low with recovery potential, Normal volume support, Below 200 DMA risk"
29.08.2026 at 02:41 AM IST,JTEKTINDIA,Unknown,Unknown,126.18,-0.28,116.39,187.5,8.41,32.7,33.93,136.23,136.93,272542.1,82110.0,0.3,Bearish,0,8,20,0,15,13,13,"Weak but watchable RSI, Near 52W low with non-crashing RSI, Below 200 DMA risk"
29.08.2026 at 02:41 AM IST,ITC,Fast Moving Consumer Goods,Unknown,269.0,-0.46,265.0,407.14,1.51,33.93,36.3,281.96,311.02,13709767.75,8834890.0,0.64,Bearish,0,8,20,0,15,13,13,"Weak but watchable RSI, Near 52W low with non-crashing RSI, Below 200 DMA risk"
29.08.2026 at 02:41 AM IST,TCI,Unknown,Unknown,897.3,-0.65,867.12,1230.61,3.48,27.09,40.86,924.35,981.89,24270.45,13098.0,0.54,Bearish,0,8,20,0,15,13,13,"Weak but watchable RSI, Near 52W low with non-crashing RSI, Below 200 DMA risk"
29.08.2026 at 02:41 AM IST,TATASTEEL,Metals & Mining,Unknown,186.8,-0.64,149.96,219.87,24.57,15.04,49.49,187.84,189.68,24555803.1,40921836.0,1.67,Bearish,0,10,8,10,15,13,13,"RSI recovering zone, Within 30% of 52W low, Volume expansion, Below 200 DMA risk"
29.08.2026 at 02:41 AM IST,TATAELXSI,Information Technology,Unknown,3633.2,-0.46,3353.9,5845.18,8.33,37.84,43.35,3712.48,4429.46,190497.9,92977.0,0.49,Bearish,0,8,20,0,15,13,13,"Weak but watchable RSI, Near 52W low with non-crashing RSI, Below 200 DMA risk"
29.08.2026 at 02:41 AM IST,TATACONSUM,Fast Moving Consumer Goods,Unknown,1042.0,-0.49,998.75,1271.94,4.33,18.08,39.19,1090.76,1127.28,1303085.4,996048.0,0.76,Bearish,0,8,20,0,15,13,13,"Weak but watchable RSI, Near 52W low with non-crashing RSI, Below 200 DMA risk"
29.08.2026 at 02:41 AM IST,TARC,Unknown,Unknown,117.53,-1.61,109.1,186.3,7.73,36.91,34.57,126.04,138.32,532148.25,306535.0,0.58,Bearish,0,8,20,0,15,13,13,"Weak but watchable RSI, Near 52W low with non-crashing RSI, Below 200 DMA risk"
29.08.2026 at 02:41 AM IST,TARACHAND,Unknown,Unknown,48.59,1.82,46.01,103.3,5.61,52.96,39.48,53.69,62.73,187521.0,50433.0,0.27,Bearish,0,8,20,0,15,13,13,"Weak but watchable RSI, Near 52W low with non-crashing RSI, Below 200 DMA risk"
29.08.2026 at 02:41 AM IST,CHAMBLFERT,Chemicals,Unknown,424.75,-0.65,394.44,566.87,7.68,25.07,33.07,447.44,444.19,529557.65,493439.0,0.93,Bearish,0,8,20,0,15,13,13,"Weak but watchable RSI, Near 52W low with non-crashing RSI, Below 200 DMA risk"
29.08.2026 at 02:41 AM IST,MASFIN,Unknown,Unknown,295.5,-0.59,276.64,357.93,6.82,17.44,40.67,310.95,313.45,151956.5,138307.0,0.91,Bearish,0,8,20,0,15,13,13,"Weak but watchable RSI, Near 52W low with non-crashing RSI, Below 200 DMA risk"
29.08.2026 at 02:41 AM IST,GODIGIT,Financial Services,Unknown,257.75,-0.52,244.2,381.4,5.55,32.42,41.62,282.3,316.16,675052.2,81433.0,0.12,Bearish,0,8,20,0,15,13,13,"Weak but watchable RSI, Near 52W low with non-crashing RSI, Below 200 DMA risk"
29.08.2026 at 02:41 AM IST,GODAVARIB,Unknown,Unknown,239.15,-1.65,227.42,353.0,5.16,32.25,38.51,264.83,279.02,603523.85,47074.0,0.08,Bearish,0,8,20,0,15,13,13,"Weak but watchable RSI, Near 52W low with non-crashing RSI, Below 200 DMA risk"
29.08.2026 at 02:41 AM IST,GMRP&UI,Unknown,Unknown,94.54,-0.55,89.0,136.95,6.22,30.97,39.75,98.23,106.44,841686.25,801104.0,0.95,Bearish,0,8,20,0,15,13,13,"Weak but watchable RSI, Near 52W low with non-crashing RSI, Below 200 DMA risk"
29.08.2026 at 02:41 AM IST,SCODATUBES,Unknown,Unknown,130.93,1.61,110.0,187.7,19.03,30.25,39.67,142.37,143.62,207181.15,226996.0,1.1,Bearish,0,8,15,5,15,13,13,"Weak but watchable RSI, Close to 52W low with recovery potential, Normal volume support, Below 200 DMA risk"
29.08.2026 at 02:41 AM IST,SCHAND,Unknown,Unknown,134.72,-2.7,127.01,195.33,6.07,31.03,33.59,145.07,153.09,40696.3,22971.0,0.56,Bearish,0,8,20,0,15,13,13,"Weak but watchable RSI, Near 52W low with non-crashing RSI, Below 200 DMA risk"
29.08.2026 at 02:41 AM IST,BLUECHIP,Unknown,Unknown,2.1,1.94,1.65,4.5,27.27,53.33,71.93,2.04,2.5,25444.35,122.0,0.0,Bullish,15,5,8,0,15,13,13,"Above 50 DMA, Strong but overbought RSI, Within 30% of 52W low, Below 200 DMA risk"
29.08.2026 at 02:41 AM IST,BLS,Services,Unknown,238.07,0.13,218.9,372.3,8.76,36.05,38.22,250.01,275.86,3776499.85,1208948.0,0.32,Bearish,0,8,20,0,15,13,13,"Weak but watchable RSI, Near 52W low with non-crashing RSI, Below 200 DMA risk"
29.08.2026 at 02:41 AM IST,PATANJALI,Fast Moving Consumer Goods,Unknown,348.25,0.03,326.06,606.9,6.81,42.62,39.16,370.57,465.89,3282126.85,1056545.0,0.32,Bearish,0,8,20,0,15,13,13,"Weak but watchable RSI, Near 52W low with non-crashing RSI, Below 200 DMA risk"
29.08.2026 at 02:41 AM IST,PIIND,Chemicals,Unknown,2467.0,-1.65,2453.1,3812.93,0.57,35.3,34.89,2635.37,2973.47,298064.6,107358.0,0.36,Bearish,0,8,20,0,15,13,13,"Weak but watchable RSI, Near 52W low with non-crashing RSI, Below 200 DMA risk"
29.08.2026 at 02:41 AM IST,HINDUNILVR,Fast Moving Consumer Goods,Unknown,2009.0,-0.59,2002.14,2701.08,0.34,25.62,37.09,2113.75,2222.38,1127950.15,989046.0,0.88,Bearish,0,8,20,0,15,13,13,"Weak but watchable RSI, Near 52W low with non-crashing RSI, Below 200 DMA risk"
29.08.2026 at 02:41 AM IST,OSWALGREEN,Unknown,Unknown,20.9,0.53,19.76,43.79,5.77,52.27,43.57,21.77,26.8,136902.4,102763.0,0.75,Bearish,0,8,20,0,15,13,13,"Weak but watchable RSI, Near 52W low with non-crashing RSI, Below 200 DMA risk"
29.08.2026 at 02:41 AM IST,THEINVEST,Unknown,Unknown,94.96,-1.43,89.0,159.29,6.7,40.39,42.19,97.66,105.2,6335.45,4092.0,0.65,Bearish,0,8,20,0,15,13,13,"Weak but watchable RSI, Near 52W low with non-crashing RSI, Below 200 DMA risk"
29.08.2026 at 02:41 AM IST,BLUESTARCO,Consumer Durables,Unknown,1497.0,0.81,1442.92,2030.04,3.75,26.26,37.84,1608.08,1721.83,627309.3,128386.0,0.2,Bearish,0,8,20,0,15,13,13,"Weak but watchable RSI, Near 52W low with non-crashing RSI, Below 200 DMA risk"
29.08.2026 at 02:41 AM IST,BHARATRAS,Unknown,Unknown,1272.6,-0.45,1203.0,2987.5,5.79,57.4,39.74,1329.03,1671.9,12886.9,8926.0,0.69,Bearish,0,8,20,0,15,13,13,"Weak but watchable RSI, Near 52W low with non-crashing RSI, Below 200 DMA risk"
29.08.2026 at 02:41 AM IST,APCL,Unknown,Unknown,101.16,-0.79,98.02,148.78,3.2,32.01,43.35,104.5,117.68,9920.55,2129.0,0.21,Bearish,0,8,20,0,15,13,13,"Weak but watchable RSI, Near 52W low with non-crashing RSI, Below 200 DMA risk"
29.08.2026 at 02:41 AM IST,SYMPHONY,Unknown,Unknown,599.05,-0.57,592.05,963.12,1.18,37.8,30.64,666.7,773.85,97442.8,32084.0,0.33,Bearish,0,8,20,0,15,13,13,"Weak but watchable RSI, Near 52W low with non-crashing RSI, Below 200 DMA risk"
29.08.2026 at 02:41 AM IST,DCXINDIA,Unknown,Unknown,173.99,-1.2,153.3,286.0,13.5,39.16,42.63,186.65,184.89,464141.4,474521.0,1.02,Bearish,0,8,15,5,15,13,13,"Weak but watchable RSI, Close to 52W low with recovery potential, Normal volume support, Below 200 DMA risk"
29.08.2026 at 02:41 AM IST,KALPATARU,Unknown,Unknown,274.15,-1.03,258.0,429.3,6.26,36.14,41.55,289.37,320.94,66992.25,52410.0,0.78,Bearish,0,8,20,0,15,13,13,"Weak but watchable RSI, Near 52W low with non-crashing RSI, Below 200 DMA risk"
29.08.2026 at 02:41 AM IST,JWL,Capital Goods,Unknown,247.0,0.06,235.65,358.25,4.82,31.05,37.78,257.06,280.26,808449.5,680272.0,0.84,Bearish,0,8,20,0,15,13,13,"Weak but watchable RSI, Near 52W low with non-crashing RSI, Below 200 DMA risk"
29.08.2026 at 02:41 AM IST,SURAJEST,Unknown,Unknown,195.77,-0.12,171.3,320.4,14.28,38.9,40.87,200.23,222.71,124924.2,143225.0,1.15,Bearish,0,8,15,5,15,13,13,"Weak but watchable RSI, Close to 52W low with recovery potential, Normal volume support, Below 200 DMA risk"
29.08.2026 at 02:41 AM IST,SUNTV,Media Entertainment & Publication,Unknown,463.95,-0.26,461.0,653.93,0.64,29.05,31.03,491.91,541.35,425842.7,288220.0,0.68,Bearish,0,8,20,0,15,13,13,"Weak but watchable RSI, Near 52W low with non-crashing RSI, Below 200 DMA risk"
29.08.2026 at 02:41 AM IST,BRITANNIA,Fast Moving Consumer Goods,Unknown,5298.0,-0.23,4952.52,6232.21,6.98,14.99,42.27,5344.83,5572.15,348296.05,222346.0,0.64,Bearish,0,8,20,0,15,13,13,"Weak but watchable RSI, Near 52W low with non-crashing RSI, Below 200 DMA risk"
29.08.2026 at 02:41 AM IST,BRIGHOTEL,Unknown,Unknown,59.57,-0.82,54.36,89.4,9.58,33.37,43.74,61.78,64.53,158112.85,55401.0,0.35,Bearish,0,8,20,0,15,13,13,"Weak but watchable RSI, Near 52W low with non-crashing RSI, Below 200 DMA risk"
29.08.2026 at 02:41 AM IST,CELLO,Unknown,Unknown,350.4,-1.14,335.12,670.83,4.56,47.77,42.97,363.24,441.62,2294082.5,214560.0,0.09,Bearish,0,8,20,0,15,13,13,"Weak but watchable RSI, Near 52W low with non-crashing RSI, Below 200 DMA risk"
29.08.2026 at 02:41 AM IST,CEINSYS,Unknown,Unknown,727.0,-0.16,697.15,1249.9,4.28,41.84,29.9,858.08,,82225.6,37637.0,0.46,Bearish,0,5,8,0,0,13,13,"Oversold RSI, Within 30% of 52W low"
29.08.2026 at 02:41 AM IST,IRFC,Financial Services,Unknown,84.65,-1.23,84.5,135.73,0.18,37.63,32.63,89.21,102.97,7206036.95,7178981.0,1.0,Bearish,0,8,20,0,15,13,13,"Weak but watchable RSI, Near 52W low with non-crashing RSI, Below 200 DMA risk"
29.08.2026 at 02:41 AM IST,JSLL,Unknown,Unknown,501.9,-2.4,492.0,849.5,2.01,40.92,36.61,560.73,641.44,683295.55,309670.0,0.45,Bearish,0,8,20,0,15,13,13,"Weak but watchable RSI, Near 52W low with non-crashing RSI, Below 200 DMA risk"
29.08.2026 at 02:41 AM IST,TEAMLEASE,Unknown,Unknown,1252.7,0.31,1065.2,1944.3,17.6,35.57,41.66,1333.91,1383.59,24769.9,28997.0,1.17,Bearish,0,8,15,5,15,13,13,"Weak but watchable RSI, Close to 52W low with recovery potential, Normal volume support, Below 200 DMA risk"
29.08.2026 at 02:41 AM IST,GODREJCP,Fast Moving Consumer Goods,Unknown,923.0,0.02,902.81,1284.14,2.24,28.12,32.52,1022.27,1085.31,2606172.0,1308144.0,0.5,Bearish,0,8,20,0,15,13,13,"Weak but watchable RSI, Near 52W low with non-crashing RSI, Below 200 DMA risk"
29.08.2026 at 02:41 AM IST,INNOVANA,Unknown,Unknown,313.6,-1.04,290.0,564.8,8.14,44.48,44.8,323.2,374.23,7474.55,1647.0,0.22,Bearish,0,8,20,0,15,13,13,"Weak but watchable RSI, Near 52W low with non-crashing RSI, Below 200 DMA risk"
29.08.2026 at 02:41 AM IST,GRMOVER,Unknown,Unknown,87.76,-1.22,81.95,185.45,7.09,52.68,41.9,91.65,140.57,1419220.65,843143.0,0.59,Bearish,0,8,20,0,15,13,13,"Weak but watchable RSI, Near 52W low with non-crashing RSI, Below 200 DMA risk"
29.08.2026 at 02:41 AM IST,LAOPALA,Unknown,Unknown,169.92,-0.15,157.77,255.0,7.7,33.37,34.54,179.7,185.37,646703.9,128865.0,0.2,Bearish,0,8,20,0,15,13,13,"Weak but watchable RSI, Near 52W low with non-crashing RSI, Below 200 DMA risk"
29.08.2026 at 02:41 AM IST,MEDIASSIST,Unknown,Unknown,337.25,-0.82,293.0,575.55,15.1,41.4,37.98,356.89,386.77,219822.05,281912.0,1.28,Bearish,0,8,15,5,15,13,13,"Weak but watchable RSI, Close to 52W low with recovery potential, Normal volume support, Below 200 DMA risk"
29.08.2026 at 02:41 AM IST,MBLINFRA,Unknown,Unknown,22.62,-4.48,18.37,52.48,23.14,56.9,29.68,25.18,27.58,22435.55,71491.0,3.19,Bearish,0,5,8,15,15,13,13,"Oversold RSI, Within 30% of 52W low, Strong volume expansion, Below 200 DMA risk"
29.08.2026 at 02:41 AM IST,HBLENGINE,Capital Goods,Unknown,665.75,-2.65,613.0,1119.11,8.61,40.51,36.57,740.36,777.03,1006225.5,935680.0,0.93,Bearish,0,8,20,0,15,13,13,"Weak but watchable RSI, Near 52W low with non-crashing RSI, Below 200 DMA risk"
29.08.2026 at 02:41 AM IST,HGM,Unknown,Unknown,43.99,0.53,42.0,82.4,4.74,46.61,34.08,49.08,57.1,5299.55,1372.0,0.26,Bearish,0,8,20,0,15,13,13,"Weak but watchable RSI, Near 52W low with non-crashing RSI, Below 200 DMA risk"
29.08.2026 at 02:41 AM IST,CIFL,Unknown,Unknown,20.74,-0.05,19.56,39.69,6.03,47.75,43.32,21.98,28.04,87464.55,14648.0,0.17,Bearish,0,8,20,0,15,13,13,"Weak but watchable RSI, Near 52W low with non-crashing RSI, Below 200 DMA risk"
29.08.2026 at 02:41 AM IST,SUMMITSEC,Unknown,Unknown,1420.7,-0.88,1312.0,2495.0,8.29,43.06,35.76,1496.44,1672.92,4986.15,1827.0,0.37,Bearish,0,8,20,0,15,13,13,"Weak but watchable RSI, Near 52W low with non-crashing RSI, Below 200 DMA risk"
29.08.2026 at 02:41 AM IST,SULA,Unknown,Unknown,146.92,-0.74,136.87,293.09,7.34,49.87,40.86,153.31,175.5,443339.3,145183.0,0.33,Bearish,0,8,20,0,15,13,13,"Weak but watchable RSI, Near 52W low with non-crashing RSI, Below 200 DMA risk"
29.08.2026 at 02:41 AM IST,ICICIGI,Financial Services,Unknown,1588.1,-0.55,1544.6,2057.09,2.82,22.8,35.49,1696.86,1819.38,1028632.3,864889.0,0.84,Bearish,0,8,20,0,15,13,13,"Weak but watchable RSI, Near 52W low with non-crashing RSI, Below 200 DMA risk"
29.08.2026 at 02:41 AM IST,MOIL,Unknown,Unknown,260.95,-2.74,242.35,398.62,7.67,34.54,42.73,273.98,305.43,942217.6,752383.0,0.8,Bearish,0,8,20,0,15,13,13,"Weak but watchable RSI, Near 52W low with non-crashing RSI, Below 200 DMA risk"
29.08.2026 at 02:41 AM IST,JIOFIN,Financial Services,Unknown,238.1,-1.2,222.78,320.85,6.88,25.79,39.26,243.46,257.05,16039132.05,7638222.0,0.48,Bearish,0,8,20,0,15,13,13,"Weak but watchable RSI, Near 52W low with non-crashing RSI, Below 200 DMA risk"
29.08.2026 at 02:41 AM IST,ORIENTCEM,Unknown,Unknown,131.41,-2.28,121.85,236.38,7.85,44.41,44.48,135.38,148.21,230436.6,105869.0,0.46,Bearish,0,8,20,0,15,13,13,"Weak but watchable RSI, Near 52W low with non-crashing RSI, Below 200 DMA risk"
29.08.2026 at 02:41 AM IST,ONGC,Oil Gas & Consumable Fuels,Unknown,232.0,-0.09,219.45,307.5,5.72,24.55,31.78,241.12,256.2,12436495.65,11219541.0,0.9,Bearish,0,8,20,0,15,13,13,"Weak but watchable RSI, Near 52W low with non-crashing RSI, Below 200 DMA risk"
29.08.2026 at 02:41 AM IST,MIDWESTLTD,Unknown,Unknown,1114.4,-1.85,1048.5,1859.9,6.29,40.08,34.1,1233.95,1319.45,19858.65,13200.0,0.66,Bearish,0,8,20,0,15,13,13,"Weak but watchable RSI, Near 52W low with non-crashing RSI, Below 200 DMA risk"
29.08.2026 at 02:41 AM IST,METROBRAND,Unknown,Unknown,921.7,-2.5,883.0,1336.57,4.38,31.04,35.1,1007.6,1042.83,58440.25,22707.0,0.39,Bearish,0,8,20,0,15,13,13,"Weak but watchable RSI, Near 52W low with non-crashing RSI, Below 200 DMA risk"
29.08.2026 at 02:41 AM IST,TNPL,Unknown,Unknown,139.91,-0.54,121.51,175.75,15.14,20.39,38.42,146.5,142.99,214854.35,253935.0,1.18,Bearish,0,8,15,5,15,13,13,"Weak but watchable RSI, Close to 52W low with recovery potential, Normal volume support, Below 200 DMA risk"
29.08.2026 at 02:41 AM IST,TMPV,Automobile and Auto Components,Unknown,316.0,0.93,291.88,733.61,8.26,56.93,34.39,337.35,349.97,9830889.45,8028070.0,0.82,Bearish,0,8,20,0,15,13,13,"Weak but watchable RSI, Near 52W low with non-crashing RSI, Below 200 DMA risk"
29.08.2026 at 02:41 AM IST,AMBUJACEM,Construction Materials,Unknown,411.05,-1.94,392.06,597.84,4.84,31.24,41.9,426.97,472.42,2777144.8,1071242.0,0.39,Bearish,0,8,20,0,15,13,13,"Weak but watchable RSI, Near 52W low with non-crashing RSI, Below 200 DMA risk"
29.08.2026 at 02:41 AM IST,PNC,Unknown,Unknown,17.44,2.65,16.0,40.64,9.0,57.09,36.79,19.95,22.6,14122.25,3159.0,0.22,Bearish,0,8,20,0,15,13,13,"Weak but watchable RSI, Near 52W low with non-crashing RSI, Below 200 DMA risk"
29.08.2026 at 02:41 AM IST,BIMETAL,Unknown,Unknown,618.5,-1.84,462.01,736.57,33.87,16.03,41.44,645.69,,533.3,579.0,1.09,Bearish,0,8,0,5,0,13,13,"Weak but watchable RSI, Normal volume support"
29.08.2026 at 02:41 AM IST,POWERGRID,Power,Unknown,264.9,-0.11,247.22,324.95,7.15,18.48,36.89,280.23,284.08,8526275.05,7118715.0,0.83,Bearish,0,8,20,0,15,13,13,"Weak but watchable RSI, Near 52W low with non-crashing RSI, Below 200 DMA risk"
29.08.2026 at 02:41 AM IST,PNGJL,Unknown,Unknown,594.55,-0.19,503.0,736.4,18.2,19.26,40.38,603.37,595.13,500630.95,552777.0,1.1,Bearish,0,8,15,5,15,13,13,"Weak but watchable RSI, Close to 52W low with recovery potential, Normal volume support, Below 200 DMA risk"
29.08.2026 at 02:41 AM IST,HIMATSEIDE,Unknown,Unknown,71.83,-1.16,69.06,134.44,4.01,46.57,35.81,81.5,93.84,515184.9,201561.0,0.39,Bearish,0,8,20,0,15,13,13,"Weak but watchable RSI, Near 52W low with non-crashing RSI, Below 200 DMA risk"
29.08.2026 at 02:41 AM IST,GRADIENTE,Unknown,Unknown,2.71,0.37,2.08,9.4,30.29,71.17,43.06,2.92,,1913663.45,2884018.0,1.51,Bearish,0,8,0,10,5,13,13,"Weak but watchable RSI, Volume expansion, Very far from 52W high"
29.08.2026 at 02:41 AM IST,AWHCL,Unknown,Unknown,389.2,1.22,372.03,615.21,4.62,36.74,36.17,433.71,468.97,150140.55,85317.0,0.57,Bearish,0,8,20,0,15,13,13,"Weak but watchable RSI, Near 52W low with non-crashing RSI, Below 200 DMA risk"
29.08.2026 at 02:41 AM IST,INDOUS,Unknown,Unknown,80.79,-0.21,74.98,159.0,7.75,49.19,41.18,85.56,108.03,18772.0,4183.0,0.22,Bearish,0,8,20,0,15,13,13,"Weak but watchable RSI, Near 52W low with non-crashing RSI, Below 200 DMA risk"
29.08.2026 at 02:41 AM IST,RNBDENIMS,Unknown,Unknown,9.37,4.93,7.72,67.67,21.37,86.15,57.8,9.57,27.36,219366.8,284132.0,1.3,Bearish,0,20,8,5,20,13,13,"Healthy RSI momentum, Within 30% of 52W low, Normal volume support, Below 200 DMA risk, Very far from 52W high"
29.08.2026 at 02:41 AM IST,HEADSUP,Unknown,Unknown,6.87,6.35,5.69,12.95,20.74,46.95,50.7,6.89,7.81,22748.5,8022.0,0.35,Bearish,0,20,8,0,15,13,13,"Healthy RSI momentum, Within 30% of 52W low, Below 200 DMA risk"
29.08.2026 at 02:41 AM IST,INDIASHLTR,Unknown,Unknown,650.3,-1.32,640.0,956.14,1.61,31.99,33.83,738.72,769.62,151312.15,115418.0,0.76,Bearish,0,8,20,0,15,13,13,"Weak but watchable RSI, Near 52W low with non-crashing RSI, Below 200 DMA risk"
29.08.2026 at 02:41 AM IST,EASEMYTRIP,Unknown,Unknown,6.1,-0.65,5.77,10.6,5.72,42.45,35.83,6.76,7.31,19544820.2,5713718.0,0.29,Bearish,0,8,20,0,15,13,13,"Weak but watchable RSI, Near 52W low with non-crashing RSI, Below 200 DMA risk"
29.08.2026 at 02:41 AM IST,DUCON,Unknown,Unknown,2.17,-7.66,2.13,6.45,1.72,66.36,31.71,2.98,3.38,1113292.45,2072072.0,1.86,Bearish,0,8,20,10,25,13,13,"Weak but watchable RSI, Near 52W low with non-crashing RSI, Volume expansion, Below 200 DMA risk, Sharp daily fall, Very far from 52W high"
29.08.2026 at 02:41 AM IST,DRREDDY,Healthcare,Unknown,1177.0,-0.42,1101.0,1405.98,6.9,16.29,44.48,1228.44,1250.51,1748580.0,1044405.0,0.6,Bearish,0,8,20,0,15,13,13,"Weak but watchable RSI, Near 52W low with non-crashing RSI, Below 200 DMA risk"
29.08.2026 at 02:41 AM IST,INDIAMART,Consumer Services,Unknown,1755.4,0.2,1722.3,2581.36,1.92,32.0,41.13,1846.34,2032.94,112475.35,106982.0,0.95,Bearish,0,8,20,0,15,13,13,"Weak but watchable RSI, Near 52W low with non-crashing RSI, Below 200 DMA risk"
29.08.2026 at 02:41 AM IST,DCW,Unknown,Unknown,45.95,-1.77,37.11,77.95,23.82,41.05,50.77,46.93,49.69,1024757.95,609175.0,0.59,Bearish,0,20,8,0,15,13,13,"Healthy RSI momentum, Within 30% of 52W low, Below 200 DMA risk"
29.08.2026 at 02:41 AM IST,DBL,Unknown,Unknown,407.55,-1.53,381.55,585.0,6.81,30.33,39.72,428.99,443.03,380406.25,83249.0,0.22,Bearish,0,8,20,0,15,13,13,"Weak but watchable RSI, Near 52W low with non-crashing RSI, Below 200 DMA risk"
29.08.2026 at 02:41 AM IST,RALLIS,Unknown,Unknown,210.24,-1.72,207.53,367.2,1.31,42.74,37.97,221.76,245.92,707323.6,412837.0,0.58,Bearish,0,8,20,0,15,13,13,"Weak but watchable RSI, Near 52W low with non-crashing RSI, Below 200 DMA risk"
29.08.2026 at 02:41 AM IST,AJMERA,Unknown,Unknown,116.98,-0.75,98.03,221.4,19.33,47.16,39.9,126.58,142.96,341657.55,402148.0,1.18,Bearish,0,8,15,5,15,13,13,"Weak but watchable RSI, Close to 52W low with recovery potential, Normal volume support, Below 200 DMA risk"
29.08.2026 at 02:41 AM IST,AHLEAST,Unknown,Unknown,136.73,-1.39,127.25,175.3,7.45,22.0,38.75,144.28,148.16,2297.8,1870.0,0.81,Bearish,0,8,20,0,15,13,13,"Weak but watchable RSI, Near 52W low with non-crashing RSI, Below 200 DMA risk"
29.08.2026 at 02:41 AM IST,AGRITECH,Unknown,Unknown,101.11,-2.18,92.52,187.19,9.28,45.99,37.92,110.16,121.55,2794.45,2765.0,0.99,Bearish,0,8,20,0,15,13,13,"Weak but watchable RSI, Near 52W low with non-crashing RSI, Below 200 DMA risk"
29.08.2026 at 02:41 AM IST,FINPIPE,Unknown,Unknown,160.54,-0.53,147.54,222.5,8.81,27.85,44.8,166.96,173.24,538818.8,231761.0,0.43,Bearish,0,8,20,0,15,13,13,"Weak but watchable RSI, Near 52W low with non-crashing RSI, Below 200 DMA risk"
29.08.2026 at 02:41 AM IST,FIBERWEB,Unknown,Unknown,26.42,1.62,25.17,49.9,4.97,47.05,34.73,29.63,34.66,40964.2,12397.0,0.3,Bearish,0,8,20,0,15,13,13,"Weak but watchable RSI, Near 52W low with non-crashing RSI, Below 200 DMA risk"
29.08.2026 at 02:41 AM IST,TRANSRAILL,Unknown,Unknown,458.5,-0.81,447.37,818.09,2.49,43.95,38.69,489.69,528.0,319088.7,192951.0,0.6,Bearish,0,8,20,0,15,13,13,"Weak but watchable RSI, Near 52W low with non-crashing RSI, Below 200 DMA risk"
29.08.2026 at 02:41 AM IST,TOUCHWOOD,Unknown,Unknown,61.0,-2.63,60.01,128.0,1.65,52.34,35.24,67.12,80.71,2767.2,2552.0,0.92,Bearish,0,8,20,0,15,13,13,"Weak but watchable RSI, Near 52W low with non-crashing RSI, Below 200 DMA risk"
29.08.2026 at 02:41 AM IST,AKI,Unknown,Unknown,4.2,0.96,3.8,10.48,10.53,59.92,44.14,4.46,5.5,230067.4,244846.0,1.06,Bearish,0,8,15,5,15,13,13,"Weak but watchable RSI, Close to 52W low with recovery potential, Normal volume support, Below 200 DMA risk"
29.08.2026 at 02:41 AM IST,AKASH,Unknown,Unknown,24.31,-1.3,22.8,36.0,6.62,32.47,30.35,26.36,26.13,8602.4,1980.0,0.23,Bearish,0,8,20,0,15,13,13,"Weak but watchable RSI, Near 52W low with non-crashing RSI, Below 200 DMA risk"
29.08.2026 at 02:41 AM IST,NTPCGREEN,Power,Unknown,90.99,-0.31,84.0,119.95,8.32,24.14,40.99,93.1,95.92,2229756.65,1161327.0,0.52,Bearish,0,8,20,0,15,13,13,"Weak but watchable RSI, Near 52W low with non-crashing RSI, Below 200 DMA risk"
29.08.2026 at 02:41 AM IST,IEX,Financial Services,Unknown,122.0,0.0,112.82,155.9,8.14,21.74,40.85,124.62,126.95,3265056.5,2063529.0,0.63,Bearish,0,8,20,0,15,13,13,"Weak but watchable RSI, Near 52W low with non-crashing RSI, Below 200 DMA risk"
29.08.2026 at 02:41 AM IST,ICRA,Unknown,Unknown,4832.5,-1.53,4692.0,6839.02,2.99,29.34,41.1,5064.33,5449.86,43134.6,26070.0,0.6,Bearish,0,8,20,0,15,13,13,"Weak but watchable RSI, Near 52W low with non-crashing RSI, Below 200 DMA risk"
29.08.2026 at 02:41 AM IST,KEC,Construction,Unknown,421.4,-2.03,418.0,927.0,0.81,54.54,32.54,476.41,571.65,1143120.5,786288.0,0.69,Bearish,0,8,20,0,15,13,13,"Weak but watchable RSI, Near 52W low with non-crashing RSI, Below 200 DMA risk"
29.08.2026 at 02:41 AM IST,INDIACEM,Construction Materials,Unknown,369.05,-0.75,342.35,485.8,7.8,24.03,39.09,384.95,404.01,122962.2,34132.0,0.28,Bearish,0,8,20,0,15,13,13,"Weak but watchable RSI, Near 52W low with non-crashing RSI, Below 200 DMA risk"
29.08.2026 at 02:41 AM IST,PRAKASHSTL,Unknown,Unknown,3.88,0.26,3.82,6.57,1.57,40.94,35.66,4.08,4.43,101785.6,96363.0,0.95,Bearish,0,8,20,0,15,13,13,"Weak but watchable RSI, Near 52W low with non-crashing RSI, Below 200 DMA risk"
29.08.2026 at 02:41 AM IST,KPITTECH,Information Technology,Unknown,588.0,-0.34,538.45,1313.89,9.2,55.25,43.91,605.84,834.37,1833301.65,1063360.0,0.58,Bearish,0,8,20,0,15,13,13,"Weak but watchable RSI, Near 52W low with non-crashing RSI, Below 200 DMA risk"
29.08.2026 at 02:41 AM IST,KPIGREEN,Unknown,Unknown,316.65,-1.66,301.2,541.7,5.13,41.54,30.49,375.57,409.57,1654012.45,294592.0,0.18,Bearish,0,8,20,0,15,13,13,"Weak but watchable RSI, Near 52W low with non-crashing RSI, Below 200 DMA risk"
29.08.2026 at 02:41 AM IST,LOTUSEYE,Unknown,Unknown,112.63,0.91,97.59,147.0,15.41,23.38,39.11,119.64,116.0,11409.85,13355.0,1.17,Bearish,0,8,15,5,15,13,13,"Weak but watchable RSI, Close to 52W low with recovery potential, Normal volume support, Below 200 DMA risk"
29.08.2026 at 02:41 AM IST,IOB,Financial Services,Unknown,32.9,-0.6,31.2,41.8,5.45,21.29,37.79,34.02,34.83,2164280.05,1798508.0,0.83,Bearish,0,8,20,0,15,13,13,"Weak but watchable RSI, Near 52W low with non-crashing RSI, Below 200 DMA risk"
29.08.2026 at 02:41 AM IST,INTLCONV,Unknown,Unknown,76.92,0.26,60.0,114.54,28.2,32.84,52.27,77.6,79.91,63985.95,30038.0,0.47,Bearish,0,20,8,0,15,13,13,"Healthy RSI momentum, Within 30% of 52W low, Below 200 DMA risk"
29.08.2026 at 02:41 AM IST,SHREECEM,Construction Materials,Unknown,24480.0,-1.55,22491.54,30583.61,8.84,19.96,39.46,25872.1,25620.49,32812.5,11780.0,0.36,Bearish,0,8,20,0,15,13,13,"Weak but watchable RSI, Near 52W low with non-crashing RSI, Below 200 DMA risk"
29.08.2026 at 02:41 AM IST,AURIONPRO,Unknown,Unknown,688.0,-1.81,680.15,1343.93,1.15,48.81,32.49,795.21,896.7,180130.45,178058.0,0.99,Bearish,0,8,20,0,15,13,13,"Weak but watchable RSI, Near 52W low with non-crashing RSI, Below 200 DMA risk"
29.08.2026 at 02:41 AM IST,DONEAR,Unknown,Unknown,84.46,0.25,77.6,116.51,8.84,27.51,43.42,86.11,90.57,22324.0,7674.0,0.34,Bearish,0,8,20,0,15,13,13,"Weak but watchable RSI, Near 52W low with non-crashing RSI, Below 200 DMA risk"
29.08.2026 at 02:41 AM IST,GANGAFORGE,Unknown,Unknown,1.69,-4.52,1.59,4.15,6.29,59.28,33.73,2.06,2.74,9856325.5,1953251.0,0.2,Bearish,0,8,20,0,15,13,13,"Weak but watchable RSI, Near 52W low with non-crashing RSI, Below 200 DMA risk"
29.08.2026 at 02:41 AM IST,VESUVIUS,Unknown,Unknown,422.4,-0.12,420.35,606.13,0.49,30.31,35.99,454.51,474.42,74902.4,59366.0,0.79,Bearish,0,8,20,0,15,13,13,"Weak but watchable RSI, Near 52W low with non-crashing RSI, Below 200 DMA risk"
29.08.2026 at 02:41 AM IST,TRF,Unknown,Unknown,229.22,-0.31,215.5,405.0,6.37,43.4,44.66,235.42,259.61,19744.65,4991.0,0.25,Bearish,0,8,20,0,15,13,13,"Weak but watchable RSI, Near 52W low with non-crashing RSI, Below 200 DMA risk"
29.08.2026 at 02:41 AM IST,GLOBALE,Unknown,Unknown,11.24,-2.18,9.2,15.4,22.17,27.01,50.38,11.36,11.91,4356.75,837.0,0.19,Bearish,0,20,8,0,15,13,13,"Healthy RSI momentum, Within 30% of 52W low, Below 200 DMA risk"
29.08.2026 at 02:41 AM IST,FLAIR,Unknown,Unknown,247.95,-0.92,242.42,347.55,2.28,28.66,42.16,257.06,293.56,153073.6,33840.0,0.22,Bearish,0,8,20,0,15,13,13,"Weak but watchable RSI, Near 52W low with non-crashing RSI, Below 200 DMA risk"
29.08.2026 at 02:41 AM IST,BRNL,Unknown,Unknown,17.29,-0.06,16.66,26.5,3.78,34.75,40.62,17.86,20.13,23094.85,18991.0,0.82,Bearish,0,8,20,0,15,13,13,"Weak but watchable RSI, Near 52W low with non-crashing RSI, Below 200 DMA risk"
29.08.2026 at 02:41 AM IST,HMAAGRO,Unknown,Unknown,20.9,-0.29,20.0,34.24,4.5,38.96,41.86,21.75,25.11,3167155.7,2987601.0,0.94,Bearish,0,8,20,0,15,13,13,"Weak but watchable RSI, Near 52W low with non-crashing RSI, Below 200 DMA risk"
29.08.2026 at 02:41 AM IST,UNIECOM,Unknown,Unknown,84.0,-1.64,78.51,155.8,6.99,46.08,43.29,86.87,99.75,477189.1,147802.0,0.31,Bearish,0,8,20,0,15,13,13,"Weak but watchable RSI, Near 52W low with non-crashing RSI, Below 200 DMA risk"
29.08.2026 at 02:41 AM IST,UGROCAP,Unknown,Unknown,87.22,0.2,80.12,192.5,8.86,54.69,33.13,94.94,120.95,587726.45,78155.0,0.13,Bearish,0,8,20,0,15,13,13,"Weak but watchable RSI, Near 52W low with non-crashing RSI, Below 200 DMA risk"
29.08.2026 at 02:41 AM IST,SHARDACROP,Unknown,Unknown,793.05,-0.35,743.43,1282.81,6.67,38.18,43.96,844.44,926.42,198987.2,190071.0,0.96,Bearish,0,8,20,0,15,13,13,"Weak but watchable RSI, Near 52W low with non-crashing RSI, Below 200 DMA risk"
29.08.2026 at 02:41 AM IST,MAANALU,Unknown,Unknown,116.68,-1.93,100.0,184.74,16.68,36.84,40.48,121.19,137.68,59035.2,61592.0,1.04,Bearish,0,8,15,5,15,13,13,"Weak but watchable RSI, Close to 52W low with recovery potential, Normal volume support, Below 200 DMA risk"
29.08.2026 at 02:41 AM IST,EUROBOND,Unknown,Unknown,151.24,-2.76,126.3,253.9,19.75,40.43,36.37,163.69,172.35,8918.65,10287.0,1.15,Bearish,0,8,15,5,15,13,13,"Weak but watchable RSI, Close to 52W low with recovery potential, Normal volume support, Below 200 DMA risk"
29.08.2026 at 02:41 AM IST,ASALCBR,Unknown,Unknown,716.4,-1.59,660.65,1277.0,8.44,43.9,36.3,791.48,847.26,30477.75,13921.0,0.46,Bearish,0,8,20,0,15,13,13,"Weak but watchable RSI, Near 52W low with non-crashing RSI, Below 200 DMA risk"
29.08.2026 at 02:41 AM IST,ARVINDFASN,Unknown,Unknown,449.4,1.33,364.92,576.98,23.15,22.11,50.3,458.63,461.04,223713.8,137480.0,0.61,Bearish,0,20,8,0,15,13,13,"Healthy RSI momentum, Within 30% of 52W low, Below 200 DMA risk"
29.08.2026 at 02:41 AM IST,SPMLINFRA,Unknown,Unknown,180.0,-3.59,151.01,302.0,19.2,40.4,36.49,195.49,189.78,187287.15,203111.0,1.08,Bearish,0,8,15,5,15,13,13,"Weak but watchable RSI, Close to 52W low with recovery potential, Normal volume support, Below 200 DMA risk"
29.08.2026 at 02:41 AM IST,GREENPOWER,Unknown,Unknown,9.41,-1.26,7.98,14.93,17.92,36.97,35.22,10.05,10.78,1796336.6,2260892.0,1.26,Bearish,0,8,15,5,15,13,13,"Weak but watchable RSI, Close to 52W low with recovery potential, Normal volume support, Below 200 DMA risk"
29.08.2026 at 02:41 AM IST,INTERARCH,Unknown,Unknown,1685.6,-0.33,1600.0,2762.6,5.35,38.99,36.49,1810.27,1985.28,64856.1,29383.0,0.45,Bearish,0,8,20,0,15,13,13,"Weak but watchable RSI, Near 52W low with non-crashing RSI, Below 200 DMA risk"
29.08.2026 at 02:41 AM IST,INOXWIND,Capital Goods,Unknown,72.0,-1.64,71.41,159.3,0.83,54.8,35.52,80.18,98.68,13021264.65,12554597.0,0.96,Bearish,0,8,20,0,15,13,13,"Weak but watchable RSI, Near 52W low with non-crashing RSI, Below 200 DMA risk"
29.08.2026 at 02:41 AM IST,REGENCERAM,Unknown,Unknown,33.0,0.0,30.0,54.99,10.0,39.99,43.07,36.84,42.51,29761.45,3706.0,0.12,Bearish,0,8,20,0,15,13,13,"Weak but watchable RSI, Near 52W low with non-crashing RSI, Below 200 DMA risk"
29.08.2026 at 02:41 AM IST,SHREYANIND,Unknown,Unknown,124.61,-0.3,120.7,244.59,3.24,49.05,34.13,135.54,154.44,6935.7,5612.0,0.81,Bearish,0,8,20,0,15,13,13,"Weak but watchable RSI, Near 52W low with non-crashing RSI, Below 200 DMA risk"
29.08.2026 at 02:41 AM IST,CUBEXTUB,Unknown,Unknown,76.43,-1.85,73.1,143.69,4.56,46.81,39.12,80.18,93.1,49914.8,34198.0,0.69,Bearish,0,8,20,0,15,13,13,"Weak but watchable RSI, Near 52W low with non-crashing RSI, Below 200 DMA risk"
29.08.2026 at 02:41 AM IST,CROWN,Unknown,Unknown,105.1,-0.17,100.62,191.0,4.45,44.97,38.82,111.4,122.49,8259.0,1076.0,0.13,Bearish,0,8,20,0,15,13,13,"Weak but watchable RSI, Near 52W low with non-crashing RSI, Below 200 DMA risk"
29.08.2026 at 02:41 AM IST,IRCTC,Consumer Services,Unknown,487.55,-0.85,481.0,729.66,1.36,33.18,41.35,502.33,570.74,991605.3,581723.0,0.59,Bearish,0,8,20,0,15,13,13,"Weak but watchable RSI, Near 52W low with non-crashing RSI, Below 200 DMA risk"
29.08.2026 at 02:41 AM IST,RIIL,Unknown,Unknown,758.9,-0.47,614.55,960.53,23.49,20.99,50.42,776.76,766.0,99169.5,31756.0,0.32,Bearish,0,20,8,0,15,13,13,"Healthy RSI momentum, Within 30% of 52W low, Below 200 DMA risk"
29.08.2026 at 02:41 AM IST,RHL,Unknown,Unknown,166.54,-1.89,160.98,309.9,3.45,46.26,43.9,173.06,186.04,2976.4,1991.0,0.67,Bearish,0,8,20,0,15,13,13,"Weak but watchable RSI, Near 52W low with non-crashing RSI, Below 200 DMA risk"
29.08.2026 at 02:41 AM IST,RHETAN,Unknown,Unknown,21.23,-3.24,20.32,34.87,4.48,39.12,33.93,27.08,26.28,17994439.8,13706911.0,0.76,Bearish,0,8,20,0,15,13,13,"Weak but watchable RSI, Near 52W low with non-crashing RSI, Below 200 DMA risk"
29.08.2026 at 02:41 AM IST,BAYERCROP,Chemicals,Unknown,4067.9,-0.52,3974.17,5305.22,2.36,23.32,42.96,4129.87,4386.75,21413.8,15932.0,0.74,Bearish,0,8,20,0,15,13,13,"Weak but watchable RSI, Near 52W low with non-crashing RSI, Below 200 DMA risk"
29.08.2026 at 02:41 AM IST,UBL,Fast Moving Consumer Goods,Unknown,1346.6,-0.52,1266.98,1868.7,6.28,27.94,41.34,1363.63,1483.9,97674.7,29122.0,0.3,Bearish,0,8,20,0,15,13,13,"Weak but watchable RSI, Near 52W low with non-crashing RSI, Below 200 DMA risk"
29.08.2026 at 02:41 AM IST,JSL,Metals & Mining,Unknown,705.0,-1.12,649.53,879.22,8.54,19.82,42.3,714.71,746.15,370153.8,276256.0,0.75,Bearish,0,8,20,0,15,13,13,"Weak but watchable RSI, Near 52W low with non-crashing RSI, Below 200 DMA risk"
29.08.2026 at 02:41 AM IST,JKLAKSHMI,Unknown,Unknown,544.2,-1.03,540.45,978.64,0.69,44.39,36.84,568.24,658.58,311108.9,107723.0,0.35,Bearish,0,8,20,0,15,13,13,"Weak but watchable RSI, Near 52W low with non-crashing RSI, Below 200 DMA risk"
29.08.2026 at 02:41 AM IST,JAIPURKURT,Unknown,Unknown,26.33,-1.16,24.4,42.74,7.91,38.39,42.52,27.48,31.06,41993.65,8925.0,0.21,Bearish,0,8,20,0,15,13,13,"Weak but watchable RSI, Near 52W low with non-crashing RSI, Below 200 DMA risk"
29.08.2026 at 02:41 AM IST,CAMLINFINE,Unknown,Unknown,102.94,-3.41,96.21,235.0,7.0,56.2,33.43,124.18,134.92,1694773.55,826195.0,0.49,Bearish,0,8,20,0,15,13,13,"Weak but watchable RSI, Near 52W low with non-crashing RSI, Below 200 DMA risk"
29.08.2026 at 02:41 AM IST,BSOFT,Information Technology,Unknown,287.95,-1.91,266.27,467.1,8.14,38.35,36.8,297.92,357.83,1145580.7,816795.0,0.71,Bearish,0,8,20,0,15,13,13,"Weak but watchable RSI, Near 52W low with non-crashing RSI, Below 200 DMA risk"
29.08.2026 at 02:41 AM IST,JAINREC,Metals & Mining,Unknown,285.05,-1.4,283.1,593.95,0.69,52.01,32.96,330.01,392.12,1856970.0,746344.0,0.4,Bearish,0,8,20,0,15,13,13,"Weak but watchable RSI, Near 52W low with non-crashing RSI, Below 200 DMA risk"
29.08.2026 at 02:41 AM IST,REMSONSIND,Unknown,Unknown,80.46,-0.78,75.23,152.11,6.95,47.1,41.22,82.77,101.4,100502.9,46303.0,0.46,Bearish,0,8,20,0,15,13,13,"Weak but watchable RSI, Near 52W low with non-crashing RSI, Below 200 DMA risk"
29.08.2026 at 02:41 AM IST,RELCHEMQ,Unknown,Unknown,113.36,-0.73,105.01,171.35,7.95,33.84,31.27,127.13,127.49,4721.7,821.0,0.17,Bearish,0,8,20,0,15,13,13,"Weak but watchable RSI, Near 52W low with non-crashing RSI, Below 200 DMA risk"
29.08.2026 at 02:41 AM IST,VENTIVE,Unknown,Unknown,583.5,-1.87,542.6,793.95,7.54,26.51,41.69,614.84,667.66,27790.85,19764.0,0.71,Bearish,0,8,20,0,15,13,13,"Weak but watchable RSI, Near 52W low with non-crashing RSI, Below 200 DMA risk"
29.08.2026 at 02:41 AM IST,VASWANI,Unknown,Unknown,48.42,0.25,44.5,69.99,8.81,30.82,41.93,52.34,55.68,35465.5,32341.0,0.91,Bearish,0,8,20,0,15,13,13,"Weak but watchable RSI, Near 52W low with non-crashing RSI, Below 200 DMA risk"
29.08.2026 at 02:41 AM IST,IGL,Oil Gas & Consumable Fuels,Unknown,147.17,-1.04,141.74,219.29,3.83,32.89,38.04,154.6,167.46,1979546.75,1043160.0,0.53,Bearish,0,8,20,0,15,13,13,"Weak but watchable RSI, Near 52W low with non-crashing RSI, Below 200 DMA risk"
29.08.2026 at 02:41 AM IST,NHPC,Power,Unknown,76.55,0.41,71.42,87.4,7.18,12.41,44.09,78.34,77.44,8877141.05,7001214.0,0.79,Bearish,0,8,20,0,15,13,13,"Weak but watchable RSI, Near 52W low with non-crashing RSI, Below 200 DMA risk"
29.08.2026 at 02:41 AM IST,NEXTMEDIA,Unknown,Unknown,3.85,7.54,3.16,8.48,21.84,54.6,49.83,3.92,4.83,12619.5,21424.0,1.7,Bearish,0,10,8,10,15,13,13,"RSI recovering zone, Within 30% of 52W low, Volume expansion, Below 200 DMA risk"
29.08.2026 at 02:41 AM IST,BANKBARODA,Financial Services,Unknown,241.0,-0.62,223.58,315.3,7.79,23.57,41.27,252.18,269.98,7655064.3,4454374.0,0.58,Bearish,0,8,20,0,15,13,13,"Weak but watchable RSI, Near 52W low with non-crashing RSI, Below 200 DMA risk"
29.08.2026 at 02:41 AM IST,RAMKY,Unknown,Unknown,362.75,-0.94,360.0,705.0,0.76,48.55,30.18,391.98,473.71,40350.2,36363.0,0.9,Bearish,0,8,20,0,15,13,13,"Weak but watchable RSI, Near 52W low with non-crashing RSI, Below 200 DMA risk"
29.08.2026 at 02:41 AM IST,ABBOTINDIA,Healthcare,Unknown,26350.0,-0.77,24574.94,32025.59,7.22,17.72,39.35,26729.28,26666.68,9189.1,4712.0,0.51,Bearish,0,8,20,0,15,13,13,"Weak but watchable RSI, Near 52W low with non-crashing RSI, Below 200 DMA risk"
29.08.2026 at 02:41 AM IST,VOLTAS,Consumer Durables,Unknown,1217.5,0.04,1183.08,1577.54,2.91,22.82,36.06,1297.9,1355.94,966778.0,760364.0,0.79,Bearish,0,8,20,0,15,13,13,"Weak but watchable RSI, Near 52W low with non-crashing RSI, Below 200 DMA risk"
29.08.2026 at 02:41 AM IST,NCLIND,Unknown,Unknown,178.61,-1.78,147.5,216.55,21.09,17.52,51.74,182.85,184.79,73646.35,38756.0,0.53,Bearish,0,20,8,0,15,13,13,"Healthy RSI momentum, Within 30% of 52W low, Below 200 DMA risk"
29.08.2026 at 02:41 AM IST,NATCOPHARM,Healthcare,Unknown,857.6,-0.67,784.91,1224.73,9.26,29.98,34.13,920.21,946.72,480875.85,279220.0,0.58,Bearish,0,8,20,0,15,13,13,"Weak but watchable RSI, Near 52W low with non-crashing RSI, Below 200 DMA risk"
29.08.2026 at 02:41 AM IST,VINNY,Unknown,Unknown,1.04,-1.89,0.94,1.53,10.64,32.03,40.17,1.08,1.15,292906.2,336724.0,1.15,Bearish,0,8,15,5,15,13,13,"Weak but watchable RSI, Close to 52W low with recovery potential, Normal volume support, Below 200 DMA risk"
29.08.2026 at 02:41 AM IST,LGHL,Unknown,Unknown,179.9,2.16,168.0,399.58,7.08,54.98,36.64,204.37,251.31,15998.05,9254.0,0.58,Bearish,0,8,20,0,15,13,13,"Weak but watchable RSI, Near 52W low with non-crashing RSI, Below 200 DMA risk"
29.08.2026 at 02:41 AM IST,AAVAS,Financial Services,Unknown,1269.4,-1.28,1060.4,1771.9,19.71,28.36,28.44,1430.95,1393.41,95278.75,349968.0,3.67,Bearish,0,5,8,15,15,13,13,"Oversold RSI, Within 30% of 52W low, Strong volume expansion, Below 200 DMA risk"
29.08.2026 at 02:41 AM IST,LEMONTREE,Consumer Services,Unknown,107.69,-0.97,99.61,180.68,8.11,40.4,39.55,113.03,124.81,2838508.2,2259074.0,0.8,Bearish,0,8,20,0,15,13,13,"Weak but watchable RSI, Near 52W low with non-crashing RSI, Below 200 DMA risk"
29.08.2026 at 02:41 AM IST,ADVANIHOTR,Unknown,Unknown,49.92,0.08,46.3,63.41,7.81,21.27,43.64,51.73,53.13,34998.75,8560.0,0.24,Bearish,0,8,20,0,15,13,13,"Weak but watchable RSI, Near 52W low with non-crashing RSI, Below 200 DMA risk"
29.08.2026 at 02:41 AM IST,SAMBHAAV,Unknown,Unknown,6.09,-2.4,5.07,11.53,20.12,47.18,39.97,6.35,7.4,39552.75,64358.0,1.63,Bearish,0,8,8,10,15,11,11,"Weak but watchable RSI, Within 30% of 52W low, Volume expansion, Below 200 DMA risk"
29.08.2026 at 02:41 AM IST,SRM,Unknown,Unknown,446.25,-3.51,361.35,649.95,23.5,31.34,31.2,498.12,490.22,97720.45,134211.0,1.37,Bearish,0,8,8,10,15,11,11,"Weak but watchable RSI, Within 30% of 52W low, Volume expansion, Below 200 DMA risk"
29.08.2026 at 02:41 AM IST,SRHHYPOLTD,Unknown,Unknown,468.75,-0.47,382.4,636.84,22.58,26.39,36.87,489.21,488.95,10780.15,17832.0,1.65,Bearish,0,8,8,10,15,11,11,"Weak but watchable RSI, Within 30% of 52W low, Volume expansion, Below 200 DMA risk"
29.08.2026 at 02:41 AM IST,UNIINFO,Unknown,Unknown,10.97,0.37,9.36,20.7,17.2,47.0,30.63,11.98,13.46,3716.9,4881.0,1.31,Bearish,0,8,8,10,15,11,11,"Weak but watchable RSI, Within 30% of 52W low, Volume expansion, Below 200 DMA risk"
29.08.2026 at 02:41 AM IST,SAMHI,Unknown,Unknown,157.55,-0.97,127.0,222.0,24.06,29.03,35.25,171.25,168.1,908578.95,1226286.0,1.35,Bearish,0,8,8,10,15,11,11,"Weak but watchable RSI, Within 30% of 52W low, Volume expansion, Below 200 DMA risk"
29.08.2026 at 02:41 AM IST,HCL-INSYS,Unknown,Unknown,10.81,-0.55,9.01,16.5,19.98,34.48,33.03,11.67,12.54,203210.6,284335.0,1.4,Bearish,0,8,8,10,15,11,11,"Weak but watchable RSI, Within 30% of 52W low, Volume expansion, Below 200 DMA risk"
29.08.2026 at 02:41 AM IST,DBREALTY,Unknown,Unknown,106.85,0.48,83.5,184.8,27.96,42.18,42.47,113.02,114.31,871083.25,1335069.0,1.53,Bearish,0,8,8,10,15,11,11,"Weak but watchable RSI, Within 30% of 52W low, Volume expansion, Below 200 DMA risk"
29.08.2026 at 02:41 AM IST,BHARATWIRE,Unknown,Unknown,187.64,0.85,148.01,262.0,26.78,28.38,42.35,200.73,191.78,140417.1,187858.0,1.34,Bearish,0,8,8,10,15,11,11,"Weak but watchable RSI, Within 30% of 52W low, Volume expansion, Below 200 DMA risk"
29.08.2026 at 02:41 AM IST,ALLTIME,Unknown,Unknown,206.36,0.09,186.0,317.4,10.95,34.98,34.99,228.02,239.04,80886.65,114814.0,1.42,Bearish,0,8,8,10,15,11,11,"Weak but watchable RSI, Within 30% of 52W low, Volume expansion, Below 200 DMA risk"
29.08.2026 at 02:41 AM IST,PARKHOTELS,Unknown,Unknown,112.11,-1.35,95.1,163.59,17.89,31.47,31.19,121.91,123.77,142954.45,214064.0,1.5,Bearish,0,8,8,10,15,11,11,"Weak but watchable RSI, Within 30% of 52W low, Volume expansion, Below 200 DMA risk"
29.08.2026 at 02:41 AM IST,PEARLPOLY,Unknown,Unknown,15.18,-2.19,12.75,35.02,19.06,56.65,32.67,17.31,19.39,8853.1,14297.0,1.61,Bearish,0,8,8,10,15,11,11,"Weak but watchable RSI, Within 30% of 52W low, Volume expansion, Below 200 DMA risk"
29.08.2026 at 02:41 AM IST,VIKRAMSOLR,Unknown,Unknown,172.01,0.09,155.38,407.95,10.7,57.84,47.18,181.12,210.15,7099421.0,2177845.0,0.31,Bearish,0,10,15,0,15,10,10,"RSI recovering zone, Close to 52W low with recovery potential, Below 200 DMA risk"
29.08.2026 at 02:41 AM IST,ADL,Unknown,Unknown,70.91,-2.15,50.26,109.9,41.09,35.48,48.28,70.9,72.79,1174.8,369.0,0.31,Bullish,15,10,0,0,15,10,10,"Above 50 DMA, RSI recovering zone, Below 200 DMA risk"
29.08.2026 at 02:41 AM IST,SRF,Chemicals,Unknown,2605.0,0.85,2350.53,3198.01,10.83,18.54,45.94,2689.42,2726.52,281749.55,225304.0,0.8,Bearish,0,10,15,0,15,10,10,"RSI recovering zone, Close to 52W low with recovery potential, Below 200 DMA risk"
29.08.2026 at 02:41 AM IST,PWL,Consumer Services,Unknown,124.09,-1.62,77.72,161.99,59.66,23.4,49.17,129.01,,14562486.45,8276711.0,0.57,Bearish,0,10,0,0,0,10,10,RSI recovering zone
29.08.2026 at 02:41 AM IST,BESTAGRO,Unknown,Unknown,17.47,-2.13,12.3,34.4,42.03,49.22,45.15,16.96,19.09,5295488.55,408422.0,0.08,Bullish,15,10,0,0,15,10,10,"Above 50 DMA, RSI recovering zone, Below 200 DMA risk"
29.08.2026 at 02:41 AM IST,MAGNUM,Unknown,Unknown,19.25,0.31,16.25,30.25,18.46,36.36,47.43,19.42,20.93,27126.25,19375.0,0.71,Bearish,0,10,15,0,15,10,10,"RSI recovering zone, Close to 52W low with recovery potential, Below 200 DMA risk"
29.08.2026 at 02:41 AM IST,FSL,Services,Unknown,268.5,-0.57,202.0,371.59,32.92,27.74,46.08,265.97,272.15,3701977.0,502488.0,0.14,Bullish,15,10,0,0,15,10,10,"Above 50 DMA, RSI recovering zone, Below 200 DMA risk"
29.08.2026 at 02:41 AM IST,WSI,Unknown,Unknown,60.2,-0.89,53.8,95.0,11.9,36.63,46.17,62.62,72.35,61548.7,18658.0,0.3,Bearish,0,10,15,0,15,10,10,"RSI recovering zone, Close to 52W low with recovery potential, Below 200 DMA risk"
29.08.2026 at 02:41 AM IST,SHAH,Unknown,Unknown,3.78,19.62,2.56,5.88,47.66,35.71,47.39,4.22,4.69,12545034.2,43893037.0,3.5,Bearish,0,10,0,15,15,10,10,"RSI recovering zone, Strong volume expansion, Below 200 DMA risk"
29.08.2026 at 02:41 AM IST,PROSTARM,Unknown,Unknown,132.52,-2.47,114.64,237.0,15.6,44.08,45.74,133.96,149.25,342232.6,124540.0,0.36,Bearish,0,10,15,0,15,10,10,"RSI recovering zone, Close to 52W low with recovery potential, Below 200 DMA risk"
29.08.2026 at 02:41 AM IST,RETAIL,Unknown,Unknown,17.11,-3.93,15.81,43.79,8.22,60.93,46.89,17.55,21.72,5421.65,1927.0,0.36,Bearish,0,10,20,0,20,10,10,"RSI recovering zone, Near 52W low with non-crashing RSI, Below 200 DMA risk, Very far from 52W high"
29.08.2026 at 02:41 AM IST,PRIMESECU,Unknown,Unknown,279.9,-1.37,244.5,325.0,14.48,13.88,47.73,283.89,283.81,43759.25,5727.0,0.13,Bearish,0,10,15,0,15,10,10,"RSI recovering zone, Close to 52W low with recovery potential, Below 200 DMA risk"
29.08.2026 at 02:41 AM IST,PRAKASH,Unknown,Unknown,127.31,-2.02,110.24,177.0,15.48,28.07,47.16,130.36,134.3,603235.75,241618.0,0.4,Bearish,0,10,15,0,15,10,10,"RSI recovering zone, Close to 52W low with recovery potential, Below 200 DMA risk"
29.08.2026 at 02:41 AM IST,PRAENG,Unknown,Unknown,19.76,1.65,17.0,33.88,16.24,41.68,49.66,20.12,22.82,38398.5,11024.0,0.29,Bearish,0,10,15,0,15,10,10,"RSI recovering zone, Close to 52W low with recovery potential, Below 200 DMA risk"
29.08.2026 at 02:41 AM IST,STARTECK,Unknown,Unknown,256.65,-0.14,215.1,349.95,19.32,26.66,46.5,268.41,267.38,7496.75,7241.0,0.97,Bearish,0,10,15,0,15,10,10,"RSI recovering zone, Close to 52W low with recovery potential, Below 200 DMA risk"
29.08.2026 at 02:41 AM IST,RAJPALAYAM,Unknown,Unknown,810.0,-2.04,314.26,874.46,157.75,7.37,46.02,824.32,,1557.1,385.0,0.25,Bearish,0,10,0,0,0,10,10,RSI recovering zone
29.08.2026 at 02:41 AM IST,GUJAPOLLO,Unknown,Unknown,351.5,-0.07,300.5,537.63,16.97,34.62,47.97,356.25,397.58,8448.3,3912.0,0.46,Bearish,0,10,15,0,15,10,10,"RSI recovering zone, Close to 52W low with recovery potential, Below 200 DMA risk"
29.08.2026 at 02:41 AM IST,HAVISHA,Unknown,Unknown,1.35,-2.88,1.03,2.42,31.07,44.21,48.92,1.3,1.55,91461.1,30752.0,0.34,Bullish,15,10,0,0,15,10,10,"Above 50 DMA, RSI recovering zone, Below 200 DMA risk"
29.08.2026 at 02:41 AM IST,SUNDROP,Unknown,Unknown,655.45,-0.8,556.0,897.6,17.89,26.98,48.37,655.71,665.9,31023.35,19400.0,0.63,Bearish,0,10,15,0,15,10,10,"RSI recovering zone, Close to 52W low with recovery potential, Below 200 DMA risk"
29.08.2026 at 02:41 AM IST,SOMICONVEY,Unknown,Unknown,91.28,-0.62,80.16,169.4,13.87,46.12,46.01,97.17,108.88,64480.95,44147.0,0.68,Bearish,0,10,15,0,15,10,10,"RSI recovering zone, Close to 52W low with recovery potential, Below 200 DMA risk"
29.08.2026 at 02:41 AM IST,SHILCTECH,Unknown,Unknown,4045.8,2.48,2844.56,5383.98,42.23,24.85,45.1,4337.3,,38987.45,36592.0,0.94,Bearish,0,10,0,0,0,10,10,RSI recovering zone
29.08.2026 at 02:41 AM IST,KOKUYOCMLN,Unknown,Unknown,81.21,1.6,70.8,127.55,14.71,36.33,45.34,85.21,86.4,61507.35,50733.0,0.82,Bearish,0,10,15,0,15,10,10,"RSI recovering zone, Close to 52W low with recovery potential, Below 200 DMA risk"
29.08.2026 at 02:41 AM IST,CREATIVEYE,Unknown,Unknown,6.06,-4.11,5.41,8.83,12.01,31.37,46.23,6.2,6.69,13365.7,12735.0,0.95,Bearish,0,10,15,0,15,10,10,"RSI recovering zone, Close to 52W low with recovery potential, Below 200 DMA risk"
29.08.2026 at 02:41 AM IST,BATLIBOI,Unknown,Unknown,85.03,-2.07,15.59,106.5,445.57,20.16,48.01,85.22,,138479.3,25630.0,0.19,Bearish,0,10,0,0,0,10,10,RSI recovering zone
29.08.2026 at 02:41 AM IST,KEYFINSERV,Unknown,Unknown,255.0,-0.64,220.0,382.1,15.91,33.26,45.95,258.85,277.34,1305.75,33.0,0.03,Bearish,0,10,15,0,15,10,10,"RSI recovering zone, Close to 52W low with recovery potential, Below 200 DMA risk"
29.08.2026 at 02:41 AM IST,SUMIT,Unknown,Unknown,51.33,0.62,31.62,103.6,62.35,50.45,48.78,49.14,52.78,45272.8,44744.0,0.99,Bullish,15,10,0,0,15,10,10,"Above 50 DMA, RSI recovering zone, Below 200 DMA risk"
29.08.2026 at 02:41 AM IST,SUNCLAY,Unknown,Unknown,1272.2,0.34,1108.76,1934.95,14.74,34.25,47.91,1312.5,1309.71,6064.9,1101.0,0.18,Bearish,0,10,15,0,15,10,10,"RSI recovering zone, Close to 52W low with recovery potential, Below 200 DMA risk"
29.08.2026 at 02:41 AM IST,SUNDARAM,Unknown,Unknown,1.23,0.0,1.03,2.2,19.42,44.09,49.37,1.26,1.48,1066744.45,194576.0,0.18,Bearish,0,10,15,0,15,10,10,"RSI recovering zone, Close to 52W low with recovery potential, Below 200 DMA risk"
29.08.2026 at 02:41 AM IST,HILINFRA,Unknown,Unknown,45.29,-0.07,40.6,98.68,11.55,54.1,47.91,45.69,52.29,74377.95,52520.0,0.71,Bearish,0,10,15,0,15,10,10,"RSI recovering zone, Close to 52W low with recovery potential, Below 200 DMA risk"
29.08.2026 at 02:41 AM IST,MEDICO,Unknown,Unknown,43.31,2.63,30.22,56.88,43.32,23.86,48.6,42.34,44.99,459336.05,146929.0,0.32,Bullish,15,10,0,0,15,10,10,"Above 50 DMA, RSI recovering zone, Below 200 DMA risk"
29.08.2026 at 02:41 AM IST,GLOBE,Unknown,Unknown,2.05,0.49,1.86,3.29,10.22,37.69,49.49,2.12,2.47,535008.3,269894.0,0.5,Bearish,0,10,15,0,15,10,10,"RSI recovering zone, Close to 52W low with recovery potential, Below 200 DMA risk"
29.08.2026 at 02:41 AM IST,SURAJLTD,Unknown,Unknown,214.0,0.23,192.0,346.39,11.46,38.22,47.76,222.52,236.82,2204.15,33.0,0.01,Bearish,0,10,15,0,15,10,10,"RSI recovering zone, Close to 52W low with recovery potential, Below 200 DMA risk"
29.08.2026 at 02:41 AM IST,TECHNOE,Construction,Unknown,997.45,-0.68,870.0,1565.32,14.65,36.28,47.7,1027.98,1093.06,247447.45,66454.0,0.27,Bearish,0,10,15,0,15,10,10,"RSI recovering zone, Close to 52W low with recovery potential, Below 200 DMA risk"
29.08.2026 at 02:41 AM IST,GSFC,Unknown,Unknown,159.16,-0.57,138.83,215.43,14.64,26.12,46.62,160.51,168.84,869466.1,492991.0,0.57,Bearish,0,10,15,0,15,10,10,"RSI recovering zone, Close to 52W low with recovery potential, Below 200 DMA risk"
29.08.2026 at 02:41 AM IST,LAXMICOT,Unknown,Unknown,13.83,0.66,11.7,26.04,18.21,46.89,46.29,14.48,15.78,34875.6,9049.0,0.26,Bearish,0,10,15,0,15,10,10,"RSI recovering zone, Close to 52W low with recovery potential, Below 200 DMA risk"
29.08.2026 at 02:41 AM IST,KSR,Unknown,Unknown,28.58,-1.89,14.04,39.1,103.56,26.91,47.69,29.8,,26329.05,9317.0,0.35,Bearish,0,10,0,0,0,10,10,RSI recovering zone
29.08.2026 at 02:41 AM IST,KSCL,Unknown,Unknown,785.0,-0.03,705.1,1218.71,11.33,35.59,45.67,834.13,885.77,175685.05,103150.0,0.59,Bearish,0,10,15,0,15,10,10,"RSI recovering zone, Close to 52W low with recovery potential, Below 200 DMA risk"
29.08.2026 at 02:41 AM IST,ORICONENT,Unknown,Unknown,55.4,-2.21,48.81,73.12,13.5,24.23,49.98,55.48,60.91,108795.8,23280.0,0.21,Bearish,0,10,15,0,15,10,10,"RSI recovering zone, Close to 52W low with recovery potential, Below 200 DMA risk"
29.08.2026 at 02:41 AM IST,GODFRYPHLP,Fast Moving Consumer Goods,Unknown,2115.0,-1.78,1805.69,3868.28,17.13,45.32,46.45,2139.13,2247.97,411341.5,126205.0,0.31,Bearish,0,10,15,0,15,10,10,"RSI recovering zone, Close to 52W low with recovery potential, Below 200 DMA risk"
29.08.2026 at 02:41 AM IST,TEMBO,Unknown,Unknown,57.7,-1.2,43.33,83.55,33.15,30.94,47.61,57.22,59.51,2951985.6,759490.0,0.26,Bullish,15,10,0,0,15,10,10,"Above 50 DMA, RSI recovering zone, Below 200 DMA risk"
29.08.2026 at 02:41 AM IST,TIRUMALCHM,Unknown,Unknown,159.58,-0.86,143.5,328.8,11.21,51.47,47.05,166.49,195.46,657423.0,565736.0,0.86,Bearish,0,10,15,0,15,10,10,"RSI recovering zone, Close to 52W low with recovery potential, Below 200 DMA risk"
29.08.2026 at 02:41 AM IST,EIHAHOTELS,Unknown,Unknown,302.55,0.2,263.71,430.1,14.73,29.66,49.57,310.78,323.42,20196.1,10449.0,0.52,Bearish,0,10,15,0,15,10,10,"RSI recovering zone, Close to 52W low with recovery potential, Below 200 DMA risk"
29.08.2026 at 02:41 AM IST,ELDEHSG,Unknown,Unknown,781.8,-2.22,683.33,1044.1,14.41,25.12,47.55,791.35,841.46,9623.35,992.0,0.1,Bearish,0,10,15,0,15,10,10,"RSI recovering zone, Close to 52W low with recovery potential, Below 200 DMA risk"
29.08.2026 at 02:41 AM IST,TIMKEN,Capital Goods,Unknown,3183.4,2.73,2798.24,3921.83,13.76,18.83,47.36,3279.33,3278.15,42103.6,31733.0,0.75,Bearish,0,10,15,0,15,10,10,"RSI recovering zone, Close to 52W low with recovery potential, Below 200 DMA risk"
29.08.2026 at 02:41 AM IST,AKG,Unknown,Unknown,9.24,-3.55,8.06,15.07,14.64,38.69,48.61,9.9,11.49,76183.7,32487.0,0.43,Bearish,0,10,15,0,15,10,10,"RSI recovering zone, Close to 52W low with recovery potential, Below 200 DMA risk"
29.08.2026 at 02:41 AM IST,AJOONI,Unknown,Unknown,3.79,-2.57,3.4,5.94,11.47,36.2,47.42,3.85,4.21,278803.05,222938.0,0.8,Bearish,0,10,15,0,15,10,10,"RSI recovering zone, Close to 52W low with recovery potential, Below 200 DMA risk"
29.08.2026 at 02:41 AM IST,DIGIDRIVE,Unknown,Unknown,17.77,-1.0,16.1,34.37,10.37,48.3,49.04,18.15,21.81,23961.7,17538.0,0.73,Bearish,0,10,15,0,15,10,10,"RSI recovering zone, Close to 52W low with recovery potential, Below 200 DMA risk"
29.08.2026 at 02:41 AM IST,INCREDIBLE,Unknown,Unknown,32.85,-4.23,28.1,52.87,16.9,37.87,49.01,33.07,35.73,4076.25,3484.0,0.85,Bearish,0,10,15,0,15,10,10,"RSI recovering zone, Close to 52W low with recovery potential, Below 200 DMA risk"
29.08.2026 at 02:41 AM IST,DIAMINESQ,Unknown,Unknown,244.38,-0.35,208.01,418.8,17.48,41.65,48.95,249.88,252.79,19196.1,4174.0,0.22,Bearish,0,10,15,0,15,10,10,"RSI recovering zone, Close to 52W low with recovery potential, Below 200 DMA risk"
29.08.2026 at 02:41 AM IST,MVGJL,Unknown,Unknown,153.77,-0.92,129.1,214.79,19.11,28.41,46.09,156.47,166.44,66337.2,64608.0,0.97,Bearish,0,10,15,0,15,10,10,"RSI recovering zone, Close to 52W low with recovery potential, Below 200 DMA risk"
29.08.2026 at 02:41 AM IST,NEWGEN,Information Technology,Unknown,523.0,-0.26,396.61,1030.41,31.87,49.24,46.56,518.46,579.6,769900.75,415158.0,0.54,Bullish,15,10,0,0,15,10,10,"Above 50 DMA, RSI recovering zone, Below 200 DMA risk"
29.08.2026 at 02:41 AM IST,NFL,Unknown,Unknown,71.36,-0.61,63.35,101.34,12.64,29.58,47.15,72.83,77.79,947774.25,430598.0,0.45,Bearish,0,10,15,0,15,10,10,"RSI recovering zone, Close to 52W low with recovery potential, Below 200 DMA risk"
29.08.2026 at 02:41 AM IST,DHRUV,Unknown,Unknown,24.2,-1.22,22.02,68.95,9.9,64.9,46.23,25.6,34.16,7146.35,5561.0,0.78,Bearish,0,10,20,0,20,10,10,"RSI recovering zone, Near 52W low with non-crashing RSI, Below 200 DMA risk, Very far from 52W high"
29.08.2026 at 02:41 AM IST,ESTER,Unknown,Unknown,93.0,-0.33,68.55,132.45,35.67,29.78,48.26,91.78,95.67,317020.9,78074.0,0.25,Bullish,15,10,0,0,15,10,10,"Above 50 DMA, RSI recovering zone, Below 200 DMA risk"
29.08.2026 at 02:41 AM IST,ADVAIT,Unknown,Unknown,2114.7,-1.54,1351.0,2485.0,56.53,14.9,45.82,2210.94,,70405.1,28614.0,0.41,Bearish,0,10,0,0,0,10,10,RSI recovering zone
29.08.2026 at 02:41 AM IST,3PLAND,Unknown,Unknown,31.87,-0.41,28.51,47.7,11.79,33.19,48.22,32.09,34.21,5688.15,3978.0,0.7,Bearish,0,10,15,0,15,10,10,"RSI recovering zone, Close to 52W low with recovery potential, Below 200 DMA risk"
29.08.2026 at 02:41 AM IST,NBCC,Construction,Unknown,88.14,-0.68,76.65,124.83,14.99,29.39,35.86,96.21,98.9,5798321.7,3405853.0,0.59,Bearish,0,8,15,0,15,8,8,"Weak but watchable RSI, Close to 52W low with recovery potential, Below 200 DMA risk"
29.08.2026 at 02:41 AM IST,NAVNETEDUL,Unknown,Unknown,133.59,0.36,120.21,164.13,11.13,18.61,42.79,140.11,141.81,222056.75,50566.0,0.23,Bearish,0,8,15,0,15,8,8,"Weak but watchable RSI, Close to 52W low with recovery potential, Below 200 DMA risk"
29.08.2026 at 02:41 AM IST,CEATLTD,Automobile and Auto Components,Unknown,3510.6,-2.06,3004.33,4393.16,16.85,20.09,44.35,3580.89,3582.18,76734.75,46998.0,0.61,Bearish,0,8,15,0,15,8,8,"Weak but watchable RSI, Close to 52W low with recovery potential, Below 200 DMA risk"
29.08.2026 at 02:41 AM IST,CCCL,Unknown,Unknown,14.98,-0.6,12.76,28.87,17.4,48.11,41.82,16.01,16.64,188310.55,185633.0,0.99,Bearish,0,8,15,0,15,8,8,"Weak but watchable RSI, Close to 52W low with recovery potential, Below 200 DMA risk"
29.08.2026 at 02:41 AM IST,CCAVENUE,Unknown,Unknown,15.22,-0.39,12.92,20.5,17.8,25.76,41.35,16.39,15.97,15978975.65,6810567.0,0.43,Bearish,0,8,15,0,15,8,8,"Weak but watchable RSI, Close to 52W low with recovery potential, Below 200 DMA risk"
29.08.2026 at 02:41 AM IST,NAVA,Power,Unknown,556.5,-2.02,497.01,732.56,11.97,24.03,43.6,579.93,579.31,346916.6,186733.0,0.54,Bearish,0,8,15,0,15,8,8,"Weak but watchable RSI, Close to 52W low with recovery potential, Below 200 DMA risk"
29.08.2026 at 02:41 AM IST,VIKRAN,Unknown,Unknown,59.29,0.44,50.95,118.04,16.38,49.77,29.55,70.07,77.52,1710617.9,2955039.0,1.73,Bearish,0,5,8,10,15,8,8,"Oversold RSI, Within 30% of 52W low, Volume expansion, Below 200 DMA risk"
29.08.2026 at 02:41 AM IST,VIDYAWIRES,Unknown,Unknown,85.8,-1.29,44.06,117.35,94.73,26.89,38.45,93.81,,889886.15,529772.0,0.6,Bearish,0,8,0,0,0,8,8,Weak but watchable RSI
29.08.2026 at 02:41 AM IST,VHL,Unknown,Unknown,3387.3,-1.07,2865.77,4268.7,18.2,20.65,43.19,3503.95,3442.76,975.45,644.0,0.66,Bearish,0,8,15,0,15,8,8,"Weak but watchable RSI, Close to 52W low with recovery potential, Below 200 DMA risk"
29.08.2026 at 02:41 AM IST,LINDEINDIA,Chemicals,Unknown,6549.0,-0.75,5663.4,8035.37,15.64,18.5,37.51,6939.78,6682.47,27319.5,16850.0,0.62,Bearish,0,8,15,0,15,8,8,"Weak but watchable RSI, Close to 52W low with recovery potential, Below 200 DMA risk"
29.08.2026 at 02:41 AM IST,LIBERTSHOE,Unknown,Unknown,245.1,-1.21,210.5,404.95,16.44,39.47,43.88,259.19,259.14,32104.4,8975.0,0.28,Bearish,0,8,15,0,15,8,8,"Weak but watchable RSI, Close to 52W low with recovery potential, Below 200 DMA risk"
29.08.2026 at 02:41 AM IST,BAJAJHCARE,Unknown,Unknown,320.9,-1.7,272.35,515.9,17.83,37.8,44.3,333.41,348.26,89178.65,80183.0,0.9,Bearish,0,8,15,0,15,8,8,"Weak but watchable RSI, Close to 52W low with recovery potential, Below 200 DMA risk"
29.08.2026 at 02:41 AM IST,BAJAJELEC,Unknown,Unknown,334.8,-1.7,298.31,647.96,12.23,48.33,42.64,336.57,383.62,979976.95,100898.0,0.1,Bearish,0,8,15,0,15,8,8,"Weak but watchable RSI, Close to 52W low with recovery potential, Below 200 DMA risk"
29.08.2026 at 02:41 AM IST,GALLANTT,Capital Goods,Unknown,576.85,-1.14,496.25,948.0,16.24,39.15,41.19,629.96,628.04,80157.85,37534.0,0.47,Bearish,0,8,15,0,15,8,8,"Weak but watchable RSI, Close to 52W low with recovery potential, Below 200 DMA risk"
29.08.2026 at 02:41 AM IST,FORCEMOT,Automobile and Auto Components,Unknown,17375.0,-0.43,14911.0,26450.0,16.52,34.31,39.98,18124.56,19582.47,78479.5,40549.0,0.52,Bearish,0,8,15,0,15,8,8,"Weak but watchable RSI, Close to 52W low with recovery potential, Below 200 DMA risk"
29.08.2026 at 02:41 AM IST,AEROPLANE,Unknown,Unknown,171.41,-2.05,117.02,206.9,46.48,17.15,41.37,173.47,,534771.35,231566.0,0.43,Bearish,0,8,0,0,0,8,8,Weak but watchable RSI
29.08.2026 at 02:41 AM IST,ADVENZYMES,Unknown,Unknown,297.6,0.13,250.87,417.2,18.63,28.67,38.57,319.26,315.39,374984.75,202752.0,0.54,Bearish,0,8,15,0,15,8,8,"Weak but watchable RSI, Close to 52W low with recovery potential, Below 200 DMA risk"
29.08.2026 at 02:41 AM IST,NELCAST,Unknown,Unknown,117.08,1.51,85.51,172.26,36.92,32.03,41.44,127.75,121.28,112573.85,311282.0,2.77,Bearish,0,8,0,15,15,8,8,"Weak but watchable RSI, Strong volume expansion, Below 200 DMA risk"
29.08.2026 at 02:41 AM IST,GICHSGFIN,Unknown,Unknown,142.1,0.25,126.54,179.03,12.3,20.63,44.36,149.14,152.94,110474.45,86267.0,0.78,Bearish,0,8,15,0,15,8,8,"Weak but watchable RSI, Close to 52W low with recovery potential, Below 200 DMA risk"
29.08.2026 at 02:41 AM IST,GATEWAY,Unknown,Unknown,53.74,0.58,47.06,64.19,14.18,16.28,41.74,56.77,56.1,1572049.3,797919.0,0.51,Bearish,0,8,15,0,15,8,8,"Weak but watchable RSI, Close to 52W low with recovery potential, Below 200 DMA risk"
29.08.2026 at 02:41 AM IST,DHANUKA,Unknown,Unknown,985.8,0.06,887.89,1651.22,11.03,40.3,39.98,1027.82,1084.8,39232.85,8006.0,0.2,Bearish,0,8,15,0,15,8,8,"Weak but watchable RSI, Close to 52W low with recovery potential, Below 200 DMA risk"
29.08.2026 at 02:41 AM IST,DGCONTENT,Unknown,Unknown,24.0,-0.95,21.61,39.57,11.06,39.35,42.37,25.38,28.23,33297.4,2514.0,0.08,Bearish,0,8,15,0,15,8,8,"Weak but watchable RSI, Close to 52W low with recovery potential, Below 200 DMA risk"
29.08.2026 at 02:41 AM IST,SAURASHCEM,Unknown,Unknown,57.13,-3.19,47.65,125.35,19.9,54.42,44.24,58.6,67.22,595208.45,164766.0,0.28,Bearish,0,8,15,0,15,8,8,"Weak but watchable RSI, Close to 52W low with recovery potential, Below 200 DMA risk"
29.08.2026 at 02:41 AM IST,SAGCEM,Unknown,Unknown,164.09,-2.14,148.7,299.4,10.35,45.19,39.12,174.4,187.47,35685.75,14441.0,0.4,Bearish,0,8,15,0,15,8,8,"Weak but watchable RSI, Close to 52W low with recovery potential, Below 200 DMA risk"
29.08.2026 at 02:41 AM IST,RUBFILA,Unknown,Unknown,66.54,0.97,57.31,87.17,16.11,23.66,39.95,71.52,71.7,38174.55,18575.0,0.49,Bearish,0,8,15,0,15,8,8,"Weak but watchable RSI, Close to 52W low with recovery potential, Below 200 DMA risk"
29.08.2026 at 02:41 AM IST,RSYSTEMS,Unknown,Unknown,239.1,-0.42,213.52,475.33,11.98,49.7,42.8,246.21,303.05,260885.45,206236.0,0.79,Bearish,0,8,15,0,15,8,8,"Weak but watchable RSI, Close to 52W low with recovery potential, Below 200 DMA risk"
29.08.2026 at 02:41 AM IST,ESSARSHPNG,Unknown,Unknown,16.79,-0.71,15.71,43.26,6.87,61.19,32.6,20.45,24.76,369913.05,147138.0,0.4,Bearish,0,8,20,0,20,8,8,"Weak but watchable RSI, Near 52W low with non-crashing RSI, Below 200 DMA risk, Very far from 52W high"
29.08.2026 at 02:41 AM IST,NIITMTS,Unknown,Unknown,229.81,-1.16,200.5,437.8,14.62,47.51,44.29,234.66,303.91,135879.7,112221.0,0.83,Bearish,0,8,15,0,15,8,8,"Weak but watchable RSI, Close to 52W low with recovery potential, Below 200 DMA risk"
29.08.2026 at 02:41 AM IST,CANFINHOME,Financial Services,Unknown,803.8,0.13,696.85,962.69,15.35,16.51,39.96,849.04,863.77,188808.4,131463.0,0.7,Bearish,0,8,15,0,15,8,8,"Weak but watchable RSI, Close to 52W low with recovery potential, Below 200 DMA risk"
29.08.2026 at 02:41 AM IST,BSL,Unknown,Unknown,123.42,1.53,98.0,208.0,25.94,40.66,48.92,125.92,136.04,2914.55,3420.0,1.17,Bearish,0,10,8,5,15,8,8,"RSI recovering zone, Within 30% of 52W low, Normal volume support, Below 200 DMA risk"
29.08.2026 at 02:41 AM IST,NAGREEKCAP,Unknown,Unknown,22.5,-4.34,19.3,42.75,16.58,47.37,42.93,23.69,26.48,5806.5,3067.0,0.53,Bearish,0,8,15,0,15,8,8,"Weak but watchable RSI, Close to 52W low with recovery potential, Below 200 DMA risk"
29.08.2026 at 02:41 AM IST,JAICORPLTD,Unknown,Unknown,100.1,-1.84,88.0,177.68,13.75,43.66,40.59,107.04,115.21,389887.0,279623.0,0.72,Bearish,0,8,15,0,15,8,8,"Weak but watchable RSI, Close to 52W low with recovery potential, Below 200 DMA risk"
29.08.2026 at 02:41 AM IST,VASCONEQ,Unknown,Unknown,30.78,-1.06,26.75,74.59,15.07,58.73,41.46,32.81,38.44,445142.05,200761.0,0.45,Bearish,0,8,15,0,15,8,8,"Weak but watchable RSI, Close to 52W low with recovery potential, Below 200 DMA risk"
29.08.2026 at 02:41 AM IST,VARDMNPOLY,Unknown,Unknown,6.01,-0.33,5.1,9.49,17.84,36.67,41.15,6.41,6.74,313254.4,140266.0,0.45,Bearish,0,8,15,0,15,8,8,"Weak but watchable RSI, Close to 52W low with recovery potential, Below 200 DMA risk"
29.08.2026 at 02:41 AM IST,VAKRANGEE,Unknown,Unknown,5.92,-2.15,4.61,9.77,28.42,39.41,47.62,6.01,6.7,838881.55,930460.0,1.11,Bearish,0,10,8,5,15,8,8,"RSI recovering zone, Within 30% of 52W low, Normal volume support, Below 200 DMA risk"
29.08.2026 at 02:41 AM IST,LATENTVIEW,Information Technology,Unknown,275.25,0.57,248.0,517.5,10.99,46.81,36.65,293.65,352.32,601419.45,280800.0,0.47,Bearish,0,8,15,0,15,8,8,"Weak but watchable RSI, Close to 52W low with recovery potential, Below 200 DMA risk"
29.08.2026 at 02:41 AM IST,KUANTUM,Unknown,Unknown,72.31,-0.06,62.94,117.44,14.88,38.43,36.58,75.35,81.14,184011.65,62008.0,0.34,Bearish,0,8,15,0,15,8,8,"Weak but watchable RSI, Close to 52W low with recovery potential, Below 200 DMA risk"
29.08.2026 at 02:41 AM IST,KSOLVES,Unknown,Unknown,267.85,-2.03,242.47,349.26,10.47,23.31,37.85,281.76,284.97,29302.0,29069.0,0.99,Bearish,0,8,15,0,15,8,8,"Weak but watchable RSI, Close to 52W low with recovery potential, Below 200 DMA risk"
29.08.2026 at 02:41 AM IST,KSB,Unknown,Unknown,793.85,-0.33,663.37,1023.25,19.67,22.42,38.03,872.09,808.31,196104.75,101117.0,0.52,Bearish,0,8,15,0,15,8,8,"Weak but watchable RSI, Close to 52W low with recovery potential, Below 200 DMA risk"
29.08.2026 at 02:41 AM IST,DANGEE,Unknown,Unknown,2.87,1.77,2.54,5.08,12.99,43.5,40.6,3.05,3.29,48134.65,41132.0,0.85,Bearish,0,8,15,0,15,8,8,"Weak but watchable RSI, Close to 52W low with recovery potential, Below 200 DMA risk"
29.08.2026 at 02:41 AM IST,SECURKLOUD,Unknown,Unknown,17.8,0.17,16.01,34.18,11.18,47.92,44.15,18.35,21.62,17020.2,6298.0,0.37,Bearish,0,8,15,0,15,8,8,"Weak but watchable RSI, Close to 52W low with recovery potential, Below 200 DMA risk"
29.08.2026 at 02:41 AM IST,SCILAL,Unknown,Unknown,40.02,-0.32,34.3,55.0,16.68,27.24,36.04,42.09,44.69,198089.25,120058.0,0.61,Bearish,0,8,15,0,15,8,8,"Weak but watchable RSI, Close to 52W low with recovery potential, Below 200 DMA risk"
29.08.2026 at 02:41 AM IST,USK,Unknown,Unknown,21.31,-1.16,18.97,35.17,12.34,39.41,42.89,22.37,23.18,20799.55,9962.0,0.48,Bearish,0,8,15,0,15,8,8,"Weak but watchable RSI, Close to 52W low with recovery potential, Below 200 DMA risk"
29.08.2026 at 02:41 AM IST,URJA,Unknown,Unknown,9.25,0.33,8.0,14.45,15.62,35.99,41.79,9.52,10.3,917356.1,416027.0,0.45,Bearish,0,8,15,0,15,8,8,"Weak but watchable RSI, Close to 52W low with recovery potential, Below 200 DMA risk"
29.08.2026 at 02:41 AM IST,CESC,Power,Unknown,152.13,-0.78,133.19,197.2,14.22,22.85,36.04,159.16,159.99,1638570.4,884391.0,0.54,Bearish,0,8,15,0,15,8,8,"Weak but watchable RSI, Close to 52W low with recovery potential, Below 200 DMA risk"
29.08.2026 at 02:41 AM IST,CENTRUM,Unknown,Unknown,23.09,-0.13,19.66,38.5,17.45,40.03,42.37,23.99,25.47,440843.0,150274.0,0.34,Bearish,0,8,15,0,15,8,8,"Weak but watchable RSI, Close to 52W low with recovery potential, Below 200 DMA risk"
29.08.2026 at 02:41 AM IST,ICEMAKE,Unknown,Unknown,747.65,1.86,660.3,920.0,13.23,18.73,41.89,788.84,771.59,32870.0,25790.0,0.78,Bearish,0,8,15,0,15,8,8,"Weak but watchable RSI, Close to 52W low with recovery potential, Below 200 DMA risk"
29.08.2026 at 02:41 AM IST,HPIL,Unknown,Unknown,123.81,-3.74,107.0,164.0,15.71,24.51,44.69,126.14,129.42,5861.4,551.0,0.09,Bearish,0,8,15,0,15,8,8,"Weak but watchable RSI, Close to 52W low with recovery potential, Below 200 DMA risk"
29.08.2026 at 02:41 AM IST,HONDAPOWER,Unknown,Unknown,2068.3,0.29,1796.81,2932.71,15.11,29.47,44.13,2106.23,2182.32,4337.85,4023.0,0.93,Bearish,0,8,15,0,15,8,8,"Weak but watchable RSI, Close to 52W low with recovery potential, Below 200 DMA risk"
29.08.2026 at 02:41 AM IST,ROHLTD,Unknown,Unknown,300.65,-1.0,267.18,588.51,12.53,48.91,40.83,316.44,348.28,25808.8,9004.0,0.35,Bearish,0,8,15,0,15,8,8,"Weak but watchable RSI, Close to 52W low with recovery potential, Below 200 DMA risk"
29.08.2026 at 02:41 AM IST,HEALTHX,Unknown,Unknown,293.55,-1.56,252.5,363.0,16.26,19.13,42.34,311.86,298.53,6364.05,2663.0,0.42,Bearish,0,8,15,0,15,8,8,"Weak but watchable RSI, Close to 52W low with recovery potential, Below 200 DMA risk"
29.08.2026 at 02:41 AM IST,HDFCBANK,Financial Services,Unknown,711.0,-2.23,710.0,1003.9,0.14,29.18,29.99,765.24,836.4,25636259.1,46515020.0,1.81,Bearish,0,5,8,10,15,8,8,"Oversold RSI, Within 30% of 52W low, Volume expansion, Below 200 DMA risk"
29.08.2026 at 02:41 AM IST,RPOWER,Power,Unknown,22.71,0.04,20.17,50.73,12.59,55.23,42.15,24.17,28.29,21290531.15,11093761.0,0.52,Bearish,0,8,15,0,15,8,8,"Weak but watchable RSI, Close to 52W low with recovery potential, Below 200 DMA risk"
29.08.2026 at 02:41 AM IST,COROMANDEL,Chemicals,Unknown,1928.4,-1.09,1704.84,2486.77,13.11,22.45,35.31,2030.05,2097.72,136957.8,119821.0,0.87,Bearish,0,8,15,0,15,8,8,"Weak but watchable RSI, Close to 52W low with recovery potential, Below 200 DMA risk"
29.08.2026 at 02:41 AM IST,INFOMEDIA,Unknown,Unknown,5.11,-2.11,4.5,8.05,13.56,36.52,41.99,5.51,5.78,15173.3,14910.0,0.98,Bearish,0,8,15,0,15,8,8,"Weak but watchable RSI, Close to 52W low with recovery potential, Below 200 DMA risk"
29.08.2026 at 02:41 AM IST,UNITEDTEA,Unknown,Unknown,454.9,-1.14,409.26,587.25,11.15,22.54,42.24,469.28,485.02,2770.9,2733.0,0.99,Bearish,0,8,15,0,15,8,8,"Weak but watchable RSI, Close to 52W low with recovery potential, Below 200 DMA risk"
29.08.2026 at 02:41 AM IST,AIROLAM,Unknown,Unknown,87.5,-0.56,78.0,123.3,12.18,29.03,44.64,89.63,91.4,3951.55,3549.0,0.9,Bearish,0,8,15,0,15,8,8,"Weak but watchable RSI, Close to 52W low with recovery potential, Below 200 DMA risk"
29.08.2026 at 02:41 AM IST,AGROPHOS,Unknown,Unknown,27.04,1.08,23.9,47.47,13.14,43.04,43.7,28.97,33.33,21764.15,13621.0,0.63,Bearish,0,8,15,0,15,8,8,"Weak but watchable RSI, Close to 52W low with recovery potential, Below 200 DMA risk"
29.08.2026 at 02:41 AM IST,TVSHLTD,Unknown,Unknown,13434.0,-0.8,11579.53,16198.42,16.02,17.07,28.17,14146.94,14201.05,4580.55,7150.0,1.56,Bearish,0,5,8,10,15,8,8,"Oversold RSI, Within 30% of 52W low, Volume expansion, Below 200 DMA risk"
29.08.2026 at 02:41 AM IST,TRIDENT,Textiles,Unknown,24.38,-0.25,21.53,30.31,13.22,19.57,39.93,25.26,25.36,3374789.6,2020489.0,0.6,Bearish,0,8,15,0,15,8,8,"Weak but watchable RSI, Close to 52W low with recovery potential, Below 200 DMA risk"
29.08.2026 at 02:41 AM IST,NOVARTIND,Unknown,Unknown,1490.2,0.01,672.25,1780.0,121.67,16.28,43.62,1543.61,,14876.45,6478.0,0.44,Bearish,0,8,0,0,0,8,8,Weak but watchable RSI
29.08.2026 at 02:41 AM IST,NITTAGELA,Unknown,Unknown,1589.5,1.38,878.79,2079.59,80.87,23.57,42.31,1733.62,,8282.1,3613.0,0.44,Bearish,0,8,0,0,0,8,8,Weak but watchable RSI
29.08.2026 at 02:41 AM IST,CEWATER,Unknown,Unknown,266.25,-2.02,235.0,556.4,13.3,52.15,41.98,303.54,338.18,148260.55,44998.0,0.3,Bearish,0,8,15,0,15,8,8,"Weak but watchable RSI, Close to 52W low with recovery potential, Below 200 DMA risk"
29.08.2026 at 02:41 AM IST,JKCEMENT,Construction Materials,Unknown,5233.5,-0.82,4654.18,7098.08,12.45,26.27,40.45,5435.91,5463.51,26609.05,12186.0,0.46,Bearish,0,8,15,0,15,8,8,"Weak but watchable RSI, Close to 52W low with recovery potential, Below 200 DMA risk"
29.08.2026 at 02:41 AM IST,JISLDVREQS,Unknown,Unknown,21.13,-2.22,18.5,35.48,14.22,40.45,44.38,22.54,24.12,52952.3,51960.0,0.98,Bearish,0,8,15,0,15,8,8,"Weak but watchable RSI, Close to 52W low with recovery potential, Below 200 DMA risk"
29.08.2026 at 02:41 AM IST,DIGISPICE,Unknown,Unknown,16.99,0.35,14.82,35.5,14.64,52.14,40.97,18.51,20.24,77793.3,53031.0,0.68,Bearish,0,8,15,0,15,8,8,"Weak but watchable RSI, Close to 52W low with recovery potential, Below 200 DMA risk"
29.08.2026 at 02:41 AM IST,AURUS,Unknown,Unknown,4.57,-0.87,4.1,7.49,11.46,38.99,43.98,4.69,4.99,16995.45,4322.0,0.25,Bearish,0,8,15,0,15,8,8,"Weak but watchable RSI, Close to 52W low with recovery potential, Below 200 DMA risk"
29.08.2026 at 02:41 AM IST,ATAM,Unknown,Unknown,56.51,-0.49,48.5,111.0,16.52,49.09,38.06,65.31,71.27,22305.25,5973.0,0.27,Bearish,0,8,15,0,15,8,8,"Weak but watchable RSI, Close to 52W low with recovery potential, Below 200 DMA risk"
29.08.2026 at 02:41 AM IST,AUTOAXLES,Unknown,Unknown,1723.6,-1.25,1513.85,2078.82,13.86,17.09,38.78,1776.21,1783.17,14944.95,2849.0,0.19,Bearish,0,8,15,0,15,8,8,"Weak but watchable RSI, Close to 52W low with recovery potential, Below 200 DMA risk"
29.08.2026 at 02:41 AM IST,GLFL,Unknown,Unknown,5.45,-4.89,3.66,9.34,48.91,41.65,42.74,5.81,5.89,5336.4,15365.0,2.88,Bearish,0,8,0,15,15,8,8,"Weak but watchable RSI, Strong volume expansion, Below 200 DMA risk"
29.08.2026 at 02:41 AM IST,OMINFRAL,Unknown,Unknown,83.3,1.46,71.5,144.0,16.5,42.15,40.42,87.81,90.5,81520.55,48931.0,0.6,Bearish,0,8,15,0,15,8,8,"Weak but watchable RSI, Close to 52W low with recovery potential, Below 200 DMA risk"
29.08.2026 at 02:41 AM IST,CELEBRITY,Unknown,Unknown,6.88,2.69,5.65,13.25,21.77,48.08,46.82,7.24,7.92,21804.8,24766.0,1.14,Bearish,0,10,8,5,15,8,8,"RSI recovering zone, Within 30% of 52W low, Normal volume support, Below 200 DMA risk"
29.08.2026 at 02:41 AM IST,GKWLIMITED,Unknown,Unknown,1599.8,1.25,1375.0,1985.4,16.35,19.42,39.87,1682.84,1678.53,510.75,171.0,0.33,Bearish,0,8,15,0,15,8,8,"Weak but watchable RSI, Close to 52W low with recovery potential, Below 200 DMA risk"
29.08.2026 at 02:41 AM IST,ALANKIT,Unknown,Unknown,7.91,-1.86,6.8,14.49,16.32,45.41,41.68,8.08,9.09,119753.6,66759.0,0.56,Bearish,0,8,15,0,15,8,8,"Weak but watchable RSI, Close to 52W low with recovery potential, Below 200 DMA risk"
29.08.2026 at 02:41 AM IST,ORIENTTECH,Unknown,Unknown,243.65,-0.77,220.8,466.73,10.35,47.8,37.85,257.41,291.59,170517.45,58999.0,0.35,Bearish,0,8,15,0,15,8,8,"Weak but watchable RSI, Close to 52W low with recovery potential, Below 200 DMA risk"
29.08.2026 at 02:41 AM IST,ORIENTALTL,Unknown,Unknown,5.14,0.19,4.4,11.99,16.82,57.13,43.7,5.42,6.77,67225.1,54620.0,0.81,Bearish,0,8,15,0,15,8,8,"Weak but watchable RSI, Close to 52W low with recovery potential, Below 200 DMA risk"
29.08.2026 at 02:41 AM IST,TNTELE,Unknown,Unknown,8.91,-1.87,7.81,17.9,14.08,50.22,44.84,9.06,9.44,22811.25,13530.0,0.59,Bearish,0,8,15,0,15,8,8,"Weak but watchable RSI, Close to 52W low with recovery potential, Below 200 DMA risk"
29.08.2026 at 02:41 AM IST,AMAGI,Unknown,Unknown,578.45,-0.93,310.2,727.4,86.48,20.48,44.42,590.03,,1496741.4,171810.0,0.11,Bearish,0,8,0,0,0,8,8,Weak but watchable RSI
29.08.2026 at 02:41 AM IST,ELPROINTL,Unknown,Unknown,173.21,-0.8,102.0,180.89,69.81,4.25,40.42,174.8,,66310.7,7299.0,0.11,Bearish,0,8,0,0,0,8,8,Weak but watchable RSI
29.08.2026 at 02:41 AM IST,OSWALPUMPS,Unknown,Unknown,298.4,1.03,283.1,846.0,5.4,64.73,34.74,362.84,407.14,690264.65,235063.0,0.34,Bearish,0,8,20,0,20,8,8,"Weak but watchable RSI, Near 52W low with non-crashing RSI, Below 200 DMA risk, Very far from 52W high"
29.08.2026 at 02:41 AM IST,OSWALAGRO,Unknown,Unknown,36.86,0.19,33.4,81.0,10.36,54.49,39.74,39.75,47.98,54473.7,14188.0,0.26,Bearish,0,8,15,0,15,8,8,"Weak but watchable RSI, Close to 52W low with recovery potential, Below 200 DMA risk"
29.08.2026 at 02:41 AM IST,CURAA,Unknown,Unknown,69.27,0.23,63.0,323.65,9.95,78.6,42.64,75.59,96.96,659.7,92.0,0.14,Bearish,0,8,20,0,20,8,8,"Weak but watchable RSI, Near 52W low with non-crashing RSI, Below 200 DMA risk, Very far from 52W high"
29.08.2026 at 02:41 AM IST,RKEC,Unknown,Unknown,22.32,-3.96,21.12,81.5,5.68,72.61,36.28,26.22,38.9,41818.45,32945.0,0.79,Bearish,0,8,20,0,20,8,8,"Weak but watchable RSI, Near 52W low with non-crashing RSI, Below 200 DMA risk, Very far from 52W high"
29.08.2026 at 02:41 AM IST,RHIM,Capital Goods,Unknown,370.3,-0.08,323.05,508.3,14.63,27.15,37.9,392.3,413.38,744569.0,282303.0,0.38,Bearish,0,8,15,0,15,8,8,"Weak but watchable RSI, Close to 52W low with recovery potential, Below 200 DMA risk"
29.08.2026 at 02:41 AM IST,RESPONIND,Unknown,Unknown,156.82,3.37,117.18,240.76,33.83,34.86,36.87,180.73,178.5,139275.4,279092.0,2.0,Bearish,0,8,0,15,15,8,8,"Weak but watchable RSI, Strong volume expansion, Below 200 DMA risk"
29.08.2026 at 02:41 AM IST,CMPDI,Unknown,Unknown,229.97,-0.79,148.9,281.32,54.44,18.25,38.83,249.04,,1358144.55,650668.0,0.48,Bearish,0,8,0,0,0,8,8,Weak but watchable RSI
29.08.2026 at 02:41 AM IST,ITI,Telecommunication,Unknown,275.2,-1.2,237.0,372.85,16.12,26.19,38.88,286.69,290.66,337608.05,94943.0,0.28,Bearish,0,8,15,0,15,8,8,"Weak but watchable RSI, Close to 52W low with recovery potential, Below 200 DMA risk"
29.08.2026 at 02:41 AM IST,ISGEC,Unknown,Unknown,780.4,1.44,683.95,1113.9,14.1,29.94,43.75,854.17,889.16,94799.65,47827.0,0.5,Bearish,0,8,15,0,15,8,8,"Weak but watchable RSI, Close to 52W low with recovery potential, Below 200 DMA risk"
29.08.2026 at 02:41 AM IST,IRIS,Unknown,Unknown,235.68,-0.81,203.0,388.1,16.1,39.27,41.77,252.7,264.34,28869.45,15317.0,0.53,Bearish,0,8,15,0,15,8,8,"Weak but watchable RSI, Close to 52W low with recovery potential, Below 200 DMA risk"
29.08.2026 at 02:41 AM IST,TEGA,Capital Goods,Unknown,1621.4,-1.86,1473.0,2125.0,10.07,23.7,44.7,1648.42,1744.74,238519.5,83977.0,0.35,Bearish,0,8,15,0,15,8,8,"Weak but watchable RSI, Close to 52W low with recovery potential, Below 200 DMA risk"
29.08.2026 at 02:41 AM IST,MAXHEALTH,Healthcare,Unknown,1009.0,0.4,901.4,1219.73,11.94,17.28,40.05,1077.71,1043.77,1950579.4,1471151.0,0.75,Bearish,0,8,15,0,15,8,8,"Weak but watchable RSI, Close to 52W low with recovery potential, Below 200 DMA risk"
29.08.2026 at 02:41 AM IST,BMWVENTLTD,Unknown,Unknown,56.95,0.09,48.0,76.11,18.65,25.18,44.53,57.92,58.77,82072.5,36087.0,0.44,Bearish,0,8,15,0,15,8,8,"Weak but watchable RSI, Close to 52W low with recovery potential, Below 200 DMA risk"
29.08.2026 at 02:41 AM IST,BIRLAMONEY,Unknown,Unknown,129.89,1.36,95.0,197.39,36.73,34.2,44.65,136.55,136.57,35733.85,90025.0,2.52,Bearish,0,8,0,15,15,8,8,"Weak but watchable RSI, Strong volume expansion, Below 200 DMA risk"
29.08.2026 at 02:41 AM IST,PIGL,Unknown,Unknown,101.85,0.43,88.05,189.7,15.67,46.31,40.84,109.44,114.7,79010.1,23137.0,0.29,Bearish,0,8,15,0,15,8,8,"Weak but watchable RSI, Close to 52W low with recovery potential, Below 200 DMA risk"
29.08.2026 at 02:41 AM IST,TCC,Unknown,Unknown,223.25,-3.67,218.05,526.4,2.38,57.59,22.25,288.43,,338995.0,362460.0,1.07,Bearish,0,5,8,5,10,8,8,"Oversold RSI, Within 30% of 52W low, Normal volume support, Extreme RSI weakness"
29.08.2026 at 02:41 AM IST,TATAINVEST,Financial Services,Unknown,642.1,-0.36,536.09,1178.62,19.78,45.52,37.61,666.52,671.05,376907.25,156007.0,0.41,Bearish,0,8,15,0,15,8,8,"Weak but watchable RSI, Close to 52W low with recovery potential, Below 200 DMA risk"
29.08.2026 at 02:41 AM IST,TATACHEM,Chemicals,Unknown,644.15,1.02,571.51,1011.1,12.71,36.29,39.46,685.62,714.75,658999.4,620346.0,0.94,Bearish,0,8,15,0,15,8,8,"Weak but watchable RSI, Close to 52W low with recovery potential, Below 200 DMA risk"
29.08.2026 at 02:41 AM IST,MARUTI,Automobile and Auto Components,Unknown,13440.0,-0.59,12079.68,17197.29,11.26,21.85,39.81,13724.11,14234.39,329154.8,315555.0,0.96,Bearish,0,8,15,0,15,8,8,"Weak but watchable RSI, Close to 52W low with recovery potential, Below 200 DMA risk"
29.08.2026 at 02:41 AM IST,BIRLACORPN,Unknown,Unknown,883.0,-1.37,759.72,1328.83,16.23,33.55,39.53,937.9,980.92,47042.7,19226.0,0.41,Bearish,0,8,15,0,15,8,8,"Weak but watchable RSI, Close to 52W low with recovery potential, Below 200 DMA risk"
29.08.2026 at 02:41 AM IST,PIONEEREMB,Unknown,Unknown,21.98,0.27,19.61,39.2,12.09,43.93,40.86,23.04,25.9,9910.4,2199.0,0.22,Bearish,0,8,15,0,15,8,8,"Weak but watchable RSI, Close to 52W low with recovery potential, Below 200 DMA risk"
29.08.2026 at 02:41 AM IST,SIGNATURE,Realty,Unknown,783.5,1.27,705.2,1158.0,11.1,32.34,44.35,795.27,898.76,208187.25,199200.0,0.96,Bearish,0,8,15,0,15,8,8,"Weak but watchable RSI, Close to 52W low with recovery potential, Below 200 DMA risk"
29.08.2026 at 02:41 AM IST,CROMPTON,Consumer Durables,Unknown,237.9,-0.15,214.82,333.49,10.75,28.66,35.09,257.43,256.32,4479330.55,4429720.0,0.99,Bearish,0,8,15,0,15,8,8,"Weak but watchable RSI, Close to 52W low with recovery potential, Below 200 DMA risk"
29.08.2026 at 02:41 AM IST,RELIGARE,Unknown,Unknown,234.2,2.79,196.51,280.0,19.18,16.36,43.93,253.2,237.95,1173358.65,582315.0,0.5,Bearish,0,8,15,0,15,8,8,"Weak but watchable RSI, Close to 52W low with recovery potential, Below 200 DMA risk"
29.08.2026 at 02:41 AM IST,REDTAPE,Unknown,Unknown,124.26,1.39,105.92,161.06,17.31,22.85,44.89,129.96,125.39,552697.55,503927.0,0.91,Bearish,0,8,15,0,15,8,8,"Weak but watchable RSI, Close to 52W low with recovery potential, Below 200 DMA risk"
29.08.2026 at 02:41 AM IST,RCF,Unknown,Unknown,121.77,-0.46,106.0,161.77,14.88,24.73,43.43,127.59,130.34,1594417.35,704727.0,0.44,Bearish,0,8,15,0,15,8,8,"Weak but watchable RSI, Close to 52W low with recovery potential, Below 200 DMA risk"
29.08.2026 at 02:41 AM IST,ASIANTILES,Unknown,Unknown,47.02,0.64,42.5,79.06,10.64,40.53,41.41,51.21,62.94,6113426.9,3539428.0,0.58,Bearish,0,8,15,0,15,8,8,"Weak but watchable RSI, Close to 52W low with recovery potential, Below 200 DMA risk"
29.08.2026 at 02:41 AM IST,ASHOKAMET,Unknown,Unknown,13.51,0.07,12.13,21.0,11.38,35.67,37.15,14.37,15.03,15075.55,12184.0,0.81,Bearish,0,8,15,0,15,8,8,"Weak but watchable RSI, Close to 52W low with recovery potential, Below 200 DMA risk"
29.08.2026 at 02:41 AM IST,ASHOKA,Unknown,Unknown,113.05,-0.89,101.0,214.5,11.93,47.3,35.34,123.25,138.66,665835.6,305638.0,0.46,Bearish,0,8,15,0,15,8,8,"Weak but watchable RSI, Close to 52W low with recovery potential, Below 200 DMA risk"
29.08.2026 at 02:41 AM IST,ANTGRAPHIC,Unknown,Unknown,0.72,-1.37,0.64,1.22,12.5,40.98,38.37,0.76,0.86,136056.15,54840.0,0.4,Bearish,0,8,15,0,15,8,8,"Weak but watchable RSI, Close to 52W low with recovery potential, Below 200 DMA risk"
29.08.2026 at 02:41 AM IST,ANMOL,Unknown,Unknown,9.99,-0.4,8.4,17.74,18.93,43.69,42.13,10.55,11.94,30592.8,15057.0,0.49,Bearish,0,8,15,0,15,8,8,"Weak but watchable RSI, Close to 52W low with recovery potential, Below 200 DMA risk"
29.08.2026 at 02:41 AM IST,DELTAMAGNT,Unknown,Unknown,57.22,-1.05,45.51,93.45,25.73,38.77,45.69,59.0,62.17,4113.6,5090.0,1.24,Bearish,0,10,8,5,15,8,8,"RSI recovering zone, Within 30% of 52W low, Normal volume support, Below 200 DMA risk"
29.08.2026 at 02:41 AM IST,KALAMANDIR,Unknown,Unknown,86.48,-1.5,84.5,219.28,2.34,60.56,43.07,93.55,112.64,408986.35,257232.0,0.63,Bearish,0,8,20,0,20,8,8,"Weak but watchable RSI, Near 52W low with non-crashing RSI, Below 200 DMA risk, Very far from 52W high"
29.08.2026 at 02:41 AM IST,JUBLPHARMA,Healthcare,Unknown,878.7,-0.98,782.0,1178.7,12.37,25.45,38.05,946.26,963.7,370230.95,86026.0,0.23,Bearish,0,8,15,0,15,8,8,"Weak but watchable RSI, Close to 52W low with recovery potential, Below 200 DMA risk"
29.08.2026 at 02:41 AM IST,SWARAJENG,Unknown,Unknown,3548.3,-0.02,3212.8,4423.17,10.44,19.78,35.52,3690.36,3621.52,5572.55,4442.0,0.8,Bearish,0,8,15,0,15,8,8,"Weak but watchable RSI, Close to 52W low with recovery potential, Below 200 DMA risk"
29.08.2026 at 02:41 AM IST,BCG,Unknown,Unknown,9.03,-0.44,7.7,16.72,17.27,45.99,39.3,9.59,10.25,6419598.05,2937320.0,0.46,Bearish,0,8,15,0,15,8,8,"Weak but watchable RSI, Close to 52W low with recovery potential, Below 200 DMA risk"
29.08.2026 at 02:41 AM IST,BBL,Unknown,Unknown,2370.4,1.35,2025.25,3367.03,17.04,29.6,44.93,2553.43,2620.33,37778.25,27598.0,0.73,Bearish,0,8,15,0,15,8,8,"Weak but watchable RSI, Close to 52W low with recovery potential, Below 200 DMA risk"
29.08.2026 at 02:41 AM IST,INDBANK,Unknown,Unknown,31.55,-1.22,28.25,47.15,11.68,33.09,40.16,32.95,34.23,27541.5,25096.0,0.91,Bearish,0,8,15,0,15,8,8,"Weak but watchable RSI, Close to 52W low with recovery potential, Below 200 DMA risk"
29.08.2026 at 02:41 AM IST,MAHEPC,Unknown,Unknown,106.86,-0.45,91.91,182.5,16.27,41.45,42.22,112.27,118.22,20835.85,4257.0,0.2,Bearish,0,8,15,0,15,8,8,"Weak but watchable RSI, Close to 52W low with recovery potential, Below 200 DMA risk"
29.08.2026 at 02:41 AM IST,KNRCON,Unknown,Unknown,122.45,-0.79,108.65,220.0,12.7,44.34,38.48,129.2,136.01,1769589.75,768064.0,0.43,Bearish,0,8,15,0,15,8,8,"Weak but watchable RSI, Close to 52W low with recovery potential, Below 200 DMA risk"
29.08.2026 at 02:41 AM IST,SUPREME,Unknown,Unknown,39.0,-1.12,38.5,97.84,1.3,60.14,31.82,44.92,56.98,26108.6,15330.0,0.59,Bearish,0,8,20,0,20,8,8,"Weak but watchable RSI, Near 52W low with non-crashing RSI, Below 200 DMA risk, Very far from 52W high"
29.08.2026 at 02:41 AM IST,HGS,Unknown,Unknown,402.55,0.15,342.05,546.35,17.69,26.32,39.01,418.63,419.01,19761.25,9634.0,0.49,Bearish,0,8,15,0,15,8,8,"Weak but watchable RSI, Close to 52W low with recovery potential, Below 200 DMA risk"
29.08.2026 at 02:41 AM IST,CINEVISTA,Unknown,Unknown,14.18,-2.41,12.16,22.8,16.61,37.81,37.69,15.29,15.54,10695.7,8518.0,0.8,Bearish,0,8,15,0,15,8,8,"Weak but watchable RSI, Close to 52W low with recovery potential, Below 200 DMA risk"
29.08.2026 at 02:41 AM IST,CHOLAHLDNG,Financial Services,Unknown,1517.2,-2.71,1303.97,2062.37,16.35,26.43,40.09,1590.96,1658.25,175064.95,82278.0,0.47,Bearish,0,8,15,0,15,8,8,"Weak but watchable RSI, Close to 52W low with recovery potential, Below 200 DMA risk"
29.08.2026 at 02:41 AM IST,CHEMPLASTS,Unknown,Unknown,178.65,0.46,170.02,451.3,5.08,60.41,41.33,194.81,240.75,333292.9,168014.0,0.5,Bearish,0,8,20,0,20,8,8,"Weak but watchable RSI, Near 52W low with non-crashing RSI, Below 200 DMA risk, Very far from 52W high"
29.08.2026 at 02:41 AM IST,SUDARCOLOR,Unknown,Unknown,379.65,-2.01,268.25,603.0,41.53,37.04,43.36,377.08,383.31,23089.4,14953.0,0.65,Bullish,15,8,0,0,15,8,8,"Above 50 DMA, Weak but watchable RSI, Below 200 DMA risk"
29.08.2026 at 02:41 AM IST,POWERICA,Unknown,Unknown,519.0,-2.44,365.1,676.95,42.15,23.33,42.66,564.85,,194315.55,108857.0,0.56,Bearish,0,8,0,0,0,8,8,Weak but watchable RSI
29.08.2026 at 02:41 AM IST,HINDCOMPOS,Unknown,Unknown,409.45,0.29,347.1,550.0,17.96,25.55,41.01,426.76,425.51,3664.75,1894.0,0.52,Bearish,0,8,15,0,15,8,8,"Weak but watchable RSI, Close to 52W low with recovery potential, Below 200 DMA risk"
29.08.2026 at 02:41 AM IST,KARMAENG,Unknown,Unknown,38.05,0.13,34.38,73.7,10.67,48.37,44.18,39.53,44.42,6202.4,410.0,0.07,Bearish,0,8,15,0,15,8,8,"Weak but watchable RSI, Close to 52W low with recovery potential, Below 200 DMA risk"
29.08.2026 at 02:41 AM IST,DEVIT,Unknown,Unknown,24.86,-2.36,22.25,47.88,11.73,48.08,36.52,26.9,30.45,39140.95,34292.0,0.88,Bearish,0,8,15,0,15,8,8,"Weak but watchable RSI, Close to 52W low with recovery potential, Below 200 DMA risk"
29.08.2026 at 02:41 AM IST,SMLT,Unknown,Unknown,67.6,-1.24,56.61,122.85,19.41,44.97,44.74,68.92,75.47,7917.1,5180.0,0.65,Bearish,0,8,15,0,15,8,8,"Weak but watchable RSI, Close to 52W low with recovery potential, Below 200 DMA risk"
29.08.2026 at 02:41 AM IST,INTELLECT,Information Technology,Unknown,678.3,-0.83,589.52,1232.73,15.06,44.98,35.47,727.34,791.1,425955.6,183882.0,0.43,Bearish,0,8,15,0,15,8,8,"Weak but watchable RSI, Close to 52W low with recovery potential, Below 200 DMA risk"
29.08.2026 at 02:41 AM IST,GOYALALUM,Unknown,Unknown,6.33,-0.47,5.34,11.37,18.54,44.33,40.93,6.61,6.9,57874.75,50418.0,0.87,Bearish,0,8,15,0,15,8,8,"Weak but watchable RSI, Close to 52W low with recovery potential, Below 200 DMA risk"
29.08.2026 at 02:41 AM IST,BEDMUTHA,Unknown,Unknown,106.04,-1.17,94.55,154.9,12.15,31.54,41.47,109.82,113.86,3609.65,2151.0,0.6,Bearish,0,8,15,0,15,8,8,"Weak but watchable RSI, Close to 52W low with recovery potential, Below 200 DMA risk"
29.08.2026 at 02:41 AM IST,DRCSYSTEMS,Unknown,Unknown,12.79,0.24,11.5,23.68,11.22,45.99,42.94,13.49,15.32,53082.85,15496.0,0.29,Bearish,0,8,15,0,15,8,8,"Weak but watchable RSI, Close to 52W low with recovery potential, Below 200 DMA risk"
29.08.2026 at 02:41 AM IST,AQYLON,Unknown,Unknown,23.27,-2.84,20.87,1714.9,11.5,98.64,36.19,31.98,316.74,3987196.05,4774267.0,1.2,Bearish,0,8,15,5,20,8,8,"Weak but watchable RSI, Close to 52W low with recovery potential, Normal volume support, Below 200 DMA risk, Very far from 52W high"
29.08.2026 at 02:41 AM IST,STANLEY,Unknown,Unknown,137.98,0.71,123.0,320.45,12.18,56.94,39.24,149.64,169.01,126105.65,76157.0,0.6,Bearish,0,8,15,0,15,8,8,"Weak but watchable RSI, Close to 52W low with recovery potential, Below 200 DMA risk"
29.08.2026 at 02:41 AM IST,DCMSIL,Unknown,Unknown,73.26,-2.64,49.22,104.67,48.85,30.01,42.92,76.73,,81928.55,60094.0,0.73,Bearish,0,8,0,0,0,8,8,Weak but watchable RSI
29.08.2026 at 02:41 AM IST,COCKERILL,Unknown,Unknown,8089.5,0.81,5015.25,10871.5,61.3,25.59,41.1,8917.89,,16112.8,4588.0,0.28,Bearish,0,8,0,0,0,8,8,Weak but watchable RSI
29.08.2026 at 02:41 AM IST,RAJTV,Unknown,Unknown,10.43,-1.42,9.93,46.9,5.04,77.76,41.94,11.43,27.53,64458.1,11911.0,0.18,Bearish,0,8,20,0,20,8,8,"Weak but watchable RSI, Near 52W low with non-crashing RSI, Below 200 DMA risk, Very far from 52W high"
29.08.2026 at 02:41 AM IST,RAILTEL,Telecommunication,Unknown,279.05,-0.66,243.93,408.55,14.4,31.7,41.19,295.53,315.19,1196132.05,291964.0,0.24,Bearish,0,8,15,0,15,8,8,"Weak but watchable RSI, Close to 52W low with recovery potential, Below 200 DMA risk"
29.08.2026 at 02:41 AM IST,YATRA,Unknown,Unknown,107.81,-4.5,89.9,202.0,19.92,46.63,43.16,111.23,128.59,2493024.15,779798.0,0.31,Bearish,0,8,15,0,15,8,8,"Weak but watchable RSI, Close to 52W low with recovery potential, Below 200 DMA risk"
29.08.2026 at 02:41 AM IST,VMSTMT,Unknown,Unknown,46.26,-0.94,33.5,105.0,38.09,55.94,44.84,46.06,48.46,95386.0,11380.0,0.12,Bullish,15,8,0,0,15,8,8,"Above 50 DMA, Weak but watchable RSI, Below 200 DMA risk"
29.08.2026 at 02:41 AM IST,VISACHROME,Unknown,Unknown,37.21,-0.24,27.05,73.68,37.56,49.5,44.03,39.2,42.58,219714.1,4085526.0,18.59,Bearish,0,8,0,15,15,8,8,"Weak but watchable RSI, Strong volume expansion, Below 200 DMA risk"
29.08.2026 at 02:41 AM IST,DNAMEDIA,Unknown,Unknown,2.6,0.78,2.28,5.44,14.04,52.21,43.38,2.76,3.28,65953.85,8995.0,0.14,Bearish,0,8,15,0,15,8,8,"Weak but watchable RSI, Close to 52W low with recovery potential, Below 200 DMA risk"
29.08.2026 at 02:41 AM IST,WEIZMANIND,Unknown,Unknown,75.6,-0.04,64.8,121.17,16.67,37.61,37.53,79.29,85.72,784.6,401.0,0.51,Bearish,0,8,15,0,15,8,8,"Weak but watchable RSI, Close to 52W low with recovery potential, Below 200 DMA risk"
29.08.2026 at 02:41 AM IST,WEALTH,Unknown,Unknown,864.15,0.95,771.33,1283.77,12.03,32.69,37.42,941.43,932.8,1901.3,271.0,0.14,Bearish,0,8,15,0,15,8,8,"Weak but watchable RSI, Close to 52W low with recovery potential, Below 200 DMA risk"
29.08.2026 at 02:41 AM IST,WILLAMAGOR,Unknown,Unknown,24.1,0.21,21.11,37.5,14.16,35.73,39.67,25.81,27.7,3325.9,90.0,0.03,Bearish,0,8,15,0,15,8,8,"Weak but watchable RSI, Close to 52W low with recovery potential, Below 200 DMA risk"
29.08.2026 at 02:41 AM IST,ZENSARTECH,Information Technology,Unknown,463.75,-1.72,412.97,845.39,12.3,45.14,36.77,483.36,564.2,747444.85,526320.0,0.7,Bearish,0,8,15,0,15,8,8,"Weak but watchable RSI, Close to 52W low with recovery potential, Below 200 DMA risk"
29.08.2026 at 02:41 AM IST,NATHBIOGEN,Unknown,Unknown,153.86,0.69,126.15,204.0,21.97,24.58,41.88,160.98,157.4,17311.95,17896.0,1.03,Bearish,0,8,8,5,15,6,6,"Weak but watchable RSI, Within 30% of 52W low, Normal volume support, Below 200 DMA risk"
29.08.2026 at 02:41 AM IST,ARCHIES,Unknown,Unknown,13.4,-0.81,10.86,24.38,23.39,45.04,40.84,13.97,15.55,12080.4,12809.0,1.06,Bearish,0,8,8,5,15,6,6,"Weak but watchable RSI, Within 30% of 52W low, Normal volume support, Below 200 DMA risk"
29.08.2026 at 02:41 AM IST,NILAINFRA,Unknown,Unknown,6.89,-1.15,5.9,11.55,16.78,40.35,34.2,7.37,8.2,204876.75,231587.0,1.13,Bearish,0,8,8,5,15,6,6,"Weak but watchable RSI, Within 30% of 52W low, Normal volume support, Below 200 DMA risk"
29.08.2026 at 02:41 AM IST,WAAREERTL,Unknown,Unknown,874.95,-1.22,779.5,1358.0,12.25,35.57,32.87,952.34,951.3,97668.1,102752.0,1.05,Bearish,0,8,8,5,15,6,6,"Weak but watchable RSI, Within 30% of 52W low, Normal volume support, Below 200 DMA risk"
29.08.2026 at 02:41 AM IST,SALZERELEC,Unknown,Unknown,544.75,-1.66,486.57,948.15,11.96,42.55,31.36,595.19,629.99,66024.9,68041.0,1.03,Bearish,0,8,8,5,15,6,6,"Weak but watchable RSI, Within 30% of 52W low, Normal volume support, Below 200 DMA risk"
29.08.2026 at 02:41 AM IST,TATACOMM,Telecommunication,Unknown,1689.6,2.44,1310.58,2110.0,28.92,19.92,42.96,1816.42,1710.48,248684.7,290206.0,1.17,Bearish,0,8,8,5,15,6,6,"Weak but watchable RSI, Within 30% of 52W low, Normal volume support, Below 200 DMA risk"
29.08.2026 at 02:41 AM IST,GTLINFRA,Unknown,Unknown,1.2,-0.83,0.96,1.67,25.0,28.14,38.02,1.28,1.24,35255949.85,38632731.0,1.1,Bearish,0,8,8,5,15,6,6,"Weak but watchable RSI, Within 30% of 52W low, Normal volume support, Below 200 DMA risk"
29.08.2026 at 02:41 AM IST,AGIIL,Unknown,Unknown,288.8,0.31,224.7,434.4,28.53,33.52,33.43,324.33,312.46,1359813.05,1434025.0,1.05,Bearish,0,8,8,5,15,6,6,"Weak but watchable RSI, Within 30% of 52W low, Normal volume support, Below 200 DMA risk"
29.08.2026 at 02:41 AM IST,UNITECH,Unknown,Unknown,3.92,-1.01,3.1,7.93,26.45,50.57,33.58,4.38,4.97,3910882.2,4084051.0,1.04,Bearish,0,8,8,5,15,6,6,"Weak but watchable RSI, Within 30% of 52W low, Normal volume support, Below 200 DMA risk"
29.08.2026 at 02:41 AM IST,MASTEK,Unknown,Unknown,1611.6,-2.0,1334.2,2587.07,20.79,37.71,31.46,1715.9,1803.44,73990.85,81510.0,1.1,Bearish,0,8,8,5,15,6,6,"Weak but watchable RSI, Within 30% of 52W low, Normal volume support, Below 200 DMA risk"
29.08.2026 at 02:41 AM IST,TOLINS,Unknown,Unknown,95.29,-1.34,83.04,202.0,14.75,52.83,32.9,102.34,115.23,42965.0,48675.0,1.13,Bearish,0,8,8,5,15,6,6,"Weak but watchable RSI, Within 30% of 52W low, Normal volume support, Below 200 DMA risk"
29.08.2026 at 02:41 AM IST,SOMATEX,Unknown,Unknown,80.8,-4.69,61.86,160.5,30.62,49.66,25.5,96.21,107.31,12529.75,30964.0,2.47,Bearish,0,5,0,15,15,5,5,"Oversold RSI, Strong volume expansion, Below 200 DMA risk"
29.08.2026 at 02:41 AM IST,KAKATCEM,Unknown,Unknown,115.39,1.23,82.92,161.49,39.16,28.55,50.89,115.73,117.92,3987.7,2465.0,0.62,Bearish,0,20,0,0,15,5,5,"Healthy RSI momentum, Below 200 DMA risk"
29.08.2026 at 02:41 AM IST,TECILCHEM,Unknown,Unknown,9.09,-4.21,8.0,22.87,13.63,60.25,47.83,9.71,13.63,51015.2,10472.0,0.21,Bearish,0,10,15,0,20,5,5,"RSI recovering zone, Close to 52W low with recovery potential, Below 200 DMA risk, Very far from 52W high"
29.08.2026 at 02:41 AM IST,TIGERLOGS,Unknown,Unknown,30.09,1.86,22.9,56.69,31.4,46.92,54.31,31.38,33.25,358848.0,242067.0,0.67,Bearish,0,20,0,0,15,5,5,"Healthy RSI momentum, Below 200 DMA risk"
29.08.2026 at 02:41 AM IST,TEXRAIL,Unknown,Unknown,108.43,-0.56,78.05,153.0,38.92,29.13,50.8,110.63,112.99,1378618.95,851548.0,0.62,Bearish,0,20,0,0,15,5,5,"Healthy RSI momentum, Below 200 DMA risk"
29.08.2026 at 02:41 AM IST,KHANDSE,Unknown,Unknown,17.38,1.94,12.2,26.88,42.46,35.34,50.83,17.42,18.41,1972.05,431.0,0.22,Bearish,0,20,0,0,15,5,5,"Healthy RSI momentum, Below 200 DMA risk"
29.08.2026 at 02:41 AM IST,KAVDEFENCE,Unknown,Unknown,57.83,-0.99,51.51,162.87,12.27,64.49,48.25,59.9,66.95,120281.05,77154.0,0.64,Bearish,0,10,15,0,20,5,5,"RSI recovering zone, Close to 52W low with recovery potential, Below 200 DMA risk, Very far from 52W high"
29.08.2026 at 02:41 AM IST,KREBSBIO,Unknown,Unknown,56.21,6.06,38.33,82.49,46.65,31.86,53.68,56.53,60.12,5983.3,4874.0,0.81,Bearish,0,20,0,0,15,5,5,"Healthy RSI momentum, Below 200 DMA risk"
29.08.2026 at 02:41 AM IST,KSHITIJPOL,Unknown,Unknown,3.01,-3.22,1.88,7.2,60.11,58.19,49.35,3.26,3.11,1289324.0,2142718.0,1.66,Bearish,0,10,0,10,15,5,5,"RSI recovering zone, Volume expansion, Below 200 DMA risk"
29.08.2026 at 02:41 AM IST,DAMCAPITAL,Unknown,Unknown,148.12,-0.6,118.42,284.08,25.08,47.86,47.96,151.77,167.37,299834.8,208302.0,0.69,Bearish,0,10,8,0,15,3,3,"RSI recovering zone, Within 30% of 52W low, Below 200 DMA risk"
29.08.2026 at 02:41 AM IST,NKIND,Unknown,Unknown,59.65,0.95,49.66,87.78,20.12,32.05,47.69,61.55,64.5,19563.6,5547.0,0.28,Bearish,0,10,8,0,15,3,3,"RSI recovering zone, Within 30% of 52W low, Below 200 DMA risk"
29.08.2026 at 02:41 AM IST,ARSSBL,Unknown,Unknown,517.05,-1.76,412.33,787.83,25.4,34.37,49.65,531.4,559.19,174000.95,77288.0,0.44,Bearish,0,10,8,0,15,3,3,"RSI recovering zone, Within 30% of 52W low, Below 200 DMA risk"
29.08.2026 at 02:41 AM IST,SHARDAMOTR,Unknown,Unknown,874.5,-1.92,700.0,1189.9,24.93,26.51,46.29,874.85,881.34,92541.7,29628.0,0.32,Bearish,0,10,8,0,15,3,3,"RSI recovering zone, Within 30% of 52W low, Below 200 DMA risk"
29.08.2026 at 02:41 AM IST,INSECTICID,Unknown,Unknown,567.1,-2.14,518.6,833.38,9.35,31.95,23.96,639.35,661.95,34309.9,75819.0,2.21,Bearish,0,5,8,15,25,3,3,"Oversold RSI, Within 30% of 52W low, Strong volume expansion, Below 200 DMA risk, Extreme RSI weakness"
29.08.2026 at 02:41 AM IST,TRU,Unknown,Unknown,4.04,-2.18,3.95,13.82,2.28,70.77,29.94,4.86,6.44,156142.95,210414.0,1.35,Bearish,0,5,8,10,20,3,3,"Oversold RSI, Within 30% of 52W low, Volume expansion, Below 200 DMA risk, Very far from 52W high"
29.08.2026 at 02:41 AM IST,INDIANCARD,Unknown,Unknown,208.03,-0.31,153.0,303.05,35.97,31.35,39.78,220.58,220.62,1932.0,2682.0,1.39,Bearish,0,8,0,10,15,3,3,"Weak but watchable RSI, Volume expansion, Below 200 DMA risk"
29.08.2026 at 02:41 AM IST,NIPPOBATRY,Unknown,Unknown,327.35,0.58,257.0,500.63,27.37,34.61,47.3,334.74,358.17,2170.0,1244.0,0.57,Bearish,0,10,8,0,15,3,3,"RSI recovering zone, Within 30% of 52W low, Below 200 DMA risk"
29.08.2026 at 02:41 AM IST,DREAMFOLKS,Unknown,Unknown,67.31,-2.12,56.0,160.0,20.2,57.93,46.7,68.4,84.95,65703.1,29972.0,0.46,Bearish,0,10,8,0,15,3,3,"RSI recovering zone, Within 30% of 52W low, Below 200 DMA risk"
29.08.2026 at 02:41 AM IST,ARENTERP,Unknown,Unknown,37.29,2.19,30.01,60.79,24.26,38.66,47.35,37.79,41.23,2134.05,658.0,0.31,Bearish,0,10,8,0,15,3,3,"RSI recovering zone, Within 30% of 52W low, Below 200 DMA risk"
29.08.2026 at 02:41 AM IST,AAATECH,Unknown,Unknown,92.01,0.57,76.11,136.0,20.89,32.35,47.45,93.5,96.52,28855.4,4547.0,0.16,Bearish,0,10,8,0,15,3,3,"RSI recovering zone, Within 30% of 52W low, Below 200 DMA risk"
29.08.2026 at 02:41 AM IST,SPCENET,Unknown,Unknown,3.34,0.0,2.99,11.21,11.64,70.2,39.29,3.62,4.82,737362.0,635708.0,0.86,Bearish,0,8,15,0,20,3,3,"Weak but watchable RSI, Close to 52W low with recovery potential, Below 200 DMA risk, Very far from 52W high"
29.08.2026 at 02:41 AM IST,SSDL,Unknown,Unknown,56.33,-1.61,46.15,92.48,22.06,39.09,46.16,56.33,64.69,87629.15,35212.0,0.4,Bearish,0,10,8,0,15,3,3,"RSI recovering zone, Within 30% of 52W low, Below 200 DMA risk"
29.08.2026 at 02:41 AM IST,MURUDCERA,Unknown,Unknown,30.65,0.1,25.16,47.5,21.82,35.47,46.28,31.17,32.73,18311.2,4805.0,0.26,Bearish,0,10,8,0,15,3,3,"RSI recovering zone, Within 30% of 52W low, Below 200 DMA risk"
29.08.2026 at 02:41 AM IST,RECLTD,Financial Services,Unknown,320.9,-0.4,299.26,381.34,7.23,15.85,28.34,350.78,344.67,5931070.7,6223407.0,1.05,Bearish,0,5,8,5,15,3,3,"Oversold RSI, Within 30% of 52W low, Normal volume support, Below 200 DMA risk"
29.08.2026 at 02:41 AM IST,FISCHER,Unknown,Unknown,35.27,-2.16,31.05,124.7,13.59,71.72,38.16,38.0,39.43,1462399.2,329799.0,0.23,Bearish,0,8,15,0,20,3,3,"Weak but watchable RSI, Close to 52W low with recovery potential, Below 200 DMA risk, Very far from 52W high"
29.08.2026 at 02:41 AM IST,TRIVENI,Unknown,Unknown,282.21,-1.24,220.05,490.1,28.25,42.42,45.81,344.59,367.48,1451886.65,752847.0,0.52,Bearish,0,10,8,0,15,3,3,"RSI recovering zone, Within 30% of 52W low, Below 200 DMA risk"
29.08.2026 at 02:41 AM IST,RVHL,Unknown,Unknown,39.78,-2.88,28.5,71.36,39.58,44.25,35.64,44.38,45.06,11330.05,18438.0,1.63,Bearish,0,8,0,10,15,3,3,"Weak but watchable RSI, Volume expansion, Below 200 DMA risk"
29.08.2026 at 02:41 AM IST,NAGREEKEXP,Unknown,Unknown,22.52,2.09,17.5,40.0,28.69,43.7,45.12,23.83,25.29,133392.45,5505.0,0.04,Bearish,0,10,8,0,15,3,3,"RSI recovering zone, Within 30% of 52W low, Below 200 DMA risk"
29.08.2026 at 02:41 AM IST,RADAAN,Unknown,Unknown,3.01,-0.33,2.35,3.99,28.09,24.56,49.08,3.02,3.13,20748.0,12988.0,0.63,Bearish,0,10,8,0,15,3,3,"RSI recovering zone, Within 30% of 52W low, Below 200 DMA risk"
29.08.2026 at 02:41 AM IST,NAHARPOLY,Unknown,Unknown,246.55,0.43,200.0,338.8,23.28,27.23,47.39,254.23,248.77,27550.75,6568.0,0.24,Bearish,0,10,8,0,15,3,3,"RSI recovering zone, Within 30% of 52W low, Below 200 DMA risk"
29.08.2026 at 02:41 AM IST,PILITA,Unknown,Unknown,8.11,-0.37,6.2,15.9,30.81,48.99,41.85,8.63,8.85,54611.15,86576.0,1.59,Bearish,0,8,0,10,15,3,3,"Weak but watchable RSI, Volume expansion, Below 200 DMA risk"
29.08.2026 at 02:41 AM IST,TATAPOWER,Power,Unknown,352.0,-3.3,340.39,462.04,3.41,23.82,21.57,379.7,387.5,4513435.4,16236355.0,3.6,Bearish,0,5,8,15,25,3,3,"Oversold RSI, Within 30% of 52W low, Strong volume expansion, Below 200 DMA risk, Extreme RSI weakness"
29.08.2026 at 02:41 AM IST,ONESOURCE,Healthcare,Unknown,1517.5,2.28,1057.0,1925.0,43.57,21.17,40.96,1606.05,1591.8,183175.6,315066.0,1.72,Bearish,0,8,0,10,15,3,3,"Weak but watchable RSI, Volume expansion, Below 200 DMA risk"
29.08.2026 at 02:41 AM IST,TERASOFT,Unknown,Unknown,301.35,-1.62,285.0,598.0,5.74,49.61,27.02,383.44,395.2,34442.6,42482.0,1.23,Bearish,0,5,8,5,15,3,3,"Oversold RSI, Within 30% of 52W low, Normal volume support, Below 200 DMA risk"
29.08.2026 at 02:41 AM IST,ITCHOTELS,Consumer Services,Unknown,164.16,-1.51,136.41,252.02,20.35,34.86,45.06,170.99,173.21,1534046.4,938238.0,0.61,Bearish,0,10,8,0,15,3,3,"RSI recovering zone, Within 30% of 52W low, Below 200 DMA risk"
29.08.2026 at 02:41 AM IST,EMKAY,Unknown,Unknown,239.73,0.2,184.85,407.36,29.69,41.15,46.72,251.61,250.05,21462.6,13138.0,0.61,Bearish,0,10,8,0,15,3,3,"RSI recovering zone, Within 30% of 52W low, Below 200 DMA risk"
29.08.2026 at 02:41 AM IST,HINDPETRO,Oil Gas & Consumable Fuels,Unknown,371.0,-1.2,300.71,483.54,23.38,23.27,49.11,374.72,390.9,5669221.25,3872498.0,0.68,Bearish,0,10,8,0,15,3,3,"RSI recovering zone, Within 30% of 52W low, Below 200 DMA risk"
29.08.2026 at 02:41 AM IST,MASKINVEST,Unknown,Unknown,146.3,-3.57,114.94,246.09,27.28,40.55,45.52,151.41,149.15,128.1,7.0,0.05,Bearish,0,10,8,0,15,3,3,"RSI recovering zone, Within 30% of 52W low, Below 200 DMA risk"
29.08.2026 at 02:41 AM IST,VIVIDHA,Unknown,Unknown,0.52,1.96,0.43,0.91,20.93,42.86,46.11,0.53,0.58,278120.45,83499.0,0.3,Bearish,0,10,8,0,15,3,3,"RSI recovering zone, Within 30% of 52W low, Below 200 DMA risk"
29.08.2026 at 02:41 AM IST,ORIENTPPR,Unknown,Unknown,17.04,0.06,13.25,29.0,28.6,41.24,45.01,17.32,19.18,281323.95,119793.0,0.43,Bearish,0,10,8,0,15,3,3,"RSI recovering zone, Within 30% of 52W low, Below 200 DMA risk"
29.08.2026 at 02:41 AM IST,LEMERITE,Unknown,Unknown,21.81,-0.41,19.52,107.57,11.73,79.72,36.72,22.87,69.24,309836.55,141633.0,0.46,Bearish,0,8,15,0,20,3,3,"Weak but watchable RSI, Close to 52W low with recovery potential, Below 200 DMA risk, Very far from 52W high"
29.08.2026 at 02:41 AM IST,SHYAMTEL,Unknown,Unknown,13.1,-0.38,7.07,25.42,85.29,48.47,34.06,16.56,14.15,5485.2,8266.0,1.51,Bearish,0,8,0,10,15,3,3,"Weak but watchable RSI, Volume expansion, Below 200 DMA risk"
29.08.2026 at 02:41 AM IST,BAGFILMS,Unknown,Unknown,4.44,-0.22,3.61,8.0,22.99,44.5,48.83,4.51,5.25,98776.45,76241.0,0.77,Bearish,0,10,8,0,15,3,3,"RSI recovering zone, Within 30% of 52W low, Below 200 DMA risk"
29.08.2026 at 02:41 AM IST,DOLLAR,Unknown,Unknown,265.25,-2.09,217.93,391.39,21.71,32.23,45.24,266.08,290.7,155449.7,36835.0,0.24,Bearish,0,10,8,0,15,3,3,"RSI recovering zone, Within 30% of 52W low, Below 200 DMA risk"
29.08.2026 at 02:41 AM IST,ABREL,Realty,Unknown,1393.4,0.08,1078.22,1961.88,29.23,28.98,48.53,1393.59,1414.43,224077.25,111296.0,0.5,Bearish,0,10,8,0,15,3,3,"RSI recovering zone, Within 30% of 52W low, Below 200 DMA risk"
29.08.2026 at 02:41 AM IST,AAKASH,Unknown,Unknown,8.75,0.23,7.21,13.4,21.36,34.7,46.59,8.93,8.75,133237.15,21147.0,0.16,Bearish,0,10,8,0,15,3,3,"RSI recovering zone, Within 30% of 52W low, Below 200 DMA risk"
29.08.2026 at 02:41 AM IST,ORCHASP,Unknown,Unknown,1.43,2.88,1.25,4.16,14.4,65.62,43.61,1.67,2.24,426937.55,239511.0,0.56,Bearish,0,8,15,0,20,3,3,"Weak but watchable RSI, Close to 52W low with recovery potential, Below 200 DMA risk, Very far from 52W high"
29.08.2026 at 02:41 AM IST,SINTERCOM,Unknown,Unknown,79.82,0.96,62.99,130.0,26.72,38.6,46.78,79.96,87.17,7704.55,1034.0,0.13,Bearish,0,10,8,0,15,3,3,"RSI recovering zone, Within 30% of 52W low, Below 200 DMA risk"
29.08.2026 at 02:41 AM IST,UMESLTD,Unknown,Unknown,5.14,-8.38,3.88,7.14,32.47,28.01,40.13,5.67,5.38,42084.55,126042.0,2.99,Bearish,0,8,0,15,20,3,3,"Weak but watchable RSI, Strong volume expansion, Below 200 DMA risk, Sharp daily fall"
29.08.2026 at 02:41 AM IST,TTML,Telecommunication,Unknown,36.46,-2.54,31.22,60.62,16.78,39.85,26.75,40.23,43.49,1425142.6,1480267.0,1.04,Bearish,0,5,8,5,15,3,3,"Oversold RSI, Within 30% of 52W low, Normal volume support, Below 200 DMA risk"
29.08.2026 at 02:41 AM IST,KAMOPAINTS,Unknown,Unknown,4.54,0.22,3.6,10.31,26.11,55.97,47.31,4.72,5.4,276119.15,115936.0,0.42,Bearish,0,10,8,0,15,3,3,"RSI recovering zone, Within 30% of 52W low, Below 200 DMA risk"
29.08.2026 at 02:41 AM IST,MADHAV,Unknown,Unknown,35.19,1.0,29.0,49.95,21.34,29.55,49.44,35.52,37.49,2913.45,1831.0,0.63,Bearish,0,10,8,0,15,3,3,"RSI recovering zone, Within 30% of 52W low, Below 200 DMA risk"
29.08.2026 at 02:41 AM IST,ROML,Unknown,Unknown,40.61,-4.31,35.11,62.0,15.67,34.5,23.54,44.89,45.95,2697.85,12924.0,4.79,Bearish,0,5,8,15,25,3,3,"Oversold RSI, Within 30% of 52W low, Strong volume expansion, Below 200 DMA risk, Extreme RSI weakness"
29.08.2026 at 02:41 AM IST,HISARMETAL,Unknown,Unknown,149.23,-1.71,124.16,193.68,20.19,22.95,47.6,151.39,156.13,2685.9,201.0,0.07,Bearish,0,10,8,0,15,3,3,"RSI recovering zone, Within 30% of 52W low, Below 200 DMA risk"
29.08.2026 at 02:41 AM IST,INNOVISION,Unknown,Unknown,251.4,-1.33,251.05,470.0,0.14,46.51,19.71,282.83,,18739.55,13867.0,0.74,Bearish,0,5,8,0,10,3,3,"Oversold RSI, Within 30% of 52W low, Extreme RSI weakness"
29.08.2026 at 02:41 AM IST,AGARIND,Unknown,Unknown,465.5,-1.0,360.0,1006.0,29.31,53.73,34.01,512.04,562.42,36926.3,22604.0,0.61,Bearish,0,8,8,0,15,1,1,"Weak but watchable RSI, Within 30% of 52W low, Below 200 DMA risk"
29.08.2026 at 02:41 AM IST,ZODIACLOTH,Unknown,Unknown,72.63,-1.26,58.5,119.45,24.15,39.2,37.34,77.57,79.61,3848.95,3734.0,0.97,Bearish,0,8,8,0,15,1,1,"Weak but watchable RSI, Within 30% of 52W low, Below 200 DMA risk"
29.08.2026 at 02:41 AM IST,ZAGGLE,Unknown,Unknown,189.43,-0.7,154.36,409.2,22.72,53.71,44.93,202.96,257.85,6078639.15,1804121.0,0.3,Bearish,0,8,8,0,15,1,1,"Weak but watchable RSI, Within 30% of 52W low, Below 200 DMA risk"
29.08.2026 at 02:41 AM IST,JINDALPHOT,Unknown,Unknown,1041.0,-0.15,845.15,1616.6,23.17,35.61,42.1,1092.54,1222.72,2094.55,1901.0,0.91,Bearish,0,8,8,0,15,1,1,"Weak but watchable RSI, Within 30% of 52W low, Below 200 DMA risk"
29.08.2026 at 02:41 AM IST,GAYAHWS,Unknown,Unknown,1.87,-1.58,1.51,4.76,23.84,60.71,39.07,1.97,2.41,236100.2,273888.0,1.16,Bearish,0,8,8,5,20,1,1,"Weak but watchable RSI, Within 30% of 52W low, Normal volume support, Below 200 DMA risk, Very far from 52W high"
29.08.2026 at 02:41 AM IST,RTNINDIA,Unknown,Unknown,30.1,-0.4,24.4,64.0,23.36,52.97,40.32,32.09,34.98,1408361.55,1230141.0,0.87,Bearish,0,8,8,0,15,1,1,"Weak but watchable RSI, Within 30% of 52W low, Below 200 DMA risk"
29.08.2026 at 02:41 AM IST,ZODIAC,Unknown,Unknown,247.25,0.59,205.55,415.0,20.29,40.42,44.85,259.46,282.57,23165.65,11449.0,0.49,Bearish,0,8,8,0,15,1,1,"Weak but watchable RSI, Within 30% of 52W low, Below 200 DMA risk"
29.08.2026 at 02:41 AM IST,HUDCO,Financial Services,Unknown,182.63,-2.31,156.74,239.22,16.51,23.66,31.52,198.02,200.06,1721123.65,1437057.0,0.83,Bearish,0,8,8,0,15,1,1,"Weak but watchable RSI, Within 30% of 52W low, Below 200 DMA risk"
29.08.2026 at 02:41 AM IST,CENTURYPLY,Unknown,Unknown,751.75,1.17,618.5,859.0,21.54,12.49,44.6,770.39,767.29,110786.45,55312.0,0.5,Bearish,0,8,8,0,15,1,1,"Weak but watchable RSI, Within 30% of 52W low, Below 200 DMA risk"
29.08.2026 at 02:41 AM IST,DYNPRO,Unknown,Unknown,232.4,0.56,190.8,403.0,21.8,42.33,43.43,239.42,239.77,19467.65,7205.0,0.37,Bearish,0,8,8,0,15,1,1,"Weak but watchable RSI, Within 30% of 52W low, Below 200 DMA risk"
29.08.2026 at 02:41 AM IST,PROTEAN,Unknown,Unknown,546.9,-1.56,436.03,928.52,25.43,41.1,43.15,574.75,615.06,249037.3,244683.0,0.98,Bearish,0,8,8,0,15,1,1,"Weak but watchable RSI, Within 30% of 52W low, Below 200 DMA risk"
29.08.2026 at 02:41 AM IST,VAIBHAVGBL,Unknown,Unknown,222.2,-0.63,171.95,286.08,29.22,22.33,36.8,241.99,228.37,430080.25,130477.0,0.3,Bearish,0,8,8,0,15,1,1,"Weak but watchable RSI, Within 30% of 52W low, Below 200 DMA risk"
29.08.2026 at 02:41 AM IST,LASA,Unknown,Unknown,6.97,0.43,5.67,14.08,22.93,50.5,41.9,7.3,8.27,40524.25,16622.0,0.41,Bearish,0,8,8,0,15,1,1,"Weak but watchable RSI, Within 30% of 52W low, Below 200 DMA risk"
29.08.2026 at 02:41 AM IST,INTENTECH,Unknown,Unknown,82.05,-1.05,66.3,149.9,23.76,45.26,44.21,90.1,102.82,33030.15,8344.0,0.25,Bearish,0,8,8,0,15,1,1,"Weak but watchable RSI, Within 30% of 52W low, Below 200 DMA risk"
29.08.2026 at 02:41 AM IST,EUROPRATIK,Unknown,Unknown,254.05,-2.27,204.92,389.66,23.97,34.8,30.62,294.72,277.16,199789.0,195601.0,0.98,Bearish,0,8,8,0,15,1,1,"Weak but watchable RSI, Within 30% of 52W low, Below 200 DMA risk"
29.08.2026 at 02:41 AM IST,RACE,Unknown,Unknown,101.59,0.81,84.11,252.0,20.78,59.69,42.63,108.19,122.01,10399.1,3586.0,0.34,Bearish,0,8,8,0,15,1,1,"Weak but watchable RSI, Within 30% of 52W low, Below 200 DMA risk"
29.08.2026 at 02:41 AM IST,SRGHFL,Unknown,Unknown,260.0,0.0,224.4,335.0,15.86,22.39,33.36,291.06,278.06,3938.25,394.0,0.1,Bearish,0,8,8,0,15,1,1,"Weak but watchable RSI, Within 30% of 52W low, Below 200 DMA risk"
29.08.2026 at 02:41 AM IST,HLEGLAS,Unknown,Unknown,314.85,0.45,250.0,661.95,25.94,52.44,34.3,388.31,376.45,447373.45,52671.0,0.12,Bearish,0,8,8,0,15,1,1,"Weak but watchable RSI, Within 30% of 52W low, Below 200 DMA risk"
29.08.2026 at 02:41 AM IST,BUTTERFLY,Unknown,Unknown,627.75,-1.8,565.8,823.85,10.95,23.8,31.29,696.59,655.02,26315.85,6732.0,0.26,Bearish,0,8,8,0,15,1,1,"Weak but watchable RSI, Within 30% of 52W low, Below 200 DMA risk"
29.08.2026 at 02:41 AM IST,BANCOINDIA,Unknown,Unknown,623.65,-0.67,502.0,859.79,24.23,27.46,44.97,649.35,638.85,156459.05,54297.0,0.35,Bearish,0,8,8,0,15,1,1,"Weak but watchable RSI, Within 30% of 52W low, Below 200 DMA risk"
29.08.2026 at 02:41 AM IST,BANDHANBNK,Financial Services,Unknown,169.7,-2.19,133.1,218.86,27.5,22.46,38.9,187.01,172.13,7277748.75,4668712.0,0.64,Bearish,0,8,8,0,15,1,1,"Weak but watchable RSI, Within 30% of 52W low, Below 200 DMA risk"
29.08.2026 at 02:41 AM IST,PYRAMID,Unknown,Unknown,159.99,-1.68,131.8,198.69,21.39,19.48,39.09,169.45,161.64,74494.9,52418.0,0.7,Bearish,0,8,8,0,15,1,1,"Weak but watchable RSI, Within 30% of 52W low, Below 200 DMA risk"
29.08.2026 at 02:41 AM IST,NIBL,Unknown,Unknown,30.58,-0.23,24.06,40.8,27.1,25.05,38.12,32.71,31.16,19781.9,13529.0,0.68,Bearish,0,8,8,0,15,1,1,"Weak but watchable RSI, Within 30% of 52W low, Below 200 DMA risk"
29.08.2026 at 02:41 AM IST,TSFINV,Unknown,Unknown,404.2,-1.57,328.5,684.57,23.04,40.96,34.54,437.48,422.74,60746.55,46649.0,0.77,Bearish,0,8,8,0,15,1,1,"Weak but watchable RSI, Within 30% of 52W low, Below 200 DMA risk"
29.08.2026 at 02:41 AM IST,TVTODAY,Unknown,Unknown,113.13,-1.76,93.5,154.29,20.99,26.68,44.85,118.23,121.05,37183.55,17247.0,0.46,Bearish,0,8,8,0,15,1,1,"Weak but watchable RSI, Within 30% of 52W low, Below 200 DMA risk"
29.08.2026 at 02:41 AM IST,UFO,Unknown,Unknown,65.54,-1.46,53.75,92.97,21.93,29.5,43.42,68.74,73.12,37835.95,19386.0,0.51,Bearish,0,8,8,0,15,1,1,"Weak but watchable RSI, Within 30% of 52W low, Below 200 DMA risk"
29.08.2026 at 02:41 AM IST,HGINFRA,Unknown,Unknown,502.15,0.05,427.93,1046.12,17.34,52.0,32.01,545.31,620.08,312891.25,37937.0,0.12,Bearish,0,8,8,0,15,1,1,"Weak but watchable RSI, Within 30% of 52W low, Below 200 DMA risk"
29.08.2026 at 02:41 AM IST,SUBROS,Unknown,Unknown,728.9,-0.19,622.1,1213.7,17.17,39.94,30.57,796.21,787.74,63996.45,28576.0,0.45,Bearish,0,8,8,0,15,1,1,"Weak but watchable RSI, Within 30% of 52W low, Below 200 DMA risk"
29.08.2026 at 02:41 AM IST,HECPROJECT,Unknown,Unknown,117.97,-0.7,92.1,160.5,28.09,26.5,40.33,129.82,123.97,17403.4,5086.0,0.29,Bearish,0,8,8,0,15,1,1,"Weak but watchable RSI, Within 30% of 52W low, Below 200 DMA risk"
29.08.2026 at 02:41 AM IST,POKARNA,Unknown,Unknown,855.3,-1.64,692.17,1145.49,23.57,25.33,31.0,973.1,897.53,109581.6,31056.0,0.28,Bearish,0,8,8,0,15,1,1,"Weak but watchable RSI, Within 30% of 52W low, Below 200 DMA risk"
29.08.2026 at 02:41 AM IST,BALAJEE,Unknown,Unknown,26.46,0.95,21.1,59.9,25.4,55.83,39.77,27.95,32.15,29493.1,18201.0,0.62,Bearish,0,8,8,0,15,1,1,"Weak but watchable RSI, Within 30% of 52W low, Below 200 DMA risk"
29.08.2026 at 02:41 AM IST,SNOWMAN,Unknown,Unknown,36.85,-0.75,30.5,59.13,20.82,37.68,41.67,37.68,38.94,318046.2,110411.0,0.35,Bearish,0,8,8,0,15,1,1,"Weak but watchable RSI, Within 30% of 52W low, Below 200 DMA risk"
29.08.2026 at 02:41 AM IST,SOBHA,Realty,Unknown,1273.9,-1.42,1125.39,1724.93,13.2,26.15,34.11,1384.64,1408.23,83859.85,50171.0,0.6,Bearish,0,8,8,0,15,1,1,"Weak but watchable RSI, Within 30% of 52W low, Below 200 DMA risk"
29.08.2026 at 02:41 AM IST,STCINDIA,Unknown,Unknown,117.48,-0.68,97.04,150.7,21.06,22.04,44.19,121.77,119.15,49936.25,23181.0,0.46,Bearish,0,8,8,0,15,1,1,"Weak but watchable RSI, Within 30% of 52W low, Below 200 DMA risk"
29.08.2026 at 02:41 AM IST,DENTA,Unknown,Unknown,284.5,-0.39,222.0,479.6,28.15,40.68,32.69,325.88,298.39,275409.6,119460.0,0.43,Bearish,0,8,8,0,15,1,1,"Weak but watchable RSI, Within 30% of 52W low, Below 200 DMA risk"
29.08.2026 at 02:41 AM IST,KANSAINER,Unknown,Unknown,198.44,-1.44,156.05,260.89,27.16,23.94,42.78,204.66,209.22,351376.3,129493.0,0.37,Bearish,0,8,8,0,15,1,1,"Weak but watchable RSI, Within 30% of 52W low, Below 200 DMA risk"
29.08.2026 at 02:41 AM IST,HBSL,Unknown,Unknown,51.99,-0.48,42.63,108.8,21.96,52.22,42.33,52.29,60.61,5410.1,283.0,0.05,Bearish,0,8,8,0,15,1,1,"Weak but watchable RSI, Within 30% of 52W low, Below 200 DMA risk"
29.08.2026 at 02:41 AM IST,HLVLTD,Unknown,Unknown,6.63,0.15,5.6,12.6,18.39,47.38,34.52,7.27,8.21,214052.8,123353.0,0.58,Bearish,0,8,8,0,15,1,1,"Weak but watchable RSI, Within 30% of 52W low, Below 200 DMA risk"
29.08.2026 at 02:41 AM IST,HPL,Unknown,Unknown,307.65,-1.87,255.55,506.85,20.39,39.3,34.11,341.4,354.41,98864.7,79285.0,0.8,Bearish,0,8,8,0,15,1,1,"Weak but watchable RSI, Within 30% of 52W low, Below 200 DMA risk"
29.08.2026 at 02:41 AM IST,EKC,Unknown,Unknown,109.16,-0.9,90.25,154.55,20.95,29.37,44.83,113.49,114.77,207362.85,86505.0,0.42,Bearish,0,8,8,0,15,1,1,"Weak but watchable RSI, Within 30% of 52W low, Below 200 DMA risk"
29.08.2026 at 02:41 AM IST,ELECON,Capital Goods,Unknown,423.25,-0.48,351.0,632.51,20.58,33.08,39.45,468.29,463.65,402035.8,185307.0,0.46,Bearish,0,8,8,0,15,1,1,"Weak but watchable RSI, Within 30% of 52W low, Below 200 DMA risk"
29.08.2026 at 02:41 AM IST,MOBIKWIK,Unknown,Unknown,191.55,-1.71,151.46,334.0,26.47,42.65,38.39,204.43,208.94,1941691.95,625739.0,0.32,Bearish,0,8,8,0,15,1,1,"Weak but watchable RSI, Within 30% of 52W low, Below 200 DMA risk"
29.08.2026 at 02:41 AM IST,DELTACORP,Unknown,Unknown,59.84,-1.45,47.9,96.38,24.92,37.91,42.29,62.76,65.12,992146.1,376445.0,0.38,Bearish,0,8,8,0,15,1,1,"Weak but watchable RSI, Within 30% of 52W low, Below 200 DMA risk"
29.08.2026 at 02:41 AM IST,ASTEC,Unknown,Unknown,585.9,-1.28,513.4,941.75,14.12,37.79,32.42,661.66,677.53,40213.35,13787.0,0.34,Bearish,0,8,8,0,15,1,1,"Weak but watchable RSI, Within 30% of 52W low, Below 200 DMA risk"
29.08.2026 at 02:41 AM IST,BIGBLOC,Unknown,Unknown,42.67,-1.39,38.0,80.0,12.29,46.66,33.27,46.84,53.97,48166.7,25712.0,0.53,Bearish,0,8,8,0,15,1,1,"Weak but watchable RSI, Within 30% of 52W low, Below 200 DMA risk"
29.08.2026 at 02:41 AM IST,TAJGVK,Unknown,Unknown,341.75,0.69,281.35,512.65,21.47,33.34,42.24,352.19,354.36,110334.8,48286.0,0.44,Bearish,0,8,8,0,15,1,1,"Weak but watchable RSI, Within 30% of 52W low, Below 200 DMA risk"
29.08.2026 at 02:41 AM IST,ANUP,Unknown,Unknown,1801.3,0.85,1413.13,2559.39,27.47,29.62,32.19,2080.58,1996.43,62836.95,31913.0,0.51,Bearish,0,8,8,0,15,1,1,"Weak but watchable RSI, Within 30% of 52W low, Below 200 DMA risk"
29.08.2026 at 02:41 AM IST,SHRADHA,Unknown,Unknown,32.39,-0.15,25.87,63.24,25.22,48.78,42.89,33.55,36.2,22814.45,17461.0,0.77,Bearish,0,8,8,0,15,1,1,"Weak but watchable RSI, Within 30% of 52W low, Below 200 DMA risk"
29.08.2026 at 02:41 AM IST,ATLANTAA,Unknown,Unknown,37.64,0.61,29.41,73.39,27.98,48.71,44.41,38.74,41.11,135625.2,20034.0,0.15,Bearish,0,8,8,0,15,1,1,"Weak but watchable RSI, Within 30% of 52W low, Below 200 DMA risk"
29.08.2026 at 02:41 AM IST,ATLASCYCLE,Unknown,Unknown,96.28,-0.36,76.15,135.0,26.43,28.68,44.2,97.76,96.5,7104.15,1180.0,0.17,Bearish,0,8,8,0,15,1,1,"Weak but watchable RSI, Within 30% of 52W low, Below 200 DMA risk"
29.08.2026 at 02:41 AM IST,SHALBY,Unknown,Unknown,154.33,-1.65,125.82,274.7,22.66,43.82,40.0,164.2,170.79,69547.2,50336.0,0.72,Bearish,0,8,8,0,15,1,1,"Weak but watchable RSI, Within 30% of 52W low, Below 200 DMA risk"
29.08.2026 at 02:41 AM IST,ASHAPURMIN,Unknown,Unknown,578.05,-2.43,455.1,924.9,27.02,37.5,35.07,663.09,662.46,617860.95,327118.0,0.53,Bearish,0,8,8,0,15,1,1,"Weak but watchable RSI, Within 30% of 52W low, Below 200 DMA risk"
29.08.2026 at 02:41 AM IST,JKTYRE,Automobile and Auto Components,Unknown,378.75,-1.25,314.88,605.8,20.28,37.48,42.52,394.93,434.59,844381.45,282760.0,0.33,Bearish,0,8,8,0,15,1,1,"Weak but watchable RSI, Within 30% of 52W low, Below 200 DMA risk"
29.08.2026 at 02:41 AM IST,NLCINDIA,Power,Unknown,268.8,-0.96,217.6,387.8,23.53,30.69,33.26,297.41,281.59,1863280.15,666043.0,0.36,Bearish,0,8,8,0,15,1,1,"Weak but watchable RSI, Within 30% of 52W low, Below 200 DMA risk"
29.08.2026 at 02:41 AM IST,IONEXCHANG,Unknown,Unknown,376.0,1.33,312.7,486.0,20.24,22.63,41.96,404.64,377.36,377733.6,218431.0,0.58,Bearish,0,8,8,0,15,1,1,"Weak but watchable RSI, Within 30% of 52W low, Below 200 DMA risk"
29.08.2026 at 02:41 AM IST,JPPOWER,Power,Unknown,16.92,-0.35,13.15,24.5,28.67,30.94,37.9,17.48,17.31,55714162.2,19664574.0,0.35,Bearish,0,8,8,0,15,1,1,"Weak but watchable RSI, Within 30% of 52W low, Below 200 DMA risk"
29.08.2026 at 02:41 AM IST,JYOTISTRUC,Unknown,Unknown,10.19,-1.26,7.94,17.42,28.34,41.5,33.35,11.26,11.27,5166097.35,2753746.0,0.53,Bearish,0,8,8,0,15,1,1,"Weak but watchable RSI, Within 30% of 52W low, Below 200 DMA risk"
29.08.2026 at 02:41 AM IST,SUVIDHAA,Unknown,Unknown,2.28,-0.87,1.91,4.25,19.37,46.35,30.2,2.55,2.99,115679.2,66595.0,0.58,Bearish,0,8,8,0,15,1,1,"Weak but watchable RSI, Within 30% of 52W low, Below 200 DMA risk"
29.08.2026 at 02:41 AM IST,SURYAROSNI,Unknown,Unknown,218.41,-0.55,185.21,308.07,17.93,29.1,34.72,240.31,241.82,903531.65,442419.0,0.49,Bearish,0,8,8,0,15,1,1,"Weak but watchable RSI, Within 30% of 52W low, Below 200 DMA risk"
29.08.2026 at 02:41 AM IST,SWELECTES,Unknown,Unknown,594.2,-1.87,480.3,971.34,23.71,38.83,40.09,625.74,611.85,32998.4,19790.0,0.6,Bearish,0,8,8,0,15,1,1,"Weak but watchable RSI, Within 30% of 52W low, Below 200 DMA risk"
29.08.2026 at 02:41 AM IST,SUZLON,Capital Goods,Unknown,46.81,-0.28,38.19,61.5,22.57,23.89,37.02,51.62,50.56,43267446.8,23836185.0,0.55,Bearish,0,8,8,0,15,1,1,"Weak but watchable RSI, Within 30% of 52W low, Below 200 DMA risk"
29.08.2026 at 02:41 AM IST,ROUTE,Unknown,Unknown,509.0,-2.76,406.12,872.04,25.33,41.63,44.84,533.37,556.07,232229.55,220945.0,0.95,Bearish,0,8,8,0,15,1,1,"Weak but watchable RSI, Within 30% of 52W low, Below 200 DMA risk"
29.08.2026 at 02:41 AM IST,INDTERRAIN,Unknown,Unknown,30.11,-0.13,24.56,42.62,22.6,29.35,44.53,31.16,32.6,70879.6,10083.0,0.14,Bearish,0,8,8,0,15,1,1,"Weak but watchable RSI, Within 30% of 52W low, Below 200 DMA risk"
29.08.2026 at 02:41 AM IST,PODDARMENT,Unknown,Unknown,245.8,-1.01,201.1,295.8,22.23,16.9,43.19,250.97,249.45,4190.2,2808.0,0.67,Bearish,0,8,8,0,15,1,1,"Weak but watchable RSI, Within 30% of 52W low, Below 200 DMA risk"
29.08.2026 at 02:41 AM IST,MINDTECK,Unknown,Unknown,172.4,1.06,144.37,306.08,19.41,43.67,32.65,193.79,201.74,40643.25,17586.0,0.43,Bearish,0,8,8,0,15,1,1,"Weak but watchable RSI, Within 30% of 52W low, Below 200 DMA risk"
29.08.2026 at 02:41 AM IST,MITTAL,Unknown,Unknown,0.85,0.0,0.7,1.82,21.43,53.3,31.24,0.92,1.02,469695.95,403760.0,0.86,Bearish,0,8,8,0,15,1,1,"Weak but watchable RSI, Within 30% of 52W low, Below 200 DMA risk"
29.08.2026 at 02:41 AM IST,MIRZAINT,Unknown,Unknown,31.56,-1.25,24.95,44.0,26.49,28.27,38.66,34.45,34.37,181989.1,112343.0,0.62,Bearish,0,8,8,0,15,1,1,"Weak but watchable RSI, Within 30% of 52W low, Below 200 DMA risk"
29.08.2026 at 02:41 AM IST,GLOSTERLTD,Unknown,Unknown,604.4,1.52,481.79,736.26,25.45,17.91,37.89,662.66,613.39,2293.15,405.0,0.18,Bearish,0,8,8,0,15,1,1,"Weak but watchable RSI, Within 30% of 52W low, Below 200 DMA risk"
29.08.2026 at 02:41 AM IST,MBEL,Unknown,Unknown,273.3,0.04,223.05,535.9,22.53,49.0,39.55,299.44,322.88,290909.1,70930.0,0.24,Bearish,0,8,8,0,15,1,1,"Weak but watchable RSI, Within 30% of 52W low, Below 200 DMA risk"
29.08.2026 at 02:41 AM IST,FIEMIND,Unknown,Unknown,2067.2,-2.03,1836.75,2674.8,12.55,22.72,32.4,2281.42,2210.25,149789.55,113990.0,0.76,Bearish,0,8,8,0,15,1,1,"Weak but watchable RSI, Within 30% of 52W low, Below 200 DMA risk"
29.08.2026 at 02:41 AM IST,MAPMYINDIA,Information Technology,Unknown,977.1,-3.11,792.67,1992.15,23.27,50.95,43.0,1017.41,1163.77,267767.3,174052.0,0.65,Bearish,0,8,8,0,15,1,1,"Weak but watchable RSI, Within 30% of 52W low, Below 200 DMA risk"
29.08.2026 at 02:41 AM IST,PASHUPATI,Unknown,Unknown,84.17,0.1,66.35,118.35,26.85,28.88,39.54,86.38,87.94,109137.6,11357.0,0.1,Bearish,0,8,8,0,15,1,1,"Weak but watchable RSI, Within 30% of 52W low, Below 200 DMA risk"
29.08.2026 at 02:41 AM IST,ENERGYDEV,Unknown,Unknown,16.13,0.06,13.15,29.69,22.66,45.67,41.86,16.76,17.55,29112.25,16990.0,0.58,Bearish,0,8,8,0,15,1,1,"Weak but watchable RSI, Within 30% of 52W low, Below 200 DMA risk"
29.08.2026 at 02:41 AM IST,GMRAIRPORT,Services,Unknown,98.68,-0.17,84.11,115.64,17.32,14.67,31.01,107.39,100.65,9390665.75,6542176.0,0.7,Bearish,0,8,8,0,15,1,1,"Weak but watchable RSI, Within 30% of 52W low, Below 200 DMA risk"
29.08.2026 at 02:41 AM IST,MAXIND,Unknown,Unknown,150.48,-0.33,120.0,241.57,25.4,37.71,38.93,162.87,166.3,101780.45,30422.0,0.3,Bearish,0,8,8,0,15,1,1,"Weak but watchable RSI, Within 30% of 52W low, Below 200 DMA risk"
29.08.2026 at 02:41 AM IST,GOACARBON,Unknown,Unknown,352.15,-1.66,272.85,494.9,29.06,28.84,36.06,380.35,379.47,8985.15,8229.0,0.92,Bearish,0,8,8,0,15,1,1,"Weak but watchable RSI, Within 30% of 52W low, Below 200 DMA risk"
29.08.2026 at 02:41 AM IST,TIPSFILMS,Unknown,Unknown,342.15,0.01,276.75,522.0,23.63,34.45,43.89,349.58,369.77,9521.9,2195.0,0.23,Bearish,0,8,8,0,15,1,1,"Weak but watchable RSI, Within 30% of 52W low, Below 200 DMA risk"
29.08.2026 at 02:41 AM IST,THOMASCOTT,Unknown,Unknown,279.6,-0.53,230.0,459.8,21.57,39.19,40.69,311.87,306.1,139926.8,14941.0,0.11,Bearish,0,8,8,0,15,1,1,"Weak but watchable RSI, Within 30% of 52W low, Below 200 DMA risk"
29.08.2026 at 02:41 AM IST,IPL,Unknown,Unknown,137.79,-1.91,124.33,238.97,10.82,42.34,32.97,150.78,158.09,157096.35,124420.0,0.79,Bearish,0,8,8,0,15,1,1,"Weak but watchable RSI, Within 30% of 52W low, Below 200 DMA risk"
29.08.2026 at 02:41 AM IST,CHEMFAB,Unknown,Unknown,358.9,-2.23,290.35,703.0,23.61,48.95,42.63,370.16,404.56,3606.5,3024.0,0.84,Bearish,0,8,8,0,15,1,1,"Weak but watchable RSI, Within 30% of 52W low, Below 200 DMA risk"
29.08.2026 at 02:41 AM IST,KRITI,Unknown,Unknown,64.08,-0.09,53.0,155.9,20.91,58.9,37.42,68.36,77.88,28904.1,9207.0,0.32,Bearish,0,8,8,0,15,1,1,"Weak but watchable RSI, Within 30% of 52W low, Below 200 DMA risk"
29.08.2026 at 02:41 AM IST,KRITIKA,Unknown,Unknown,5.44,-1.09,4.5,11.1,20.89,50.99,41.08,5.68,6.34,194887.45,78201.0,0.4,Bearish,0,8,8,0,15,1,1,"Weak but watchable RSI, Within 30% of 52W low, Below 200 DMA risk"
29.08.2026 at 02:41 AM IST,COALINDIA,Oil Gas & Consumable Fuels,Unknown,400.0,-0.87,349.57,484.77,14.43,17.49,33.74,419.32,422.3,5961516.0,4430005.0,0.74,Bearish,0,8,8,0,15,1,1,"Weak but watchable RSI, Within 30% of 52W low, Below 200 DMA risk"
29.08.2026 at 02:41 AM IST,HATHWAY,Unknown,Unknown,10.55,-0.19,8.76,15.25,20.43,30.82,41.84,11.0,11.23,1425600.1,982034.0,0.69,Bearish,0,8,8,0,15,1,1,"Weak but watchable RSI, Within 30% of 52W low, Below 200 DMA risk"
29.08.2026 at 02:41 AM IST,SHRIRAMPPS,Unknown,Unknown,76.74,-1.03,60.57,99.44,26.7,22.83,34.87,85.21,82.72,449620.9,158600.0,0.35,Bearish,0,8,8,0,15,1,1,"Weak but watchable RSI, Within 30% of 52W low, Below 200 DMA risk"
29.08.2026 at 02:41 AM IST,PACEDIGITK,Unknown,Unknown,179.15,-1.28,139.81,231.95,28.14,22.76,39.79,195.92,186.22,1017190.15,285578.0,0.28,Bearish,0,8,8,0,15,1,1,"Weak but watchable RSI, Within 30% of 52W low, Below 200 DMA risk"
29.08.2026 at 02:41 AM IST,PAGEIND,Textiles,Unknown,35800.0,1.83,29525.27,45150.85,21.25,20.71,35.98,39288.1,36363.23,33803.8,28033.0,0.83,Bearish,0,8,8,0,15,1,1,"Weak but watchable RSI, Within 30% of 52W low, Below 200 DMA risk"
29.08.2026 at 02:41 AM IST,LAXMIDENTL,Unknown,Unknown,194.82,-0.71,155.88,377.05,24.98,48.33,34.32,215.05,221.14,139111.5,47648.0,0.34,Bearish,0,8,8,0,15,1,1,"Weak but watchable RSI, Within 30% of 52W low, Below 200 DMA risk"
29.08.2026 at 02:41 AM IST,SAMMAANCAP,Financial Services,Unknown,147.34,-1.41,116.7,192.95,26.26,23.64,33.94,162.93,154.24,8462964.6,5696106.0,0.67,Bearish,0,8,8,0,15,1,1,"Weak but watchable RSI, Within 30% of 52W low, Below 200 DMA risk"
29.08.2026 at 02:41 AM IST,INDOFARM,Unknown,Unknown,138.24,-1.02,110.7,271.69,24.88,49.12,37.94,151.77,156.8,178176.75,71355.0,0.4,Bearish,0,8,8,0,15,1,1,"Weak but watchable RSI, Within 30% of 52W low, Below 200 DMA risk"
29.08.2026 at 02:41 AM IST,LFIC,Unknown,Unknown,136.56,-0.07,111.0,237.56,23.03,42.51,40.71,142.33,148.74,2655.8,1655.0,0.62,Bearish,0,8,8,0,15,1,1,"Weak but watchable RSI, Within 30% of 52W low, Below 200 DMA risk"
29.08.2026 at 02:41 AM IST,MONEYBOXX,Unknown,Unknown,56.0,0.0,44.02,91.5,27.21,38.8,38.93,60.76,65.02,16987.05,9576.0,0.56,Bearish,0,8,8,0,15,1,1,"Weak but watchable RSI, Within 30% of 52W low, Below 200 DMA risk"
29.08.2026 at 02:41 AM IST,FOODSIN,Unknown,Unknown,53.15,-0.34,44.0,95.59,20.8,44.4,44.54,56.19,61.32,100787.9,40979.0,0.41,Bearish,0,8,8,0,15,1,1,"Weak but watchable RSI, Within 30% of 52W low, Below 200 DMA risk"
29.08.2026 at 02:41 AM IST,MTNL,Unknown,Unknown,26.56,-0.86,21.26,46.44,24.93,42.81,40.25,28.23,30.97,847502.4,446896.0,0.53,Bearish,0,8,8,0,15,1,1,"Weak but watchable RSI, Within 30% of 52W low, Below 200 DMA risk"
29.08.2026 at 02:41 AM IST,MUFTI,Unknown,Unknown,75.91,-0.92,61.44,124.32,23.55,38.94,41.77,81.62,84.91,127327.45,93626.0,0.74,Bearish,0,8,8,0,15,1,1,"Weak but watchable RSI, Within 30% of 52W low, Below 200 DMA risk"
29.08.2026 at 02:41 AM IST,ADSL,Unknown,Unknown,106.03,-1.78,85.07,206.61,24.64,48.68,33.54,115.98,124.79,93960.0,76892.0,0.82,Bearish,0,8,8,0,15,1,1,"Weak but watchable RSI, Within 30% of 52W low, Below 200 DMA risk"
29.08.2026 at 02:41 AM IST,ZENITHSTL,Unknown,Unknown,5.4,0.37,4.41,10.33,22.45,47.73,44.74,5.56,6.08,74450.05,60821.0,0.82,Bearish,0,8,8,0,15,1,1,"Weak but watchable RSI, Within 30% of 52W low, Below 200 DMA risk"
29.08.2026 at 02:41 AM IST,GEMAROMA,Unknown,Unknown,170.83,-0.88,133.0,325.75,28.44,47.56,42.35,183.94,171.82,107799.3,65892.0,0.61,Bearish,0,8,8,0,15,1,1,"Weak but watchable RSI, Within 30% of 52W low, Below 200 DMA risk"
29.08.2026 at 02:41 AM IST,VLSFINANCE,Unknown,Unknown,246.25,0.37,198.81,339.0,23.86,27.36,39.11,254.76,255.89,16972.85,12216.0,0.72,Bearish,0,8,8,0,15,1,1,"Weak but watchable RSI, Within 30% of 52W low, Below 200 DMA risk"
29.08.2026 at 02:41 AM IST,NDRAUTO,Unknown,Unknown,733.3,-1.48,602.13,1180.88,21.78,37.9,31.44,816.5,782.62,31089.45,9618.0,0.31,Bearish,0,8,8,0,15,1,1,"Weak but watchable RSI, Within 30% of 52W low, Below 200 DMA risk"
29.08.2026 at 02:41 AM IST,NDTV,Unknown,Unknown,74.2,-0.2,58.75,145.9,26.3,49.14,37.82,78.35,81.35,85514.55,48551.0,0.57,Bearish,0,8,8,0,15,1,1,"Weak but watchable RSI, Within 30% of 52W low, Below 200 DMA risk"
29.08.2026 at 02:41 AM IST,NBIFIN,Unknown,Unknown,1980.1,-0.5,1538.45,2989.94,28.71,33.77,38.4,2058.43,2040.71,372.35,66.0,0.18,Bearish,0,8,8,0,15,1,1,"Weak but watchable RSI, Within 30% of 52W low, Below 200 DMA risk"
29.08.2026 at 02:41 AM IST,ACEINTEG,Unknown,Unknown,17.38,-1.92,14.2,29.94,22.39,41.95,37.09,19.67,19.94,4157.25,1130.0,0.27,Bearish,0,8,8,0,15,1,1,"Weak but watchable RSI, Within 30% of 52W low, Below 200 DMA risk"
29.08.2026 at 02:41 AM IST,WEWIN,Unknown,Unknown,46.21,1.78,35.38,78.0,30.61,40.76,49.41,46.74,48.05,1327.4,111.0,0.08,Bearish,0,10,0,0,15,0,0,"RSI recovering zone, Below 200 DMA risk"
29.08.2026 at 02:41 AM IST,ABLBL,Consumer Services,Unknown,85.22,-0.95,84.24,150.53,1.16,43.39,29.22,93.32,105.81,962681.4,297838.0,0.31,Bearish,0,5,8,0,15,0,0,"Oversold RSI, Within 30% of 52W low, Below 200 DMA risk"
29.08.2026 at 02:41 AM IST,DJML,Unknown,Unknown,73.08,-2.77,51.94,124.65,40.71,41.37,25.74,108.62,90.05,538229.75,182313.0,0.34,Bearish,0,5,0,0,15,0,0,"Oversold RSI, Below 200 DMA risk"
29.08.2026 at 02:41 AM IST,ACL,Unknown,Unknown,44.06,-0.72,40.5,109.99,8.79,59.94,22.47,48.67,57.23,13732.15,16516.0,1.2,Bearish,0,5,8,5,25,0,0,"Oversold RSI, Within 30% of 52W low, Normal volume support, Below 200 DMA risk, Extreme RSI weakness"
29.08.2026 at 02:41 AM IST,VSTIND,Unknown,Unknown,211.23,0.13,190.94,273.79,10.63,22.85,29.56,231.52,232.92,156105.25,101422.0,0.65,Bearish,0,5,8,0,15,0,0,"Oversold RSI, Within 30% of 52W low, Below 200 DMA risk"
29.08.2026 at 02:41 AM IST,MSPL,Unknown,Unknown,34.59,-0.14,26.25,46.12,31.77,25.0,45.29,37.57,35.72,923279.25,444753.0,0.48,Bearish,0,10,0,0,15,0,0,"RSI recovering zone, Below 200 DMA risk"
29.08.2026 at 02:41 AM IST,VGL,Unknown,Unknown,56.85,-1.23,43.7,95.9,30.09,40.72,39.4,62.02,65.5,29146.85,9107.0,0.31,Bearish,0,8,0,0,15,0,0,"Weak but watchable RSI, Below 200 DMA risk"
29.08.2026 at 02:41 AM IST,SAKSOFT,Unknown,Unknown,157.78,-2.22,107.24,223.51,47.13,29.41,39.74,168.32,162.7,451737.8,127771.0,0.28,Bearish,0,8,0,0,15,0,0,"Weak but watchable RSI, Below 200 DMA risk"
29.08.2026 at 02:41 AM IST,EPACK,Unknown,Unknown,196.86,-1.15,196.15,409.5,0.36,51.93,24.47,227.95,245.98,410682.3,341363.0,0.83,Bearish,0,5,8,0,25,0,0,"Oversold RSI, Within 30% of 52W low, Below 200 DMA risk, Extreme RSI weakness"
29.08.2026 at 02:41 AM IST,RKSWAMY,Unknown,Unknown,94.01,0.87,65.86,160.75,42.73,41.52,39.92,99.6,100.21,55652.4,48023.0,0.86,Bearish,0,8,0,0,15,0,0,"Weak but watchable RSI, Below 200 DMA risk"
29.08.2026 at 02:41 AM IST,HARIOMPIPE,Unknown,Unknown,341.15,-1.56,268.05,571.56,27.27,40.31,29.02,386.7,366.69,126009.05,70134.0,0.56,Bearish,0,5,8,0,15,0,0,"Oversold RSI, Within 30% of 52W low, Below 200 DMA risk"
29.08.2026 at 02:41 AM IST,ALOKINDS,Unknown,Unknown,10.43,-7.54,9.55,19.34,9.21,46.07,16.63,12.2,13.94,5428282.1,60004535.0,11.05,Bearish,0,5,8,15,30,0,0,"Oversold RSI, Within 30% of 52W low, Strong volume expansion, Below 200 DMA risk, Extreme RSI weakness, Sharp daily fall"
29.08.2026 at 02:41 AM IST,EMAMIREAL,Unknown,Unknown,67.57,-0.95,48.2,122.14,40.19,44.68,26.91,78.51,78.45,13014.5,12387.0,0.95,Bearish,0,5,0,0,15,0,0,"Oversold RSI, Below 200 DMA risk"
29.08.2026 at 02:41 AM IST,GMDCLTD,Metals & Mining,Unknown,567.25,-2.02,392.62,771.9,44.48,26.51,45.26,582.07,590.33,1468783.95,569849.0,0.39,Bearish,0,10,0,0,15,0,0,"RSI recovering zone, Below 200 DMA risk"
29.08.2026 at 02:41 AM IST,GOCOLORS,Unknown,Unknown,334.5,-2.65,237.05,760.9,41.11,56.04,48.84,344.69,364.3,270933.2,110138.0,0.41,Bearish,0,10,0,0,15,0,0,"RSI recovering zone, Below 200 DMA risk"
29.08.2026 at 02:41 AM IST,ISHANCH,Unknown,Unknown,44.0,1.78,41.71,83.37,5.49,47.22,28.75,52.49,59.24,118400.45,16067.0,0.14,Bearish,0,5,8,0,15,0,0,"Oversold RSI, Within 30% of 52W low, Below 200 DMA risk"
29.08.2026 at 02:41 AM IST,IZMO,Unknown,Unknown,829.6,-3.18,569.35,1374.7,45.71,39.65,27.75,995.51,830.65,96928.95,68003.0,0.7,Bearish,0,5,0,0,15,0,0,"Oversold RSI, Below 200 DMA risk"
29.08.2026 at 02:41 AM IST,DISHTV,Unknown,Unknown,2.73,-0.73,1.82,5.99,50.0,54.42,36.74,2.91,3.31,757799.8,755278.0,1.0,Bearish,0,8,0,0,15,0,0,"Weak but watchable RSI, Below 200 DMA risk"
29.08.2026 at 02:41 AM IST,LOVABLE,Unknown,Unknown,72.51,-2.01,55.0,104.7,31.84,30.74,49.31,74.17,74.77,8561.4,9704.0,1.13,Bearish,0,10,0,5,15,0,0,"RSI recovering zone, Normal volume support, Below 200 DMA risk"
29.08.2026 at 02:41 AM IST,LUPIN,Healthcare,Unknown,2158.1,-1.23,1861.5,2523.7,15.93,14.49,26.6,2361.22,2242.16,1122252.6,964354.0,0.86,Bearish,0,5,8,0,15,0,0,"Oversold RSI, Within 30% of 52W low, Below 200 DMA risk"
29.08.2026 at 02:41 AM IST,HINDWAREAP,Unknown,Unknown,190.84,-2.78,170.5,392.7,11.93,51.4,28.11,225.53,239.11,205332.65,137457.0,0.67,Bearish,0,5,8,0,15,0,0,"Oversold RSI, Within 30% of 52W low, Below 200 DMA risk"
29.08.2026 at 02:41 AM IST,PANACEABIO,Unknown,Unknown,393.25,-1.18,292.4,647.0,34.49,39.22,34.46,474.77,401.52,153073.9,65254.0,0.43,Bearish,0,8,0,0,15,0,0,"Weak but watchable RSI, Below 200 DMA risk"
29.08.2026 at 02:41 AM IST,ALPA,Unknown,Unknown,61.18,-0.44,46.1,99.0,32.71,38.2,32.57,66.9,69.56,16385.6,7422.0,0.45,Bearish,0,8,0,0,15,0,0,"Weak but watchable RSI, Below 200 DMA risk"
29.08.2026 at 02:41 AM IST,TOKYOPLAST,Unknown,Unknown,77.25,2.79,53.86,140.85,43.43,45.15,45.08,81.68,91.84,1373.75,1365.0,0.99,Bearish,0,10,0,0,15,0,0,"RSI recovering zone, Below 200 DMA risk"
29.08.2026 at 02:41 AM IST,TORNTPOWER,Power,Unknown,1230.1,-2.25,1171.76,1817.8,4.98,32.33,25.67,1374.87,1406.37,287230.85,282272.0,0.98,Bearish,0,5,8,0,15,0,0,"Oversold RSI, Within 30% of 52W low, Below 200 DMA risk"
29.08.2026 at 02:41 AM IST,PNCINFRA,Unknown,Unknown,198.34,-1.48,158.17,324.36,25.4,38.85,28.53,231.16,223.81,775383.65,360275.0,0.46,Bearish,0,5,8,0,15,0,0,"Oversold RSI, Within 30% of 52W low, Below 200 DMA risk"
29.08.2026 at 02:41 AM IST,TARAPUR,Unknown,Unknown,14.96,2.12,12.21,39.99,22.52,62.59,44.29,16.76,24.27,65182.2,9977.0,0.15,Bearish,0,8,8,0,20,0,0,"Weak but watchable RSI, Within 30% of 52W low, Below 200 DMA risk, Very far from 52W high"
29.08.2026 at 02:41 AM IST,GMBREW,Unknown,Unknown,891.7,-0.18,659.56,1315.86,35.2,32.23,46.39,915.58,974.41,21741.65,19492.0,0.9,Bearish,0,10,0,0,15,0,0,"RSI recovering zone, Below 200 DMA risk"
29.08.2026 at 02:41 AM IST,MCLEODRUSS,Unknown,Unknown,49.17,-0.77,28.5,78.41,72.53,37.29,46.18,53.26,51.0,276891.95,169212.0,0.61,Bearish,0,10,0,0,15,0,0,"RSI recovering zone, Below 200 DMA risk"
29.08.2026 at 02:41 AM IST,MCLOUD,Unknown,Unknown,27.79,-3.74,19.4,87.0,43.25,68.06,43.61,29.01,27.96,3595721.85,2410252.0,0.67,Bearish,0,8,0,0,20,0,0,"Weak but watchable RSI, Below 200 DMA risk, Very far from 52W high"
29.08.2026 at 02:41 AM IST,PFC,Financial Services,Unknown,355.85,-1.21,317.66,476.83,12.02,25.37,23.99,399.26,392.76,8980765.15,12745960.0,1.42,Bearish,0,5,8,10,25,0,0,"Oversold RSI, Within 30% of 52W low, Volume expansion, Below 200 DMA risk, Extreme RSI weakness"
29.08.2026 at 02:41 AM IST,PFS,Unknown,Unknown,27.24,-1.52,23.85,40.5,14.21,32.74,29.9,29.45,30.98,507066.9,423965.0,0.84,Bearish,0,5,8,0,15,0,0,"Oversold RSI, Within 30% of 52W low, Below 200 DMA risk"
29.08.2026 at 02:41 AM IST,PGHH,Unknown,Unknown,8102.5,-0.42,8066.0,14273.41,0.45,43.23,26.32,8698.94,10477.07,11316.95,7803.0,0.69,Bearish,0,5,8,0,15,0,0,"Oversold RSI, Within 30% of 52W low, Below 200 DMA risk"
29.08.2026 at 02:41 AM IST,FILATFASH,Unknown,Unknown,0.18,0.0,0.14,0.68,28.57,73.53,34.28,0.18,0.25,25406447.4,11834503.0,0.47,Bearish,0,8,8,0,20,0,0,"Weak but watchable RSI, Within 30% of 52W low, Below 200 DMA risk, Very far from 52W high"
29.08.2026 at 02:41 AM IST,FINOPB,Unknown,Unknown,143.06,-1.7,110.03,339.0,30.02,57.8,38.87,153.96,184.36,382068.05,170887.0,0.45,Bearish,0,8,0,0,15,0,0,"Weak but watchable RSI, Below 200 DMA risk"
29.08.2026 at 02:41 AM IST,BORANA,Unknown,Unknown,310.15,-2.5,211.0,420.0,46.99,26.15,44.1,317.1,326.75,34940.1,17072.0,0.49,Bearish,0,8,0,0,15,0,0,"Weak but watchable RSI, Below 200 DMA risk"
29.08.2026 at 02:41 AM IST,BORORENEW,Unknown,Unknown,517.55,-1.79,374.4,721.0,38.23,28.22,29.44,584.69,529.14,402983.8,308464.0,0.77,Bearish,0,5,0,0,15,0,0,"Oversold RSI, Below 200 DMA risk"
29.08.2026 at 02:41 AM IST,BOROSCI,Unknown,Unknown,125.89,-0.93,96.64,180.8,30.27,30.37,27.49,149.97,127.55,100023.75,36361.0,0.36,Bearish,0,5,0,0,15,0,0,"Oversold RSI, Below 200 DMA risk"
29.08.2026 at 02:41 AM IST,BPL,Unknown,Unknown,51.79,0.23,37.61,91.28,37.7,43.26,48.79,54.14,55.63,51948.35,31024.0,0.6,Bearish,0,10,0,0,15,0,0,"RSI recovering zone, Below 200 DMA risk"
29.08.2026 at 02:41 AM IST,FIRSTCRY,Consumer Services,Unknown,188.26,-1.93,187.55,438.7,0.38,57.09,22.48,211.53,244.33,954019.6,916127.0,0.96,Bearish,0,5,8,0,25,0,0,"Oversold RSI, Within 30% of 52W low, Below 200 DMA risk, Extreme RSI weakness"
29.08.2026 at 02:41 AM IST,ROSSARI,Unknown,Unknown,497.05,-0.6,374.64,689.63,32.67,27.93,44.07,515.72,521.57,81477.0,21341.0,0.26,Bearish,0,8,0,0,15,0,0,"Weak but watchable RSI, Below 200 DMA risk"
29.08.2026 at 02:41 AM IST,INDOTHAI,Unknown,Unknown,48.61,-4.98,48.61,466.35,0.0,89.58,5.57,171.19,263.55,1861083.5,200129.0,0.11,Bearish,0,5,8,0,30,0,0,"Oversold RSI, Within 30% of 52W low, Below 200 DMA risk, Extreme RSI weakness, Very far from 52W high"
29.08.2026 at 02:41 AM IST,GUJENERGY,Unknown,Unknown,250.35,-1.42,249.05,452.0,0.52,44.61,28.26,288.66,364.3,2066287.95,1870939.0,0.91,Bearish,0,5,8,0,15,0,0,"Oversold RSI, Within 30% of 52W low, Below 200 DMA risk"
29.08.2026 at 02:41 AM IST,SEMAC,Unknown,Unknown,285.3,0.05,205.0,560.05,39.17,49.06,37.53,317.76,298.17,588.8,243.0,0.41,Bearish,0,8,0,0,15,0,0,"Weak but watchable RSI, Below 200 DMA risk"
29.08.2026 at 02:41 AM IST,SWSOLAR,Unknown,Unknown,199.15,-0.48,148.0,281.7,34.56,29.3,42.6,218.9,205.47,678391.45,632051.0,0.93,Bearish,0,8,0,0,15,0,0,"Weak but watchable RSI, Below 200 DMA risk"
29.08.2026 at 02:41 AM IST,ASTRAZEN,Unknown,Unknown,7136.0,-0.24,7070.0,9805.7,0.93,27.23,22.56,7994.39,8444.19,21166.1,6394.0,0.3,Bearish,0,5,8,0,25,0,0,"Oversold RSI, Within 30% of 52W low, Below 200 DMA risk, Extreme RSI weakness"
29.08.2026 at 02:41 AM IST,RELAXO,Unknown,Unknown,356.1,-3.08,236.5,526.0,50.57,32.3,31.67,396.63,360.7,274644.15,221407.0,0.81,Bearish,0,8,0,0,15,0,0,"Weak but watchable RSI, Below 200 DMA risk"
29.08.2026 at 02:41 AM IST,RELIABLE,Unknown,Unknown,138.94,-1.08,104.74,175.0,32.65,20.61,44.16,144.58,141.73,62589.1,62620.0,1.0,Bearish,0,8,0,5,15,0,0,"Weak but watchable RSI, Normal volume support, Below 200 DMA risk"
29.08.2026 at 02:41 AM IST,REPRO,Unknown,Unknown,309.1,0.47,305.0,590.0,1.34,47.61,28.93,357.9,397.33,27755.25,15925.0,0.57,Bearish,0,5,8,0,15,0,0,"Oversold RSI, Within 30% of 52W low, Below 200 DMA risk"
29.08.2026 at 02:41 AM IST,CPEDU,Unknown,Unknown,192.21,3.85,141.0,335.81,36.32,42.76,44.1,201.34,212.34,12201.75,10392.0,0.85,Bearish,0,8,0,0,15,0,0,"Weak but watchable RSI, Below 200 DMA risk"
29.08.2026 at 02:41 AM IST,SILVERTUC,Unknown,Unknown,178.58,-0.21,100.45,1116.92,77.78,84.01,35.04,192.43,274.9,559964.5,349824.0,0.62,Bearish,0,8,0,0,20,0,0,"Weak but watchable RSI, Below 200 DMA risk, Very far from 52W high"
29.08.2026 at 02:41 AM IST,TAKE,Unknown,Unknown,16.98,-4.98,9.9,50.14,71.52,66.13,19.23,22.85,33.78,965755.55,56409.0,0.06,Bearish,0,5,0,0,30,0,0,"Oversold RSI, Below 200 DMA risk, Extreme RSI weakness, Very far from 52W high"
29.08.2026 at 02:41 AM IST,PNBGILTS,Unknown,Unknown,77.96,-1.81,58.6,106.0,33.04,26.45,35.59,85.24,80.08,253877.85,265347.0,1.05,Bearish,0,8,0,5,15,0,0,"Weak but watchable RSI, Normal volume support, Below 200 DMA risk"
29.08.2026 at 02:41 AM IST,AVANTIFEED,Unknown,Unknown,844.45,0.58,607.36,1575.93,39.04,46.42,35.79,919.22,1037.8,423940.8,249143.0,0.59,Bearish,0,8,0,0,15,0,0,"Weak but watchable RSI, Below 200 DMA risk"
29.08.2026 at 02:41 AM IST,SERVOTECH,Unknown,Unknown,81.12,-0.39,57.51,142.95,41.05,43.25,31.78,92.16,85.45,468516.25,238961.0,0.51,Bearish,0,8,0,0,15,0,0,"Weak but watchable RSI, Below 200 DMA risk"
29.08.2026 at 02:41 AM IST,SHANTI,Unknown,Unknown,6.11,-1.77,4.7,12.26,30.0,50.16,37.31,6.65,7.31,43698.7,14368.0,0.33,Bearish,0,8,0,0,15,0,0,"Weak but watchable RSI, Below 200 DMA risk"
29.08.2026 at 02:41 AM IST,TRENT,Consumer Services,Unknown,2878.5,-1.02,2180.44,5665.63,32.01,49.19,38.45,3022.41,3027.89,1015334.25,591208.0,0.58,Bearish,0,8,0,0,15,0,0,"Weak but watchable RSI, Below 200 DMA risk"
29.08.2026 at 02:41 AM IST,IFBAGRO,Unknown,Unknown,946.15,-1.36,679.15,1790.0,39.31,47.14,40.17,967.8,1056.67,4952.8,4285.0,0.87,Bearish,0,8,0,0,15,0,0,"Weak but watchable RSI, Below 200 DMA risk"
29.08.2026 at 02:41 AM IST,NOIDATOLL,Unknown,Unknown,4.13,0.0,2.87,7.43,43.9,44.41,41.8,4.48,4.26,92708.45,36328.0,0.39,Bearish,0,8,0,0,15,0,0,"Weak but watchable RSI, Below 200 DMA risk"
29.08.2026 at 02:41 AM IST,NORBTEAEXP,Unknown,Unknown,67.3,-3.88,39.0,99.35,72.56,32.26,48.7,68.59,77.68,1781.5,1136.0,0.64,Bearish,0,10,0,0,15,0,0,"RSI recovering zone, Below 200 DMA risk"
29.08.2026 at 02:41 AM IST,ARTNIRMAN,Unknown,Unknown,39.7,0.0,29.39,66.97,35.08,40.72,43.96,40.6,42.69,2321.6,0.0,0.0,Bearish,0,8,0,0,15,0,0,"Weak but watchable RSI, Below 200 DMA risk"
29.08.2026 at 02:41 AM IST,SJVN,Power,Unknown,65.26,-0.9,62.69,97.93,4.11,33.36,27.8,68.9,72.6,1636568.9,1317235.0,0.8,Bearish,0,5,8,0,15,0,0,"Oversold RSI, Within 30% of 52W low, Below 200 DMA risk"
29.08.2026 at 02:41 AM IST,MANAKSIA,Unknown,Unknown,56.89,-0.35,42.1,73.4,35.13,22.49,42.42,57.66,59.61,21280.0,12936.0,0.61,Bearish,0,8,0,0,15,0,0,"Weak but watchable RSI, Below 200 DMA risk"
29.08.2026 at 02:41 AM IST,KPEL,Unknown,Unknown,244.9,-2.18,237.9,462.65,2.94,47.07,29.17,306.16,325.95,455228.15,266015.0,0.58,Bearish,0,5,8,0,15,0,0,"Oversold RSI, Within 30% of 52W low, Below 200 DMA risk"
29.08.2026 at 02:41 AM IST,SURANAT&P,Unknown,Unknown,15.91,-1.79,15.5,26.78,2.65,40.59,28.39,17.94,18.53,81551.4,77509.0,0.95,Bearish,0,5,8,0,15,0,0,"Oversold RSI, Within 30% of 52W low, Below 200 DMA risk"
29.08.2026 at 02:41 AM IST,SURYALAXMI,Unknown,Unknown,57.14,-1.35,43.0,69.8,32.88,18.14,46.7,58.79,57.66,5436.15,1810.0,0.33,Bearish,0,10,0,0,15,0,0,"RSI recovering zone, Below 200 DMA risk"
29.08.2026 at 02:41 AM IST,JPOLYINVST,Unknown,Unknown,966.1,-2.63,716.05,1487.7,34.92,35.06,39.28,1055.95,1068.08,26507.8,31789.0,1.2,Bearish,0,8,0,5,15,0,0,"Weak but watchable RSI, Normal volume support, Below 200 DMA risk"
29.08.2026 at 02:41 AM IST,TRUALT,Unknown,Unknown,433.85,-1.89,310.2,542.0,39.86,19.95,40.29,451.32,434.47,289644.0,73493.0,0.25,Bearish,0,8,0,0,15,0,0,"Weak but watchable RSI, Below 200 DMA risk"
29.08.2026 at 02:41 AM IST,TVSELECT,Unknown,Unknown,443.05,-0.02,336.2,739.35,31.78,40.08,35.1,485.03,457.12,57899.35,18350.0,0.32,Bearish,0,8,0,0,15,0,0,"Weak but watchable RSI, Below 200 DMA risk"
29.08.2026 at 02:41 AM IST,AHLUCONT,Unknown,Unknown,636.6,0.24,620.0,1077.95,2.68,40.94,21.44,811.1,844.72,103171.6,200044.0,1.94,Bearish,0,5,8,10,25,0,0,"Oversold RSI, Within 30% of 52W low, Volume expansion, Below 200 DMA risk, Extreme RSI weakness"
29.08.2026 at 02:41 AM IST,GTL,Unknown,Unknown,7.32,-0.27,4.91,11.26,49.08,34.99,45.68,7.48,7.53,265065.55,196556.0,0.74,Bearish,0,10,0,0,15,0,0,"RSI recovering zone, Below 200 DMA risk"
29.08.2026 at 02:41 AM IST,PRAXIS,Unknown,Unknown,4.98,-2.92,4.94,14.44,0.81,65.51,25.98,7.04,7.81,204073.85,137214.0,0.67,Bearish,0,5,8,0,20,0,0,"Oversold RSI, Within 30% of 52W low, Below 200 DMA risk, Very far from 52W high"
29.08.2026 at 02:41 AM IST,PRECAM,Unknown,Unknown,125.8,-2.68,103.24,260.14,21.85,51.64,21.73,141.68,147.82,110028.75,131571.0,1.2,Bearish,0,5,8,5,25,0,0,"Oversold RSI, Within 30% of 52W low, Normal volume support, Below 200 DMA risk, Extreme RSI weakness"
29.08.2026 at 02:41 AM IST,PRIMO,Unknown,Unknown,21.49,0.99,16.1,26.99,33.48,20.38,39.01,23.54,22.51,232608.05,104515.0,0.45,Bearish,0,8,0,0,15,0,0,"Weak but watchable RSI, Below 200 DMA risk"
29.08.2026 at 02:41 AM IST,SUMEETINDS,Unknown,Unknown,12.99,-0.08,12.24,40.5,6.13,67.93,19.55,24.1,27.68,7542880.1,1630062.0,0.22,Bearish,0,5,8,0,30,0,0,"Oversold RSI, Within 30% of 52W low, Below 200 DMA risk, Extreme RSI weakness, Very far from 52W high"
29.08.2026 at 02:41 AM IST,CIEINDIA,Automobile and Auto Components,Unknown,394.5,-0.63,375.7,518.55,5.0,23.92,29.82,436.66,437.37,457697.45,79832.0,0.17,Bearish,0,5,8,0,15,0,0,"Oversold RSI, Within 30% of 52W low, Below 200 DMA risk"
29.08.2026 at 02:41 AM IST,HIKAL,Unknown,Unknown,204.63,-1.44,146.25,282.43,39.92,27.55,38.73,220.98,207.39,403340.3,183484.0,0.45,Bearish,0,8,0,0,15,0,0,"Weak but watchable RSI, Below 200 DMA risk"
29.08.2026 at 02:41 AM IST,HILTON,Unknown,Unknown,19.51,-2.45,13.43,56.65,45.27,65.56,36.83,21.88,26.05,79822.85,132293.0,1.66,Bearish,0,8,0,10,20,0,0,"Weak but watchable RSI, Volume expansion, Below 200 DMA risk, Very far from 52W high"
29.08.2026 at 02:41 AM IST,SURANASOL,Unknown,Unknown,25.45,-1.24,18.31,39.08,39.0,34.88,43.77,26.28,25.89,52873.85,30019.0,0.57,Bearish,0,8,0,0,15,0,0,"Weak but watchable RSI, Below 200 DMA risk"
29.08.2026 at 02:41 AM IST,SIYSIL,Unknown,Unknown,564.8,-1.07,426.93,827.16,32.29,31.72,33.0,623.31,591.61,69939.75,26972.0,0.39,Bearish,0,8,0,0,15,0,0,"Weak but watchable RSI, Below 200 DMA risk"
29.08.2026 at 02:41 AM IST,SOLARWORLD,Unknown,Unknown,147.96,-0.88,139.19,388.5,6.3,61.92,24.47,182.98,214.54,432222.1,185553.0,0.43,Bearish,0,5,8,0,30,0,0,"Oversold RSI, Within 30% of 52W low, Below 200 DMA risk, Extreme RSI weakness, Very far from 52W high"
29.08.2026 at 02:41 AM IST,SOLEX,Unknown,Unknown,762.0,-2.49,753.05,1985.0,1.19,61.61,25.02,952.38,1156.81,43717.75,41650.0,0.95,Bearish,0,5,8,0,20,0,0,"Oversold RSI, Within 30% of 52W low, Below 200 DMA risk, Very far from 52W high"
29.08.2026 at 02:41 AM IST,SONATSOFTW,Information Technology,Unknown,289.5,-3.32,203.58,411.03,42.21,29.57,39.31,299.76,293.55,1421316.4,893667.0,0.63,Bearish,0,8,0,0,15,0,0,"Weak but watchable RSI, Below 200 DMA risk"
29.08.2026 at 02:41 AM IST,SOUTHWEST,Unknown,Unknown,206.89,-2.25,121.0,275.0,70.98,24.77,37.76,226.87,215.35,289188.5,183911.0,0.64,Bearish,0,8,0,0,15,0,0,"Weak but watchable RSI, Below 200 DMA risk"
29.08.2026 at 02:41 AM IST,SPANDANA,Unknown,Unknown,242.85,-1.72,181.1,319.4,34.1,23.97,40.24,269.08,252.32,174936.15,77018.0,0.44,Bearish,0,8,0,0,15,0,0,"Weak but watchable RSI, Below 200 DMA risk"
29.08.2026 at 02:41 AM IST,STYRENIX,Unknown,Unknown,2018.2,-2.24,1761.86,2678.51,14.55,24.65,25.45,2276.02,2093.22,87348.35,50752.0,0.58,Bearish,0,5,8,0,15,0,0,"Oversold RSI, Within 30% of 52W low, Below 200 DMA risk"
29.08.2026 at 02:41 AM IST,KANANIIND,Unknown,Unknown,1.47,-1.34,1.02,2.27,44.12,35.24,45.42,1.51,1.58,112639.05,145295.0,1.29,Bearish,0,10,0,5,15,0,0,"RSI recovering zone, Normal volume support, Below 200 DMA risk"
29.08.2026 at 02:41 AM IST,POCL,Unknown,Unknown,511.3,-0.22,392.2,647.6,30.37,21.05,49.88,530.02,516.29,512806.2,317241.0,0.62,Bearish,0,10,0,0,15,0,0,"RSI recovering zone, Below 200 DMA risk"
29.08.2026 at 02:41 AM IST,INFOBEAN,Unknown,Unknown,154.65,-0.57,115.81,255.98,33.53,39.59,38.5,161.41,171.85,208098.75,133984.0,0.64,Bearish,0,8,0,0,15,0,0,"Weak but watchable RSI, Below 200 DMA risk"
29.08.2026 at 02:41 AM IST,BALAXI,Unknown,Unknown,22.44,0.13,15.2,47.87,47.63,53.12,35.43,23.74,25.39,34327.1,6825.0,0.2,Bearish,0,8,0,0,15,0,0,"Weak but watchable RSI, Below 200 DMA risk"
29.08.2026 at 02:41 AM IST,HPAL,Unknown,Unknown,34.63,-0.26,26.52,53.0,30.58,34.66,48.59,34.82,37.72,143192.65,66278.0,0.46,Bearish,0,10,0,0,15,0,0,"RSI recovering zone, Below 200 DMA risk"
29.08.2026 at 02:41 AM IST,NIRAJ,Unknown,Unknown,28.57,-1.89,20.15,51.98,41.79,45.04,47.65,29.33,31.07,56494.1,25049.0,0.44,Bearish,0,10,0,0,15,0,0,"RSI recovering zone, Below 200 DMA risk"
29.08.2026 at 02:41 AM IST,APTUS,Financial Services,Unknown,256.45,-0.79,191.24,347.6,34.1,26.22,43.13,272.49,261.15,1497042.3,903961.0,0.6,Bearish,0,8,0,0,15,0,0,"Weak but watchable RSI, Below 200 DMA risk"
29.08.2026 at 02:41 AM IST,DSSL,Unknown,Unknown,1078.0,0.42,780.66,1923.96,38.09,43.97,31.97,1247.81,1109.65,27789.75,18453.0,0.66,Bearish,0,8,0,0,15,0,0,"Weak but watchable RSI, Below 200 DMA risk"
29.08.2026 at 02:41 AM IST,BEARDSELL,Unknown,Unknown,26.52,-3.03,20.02,38.6,32.47,31.3,49.57,27.7,27.6,21384.4,26348.0,1.23,Bearish,0,10,0,5,15,0,0,"RSI recovering zone, Normal volume support, Below 200 DMA risk"
29.08.2026 at 02:41 AM IST,STARCEMENT,Unknown,Unknown,188.68,-1.3,186.0,307.54,1.44,38.65,23.18,203.56,214.39,228966.05,434910.0,1.9,Bearish,0,5,8,10,25,0,0,"Oversold RSI, Within 30% of 52W low, Volume expansion, Below 200 DMA risk, Extreme RSI weakness"
29.08.2026 at 02:41 AM IST,FAZE3Q,Unknown,Unknown,485.75,-0.6,322.1,650.05,50.81,25.27,36.65,556.79,490.47,48962.05,9557.0,0.2,Bearish,0,8,0,0,15,0,0,"Weak but watchable RSI, Below 200 DMA risk"
29.08.2026 at 02:41 AM IST,FCSSOFT,Unknown,Unknown,1.45,-3.97,1.05,2.53,38.1,42.69,44.56,1.51,1.66,2196485.7,2435926.0,1.11,Bearish,0,8,0,5,15,0,0,"Weak but watchable RSI, Normal volume support, Below 200 DMA risk"
29.08.2026 at 02:41 AM IST,FDC,Unknown,Unknown,343.85,-0.98,312.95,521.15,9.87,34.02,28.89,395.96,384.28,304056.75,84955.0,0.28,Bearish,0,5,8,0,15,0,0,"Oversold RSI, Within 30% of 52W low, Below 200 DMA risk"
29.08.2026 at 02:41 AM IST,GREENPANEL,Unknown,Unknown,159.9,1.22,155.01,332.93,3.15,51.97,29.56,186.18,207.99,287419.85,140277.0,0.49,Bearish,0,5,8,0,15,0,0,"Oversold RSI, Within 30% of 52W low, Below 200 DMA risk"
29.08.2026 at 02:41 AM IST,SBGLP,Unknown,Unknown,24.0,1.52,18.35,40.9,30.79,41.32,41.36,25.07,28.53,19659.65,21293.0,1.08,Bearish,0,8,0,5,15,0,0,"Weak but watchable RSI, Normal volume support, Below 200 DMA risk"
29.08.2026 at 02:41 AM IST,SEJALLTD,Unknown,Unknown,676.5,1.43,381.0,1036.7,77.56,34.74,41.17,726.34,726.57,7701.25,3143.0,0.41,Bearish,0,8,0,0,15,0,0,"Weak but watchable RSI, Below 200 DMA risk"
29.08.2026 at 02:41 AM IST,DABUR,Fast Moving Consumer Goods,Unknown,386.2,-1.53,386.05,566.62,0.04,31.84,24.79,419.28,458.98,1800375.8,1282102.0,0.71,Bearish,0,5,8,0,25,0,0,"Oversold RSI, Within 30% of 52W low, Below 200 DMA risk, Extreme RSI weakness"
29.08.2026 at 02:41 AM IST,LAGNAM,Unknown,Unknown,75.47,-0.11,58.6,96.98,28.79,22.18,29.63,82.16,75.77,11766.85,4794.0,0.41,Bearish,0,5,8,0,15,0,0,"Oversold RSI, Within 30% of 52W low, Below 200 DMA risk"
29.08.2026 at 02:41 AM IST,LANDSMILL,Unknown,Unknown,0.69,-1.43,0.68,1.74,1.47,60.34,24.97,0.78,1.05,2231429.6,2793423.0,1.25,Bearish,0,5,8,5,30,0,0,"Oversold RSI, Within 30% of 52W low, Normal volume support, Below 200 DMA risk, Extreme RSI weakness, Very far from 52W high"
29.08.2026 at 02:41 AM IST,GSS,Unknown,Unknown,12.13,-3.35,8.68,33.97,39.75,64.29,40.42,12.84,14.48,49826.4,49967.0,1.0,Bearish,0,8,0,5,20,0,0,"Weak but watchable RSI, Normal volume support, Below 200 DMA risk, Very far from 52W high"
29.08.2026 at 02:41 AM IST,GARUDA,Unknown,Unknown,175.52,-4.2,130.0,249.3,35.02,29.59,42.86,178.75,180.93,1124342.9,473168.0,0.42,Bearish,0,8,0,0,15,0,0,"Weak but watchable RSI, Below 200 DMA risk"
29.08.2026 at 02:41 AM IST,BURNPUR,Unknown,Unknown,14.69,9.96,11.13,33.0,31.99,55.48,18.81,28.65,31.91,60713.45,199727.0,3.29,Bearish,0,5,0,15,25,0,0,"Oversold RSI, Strong volume expansion, Below 200 DMA risk, Extreme RSI weakness"
29.08.2026 at 02:41 AM IST,WAAREEINDO,Unknown,Unknown,272.9,-0.82,271.0,725.0,0.7,62.36,26.66,348.42,413.54,99729.7,55525.0,0.56,Bearish,0,5,8,0,20,0,0,"Oversold RSI, Within 30% of 52W low, Below 200 DMA risk, Very far from 52W high"
29.08.2026 at 02:41 AM IST,SPENCERS,Unknown,Unknown,29.71,-1.3,24.38,64.0,21.86,53.58,29.65,33.74,36.03,52059.1,35225.0,0.68,Bearish,0,5,8,0,15,0,0,"Oversold RSI, Within 30% of 52W low, Below 200 DMA risk"
29.08.2026 at 02:41 AM IST,BFUTILITIE,Unknown,Unknown,502.55,-2.27,368.7,898.7,36.3,44.08,28.21,578.04,565.13,65058.7,72400.0,1.11,Bearish,0,5,0,5,15,0,0,"Oversold RSI, Normal volume support, Below 200 DMA risk"
29.08.2026 at 02:41 AM IST,PURVA,Unknown,Unknown,214.22,-2.12,160.69,305.0,33.31,29.76,46.9,217.73,221.47,1408538.85,139252.0,0.1,Bearish,0,10,0,0,15,0,0,"RSI recovering zone, Below 200 DMA risk"
29.08.2026 at 02:41 AM IST,COASTCORP,Unknown,Unknown,40.62,-0.17,29.64,66.26,37.05,38.69,30.08,47.49,47.97,235846.4,41001.0,0.17,Bearish,0,8,0,0,15,0,0,"Weak but watchable RSI, Below 200 DMA risk"
29.08.2026 at 02:41 AM IST,COLPAL,Fast Moving Consumer Goods,Unknown,1845.0,-0.81,1761.24,2448.35,4.76,24.64,27.05,2015.16,2059.17,326086.75,290751.0,0.89,Bearish,0,5,8,0,15,0,0,"Oversold RSI, Within 30% of 52W low, Below 200 DMA risk"
29.08.2026 at 02:41 AM IST,DAVANGERE,Unknown,Unknown,2.12,-20.0,2.12,5.5,0.0,61.45,14.42,3.29,3.8,13217103.2,39355327.0,2.98,Bearish,0,5,8,15,35,0,0,"Oversold RSI, Within 30% of 52W low, Strong volume expansion, Below 200 DMA risk, Extreme RSI weakness, Sharp daily fall, Very far from 52W high"
29.08.2026 at 02:41 AM IST,DCAL,Unknown,Unknown,177.22,1.11,128.5,321.95,37.91,44.95,44.85,184.41,198.06,404177.85,236981.0,0.59,Bearish,0,8,0,0,15,0,0,"Weak but watchable RSI, Below 200 DMA risk"
29.08.2026 at 02:41 AM IST,HARDWYN,Unknown,Unknown,9.05,0.22,7.76,20.2,16.56,55.2,19.36,13.12,13.89,2411233.9,689720.0,0.29,Bearish,0,5,8,0,25,0,0,"Oversold RSI, Within 30% of 52W low, Below 200 DMA risk, Extreme RSI weakness"
29.08.2026 at 02:41 AM IST,SANOFICONR,Unknown,Unknown,4150.0,-0.2,3914.76,5275.81,6.01,21.34,21.22,4529.07,4456.92,3378.25,1480.0,0.44,Bearish,0,5,8,0,25,0,0,"Oversold RSI, Within 30% of 52W low, Below 200 DMA risk, Extreme RSI weakness"
29.08.2026 at 02:41 AM IST,BALKRISHNA,Unknown,Unknown,17.13,-0.29,12.0,25.97,42.75,34.04,41.41,17.89,17.97,12363.2,5373.0,0.43,Bearish,0,8,0,0,15,0,0,"Weak but watchable RSI, Below 200 DMA risk"
29.08.2026 at 02:41 AM IST,RUCHINFRA,Unknown,Unknown,5.83,1.22,4.05,8.25,43.95,29.33,49.95,5.92,6.13,42216.6,27190.0,0.64,Bearish,0,10,0,0,15,0,0,"RSI recovering zone, Below 200 DMA risk"
29.08.2026 at 02:41 AM IST,RUPA,Unknown,Unknown,147.55,-1.14,109.21,212.84,35.11,30.68,33.58,162.44,154.3,107910.25,64113.0,0.59,Bearish,0,8,0,0,15,0,0,"Weak but watchable RSI, Below 200 DMA risk"
29.08.2026 at 02:41 AM IST,RUSHIL,Unknown,Unknown,16.49,-1.85,12.49,33.99,32.03,51.49,44.05,16.92,18.39,681665.55,205707.0,0.3,Bearish,0,8,0,0,15,0,0,"Weak but watchable RSI, Below 200 DMA risk"
29.08.2026 at 02:41 AM IST,SARVESHWAR,Unknown,Unknown,3.42,-1.72,2.5,8.25,36.8,58.55,45.33,3.54,3.86,1157737.75,782302.0,0.68,Bearish,0,10,0,0,15,0,0,"RSI recovering zone, Below 200 DMA risk"
29.08.2026 at 02:41 AM IST,JAMNAAUTO,Unknown,Unknown,119.88,-0.89,88.92,152.6,34.82,21.44,37.56,131.37,125.77,2712467.05,660513.0,0.24,Bearish,0,8,0,0,15,0,0,"Weak but watchable RSI, Below 200 DMA risk"
29.08.2026 at 02:41 AM IST,WEBELSOLAR,Unknown,Unknown,77.29,-1.25,50.4,141.5,53.35,45.38,26.65,95.66,91.18,2329599.15,2179657.0,0.94,Bearish,0,5,0,0,15,0,0,"Oversold RSI, Below 200 DMA risk"
29.08.2026 at 02:41 AM IST,VINYLINDIA,Unknown,Unknown,234.75,0.09,157.1,317.13,49.43,25.98,40.28,247.32,235.22,7949.65,4908.0,0.62,Bearish,0,8,0,0,15,0,0,"Weak but watchable RSI, Below 200 DMA risk"
29.08.2026 at 02:41 AM IST,VIPCLOTHNG,Unknown,Unknown,20.38,-0.73,14.05,41.2,45.05,50.53,40.8,22.43,25.09,45914.15,24546.0,0.53,Bearish,0,8,0,0,15,0,0,"Weak but watchable RSI, Below 200 DMA risk"
29.08.2026 at 02:41 AM IST,XCHANGING,Unknown,Unknown,61.29,-0.36,46.05,99.87,33.08,38.63,40.9,62.63,66.99,103948.2,27470.0,0.26,Bearish,0,8,0,0,15,0,0,"Weak but watchable RSI, Below 200 DMA risk"
29.08.2026 at 02:41 AM IST,NARMADA,Unknown,Unknown,13.87,-0.72,9.95,22.58,39.4,38.59,38.45,16.82,15.6,2035129.0,300260.0,0.15,Bearish,0,8,0,0,15,0,0,"Weak but watchable RSI, Below 200 DMA risk"
29.08.2026 at 02:41 AM IST,WANBURY,Unknown,Unknown,254.65,-2.49,161.5,358.85,57.68,29.04,39.34,287.16,255.77,462234.15,179235.0,0.39,Bearish,0,8,0,0,15,0,0,"Weak but watchable RSI, Below 200 DMA risk"
29.08.2026 at 02:41 AM IST,NAVKARCORP,Unknown,Unknown,97.37,-1.09,74.05,132.5,31.49,26.51,40.34,104.05,98.82,246309.15,101043.0,0.41,Bearish,0,8,0,0,15,0,0,"Weak but watchable RSI, Below 200 DMA risk"
29.08.2026 at 02:41 AM IST,ZOTA,Unknown,Unknown,1081.3,0.39,1026.2,1740.0,5.37,37.86,29.91,1287.52,1324.28,93083.75,34014.0,0.37,Bearish,0,5,8,0,15,0,0,"Oversold RSI, Within 30% of 52W low, Below 200 DMA risk"
